{"type":"FeatureCollection","features":[{"type":"Feature","properties":{"jobs":67,"pop":96,"pointCount":5,"homeWorkCommuteMedian":14778,"workHomeCommuteMedian":881},"geometry":{"type":"Polygon","coordinates":[[[12.22688534763361,50.1187909848176],[12.22688534763361,50.12778418845485],[12.235878551270856,50.12778418845485],[12.235878551270856,50.1187909848176],[12.22688534763361,50.1187909848176]]]}},{"type":"Feature","properties":{"jobs":35,"pop":149,"pointCount":7,"homeWorkCommuteMedian":12238,"workHomeCommuteMedian":3949},"geometry":{"type":"Polygon","coordinates":[[[12.22688534763361,50.12778418845485],[12.22688534763361,50.13677739209209],[12.235878551270856,50.13677739209209],[12.235878551270856,50.12778418845485],[12.22688534763361,50.12778418845485]]]}},{"type":"Feature","properties":{"jobs":10,"pop":97,"pointCount":5,"homeWorkCommuteMedian":14276,"workHomeCommuteMedian":6147},"geometry":{"type":"Polygon","coordinates":[[[12.235878551270856,50.1187909848176],[12.235878551270856,50.12778418845485],[12.244871754908102,50.12778418845485],[12.244871754908102,50.1187909848176],[12.235878551270856,50.1187909848176]]]}},{"type":"Feature","properties":{"jobs":11,"pop":0,"pointCount":1,"homeWorkCommuteMedian":-1,"workHomeCommuteMedian":507},"geometry":{"type":"Polygon","coordinates":[[[12.235878551270856,50.12778418845485],[12.235878551270856,50.13677739209209],[12.244871754908102,50.13677739209209],[12.244871754908102,50.12778418845485],[12.235878551270856,50.12778418845485]]]}},{"type":"Feature","properties":{"jobs":7,"pop":0,"pointCount":1,"homeWorkCommuteMedian":-1,"workHomeCommuteMedian":473},"geometry":{"type":"Polygon","coordinates":[[[12.244871754908102,50.1187909848176],[12.244871754908102,50.12778418845485],[12.253864958545348,50.12778418845485],[12.253864958545348,50.1187909848176],[12.244871754908102,50.1187909848176]]]}},{"type":"Feature","properties":{"jobs":9,"pop":18,"pointCount":2,"homeWorkCommuteMedian":20432,"workHomeCommuteMedian":244},"geometry":{"type":"Polygon","coordinates":[[[12.244871754908102,50.14577059572934],[12.244871754908102,50.154763799366584],[12.253864958545348,50.154763799366584],[12.253864958545348,50.14577059572934],[12.244871754908102,50.14577059572934]]]}},{"type":"Feature","properties":{"jobs":1,"pop":11,"pointCount":2,"homeWorkCommuteMedian":17027,"workHomeCommuteMedian":152},"geometry":{"type":"Polygon","coordinates":[[[12.244871754908102,50.154763799366584],[12.244871754908102,50.16375700300383],[12.253864958545348,50.16375700300383],[12.253864958545348,50.154763799366584],[12.244871754908102,50.154763799366584]]]}},{"type":"Feature","properties":{"jobs":10,"pop":0,"pointCount":1,"homeWorkCommuteMedian":-1,"workHomeCommuteMedian":9197},"geometry":{"type":"Polygon","coordinates":[[[12.253864958545348,50.08281817026862],[12.253864958545348,50.09181137390586],[12.262858162182594,50.09181137390586],[12.262858162182594,50.08281817026862],[12.253864958545348,50.08281817026862]]]}},{"type":"Feature","properties":{"jobs":0,"pop":24,"pointCount":2,"homeWorkCommuteMedian":9437,"workHomeCommuteMedian":-1},"geometry":{"type":"Polygon","coordinates":[[[12.253864958545348,50.1187909848176],[12.253864958545348,50.12778418845485],[12.262858162182594,50.12778418845485],[12.262858162182594,50.1187909848176],[12.253864958545348,50.1187909848176]]]}},{"type":"Feature","properties":{"jobs":10,"pop":0,"pointCount":1,"homeWorkCommuteMedian":-1,"workHomeCommuteMedian":2459},"geometry":{"type":"Polygon","coordinates":[[[12.253864958545348,50.16375700300383],[12.253864958545348,50.172750206641076],[12.262858162182594,50.172750206641076],[12.262858162182594,50.16375700300383],[12.253864958545348,50.16375700300383]]]}},{"type":"Feature","properties":{"jobs":0,"pop":14,"pointCount":1,"homeWorkCommuteMedian":17167,"workHomeCommuteMedian":-1},"geometry":{"type":"Polygon","coordinates":[[[12.262858162182594,50.13677739209209],[12.262858162182594,50.14577059572934],[12.27185136581984,50.14577059572934],[12.27185136581984,50.13677739209209],[12.262858162182594,50.13677739209209]]]}},{"type":"Feature","properties":{"jobs":15,"pop":96,"pointCount":3,"homeWorkCommuteMedian":8503,"workHomeCommuteMedian":310},"geometry":{"type":"Polygon","coordinates":[[[12.262858162182594,50.154763799366584],[12.262858162182594,50.16375700300383],[12.27185136581984,50.16375700300383],[12.27185136581984,50.154763799366584],[12.262858162182594,50.154763799366584]]]}},{"type":"Feature","properties":{"jobs":16,"pop":39,"pointCount":3,"homeWorkCommuteMedian":12733,"workHomeCommuteMedian":5030},"geometry":{"type":"Polygon","coordinates":[[[12.262858162182594,50.18174341027832],[12.262858162182594,50.19073661391557],[12.27185136581984,50.19073661391557],[12.27185136581984,50.18174341027832],[12.262858162182594,50.18174341027832]]]}},{"type":"Feature","properties":{"jobs":45,"pop":49,"pointCount":3,"homeWorkCommuteMedian":7641,"workHomeCommuteMedian":2320},"geometry":{"type":"Polygon","coordinates":[[[12.27185136581984,50.08281817026862],[12.27185136581984,50.09181137390586],[12.280844569457086,50.09181137390586],[12.280844569457086,50.08281817026862],[12.27185136581984,50.08281817026862]]]}},{"type":"Feature","properties":{"jobs":0,"pop":22,"pointCount":1,"homeWorkCommuteMedian":13385,"workHomeCommuteMedian":-1},"geometry":{"type":"Polygon","coordinates":[[[12.27185136581984,50.09181137390586],[12.27185136581984,50.10080457754311],[12.280844569457086,50.10080457754311],[12.280844569457086,50.09181137390586],[12.27185136581984,50.09181137390586]]]}},{"type":"Feature","properties":{"jobs":0,"pop":75,"pointCount":2,"homeWorkCommuteMedian":11346,"workHomeCommuteMedian":-1},"geometry":{"type":"Polygon","coordinates":[[[12.27185136581984,50.1187909848176],[12.27185136581984,50.12778418845485],[12.280844569457086,50.12778418845485],[12.280844569457086,50.1187909848176],[12.27185136581984,50.1187909848176]]]}},{"type":"Feature","properties":{"jobs":19,"pop":46,"pointCount":3,"homeWorkCommuteMedian":18006,"workHomeCommuteMedian":1086},"geometry":{"type":"Polygon","coordinates":[[[12.27185136581984,50.14577059572934],[12.27185136581984,50.154763799366584],[12.280844569457086,50.154763799366584],[12.280844569457086,50.14577059572934],[12.27185136581984,50.14577059572934]]]}},{"type":"Feature","properties":{"jobs":71,"pop":407,"pointCount":17,"homeWorkCommuteMedian":13021,"workHomeCommuteMedian":4450},"geometry":{"type":"Polygon","coordinates":[[[12.27185136581984,50.154763799366584],[12.27185136581984,50.16375700300383],[12.280844569457086,50.16375700300383],[12.280844569457086,50.154763799366584],[12.27185136581984,50.154763799366584]]]}},{"type":"Feature","properties":{"jobs":10,"pop":0,"pointCount":1,"homeWorkCommuteMedian":-1,"workHomeCommuteMedian":7663},"geometry":{"type":"Polygon","coordinates":[[[12.27185136581984,50.16375700300383],[12.27185136581984,50.172750206641076],[12.280844569457086,50.172750206641076],[12.280844569457086,50.16375700300383],[12.27185136581984,50.16375700300383]]]}},{"type":"Feature","properties":{"jobs":0,"pop":64,"pointCount":4,"homeWorkCommuteMedian":7753,"workHomeCommuteMedian":-1},"geometry":{"type":"Polygon","coordinates":[[[12.280844569457086,50.07382496663137],[12.280844569457086,50.08281817026862],[12.289837773094332,50.08281817026862],[12.289837773094332,50.07382496663137],[12.280844569457086,50.07382496663137]]]}},{"type":"Feature","properties":{"jobs":9,"pop":0,"pointCount":1,"homeWorkCommuteMedian":-1,"workHomeCommuteMedian":2348},"geometry":{"type":"Polygon","coordinates":[[[12.280844569457086,50.12778418845485],[12.280844569457086,50.13677739209209],[12.289837773094332,50.13677739209209],[12.289837773094332,50.12778418845485],[12.280844569457086,50.12778418845485]]]}},{"type":"Feature","properties":{"jobs":190,"pop":74,"pointCount":5,"homeWorkCommuteMedian":14458,"workHomeCommuteMedian":2630},"geometry":{"type":"Polygon","coordinates":[[[12.280844569457086,50.154763799366584],[12.280844569457086,50.16375700300383],[12.289837773094332,50.16375700300383],[12.289837773094332,50.154763799366584],[12.280844569457086,50.154763799366584]]]}},{"type":"Feature","properties":{"jobs":2,"pop":0,"pointCount":1,"homeWorkCommuteMedian":-1,"workHomeCommuteMedian":2473},"geometry":{"type":"Polygon","coordinates":[[[12.289837773094332,50.05583855935688],[12.289837773094332,50.064831762994125],[12.298830976731578,50.064831762994125],[12.298830976731578,50.05583855935688],[12.289837773094332,50.05583855935688]]]}},{"type":"Feature","properties":{"jobs":0,"pop":61,"pointCount":2,"homeWorkCommuteMedian":7966,"workHomeCommuteMedian":-1},"geometry":{"type":"Polygon","coordinates":[[[12.289837773094332,50.08281817026862],[12.289837773094332,50.09181137390586],[12.298830976731578,50.09181137390586],[12.298830976731578,50.08281817026862],[12.289837773094332,50.08281817026862]]]}},{"type":"Feature","properties":{"jobs":9,"pop":65,"pointCount":2,"homeWorkCommuteMedian":16213,"workHomeCommuteMedian":78},"geometry":{"type":"Polygon","coordinates":[[[12.289837773094332,50.13677739209209],[12.289837773094332,50.14577059572934],[12.298830976731578,50.14577059572934],[12.298830976731578,50.13677739209209],[12.289837773094332,50.13677739209209]]]}},{"type":"Feature","properties":{"jobs":0,"pop":10,"pointCount":1,"homeWorkCommuteMedian":8942,"workHomeCommuteMedian":-1},"geometry":{"type":"Polygon","coordinates":[[[12.298830976731578,50.08281817026862],[12.298830976731578,50.09181137390586],[12.307824180368824,50.09181137390586],[12.307824180368824,50.08281817026862],[12.298830976731578,50.08281817026862]]]}},{"type":"Feature","properties":{"jobs":7,"pop":27,"pointCount":2,"homeWorkCommuteMedian":8775,"workHomeCommuteMedian":162},"geometry":{"type":"Polygon","coordinates":[[[12.298830976731578,50.09181137390586],[12.298830976731578,50.10080457754311],[12.307824180368824,50.10080457754311],[12.307824180368824,50.09181137390586],[12.298830976731578,50.09181137390586]]]}},{"type":"Feature","properties":{"jobs":0,"pop":18,"pointCount":2,"homeWorkCommuteMedian":11633,"workHomeCommuteMedian":-1},"geometry":{"type":"Polygon","coordinates":[[[12.298830976731578,50.13677739209209],[12.298830976731578,50.14577059572934],[12.307824180368824,50.14577059572934],[12.307824180368824,50.13677739209209],[12.298830976731578,50.13677739209209]]]}},{"type":"Feature","properties":{"jobs":0,"pop":12,"pointCount":1,"homeWorkCommuteMedian":11886,"workHomeCommuteMedian":-1},"geometry":{"type":"Polygon","coordinates":[[[12.307824180368824,50.09181137390586],[12.307824180368824,50.10080457754311],[12.31681738400607,50.10080457754311],[12.31681738400607,50.09181137390586],[12.307824180368824,50.09181137390586]]]}},{"type":"Feature","properties":{"jobs":101,"pop":20,"pointCount":4,"homeWorkCommuteMedian":8109,"workHomeCommuteMedian":6431},"geometry":{"type":"Polygon","coordinates":[[[12.31681738400607,50.10080457754311],[12.31681738400607,50.109797781180355],[12.325810587643316,50.109797781180355],[12.325810587643316,50.10080457754311],[12.31681738400607,50.10080457754311]]]}},{"type":"Feature","properties":{"jobs":1,"pop":1,"pointCount":2,"homeWorkCommuteMedian":343,"workHomeCommuteMedian":343},"geometry":{"type":"Polygon","coordinates":[[[12.31681738400607,50.13677739209209],[12.31681738400607,50.14577059572934],[12.325810587643316,50.14577059572934],[12.325810587643316,50.13677739209209],[12.31681738400607,50.13677739209209]]]}},{"type":"Feature","properties":{"jobs":8,"pop":52,"pointCount":2,"homeWorkCommuteMedian":12582,"workHomeCommuteMedian":444},"geometry":{"type":"Polygon","coordinates":[[[12.31681738400607,50.16375700300383],[12.31681738400607,50.172750206641076],[12.325810587643316,50.172750206641076],[12.325810587643316,50.16375700300383],[12.31681738400607,50.16375700300383]]]}},{"type":"Feature","properties":{"jobs":9,"pop":9,"pointCount":2,"homeWorkCommuteMedian":193,"workHomeCommuteMedian":193},"geometry":{"type":"Polygon","coordinates":[[[12.325810587643316,50.07382496663137],[12.325810587643316,50.08281817026862],[12.334803791280562,50.08281817026862],[12.334803791280562,50.07382496663137],[12.325810587643316,50.07382496663137]]]}},{"type":"Feature","properties":{"jobs":35,"pop":0,"pointCount":1,"homeWorkCommuteMedian":-1,"workHomeCommuteMedian":5604},"geometry":{"type":"Polygon","coordinates":[[[12.325810587643316,50.08281817026862],[12.325810587643316,50.09181137390586],[12.334803791280562,50.09181137390586],[12.334803791280562,50.08281817026862],[12.325810587643316,50.08281817026862]]]}},{"type":"Feature","properties":{"jobs":13,"pop":52,"pointCount":3,"homeWorkCommuteMedian":13611,"workHomeCommuteMedian":115},"geometry":{"type":"Polygon","coordinates":[[[12.325810587643316,50.16375700300383],[12.325810587643316,50.172750206641076],[12.334803791280562,50.172750206641076],[12.334803791280562,50.16375700300383],[12.325810587643316,50.16375700300383]]]}},{"type":"Feature","properties":{"jobs":32,"pop":0,"pointCount":1,"homeWorkCommuteMedian":-1,"workHomeCommuteMedian":6550},"geometry":{"type":"Polygon","coordinates":[[[12.334803791280562,50.03785215208239],[12.334803791280562,50.04684535571963],[12.343796994917808,50.04684535571963],[12.343796994917808,50.03785215208239],[12.334803791280562,50.03785215208239]]]}},{"type":"Feature","properties":{"jobs":7,"pop":33,"pointCount":2,"homeWorkCommuteMedian":3174,"workHomeCommuteMedian":320},"geometry":{"type":"Polygon","coordinates":[[[12.334803791280562,50.05583855935688],[12.334803791280562,50.064831762994125],[12.343796994917808,50.064831762994125],[12.343796994917808,50.05583855935688],[12.334803791280562,50.05583855935688]]]}},{"type":"Feature","properties":{"jobs":12,"pop":68,"pointCount":1,"homeWorkCommuteMedian":3565,"workHomeCommuteMedian":921},"geometry":{"type":"Polygon","coordinates":[[[12.334803791280562,50.07382496663137],[12.334803791280562,50.08281817026862],[12.343796994917808,50.08281817026862],[12.343796994917808,50.07382496663137],[12.334803791280562,50.07382496663137]]]}},{"type":"Feature","properties":{"jobs":10,"pop":69,"pointCount":4,"homeWorkCommuteMedian":6237,"workHomeCommuteMedian":128},"geometry":{"type":"Polygon","coordinates":[[[12.334803791280562,50.09181137390586],[12.334803791280562,50.10080457754311],[12.343796994917808,50.10080457754311],[12.343796994917808,50.09181137390586],[12.334803791280562,50.09181137390586]]]}},{"type":"Feature","properties":{"jobs":335,"pop":702,"pointCount":22,"homeWorkCommuteMedian":8662,"workHomeCommuteMedian":6684},"geometry":{"type":"Polygon","coordinates":[[[12.334803791280562,50.1187909848176],[12.334803791280562,50.12778418845485],[12.343796994917808,50.12778418845485],[12.343796994917808,50.1187909848176],[12.334803791280562,50.1187909848176]]]}},{"type":"Feature","properties":{"jobs":25,"pop":46,"pointCount":2,"homeWorkCommuteMedian":2091,"workHomeCommuteMedian":1713},"geometry":{"type":"Polygon","coordinates":[[[12.334803791280562,50.12778418845485],[12.334803791280562,50.13677739209209],[12.343796994917808,50.13677739209209],[12.343796994917808,50.12778418845485],[12.334803791280562,50.12778418845485]]]}},{"type":"Feature","properties":{"jobs":27,"pop":101,"pointCount":4,"homeWorkCommuteMedian":21097,"workHomeCommuteMedian":1753},"geometry":{"type":"Polygon","coordinates":[[[12.334803791280562,50.217716224827306],[12.334803791280562,50.22670942846455],[12.343796994917808,50.22670942846455],[12.343796994917808,50.217716224827306],[12.334803791280562,50.217716224827306]]]}},{"type":"Feature","properties":{"jobs":27,"pop":10,"pointCount":1,"homeWorkCommuteMedian":5696,"workHomeCommuteMedian":6236},"geometry":{"type":"Polygon","coordinates":[[[12.343796994917808,50.03785215208239],[12.343796994917808,50.04684535571963],[12.352790198555054,50.04684535571963],[12.352790198555054,50.03785215208239],[12.343796994917808,50.03785215208239]]]}},{"type":"Feature","properties":{"jobs":113,"pop":0,"pointCount":2,"homeWorkCommuteMedian":-1,"workHomeCommuteMedian":3992},"geometry":{"type":"Polygon","coordinates":[[[12.343796994917808,50.04684535571963],[12.343796994917808,50.05583855935688],[12.352790198555054,50.05583855935688],[12.352790198555054,50.04684535571963],[12.343796994917808,50.04684535571963]]]}},{"type":"Feature","properties":{"jobs":0,"pop":314,"pointCount":2,"homeWorkCommuteMedian":3035,"workHomeCommuteMedian":-1},"geometry":{"type":"Polygon","coordinates":[[[12.343796994917808,50.064831762994125],[12.343796994917808,50.07382496663137],[12.352790198555054,50.07382496663137],[12.352790198555054,50.064831762994125],[12.343796994917808,50.064831762994125]]]}},{"type":"Feature","properties":{"jobs":109,"pop":699,"pointCount":5,"homeWorkCommuteMedian":3942,"workHomeCommuteMedian":3849},"geometry":{"type":"Polygon","coordinates":[[[12.343796994917808,50.07382496663137],[12.343796994917808,50.08281817026862],[12.352790198555054,50.08281817026862],[12.352790198555054,50.07382496663137],[12.343796994917808,50.07382496663137]]]}},{"type":"Feature","properties":{"jobs":643,"pop":157,"pointCount":9,"homeWorkCommuteMedian":4961,"workHomeCommuteMedian":5721},"geometry":{"type":"Polygon","coordinates":[[[12.343796994917808,50.109797781180355],[12.343796994917808,50.1187909848176],[12.352790198555054,50.1187909848176],[12.352790198555054,50.109797781180355],[12.343796994917808,50.109797781180355]]]}},{"type":"Feature","properties":{"jobs":2907,"pop":1136,"pointCount":42,"homeWorkCommuteMedian":2625,"workHomeCommuteMedian":8127},"geometry":{"type":"Polygon","coordinates":[[[12.343796994917808,50.1187909848176],[12.343796994917808,50.12778418845485],[12.352790198555054,50.12778418845485],[12.352790198555054,50.1187909848176],[12.343796994917808,50.1187909848176]]]}},{"type":"Feature","properties":{"jobs":54,"pop":371,"pointCount":12,"homeWorkCommuteMedian":7728,"workHomeCommuteMedian":5828},"geometry":{"type":"Polygon","coordinates":[[[12.343796994917808,50.12778418845485],[12.343796994917808,50.13677739209209],[12.352790198555054,50.13677739209209],[12.352790198555054,50.12778418845485],[12.343796994917808,50.12778418845485]]]}},{"type":"Feature","properties":{"jobs":0,"pop":80,"pointCount":4,"homeWorkCommuteMedian":12232,"workHomeCommuteMedian":-1},"geometry":{"type":"Polygon","coordinates":[[[12.343796994917808,50.154763799366584],[12.343796994917808,50.16375700300383],[12.352790198555054,50.16375700300383],[12.352790198555054,50.154763799366584],[12.343796994917808,50.154763799366584]]]}},{"type":"Feature","properties":{"jobs":0,"pop":2,"pointCount":1,"homeWorkCommuteMedian":1657,"workHomeCommuteMedian":-1},"geometry":{"type":"Polygon","coordinates":[[[12.343796994917808,50.16375700300383],[12.343796994917808,50.172750206641076],[12.352790198555054,50.172750206641076],[12.352790198555054,50.16375700300383],[12.343796994917808,50.16375700300383]]]}},{"type":"Feature","properties":{"jobs":65,"pop":228,"pointCount":10,"homeWorkCommuteMedian":19759,"workHomeCommuteMedian":979},"geometry":{"type":"Polygon","coordinates":[[[12.343796994917808,50.20872302119006],[12.343796994917808,50.217716224827306],[12.352790198555054,50.217716224827306],[12.352790198555054,50.20872302119006],[12.343796994917808,50.20872302119006]]]}},{"type":"Feature","properties":{"jobs":166,"pop":405,"pointCount":16,"homeWorkCommuteMedian":19335,"workHomeCommuteMedian":7093},"geometry":{"type":"Polygon","coordinates":[[[12.343796994917808,50.217716224827306],[12.343796994917808,50.22670942846455],[12.352790198555054,50.22670942846455],[12.352790198555054,50.217716224827306],[12.343796994917808,50.217716224827306]]]}},{"type":"Feature","properties":{"jobs":197,"pop":43,"pointCount":4,"homeWorkCommuteMedian":4054,"workHomeCommuteMedian":4396},"geometry":{"type":"Polygon","coordinates":[[[12.352790198555054,50.03785215208239],[12.352790198555054,50.04684535571963],[12.3617834021923,50.04684535571963],[12.3617834021923,50.03785215208239],[12.352790198555054,50.03785215208239]]]}},{"type":"Feature","properties":{"jobs":64,"pop":0,"pointCount":1,"homeWorkCommuteMedian":-1,"workHomeCommuteMedian":3502},"geometry":{"type":"Polygon","coordinates":[[[12.352790198555054,50.04684535571963],[12.352790198555054,50.05583855935688],[12.3617834021923,50.05583855935688],[12.3617834021923,50.04684535571963],[12.352790198555054,50.04684535571963]]]}},{"type":"Feature","properties":{"jobs":154,"pop":257,"pointCount":5,"homeWorkCommuteMedian":5364,"workHomeCommuteMedian":2155},"geometry":{"type":"Polygon","coordinates":[[[12.352790198555054,50.064831762994125],[12.352790198555054,50.07382496663137],[12.3617834021923,50.07382496663137],[12.3617834021923,50.064831762994125],[12.352790198555054,50.064831762994125]]]}},{"type":"Feature","properties":{"jobs":598,"pop":945,"pointCount":11,"homeWorkCommuteMedian":4538,"workHomeCommuteMedian":2995},"geometry":{"type":"Polygon","coordinates":[[[12.352790198555054,50.07382496663137],[12.352790198555054,50.08281817026862],[12.3617834021923,50.08281817026862],[12.3617834021923,50.07382496663137],[12.352790198555054,50.07382496663137]]]}},{"type":"Feature","properties":{"jobs":0,"pop":10,"pointCount":1,"homeWorkCommuteMedian":6840,"workHomeCommuteMedian":-1},"geometry":{"type":"Polygon","coordinates":[[[12.352790198555054,50.08281817026862],[12.352790198555054,50.09181137390586],[12.3617834021923,50.09181137390586],[12.3617834021923,50.08281817026862],[12.352790198555054,50.08281817026862]]]}},{"type":"Feature","properties":{"jobs":58,"pop":80,"pointCount":5,"homeWorkCommuteMedian":4515,"workHomeCommuteMedian":1811},"geometry":{"type":"Polygon","coordinates":[[[12.352790198555054,50.10080457754311],[12.352790198555054,50.109797781180355],[12.3617834021923,50.109797781180355],[12.3617834021923,50.10080457754311],[12.352790198555054,50.10080457754311]]]}},{"type":"Feature","properties":{"jobs":317,"pop":107,"pointCount":9,"homeWorkCommuteMedian":6117,"workHomeCommuteMedian":8296},"geometry":{"type":"Polygon","coordinates":[[[12.352790198555054,50.109797781180355],[12.352790198555054,50.1187909848176],[12.3617834021923,50.1187909848176],[12.3617834021923,50.109797781180355],[12.352790198555054,50.109797781180355]]]}},{"type":"Feature","properties":{"jobs":385,"pop":82,"pointCount":12,"homeWorkCommuteMedian":8319,"workHomeCommuteMedian":7126},"geometry":{"type":"Polygon","coordinates":[[[12.352790198555054,50.1187909848176],[12.352790198555054,50.12778418845485],[12.3617834021923,50.12778418845485],[12.3617834021923,50.1187909848176],[12.352790198555054,50.1187909848176]]]}},{"type":"Feature","properties":{"jobs":10,"pop":0,"pointCount":1,"homeWorkCommuteMedian":-1,"workHomeCommuteMedian":19942},"geometry":{"type":"Polygon","coordinates":[[[12.352790198555054,50.12778418845485],[12.352790198555054,50.13677739209209],[12.3617834021923,50.13677739209209],[12.3617834021923,50.12778418845485],[12.352790198555054,50.12778418845485]]]}},{"type":"Feature","properties":{"jobs":17,"pop":201,"pointCount":9,"homeWorkCommuteMedian":8650,"workHomeCommuteMedian":2613},"geometry":{"type":"Polygon","coordinates":[[[12.352790198555054,50.13677739209209],[12.352790198555054,50.14577059572934],[12.3617834021923,50.14577059572934],[12.3617834021923,50.13677739209209],[12.352790198555054,50.13677739209209]]]}},{"type":"Feature","properties":{"jobs":10,"pop":0,"pointCount":1,"homeWorkCommuteMedian":-1,"workHomeCommuteMedian":956},"geometry":{"type":"Polygon","coordinates":[[[12.352790198555054,50.154763799366584],[12.352790198555054,50.16375700300383],[12.3617834021923,50.16375700300383],[12.3617834021923,50.154763799366584],[12.352790198555054,50.154763799366584]]]}},{"type":"Feature","properties":{"jobs":451,"pop":416,"pointCount":16,"homeWorkCommuteMedian":14665,"workHomeCommuteMedian":7398},"geometry":{"type":"Polygon","coordinates":[[[12.352790198555054,50.16375700300383],[12.352790198555054,50.172750206641076],[12.3617834021923,50.172750206641076],[12.3617834021923,50.16375700300383],[12.352790198555054,50.16375700300383]]]}},{"type":"Feature","properties":{"jobs":13,"pop":85,"pointCount":5,"homeWorkCommuteMedian":1292,"workHomeCommuteMedian":14964},"geometry":{"type":"Polygon","coordinates":[[[12.352790198555054,50.172750206641076],[12.352790198555054,50.18174341027832],[12.3617834021923,50.18174341027832],[12.3617834021923,50.172750206641076],[12.352790198555054,50.172750206641076]]]}},{"type":"Feature","properties":{"jobs":93,"pop":51,"pointCount":3,"homeWorkCommuteMedian":1753,"workHomeCommuteMedian":1046},"geometry":{"type":"Polygon","coordinates":[[[12.352790198555054,50.20872302119006],[12.352790198555054,50.217716224827306],[12.3617834021923,50.217716224827306],[12.3617834021923,50.20872302119006],[12.352790198555054,50.20872302119006]]]}},{"type":"Feature","properties":{"jobs":0,"pop":77,"pointCount":4,"homeWorkCommuteMedian":15513,"workHomeCommuteMedian":-1},"geometry":{"type":"Polygon","coordinates":[[[12.352790198555054,50.217716224827306],[12.352790198555054,50.22670942846455],[12.3617834021923,50.22670942846455],[12.3617834021923,50.217716224827306],[12.352790198555054,50.217716224827306]]]}},{"type":"Feature","properties":{"jobs":11,"pop":0,"pointCount":1,"homeWorkCommuteMedian":-1,"workHomeCommuteMedian":3506},"geometry":{"type":"Polygon","coordinates":[[[12.3617834021923,50.05583855935688],[12.3617834021923,50.064831762994125],[12.370776605829546,50.064831762994125],[12.370776605829546,50.05583855935688],[12.3617834021923,50.05583855935688]]]}},{"type":"Feature","properties":{"jobs":1664,"pop":1754,"pointCount":16,"homeWorkCommuteMedian":3256,"workHomeCommuteMedian":1940},"geometry":{"type":"Polygon","coordinates":[[[12.3617834021923,50.064831762994125],[12.3617834021923,50.07382496663137],[12.370776605829546,50.07382496663137],[12.370776605829546,50.064831762994125],[12.3617834021923,50.064831762994125]]]}},{"type":"Feature","properties":{"jobs":2421,"pop":1271,"pointCount":20,"homeWorkCommuteMedian":1916,"workHomeCommuteMedian":8252},"geometry":{"type":"Polygon","coordinates":[[[12.3617834021923,50.07382496663137],[12.3617834021923,50.08281817026862],[12.370776605829546,50.08281817026862],[12.370776605829546,50.07382496663137],[12.3617834021923,50.07382496663137]]]}},{"type":"Feature","properties":{"jobs":293,"pop":717,"pointCount":21,"homeWorkCommuteMedian":3668,"workHomeCommuteMedian":2332},"geometry":{"type":"Polygon","coordinates":[[[12.3617834021923,50.08281817026862],[12.3617834021923,50.09181137390586],[12.370776605829546,50.09181137390586],[12.370776605829546,50.08281817026862],[12.3617834021923,50.08281817026862]]]}},{"type":"Feature","properties":{"jobs":6,"pop":0,"pointCount":2,"homeWorkCommuteMedian":-1,"workHomeCommuteMedian":2538},"geometry":{"type":"Polygon","coordinates":[[[12.3617834021923,50.09181137390586],[12.3617834021923,50.10080457754311],[12.370776605829546,50.10080457754311],[12.370776605829546,50.09181137390586],[12.3617834021923,50.09181137390586]]]}},{"type":"Feature","properties":{"jobs":11,"pop":65,"pointCount":2,"homeWorkCommuteMedian":4157,"workHomeCommuteMedian":309},"geometry":{"type":"Polygon","coordinates":[[[12.3617834021923,50.10080457754311],[12.3617834021923,50.109797781180355],[12.370776605829546,50.109797781180355],[12.370776605829546,50.10080457754311],[12.3617834021923,50.10080457754311]]]}},{"type":"Feature","properties":{"jobs":12,"pop":28,"pointCount":2,"homeWorkCommuteMedian":10217,"workHomeCommuteMedian":1814},"geometry":{"type":"Polygon","coordinates":[[[12.3617834021923,50.1187909848176],[12.3617834021923,50.12778418845485],[12.370776605829546,50.12778418845485],[12.370776605829546,50.1187909848176],[12.3617834021923,50.1187909848176]]]}},{"type":"Feature","properties":{"jobs":186,"pop":336,"pointCount":13,"homeWorkCommuteMedian":7938,"workHomeCommuteMedian":13473},"geometry":{"type":"Polygon","coordinates":[[[12.3617834021923,50.16375700300383],[12.3617834021923,50.172750206641076],[12.370776605829546,50.172750206641076],[12.370776605829546,50.16375700300383],[12.3617834021923,50.16375700300383]]]}},{"type":"Feature","properties":{"jobs":30,"pop":66,"pointCount":3,"homeWorkCommuteMedian":7240,"workHomeCommuteMedian":10281},"geometry":{"type":"Polygon","coordinates":[[[12.3617834021923,50.172750206641076],[12.3617834021923,50.18174341027832],[12.370776605829546,50.18174341027832],[12.370776605829546,50.172750206641076],[12.3617834021923,50.172750206641076]]]}},{"type":"Feature","properties":{"jobs":23,"pop":56,"pointCount":3,"homeWorkCommuteMedian":17120,"workHomeCommuteMedian":286},"geometry":{"type":"Polygon","coordinates":[[[12.3617834021923,50.19073661391557],[12.3617834021923,50.199729817552814],[12.370776605829546,50.199729817552814],[12.370776605829546,50.19073661391557],[12.3617834021923,50.19073661391557]]]}},{"type":"Feature","properties":{"jobs":0,"pop":3,"pointCount":1,"homeWorkCommuteMedian":35334,"workHomeCommuteMedian":-1},"geometry":{"type":"Polygon","coordinates":[[[12.3617834021923,50.22670942846455],[12.3617834021923,50.2357026321018],[12.370776605829546,50.2357026321018],[12.370776605829546,50.22670942846455],[12.3617834021923,50.22670942846455]]]}},{"type":"Feature","properties":{"jobs":12,"pop":25,"pointCount":2,"homeWorkCommuteMedian":6146,"workHomeCommuteMedian":352},"geometry":{"type":"Polygon","coordinates":[[[12.370776605829546,50.019865744807895],[12.370776605829546,50.02885894844514],[12.379769809466792,50.02885894844514],[12.379769809466792,50.019865744807895],[12.370776605829546,50.019865744807895]]]}},{"type":"Feature","properties":{"jobs":71,"pop":558,"pointCount":23,"homeWorkCommuteMedian":3100,"workHomeCommuteMedian":2328},"geometry":{"type":"Polygon","coordinates":[[[12.370776605829546,50.05583855935688],[12.370776605829546,50.064831762994125],[12.379769809466792,50.064831762994125],[12.379769809466792,50.05583855935688],[12.370776605829546,50.05583855935688]]]}},{"type":"Feature","properties":{"jobs":760,"pop":3208,"pointCount":20,"homeWorkCommuteMedian":3093,"workHomeCommuteMedian":1938},"geometry":{"type":"Polygon","coordinates":[[[12.370776605829546,50.064831762994125],[12.370776605829546,50.07382496663137],[12.379769809466792,50.07382496663137],[12.379769809466792,50.064831762994125],[12.370776605829546,50.064831762994125]]]}},{"type":"Feature","properties":{"jobs":4504,"pop":2592,"pointCount":20,"homeWorkCommuteMedian":1890,"workHomeCommuteMedian":7966},"geometry":{"type":"Polygon","coordinates":[[[12.370776605829546,50.07382496663137],[12.370776605829546,50.08281817026862],[12.379769809466792,50.08281817026862],[12.379769809466792,50.07382496663137],[12.370776605829546,50.07382496663137]]]}},{"type":"Feature","properties":{"jobs":655,"pop":1739,"pointCount":16,"homeWorkCommuteMedian":3931,"workHomeCommuteMedian":2980},"geometry":{"type":"Polygon","coordinates":[[[12.370776605829546,50.08281817026862],[12.370776605829546,50.09181137390586],[12.379769809466792,50.09181137390586],[12.379769809466792,50.08281817026862],[12.370776605829546,50.08281817026862]]]}},{"type":"Feature","properties":{"jobs":4,"pop":0,"pointCount":1,"homeWorkCommuteMedian":-1,"workHomeCommuteMedian":25},"geometry":{"type":"Polygon","coordinates":[[[12.370776605829546,50.10080457754311],[12.370776605829546,50.109797781180355],[12.379769809466792,50.109797781180355],[12.379769809466792,50.10080457754311],[12.370776605829546,50.10080457754311]]]}},{"type":"Feature","properties":{"jobs":0,"pop":16,"pointCount":1,"homeWorkCommuteMedian":6940,"workHomeCommuteMedian":-1},"geometry":{"type":"Polygon","coordinates":[[[12.370776605829546,50.109797781180355],[12.370776605829546,50.1187909848176],[12.379769809466792,50.1187909848176],[12.379769809466792,50.109797781180355],[12.370776605829546,50.109797781180355]]]}},{"type":"Feature","properties":{"jobs":2,"pop":0,"pointCount":1,"homeWorkCommuteMedian":-1,"workHomeCommuteMedian":281},"geometry":{"type":"Polygon","coordinates":[[[12.370776605829546,50.1187909848176],[12.370776605829546,50.12778418845485],[12.379769809466792,50.12778418845485],[12.379769809466792,50.1187909848176],[12.370776605829546,50.1187909848176]]]}},{"type":"Feature","properties":{"jobs":13,"pop":45,"pointCount":1,"homeWorkCommuteMedian":7140,"workHomeCommuteMedian":2134},"geometry":{"type":"Polygon","coordinates":[[[12.370776605829546,50.12778418845485],[12.370776605829546,50.13677739209209],[12.379769809466792,50.13677739209209],[12.379769809466792,50.12778418845485],[12.370776605829546,50.12778418845485]]]}},{"type":"Feature","properties":{"jobs":38,"pop":0,"pointCount":1,"homeWorkCommuteMedian":-1,"workHomeCommuteMedian":2568},"geometry":{"type":"Polygon","coordinates":[[[12.370776605829546,50.14577059572934],[12.370776605829546,50.154763799366584],[12.379769809466792,50.154763799366584],[12.379769809466792,50.14577059572934],[12.370776605829546,50.14577059572934]]]}},{"type":"Feature","properties":{"jobs":55,"pop":0,"pointCount":1,"homeWorkCommuteMedian":-1,"workHomeCommuteMedian":13076},"geometry":{"type":"Polygon","coordinates":[[[12.370776605829546,50.154763799366584],[12.370776605829546,50.16375700300383],[12.379769809466792,50.16375700300383],[12.379769809466792,50.154763799366584],[12.370776605829546,50.154763799366584]]]}},{"type":"Feature","properties":{"jobs":21,"pop":21,"pointCount":2,"homeWorkCommuteMedian":57726,"workHomeCommuteMedian":12832},"geometry":{"type":"Polygon","coordinates":[[[12.370776605829546,50.19073661391557],[12.370776605829546,50.199729817552814],[12.379769809466792,50.199729817552814],[12.379769809466792,50.19073661391557],[12.370776605829546,50.19073661391557]]]}},{"type":"Feature","properties":{"jobs":0,"pop":4,"pointCount":1,"homeWorkCommuteMedian":8235,"workHomeCommuteMedian":-1},"geometry":{"type":"Polygon","coordinates":[[[12.370776605829546,50.22670942846455],[12.370776605829546,50.2357026321018],[12.379769809466792,50.2357026321018],[12.379769809466792,50.22670942846455],[12.370776605829546,50.22670942846455]]]}},{"type":"Feature","properties":{"jobs":149,"pop":49,"pointCount":3,"homeWorkCommuteMedian":4089,"workHomeCommuteMedian":4041},"geometry":{"type":"Polygon","coordinates":[[[12.379769809466792,50.05583855935688],[12.379769809466792,50.064831762994125],[12.388763013104038,50.064831762994125],[12.388763013104038,50.05583855935688],[12.379769809466792,50.05583855935688]]]}},{"type":"Feature","properties":{"jobs":493,"pop":108,"pointCount":9,"homeWorkCommuteMedian":4327,"workHomeCommuteMedian":3718},"geometry":{"type":"Polygon","coordinates":[[[12.379769809466792,50.064831762994125],[12.379769809466792,50.07382496663137],[12.388763013104038,50.07382496663137],[12.388763013104038,50.064831762994125],[12.379769809466792,50.064831762994125]]]}},{"type":"Feature","properties":{"jobs":1319,"pop":132,"pointCount":9,"homeWorkCommuteMedian":1940,"workHomeCommuteMedian":3152},"geometry":{"type":"Polygon","coordinates":[[[12.379769809466792,50.07382496663137],[12.379769809466792,50.08281817026862],[12.388763013104038,50.08281817026862],[12.388763013104038,50.07382496663137],[12.379769809466792,50.07382496663137]]]}},{"type":"Feature","properties":{"jobs":22,"pop":233,"pointCount":4,"homeWorkCommuteMedian":5645,"workHomeCommuteMedian":3953},"geometry":{"type":"Polygon","coordinates":[[[12.379769809466792,50.08281817026862],[12.379769809466792,50.09181137390586],[12.388763013104038,50.09181137390586],[12.388763013104038,50.08281817026862],[12.379769809466792,50.08281817026862]]]}},{"type":"Feature","properties":{"jobs":0,"pop":13,"pointCount":1,"homeWorkCommuteMedian":3433,"workHomeCommuteMedian":-1},"geometry":{"type":"Polygon","coordinates":[[[12.379769809466792,50.10080457754311],[12.379769809466792,50.109797781180355],[12.388763013104038,50.109797781180355],[12.388763013104038,50.10080457754311],[12.379769809466792,50.10080457754311]]]}},{"type":"Feature","properties":{"jobs":0,"pop":42,"pointCount":1,"homeWorkCommuteMedian":21137,"workHomeCommuteMedian":-1},"geometry":{"type":"Polygon","coordinates":[[[12.379769809466792,50.19073661391557],[12.379769809466792,50.199729817552814],[12.388763013104038,50.199729817552814],[12.388763013104038,50.19073661391557],[12.379769809466792,50.19073661391557]]]}},{"type":"Feature","properties":{"jobs":0,"pop":120,"pointCount":2,"homeWorkCommuteMedian":17360,"workHomeCommuteMedian":-1},"geometry":{"type":"Polygon","coordinates":[[[12.379769809466792,50.217716224827306],[12.379769809466792,50.22670942846455],[12.388763013104038,50.22670942846455],[12.388763013104038,50.217716224827306],[12.379769809466792,50.217716224827306]]]}},{"type":"Feature","properties":{"jobs":9,"pop":0,"pointCount":1,"homeWorkCommuteMedian":-1,"workHomeCommuteMedian":1178},"geometry":{"type":"Polygon","coordinates":[[[12.379769809466792,50.262682243013536],[12.379769809466792,50.27167544665078],[12.388763013104038,50.27167544665078],[12.388763013104038,50.262682243013536],[12.379769809466792,50.262682243013536]]]}},{"type":"Feature","properties":{"jobs":49,"pop":0,"pointCount":1,"homeWorkCommuteMedian":-1,"workHomeCommuteMedian":3052},"geometry":{"type":"Polygon","coordinates":[[[12.379769809466792,50.27167544665078],[12.379769809466792,50.28066865028803],[12.388763013104038,50.28066865028803],[12.388763013104038,50.27167544665078],[12.379769809466792,50.27167544665078]]]}},{"type":"Feature","properties":{"jobs":38,"pop":126,"pointCount":5,"homeWorkCommuteMedian":8610,"workHomeCommuteMedian":316},"geometry":{"type":"Polygon","coordinates":[[[12.388763013104038,50.019865744807895],[12.388763013104038,50.02885894844514],[12.397756216741284,50.02885894844514],[12.397756216741284,50.019865744807895],[12.388763013104038,50.019865744807895]]]}},{"type":"Feature","properties":{"jobs":270,"pop":282,"pointCount":10,"homeWorkCommuteMedian":5187,"workHomeCommuteMedian":4712},"geometry":{"type":"Polygon","coordinates":[[[12.388763013104038,50.05583855935688],[12.388763013104038,50.064831762994125],[12.397756216741284,50.064831762994125],[12.397756216741284,50.05583855935688],[12.388763013104038,50.05583855935688]]]}},{"type":"Feature","properties":{"jobs":69,"pop":0,"pointCount":1,"homeWorkCommuteMedian":-1,"workHomeCommuteMedian":15894},"geometry":{"type":"Polygon","coordinates":[[[12.388763013104038,50.064831762994125],[12.388763013104038,50.07382496663137],[12.397756216741284,50.07382496663137],[12.397756216741284,50.064831762994125],[12.388763013104038,50.064831762994125]]]}},{"type":"Feature","properties":{"jobs":38,"pop":0,"pointCount":1,"homeWorkCommuteMedian":-1,"workHomeCommuteMedian":1369},"geometry":{"type":"Polygon","coordinates":[[[12.388763013104038,50.07382496663137],[12.388763013104038,50.08281817026862],[12.397756216741284,50.08281817026862],[12.397756216741284,50.07382496663137],[12.388763013104038,50.07382496663137]]]}},{"type":"Feature","properties":{"jobs":85,"pop":53,"pointCount":4,"homeWorkCommuteMedian":4282,"workHomeCommuteMedian":4573},"geometry":{"type":"Polygon","coordinates":[[[12.388763013104038,50.08281817026862],[12.388763013104038,50.09181137390586],[12.397756216741284,50.09181137390586],[12.397756216741284,50.08281817026862],[12.388763013104038,50.08281817026862]]]}},{"type":"Feature","properties":{"jobs":3,"pop":81,"pointCount":2,"homeWorkCommuteMedian":5000,"workHomeCommuteMedian":347},"geometry":{"type":"Polygon","coordinates":[[[12.388763013104038,50.13677739209209],[12.388763013104038,50.14577059572934],[12.397756216741284,50.14577059572934],[12.397756216741284,50.13677739209209],[12.388763013104038,50.13677739209209]]]}},{"type":"Feature","properties":{"jobs":50,"pop":84,"pointCount":5,"homeWorkCommuteMedian":17387,"workHomeCommuteMedian":9595},"geometry":{"type":"Polygon","coordinates":[[[12.388763013104038,50.19073661391557],[12.388763013104038,50.199729817552814],[12.397756216741284,50.199729817552814],[12.397756216741284,50.19073661391557],[12.388763013104038,50.19073661391557]]]}},{"type":"Feature","properties":{"jobs":0,"pop":15,"pointCount":1,"homeWorkCommuteMedian":14223,"workHomeCommuteMedian":-1},"geometry":{"type":"Polygon","coordinates":[[[12.388763013104038,50.244695835739044],[12.388763013104038,50.25368903937629],[12.397756216741284,50.25368903937629],[12.397756216741284,50.244695835739044],[12.388763013104038,50.244695835739044]]]}},{"type":"Feature","properties":{"jobs":21,"pop":31,"pointCount":2,"homeWorkCommuteMedian":12832,"workHomeCommuteMedian":527},"geometry":{"type":"Polygon","coordinates":[[[12.388763013104038,50.25368903937629],[12.388763013104038,50.262682243013536],[12.397756216741284,50.262682243013536],[12.397756216741284,50.25368903937629],[12.388763013104038,50.25368903937629]]]}},{"type":"Feature","properties":{"jobs":0,"pop":103,"pointCount":4,"homeWorkCommuteMedian":4965,"workHomeCommuteMedian":-1},"geometry":{"type":"Polygon","coordinates":[[[12.397756216741284,50.05583855935688],[12.397756216741284,50.064831762994125],[12.40674942037853,50.064831762994125],[12.40674942037853,50.05583855935688],[12.397756216741284,50.05583855935688]]]}},{"type":"Feature","properties":{"jobs":0,"pop":21,"pointCount":1,"homeWorkCommuteMedian":3281,"workHomeCommuteMedian":-1},"geometry":{"type":"Polygon","coordinates":[[[12.397756216741284,50.064831762994125],[12.397756216741284,50.07382496663137],[12.40674942037853,50.07382496663137],[12.40674942037853,50.064831762994125],[12.397756216741284,50.064831762994125]]]}},{"type":"Feature","properties":{"jobs":2025,"pop":45,"pointCount":9,"homeWorkCommuteMedian":3930,"workHomeCommuteMedian":13508},"geometry":{"type":"Polygon","coordinates":[[[12.397756216741284,50.08281817026862],[12.397756216741284,50.09181137390586],[12.40674942037853,50.09181137390586],[12.40674942037853,50.08281817026862],[12.397756216741284,50.08281817026862]]]}},{"type":"Feature","properties":{"jobs":89,"pop":0,"pointCount":1,"homeWorkCommuteMedian":-1,"workHomeCommuteMedian":4538},"geometry":{"type":"Polygon","coordinates":[[[12.397756216741284,50.09181137390586],[12.397756216741284,50.10080457754311],[12.40674942037853,50.10080457754311],[12.40674942037853,50.09181137390586],[12.397756216741284,50.09181137390586]]]}},{"type":"Feature","properties":{"jobs":22,"pop":41,"pointCount":3,"homeWorkCommuteMedian":5081,"workHomeCommuteMedian":3518},"geometry":{"type":"Polygon","coordinates":[[[12.397756216741284,50.10080457754311],[12.397756216741284,50.109797781180355],[12.40674942037853,50.109797781180355],[12.40674942037853,50.10080457754311],[12.397756216741284,50.10080457754311]]]}},{"type":"Feature","properties":{"jobs":10,"pop":40,"pointCount":2,"homeWorkCommuteMedian":7582,"workHomeCommuteMedian":7412},"geometry":{"type":"Polygon","coordinates":[[[12.397756216741284,50.109797781180355],[12.397756216741284,50.1187909848176],[12.40674942037853,50.1187909848176],[12.40674942037853,50.109797781180355],[12.397756216741284,50.109797781180355]]]}},{"type":"Feature","properties":{"jobs":2,"pop":140,"pointCount":6,"homeWorkCommuteMedian":8780,"workHomeCommuteMedian":612},"geometry":{"type":"Polygon","coordinates":[[[12.397756216741284,50.12778418845485],[12.397756216741284,50.13677739209209],[12.40674942037853,50.13677739209209],[12.40674942037853,50.12778418845485],[12.397756216741284,50.12778418845485]]]}},{"type":"Feature","properties":{"jobs":1,"pop":0,"pointCount":1,"homeWorkCommuteMedian":-1,"workHomeCommuteMedian":88},"geometry":{"type":"Polygon","coordinates":[[[12.397756216741284,50.13677739209209],[12.397756216741284,50.14577059572934],[12.40674942037853,50.14577059572934],[12.40674942037853,50.13677739209209],[12.397756216741284,50.13677739209209]]]}},{"type":"Feature","properties":{"jobs":144,"pop":1,"pointCount":2,"homeWorkCommuteMedian":88,"workHomeCommuteMedian":42760},"geometry":{"type":"Polygon","coordinates":[[[12.397756216741284,50.14577059572934],[12.397756216741284,50.154763799366584],[12.40674942037853,50.154763799366584],[12.40674942037853,50.14577059572934],[12.397756216741284,50.14577059572934]]]}},{"type":"Feature","properties":{"jobs":0,"pop":1,"pointCount":1,"homeWorkCommuteMedian":15100,"workHomeCommuteMedian":-1},"geometry":{"type":"Polygon","coordinates":[[[12.397756216741284,50.154763799366584],[12.397756216741284,50.16375700300383],[12.40674942037853,50.16375700300383],[12.40674942037853,50.154763799366584],[12.397756216741284,50.154763799366584]]]}},{"type":"Feature","properties":{"jobs":47,"pop":185,"pointCount":8,"homeWorkCommuteMedian":26615,"workHomeCommuteMedian":10352},"geometry":{"type":"Polygon","coordinates":[[[12.397756216741284,50.244695835739044],[12.397756216741284,50.25368903937629],[12.40674942037853,50.25368903937629],[12.40674942037853,50.244695835739044],[12.397756216741284,50.244695835739044]]]}},{"type":"Feature","properties":{"jobs":112,"pop":502,"pointCount":15,"homeWorkCommuteMedian":26698,"workHomeCommuteMedian":826},"geometry":{"type":"Polygon","coordinates":[[[12.397756216741284,50.25368903937629],[12.397756216741284,50.262682243013536],[12.40674942037853,50.262682243013536],[12.40674942037853,50.25368903937629],[12.397756216741284,50.25368903937629]]]}},{"type":"Feature","properties":{"jobs":0,"pop":9,"pointCount":1,"homeWorkCommuteMedian":8838,"workHomeCommuteMedian":-1},"geometry":{"type":"Polygon","coordinates":[[[12.40674942037853,50.02885894844514],[12.40674942037853,50.03785215208239],[12.415742624015776,50.03785215208239],[12.415742624015776,50.02885894844514],[12.40674942037853,50.02885894844514]]]}},{"type":"Feature","properties":{"jobs":4,"pop":0,"pointCount":1,"homeWorkCommuteMedian":-1,"workHomeCommuteMedian":16332},"geometry":{"type":"Polygon","coordinates":[[[12.40674942037853,50.04684535571963],[12.40674942037853,50.05583855935688],[12.415742624015776,50.05583855935688],[12.415742624015776,50.04684535571963],[12.40674942037853,50.04684535571963]]]}},{"type":"Feature","properties":{"jobs":2070,"pop":23,"pointCount":9,"homeWorkCommuteMedian":1742,"workHomeCommuteMedian":12114},"geometry":{"type":"Polygon","coordinates":[[[12.40674942037853,50.08281817026862],[12.40674942037853,50.09181137390586],[12.415742624015776,50.09181137390586],[12.415742624015776,50.08281817026862],[12.40674942037853,50.08281817026862]]]}},{"type":"Feature","properties":{"jobs":99,"pop":131,"pointCount":9,"homeWorkCommuteMedian":25041,"workHomeCommuteMedian":1441},"geometry":{"type":"Polygon","coordinates":[[[12.40674942037853,50.244695835739044],[12.40674942037853,50.25368903937629],[12.415742624015776,50.25368903937629],[12.415742624015776,50.244695835739044],[12.40674942037853,50.244695835739044]]]}},{"type":"Feature","properties":{"jobs":0,"pop":57,"pointCount":3,"homeWorkCommuteMedian":14174,"workHomeCommuteMedian":-1},"geometry":{"type":"Polygon","coordinates":[[[12.40674942037853,50.25368903937629],[12.40674942037853,50.262682243013536],[12.415742624015776,50.262682243013536],[12.415742624015776,50.25368903937629],[12.40674942037853,50.25368903937629]]]}},{"type":"Feature","properties":{"jobs":0,"pop":1,"pointCount":1,"homeWorkCommuteMedian":17824,"workHomeCommuteMedian":-1},"geometry":{"type":"Polygon","coordinates":[[[12.415742624015776,50.04684535571963],[12.415742624015776,50.05583855935688],[12.424735827653022,50.05583855935688],[12.424735827653022,50.04684535571963],[12.415742624015776,50.04684535571963]]]}},{"type":"Feature","properties":{"jobs":12,"pop":0,"pointCount":1,"homeWorkCommuteMedian":-1,"workHomeCommuteMedian":4303},"geometry":{"type":"Polygon","coordinates":[[[12.415742624015776,50.07382496663137],[12.415742624015776,50.08281817026862],[12.424735827653022,50.08281817026862],[12.424735827653022,50.07382496663137],[12.415742624015776,50.07382496663137]]]}},{"type":"Feature","properties":{"jobs":827,"pop":0,"pointCount":4,"homeWorkCommuteMedian":-1,"workHomeCommuteMedian":7710},"geometry":{"type":"Polygon","coordinates":[[[12.415742624015776,50.08281817026862],[12.415742624015776,50.09181137390586],[12.424735827653022,50.09181137390586],[12.424735827653022,50.08281817026862],[12.415742624015776,50.08281817026862]]]}},{"type":"Feature","properties":{"jobs":0,"pop":1,"pointCount":1,"homeWorkCommuteMedian":2120,"workHomeCommuteMedian":-1},"geometry":{"type":"Polygon","coordinates":[[[12.415742624015776,50.1187909848176],[12.415742624015776,50.12778418845485],[12.424735827653022,50.12778418845485],[12.424735827653022,50.1187909848176],[12.415742624015776,50.1187909848176]]]}},{"type":"Feature","properties":{"jobs":0,"pop":4,"pointCount":1,"homeWorkCommuteMedian":16332,"workHomeCommuteMedian":-1},"geometry":{"type":"Polygon","coordinates":[[[12.415742624015776,50.13677739209209],[12.415742624015776,50.14577059572934],[12.424735827653022,50.14577059572934],[12.424735827653022,50.13677739209209],[12.415742624015776,50.13677739209209]]]}},{"type":"Feature","properties":{"jobs":0,"pop":9,"pointCount":1,"homeWorkCommuteMedian":25230,"workHomeCommuteMedian":-1},"geometry":{"type":"Polygon","coordinates":[[[12.415742624015776,50.2357026321018],[12.415742624015776,50.244695835739044],[12.424735827653022,50.244695835739044],[12.424735827653022,50.2357026321018],[12.415742624015776,50.2357026321018]]]}},{"type":"Feature","properties":{"jobs":7,"pop":0,"pointCount":1,"homeWorkCommuteMedian":-1,"workHomeCommuteMedian":558},"geometry":{"type":"Polygon","coordinates":[[[12.415742624015776,50.29865505756252],[12.415742624015776,50.307648261199766],[12.424735827653022,50.307648261199766],[12.424735827653022,50.29865505756252],[12.415742624015776,50.29865505756252]]]}},{"type":"Feature","properties":{"jobs":20,"pop":0,"pointCount":1,"homeWorkCommuteMedian":-1,"workHomeCommuteMedian":6332},"geometry":{"type":"Polygon","coordinates":[[[12.424735827653022,50.08281817026862],[12.424735827653022,50.09181137390586],[12.433729031290268,50.09181137390586],[12.433729031290268,50.08281817026862],[12.424735827653022,50.08281817026862]]]}},{"type":"Feature","properties":{"jobs":0,"pop":1,"pointCount":1,"homeWorkCommuteMedian":1010,"workHomeCommuteMedian":-1},"geometry":{"type":"Polygon","coordinates":[[[12.424735827653022,50.1187909848176],[12.424735827653022,50.12778418845485],[12.433729031290268,50.12778418845485],[12.433729031290268,50.1187909848176],[12.424735827653022,50.1187909848176]]]}},{"type":"Feature","properties":{"jobs":0,"pop":32,"pointCount":1,"homeWorkCommuteMedian":13787,"workHomeCommuteMedian":-1},"geometry":{"type":"Polygon","coordinates":[[[12.424735827653022,50.199729817552814],[12.424735827653022,50.20872302119006],[12.433729031290268,50.20872302119006],[12.433729031290268,50.199729817552814],[12.424735827653022,50.199729817552814]]]}},{"type":"Feature","properties":{"jobs":0,"pop":7,"pointCount":1,"homeWorkCommuteMedian":558,"workHomeCommuteMedian":-1},"geometry":{"type":"Polygon","coordinates":[[[12.424735827653022,50.29865505756252],[12.424735827653022,50.307648261199766],[12.433729031290268,50.307648261199766],[12.433729031290268,50.29865505756252],[12.424735827653022,50.29865505756252]]]}},{"type":"Feature","properties":{"jobs":7,"pop":0,"pointCount":1,"homeWorkCommuteMedian":-1,"workHomeCommuteMedian":419},"geometry":{"type":"Polygon","coordinates":[[[12.433729031290268,50.064831762994125],[12.433729031290268,50.07382496663137],[12.442722234927514,50.07382496663137],[12.442722234927514,50.064831762994125],[12.433729031290268,50.064831762994125]]]}},{"type":"Feature","properties":{"jobs":139,"pop":0,"pointCount":1,"homeWorkCommuteMedian":-1,"workHomeCommuteMedian":9861},"geometry":{"type":"Polygon","coordinates":[[[12.433729031290268,50.1187909848176],[12.433729031290268,50.12778418845485],[12.442722234927514,50.12778418845485],[12.442722234927514,50.1187909848176],[12.433729031290268,50.1187909848176]]]}},{"type":"Feature","properties":{"jobs":0,"pop":2,"pointCount":1,"homeWorkCommuteMedian":8870,"workHomeCommuteMedian":-1},"geometry":{"type":"Polygon","coordinates":[[[12.433729031290268,50.18174341027832],[12.433729031290268,50.19073661391557],[12.442722234927514,50.19073661391557],[12.442722234927514,50.18174341027832],[12.433729031290268,50.18174341027832]]]}},{"type":"Feature","properties":{"jobs":10,"pop":17,"pointCount":1,"homeWorkCommuteMedian":27495,"workHomeCommuteMedian":1289},"geometry":{"type":"Polygon","coordinates":[[[12.433729031290268,50.217716224827306],[12.433729031290268,50.22670942846455],[12.442722234927514,50.22670942846455],[12.442722234927514,50.217716224827306],[12.433729031290268,50.217716224827306]]]}},{"type":"Feature","properties":{"jobs":0,"pop":2,"pointCount":1,"homeWorkCommuteMedian":25137,"workHomeCommuteMedian":-1},"geometry":{"type":"Polygon","coordinates":[[[12.433729031290268,50.22670942846455],[12.433729031290268,50.2357026321018],[12.442722234927514,50.2357026321018],[12.442722234927514,50.22670942846455],[12.433729031290268,50.22670942846455]]]}},{"type":"Feature","properties":{"jobs":10,"pop":196,"pointCount":9,"homeWorkCommuteMedian":11106,"workHomeCommuteMedian":177},"geometry":{"type":"Polygon","coordinates":[[[12.442722234927514,50.02885894844514],[12.442722234927514,50.03785215208239],[12.45171543856476,50.03785215208239],[12.45171543856476,50.02885894844514],[12.442722234927514,50.02885894844514]]]}},{"type":"Feature","properties":{"jobs":27,"pop":0,"pointCount":1,"homeWorkCommuteMedian":-1,"workHomeCommuteMedian":5396},"geometry":{"type":"Polygon","coordinates":[[[12.442722234927514,50.03785215208239],[12.442722234927514,50.04684535571963],[12.45171543856476,50.04684535571963],[12.45171543856476,50.03785215208239],[12.442722234927514,50.03785215208239]]]}},{"type":"Feature","properties":{"jobs":11,"pop":32,"pointCount":2,"homeWorkCommuteMedian":12595,"workHomeCommuteMedian":7},"geometry":{"type":"Polygon","coordinates":[[[12.442722234927514,50.04684535571963],[12.442722234927514,50.05583855935688],[12.45171543856476,50.05583855935688],[12.45171543856476,50.04684535571963],[12.442722234927514,50.04684535571963]]]}},{"type":"Feature","properties":{"jobs":0,"pop":23,"pointCount":2,"homeWorkCommuteMedian":6898,"workHomeCommuteMedian":-1},"geometry":{"type":"Polygon","coordinates":[[[12.442722234927514,50.064831762994125],[12.442722234927514,50.07382496663137],[12.45171543856476,50.07382496663137],[12.45171543856476,50.064831762994125],[12.442722234927514,50.064831762994125]]]}},{"type":"Feature","properties":{"jobs":0,"pop":10,"pointCount":1,"homeWorkCommuteMedian":8243,"workHomeCommuteMedian":-1},"geometry":{"type":"Polygon","coordinates":[[[12.442722234927514,50.10080457754311],[12.442722234927514,50.109797781180355],[12.45171543856476,50.109797781180355],[12.45171543856476,50.10080457754311],[12.442722234927514,50.10080457754311]]]}},{"type":"Feature","properties":{"jobs":13,"pop":101,"pointCount":3,"homeWorkCommuteMedian":14069,"workHomeCommuteMedian":286},"geometry":{"type":"Polygon","coordinates":[[[12.442722234927514,50.154763799366584],[12.442722234927514,50.16375700300383],[12.45171543856476,50.16375700300383],[12.45171543856476,50.154763799366584],[12.442722234927514,50.154763799366584]]]}},{"type":"Feature","properties":{"jobs":45,"pop":135,"pointCount":8,"homeWorkCommuteMedian":17544,"workHomeCommuteMedian":6790},"geometry":{"type":"Polygon","coordinates":[[[12.442722234927514,50.20872302119006],[12.442722234927514,50.217716224827306],[12.45171543856476,50.217716224827306],[12.45171543856476,50.20872302119006],[12.442722234927514,50.20872302119006]]]}},{"type":"Feature","properties":{"jobs":0,"pop":13,"pointCount":1,"homeWorkCommuteMedian":32973,"workHomeCommuteMedian":-1},"geometry":{"type":"Polygon","coordinates":[[[12.442722234927514,50.289661853925274],[12.442722234927514,50.29865505756252],[12.45171543856476,50.29865505756252],[12.45171543856476,50.289661853925274],[12.442722234927514,50.289661853925274]]]}},{"type":"Feature","properties":{"jobs":14,"pop":0,"pointCount":1,"homeWorkCommuteMedian":-1,"workHomeCommuteMedian":1561},"geometry":{"type":"Polygon","coordinates":[[[12.45171543856476,50.019865744807895],[12.45171543856476,50.02885894844514],[12.460708642202006,50.02885894844514],[12.460708642202006,50.019865744807895],[12.45171543856476,50.019865744807895]]]}},{"type":"Feature","properties":{"jobs":0,"pop":24,"pointCount":1,"homeWorkCommuteMedian":11963,"workHomeCommuteMedian":-1},"geometry":{"type":"Polygon","coordinates":[[[12.45171543856476,50.02885894844514],[12.45171543856476,50.03785215208239],[12.460708642202006,50.03785215208239],[12.460708642202006,50.02885894844514],[12.45171543856476,50.02885894844514]]]}},{"type":"Feature","properties":{"jobs":43,"pop":0,"pointCount":1,"homeWorkCommuteMedian":-1,"workHomeCommuteMedian":9857},"geometry":{"type":"Polygon","coordinates":[[[12.45171543856476,50.08281817026862],[12.45171543856476,50.09181137390586],[12.460708642202006,50.09181137390586],[12.460708642202006,50.08281817026862],[12.45171543856476,50.08281817026862]]]}},{"type":"Feature","properties":{"jobs":0,"pop":6,"pointCount":1,"homeWorkCommuteMedian":1169,"workHomeCommuteMedian":-1},"geometry":{"type":"Polygon","coordinates":[[[12.45171543856476,50.1187909848176],[12.45171543856476,50.12778418845485],[12.460708642202006,50.12778418845485],[12.460708642202006,50.1187909848176],[12.45171543856476,50.1187909848176]]]}},{"type":"Feature","properties":{"jobs":6,"pop":0,"pointCount":1,"homeWorkCommuteMedian":-1,"workHomeCommuteMedian":1169},"geometry":{"type":"Polygon","coordinates":[[[12.45171543856476,50.12778418845485],[12.45171543856476,50.13677739209209],[12.460708642202006,50.13677739209209],[12.460708642202006,50.12778418845485],[12.45171543856476,50.12778418845485]]]}},{"type":"Feature","properties":{"jobs":21,"pop":22,"pointCount":1,"homeWorkCommuteMedian":5416,"workHomeCommuteMedian":502},"geometry":{"type":"Polygon","coordinates":[[[12.45171543856476,50.154763799366584],[12.45171543856476,50.16375700300383],[12.460708642202006,50.16375700300383],[12.460708642202006,50.154763799366584],[12.45171543856476,50.154763799366584]]]}},{"type":"Feature","properties":{"jobs":11,"pop":0,"pointCount":1,"homeWorkCommuteMedian":-1,"workHomeCommuteMedian":10651},"geometry":{"type":"Polygon","coordinates":[[[12.460708642202006,50.07382496663137],[12.460708642202006,50.08281817026862],[12.469701845839252,50.08281817026862],[12.469701845839252,50.07382496663137],[12.460708642202006,50.07382496663137]]]}},{"type":"Feature","properties":{"jobs":0,"pop":19,"pointCount":1,"homeWorkCommuteMedian":13325,"workHomeCommuteMedian":-1},"geometry":{"type":"Polygon","coordinates":[[[12.469701845839252,50.02885894844514],[12.469701845839252,50.03785215208239],[12.478695049476498,50.03785215208239],[12.478695049476498,50.02885894844514],[12.469701845839252,50.02885894844514]]]}},{"type":"Feature","properties":{"jobs":0,"pop":32,"pointCount":2,"homeWorkCommuteMedian":43635,"workHomeCommuteMedian":-1},"geometry":{"type":"Polygon","coordinates":[[[12.469701845839252,50.064831762994125],[12.469701845839252,50.07382496663137],[12.478695049476498,50.07382496663137],[12.478695049476498,50.064831762994125],[12.469701845839252,50.064831762994125]]]}},{"type":"Feature","properties":{"jobs":0,"pop":13,"pointCount":1,"homeWorkCommuteMedian":11172,"workHomeCommuteMedian":-1},"geometry":{"type":"Polygon","coordinates":[[[12.469701845839252,50.09181137390586],[12.469701845839252,50.10080457754311],[12.478695049476498,50.10080457754311],[12.478695049476498,50.09181137390586],[12.469701845839252,50.09181137390586]]]}},{"type":"Feature","properties":{"jobs":67,"pop":210,"pointCount":10,"homeWorkCommuteMedian":12053,"workHomeCommuteMedian":834},"geometry":{"type":"Polygon","coordinates":[[[12.469701845839252,50.109797781180355],[12.469701845839252,50.1187909848176],[12.478695049476498,50.1187909848176],[12.478695049476498,50.109797781180355],[12.469701845839252,50.109797781180355]]]}},{"type":"Feature","properties":{"jobs":6,"pop":28,"pointCount":2,"homeWorkCommuteMedian":21105,"workHomeCommuteMedian":240},"geometry":{"type":"Polygon","coordinates":[[[12.469701845839252,50.19073661391557],[12.469701845839252,50.199729817552814],[12.478695049476498,50.199729817552814],[12.478695049476498,50.19073661391557],[12.469701845839252,50.19073661391557]]]}},{"type":"Feature","properties":{"jobs":98,"pop":0,"pointCount":2,"homeWorkCommuteMedian":-1,"workHomeCommuteMedian":3544},"geometry":{"type":"Polygon","coordinates":[[[12.469701845839252,50.34362107574875],[12.469701845839252,50.352614279385996],[12.478695049476498,50.352614279385996],[12.478695049476498,50.34362107574875],[12.469701845839252,50.34362107574875]]]}},{"type":"Feature","properties":{"jobs":58,"pop":0,"pointCount":1,"homeWorkCommuteMedian":-1,"workHomeCommuteMedian":5066},"geometry":{"type":"Polygon","coordinates":[[[12.469701845839252,50.352614279385996],[12.469701845839252,50.36160748302324],[12.478695049476498,50.36160748302324],[12.478695049476498,50.352614279385996],[12.469701845839252,50.352614279385996]]]}},{"type":"Feature","properties":{"jobs":0,"pop":56,"pointCount":3,"homeWorkCommuteMedian":16505,"workHomeCommuteMedian":-1},"geometry":{"type":"Polygon","coordinates":[[[12.478695049476498,50.0018793375334],[12.478695049476498,50.01087254117065],[12.487688253113744,50.01087254117065],[12.487688253113744,50.0018793375334],[12.478695049476498,50.0018793375334]]]}},{"type":"Feature","properties":{"jobs":1,"pop":0,"pointCount":1,"homeWorkCommuteMedian":-1,"workHomeCommuteMedian":738},"geometry":{"type":"Polygon","coordinates":[[[12.478695049476498,50.01087254117065],[12.478695049476498,50.019865744807895],[12.487688253113744,50.019865744807895],[12.487688253113744,50.01087254117065],[12.478695049476498,50.01087254117065]]]}},{"type":"Feature","properties":{"jobs":0,"pop":4,"pointCount":1,"homeWorkCommuteMedian":13640,"workHomeCommuteMedian":-1},"geometry":{"type":"Polygon","coordinates":[[[12.478695049476498,50.02885894844514],[12.478695049476498,50.03785215208239],[12.487688253113744,50.03785215208239],[12.487688253113744,50.02885894844514],[12.478695049476498,50.02885894844514]]]}},{"type":"Feature","properties":{"jobs":12,"pop":113,"pointCount":2,"homeWorkCommuteMedian":11241,"workHomeCommuteMedian":50},"geometry":{"type":"Polygon","coordinates":[[[12.478695049476498,50.05583855935688],[12.478695049476498,50.064831762994125],[12.487688253113744,50.064831762994125],[12.487688253113744,50.05583855935688],[12.478695049476498,50.05583855935688]]]}},{"type":"Feature","properties":{"jobs":49,"pop":0,"pointCount":2,"homeWorkCommuteMedian":-1,"workHomeCommuteMedian":9557},"geometry":{"type":"Polygon","coordinates":[[[12.478695049476498,50.07382496663137],[12.478695049476498,50.08281817026862],[12.487688253113744,50.08281817026862],[12.487688253113744,50.07382496663137],[12.478695049476498,50.07382496663137]]]}},{"type":"Feature","properties":{"jobs":3,"pop":12,"pointCount":1,"homeWorkCommuteMedian":1308,"workHomeCommuteMedian":6359},"geometry":{"type":"Polygon","coordinates":[[[12.478695049476498,50.08281817026862],[12.478695049476498,50.09181137390586],[12.487688253113744,50.09181137390586],[12.487688253113744,50.08281817026862],[12.478695049476498,50.08281817026862]]]}},{"type":"Feature","properties":{"jobs":8,"pop":71,"pointCount":2,"homeWorkCommuteMedian":8807,"workHomeCommuteMedian":8807},"geometry":{"type":"Polygon","coordinates":[[[12.478695049476498,50.10080457754311],[12.478695049476498,50.109797781180355],[12.487688253113744,50.109797781180355],[12.487688253113744,50.10080457754311],[12.478695049476498,50.10080457754311]]]}},{"type":"Feature","properties":{"jobs":10,"pop":0,"pointCount":1,"homeWorkCommuteMedian":-1,"workHomeCommuteMedian":6266},"geometry":{"type":"Polygon","coordinates":[[[12.478695049476498,50.172750206641076],[12.478695049476498,50.18174341027832],[12.487688253113744,50.18174341027832],[12.487688253113744,50.172750206641076],[12.478695049476498,50.172750206641076]]]}},{"type":"Feature","properties":{"jobs":37,"pop":0,"pointCount":2,"homeWorkCommuteMedian":-1,"workHomeCommuteMedian":998},"geometry":{"type":"Polygon","coordinates":[[[12.487688253113744,50.05583855935688],[12.487688253113744,50.064831762994125],[12.49668145675099,50.064831762994125],[12.49668145675099,50.05583855935688],[12.487688253113744,50.05583855935688]]]}},{"type":"Feature","properties":{"jobs":24,"pop":22,"pointCount":1,"homeWorkCommuteMedian":10122,"workHomeCommuteMedian":7475},"geometry":{"type":"Polygon","coordinates":[[[12.487688253113744,50.07382496663137],[12.487688253113744,50.08281817026862],[12.49668145675099,50.08281817026862],[12.49668145675099,50.07382496663137],[12.487688253113744,50.07382496663137]]]}},{"type":"Feature","properties":{"jobs":0,"pop":8,"pointCount":1,"homeWorkCommuteMedian":11320,"workHomeCommuteMedian":-1},"geometry":{"type":"Polygon","coordinates":[[[12.487688253113744,50.109797781180355],[12.487688253113744,50.1187909848176],[12.49668145675099,50.1187909848176],[12.49668145675099,50.109797781180355],[12.487688253113744,50.109797781180355]]]}},{"type":"Feature","properties":{"jobs":8,"pop":16,"pointCount":2,"homeWorkCommuteMedian":20357,"workHomeCommuteMedian":290},"geometry":{"type":"Polygon","coordinates":[[[12.487688253113744,50.16375700300383],[12.487688253113744,50.172750206641076],[12.49668145675099,50.172750206641076],[12.49668145675099,50.16375700300383],[12.487688253113744,50.16375700300383]]]}},{"type":"Feature","properties":{"jobs":10,"pop":0,"pointCount":1,"homeWorkCommuteMedian":-1,"workHomeCommuteMedian":4465},"geometry":{"type":"Polygon","coordinates":[[[12.487688253113744,50.18174341027832],[12.487688253113744,50.19073661391557],[12.49668145675099,50.19073661391557],[12.49668145675099,50.18174341027832],[12.487688253113744,50.18174341027832]]]}},{"type":"Feature","properties":{"jobs":3,"pop":0,"pointCount":1,"homeWorkCommuteMedian":-1,"workHomeCommuteMedian":3801},"geometry":{"type":"Polygon","coordinates":[[[12.487688253113744,50.29865505756252],[12.487688253113744,50.307648261199766],[12.49668145675099,50.307648261199766],[12.49668145675099,50.29865505756252],[12.487688253113744,50.29865505756252]]]}},{"type":"Feature","properties":{"jobs":0,"pop":13,"pointCount":1,"homeWorkCommuteMedian":23510,"workHomeCommuteMedian":-1},"geometry":{"type":"Polygon","coordinates":[[[12.487688253113744,50.31664146483701],[12.487688253113744,50.32563466847426],[12.49668145675099,50.32563466847426],[12.49668145675099,50.31664146483701],[12.487688253113744,50.31664146483701]]]}},{"type":"Feature","properties":{"jobs":10,"pop":19,"pointCount":2,"homeWorkCommuteMedian":25974,"workHomeCommuteMedian":2509},"geometry":{"type":"Polygon","coordinates":[[[12.487688253113744,50.32563466847426],[12.487688253113744,50.334627872111504],[12.49668145675099,50.334627872111504],[12.49668145675099,50.32563466847426],[12.487688253113744,50.32563466847426]]]}},{"type":"Feature","properties":{"jobs":53,"pop":0,"pointCount":1,"homeWorkCommuteMedian":-1,"workHomeCommuteMedian":2493},"geometry":{"type":"Polygon","coordinates":[[[12.487688253113744,50.334627872111504],[12.487688253113744,50.34362107574875],[12.49668145675099,50.34362107574875],[12.49668145675099,50.334627872111504],[12.487688253113744,50.334627872111504]]]}},{"type":"Feature","properties":{"jobs":0,"pop":12,"pointCount":1,"homeWorkCommuteMedian":3709,"workHomeCommuteMedian":-1},"geometry":{"type":"Polygon","coordinates":[[[12.49668145675099,50.109797781180355],[12.49668145675099,50.1187909848176],[12.505674660388236,50.1187909848176],[12.505674660388236,50.109797781180355],[12.49668145675099,50.109797781180355]]]}},{"type":"Feature","properties":{"jobs":27,"pop":13,"pointCount":2,"homeWorkCommuteMedian":16596,"workHomeCommuteMedian":883},"geometry":{"type":"Polygon","coordinates":[[[12.49668145675099,50.14577059572934],[12.49668145675099,50.154763799366584],[12.505674660388236,50.154763799366584],[12.505674660388236,50.14577059572934],[12.49668145675099,50.14577059572934]]]}},{"type":"Feature","properties":{"jobs":0,"pop":24,"pointCount":2,"homeWorkCommuteMedian":2623,"workHomeCommuteMedian":-1},"geometry":{"type":"Polygon","coordinates":[[[12.49668145675099,50.31664146483701],[12.49668145675099,50.32563466847426],[12.505674660388236,50.32563466847426],[12.505674660388236,50.31664146483701],[12.49668145675099,50.31664146483701]]]}},{"type":"Feature","properties":{"jobs":135,"pop":550,"pointCount":7,"homeWorkCommuteMedian":5548,"workHomeCommuteMedian":2095},"geometry":{"type":"Polygon","coordinates":[[[12.49668145675099,50.32563466847426],[12.49668145675099,50.334627872111504],[12.505674660388236,50.334627872111504],[12.505674660388236,50.32563466847426],[12.49668145675099,50.32563466847426]]]}},{"type":"Feature","properties":{"jobs":89,"pop":452,"pointCount":8,"homeWorkCommuteMedian":11108,"workHomeCommuteMedian":7557},"geometry":{"type":"Polygon","coordinates":[[[12.49668145675099,50.334627872111504],[12.49668145675099,50.34362107574875],[12.505674660388236,50.34362107574875],[12.505674660388236,50.334627872111504],[12.49668145675099,50.334627872111504]]]}},{"type":"Feature","properties":{"jobs":11,"pop":39,"pointCount":2,"homeWorkCommuteMedian":28822,"workHomeCommuteMedian":1233},"geometry":{"type":"Polygon","coordinates":[[[12.49668145675099,50.36160748302324],[12.49668145675099,50.37060068666049],[12.505674660388236,50.37060068666049],[12.505674660388236,50.36160748302324],[12.49668145675099,50.36160748302324]]]}},{"type":"Feature","properties":{"jobs":33,"pop":58,"pointCount":3,"homeWorkCommuteMedian":27504,"workHomeCommuteMedian":5548},"geometry":{"type":"Polygon","coordinates":[[[12.49668145675099,50.37060068666049],[12.49668145675099,50.379593890297734],[12.505674660388236,50.379593890297734],[12.505674660388236,50.37060068666049],[12.49668145675099,50.37060068666049]]]}},{"type":"Feature","properties":{"jobs":31,"pop":0,"pointCount":1,"homeWorkCommuteMedian":-1,"workHomeCommuteMedian":36327},"geometry":{"type":"Polygon","coordinates":[[[12.505674660388236,50.019865744807895],[12.505674660388236,50.02885894844514],[12.514667864025482,50.02885894844514],[12.514667864025482,50.019865744807895],[12.505674660388236,50.019865744807895]]]}},{"type":"Feature","properties":{"jobs":0,"pop":1,"pointCount":1,"homeWorkCommuteMedian":753,"workHomeCommuteMedian":-1},"geometry":{"type":"Polygon","coordinates":[[[12.505674660388236,50.04684535571963],[12.505674660388236,50.05583855935688],[12.514667864025482,50.05583855935688],[12.514667864025482,50.04684535571963],[12.505674660388236,50.04684535571963]]]}},{"type":"Feature","properties":{"jobs":10,"pop":30,"pointCount":2,"homeWorkCommuteMedian":4452,"workHomeCommuteMedian":82},"geometry":{"type":"Polygon","coordinates":[[[12.505674660388236,50.09181137390586],[12.505674660388236,50.10080457754311],[12.514667864025482,50.10080457754311],[12.514667864025482,50.09181137390586],[12.505674660388236,50.09181137390586]]]}},{"type":"Feature","properties":{"jobs":0,"pop":26,"pointCount":2,"homeWorkCommuteMedian":18374,"workHomeCommuteMedian":-1},"geometry":{"type":"Polygon","coordinates":[[[12.505674660388236,50.1187909848176],[12.505674660388236,50.12778418845485],[12.514667864025482,50.12778418845485],[12.514667864025482,50.1187909848176],[12.505674660388236,50.1187909848176]]]}},{"type":"Feature","properties":{"jobs":0,"pop":41,"pointCount":1,"homeWorkCommuteMedian":18493,"workHomeCommuteMedian":-1},"geometry":{"type":"Polygon","coordinates":[[[12.505674660388236,50.12778418845485],[12.505674660388236,50.13677739209209],[12.514667864025482,50.13677739209209],[12.514667864025482,50.12778418845485],[12.505674660388236,50.12778418845485]]]}},{"type":"Feature","properties":{"jobs":24,"pop":95,"pointCount":4,"homeWorkCommuteMedian":4980,"workHomeCommuteMedian":1462},"geometry":{"type":"Polygon","coordinates":[[[12.505674660388236,50.13677739209209],[12.505674660388236,50.14577059572934],[12.514667864025482,50.14577059572934],[12.514667864025482,50.13677739209209],[12.505674660388236,50.13677739209209]]]}},{"type":"Feature","properties":{"jobs":0,"pop":46,"pointCount":1,"homeWorkCommuteMedian":17610,"workHomeCommuteMedian":-1},"geometry":{"type":"Polygon","coordinates":[[[12.505674660388236,50.14577059572934],[12.505674660388236,50.154763799366584],[12.514667864025482,50.154763799366584],[12.514667864025482,50.14577059572934],[12.505674660388236,50.14577059572934]]]}},{"type":"Feature","properties":{"jobs":0,"pop":10,"pointCount":1,"homeWorkCommuteMedian":4465,"workHomeCommuteMedian":-1},"geometry":{"type":"Polygon","coordinates":[[[12.505674660388236,50.172750206641076],[12.505674660388236,50.18174341027832],[12.514667864025482,50.18174341027832],[12.514667864025482,50.172750206641076],[12.505674660388236,50.172750206641076]]]}},{"type":"Feature","properties":{"jobs":21,"pop":310,"pointCount":9,"homeWorkCommuteMedian":10649,"workHomeCommuteMedian":43142},"geometry":{"type":"Polygon","coordinates":[[[12.505674660388236,50.31664146483701],[12.505674660388236,50.32563466847426],[12.514667864025482,50.32563466847426],[12.514667864025482,50.31664146483701],[12.505674660388236,50.31664146483701]]]}},{"type":"Feature","properties":{"jobs":891,"pop":836,"pointCount":16,"homeWorkCommuteMedian":10094,"workHomeCommuteMedian":1463},"geometry":{"type":"Polygon","coordinates":[[[12.505674660388236,50.32563466847426],[12.505674660388236,50.334627872111504],[12.514667864025482,50.334627872111504],[12.514667864025482,50.32563466847426],[12.505674660388236,50.32563466847426]]]}},{"type":"Feature","properties":{"jobs":80,"pop":55,"pointCount":5,"homeWorkCommuteMedian":3390,"workHomeCommuteMedian":1444},"geometry":{"type":"Polygon","coordinates":[[[12.505674660388236,50.334627872111504],[12.505674660388236,50.34362107574875],[12.514667864025482,50.34362107574875],[12.514667864025482,50.334627872111504],[12.505674660388236,50.334627872111504]]]}},{"type":"Feature","properties":{"jobs":109,"pop":96,"pointCount":7,"homeWorkCommuteMedian":2987,"workHomeCommuteMedian":2349},"geometry":{"type":"Polygon","coordinates":[[[12.505674660388236,50.34362107574875],[12.505674660388236,50.352614279385996],[12.514667864025482,50.352614279385996],[12.514667864025482,50.34362107574875],[12.505674660388236,50.34362107574875]]]}},{"type":"Feature","properties":{"jobs":27,"pop":84,"pointCount":3,"homeWorkCommuteMedian":6410,"workHomeCommuteMedian":933},"geometry":{"type":"Polygon","coordinates":[[[12.505674660388236,50.37060068666049],[12.505674660388236,50.379593890297734],[12.514667864025482,50.379593890297734],[12.514667864025482,50.37060068666049],[12.505674660388236,50.37060068666049]]]}},{"type":"Feature","properties":{"jobs":0,"pop":1,"pointCount":1,"homeWorkCommuteMedian":18728,"workHomeCommuteMedian":-1},"geometry":{"type":"Polygon","coordinates":[[[12.514667864025482,50.064831762994125],[12.514667864025482,50.07382496663137],[12.523661067662728,50.07382496663137],[12.523661067662728,50.064831762994125],[12.514667864025482,50.064831762994125]]]}},{"type":"Feature","properties":{"jobs":13,"pop":3,"pointCount":2,"homeWorkCommuteMedian":6359,"workHomeCommuteMedian":19476},"geometry":{"type":"Polygon","coordinates":[[[12.514667864025482,50.08281817026862],[12.514667864025482,50.09181137390586],[12.523661067662728,50.09181137390586],[12.523661067662728,50.08281817026862],[12.514667864025482,50.08281817026862]]]}},{"type":"Feature","properties":{"jobs":0,"pop":10,"pointCount":1,"homeWorkCommuteMedian":15596,"workHomeCommuteMedian":-1},"geometry":{"type":"Polygon","coordinates":[[[12.514667864025482,50.10080457754311],[12.514667864025482,50.109797781180355],[12.523661067662728,50.109797781180355],[12.523661067662728,50.10080457754311],[12.514667864025482,50.10080457754311]]]}},{"type":"Feature","properties":{"jobs":0,"pop":12,"pointCount":1,"homeWorkCommuteMedian":28938,"workHomeCommuteMedian":-1},"geometry":{"type":"Polygon","coordinates":[[[12.514667864025482,50.109797781180355],[12.514667864025482,50.1187909848176],[12.523661067662728,50.1187909848176],[12.523661067662728,50.109797781180355],[12.514667864025482,50.109797781180355]]]}},{"type":"Feature","properties":{"jobs":176,"pop":154,"pointCount":9,"homeWorkCommuteMedian":5915,"workHomeCommuteMedian":2017},"geometry":{"type":"Polygon","coordinates":[[[12.514667864025482,50.1187909848176],[12.514667864025482,50.12778418845485],[12.523661067662728,50.12778418845485],[12.523661067662728,50.1187909848176],[12.514667864025482,50.1187909848176]]]}},{"type":"Feature","properties":{"jobs":0,"pop":41,"pointCount":1,"homeWorkCommuteMedian":3766,"workHomeCommuteMedian":-1},"geometry":{"type":"Polygon","coordinates":[[[12.514667864025482,50.13677739209209],[12.514667864025482,50.14577059572934],[12.523661067662728,50.14577059572934],[12.523661067662728,50.13677739209209],[12.514667864025482,50.13677739209209]]]}},{"type":"Feature","properties":{"jobs":74,"pop":40,"pointCount":3,"homeWorkCommuteMedian":17768,"workHomeCommuteMedian":5715},"geometry":{"type":"Polygon","coordinates":[[[12.514667864025482,50.16375700300383],[12.514667864025482,50.172750206641076],[12.523661067662728,50.172750206641076],[12.523661067662728,50.16375700300383],[12.514667864025482,50.16375700300383]]]}},{"type":"Feature","properties":{"jobs":2,"pop":23,"pointCount":2,"homeWorkCommuteMedian":11939,"workHomeCommuteMedian":37},"geometry":{"type":"Polygon","coordinates":[[[12.514667864025482,50.199729817552814],[12.514667864025482,50.20872302119006],[12.523661067662728,50.20872302119006],[12.523661067662728,50.199729817552814],[12.514667864025482,50.199729817552814]]]}},{"type":"Feature","properties":{"jobs":93,"pop":40,"pointCount":2,"homeWorkCommuteMedian":3206,"workHomeCommuteMedian":4961},"geometry":{"type":"Polygon","coordinates":[[[12.514667864025482,50.307648261199766],[12.514667864025482,50.31664146483701],[12.523661067662728,50.31664146483701],[12.523661067662728,50.307648261199766],[12.514667864025482,50.307648261199766]]]}},{"type":"Feature","properties":{"jobs":462,"pop":295,"pointCount":13,"homeWorkCommuteMedian":2095,"workHomeCommuteMedian":2987},"geometry":{"type":"Polygon","coordinates":[[[12.514667864025482,50.31664146483701],[12.514667864025482,50.32563466847426],[12.523661067662728,50.32563466847426],[12.523661067662728,50.31664146483701],[12.514667864025482,50.31664146483701]]]}},{"type":"Feature","properties":{"jobs":119,"pop":72,"pointCount":6,"homeWorkCommuteMedian":5211,"workHomeCommuteMedian":1555},"geometry":{"type":"Polygon","coordinates":[[[12.514667864025482,50.32563466847426],[12.514667864025482,50.334627872111504],[12.523661067662728,50.334627872111504],[12.523661067662728,50.32563466847426],[12.514667864025482,50.32563466847426]]]}},{"type":"Feature","properties":{"jobs":123,"pop":61,"pointCount":4,"homeWorkCommuteMedian":4287,"workHomeCommuteMedian":2214},"geometry":{"type":"Polygon","coordinates":[[[12.514667864025482,50.334627872111504],[12.514667864025482,50.34362107574875],[12.523661067662728,50.34362107574875],[12.523661067662728,50.334627872111504],[12.514667864025482,50.334627872111504]]]}},{"type":"Feature","properties":{"jobs":77,"pop":140,"pointCount":6,"homeWorkCommuteMedian":13627,"workHomeCommuteMedian":2656},"geometry":{"type":"Polygon","coordinates":[[[12.514667864025482,50.34362107574875],[12.514667864025482,50.352614279385996],[12.523661067662728,50.352614279385996],[12.523661067662728,50.34362107574875],[12.514667864025482,50.34362107574875]]]}},{"type":"Feature","properties":{"jobs":0,"pop":3,"pointCount":1,"homeWorkCommuteMedian":58925,"workHomeCommuteMedian":-1},"geometry":{"type":"Polygon","coordinates":[[[12.523661067662728,50.0018793375334],[12.523661067662728,50.01087254117065],[12.532654271299974,50.01087254117065],[12.532654271299974,50.0018793375334],[12.523661067662728,50.0018793375334]]]}},{"type":"Feature","properties":{"jobs":1,"pop":10,"pointCount":2,"homeWorkCommuteMedian":7053,"workHomeCommuteMedian":753},"geometry":{"type":"Polygon","coordinates":[[[12.523661067662728,50.05583855935688],[12.523661067662728,50.064831762994125],[12.532654271299974,50.064831762994125],[12.532654271299974,50.05583855935688],[12.523661067662728,50.05583855935688]]]}},{"type":"Feature","properties":{"jobs":343,"pop":780,"pointCount":26,"homeWorkCommuteMedian":12705,"workHomeCommuteMedian":12343},"geometry":{"type":"Polygon","coordinates":[[[12.523661067662728,50.109797781180355],[12.523661067662728,50.1187909848176],[12.532654271299974,50.1187909848176],[12.532654271299974,50.109797781180355],[12.523661067662728,50.109797781180355]]]}},{"type":"Feature","properties":{"jobs":443,"pop":385,"pointCount":20,"homeWorkCommuteMedian":14716,"workHomeCommuteMedian":7612},"geometry":{"type":"Polygon","coordinates":[[[12.523661067662728,50.1187909848176],[12.523661067662728,50.12778418845485],[12.532654271299974,50.12778418845485],[12.532654271299974,50.1187909848176],[12.523661067662728,50.1187909848176]]]}},{"type":"Feature","properties":{"jobs":0,"pop":68,"pointCount":1,"homeWorkCommuteMedian":11569,"workHomeCommuteMedian":-1},"geometry":{"type":"Polygon","coordinates":[[[12.523661067662728,50.14577059572934],[12.523661067662728,50.154763799366584],[12.532654271299974,50.154763799366584],[12.532654271299974,50.14577059572934],[12.523661067662728,50.14577059572934]]]}},{"type":"Feature","properties":{"jobs":0,"pop":42,"pointCount":1,"homeWorkCommuteMedian":18930,"workHomeCommuteMedian":-1},"geometry":{"type":"Polygon","coordinates":[[[12.523661067662728,50.172750206641076],[12.523661067662728,50.18174341027832],[12.532654271299974,50.18174341027832],[12.532654271299974,50.172750206641076],[12.523661067662728,50.172750206641076]]]}},{"type":"Feature","properties":{"jobs":17,"pop":46,"pointCount":1,"homeWorkCommuteMedian":7176,"workHomeCommuteMedian":16414},"geometry":{"type":"Polygon","coordinates":[[[12.523661067662728,50.20872302119006],[12.523661067662728,50.217716224827306],[12.532654271299974,50.217716224827306],[12.532654271299974,50.20872302119006],[12.523661067662728,50.20872302119006]]]}},{"type":"Feature","properties":{"jobs":0,"pop":39,"pointCount":2,"homeWorkCommuteMedian":10662,"workHomeCommuteMedian":-1},"geometry":{"type":"Polygon","coordinates":[[[12.523661067662728,50.217716224827306],[12.523661067662728,50.22670942846455],[12.532654271299974,50.22670942846455],[12.532654271299974,50.217716224827306],[12.523661067662728,50.217716224827306]]]}},{"type":"Feature","properties":{"jobs":11,"pop":0,"pointCount":1,"homeWorkCommuteMedian":-1,"workHomeCommuteMedian":3200},"geometry":{"type":"Polygon","coordinates":[[[12.523661067662728,50.22670942846455],[12.523661067662728,50.2357026321018],[12.532654271299974,50.2357026321018],[12.532654271299974,50.22670942846455],[12.523661067662728,50.22670942846455]]]}},{"type":"Feature","properties":{"jobs":49,"pop":89,"pointCount":4,"homeWorkCommuteMedian":12040,"workHomeCommuteMedian":1238},"geometry":{"type":"Polygon","coordinates":[[[12.523661067662728,50.352614279385996],[12.523661067662728,50.36160748302324],[12.532654271299974,50.36160748302324],[12.532654271299974,50.352614279385996],[12.523661067662728,50.352614279385996]]]}},{"type":"Feature","properties":{"jobs":12,"pop":0,"pointCount":1,"homeWorkCommuteMedian":-1,"workHomeCommuteMedian":12689},"geometry":{"type":"Polygon","coordinates":[[[12.532654271299974,50.02885894844514],[12.532654271299974,50.03785215208239],[12.54164747493722,50.03785215208239],[12.54164747493722,50.02885894844514],[12.532654271299974,50.02885894844514]]]}},{"type":"Feature","properties":{"jobs":0,"pop":32,"pointCount":2,"homeWorkCommuteMedian":14163,"workHomeCommuteMedian":-1},"geometry":{"type":"Polygon","coordinates":[[[12.532654271299974,50.04684535571963],[12.532654271299974,50.05583855935688],[12.54164747493722,50.05583855935688],[12.54164747493722,50.04684535571963],[12.532654271299974,50.04684535571963]]]}},{"type":"Feature","properties":{"jobs":0,"pop":2,"pointCount":1,"homeWorkCommuteMedian":13747,"workHomeCommuteMedian":-1},"geometry":{"type":"Polygon","coordinates":[[[12.532654271299974,50.064831762994125],[12.532654271299974,50.07382496663137],[12.54164747493722,50.07382496663137],[12.54164747493722,50.064831762994125],[12.532654271299974,50.064831762994125]]]}},{"type":"Feature","properties":{"jobs":95,"pop":521,"pointCount":14,"homeWorkCommuteMedian":12072,"workHomeCommuteMedian":7969},"geometry":{"type":"Polygon","coordinates":[[[12.532654271299974,50.109797781180355],[12.532654271299974,50.1187909848176],[12.54164747493722,50.1187909848176],[12.54164747493722,50.109797781180355],[12.532654271299974,50.109797781180355]]]}},{"type":"Feature","properties":{"jobs":14,"pop":302,"pointCount":12,"homeWorkCommuteMedian":16507,"workHomeCommuteMedian":948},"geometry":{"type":"Polygon","coordinates":[[[12.532654271299974,50.1187909848176],[12.532654271299974,50.12778418845485],[12.54164747493722,50.12778418845485],[12.54164747493722,50.1187909848176],[12.532654271299974,50.1187909848176]]]}},{"type":"Feature","properties":{"jobs":43,"pop":55,"pointCount":5,"homeWorkCommuteMedian":9577,"workHomeCommuteMedian":306},"geometry":{"type":"Polygon","coordinates":[[[12.532654271299974,50.14577059572934],[12.532654271299974,50.154763799366584],[12.54164747493722,50.154763799366584],[12.54164747493722,50.14577059572934],[12.532654271299974,50.14577059572934]]]}},{"type":"Feature","properties":{"jobs":23,"pop":19,"pointCount":1,"homeWorkCommuteMedian":9435,"workHomeCommuteMedian":21100},"geometry":{"type":"Polygon","coordinates":[[[12.532654271299974,50.172750206641076],[12.532654271299974,50.18174341027832],[12.54164747493722,50.18174341027832],[12.54164747493722,50.172750206641076],[12.532654271299974,50.172750206641076]]]}},{"type":"Feature","properties":{"jobs":0,"pop":11,"pointCount":1,"homeWorkCommuteMedian":10912,"workHomeCommuteMedian":-1},"geometry":{"type":"Polygon","coordinates":[[[12.532654271299974,50.18174341027832],[12.532654271299974,50.19073661391557],[12.54164747493722,50.19073661391557],[12.54164747493722,50.18174341027832],[12.532654271299974,50.18174341027832]]]}},{"type":"Feature","properties":{"jobs":87,"pop":315,"pointCount":14,"homeWorkCommuteMedian":14856,"workHomeCommuteMedian":10943},"geometry":{"type":"Polygon","coordinates":[[[12.532654271299974,50.20872302119006],[12.532654271299974,50.217716224827306],[12.54164747493722,50.217716224827306],[12.54164747493722,50.20872302119006],[12.532654271299974,50.20872302119006]]]}},{"type":"Feature","properties":{"jobs":47,"pop":12,"pointCount":2,"homeWorkCommuteMedian":2387,"workHomeCommuteMedian":756},"geometry":{"type":"Polygon","coordinates":[[[12.532654271299974,50.217716224827306],[12.532654271299974,50.22670942846455],[12.54164747493722,50.22670942846455],[12.54164747493722,50.217716224827306],[12.532654271299974,50.217716224827306]]]}},{"type":"Feature","properties":{"jobs":26,"pop":0,"pointCount":1,"homeWorkCommuteMedian":-1,"workHomeCommuteMedian":3008},"geometry":{"type":"Polygon","coordinates":[[[12.532654271299974,50.28066865028803],[12.532654271299974,50.289661853925274],[12.54164747493722,50.289661853925274],[12.54164747493722,50.28066865028803],[12.532654271299974,50.28066865028803]]]}},{"type":"Feature","properties":{"jobs":11,"pop":23,"pointCount":2,"homeWorkCommuteMedian":32645,"workHomeCommuteMedian":3},"geometry":{"type":"Polygon","coordinates":[[[12.532654271299974,50.307648261199766],[12.532654271299974,50.31664146483701],[12.54164747493722,50.31664146483701],[12.54164747493722,50.307648261199766],[12.532654271299974,50.307648261199766]]]}},{"type":"Feature","properties":{"jobs":0,"pop":1,"pointCount":1,"homeWorkCommuteMedian":790,"workHomeCommuteMedian":-1},"geometry":{"type":"Polygon","coordinates":[[[12.54164747493722,49.98389293025891],[12.54164747493722,49.99288613389616],[12.550640678574466,49.99288613389616],[12.550640678574466,49.98389293025891],[12.54164747493722,49.98389293025891]]]}},{"type":"Feature","properties":{"jobs":91,"pop":510,"pointCount":17,"homeWorkCommuteMedian":17925,"workHomeCommuteMedian":1144},"geometry":{"type":"Polygon","coordinates":[[[12.54164747493722,50.01087254117065],[12.54164747493722,50.019865744807895],[12.550640678574466,50.019865744807895],[12.550640678574466,50.01087254117065],[12.54164747493722,50.01087254117065]]]}},{"type":"Feature","properties":{"jobs":0,"pop":10,"pointCount":1,"homeWorkCommuteMedian":18232,"workHomeCommuteMedian":-1},"geometry":{"type":"Polygon","coordinates":[[[12.54164747493722,50.019865744807895],[12.54164747493722,50.02885894844514],[12.550640678574466,50.02885894844514],[12.550640678574466,50.019865744807895],[12.54164747493722,50.019865744807895]]]}},{"type":"Feature","properties":{"jobs":3,"pop":33,"pointCount":2,"homeWorkCommuteMedian":19891,"workHomeCommuteMedian":292},"geometry":{"type":"Polygon","coordinates":[[[12.54164747493722,50.04684535571963],[12.54164747493722,50.05583855935688],[12.550640678574466,50.05583855935688],[12.550640678574466,50.04684535571963],[12.54164747493722,50.04684535571963]]]}},{"type":"Feature","properties":{"jobs":5,"pop":56,"pointCount":4,"homeWorkCommuteMedian":16309,"workHomeCommuteMedian":20926},"geometry":{"type":"Polygon","coordinates":[[[12.54164747493722,50.05583855935688],[12.54164747493722,50.064831762994125],[12.550640678574466,50.064831762994125],[12.550640678574466,50.05583855935688],[12.54164747493722,50.05583855935688]]]}},{"type":"Feature","properties":{"jobs":9,"pop":0,"pointCount":1,"homeWorkCommuteMedian":-1,"workHomeCommuteMedian":452},"geometry":{"type":"Polygon","coordinates":[[[12.54164747493722,50.08281817026862],[12.54164747493722,50.09181137390586],[12.550640678574466,50.09181137390586],[12.550640678574466,50.08281817026862],[12.54164747493722,50.08281817026862]]]}},{"type":"Feature","properties":{"jobs":0,"pop":19,"pointCount":1,"homeWorkCommuteMedian":3092,"workHomeCommuteMedian":-1},"geometry":{"type":"Polygon","coordinates":[[[12.54164747493722,50.09181137390586],[12.54164747493722,50.10080457754311],[12.550640678574466,50.10080457754311],[12.550640678574466,50.09181137390586],[12.54164747493722,50.09181137390586]]]}},{"type":"Feature","properties":{"jobs":20,"pop":19,"pointCount":2,"homeWorkCommuteMedian":14725,"workHomeCommuteMedian":3409},"geometry":{"type":"Polygon","coordinates":[[[12.54164747493722,50.10080457754311],[12.54164747493722,50.109797781180355],[12.550640678574466,50.109797781180355],[12.550640678574466,50.10080457754311],[12.54164747493722,50.10080457754311]]]}},{"type":"Feature","properties":{"jobs":56,"pop":132,"pointCount":7,"homeWorkCommuteMedian":13385,"workHomeCommuteMedian":2955},"geometry":{"type":"Polygon","coordinates":[[[12.54164747493722,50.172750206641076],[12.54164747493722,50.18174341027832],[12.550640678574466,50.18174341027832],[12.550640678574466,50.172750206641076],[12.54164747493722,50.172750206641076]]]}},{"type":"Feature","properties":{"jobs":483,"pop":631,"pointCount":18,"homeWorkCommuteMedian":11052,"workHomeCommuteMedian":1907},"geometry":{"type":"Polygon","coordinates":[[[12.54164747493722,50.18174341027832],[12.54164747493722,50.19073661391557],[12.550640678574466,50.19073661391557],[12.550640678574466,50.18174341027832],[12.54164747493722,50.18174341027832]]]}},{"type":"Feature","properties":{"jobs":0,"pop":22,"pointCount":1,"homeWorkCommuteMedian":9834,"workHomeCommuteMedian":-1},"geometry":{"type":"Polygon","coordinates":[[[12.54164747493722,50.199729817552814],[12.54164747493722,50.20872302119006],[12.550640678574466,50.20872302119006],[12.550640678574466,50.199729817552814],[12.54164747493722,50.199729817552814]]]}},{"type":"Feature","properties":{"jobs":0,"pop":49,"pointCount":1,"homeWorkCommuteMedian":29567,"workHomeCommuteMedian":-1},"geometry":{"type":"Polygon","coordinates":[[[12.54164747493722,50.20872302119006],[12.54164747493722,50.217716224827306],[12.550640678574466,50.217716224827306],[12.550640678574466,50.20872302119006],[12.54164747493722,50.20872302119006]]]}},{"type":"Feature","properties":{"jobs":6,"pop":16,"pointCount":2,"homeWorkCommuteMedian":10423,"workHomeCommuteMedian":172},"geometry":{"type":"Polygon","coordinates":[[[12.54164747493722,50.217716224827306],[12.54164747493722,50.22670942846455],[12.550640678574466,50.22670942846455],[12.550640678574466,50.217716224827306],[12.54164747493722,50.217716224827306]]]}},{"type":"Feature","properties":{"jobs":0,"pop":11,"pointCount":2,"homeWorkCommuteMedian":28300,"workHomeCommuteMedian":-1},"geometry":{"type":"Polygon","coordinates":[[[12.54164747493722,50.25368903937629],[12.54164747493722,50.262682243013536],[12.550640678574466,50.262682243013536],[12.550640678574466,50.25368903937629],[12.54164747493722,50.25368903937629]]]}},{"type":"Feature","properties":{"jobs":48,"pop":0,"pointCount":1,"homeWorkCommuteMedian":-1,"workHomeCommuteMedian":5473},"geometry":{"type":"Polygon","coordinates":[[[12.54164747493722,50.28066865028803],[12.54164747493722,50.289661853925274],[12.550640678574466,50.289661853925274],[12.550640678574466,50.28066865028803],[12.54164747493722,50.28066865028803]]]}},{"type":"Feature","properties":{"jobs":0,"pop":33,"pointCount":1,"homeWorkCommuteMedian":23711,"workHomeCommuteMedian":-1},"geometry":{"type":"Polygon","coordinates":[[[12.54164747493722,50.29865505756252],[12.54164747493722,50.307648261199766],[12.550640678574466,50.307648261199766],[12.550640678574466,50.29865505756252],[12.54164747493722,50.29865505756252]]]}},{"type":"Feature","properties":{"jobs":1,"pop":0,"pointCount":1,"homeWorkCommuteMedian":-1,"workHomeCommuteMedian":790},"geometry":{"type":"Polygon","coordinates":[[[12.550640678574466,49.974899726621665],[12.550640678574466,49.98389293025891],[12.559633882211712,49.98389293025891],[12.559633882211712,49.974899726621665],[12.550640678574466,49.974899726621665]]]}},{"type":"Feature","properties":{"jobs":0,"pop":3,"pointCount":1,"homeWorkCommuteMedian":26541,"workHomeCommuteMedian":-1},"geometry":{"type":"Polygon","coordinates":[[[12.550640678574466,50.0018793375334],[12.550640678574466,50.01087254117065],[12.559633882211712,50.01087254117065],[12.559633882211712,50.0018793375334],[12.550640678574466,50.0018793375334]]]}},{"type":"Feature","properties":{"jobs":16,"pop":109,"pointCount":8,"homeWorkCommuteMedian":12807,"workHomeCommuteMedian":425},"geometry":{"type":"Polygon","coordinates":[[[12.550640678574466,50.01087254117065],[12.550640678574466,50.019865744807895],[12.559633882211712,50.019865744807895],[12.559633882211712,50.01087254117065],[12.550640678574466,50.01087254117065]]]}},{"type":"Feature","properties":{"jobs":28,"pop":124,"pointCount":4,"homeWorkCommuteMedian":15483,"workHomeCommuteMedian":16880},"geometry":{"type":"Polygon","coordinates":[[[12.550640678574466,50.10080457754311],[12.550640678574466,50.109797781180355],[12.559633882211712,50.109797781180355],[12.559633882211712,50.10080457754311],[12.550640678574466,50.10080457754311]]]}},{"type":"Feature","properties":{"jobs":275,"pop":18,"pointCount":5,"homeWorkCommuteMedian":15100,"workHomeCommuteMedian":3897},"geometry":{"type":"Polygon","coordinates":[[[12.550640678574466,50.109797781180355],[12.550640678574466,50.1187909848176],[12.559633882211712,50.1187909848176],[12.559633882211712,50.109797781180355],[12.550640678574466,50.109797781180355]]]}},{"type":"Feature","properties":{"jobs":14,"pop":11,"pointCount":1,"homeWorkCommuteMedian":14187,"workHomeCommuteMedian":2392},"geometry":{"type":"Polygon","coordinates":[[[12.550640678574466,50.1187909848176],[12.550640678574466,50.12778418845485],[12.559633882211712,50.12778418845485],[12.559633882211712,50.1187909848176],[12.550640678574466,50.1187909848176]]]}},{"type":"Feature","properties":{"jobs":172,"pop":227,"pointCount":8,"homeWorkCommuteMedian":12877,"workHomeCommuteMedian":3266},"geometry":{"type":"Polygon","coordinates":[[[12.550640678574466,50.12778418845485],[12.550640678574466,50.13677739209209],[12.559633882211712,50.13677739209209],[12.559633882211712,50.12778418845485],[12.550640678574466,50.12778418845485]]]}},{"type":"Feature","properties":{"jobs":24,"pop":27,"pointCount":2,"homeWorkCommuteMedian":1633,"workHomeCommuteMedian":11535},"geometry":{"type":"Polygon","coordinates":[[[12.550640678574466,50.172750206641076],[12.550640678574466,50.18174341027832],[12.559633882211712,50.18174341027832],[12.559633882211712,50.172750206641076],[12.550640678574466,50.172750206641076]]]}},{"type":"Feature","properties":{"jobs":214,"pop":944,"pointCount":24,"homeWorkCommuteMedian":12106,"workHomeCommuteMedian":4732},"geometry":{"type":"Polygon","coordinates":[[[12.550640678574466,50.18174341027832],[12.550640678574466,50.19073661391557],[12.559633882211712,50.19073661391557],[12.559633882211712,50.18174341027832],[12.550640678574466,50.18174341027832]]]}},{"type":"Feature","properties":{"jobs":13,"pop":0,"pointCount":1,"homeWorkCommuteMedian":-1,"workHomeCommuteMedian":2387},"geometry":{"type":"Polygon","coordinates":[[[12.550640678574466,50.199729817552814],[12.550640678574466,50.20872302119006],[12.559633882211712,50.20872302119006],[12.559633882211712,50.199729817552814],[12.550640678574466,50.199729817552814]]]}},{"type":"Feature","properties":{"jobs":11,"pop":137,"pointCount":4,"homeWorkCommuteMedian":12556,"workHomeCommuteMedian":1251},"geometry":{"type":"Polygon","coordinates":[[[12.550640678574466,50.2357026321018],[12.550640678574466,50.244695835739044],[12.559633882211712,50.244695835739044],[12.559633882211712,50.2357026321018],[12.550640678574466,50.2357026321018]]]}},{"type":"Feature","properties":{"jobs":129,"pop":112,"pointCount":6,"homeWorkCommuteMedian":12625,"workHomeCommuteMedian":1056},"geometry":{"type":"Polygon","coordinates":[[[12.550640678574466,50.244695835739044],[12.550640678574466,50.25368903937629],[12.559633882211712,50.25368903937629],[12.559633882211712,50.244695835739044],[12.550640678574466,50.244695835739044]]]}},{"type":"Feature","properties":{"jobs":124,"pop":116,"pointCount":7,"homeWorkCommuteMedian":14314,"workHomeCommuteMedian":6430},"geometry":{"type":"Polygon","coordinates":[[[12.550640678574466,50.25368903937629],[12.550640678574466,50.262682243013536],[12.559633882211712,50.262682243013536],[12.559633882211712,50.25368903937629],[12.550640678574466,50.25368903937629]]]}},{"type":"Feature","properties":{"jobs":108,"pop":839,"pointCount":25,"homeWorkCommuteMedian":15332,"workHomeCommuteMedian":461},"geometry":{"type":"Polygon","coordinates":[[[12.550640678574466,50.29865505756252],[12.550640678574466,50.307648261199766],[12.559633882211712,50.307648261199766],[12.559633882211712,50.29865505756252],[12.550640678574466,50.29865505756252]]]}},{"type":"Feature","properties":{"jobs":0,"pop":11,"pointCount":1,"homeWorkCommuteMedian":1252,"workHomeCommuteMedian":-1},"geometry":{"type":"Polygon","coordinates":[[[12.550640678574466,50.307648261199766],[12.550640678574466,50.31664146483701],[12.559633882211712,50.31664146483701],[12.559633882211712,50.307648261199766],[12.550640678574466,50.307648261199766]]]}},{"type":"Feature","properties":{"jobs":7,"pop":44,"pointCount":3,"homeWorkCommuteMedian":16867,"workHomeCommuteMedian":306},"geometry":{"type":"Polygon","coordinates":[[[12.559633882211712,50.019865744807895],[12.559633882211712,50.02885894844514],[12.568627085848957,50.02885894844514],[12.568627085848957,50.019865744807895],[12.559633882211712,50.019865744807895]]]}},{"type":"Feature","properties":{"jobs":107,"pop":0,"pointCount":1,"homeWorkCommuteMedian":-1,"workHomeCommuteMedian":7103},"geometry":{"type":"Polygon","coordinates":[[[12.559633882211712,50.10080457754311],[12.559633882211712,50.109797781180355],[12.568627085848957,50.109797781180355],[12.568627085848957,50.10080457754311],[12.559633882211712,50.10080457754311]]]}},{"type":"Feature","properties":{"jobs":48,"pop":0,"pointCount":1,"homeWorkCommuteMedian":-1,"workHomeCommuteMedian":3183},"geometry":{"type":"Polygon","coordinates":[[[12.559633882211712,50.109797781180355],[12.559633882211712,50.1187909848176],[12.568627085848957,50.1187909848176],[12.568627085848957,50.109797781180355],[12.559633882211712,50.109797781180355]]]}},{"type":"Feature","properties":{"jobs":56,"pop":82,"pointCount":6,"homeWorkCommuteMedian":10705,"workHomeCommuteMedian":10518},"geometry":{"type":"Polygon","coordinates":[[[12.559633882211712,50.14577059572934],[12.559633882211712,50.154763799366584],[12.568627085848957,50.154763799366584],[12.568627085848957,50.14577059572934],[12.559633882211712,50.14577059572934]]]}},{"type":"Feature","properties":{"jobs":52,"pop":0,"pointCount":1,"homeWorkCommuteMedian":-1,"workHomeCommuteMedian":10266},"geometry":{"type":"Polygon","coordinates":[[[12.559633882211712,50.16375700300383],[12.559633882211712,50.172750206641076],[12.568627085848957,50.172750206641076],[12.568627085848957,50.16375700300383],[12.559633882211712,50.16375700300383]]]}},{"type":"Feature","properties":{"jobs":1,"pop":89,"pointCount":5,"homeWorkCommuteMedian":9707,"workHomeCommuteMedian":1032},"geometry":{"type":"Polygon","coordinates":[[[12.559633882211712,50.18174341027832],[12.559633882211712,50.19073661391557],[12.568627085848957,50.19073661391557],[12.568627085848957,50.18174341027832],[12.559633882211712,50.18174341027832]]]}},{"type":"Feature","properties":{"jobs":0,"pop":11,"pointCount":1,"homeWorkCommuteMedian":11164,"workHomeCommuteMedian":-1},"geometry":{"type":"Polygon","coordinates":[[[12.559633882211712,50.19073661391557],[12.559633882211712,50.199729817552814],[12.568627085848957,50.199729817552814],[12.568627085848957,50.19073661391557],[12.559633882211712,50.19073661391557]]]}},{"type":"Feature","properties":{"jobs":42,"pop":176,"pointCount":7,"homeWorkCommuteMedian":13178,"workHomeCommuteMedian":991},"geometry":{"type":"Polygon","coordinates":[[[12.559633882211712,50.244695835739044],[12.559633882211712,50.25368903937629],[12.568627085848957,50.25368903937629],[12.568627085848957,50.244695835739044],[12.559633882211712,50.244695835739044]]]}},{"type":"Feature","properties":{"jobs":0,"pop":84,"pointCount":2,"homeWorkCommuteMedian":12481,"workHomeCommuteMedian":-1},"geometry":{"type":"Polygon","coordinates":[[[12.559633882211712,50.25368903937629],[12.559633882211712,50.262682243013536],[12.568627085848957,50.262682243013536],[12.568627085848957,50.25368903937629],[12.559633882211712,50.25368903937629]]]}},{"type":"Feature","properties":{"jobs":35,"pop":160,"pointCount":6,"homeWorkCommuteMedian":11505,"workHomeCommuteMedian":8164},"geometry":{"type":"Polygon","coordinates":[[[12.559633882211712,50.29865505756252],[12.559633882211712,50.307648261199766],[12.568627085848957,50.307648261199766],[12.568627085848957,50.29865505756252],[12.559633882211712,50.29865505756252]]]}},{"type":"Feature","properties":{"jobs":0,"pop":1,"pointCount":1,"homeWorkCommuteMedian":1263,"workHomeCommuteMedian":-1},"geometry":{"type":"Polygon","coordinates":[[[12.568627085848957,50.03785215208239],[12.568627085848957,50.04684535571963],[12.577620289486203,50.04684535571963],[12.577620289486203,50.03785215208239],[12.568627085848957,50.03785215208239]]]}},{"type":"Feature","properties":{"jobs":1,"pop":0,"pointCount":1,"homeWorkCommuteMedian":-1,"workHomeCommuteMedian":1263},"geometry":{"type":"Polygon","coordinates":[[[12.568627085848957,50.04684535571963],[12.568627085848957,50.05583855935688],[12.577620289486203,50.05583855935688],[12.577620289486203,50.04684535571963],[12.568627085848957,50.04684535571963]]]}},{"type":"Feature","properties":{"jobs":0,"pop":17,"pointCount":1,"homeWorkCommuteMedian":8427,"workHomeCommuteMedian":-1},"geometry":{"type":"Polygon","coordinates":[[[12.568627085848957,50.12778418845485],[12.568627085848957,50.13677739209209],[12.577620289486203,50.13677739209209],[12.577620289486203,50.12778418845485],[12.568627085848957,50.12778418845485]]]}},{"type":"Feature","properties":{"jobs":11,"pop":0,"pointCount":1,"homeWorkCommuteMedian":-1,"workHomeCommuteMedian":6723},"geometry":{"type":"Polygon","coordinates":[[[12.568627085848957,50.13677739209209],[12.568627085848957,50.14577059572934],[12.577620289486203,50.14577059572934],[12.577620289486203,50.13677739209209],[12.568627085848957,50.13677739209209]]]}},{"type":"Feature","properties":{"jobs":19,"pop":39,"pointCount":2,"homeWorkCommuteMedian":11134,"workHomeCommuteMedian":866},"geometry":{"type":"Polygon","coordinates":[[[12.568627085848957,50.14577059572934],[12.568627085848957,50.154763799366584],[12.577620289486203,50.154763799366584],[12.577620289486203,50.14577059572934],[12.568627085848957,50.14577059572934]]]}},{"type":"Feature","properties":{"jobs":97,"pop":118,"pointCount":4,"homeWorkCommuteMedian":23677,"workHomeCommuteMedian":390},"geometry":{"type":"Polygon","coordinates":[[[12.568627085848957,50.154763799366584],[12.568627085848957,50.16375700300383],[12.577620289486203,50.16375700300383],[12.577620289486203,50.154763799366584],[12.568627085848957,50.154763799366584]]]}},{"type":"Feature","properties":{"jobs":59,"pop":392,"pointCount":12,"homeWorkCommuteMedian":7933,"workHomeCommuteMedian":3613},"geometry":{"type":"Polygon","coordinates":[[[12.568627085848957,50.16375700300383],[12.568627085848957,50.172750206641076],[12.577620289486203,50.172750206641076],[12.577620289486203,50.16375700300383],[12.568627085848957,50.16375700300383]]]}},{"type":"Feature","properties":{"jobs":27,"pop":41,"pointCount":1,"homeWorkCommuteMedian":7605,"workHomeCommuteMedian":1633},"geometry":{"type":"Polygon","coordinates":[[[12.568627085848957,50.18174341027832],[12.568627085848957,50.19073661391557],[12.577620289486203,50.19073661391557],[12.577620289486203,50.18174341027832],[12.568627085848957,50.18174341027832]]]}},{"type":"Feature","properties":{"jobs":0,"pop":102,"pointCount":3,"homeWorkCommuteMedian":21546,"workHomeCommuteMedian":-1},"geometry":{"type":"Polygon","coordinates":[[[12.568627085848957,50.19073661391557],[12.568627085848957,50.199729817552814],[12.577620289486203,50.199729817552814],[12.577620289486203,50.19073661391557],[12.568627085848957,50.19073661391557]]]}},{"type":"Feature","properties":{"jobs":0,"pop":10,"pointCount":1,"homeWorkCommuteMedian":343,"workHomeCommuteMedian":-1},"geometry":{"type":"Polygon","coordinates":[[[12.568627085848957,50.20872302119006],[12.568627085848957,50.217716224827306],[12.577620289486203,50.217716224827306],[12.577620289486203,50.20872302119006],[12.568627085848957,50.20872302119006]]]}},{"type":"Feature","properties":{"jobs":10,"pop":20,"pointCount":1,"homeWorkCommuteMedian":23276,"workHomeCommuteMedian":343},"geometry":{"type":"Polygon","coordinates":[[[12.568627085848957,50.217716224827306],[12.568627085848957,50.22670942846455],[12.577620289486203,50.22670942846455],[12.577620289486203,50.217716224827306],[12.568627085848957,50.217716224827306]]]}},{"type":"Feature","properties":{"jobs":314,"pop":69,"pointCount":5,"homeWorkCommuteMedian":14849,"workHomeCommuteMedian":2908},"geometry":{"type":"Polygon","coordinates":[[[12.568627085848957,50.289661853925274],[12.568627085848957,50.29865505756252],[12.577620289486203,50.29865505756252],[12.577620289486203,50.289661853925274],[12.568627085848957,50.289661853925274]]]}},{"type":"Feature","properties":{"jobs":40,"pop":0,"pointCount":1,"homeWorkCommuteMedian":-1,"workHomeCommuteMedian":9635},"geometry":{"type":"Polygon","coordinates":[[[12.577620289486203,49.99288613389616],[12.577620289486203,50.0018793375334],[12.58661349312345,50.0018793375334],[12.58661349312345,49.99288613389616],[12.577620289486203,49.99288613389616]]]}},{"type":"Feature","properties":{"jobs":52,"pop":159,"pointCount":6,"homeWorkCommuteMedian":12622,"workHomeCommuteMedian":4728},"geometry":{"type":"Polygon","coordinates":[[[12.577620289486203,50.12778418845485],[12.577620289486203,50.13677739209209],[12.58661349312345,50.13677739209209],[12.58661349312345,50.12778418845485],[12.577620289486203,50.12778418845485]]]}},{"type":"Feature","properties":{"jobs":10,"pop":44,"pointCount":1,"homeWorkCommuteMedian":28016,"workHomeCommuteMedian":1321},"geometry":{"type":"Polygon","coordinates":[[[12.577620289486203,50.154763799366584],[12.577620289486203,50.16375700300383],[12.58661349312345,50.16375700300383],[12.58661349312345,50.154763799366584],[12.577620289486203,50.154763799366584]]]}},{"type":"Feature","properties":{"jobs":0,"pop":82,"pointCount":1,"homeWorkCommuteMedian":7442,"workHomeCommuteMedian":-1},"geometry":{"type":"Polygon","coordinates":[[[12.577620289486203,50.16375700300383],[12.577620289486203,50.172750206641076],[12.58661349312345,50.172750206641076],[12.58661349312345,50.16375700300383],[12.577620289486203,50.16375700300383]]]}},{"type":"Feature","properties":{"jobs":7,"pop":25,"pointCount":2,"homeWorkCommuteMedian":8459,"workHomeCommuteMedian":3002},"geometry":{"type":"Polygon","coordinates":[[[12.577620289486203,50.19073661391557],[12.577620289486203,50.199729817552814],[12.58661349312345,50.199729817552814],[12.58661349312345,50.19073661391557],[12.577620289486203,50.19073661391557]]]}},{"type":"Feature","properties":{"jobs":0,"pop":58,"pointCount":3,"homeWorkCommuteMedian":7827,"workHomeCommuteMedian":-1},"geometry":{"type":"Polygon","coordinates":[[[12.577620289486203,50.199729817552814],[12.577620289486203,50.20872302119006],[12.58661349312345,50.20872302119006],[12.58661349312345,50.199729817552814],[12.577620289486203,50.199729817552814]]]}},{"type":"Feature","properties":{"jobs":10,"pop":83,"pointCount":5,"homeWorkCommuteMedian":7194,"workHomeCommuteMedian":488},"geometry":{"type":"Polygon","coordinates":[[[12.577620289486203,50.20872302119006],[12.577620289486203,50.217716224827306],[12.58661349312345,50.217716224827306],[12.58661349312345,50.20872302119006],[12.577620289486203,50.20872302119006]]]}},{"type":"Feature","properties":{"jobs":33,"pop":11,"pointCount":2,"homeWorkCommuteMedian":20059,"workHomeCommuteMedian":11108},"geometry":{"type":"Polygon","coordinates":[[[12.577620289486203,50.29865505756252],[12.577620289486203,50.307648261199766],[12.58661349312345,50.307648261199766],[12.58661349312345,50.29865505756252],[12.577620289486203,50.29865505756252]]]}},{"type":"Feature","properties":{"jobs":0,"pop":34,"pointCount":2,"homeWorkCommuteMedian":20374,"workHomeCommuteMedian":-1},"geometry":{"type":"Polygon","coordinates":[[[12.58661349312345,49.98389293025891],[12.58661349312345,49.99288613389616],[12.595606696760695,49.99288613389616],[12.595606696760695,49.98389293025891],[12.58661349312345,49.98389293025891]]]}},{"type":"Feature","properties":{"jobs":49,"pop":81,"pointCount":5,"homeWorkCommuteMedian":10996,"workHomeCommuteMedian":9699},"geometry":{"type":"Polygon","coordinates":[[[12.58661349312345,49.99288613389616],[12.58661349312345,50.0018793375334],[12.595606696760695,50.0018793375334],[12.595606696760695,49.99288613389616],[12.58661349312345,49.99288613389616]]]}},{"type":"Feature","properties":{"jobs":0,"pop":15,"pointCount":1,"homeWorkCommuteMedian":16096,"workHomeCommuteMedian":-1},"geometry":{"type":"Polygon","coordinates":[[[12.58661349312345,50.1187909848176],[12.58661349312345,50.12778418845485],[12.595606696760695,50.12778418845485],[12.595606696760695,50.1187909848176],[12.58661349312345,50.1187909848176]]]}},{"type":"Feature","properties":{"jobs":0,"pop":10,"pointCount":1,"homeWorkCommuteMedian":22604,"workHomeCommuteMedian":-1},"geometry":{"type":"Polygon","coordinates":[[[12.58661349312345,50.12778418845485],[12.58661349312345,50.13677739209209],[12.595606696760695,50.13677739209209],[12.595606696760695,50.12778418845485],[12.58661349312345,50.12778418845485]]]}},{"type":"Feature","properties":{"jobs":13,"pop":0,"pointCount":1,"homeWorkCommuteMedian":-1,"workHomeCommuteMedian":3555},"geometry":{"type":"Polygon","coordinates":[[[12.58661349312345,50.19073661391557],[12.58661349312345,50.199729817552814],[12.595606696760695,50.199729817552814],[12.595606696760695,50.19073661391557],[12.58661349312345,50.19073661391557]]]}},{"type":"Feature","properties":{"jobs":0,"pop":29,"pointCount":2,"homeWorkCommuteMedian":10343,"workHomeCommuteMedian":-1},"geometry":{"type":"Polygon","coordinates":[[[12.58661349312345,50.217716224827306],[12.58661349312345,50.22670942846455],[12.595606696760695,50.22670942846455],[12.595606696760695,50.217716224827306],[12.58661349312345,50.217716224827306]]]}},{"type":"Feature","properties":{"jobs":0,"pop":32,"pointCount":1,"homeWorkCommuteMedian":8235,"workHomeCommuteMedian":-1},"geometry":{"type":"Polygon","coordinates":[[[12.58661349312345,50.22670942846455],[12.58661349312345,50.2357026321018],[12.595606696760695,50.2357026321018],[12.595606696760695,50.22670942846455],[12.58661349312345,50.22670942846455]]]}},{"type":"Feature","properties":{"jobs":0,"pop":8,"pointCount":1,"homeWorkCommuteMedian":23121,"workHomeCommuteMedian":-1},"geometry":{"type":"Polygon","coordinates":[[[12.58661349312345,50.25368903937629],[12.58661349312345,50.262682243013536],[12.595606696760695,50.262682243013536],[12.595606696760695,50.25368903937629],[12.58661349312345,50.25368903937629]]]}},{"type":"Feature","properties":{"jobs":41,"pop":29,"pointCount":3,"homeWorkCommuteMedian":10789,"workHomeCommuteMedian":2566},"geometry":{"type":"Polygon","coordinates":[[[12.595606696760695,49.929933708435435],[12.595606696760695,49.93892691207268],[12.604599900397941,49.93892691207268],[12.604599900397941,49.929933708435435],[12.595606696760695,49.929933708435435]]]}},{"type":"Feature","properties":{"jobs":11,"pop":26,"pointCount":1,"homeWorkCommuteMedian":30769,"workHomeCommuteMedian":4656},"geometry":{"type":"Polygon","coordinates":[[[12.595606696760695,50.13677739209209],[12.595606696760695,50.14577059572934],[12.604599900397941,50.14577059572934],[12.604599900397941,50.13677739209209],[12.595606696760695,50.13677739209209]]]}},{"type":"Feature","properties":{"jobs":1,"pop":75,"pointCount":3,"homeWorkCommuteMedian":5936,"workHomeCommuteMedian":112},"geometry":{"type":"Polygon","coordinates":[[[12.595606696760695,50.14577059572934],[12.595606696760695,50.154763799366584],[12.604599900397941,50.154763799366584],[12.604599900397941,50.14577059572934],[12.595606696760695,50.14577059572934]]]}},{"type":"Feature","properties":{"jobs":12,"pop":78,"pointCount":7,"homeWorkCommuteMedian":17940,"workHomeCommuteMedian":703},"geometry":{"type":"Polygon","coordinates":[[[12.595606696760695,50.28066865028803],[12.595606696760695,50.289661853925274],[12.604599900397941,50.289661853925274],[12.604599900397941,50.28066865028803],[12.595606696760695,50.28066865028803]]]}},{"type":"Feature","properties":{"jobs":48,"pop":41,"pointCount":3,"homeWorkCommuteMedian":23066,"workHomeCommuteMedian":371},"geometry":{"type":"Polygon","coordinates":[[[12.595606696760695,50.31664146483701],[12.595606696760695,50.32563466847426],[12.604599900397941,50.32563466847426],[12.604599900397941,50.31664146483701],[12.595606696760695,50.31664146483701]]]}},{"type":"Feature","properties":{"jobs":45,"pop":100,"pointCount":4,"homeWorkCommuteMedian":10200,"workHomeCommuteMedian":2156},"geometry":{"type":"Polygon","coordinates":[[[12.604599900397941,49.93892691207268],[12.604599900397941,49.94792011570993],[12.613593104035187,49.94792011570993],[12.613593104035187,49.93892691207268],[12.604599900397941,49.93892691207268]]]}},{"type":"Feature","properties":{"jobs":0,"pop":19,"pointCount":1,"homeWorkCommuteMedian":9629,"workHomeCommuteMedian":-1},"geometry":{"type":"Polygon","coordinates":[[[12.604599900397941,49.94792011570993],[12.604599900397941,49.95691331934717],[12.613593104035187,49.95691331934717],[12.613593104035187,49.94792011570993],[12.604599900397941,49.94792011570993]]]}},{"type":"Feature","properties":{"jobs":0,"pop":15,"pointCount":1,"homeWorkCommuteMedian":8755,"workHomeCommuteMedian":-1},"geometry":{"type":"Polygon","coordinates":[[[12.604599900397941,49.98389293025891],[12.604599900397941,49.99288613389616],[12.613593104035187,49.99288613389616],[12.613593104035187,49.98389293025891],[12.604599900397941,49.98389293025891]]]}},{"type":"Feature","properties":{"jobs":107,"pop":64,"pointCount":4,"homeWorkCommuteMedian":6736,"workHomeCommuteMedian":5775},"geometry":{"type":"Polygon","coordinates":[[[12.604599900397941,49.99288613389616],[12.604599900397941,50.0018793375334],[12.613593104035187,50.0018793375334],[12.613593104035187,49.99288613389616],[12.604599900397941,49.99288613389616]]]}},{"type":"Feature","properties":{"jobs":121,"pop":0,"pointCount":2,"homeWorkCommuteMedian":-1,"workHomeCommuteMedian":10368},"geometry":{"type":"Polygon","coordinates":[[[12.604599900397941,50.0018793375334],[12.604599900397941,50.01087254117065],[12.613593104035187,50.01087254117065],[12.613593104035187,50.0018793375334],[12.604599900397941,50.0018793375334]]]}},{"type":"Feature","properties":{"jobs":21,"pop":0,"pointCount":1,"homeWorkCommuteMedian":-1,"workHomeCommuteMedian":7838},"geometry":{"type":"Polygon","coordinates":[[[12.604599900397941,50.109797781180355],[12.604599900397941,50.1187909848176],[12.613593104035187,50.1187909848176],[12.613593104035187,50.109797781180355],[12.604599900397941,50.109797781180355]]]}},{"type":"Feature","properties":{"jobs":20,"pop":0,"pointCount":1,"homeWorkCommuteMedian":-1,"workHomeCommuteMedian":5507},"geometry":{"type":"Polygon","coordinates":[[[12.604599900397941,50.13677739209209],[12.604599900397941,50.14577059572934],[12.613593104035187,50.14577059572934],[12.613593104035187,50.13677739209209],[12.604599900397941,50.13677739209209]]]}},{"type":"Feature","properties":{"jobs":217,"pop":0,"pointCount":2,"homeWorkCommuteMedian":-1,"workHomeCommuteMedian":6701},"geometry":{"type":"Polygon","coordinates":[[[12.604599900397941,50.14577059572934],[12.604599900397941,50.154763799366584],[12.613593104035187,50.154763799366584],[12.613593104035187,50.14577059572934],[12.604599900397941,50.14577059572934]]]}},{"type":"Feature","properties":{"jobs":31,"pop":258,"pointCount":9,"homeWorkCommuteMedian":5718,"workHomeCommuteMedian":1450},"geometry":{"type":"Polygon","coordinates":[[[12.604599900397941,50.154763799366584],[12.604599900397941,50.16375700300383],[12.613593104035187,50.16375700300383],[12.613593104035187,50.154763799366584],[12.604599900397941,50.154763799366584]]]}},{"type":"Feature","properties":{"jobs":21,"pop":56,"pointCount":3,"homeWorkCommuteMedian":5694,"workHomeCommuteMedian":19687},"geometry":{"type":"Polygon","coordinates":[[[12.604599900397941,50.19073661391557],[12.604599900397941,50.199729817552814],[12.613593104035187,50.199729817552814],[12.613593104035187,50.19073661391557],[12.604599900397941,50.19073661391557]]]}},{"type":"Feature","properties":{"jobs":0,"pop":62,"pointCount":2,"homeWorkCommuteMedian":7390,"workHomeCommuteMedian":-1},"geometry":{"type":"Polygon","coordinates":[[[12.604599900397941,50.199729817552814],[12.604599900397941,50.20872302119006],[12.613593104035187,50.20872302119006],[12.613593104035187,50.199729817552814],[12.604599900397941,50.199729817552814]]]}},{"type":"Feature","properties":{"jobs":17,"pop":159,"pointCount":4,"homeWorkCommuteMedian":20035,"workHomeCommuteMedian":553},"geometry":{"type":"Polygon","coordinates":[[[12.604599900397941,50.28066865028803],[12.604599900397941,50.289661853925274],[12.613593104035187,50.289661853925274],[12.613593104035187,50.28066865028803],[12.604599900397941,50.28066865028803]]]}},{"type":"Feature","properties":{"jobs":0,"pop":1,"pointCount":1,"homeWorkCommuteMedian":23912,"workHomeCommuteMedian":-1},"geometry":{"type":"Polygon","coordinates":[[[12.604599900397941,50.307648261199766],[12.604599900397941,50.31664146483701],[12.613593104035187,50.31664146483701],[12.613593104035187,50.307648261199766],[12.604599900397941,50.307648261199766]]]}},{"type":"Feature","properties":{"jobs":9,"pop":29,"pointCount":3,"homeWorkCommuteMedian":371,"workHomeCommuteMedian":259},"geometry":{"type":"Polygon","coordinates":[[[12.604599900397941,50.31664146483701],[12.604599900397941,50.32563466847426],[12.613593104035187,50.32563466847426],[12.613593104035187,50.31664146483701],[12.604599900397941,50.31664146483701]]]}},{"type":"Feature","properties":{"jobs":0,"pop":76,"pointCount":4,"homeWorkCommuteMedian":24384,"workHomeCommuteMedian":-1},"geometry":{"type":"Polygon","coordinates":[[[12.604599900397941,50.32563466847426],[12.604599900397941,50.334627872111504],[12.613593104035187,50.334627872111504],[12.613593104035187,50.32563466847426],[12.604599900397941,50.32563466847426]]]}},{"type":"Feature","properties":{"jobs":17,"pop":13,"pointCount":2,"homeWorkCommuteMedian":10565,"workHomeCommuteMedian":1129},"geometry":{"type":"Polygon","coordinates":[[[12.613593104035187,49.929933708435435],[12.613593104035187,49.93892691207268],[12.622586307672433,49.93892691207268],[12.622586307672433,49.929933708435435],[12.613593104035187,49.929933708435435]]]}},{"type":"Feature","properties":{"jobs":0,"pop":122,"pointCount":5,"homeWorkCommuteMedian":9139,"workHomeCommuteMedian":-1},"geometry":{"type":"Polygon","coordinates":[[[12.613593104035187,49.93892691207268],[12.613593104035187,49.94792011570993],[12.622586307672433,49.94792011570993],[12.622586307672433,49.93892691207268],[12.613593104035187,49.93892691207268]]]}},{"type":"Feature","properties":{"jobs":2,"pop":89,"pointCount":4,"homeWorkCommuteMedian":31236,"workHomeCommuteMedian":308},"geometry":{"type":"Polygon","coordinates":[[[12.613593104035187,49.94792011570993],[12.613593104035187,49.95691331934717],[12.622586307672433,49.95691331934717],[12.622586307672433,49.94792011570993],[12.613593104035187,49.94792011570993]]]}},{"type":"Feature","properties":{"jobs":0,"pop":63,"pointCount":4,"homeWorkCommuteMedian":6485,"workHomeCommuteMedian":-1},"geometry":{"type":"Polygon","coordinates":[[[12.613593104035187,49.95691331934717],[12.613593104035187,49.96590652298442],[12.622586307672433,49.96590652298442],[12.622586307672433,49.95691331934717],[12.613593104035187,49.95691331934717]]]}},{"type":"Feature","properties":{"jobs":10,"pop":35,"pointCount":2,"homeWorkCommuteMedian":7533,"workHomeCommuteMedian":538},"geometry":{"type":"Polygon","coordinates":[[[12.613593104035187,49.96590652298442],[12.613593104035187,49.974899726621665],[12.622586307672433,49.974899726621665],[12.622586307672433,49.96590652298442],[12.613593104035187,49.96590652298442]]]}},{"type":"Feature","properties":{"jobs":0,"pop":31,"pointCount":2,"homeWorkCommuteMedian":5143,"workHomeCommuteMedian":-1},"geometry":{"type":"Polygon","coordinates":[[[12.613593104035187,49.974899726621665],[12.613593104035187,49.98389293025891],[12.622586307672433,49.98389293025891],[12.622586307672433,49.974899726621665],[12.613593104035187,49.974899726621665]]]}},{"type":"Feature","properties":{"jobs":1,"pop":0,"pointCount":1,"homeWorkCommuteMedian":-1,"workHomeCommuteMedian":123},"geometry":{"type":"Polygon","coordinates":[[[12.613593104035187,49.99288613389616],[12.613593104035187,50.0018793375334],[12.622586307672433,50.0018793375334],[12.622586307672433,49.99288613389616],[12.613593104035187,49.99288613389616]]]}},{"type":"Feature","properties":{"jobs":63,"pop":162,"pointCount":4,"homeWorkCommuteMedian":9698,"workHomeCommuteMedian":10257},"geometry":{"type":"Polygon","coordinates":[[[12.613593104035187,50.0018793375334],[12.613593104035187,50.01087254117065],[12.622586307672433,50.01087254117065],[12.622586307672433,50.0018793375334],[12.613593104035187,50.0018793375334]]]}},{"type":"Feature","properties":{"jobs":10,"pop":66,"pointCount":4,"homeWorkCommuteMedian":8497,"workHomeCommuteMedian":3683},"geometry":{"type":"Polygon","coordinates":[[[12.613593104035187,50.12778418845485],[12.613593104035187,50.13677739209209],[12.622586307672433,50.13677739209209],[12.622586307672433,50.12778418845485],[12.613593104035187,50.12778418845485]]]}},{"type":"Feature","properties":{"jobs":144,"pop":61,"pointCount":6,"homeWorkCommuteMedian":4818,"workHomeCommuteMedian":4227},"geometry":{"type":"Polygon","coordinates":[[[12.613593104035187,50.154763799366584],[12.613593104035187,50.16375700300383],[12.622586307672433,50.16375700300383],[12.622586307672433,50.154763799366584],[12.613593104035187,50.154763799366584]]]}},{"type":"Feature","properties":{"jobs":374,"pop":177,"pointCount":13,"homeWorkCommuteMedian":8202,"workHomeCommuteMedian":5575},"geometry":{"type":"Polygon","coordinates":[[[12.613593104035187,50.19073661391557],[12.613593104035187,50.199729817552814],[12.622586307672433,50.199729817552814],[12.622586307672433,50.19073661391557],[12.613593104035187,50.19073661391557]]]}},{"type":"Feature","properties":{"jobs":0,"pop":46,"pointCount":3,"homeWorkCommuteMedian":3688,"workHomeCommuteMedian":-1},"geometry":{"type":"Polygon","coordinates":[[[12.613593104035187,50.199729817552814],[12.613593104035187,50.20872302119006],[12.622586307672433,50.20872302119006],[12.622586307672433,50.199729817552814],[12.613593104035187,50.199729817552814]]]}},{"type":"Feature","properties":{"jobs":12,"pop":0,"pointCount":1,"homeWorkCommuteMedian":-1,"workHomeCommuteMedian":4359},"geometry":{"type":"Polygon","coordinates":[[[12.613593104035187,50.2357026321018],[12.613593104035187,50.244695835739044],[12.622586307672433,50.244695835739044],[12.622586307672433,50.2357026321018],[12.613593104035187,50.2357026321018]]]}},{"type":"Feature","properties":{"jobs":0,"pop":12,"pointCount":1,"homeWorkCommuteMedian":21342,"workHomeCommuteMedian":-1},"geometry":{"type":"Polygon","coordinates":[[[12.613593104035187,50.28066865028803],[12.613593104035187,50.289661853925274],[12.622586307672433,50.289661853925274],[12.622586307672433,50.28066865028803],[12.613593104035187,50.28066865028803]]]}},{"type":"Feature","properties":{"jobs":5,"pop":25,"pointCount":3,"homeWorkCommuteMedian":10959,"workHomeCommuteMedian":407},"geometry":{"type":"Polygon","coordinates":[[[12.613593104035187,50.36160748302324],[12.613593104035187,50.37060068666049],[12.622586307672433,50.37060068666049],[12.622586307672433,50.36160748302324],[12.613593104035187,50.36160748302324]]]}},{"type":"Feature","properties":{"jobs":270,"pop":468,"pointCount":24,"homeWorkCommuteMedian":10918,"workHomeCommuteMedian":7439},"geometry":{"type":"Polygon","coordinates":[[[12.622586307672433,50.0018793375334],[12.622586307672433,50.01087254117065],[12.63157951130968,50.01087254117065],[12.63157951130968,50.0018793375334],[12.622586307672433,50.0018793375334]]]}},{"type":"Feature","properties":{"jobs":0,"pop":21,"pointCount":1,"homeWorkCommuteMedian":45809,"workHomeCommuteMedian":-1},"geometry":{"type":"Polygon","coordinates":[[[12.622586307672433,50.01087254117065],[12.622586307672433,50.019865744807895],[12.63157951130968,50.019865744807895],[12.63157951130968,50.01087254117065],[12.622586307672433,50.01087254117065]]]}},{"type":"Feature","properties":{"jobs":0,"pop":25,"pointCount":2,"homeWorkCommuteMedian":5507,"workHomeCommuteMedian":-1},"geometry":{"type":"Polygon","coordinates":[[[12.622586307672433,50.109797781180355],[12.622586307672433,50.1187909848176],[12.63157951130968,50.1187909848176],[12.63157951130968,50.109797781180355],[12.622586307672433,50.109797781180355]]]}},{"type":"Feature","properties":{"jobs":80,"pop":0,"pointCount":1,"homeWorkCommuteMedian":-1,"workHomeCommuteMedian":17347},"geometry":{"type":"Polygon","coordinates":[[[12.622586307672433,50.154763799366584],[12.622586307672433,50.16375700300383],[12.63157951130968,50.16375700300383],[12.63157951130968,50.154763799366584],[12.622586307672433,50.154763799366584]]]}},{"type":"Feature","properties":{"jobs":37,"pop":79,"pointCount":3,"homeWorkCommuteMedian":12834,"workHomeCommuteMedian":4830},"geometry":{"type":"Polygon","coordinates":[[[12.622586307672433,50.18174341027832],[12.622586307672433,50.19073661391557],[12.63157951130968,50.19073661391557],[12.63157951130968,50.18174341027832],[12.622586307672433,50.18174341027832]]]}},{"type":"Feature","properties":{"jobs":202,"pop":594,"pointCount":20,"homeWorkCommuteMedian":3904,"workHomeCommuteMedian":4658},"geometry":{"type":"Polygon","coordinates":[[[12.622586307672433,50.19073661391557],[12.622586307672433,50.199729817552814],[12.63157951130968,50.199729817552814],[12.63157951130968,50.19073661391557],[12.622586307672433,50.19073661391557]]]}},{"type":"Feature","properties":{"jobs":33,"pop":397,"pointCount":16,"homeWorkCommuteMedian":7580,"workHomeCommuteMedian":427},"geometry":{"type":"Polygon","coordinates":[[[12.622586307672433,50.20872302119006],[12.622586307672433,50.217716224827306],[12.63157951130968,50.217716224827306],[12.63157951130968,50.20872302119006],[12.622586307672433,50.20872302119006]]]}},{"type":"Feature","properties":{"jobs":0,"pop":11,"pointCount":1,"homeWorkCommuteMedian":1819,"workHomeCommuteMedian":-1},"geometry":{"type":"Polygon","coordinates":[[[12.622586307672433,50.217716224827306],[12.622586307672433,50.22670942846455],[12.63157951130968,50.22670942846455],[12.63157951130968,50.217716224827306],[12.622586307672433,50.217716224827306]]]}},{"type":"Feature","properties":{"jobs":0,"pop":42,"pointCount":2,"homeWorkCommuteMedian":12914,"workHomeCommuteMedian":-1},"geometry":{"type":"Polygon","coordinates":[[[12.622586307672433,50.244695835739044],[12.622586307672433,50.25368903937629],[12.63157951130968,50.25368903937629],[12.63157951130968,50.244695835739044],[12.622586307672433,50.244695835739044]]]}},{"type":"Feature","properties":{"jobs":0,"pop":1,"pointCount":1,"homeWorkCommuteMedian":15318,"workHomeCommuteMedian":-1},"geometry":{"type":"Polygon","coordinates":[[[12.622586307672433,50.29865505756252],[12.622586307672433,50.307648261199766],[12.63157951130968,50.307648261199766],[12.63157951130968,50.29865505756252],[12.622586307672433,50.29865505756252]]]}},{"type":"Feature","properties":{"jobs":208,"pop":13,"pointCount":3,"homeWorkCommuteMedian":33316,"workHomeCommuteMedian":29252},"geometry":{"type":"Polygon","coordinates":[[[12.63157951130968,50.0018793375334],[12.63157951130968,50.01087254117065],[12.640572714946925,50.01087254117065],[12.640572714946925,50.0018793375334],[12.63157951130968,50.0018793375334]]]}},{"type":"Feature","properties":{"jobs":0,"pop":68,"pointCount":1,"homeWorkCommuteMedian":29435,"workHomeCommuteMedian":-1},"geometry":{"type":"Polygon","coordinates":[[[12.63157951130968,50.13677739209209],[12.63157951130968,50.14577059572934],[12.640572714946925,50.14577059572934],[12.640572714946925,50.13677739209209],[12.63157951130968,50.13677739209209]]]}},{"type":"Feature","properties":{"jobs":759,"pop":11,"pointCount":6,"homeWorkCommuteMedian":4857,"workHomeCommuteMedian":11844},"geometry":{"type":"Polygon","coordinates":[[[12.63157951130968,50.154763799366584],[12.63157951130968,50.16375700300383],[12.640572714946925,50.16375700300383],[12.640572714946925,50.154763799366584],[12.63157951130968,50.154763799366584]]]}},{"type":"Feature","properties":{"jobs":911,"pop":0,"pointCount":4,"homeWorkCommuteMedian":-1,"workHomeCommuteMedian":6131},"geometry":{"type":"Polygon","coordinates":[[[12.63157951130968,50.16375700300383],[12.63157951130968,50.172750206641076],[12.640572714946925,50.172750206641076],[12.640572714946925,50.16375700300383],[12.63157951130968,50.16375700300383]]]}},{"type":"Feature","properties":{"jobs":1372,"pop":201,"pointCount":2,"homeWorkCommuteMedian":17543,"workHomeCommuteMedian":15600},"geometry":{"type":"Polygon","coordinates":[[[12.63157951130968,50.172750206641076],[12.63157951130968,50.18174341027832],[12.640572714946925,50.18174341027832],[12.640572714946925,50.172750206641076],[12.63157951130968,50.172750206641076]]]}},{"type":"Feature","properties":{"jobs":603,"pop":148,"pointCount":9,"homeWorkCommuteMedian":1762,"workHomeCommuteMedian":3059},"geometry":{"type":"Polygon","coordinates":[[[12.63157951130968,50.18174341027832],[12.63157951130968,50.19073661391557],[12.640572714946925,50.19073661391557],[12.640572714946925,50.18174341027832],[12.63157951130968,50.18174341027832]]]}},{"type":"Feature","properties":{"jobs":9,"pop":0,"pointCount":1,"homeWorkCommuteMedian":-1,"workHomeCommuteMedian":2610},"geometry":{"type":"Polygon","coordinates":[[[12.63157951130968,50.19073661391557],[12.63157951130968,50.199729817552814],[12.640572714946925,50.199729817552814],[12.640572714946925,50.19073661391557],[12.63157951130968,50.19073661391557]]]}},{"type":"Feature","properties":{"jobs":0,"pop":29,"pointCount":1,"homeWorkCommuteMedian":25569,"workHomeCommuteMedian":-1},"geometry":{"type":"Polygon","coordinates":[[[12.63157951130968,50.199729817552814],[12.63157951130968,50.20872302119006],[12.640572714946925,50.20872302119006],[12.640572714946925,50.199729817552814],[12.63157951130968,50.199729817552814]]]}},{"type":"Feature","properties":{"jobs":92,"pop":246,"pointCount":13,"homeWorkCommuteMedian":6951,"workHomeCommuteMedian":1634},"geometry":{"type":"Polygon","coordinates":[[[12.63157951130968,50.20872302119006],[12.63157951130968,50.217716224827306],[12.640572714946925,50.217716224827306],[12.640572714946925,50.20872302119006],[12.63157951130968,50.20872302119006]]]}},{"type":"Feature","properties":{"jobs":0,"pop":85,"pointCount":2,"homeWorkCommuteMedian":13004,"workHomeCommuteMedian":-1},"geometry":{"type":"Polygon","coordinates":[[[12.63157951130968,50.2357026321018],[12.63157951130968,50.244695835739044],[12.640572714946925,50.244695835739044],[12.640572714946925,50.2357026321018],[12.63157951130968,50.2357026321018]]]}},{"type":"Feature","properties":{"jobs":17,"pop":276,"pointCount":6,"homeWorkCommuteMedian":6701,"workHomeCommuteMedian":13179},"geometry":{"type":"Polygon","coordinates":[[[12.640572714946925,50.13677739209209],[12.640572714946925,50.14577059572934],[12.649565918584171,50.14577059572934],[12.649565918584171,50.13677739209209],[12.640572714946925,50.13677739209209]]]}},{"type":"Feature","properties":{"jobs":103,"pop":943,"pointCount":16,"homeWorkCommuteMedian":7838,"workHomeCommuteMedian":414},"geometry":{"type":"Polygon","coordinates":[[[12.640572714946925,50.14577059572934],[12.640572714946925,50.154763799366584],[12.649565918584171,50.154763799366584],[12.649565918584171,50.14577059572934],[12.640572714946925,50.14577059572934]]]}},{"type":"Feature","properties":{"jobs":21,"pop":296,"pointCount":9,"homeWorkCommuteMedian":12907,"workHomeCommuteMedian":35303},"geometry":{"type":"Polygon","coordinates":[[[12.640572714946925,50.154763799366584],[12.640572714946925,50.16375700300383],[12.649565918584171,50.16375700300383],[12.649565918584171,50.154763799366584],[12.640572714946925,50.154763799366584]]]}},{"type":"Feature","properties":{"jobs":953,"pop":552,"pointCount":19,"homeWorkCommuteMedian":4655,"workHomeCommuteMedian":9759},"geometry":{"type":"Polygon","coordinates":[[[12.640572714946925,50.16375700300383],[12.640572714946925,50.172750206641076],[12.649565918584171,50.172750206641076],[12.649565918584171,50.16375700300383],[12.640572714946925,50.16375700300383]]]}},{"type":"Feature","properties":{"jobs":3195,"pop":2998,"pointCount":21,"homeWorkCommuteMedian":2770,"workHomeCommuteMedian":6127},"geometry":{"type":"Polygon","coordinates":[[[12.640572714946925,50.172750206641076],[12.640572714946925,50.18174341027832],[12.649565918584171,50.18174341027832],[12.649565918584171,50.172750206641076],[12.640572714946925,50.172750206641076]]]}},{"type":"Feature","properties":{"jobs":1642,"pop":651,"pointCount":12,"homeWorkCommuteMedian":2829,"workHomeCommuteMedian":7736},"geometry":{"type":"Polygon","coordinates":[[[12.640572714946925,50.18174341027832],[12.640572714946925,50.19073661391557],[12.649565918584171,50.19073661391557],[12.649565918584171,50.18174341027832],[12.640572714946925,50.18174341027832]]]}},{"type":"Feature","properties":{"jobs":0,"pop":10,"pointCount":1,"homeWorkCommuteMedian":8529,"workHomeCommuteMedian":-1},"geometry":{"type":"Polygon","coordinates":[[[12.649565918584171,49.93892691207268],[12.649565918584171,49.94792011570993],[12.658559122221417,49.94792011570993],[12.658559122221417,49.93892691207268],[12.649565918584171,49.93892691207268]]]}},{"type":"Feature","properties":{"jobs":15,"pop":165,"pointCount":8,"homeWorkCommuteMedian":7847,"workHomeCommuteMedian":1008},"geometry":{"type":"Polygon","coordinates":[[[12.649565918584171,49.974899726621665],[12.649565918584171,49.98389293025891],[12.658559122221417,49.98389293025891],[12.658559122221417,49.974899726621665],[12.649565918584171,49.974899726621665]]]}},{"type":"Feature","properties":{"jobs":0,"pop":37,"pointCount":1,"homeWorkCommuteMedian":9433,"workHomeCommuteMedian":-1},"geometry":{"type":"Polygon","coordinates":[[[12.649565918584171,50.1187909848176],[12.649565918584171,50.12778418845485],[12.658559122221417,50.12778418845485],[12.658559122221417,50.1187909848176],[12.649565918584171,50.1187909848176]]]}},{"type":"Feature","properties":{"jobs":12,"pop":35,"pointCount":3,"homeWorkCommuteMedian":2705,"workHomeCommuteMedian":2911},"geometry":{"type":"Polygon","coordinates":[[[12.649565918584171,50.154763799366584],[12.649565918584171,50.16375700300383],[12.658559122221417,50.16375700300383],[12.658559122221417,50.154763799366584],[12.649565918584171,50.154763799366584]]]}},{"type":"Feature","properties":{"jobs":193,"pop":78,"pointCount":6,"homeWorkCommuteMedian":18440,"workHomeCommuteMedian":1770},"geometry":{"type":"Polygon","coordinates":[[[12.649565918584171,50.16375700300383],[12.649565918584171,50.172750206641076],[12.658559122221417,50.172750206641076],[12.658559122221417,50.16375700300383],[12.649565918584171,50.16375700300383]]]}},{"type":"Feature","properties":{"jobs":3251,"pop":1066,"pointCount":17,"homeWorkCommuteMedian":2680,"workHomeCommuteMedian":12481},"geometry":{"type":"Polygon","coordinates":[[[12.649565918584171,50.172750206641076],[12.649565918584171,50.18174341027832],[12.658559122221417,50.18174341027832],[12.658559122221417,50.172750206641076],[12.649565918584171,50.172750206641076]]]}},{"type":"Feature","properties":{"jobs":222,"pop":0,"pointCount":3,"homeWorkCommuteMedian":-1,"workHomeCommuteMedian":3386},"geometry":{"type":"Polygon","coordinates":[[[12.649565918584171,50.18174341027832],[12.649565918584171,50.19073661391557],[12.658559122221417,50.19073661391557],[12.658559122221417,50.18174341027832],[12.649565918584171,50.18174341027832]]]}},{"type":"Feature","properties":{"jobs":0,"pop":1,"pointCount":1,"homeWorkCommuteMedian":8121,"workHomeCommuteMedian":-1},"geometry":{"type":"Polygon","coordinates":[[[12.649565918584171,50.262682243013536],[12.649565918584171,50.27167544665078],[12.658559122221417,50.27167544665078],[12.658559122221417,50.262682243013536],[12.649565918584171,50.262682243013536]]]}},{"type":"Feature","properties":{"jobs":101,"pop":212,"pointCount":10,"homeWorkCommuteMedian":7349,"workHomeCommuteMedian":759},"geometry":{"type":"Polygon","coordinates":[[[12.658559122221417,49.929933708435435],[12.658559122221417,49.93892691207268],[12.667552325858663,49.93892691207268],[12.667552325858663,49.929933708435435],[12.658559122221417,49.929933708435435]]]}},{"type":"Feature","properties":{"jobs":10,"pop":193,"pointCount":11,"homeWorkCommuteMedian":6890,"workHomeCommuteMedian":3729},"geometry":{"type":"Polygon","coordinates":[[[12.658559122221417,49.93892691207268],[12.658559122221417,49.94792011570993],[12.667552325858663,49.94792011570993],[12.667552325858663,49.93892691207268],[12.658559122221417,49.93892691207268]]]}},{"type":"Feature","properties":{"jobs":52,"pop":13,"pointCount":4,"homeWorkCommuteMedian":39132,"workHomeCommuteMedian":5000},"geometry":{"type":"Polygon","coordinates":[[[12.658559122221417,49.94792011570993],[12.658559122221417,49.95691331934717],[12.667552325858663,49.95691331934717],[12.667552325858663,49.94792011570993],[12.658559122221417,49.94792011570993]]]}},{"type":"Feature","properties":{"jobs":116,"pop":191,"pointCount":10,"homeWorkCommuteMedian":3236,"workHomeCommuteMedian":3249},"geometry":{"type":"Polygon","coordinates":[[[12.658559122221417,49.95691331934717],[12.658559122221417,49.96590652298442],[12.667552325858663,49.96590652298442],[12.667552325858663,49.95691331934717],[12.658559122221417,49.95691331934717]]]}},{"type":"Feature","properties":{"jobs":21,"pop":46,"pointCount":2,"homeWorkCommuteMedian":35988,"workHomeCommuteMedian":5415},"geometry":{"type":"Polygon","coordinates":[[[12.658559122221417,49.96590652298442],[12.658559122221417,49.974899726621665],[12.667552325858663,49.974899726621665],[12.667552325858663,49.96590652298442],[12.658559122221417,49.96590652298442]]]}},{"type":"Feature","properties":{"jobs":25,"pop":64,"pointCount":3,"homeWorkCommuteMedian":6690,"workHomeCommuteMedian":234},"geometry":{"type":"Polygon","coordinates":[[[12.658559122221417,49.974899726621665],[12.658559122221417,49.98389293025891],[12.667552325858663,49.98389293025891],[12.667552325858663,49.974899726621665],[12.658559122221417,49.974899726621665]]]}},{"type":"Feature","properties":{"jobs":0,"pop":11,"pointCount":1,"homeWorkCommuteMedian":8762,"workHomeCommuteMedian":-1},"geometry":{"type":"Polygon","coordinates":[[[12.658559122221417,50.019865744807895],[12.658559122221417,50.02885894844514],[12.667552325858663,50.02885894844514],[12.667552325858663,50.019865744807895],[12.658559122221417,50.019865744807895]]]}},{"type":"Feature","properties":{"jobs":0,"pop":14,"pointCount":1,"homeWorkCommuteMedian":290,"workHomeCommuteMedian":-1},"geometry":{"type":"Polygon","coordinates":[[[12.658559122221417,50.10080457754311],[12.658559122221417,50.109797781180355],[12.667552325858663,50.109797781180355],[12.667552325858663,50.10080457754311],[12.658559122221417,50.10080457754311]]]}},{"type":"Feature","properties":{"jobs":285,"pop":0,"pointCount":1,"homeWorkCommuteMedian":-1,"workHomeCommuteMedian":8497},"geometry":{"type":"Polygon","coordinates":[[[12.658559122221417,50.154763799366584],[12.658559122221417,50.16375700300383],[12.667552325858663,50.16375700300383],[12.667552325858663,50.154763799366584],[12.658559122221417,50.154763799366584]]]}},{"type":"Feature","properties":{"jobs":418,"pop":1037,"pointCount":6,"homeWorkCommuteMedian":11614,"workHomeCommuteMedian":3102},"geometry":{"type":"Polygon","coordinates":[[[12.658559122221417,50.16375700300383],[12.658559122221417,50.172750206641076],[12.667552325858663,50.172750206641076],[12.667552325858663,50.16375700300383],[12.658559122221417,50.16375700300383]]]}},{"type":"Feature","properties":{"jobs":469,"pop":1916,"pointCount":15,"homeWorkCommuteMedian":3388,"workHomeCommuteMedian":4117},"geometry":{"type":"Polygon","coordinates":[[[12.658559122221417,50.172750206641076],[12.658559122221417,50.18174341027832],[12.667552325858663,50.18174341027832],[12.667552325858663,50.172750206641076],[12.658559122221417,50.172750206641076]]]}},{"type":"Feature","properties":{"jobs":473,"pop":0,"pointCount":4,"homeWorkCommuteMedian":-1,"workHomeCommuteMedian":7967},"geometry":{"type":"Polygon","coordinates":[[[12.658559122221417,50.18174341027832],[12.658559122221417,50.19073661391557],[12.667552325858663,50.19073661391557],[12.667552325858663,50.18174341027832],[12.658559122221417,50.18174341027832]]]}},{"type":"Feature","properties":{"jobs":21,"pop":60,"pointCount":2,"homeWorkCommuteMedian":15726,"workHomeCommuteMedian":2320},"geometry":{"type":"Polygon","coordinates":[[[12.658559122221417,50.244695835739044],[12.658559122221417,50.25368903937629],[12.667552325858663,50.25368903937629],[12.667552325858663,50.244695835739044],[12.658559122221417,50.244695835739044]]]}},{"type":"Feature","properties":{"jobs":13,"pop":3,"pointCount":1,"homeWorkCommuteMedian":7602,"workHomeCommuteMedian":4770},"geometry":{"type":"Polygon","coordinates":[[[12.658559122221417,50.289661853925274],[12.658559122221417,50.29865505756252],[12.667552325858663,50.29865505756252],[12.667552325858663,50.289661853925274],[12.658559122221417,50.289661853925274]]]}},{"type":"Feature","properties":{"jobs":0,"pop":125,"pointCount":3,"homeWorkCommuteMedian":5568,"workHomeCommuteMedian":-1},"geometry":{"type":"Polygon","coordinates":[[[12.667552325858663,49.93892691207268],[12.667552325858663,49.94792011570993],[12.67654552949591,49.94792011570993],[12.67654552949591,49.93892691207268],[12.667552325858663,49.93892691207268]]]}},{"type":"Feature","properties":{"jobs":321,"pop":1150,"pointCount":39,"homeWorkCommuteMedian":3999,"workHomeCommuteMedian":2769},"geometry":{"type":"Polygon","coordinates":[[[12.667552325858663,49.95691331934717],[12.667552325858663,49.96590652298442],[12.67654552949591,49.96590652298442],[12.67654552949591,49.95691331934717],[12.667552325858663,49.95691331934717]]]}},{"type":"Feature","properties":{"jobs":25,"pop":0,"pointCount":1,"homeWorkCommuteMedian":-1,"workHomeCommuteMedian":13334},"geometry":{"type":"Polygon","coordinates":[[[12.667552325858663,49.96590652298442],[12.667552325858663,49.974899726621665],[12.67654552949591,49.974899726621665],[12.67654552949591,49.96590652298442],[12.667552325858663,49.96590652298442]]]}},{"type":"Feature","properties":{"jobs":7,"pop":0,"pointCount":1,"homeWorkCommuteMedian":-1,"workHomeCommuteMedian":2539},"geometry":{"type":"Polygon","coordinates":[[[12.667552325858663,50.08281817026862],[12.667552325858663,50.09181137390586],[12.67654552949591,50.09181137390586],[12.67654552949591,50.08281817026862],[12.667552325858663,50.08281817026862]]]}},{"type":"Feature","properties":{"jobs":24,"pop":74,"pointCount":5,"homeWorkCommuteMedian":14728,"workHomeCommuteMedian":402},"geometry":{"type":"Polygon","coordinates":[[[12.667552325858663,50.10080457754311],[12.667552325858663,50.109797781180355],[12.67654552949591,50.109797781180355],[12.67654552949591,50.10080457754311],[12.667552325858663,50.10080457754311]]]}},{"type":"Feature","properties":{"jobs":179,"pop":1301,"pointCount":10,"homeWorkCommuteMedian":3389,"workHomeCommuteMedian":3302},"geometry":{"type":"Polygon","coordinates":[[[12.667552325858663,50.16375700300383],[12.667552325858663,50.172750206641076],[12.67654552949591,50.172750206641076],[12.67654552949591,50.16375700300383],[12.667552325858663,50.16375700300383]]]}},{"type":"Feature","properties":{"jobs":721,"pop":1896,"pointCount":23,"homeWorkCommuteMedian":3780,"workHomeCommuteMedian":2767},"geometry":{"type":"Polygon","coordinates":[[[12.667552325858663,50.172750206641076],[12.667552325858663,50.18174341027832],[12.67654552949591,50.18174341027832],[12.67654552949591,50.172750206641076],[12.667552325858663,50.172750206641076]]]}},{"type":"Feature","properties":{"jobs":32,"pop":109,"pointCount":6,"homeWorkCommuteMedian":3861,"workHomeCommuteMedian":3103},"geometry":{"type":"Polygon","coordinates":[[[12.667552325858663,50.18174341027832],[12.667552325858663,50.19073661391557],[12.67654552949591,50.19073661391557],[12.67654552949591,50.18174341027832],[12.667552325858663,50.18174341027832]]]}},{"type":"Feature","properties":{"jobs":135,"pop":0,"pointCount":1,"homeWorkCommuteMedian":-1,"workHomeCommuteMedian":10079},"geometry":{"type":"Polygon","coordinates":[[[12.667552325858663,50.22670942846455],[12.667552325858663,50.2357026321018],[12.67654552949591,50.2357026321018],[12.67654552949591,50.22670942846455],[12.667552325858663,50.22670942846455]]]}},{"type":"Feature","properties":{"jobs":39,"pop":425,"pointCount":4,"homeWorkCommuteMedian":3228,"workHomeCommuteMedian":521},"geometry":{"type":"Polygon","coordinates":[[[12.67654552949591,49.94792011570993],[12.67654552949591,49.95691331934717],[12.685538733133155,49.95691331934717],[12.685538733133155,49.94792011570993],[12.67654552949591,49.94792011570993]]]}},{"type":"Feature","properties":{"jobs":57,"pop":44,"pointCount":3,"homeWorkCommuteMedian":54391,"workHomeCommuteMedian":3807},"geometry":{"type":"Polygon","coordinates":[[[12.67654552949591,49.95691331934717],[12.67654552949591,49.96590652298442],[12.685538733133155,49.96590652298442],[12.685538733133155,49.95691331934717],[12.67654552949591,49.95691331934717]]]}},{"type":"Feature","properties":{"jobs":0,"pop":4,"pointCount":1,"homeWorkCommuteMedian":396,"workHomeCommuteMedian":-1},"geometry":{"type":"Polygon","coordinates":[[[12.67654552949591,50.12778418845485],[12.67654552949591,50.13677739209209],[12.685538733133155,50.13677739209209],[12.685538733133155,50.12778418845485],[12.67654552949591,50.12778418845485]]]}},{"type":"Feature","properties":{"jobs":65,"pop":0,"pointCount":1,"homeWorkCommuteMedian":-1,"workHomeCommuteMedian":15089},"geometry":{"type":"Polygon","coordinates":[[[12.67654552949591,50.16375700300383],[12.67654552949591,50.172750206641076],[12.685538733133155,50.172750206641076],[12.685538733133155,50.16375700300383],[12.67654552949591,50.16375700300383]]]}},{"type":"Feature","properties":{"jobs":39,"pop":114,"pointCount":2,"homeWorkCommuteMedian":3399,"workHomeCommuteMedian":3236},"geometry":{"type":"Polygon","coordinates":[[[12.67654552949591,50.172750206641076],[12.67654552949591,50.18174341027832],[12.685538733133155,50.18174341027832],[12.685538733133155,50.172750206641076],[12.67654552949591,50.172750206641076]]]}},{"type":"Feature","properties":{"jobs":0,"pop":65,"pointCount":3,"homeWorkCommuteMedian":14088,"workHomeCommuteMedian":-1},"geometry":{"type":"Polygon","coordinates":[[[12.67654552949591,50.18174341027832],[12.67654552949591,50.19073661391557],[12.685538733133155,50.19073661391557],[12.685538733133155,50.18174341027832],[12.67654552949591,50.18174341027832]]]}},{"type":"Feature","properties":{"jobs":194,"pop":222,"pointCount":11,"homeWorkCommuteMedian":7630,"workHomeCommuteMedian":4930},"geometry":{"type":"Polygon","coordinates":[[[12.67654552949591,50.19073661391557],[12.67654552949591,50.199729817552814],[12.685538733133155,50.199729817552814],[12.685538733133155,50.19073661391557],[12.67654552949591,50.19073661391557]]]}},{"type":"Feature","properties":{"jobs":23,"pop":0,"pointCount":1,"homeWorkCommuteMedian":-1,"workHomeCommuteMedian":10245},"geometry":{"type":"Polygon","coordinates":[[[12.67654552949591,50.25368903937629],[12.67654552949591,50.262682243013536],[12.685538733133155,50.262682243013536],[12.685538733133155,50.25368903937629],[12.67654552949591,50.25368903937629]]]}},{"type":"Feature","properties":{"jobs":139,"pop":3,"pointCount":4,"homeWorkCommuteMedian":5471,"workHomeCommuteMedian":1778},"geometry":{"type":"Polygon","coordinates":[[[12.685538733133155,49.94792011570993],[12.685538733133155,49.95691331934717],[12.694531936770401,49.95691331934717],[12.694531936770401,49.94792011570993],[12.685538733133155,49.94792011570993]]]}},{"type":"Feature","properties":{"jobs":123,"pop":545,"pointCount":6,"homeWorkCommuteMedian":2857,"workHomeCommuteMedian":1582},"geometry":{"type":"Polygon","coordinates":[[[12.685538733133155,49.95691331934717],[12.685538733133155,49.96590652298442],[12.694531936770401,49.96590652298442],[12.694531936770401,49.95691331934717],[12.685538733133155,49.95691331934717]]]}},{"type":"Feature","properties":{"jobs":4,"pop":0,"pointCount":1,"homeWorkCommuteMedian":-1,"workHomeCommuteMedian":396},"geometry":{"type":"Polygon","coordinates":[[[12.685538733133155,50.12778418845485],[12.685538733133155,50.13677739209209],[12.694531936770401,50.13677739209209],[12.694531936770401,50.12778418845485],[12.685538733133155,50.12778418845485]]]}},{"type":"Feature","properties":{"jobs":0,"pop":11,"pointCount":1,"homeWorkCommuteMedian":7424,"workHomeCommuteMedian":-1},"geometry":{"type":"Polygon","coordinates":[[[12.685538733133155,50.19073661391557],[12.685538733133155,50.199729817552814],[12.694531936770401,50.199729817552814],[12.694531936770401,50.19073661391557],[12.685538733133155,50.19073661391557]]]}},{"type":"Feature","properties":{"jobs":144,"pop":0,"pointCount":2,"homeWorkCommuteMedian":-1,"workHomeCommuteMedian":10176},"geometry":{"type":"Polygon","coordinates":[[[12.685538733133155,50.22670942846455],[12.685538733133155,50.2357026321018],[12.694531936770401,50.2357026321018],[12.694531936770401,50.22670942846455],[12.685538733133155,50.22670942846455]]]}},{"type":"Feature","properties":{"jobs":23,"pop":0,"pointCount":1,"homeWorkCommuteMedian":-1,"workHomeCommuteMedian":16995},"geometry":{"type":"Polygon","coordinates":[[[12.685538733133155,50.244695835739044],[12.685538733133155,50.25368903937629],[12.694531936770401,50.25368903937629],[12.694531936770401,50.244695835739044],[12.685538733133155,50.244695835739044]]]}},{"type":"Feature","properties":{"jobs":10,"pop":123,"pointCount":2,"homeWorkCommuteMedian":11375,"workHomeCommuteMedian":5036},"geometry":{"type":"Polygon","coordinates":[[[12.685538733133155,50.25368903937629],[12.685538733133155,50.262682243013536],[12.694531936770401,50.262682243013536],[12.694531936770401,50.25368903937629],[12.685538733133155,50.25368903937629]]]}},{"type":"Feature","properties":{"jobs":0,"pop":27,"pointCount":1,"homeWorkCommuteMedian":20716,"workHomeCommuteMedian":-1},"geometry":{"type":"Polygon","coordinates":[[[12.685538733133155,50.307648261199766],[12.685538733133155,50.31664146483701],[12.694531936770401,50.31664146483701],[12.694531936770401,50.307648261199766],[12.685538733133155,50.307648261199766]]]}},{"type":"Feature","properties":{"jobs":10,"pop":27,"pointCount":2,"homeWorkCommuteMedian":21376,"workHomeCommuteMedian":914},"geometry":{"type":"Polygon","coordinates":[[[12.685538733133155,50.31664146483701],[12.685538733133155,50.32563466847426],[12.694531936770401,50.32563466847426],[12.694531936770401,50.31664146483701],[12.685538733133155,50.31664146483701]]]}},{"type":"Feature","properties":{"jobs":57,"pop":94,"pointCount":4,"homeWorkCommuteMedian":15968,"workHomeCommuteMedian":863},"geometry":{"type":"Polygon","coordinates":[[[12.685538733133155,50.34362107574875],[12.685538733133155,50.352614279385996],[12.694531936770401,50.352614279385996],[12.694531936770401,50.34362107574875],[12.685538733133155,50.34362107574875]]]}},{"type":"Feature","properties":{"jobs":383,"pop":863,"pointCount":10,"homeWorkCommuteMedian":2957,"workHomeCommuteMedian":4514},"geometry":{"type":"Polygon","coordinates":[[[12.694531936770401,49.94792011570993],[12.694531936770401,49.95691331934717],[12.703525140407647,49.95691331934717],[12.703525140407647,49.94792011570993],[12.694531936770401,49.94792011570993]]]}},{"type":"Feature","properties":{"jobs":1919,"pop":2011,"pointCount":17,"homeWorkCommuteMedian":2628,"workHomeCommuteMedian":2674},"geometry":{"type":"Polygon","coordinates":[[[12.694531936770401,49.95691331934717],[12.694531936770401,49.96590652298442],[12.703525140407647,49.96590652298442],[12.703525140407647,49.95691331934717],[12.694531936770401,49.95691331934717]]]}},{"type":"Feature","properties":{"jobs":909,"pop":433,"pointCount":15,"homeWorkCommuteMedian":1582,"workHomeCommuteMedian":3348},"geometry":{"type":"Polygon","coordinates":[[[12.694531936770401,49.96590652298442],[12.694531936770401,49.974899726621665],[12.703525140407647,49.974899726621665],[12.703525140407647,49.96590652298442],[12.694531936770401,49.96590652298442]]]}},{"type":"Feature","properties":{"jobs":532,"pop":162,"pointCount":11,"homeWorkCommuteMedian":4058,"workHomeCommuteMedian":6932},"geometry":{"type":"Polygon","coordinates":[[[12.694531936770401,49.974899726621665],[12.694531936770401,49.98389293025891],[12.703525140407647,49.98389293025891],[12.703525140407647,49.974899726621665],[12.694531936770401,49.974899726621665]]]}},{"type":"Feature","properties":{"jobs":244,"pop":0,"pointCount":2,"homeWorkCommuteMedian":-1,"workHomeCommuteMedian":10427},"geometry":{"type":"Polygon","coordinates":[[[12.694531936770401,49.98389293025891],[12.694531936770401,49.99288613389616],[12.703525140407647,49.99288613389616],[12.703525140407647,49.98389293025891],[12.694531936770401,49.98389293025891]]]}},{"type":"Feature","properties":{"jobs":0,"pop":14,"pointCount":3,"homeWorkCommuteMedian":9502,"workHomeCommuteMedian":-1},"geometry":{"type":"Polygon","coordinates":[[[12.694531936770401,50.10080457754311],[12.694531936770401,50.109797781180355],[12.703525140407647,50.109797781180355],[12.703525140407647,50.10080457754311],[12.694531936770401,50.10080457754311]]]}},{"type":"Feature","properties":{"jobs":10,"pop":0,"pointCount":1,"homeWorkCommuteMedian":-1,"workHomeCommuteMedian":4665},"geometry":{"type":"Polygon","coordinates":[[[12.694531936770401,50.14577059572934],[12.694531936770401,50.154763799366584],[12.703525140407647,50.154763799366584],[12.703525140407647,50.14577059572934],[12.694531936770401,50.14577059572934]]]}},{"type":"Feature","properties":{"jobs":21,"pop":0,"pointCount":1,"homeWorkCommuteMedian":-1,"workHomeCommuteMedian":8186},"geometry":{"type":"Polygon","coordinates":[[[12.694531936770401,50.18174341027832],[12.694531936770401,50.19073661391557],[12.703525140407647,50.19073661391557],[12.703525140407647,50.18174341027832],[12.694531936770401,50.18174341027832]]]}},{"type":"Feature","properties":{"jobs":402,"pop":0,"pointCount":2,"homeWorkCommuteMedian":-1,"workHomeCommuteMedian":11143},"geometry":{"type":"Polygon","coordinates":[[[12.694531936770401,50.22670942846455],[12.694531936770401,50.2357026321018],[12.703525140407647,50.2357026321018],[12.703525140407647,50.22670942846455],[12.694531936770401,50.22670942846455]]]}},{"type":"Feature","properties":{"jobs":242,"pop":0,"pointCount":4,"homeWorkCommuteMedian":-1,"workHomeCommuteMedian":10792},"geometry":{"type":"Polygon","coordinates":[[[12.694531936770401,50.25368903937629],[12.694531936770401,50.262682243013536],[12.703525140407647,50.262682243013536],[12.703525140407647,50.25368903937629],[12.694531936770401,50.25368903937629]]]}},{"type":"Feature","properties":{"jobs":15,"pop":0,"pointCount":1,"homeWorkCommuteMedian":-1,"workHomeCommuteMedian":37160},"geometry":{"type":"Polygon","coordinates":[[[12.694531936770401,50.262682243013536],[12.694531936770401,50.27167544665078],[12.703525140407647,50.27167544665078],[12.703525140407647,50.262682243013536],[12.694531936770401,50.262682243013536]]]}},{"type":"Feature","properties":{"jobs":0,"pop":63,"pointCount":3,"homeWorkCommuteMedian":15840,"workHomeCommuteMedian":-1},"geometry":{"type":"Polygon","coordinates":[[[12.694531936770401,50.27167544665078],[12.694531936770401,50.28066865028803],[12.703525140407647,50.28066865028803],[12.703525140407647,50.27167544665078],[12.694531936770401,50.27167544665078]]]}},{"type":"Feature","properties":{"jobs":0,"pop":63,"pointCount":1,"homeWorkCommuteMedian":62152,"workHomeCommuteMedian":-1},"geometry":{"type":"Polygon","coordinates":[[[12.694531936770401,50.31664146483701],[12.694531936770401,50.32563466847426],[12.703525140407647,50.32563466847426],[12.703525140407647,50.31664146483701],[12.694531936770401,50.31664146483701]]]}},{"type":"Feature","properties":{"jobs":1,"pop":54,"pointCount":3,"homeWorkCommuteMedian":4223,"workHomeCommuteMedian":312},"geometry":{"type":"Polygon","coordinates":[[[12.694531936770401,50.34362107574875],[12.694531936770401,50.352614279385996],[12.703525140407647,50.352614279385996],[12.703525140407647,50.34362107574875],[12.694531936770401,50.34362107574875]]]}},{"type":"Feature","properties":{"jobs":122,"pop":50,"pointCount":3,"homeWorkCommuteMedian":3377,"workHomeCommuteMedian":3134},"geometry":{"type":"Polygon","coordinates":[[[12.703525140407647,49.93892691207268],[12.703525140407647,49.94792011570993],[12.712518344044893,49.94792011570993],[12.712518344044893,49.93892691207268],[12.703525140407647,49.93892691207268]]]}},{"type":"Feature","properties":{"jobs":598,"pop":1798,"pointCount":18,"homeWorkCommuteMedian":3707,"workHomeCommuteMedian":3205},"geometry":{"type":"Polygon","coordinates":[[[12.703525140407647,49.94792011570993],[12.703525140407647,49.95691331934717],[12.712518344044893,49.95691331934717],[12.712518344044893,49.94792011570993],[12.703525140407647,49.94792011570993]]]}},{"type":"Feature","properties":{"jobs":366,"pop":122,"pointCount":10,"homeWorkCommuteMedian":10376,"workHomeCommuteMedian":14490},"geometry":{"type":"Polygon","coordinates":[[[12.703525140407647,49.95691331934717],[12.703525140407647,49.96590652298442],[12.712518344044893,49.96590652298442],[12.712518344044893,49.95691331934717],[12.703525140407647,49.95691331934717]]]}},{"type":"Feature","properties":{"jobs":223,"pop":101,"pointCount":6,"homeWorkCommuteMedian":36655,"workHomeCommuteMedian":6320},"geometry":{"type":"Polygon","coordinates":[[[12.703525140407647,49.96590652298442],[12.703525140407647,49.974899726621665],[12.712518344044893,49.974899726621665],[12.712518344044893,49.96590652298442],[12.703525140407647,49.96590652298442]]]}},{"type":"Feature","properties":{"jobs":3751,"pop":165,"pointCount":9,"homeWorkCommuteMedian":4041,"workHomeCommuteMedian":8762},"geometry":{"type":"Polygon","coordinates":[[[12.703525140407647,49.974899726621665],[12.703525140407647,49.98389293025891],[12.712518344044893,49.98389293025891],[12.712518344044893,49.974899726621665],[12.703525140407647,49.974899726621665]]]}},{"type":"Feature","properties":{"jobs":12,"pop":0,"pointCount":1,"homeWorkCommuteMedian":-1,"workHomeCommuteMedian":13704},"geometry":{"type":"Polygon","coordinates":[[[12.703525140407647,50.10080457754311],[12.703525140407647,50.109797781180355],[12.712518344044893,50.109797781180355],[12.712518344044893,50.10080457754311],[12.703525140407647,50.10080457754311]]]}},{"type":"Feature","properties":{"jobs":0,"pop":13,"pointCount":1,"homeWorkCommuteMedian":19345,"workHomeCommuteMedian":-1},"geometry":{"type":"Polygon","coordinates":[[[12.703525140407647,50.154763799366584],[12.703525140407647,50.16375700300383],[12.712518344044893,50.16375700300383],[12.712518344044893,50.154763799366584],[12.703525140407647,50.154763799366584]]]}},{"type":"Feature","properties":{"jobs":12,"pop":23,"pointCount":3,"homeWorkCommuteMedian":27428,"workHomeCommuteMedian":1100},"geometry":{"type":"Polygon","coordinates":[[[12.703525140407647,50.172750206641076],[12.703525140407647,50.18174341027832],[12.712518344044893,50.18174341027832],[12.712518344044893,50.172750206641076],[12.703525140407647,50.172750206641076]]]}},{"type":"Feature","properties":{"jobs":85,"pop":0,"pointCount":2,"homeWorkCommuteMedian":-1,"workHomeCommuteMedian":12915},"geometry":{"type":"Polygon","coordinates":[[[12.703525140407647,50.22670942846455],[12.703525140407647,50.2357026321018],[12.712518344044893,50.2357026321018],[12.712518344044893,50.22670942846455],[12.703525140407647,50.22670942846455]]]}},{"type":"Feature","properties":{"jobs":12,"pop":50,"pointCount":3,"homeWorkCommuteMedian":12000,"workHomeCommuteMedian":115},"geometry":{"type":"Polygon","coordinates":[[[12.703525140407647,50.289661853925274],[12.703525140407647,50.29865505756252],[12.712518344044893,50.29865505756252],[12.712518344044893,50.289661853925274],[12.703525140407647,50.289661853925274]]]}},{"type":"Feature","properties":{"jobs":0,"pop":23,"pointCount":1,"homeWorkCommuteMedian":34019,"workHomeCommuteMedian":-1},"geometry":{"type":"Polygon","coordinates":[[[12.703525140407647,50.307648261199766],[12.703525140407647,50.31664146483701],[12.712518344044893,50.31664146483701],[12.712518344044893,50.307648261199766],[12.703525140407647,50.307648261199766]]]}},{"type":"Feature","properties":{"jobs":12,"pop":56,"pointCount":4,"homeWorkCommuteMedian":10195,"workHomeCommuteMedian":3209},"geometry":{"type":"Polygon","coordinates":[[[12.703525140407647,50.31664146483701],[12.703525140407647,50.32563466847426],[12.712518344044893,50.32563466847426],[12.712518344044893,50.31664146483701],[12.703525140407647,50.31664146483701]]]}},{"type":"Feature","properties":{"jobs":0,"pop":32,"pointCount":1,"homeWorkCommuteMedian":4323,"workHomeCommuteMedian":-1},"geometry":{"type":"Polygon","coordinates":[[[12.712518344044893,49.92094050479819],[12.712518344044893,49.929933708435435],[12.72151154768214,49.929933708435435],[12.72151154768214,49.92094050479819],[12.712518344044893,49.92094050479819]]]}},{"type":"Feature","properties":{"jobs":0,"pop":5,"pointCount":1,"homeWorkCommuteMedian":7495,"workHomeCommuteMedian":-1},"geometry":{"type":"Polygon","coordinates":[[[12.712518344044893,49.929933708435435],[12.712518344044893,49.93892691207268],[12.72151154768214,49.93892691207268],[12.72151154768214,49.929933708435435],[12.712518344044893,49.929933708435435]]]}},{"type":"Feature","properties":{"jobs":381,"pop":251,"pointCount":7,"homeWorkCommuteMedian":3497,"workHomeCommuteMedian":2990},"geometry":{"type":"Polygon","coordinates":[[[12.712518344044893,49.94792011570993],[12.712518344044893,49.95691331934717],[12.72151154768214,49.95691331934717],[12.72151154768214,49.94792011570993],[12.712518344044893,49.94792011570993]]]}},{"type":"Feature","properties":{"jobs":321,"pop":0,"pointCount":1,"homeWorkCommuteMedian":-1,"workHomeCommuteMedian":40250},"geometry":{"type":"Polygon","coordinates":[[[12.712518344044893,49.96590652298442],[12.712518344044893,49.974899726621665],[12.72151154768214,49.974899726621665],[12.72151154768214,49.96590652298442],[12.712518344044893,49.96590652298442]]]}},{"type":"Feature","properties":{"jobs":20,"pop":0,"pointCount":1,"homeWorkCommuteMedian":-1,"workHomeCommuteMedian":61556},"geometry":{"type":"Polygon","coordinates":[[[12.712518344044893,49.98389293025891],[12.712518344044893,49.99288613389616],[12.72151154768214,49.99288613389616],[12.72151154768214,49.98389293025891],[12.712518344044893,49.98389293025891]]]}},{"type":"Feature","properties":{"jobs":0,"pop":21,"pointCount":1,"homeWorkCommuteMedian":21848,"workHomeCommuteMedian":-1},"geometry":{"type":"Polygon","coordinates":[[[12.712518344044893,50.14577059572934],[12.712518344044893,50.154763799366584],[12.72151154768214,50.154763799366584],[12.72151154768214,50.14577059572934],[12.712518344044893,50.14577059572934]]]}},{"type":"Feature","properties":{"jobs":31,"pop":190,"pointCount":7,"homeWorkCommuteMedian":5890,"workHomeCommuteMedian":631},"geometry":{"type":"Polygon","coordinates":[[[12.712518344044893,50.172750206641076],[12.712518344044893,50.18174341027832],[12.72151154768214,50.18174341027832],[12.72151154768214,50.172750206641076],[12.712518344044893,50.172750206641076]]]}},{"type":"Feature","properties":{"jobs":30,"pop":85,"pointCount":4,"homeWorkCommuteMedian":13380,"workHomeCommuteMedian":784},"geometry":{"type":"Polygon","coordinates":[[[12.712518344044893,50.18174341027832],[12.712518344044893,50.19073661391557],[12.72151154768214,50.19073661391557],[12.72151154768214,50.18174341027832],[12.712518344044893,50.18174341027832]]]}},{"type":"Feature","properties":{"jobs":405,"pop":177,"pointCount":8,"homeWorkCommuteMedian":7706,"workHomeCommuteMedian":12776},"geometry":{"type":"Polygon","coordinates":[[[12.712518344044893,50.22670942846455],[12.712518344044893,50.2357026321018],[12.72151154768214,50.2357026321018],[12.72151154768214,50.22670942846455],[12.712518344044893,50.22670942846455]]]}},{"type":"Feature","properties":{"jobs":298,"pop":136,"pointCount":8,"homeWorkCommuteMedian":12070,"workHomeCommuteMedian":12418},"geometry":{"type":"Polygon","coordinates":[[[12.712518344044893,50.2357026321018],[12.712518344044893,50.244695835739044],[12.72151154768214,50.244695835739044],[12.72151154768214,50.2357026321018],[12.712518344044893,50.2357026321018]]]}},{"type":"Feature","properties":{"jobs":1,"pop":52,"pointCount":3,"homeWorkCommuteMedian":3890,"workHomeCommuteMedian":649},"geometry":{"type":"Polygon","coordinates":[[[12.712518344044893,50.244695835739044],[12.712518344044893,50.25368903937629],[12.72151154768214,50.25368903937629],[12.72151154768214,50.244695835739044],[12.712518344044893,50.244695835739044]]]}},{"type":"Feature","properties":{"jobs":0,"pop":42,"pointCount":2,"homeWorkCommuteMedian":20276,"workHomeCommuteMedian":-1},"geometry":{"type":"Polygon","coordinates":[[[12.712518344044893,50.28066865028803],[12.712518344044893,50.289661853925274],[12.72151154768214,50.289661853925274],[12.72151154768214,50.28066865028803],[12.712518344044893,50.28066865028803]]]}},{"type":"Feature","properties":{"jobs":10,"pop":50,"pointCount":3,"homeWorkCommuteMedian":18019,"workHomeCommuteMedian":695},"geometry":{"type":"Polygon","coordinates":[[[12.712518344044893,50.29865505756252],[12.712518344044893,50.307648261199766],[12.72151154768214,50.307648261199766],[12.72151154768214,50.29865505756252],[12.712518344044893,50.29865505756252]]]}},{"type":"Feature","properties":{"jobs":0,"pop":137,"pointCount":9,"homeWorkCommuteMedian":4234,"workHomeCommuteMedian":-1},"geometry":{"type":"Polygon","coordinates":[[[12.712518344044893,50.31664146483701],[12.712518344044893,50.32563466847426],[12.72151154768214,50.32563466847426],[12.72151154768214,50.31664146483701],[12.712518344044893,50.31664146483701]]]}},{"type":"Feature","properties":{"jobs":0,"pop":44,"pointCount":3,"homeWorkCommuteMedian":3209,"workHomeCommuteMedian":-1},"geometry":{"type":"Polygon","coordinates":[[[12.712518344044893,50.32563466847426],[12.712518344044893,50.334627872111504],[12.72151154768214,50.334627872111504],[12.72151154768214,50.32563466847426],[12.712518344044893,50.32563466847426]]]}},{"type":"Feature","properties":{"jobs":26,"pop":74,"pointCount":4,"homeWorkCommuteMedian":12271,"workHomeCommuteMedian":567},"geometry":{"type":"Polygon","coordinates":[[[12.712518344044893,50.352614279385996],[12.712518344044893,50.36160748302324],[12.72151154768214,50.36160748302324],[12.72151154768214,50.352614279385996],[12.712518344044893,50.352614279385996]]]}},{"type":"Feature","properties":{"jobs":0,"pop":10,"pointCount":1,"homeWorkCommuteMedian":755,"workHomeCommuteMedian":-1},"geometry":{"type":"Polygon","coordinates":[[[12.712518344044893,50.36160748302324],[12.712518344044893,50.37060068666049],[12.72151154768214,50.37060068666049],[12.72151154768214,50.36160748302324],[12.712518344044893,50.36160748302324]]]}},{"type":"Feature","properties":{"jobs":4,"pop":0,"pointCount":1,"homeWorkCommuteMedian":-1,"workHomeCommuteMedian":448},"geometry":{"type":"Polygon","coordinates":[[[12.72151154768214,49.929933708435435],[12.72151154768214,49.93892691207268],[12.730504751319385,49.93892691207268],[12.730504751319385,49.929933708435435],[12.72151154768214,49.929933708435435]]]}},{"type":"Feature","properties":{"jobs":0,"pop":33,"pointCount":1,"homeWorkCommuteMedian":5252,"workHomeCommuteMedian":-1},"geometry":{"type":"Polygon","coordinates":[[[12.72151154768214,49.93892691207268],[12.72151154768214,49.94792011570993],[12.730504751319385,49.94792011570993],[12.730504751319385,49.93892691207268],[12.72151154768214,49.93892691207268]]]}},{"type":"Feature","properties":{"jobs":460,"pop":0,"pointCount":1,"homeWorkCommuteMedian":-1,"workHomeCommuteMedian":13125},"geometry":{"type":"Polygon","coordinates":[[[12.72151154768214,49.96590652298442],[12.72151154768214,49.974899726621665],[12.730504751319385,49.974899726621665],[12.730504751319385,49.96590652298442],[12.72151154768214,49.96590652298442]]]}},{"type":"Feature","properties":{"jobs":0,"pop":15,"pointCount":1,"homeWorkCommuteMedian":33963,"workHomeCommuteMedian":-1},"geometry":{"type":"Polygon","coordinates":[[[12.72151154768214,50.172750206641076],[12.72151154768214,50.18174341027832],[12.730504751319385,50.18174341027832],[12.730504751319385,50.172750206641076],[12.72151154768214,50.172750206641076]]]}},{"type":"Feature","properties":{"jobs":0,"pop":79,"pointCount":4,"homeWorkCommuteMedian":9776,"workHomeCommuteMedian":-1},"geometry":{"type":"Polygon","coordinates":[[[12.72151154768214,50.18174341027832],[12.72151154768214,50.19073661391557],[12.730504751319385,50.19073661391557],[12.730504751319385,50.18174341027832],[12.72151154768214,50.18174341027832]]]}},{"type":"Feature","properties":{"jobs":0,"pop":170,"pointCount":6,"homeWorkCommuteMedian":11822,"workHomeCommuteMedian":-1},"geometry":{"type":"Polygon","coordinates":[[[12.72151154768214,50.22670942846455],[12.72151154768214,50.2357026321018],[12.730504751319385,50.2357026321018],[12.730504751319385,50.22670942846455],[12.72151154768214,50.22670942846455]]]}},{"type":"Feature","properties":{"jobs":0,"pop":13,"pointCount":1,"homeWorkCommuteMedian":12694,"workHomeCommuteMedian":-1},"geometry":{"type":"Polygon","coordinates":[[[12.72151154768214,50.2357026321018],[12.72151154768214,50.244695835739044],[12.730504751319385,50.244695835739044],[12.730504751319385,50.2357026321018],[12.72151154768214,50.2357026321018]]]}},{"type":"Feature","properties":{"jobs":18,"pop":84,"pointCount":4,"homeWorkCommuteMedian":12588,"workHomeCommuteMedian":1904},"geometry":{"type":"Polygon","coordinates":[[[12.72151154768214,50.244695835739044],[12.72151154768214,50.25368903937629],[12.730504751319385,50.25368903937629],[12.730504751319385,50.244695835739044],[12.72151154768214,50.244695835739044]]]}},{"type":"Feature","properties":{"jobs":29,"pop":0,"pointCount":1,"homeWorkCommuteMedian":-1,"workHomeCommuteMedian":2523},"geometry":{"type":"Polygon","coordinates":[[[12.72151154768214,50.25368903937629],[12.72151154768214,50.262682243013536],[12.730504751319385,50.262682243013536],[12.730504751319385,50.25368903937629],[12.72151154768214,50.25368903937629]]]}},{"type":"Feature","properties":{"jobs":4,"pop":72,"pointCount":4,"homeWorkCommuteMedian":11391,"workHomeCommuteMedian":602},"geometry":{"type":"Polygon","coordinates":[[[12.72151154768214,50.28066865028803],[12.72151154768214,50.289661853925274],[12.730504751319385,50.289661853925274],[12.730504751319385,50.28066865028803],[12.72151154768214,50.28066865028803]]]}},{"type":"Feature","properties":{"jobs":0,"pop":20,"pointCount":1,"homeWorkCommuteMedian":11823,"workHomeCommuteMedian":-1},"geometry":{"type":"Polygon","coordinates":[[[12.72151154768214,50.29865505756252],[12.72151154768214,50.307648261199766],[12.730504751319385,50.307648261199766],[12.730504751319385,50.29865505756252],[12.72151154768214,50.29865505756252]]]}},{"type":"Feature","properties":{"jobs":2630,"pop":1233,"pointCount":18,"homeWorkCommuteMedian":16200,"workHomeCommuteMedian":16882},"geometry":{"type":"Polygon","coordinates":[[[12.72151154768214,50.31664146483701],[12.72151154768214,50.32563466847426],[12.730504751319385,50.32563466847426],[12.730504751319385,50.31664146483701],[12.72151154768214,50.31664146483701]]]}},{"type":"Feature","properties":{"jobs":87,"pop":235,"pointCount":12,"homeWorkCommuteMedian":1985,"workHomeCommuteMedian":981},"geometry":{"type":"Polygon","coordinates":[[[12.72151154768214,50.32563466847426],[12.72151154768214,50.334627872111504],[12.730504751319385,50.334627872111504],[12.730504751319385,50.32563466847426],[12.72151154768214,50.32563466847426]]]}},{"type":"Feature","properties":{"jobs":10,"pop":20,"pointCount":3,"homeWorkCommuteMedian":19257,"workHomeCommuteMedian":168},"geometry":{"type":"Polygon","coordinates":[[[12.72151154768214,50.334627872111504],[12.72151154768214,50.34362107574875],[12.730504751319385,50.34362107574875],[12.730504751319385,50.334627872111504],[12.72151154768214,50.334627872111504]]]}},{"type":"Feature","properties":{"jobs":10,"pop":66,"pointCount":3,"homeWorkCommuteMedian":22407,"workHomeCommuteMedian":755},"geometry":{"type":"Polygon","coordinates":[[[12.72151154768214,50.36160748302324],[12.72151154768214,50.37060068666049],[12.730504751319385,50.37060068666049],[12.730504751319385,50.36160748302324],[12.72151154768214,50.36160748302324]]]}},{"type":"Feature","properties":{"jobs":0,"pop":14,"pointCount":1,"homeWorkCommuteMedian":9504,"workHomeCommuteMedian":-1},"geometry":{"type":"Polygon","coordinates":[[[12.730504751319385,49.929933708435435],[12.730504751319385,49.93892691207268],[12.739497954956631,49.93892691207268],[12.739497954956631,49.929933708435435],[12.730504751319385,49.929933708435435]]]}},{"type":"Feature","properties":{"jobs":11,"pop":65,"pointCount":3,"homeWorkCommuteMedian":8012,"workHomeCommuteMedian":240},"geometry":{"type":"Polygon","coordinates":[[[12.730504751319385,49.94792011570993],[12.730504751319385,49.95691331934717],[12.739497954956631,49.95691331934717],[12.739497954956631,49.94792011570993],[12.730504751319385,49.94792011570993]]]}},{"type":"Feature","properties":{"jobs":131,"pop":0,"pointCount":1,"homeWorkCommuteMedian":-1,"workHomeCommuteMedian":36233},"geometry":{"type":"Polygon","coordinates":[[[12.730504751319385,49.974899726621665],[12.730504751319385,49.98389293025891],[12.739497954956631,49.98389293025891],[12.739497954956631,49.974899726621665],[12.730504751319385,49.974899726621665]]]}},{"type":"Feature","properties":{"jobs":0,"pop":17,"pointCount":2,"homeWorkCommuteMedian":13943,"workHomeCommuteMedian":-1},"geometry":{"type":"Polygon","coordinates":[[[12.730504751319385,50.18174341027832],[12.730504751319385,50.19073661391557],[12.739497954956631,50.19073661391557],[12.739497954956631,50.18174341027832],[12.730504751319385,50.18174341027832]]]}},{"type":"Feature","properties":{"jobs":2,"pop":66,"pointCount":1,"homeWorkCommuteMedian":14684,"workHomeCommuteMedian":1625},"geometry":{"type":"Polygon","coordinates":[[[12.730504751319385,50.19073661391557],[12.730504751319385,50.199729817552814],[12.739497954956631,50.199729817552814],[12.739497954956631,50.19073661391557],[12.730504751319385,50.19073661391557]]]}},{"type":"Feature","properties":{"jobs":53,"pop":324,"pointCount":12,"homeWorkCommuteMedian":9491,"workHomeCommuteMedian":1184},"geometry":{"type":"Polygon","coordinates":[[[12.730504751319385,50.199729817552814],[12.730504751319385,50.20872302119006],[12.739497954956631,50.20872302119006],[12.739497954956631,50.199729817552814],[12.730504751319385,50.199729817552814]]]}},{"type":"Feature","properties":{"jobs":154,"pop":0,"pointCount":1,"homeWorkCommuteMedian":-1,"workHomeCommuteMedian":2283},"geometry":{"type":"Polygon","coordinates":[[[12.730504751319385,50.20872302119006],[12.730504751319385,50.217716224827306],[12.739497954956631,50.217716224827306],[12.739497954956631,50.20872302119006],[12.730504751319385,50.20872302119006]]]}},{"type":"Feature","properties":{"jobs":65,"pop":841,"pointCount":6,"homeWorkCommuteMedian":9079,"workHomeCommuteMedian":10542},"geometry":{"type":"Polygon","coordinates":[[[12.730504751319385,50.2357026321018],[12.730504751319385,50.244695835739044],[12.739497954956631,50.244695835739044],[12.739497954956631,50.2357026321018],[12.730504751319385,50.2357026321018]]]}},{"type":"Feature","properties":{"jobs":37,"pop":50,"pointCount":3,"homeWorkCommuteMedian":4633,"workHomeCommuteMedian":2348},"geometry":{"type":"Polygon","coordinates":[[[12.730504751319385,50.244695835739044],[12.730504751319385,50.25368903937629],[12.739497954956631,50.25368903937629],[12.739497954956631,50.244695835739044],[12.730504751319385,50.244695835739044]]]}},{"type":"Feature","properties":{"jobs":0,"pop":11,"pointCount":1,"homeWorkCommuteMedian":427,"workHomeCommuteMedian":-1},"geometry":{"type":"Polygon","coordinates":[[[12.730504751319385,50.29865505756252],[12.730504751319385,50.307648261199766],[12.739497954956631,50.307648261199766],[12.739497954956631,50.29865505756252],[12.730504751319385,50.29865505756252]]]}},{"type":"Feature","properties":{"jobs":11,"pop":10,"pointCount":2,"homeWorkCommuteMedian":2627,"workHomeCommuteMedian":427},"geometry":{"type":"Polygon","coordinates":[[[12.730504751319385,50.307648261199766],[12.730504751319385,50.31664146483701],[12.739497954956631,50.31664146483701],[12.739497954956631,50.307648261199766],[12.730504751319385,50.307648261199766]]]}},{"type":"Feature","properties":{"jobs":1175,"pop":117,"pointCount":6,"homeWorkCommuteMedian":981,"workHomeCommuteMedian":7786},"geometry":{"type":"Polygon","coordinates":[[[12.730504751319385,50.31664146483701],[12.730504751319385,50.32563466847426],[12.739497954956631,50.32563466847426],[12.739497954956631,50.31664146483701],[12.730504751319385,50.31664146483701]]]}},{"type":"Feature","properties":{"jobs":735,"pop":401,"pointCount":8,"homeWorkCommuteMedian":11416,"workHomeCommuteMedian":19243},"geometry":{"type":"Polygon","coordinates":[[[12.730504751319385,50.32563466847426],[12.730504751319385,50.334627872111504],[12.739497954956631,50.334627872111504],[12.739497954956631,50.32563466847426],[12.730504751319385,50.32563466847426]]]}},{"type":"Feature","properties":{"jobs":0,"pop":52,"pointCount":2,"homeWorkCommuteMedian":3571,"workHomeCommuteMedian":-1},"geometry":{"type":"Polygon","coordinates":[[[12.730504751319385,50.334627872111504],[12.730504751319385,50.34362107574875],[12.739497954956631,50.34362107574875],[12.739497954956631,50.334627872111504],[12.730504751319385,50.334627872111504]]]}},{"type":"Feature","properties":{"jobs":0,"pop":10,"pointCount":1,"homeWorkCommuteMedian":8178,"workHomeCommuteMedian":-1},"geometry":{"type":"Polygon","coordinates":[[[12.730504751319385,50.352614279385996],[12.730504751319385,50.36160748302324],[12.739497954956631,50.36160748302324],[12.739497954956631,50.352614279385996],[12.730504751319385,50.352614279385996]]]}},{"type":"Feature","properties":{"jobs":20,"pop":0,"pointCount":1,"homeWorkCommuteMedian":-1,"workHomeCommuteMedian":26521},"geometry":{"type":"Polygon","coordinates":[[[12.730504751319385,50.41556670484672],[12.730504751319385,50.424559908483964],[12.739497954956631,50.424559908483964],[12.739497954956631,50.41556670484672],[12.730504751319385,50.41556670484672]]]}},{"type":"Feature","properties":{"jobs":190,"pop":145,"pointCount":8,"homeWorkCommuteMedian":30584,"workHomeCommuteMedian":12350},"geometry":{"type":"Polygon","coordinates":[[[12.730504751319385,50.424559908483964],[12.730504751319385,50.43355311212121],[12.739497954956631,50.43355311212121],[12.739497954956631,50.424559908483964],[12.730504751319385,50.424559908483964]]]}},{"type":"Feature","properties":{"jobs":4,"pop":52,"pointCount":3,"homeWorkCommuteMedian":5377,"workHomeCommuteMedian":363},"geometry":{"type":"Polygon","coordinates":[[[12.739497954956631,49.96590652298442],[12.739497954956631,49.974899726621665],[12.748491158593877,49.974899726621665],[12.748491158593877,49.96590652298442],[12.739497954956631,49.96590652298442]]]}},{"type":"Feature","properties":{"jobs":0,"pop":75,"pointCount":3,"homeWorkCommuteMedian":3773,"workHomeCommuteMedian":-1},"geometry":{"type":"Polygon","coordinates":[[[12.739497954956631,49.974899726621665],[12.739497954956631,49.98389293025891],[12.748491158593877,49.98389293025891],[12.748491158593877,49.974899726621665],[12.739497954956631,49.974899726621665]]]}},{"type":"Feature","properties":{"jobs":13,"pop":0,"pointCount":1,"homeWorkCommuteMedian":-1,"workHomeCommuteMedian":2814},"geometry":{"type":"Polygon","coordinates":[[[12.739497954956631,50.172750206641076],[12.739497954956631,50.18174341027832],[12.748491158593877,50.18174341027832],[12.748491158593877,50.172750206641076],[12.739497954956631,50.172750206641076]]]}},{"type":"Feature","properties":{"jobs":0,"pop":85,"pointCount":6,"homeWorkCommuteMedian":10645,"workHomeCommuteMedian":-1},"geometry":{"type":"Polygon","coordinates":[[[12.739497954956631,50.18174341027832],[12.739497954956631,50.19073661391557],[12.748491158593877,50.19073661391557],[12.748491158593877,50.18174341027832],[12.739497954956631,50.18174341027832]]]}},{"type":"Feature","properties":{"jobs":0,"pop":561,"pointCount":5,"homeWorkCommuteMedian":10301,"workHomeCommuteMedian":-1},"geometry":{"type":"Polygon","coordinates":[[[12.739497954956631,50.19073661391557],[12.739497954956631,50.199729817552814],[12.748491158593877,50.199729817552814],[12.748491158593877,50.19073661391557],[12.739497954956631,50.19073661391557]]]}},{"type":"Feature","properties":{"jobs":40,"pop":82,"pointCount":3,"homeWorkCommuteMedian":11514,"workHomeCommuteMedian":5064},"geometry":{"type":"Polygon","coordinates":[[[12.739497954956631,50.199729817552814],[12.739497954956631,50.20872302119006],[12.748491158593877,50.20872302119006],[12.748491158593877,50.199729817552814],[12.739497954956631,50.199729817552814]]]}},{"type":"Feature","properties":{"jobs":167,"pop":564,"pointCount":10,"homeWorkCommuteMedian":8827,"workHomeCommuteMedian":4630},"geometry":{"type":"Polygon","coordinates":[[[12.739497954956631,50.20872302119006],[12.739497954956631,50.217716224827306],[12.748491158593877,50.217716224827306],[12.748491158593877,50.20872302119006],[12.739497954956631,50.20872302119006]]]}},{"type":"Feature","properties":{"jobs":20,"pop":93,"pointCount":4,"homeWorkCommuteMedian":11498,"workHomeCommuteMedian":1654},"geometry":{"type":"Polygon","coordinates":[[[12.739497954956631,50.217716224827306],[12.739497954956631,50.22670942846455],[12.748491158593877,50.22670942846455],[12.748491158593877,50.217716224827306],[12.739497954956631,50.217716224827306]]]}},{"type":"Feature","properties":{"jobs":1340,"pop":640,"pointCount":15,"homeWorkCommuteMedian":7051,"workHomeCommuteMedian":11073},"geometry":{"type":"Polygon","coordinates":[[[12.739497954956631,50.22670942846455],[12.739497954956631,50.2357026321018],[12.748491158593877,50.2357026321018],[12.748491158593877,50.22670942846455],[12.739497954956631,50.22670942846455]]]}},{"type":"Feature","properties":{"jobs":994,"pop":3686,"pointCount":27,"homeWorkCommuteMedian":9357,"workHomeCommuteMedian":3396},"geometry":{"type":"Polygon","coordinates":[[[12.739497954956631,50.2357026321018],[12.739497954956631,50.244695835739044],[12.748491158593877,50.244695835739044],[12.748491158593877,50.2357026321018],[12.739497954956631,50.2357026321018]]]}},{"type":"Feature","properties":{"jobs":57,"pop":425,"pointCount":5,"homeWorkCommuteMedian":9565,"workHomeCommuteMedian":1491},"geometry":{"type":"Polygon","coordinates":[[[12.739497954956631,50.244695835739044],[12.739497954956631,50.25368903937629],[12.748491158593877,50.25368903937629],[12.748491158593877,50.244695835739044],[12.739497954956631,50.244695835739044]]]}},{"type":"Feature","properties":{"jobs":0,"pop":169,"pointCount":2,"homeWorkCommuteMedian":13729,"workHomeCommuteMedian":-1},"geometry":{"type":"Polygon","coordinates":[[[12.739497954956631,50.307648261199766],[12.739497954956631,50.31664146483701],[12.748491158593877,50.31664146483701],[12.748491158593877,50.307648261199766],[12.739497954956631,50.307648261199766]]]}},{"type":"Feature","properties":{"jobs":141,"pop":1102,"pointCount":11,"homeWorkCommuteMedian":12671,"workHomeCommuteMedian":2127},"geometry":{"type":"Polygon","coordinates":[[[12.739497954956631,50.31664146483701],[12.739497954956631,50.32563466847426],[12.748491158593877,50.32563466847426],[12.748491158593877,50.31664146483701],[12.739497954956631,50.31664146483701]]]}},{"type":"Feature","properties":{"jobs":63,"pop":45,"pointCount":4,"homeWorkCommuteMedian":12555,"workHomeCommuteMedian":2653},"geometry":{"type":"Polygon","coordinates":[[[12.739497954956631,50.32563466847426],[12.739497954956631,50.334627872111504],[12.748491158593877,50.334627872111504],[12.748491158593877,50.32563466847426],[12.739497954956631,50.32563466847426]]]}},{"type":"Feature","properties":{"jobs":46,"pop":51,"pointCount":4,"homeWorkCommuteMedian":581,"workHomeCommuteMedian":213},"geometry":{"type":"Polygon","coordinates":[[[12.739497954956631,50.424559908483964],[12.739497954956631,50.43355311212121],[12.748491158593877,50.43355311212121],[12.748491158593877,50.424559908483964],[12.739497954956631,50.424559908483964]]]}},{"type":"Feature","properties":{"jobs":0,"pop":31,"pointCount":1,"homeWorkCommuteMedian":9332,"workHomeCommuteMedian":-1},"geometry":{"type":"Polygon","coordinates":[[[12.748491158593877,49.974899726621665],[12.748491158593877,49.98389293025891],[12.757484362231123,49.98389293025891],[12.757484362231123,49.974899726621665],[12.748491158593877,49.974899726621665]]]}},{"type":"Feature","properties":{"jobs":0,"pop":30,"pointCount":2,"homeWorkCommuteMedian":17186,"workHomeCommuteMedian":-1},"geometry":{"type":"Polygon","coordinates":[[[12.748491158593877,50.154763799366584],[12.748491158593877,50.16375700300383],[12.757484362231123,50.16375700300383],[12.757484362231123,50.154763799366584],[12.748491158593877,50.154763799366584]]]}},{"type":"Feature","properties":{"jobs":737,"pop":312,"pointCount":9,"homeWorkCommuteMedian":11429,"workHomeCommuteMedian":9866},"geometry":{"type":"Polygon","coordinates":[[[12.748491158593877,50.18174341027832],[12.748491158593877,50.19073661391557],[12.757484362231123,50.19073661391557],[12.757484362231123,50.18174341027832],[12.748491158593877,50.18174341027832]]]}},{"type":"Feature","properties":{"jobs":20,"pop":331,"pointCount":10,"homeWorkCommuteMedian":10267,"workHomeCommuteMedian":632},"geometry":{"type":"Polygon","coordinates":[[[12.748491158593877,50.19073661391557],[12.748491158593877,50.199729817552814],[12.757484362231123,50.199729817552814],[12.757484362231123,50.19073661391557],[12.748491158593877,50.19073661391557]]]}},{"type":"Feature","properties":{"jobs":155,"pop":270,"pointCount":10,"homeWorkCommuteMedian":9167,"workHomeCommuteMedian":3333},"geometry":{"type":"Polygon","coordinates":[[[12.748491158593877,50.199729817552814],[12.748491158593877,50.20872302119006],[12.757484362231123,50.20872302119006],[12.757484362231123,50.199729817552814],[12.748491158593877,50.199729817552814]]]}},{"type":"Feature","properties":{"jobs":0,"pop":53,"pointCount":1,"homeWorkCommuteMedian":14649,"workHomeCommuteMedian":-1},"geometry":{"type":"Polygon","coordinates":[[[12.748491158593877,50.20872302119006],[12.748491158593877,50.217716224827306],[12.757484362231123,50.217716224827306],[12.757484362231123,50.20872302119006],[12.748491158593877,50.20872302119006]]]}},{"type":"Feature","properties":{"jobs":238,"pop":83,"pointCount":6,"homeWorkCommuteMedian":2921,"workHomeCommuteMedian":2109},"geometry":{"type":"Polygon","coordinates":[[[12.748491158593877,50.22670942846455],[12.748491158593877,50.2357026321018],[12.757484362231123,50.2357026321018],[12.757484362231123,50.22670942846455],[12.748491158593877,50.22670942846455]]]}},{"type":"Feature","properties":{"jobs":588,"pop":384,"pointCount":11,"homeWorkCommuteMedian":5958,"workHomeCommuteMedian":4370},"geometry":{"type":"Polygon","coordinates":[[[12.748491158593877,50.2357026321018],[12.748491158593877,50.244695835739044],[12.757484362231123,50.244695835739044],[12.757484362231123,50.2357026321018],[12.748491158593877,50.2357026321018]]]}},{"type":"Feature","properties":{"jobs":33,"pop":0,"pointCount":1,"homeWorkCommuteMedian":-1,"workHomeCommuteMedian":14716},"geometry":{"type":"Polygon","coordinates":[[[12.748491158593877,50.244695835739044],[12.748491158593877,50.25368903937629],[12.757484362231123,50.25368903937629],[12.757484362231123,50.244695835739044],[12.748491158593877,50.244695835739044]]]}},{"type":"Feature","properties":{"jobs":10,"pop":96,"pointCount":4,"homeWorkCommuteMedian":12776,"workHomeCommuteMedian":2325},"geometry":{"type":"Polygon","coordinates":[[[12.748491158593877,50.307648261199766],[12.748491158593877,50.31664146483701],[12.757484362231123,50.31664146483701],[12.757484362231123,50.307648261199766],[12.748491158593877,50.307648261199766]]]}},{"type":"Feature","properties":{"jobs":1,"pop":0,"pointCount":1,"homeWorkCommuteMedian":-1,"workHomeCommuteMedian":660},"geometry":{"type":"Polygon","coordinates":[[[12.748491158593877,50.32563466847426],[12.748491158593877,50.334627872111504],[12.757484362231123,50.334627872111504],[12.757484362231123,50.32563466847426],[12.748491158593877,50.32563466847426]]]}},{"type":"Feature","properties":{"jobs":3,"pop":23,"pointCount":3,"homeWorkCommuteMedian":6196,"workHomeCommuteMedian":374},"geometry":{"type":"Polygon","coordinates":[[[12.757484362231123,49.95691331934717],[12.757484362231123,49.96590652298442],[12.76647756586837,49.96590652298442],[12.76647756586837,49.95691331934717],[12.757484362231123,49.95691331934717]]]}},{"type":"Feature","properties":{"jobs":10,"pop":43,"pointCount":4,"homeWorkCommuteMedian":5636,"workHomeCommuteMedian":488},"geometry":{"type":"Polygon","coordinates":[[[12.757484362231123,49.99288613389616],[12.757484362231123,50.0018793375334],[12.76647756586837,50.0018793375334],[12.76647756586837,49.99288613389616],[12.757484362231123,49.99288613389616]]]}},{"type":"Feature","properties":{"jobs":9,"pop":29,"pointCount":3,"homeWorkCommuteMedian":10654,"workHomeCommuteMedian":324},"geometry":{"type":"Polygon","coordinates":[[[12.757484362231123,50.019865744807895],[12.757484362231123,50.02885894844514],[12.76647756586837,50.02885894844514],[12.76647756586837,50.019865744807895],[12.757484362231123,50.019865744807895]]]}},{"type":"Feature","properties":{"jobs":39,"pop":33,"pointCount":1,"homeWorkCommuteMedian":9596,"workHomeCommuteMedian":6899},"geometry":{"type":"Polygon","coordinates":[[[12.757484362231123,50.172750206641076],[12.757484362231123,50.18174341027832],[12.76647756586837,50.18174341027832],[12.76647756586837,50.172750206641076],[12.757484362231123,50.172750206641076]]]}},{"type":"Feature","properties":{"jobs":119,"pop":144,"pointCount":8,"homeWorkCommuteMedian":10121,"workHomeCommuteMedian":2149},"geometry":{"type":"Polygon","coordinates":[[[12.757484362231123,50.18174341027832],[12.757484362231123,50.19073661391557],[12.76647756586837,50.19073661391557],[12.76647756586837,50.18174341027832],[12.757484362231123,50.18174341027832]]]}},{"type":"Feature","properties":{"jobs":137,"pop":0,"pointCount":1,"homeWorkCommuteMedian":-1,"workHomeCommuteMedian":12618},"geometry":{"type":"Polygon","coordinates":[[[12.757484362231123,50.19073661391557],[12.757484362231123,50.199729817552814],[12.76647756586837,50.199729817552814],[12.76647756586837,50.19073661391557],[12.757484362231123,50.19073661391557]]]}},{"type":"Feature","properties":{"jobs":0,"pop":30,"pointCount":2,"homeWorkCommuteMedian":10429,"workHomeCommuteMedian":-1},"geometry":{"type":"Polygon","coordinates":[[[12.757484362231123,50.199729817552814],[12.757484362231123,50.20872302119006],[12.76647756586837,50.20872302119006],[12.76647756586837,50.199729817552814],[12.757484362231123,50.199729817552814]]]}},{"type":"Feature","properties":{"jobs":30,"pop":0,"pointCount":2,"homeWorkCommuteMedian":-1,"workHomeCommuteMedian":1629},"geometry":{"type":"Polygon","coordinates":[[[12.757484362231123,50.22670942846455],[12.757484362231123,50.2357026321018],[12.76647756586837,50.2357026321018],[12.76647756586837,50.22670942846455],[12.757484362231123,50.22670942846455]]]}},{"type":"Feature","properties":{"jobs":18,"pop":11,"pointCount":2,"homeWorkCommuteMedian":6000,"workHomeCommuteMedian":846},"geometry":{"type":"Polygon","coordinates":[[[12.757484362231123,50.2357026321018],[12.757484362231123,50.244695835739044],[12.76647756586837,50.244695835739044],[12.76647756586837,50.2357026321018],[12.757484362231123,50.2357026321018]]]}},{"type":"Feature","properties":{"jobs":272,"pop":0,"pointCount":1,"homeWorkCommuteMedian":-1,"workHomeCommuteMedian":2758},"geometry":{"type":"Polygon","coordinates":[[[12.757484362231123,50.244695835739044],[12.757484362231123,50.25368903937629],[12.76647756586837,50.25368903937629],[12.76647756586837,50.244695835739044],[12.757484362231123,50.244695835739044]]]}},{"type":"Feature","properties":{"jobs":11,"pop":22,"pointCount":3,"homeWorkCommuteMedian":11020,"workHomeCommuteMedian":12004},"geometry":{"type":"Polygon","coordinates":[[[12.757484362231123,50.25368903937629],[12.757484362231123,50.262682243013536],[12.76647756586837,50.262682243013536],[12.76647756586837,50.25368903937629],[12.757484362231123,50.25368903937629]]]}},{"type":"Feature","properties":{"jobs":25,"pop":10,"pointCount":1,"homeWorkCommuteMedian":8491,"workHomeCommuteMedian":862},"geometry":{"type":"Polygon","coordinates":[[[12.757484362231123,50.289661853925274],[12.757484362231123,50.29865505756252],[12.76647756586837,50.29865505756252],[12.76647756586837,50.289661853925274],[12.757484362231123,50.289661853925274]]]}},{"type":"Feature","properties":{"jobs":21,"pop":36,"pointCount":3,"homeWorkCommuteMedian":14350,"workHomeCommuteMedian":4234},"geometry":{"type":"Polygon","coordinates":[[[12.757484362231123,50.307648261199766],[12.757484362231123,50.31664146483701],[12.76647756586837,50.31664146483701],[12.76647756586837,50.307648261199766],[12.757484362231123,50.307648261199766]]]}},{"type":"Feature","properties":{"jobs":11,"pop":52,"pointCount":2,"homeWorkCommuteMedian":14111,"workHomeCommuteMedian":283},"geometry":{"type":"Polygon","coordinates":[[[12.76647756586837,50.08281817026862],[12.76647756586837,50.09181137390586],[12.775470769505615,50.09181137390586],[12.775470769505615,50.08281817026862],[12.76647756586837,50.08281817026862]]]}},{"type":"Feature","properties":{"jobs":0,"pop":47,"pointCount":2,"homeWorkCommuteMedian":15492,"workHomeCommuteMedian":-1},"geometry":{"type":"Polygon","coordinates":[[[12.76647756586837,50.172750206641076],[12.76647756586837,50.18174341027832],[12.775470769505615,50.18174341027832],[12.775470769505615,50.172750206641076],[12.76647756586837,50.172750206641076]]]}},{"type":"Feature","properties":{"jobs":3,"pop":0,"pointCount":1,"homeWorkCommuteMedian":-1,"workHomeCommuteMedian":1204},"geometry":{"type":"Polygon","coordinates":[[[12.76647756586837,50.19073661391557],[12.76647756586837,50.199729817552814],[12.775470769505615,50.199729817552814],[12.775470769505615,50.19073661391557],[12.76647756586837,50.19073661391557]]]}},{"type":"Feature","properties":{"jobs":10,"pop":20,"pointCount":2,"homeWorkCommuteMedian":5210,"workHomeCommuteMedian":152},"geometry":{"type":"Polygon","coordinates":[[[12.76647756586837,50.199729817552814],[12.76647756586837,50.20872302119006],[12.775470769505615,50.20872302119006],[12.775470769505615,50.199729817552814],[12.76647756586837,50.199729817552814]]]}},{"type":"Feature","properties":{"jobs":0,"pop":20,"pointCount":1,"homeWorkCommuteMedian":35827,"workHomeCommuteMedian":-1},"geometry":{"type":"Polygon","coordinates":[[[12.76647756586837,50.20872302119006],[12.76647756586837,50.217716224827306],[12.775470769505615,50.217716224827306],[12.775470769505615,50.20872302119006],[12.76647756586837,50.20872302119006]]]}},{"type":"Feature","properties":{"jobs":0,"pop":54,"pointCount":3,"homeWorkCommuteMedian":5309,"workHomeCommuteMedian":-1},"geometry":{"type":"Polygon","coordinates":[[[12.76647756586837,50.22670942846455],[12.76647756586837,50.2357026321018],[12.775470769505615,50.2357026321018],[12.775470769505615,50.22670942846455],[12.76647756586837,50.22670942846455]]]}},{"type":"Feature","properties":{"jobs":0,"pop":160,"pointCount":4,"homeWorkCommuteMedian":8500,"workHomeCommuteMedian":-1},"geometry":{"type":"Polygon","coordinates":[[[12.76647756586837,50.2357026321018],[12.76647756586837,50.244695835739044],[12.775470769505615,50.244695835739044],[12.775470769505615,50.2357026321018],[12.76647756586837,50.2357026321018]]]}},{"type":"Feature","properties":{"jobs":247,"pop":295,"pointCount":12,"homeWorkCommuteMedian":9616,"workHomeCommuteMedian":4429},"geometry":{"type":"Polygon","coordinates":[[[12.76647756586837,50.25368903937629],[12.76647756586837,50.262682243013536],[12.775470769505615,50.262682243013536],[12.775470769505615,50.25368903937629],[12.76647756586837,50.25368903937629]]]}},{"type":"Feature","properties":{"jobs":97,"pop":12,"pointCount":4,"homeWorkCommuteMedian":8798,"workHomeCommuteMedian":10262},"geometry":{"type":"Polygon","coordinates":[[[12.76647756586837,50.27167544665078],[12.76647756586837,50.28066865028803],[12.775470769505615,50.28066865028803],[12.775470769505615,50.27167544665078],[12.76647756586837,50.27167544665078]]]}},{"type":"Feature","properties":{"jobs":0,"pop":105,"pointCount":2,"homeWorkCommuteMedian":13370,"workHomeCommuteMedian":-1},"geometry":{"type":"Polygon","coordinates":[[[12.76647756586837,50.289661853925274],[12.76647756586837,50.29865505756252],[12.775470769505615,50.29865505756252],[12.775470769505615,50.289661853925274],[12.76647756586837,50.289661853925274]]]}},{"type":"Feature","properties":{"jobs":0,"pop":22,"pointCount":1,"homeWorkCommuteMedian":8592,"workHomeCommuteMedian":-1},"geometry":{"type":"Polygon","coordinates":[[[12.76647756586837,50.307648261199766],[12.76647756586837,50.31664146483701],[12.775470769505615,50.31664146483701],[12.775470769505615,50.307648261199766],[12.76647756586837,50.307648261199766]]]}},{"type":"Feature","properties":{"jobs":65,"pop":177,"pointCount":6,"homeWorkCommuteMedian":13184,"workHomeCommuteMedian":219},"geometry":{"type":"Polygon","coordinates":[[[12.76647756586837,50.38858709393498],[12.76647756586837,50.397580297572226],[12.775470769505615,50.397580297572226],[12.775470769505615,50.38858709393498],[12.76647756586837,50.38858709393498]]]}},{"type":"Feature","properties":{"jobs":17,"pop":66,"pointCount":3,"homeWorkCommuteMedian":12429,"workHomeCommuteMedian":186},"geometry":{"type":"Polygon","coordinates":[[[12.775470769505615,49.94792011570993],[12.775470769505615,49.95691331934717],[12.784463973142861,49.95691331934717],[12.784463973142861,49.94792011570993],[12.775470769505615,49.94792011570993]]]}},{"type":"Feature","properties":{"jobs":64,"pop":0,"pointCount":1,"homeWorkCommuteMedian":-1,"workHomeCommuteMedian":10220},"geometry":{"type":"Polygon","coordinates":[[[12.775470769505615,50.12778418845485],[12.775470769505615,50.13677739209209],[12.784463973142861,50.13677739209209],[12.784463973142861,50.12778418845485],[12.775470769505615,50.12778418845485]]]}},{"type":"Feature","properties":{"jobs":12,"pop":0,"pointCount":1,"homeWorkCommuteMedian":-1,"workHomeCommuteMedian":3868},"geometry":{"type":"Polygon","coordinates":[[[12.775470769505615,50.154763799366584],[12.775470769505615,50.16375700300383],[12.784463973142861,50.16375700300383],[12.784463973142861,50.154763799366584],[12.775470769505615,50.154763799366584]]]}},{"type":"Feature","properties":{"jobs":0,"pop":32,"pointCount":2,"homeWorkCommuteMedian":11138,"workHomeCommuteMedian":-1},"geometry":{"type":"Polygon","coordinates":[[[12.775470769505615,50.20872302119006],[12.775470769505615,50.217716224827306],[12.784463973142861,50.217716224827306],[12.784463973142861,50.20872302119006],[12.775470769505615,50.20872302119006]]]}},{"type":"Feature","properties":{"jobs":19,"pop":0,"pointCount":1,"homeWorkCommuteMedian":-1,"workHomeCommuteMedian":1757},"geometry":{"type":"Polygon","coordinates":[[[12.775470769505615,50.2357026321018],[12.775470769505615,50.244695835739044],[12.784463973142861,50.244695835739044],[12.784463973142861,50.2357026321018],[12.775470769505615,50.2357026321018]]]}},{"type":"Feature","properties":{"jobs":149,"pop":0,"pointCount":2,"homeWorkCommuteMedian":-1,"workHomeCommuteMedian":3293},"geometry":{"type":"Polygon","coordinates":[[[12.775470769505615,50.25368903937629],[12.775470769505615,50.262682243013536],[12.784463973142861,50.262682243013536],[12.784463973142861,50.25368903937629],[12.775470769505615,50.25368903937629]]]}},{"type":"Feature","properties":{"jobs":577,"pop":373,"pointCount":10,"homeWorkCommuteMedian":11300,"workHomeCommuteMedian":10795},"geometry":{"type":"Polygon","coordinates":[[[12.775470769505615,50.262682243013536],[12.775470769505615,50.27167544665078],[12.784463973142861,50.27167544665078],[12.784463973142861,50.262682243013536],[12.775470769505615,50.262682243013536]]]}},{"type":"Feature","properties":{"jobs":281,"pop":757,"pointCount":16,"homeWorkCommuteMedian":11320,"workHomeCommuteMedian":10397},"geometry":{"type":"Polygon","coordinates":[[[12.775470769505615,50.27167544665078],[12.775470769505615,50.28066865028803],[12.784463973142861,50.28066865028803],[12.784463973142861,50.27167544665078],[12.775470769505615,50.27167544665078]]]}},{"type":"Feature","properties":{"jobs":0,"pop":21,"pointCount":1,"homeWorkCommuteMedian":14752,"workHomeCommuteMedian":-1},"geometry":{"type":"Polygon","coordinates":[[[12.775470769505615,50.307648261199766],[12.775470769505615,50.31664146483701],[12.784463973142861,50.31664146483701],[12.784463973142861,50.307648261199766],[12.775470769505615,50.307648261199766]]]}},{"type":"Feature","properties":{"jobs":78,"pop":200,"pointCount":8,"homeWorkCommuteMedian":19868,"workHomeCommuteMedian":2926},"geometry":{"type":"Polygon","coordinates":[[[12.775470769505615,50.36160748302324],[12.775470769505615,50.37060068666049],[12.784463973142861,50.37060068666049],[12.784463973142861,50.36160748302324],[12.775470769505615,50.36160748302324]]]}},{"type":"Feature","properties":{"jobs":0,"pop":13,"pointCount":1,"homeWorkCommuteMedian":21703,"workHomeCommuteMedian":-1},"geometry":{"type":"Polygon","coordinates":[[[12.775470769505615,50.37060068666049],[12.775470769505615,50.379593890297734],[12.784463973142861,50.379593890297734],[12.784463973142861,50.37060068666049],[12.775470769505615,50.37060068666049]]]}},{"type":"Feature","properties":{"jobs":95,"pop":74,"pointCount":6,"homeWorkCommuteMedian":16074,"workHomeCommuteMedian":9190},"geometry":{"type":"Polygon","coordinates":[[[12.784463973142861,50.02885894844514],[12.784463973142861,50.03785215208239],[12.793457176780107,50.03785215208239],[12.793457176780107,50.02885894844514],[12.784463973142861,50.02885894844514]]]}},{"type":"Feature","properties":{"jobs":0,"pop":12,"pointCount":1,"homeWorkCommuteMedian":15793,"workHomeCommuteMedian":-1},"geometry":{"type":"Polygon","coordinates":[[[12.784463973142861,50.03785215208239],[12.784463973142861,50.04684535571963],[12.793457176780107,50.04684535571963],[12.793457176780107,50.03785215208239],[12.784463973142861,50.03785215208239]]]}},{"type":"Feature","properties":{"jobs":29,"pop":0,"pointCount":1,"homeWorkCommuteMedian":-1,"workHomeCommuteMedian":28467},"geometry":{"type":"Polygon","coordinates":[[[12.784463973142861,50.064831762994125],[12.784463973142861,50.07382496663137],[12.793457176780107,50.07382496663137],[12.793457176780107,50.064831762994125],[12.784463973142861,50.064831762994125]]]}},{"type":"Feature","properties":{"jobs":170,"pop":255,"pointCount":8,"homeWorkCommuteMedian":20381,"workHomeCommuteMedian":4868},"geometry":{"type":"Polygon","coordinates":[[[12.784463973142861,50.10080457754311],[12.784463973142861,50.109797781180355],[12.793457176780107,50.109797781180355],[12.793457176780107,50.10080457754311],[12.784463973142861,50.10080457754311]]]}},{"type":"Feature","properties":{"jobs":24,"pop":83,"pointCount":5,"homeWorkCommuteMedian":17209,"workHomeCommuteMedian":7478},"geometry":{"type":"Polygon","coordinates":[[[12.784463973142861,50.109797781180355],[12.784463973142861,50.1187909848176],[12.793457176780107,50.1187909848176],[12.793457176780107,50.109797781180355],[12.784463973142861,50.109797781180355]]]}},{"type":"Feature","properties":{"jobs":280,"pop":0,"pointCount":2,"homeWorkCommuteMedian":-1,"workHomeCommuteMedian":18940},"geometry":{"type":"Polygon","coordinates":[[[12.784463973142861,50.1187909848176],[12.784463973142861,50.12778418845485],[12.793457176780107,50.12778418845485],[12.793457176780107,50.1187909848176],[12.784463973142861,50.1187909848176]]]}},{"type":"Feature","properties":{"jobs":928,"pop":15,"pointCount":3,"homeWorkCommuteMedian":22276,"workHomeCommuteMedian":13397},"geometry":{"type":"Polygon","coordinates":[[[12.784463973142861,50.12778418845485],[12.784463973142861,50.13677739209209],[12.793457176780107,50.13677739209209],[12.793457176780107,50.12778418845485],[12.784463973142861,50.12778418845485]]]}},{"type":"Feature","properties":{"jobs":79,"pop":604,"pointCount":6,"homeWorkCommuteMedian":18097,"workHomeCommuteMedian":895},"geometry":{"type":"Polygon","coordinates":[[[12.784463973142861,50.13677739209209],[12.784463973142861,50.14577059572934],[12.793457176780107,50.14577059572934],[12.793457176780107,50.13677739209209],[12.784463973142861,50.13677739209209]]]}},{"type":"Feature","properties":{"jobs":0,"pop":27,"pointCount":2,"homeWorkCommuteMedian":18180,"workHomeCommuteMedian":-1},"geometry":{"type":"Polygon","coordinates":[[[12.784463973142861,50.154763799366584],[12.784463973142861,50.16375700300383],[12.793457176780107,50.16375700300383],[12.793457176780107,50.154763799366584],[12.784463973142861,50.154763799366584]]]}},{"type":"Feature","properties":{"jobs":43,"pop":174,"pointCount":8,"homeWorkCommuteMedian":10056,"workHomeCommuteMedian":687},"geometry":{"type":"Polygon","coordinates":[[[12.784463973142861,50.20872302119006],[12.784463973142861,50.217716224827306],[12.793457176780107,50.217716224827306],[12.793457176780107,50.20872302119006],[12.784463973142861,50.20872302119006]]]}},{"type":"Feature","properties":{"jobs":0,"pop":46,"pointCount":2,"homeWorkCommuteMedian":2585,"workHomeCommuteMedian":-1},"geometry":{"type":"Polygon","coordinates":[[[12.784463973142861,50.244695835739044],[12.784463973142861,50.25368903937629],[12.793457176780107,50.25368903937629],[12.793457176780107,50.244695835739044],[12.784463973142861,50.244695835739044]]]}},{"type":"Feature","properties":{"jobs":0,"pop":20,"pointCount":2,"homeWorkCommuteMedian":10692,"workHomeCommuteMedian":-1},"geometry":{"type":"Polygon","coordinates":[[[12.784463973142861,50.25368903937629],[12.784463973142861,50.262682243013536],[12.793457176780107,50.262682243013536],[12.793457176780107,50.25368903937629],[12.784463973142861,50.25368903937629]]]}},{"type":"Feature","properties":{"jobs":132,"pop":319,"pointCount":13,"homeWorkCommuteMedian":9961,"workHomeCommuteMedian":8827},"geometry":{"type":"Polygon","coordinates":[[[12.784463973142861,50.262682243013536],[12.784463973142861,50.27167544665078],[12.793457176780107,50.27167544665078],[12.793457176780107,50.262682243013536],[12.784463973142861,50.262682243013536]]]}},{"type":"Feature","properties":{"jobs":61,"pop":140,"pointCount":7,"homeWorkCommuteMedian":11446,"workHomeCommuteMedian":6709},"geometry":{"type":"Polygon","coordinates":[[[12.784463973142861,50.27167544665078],[12.784463973142861,50.28066865028803],[12.793457176780107,50.28066865028803],[12.793457176780107,50.27167544665078],[12.784463973142861,50.27167544665078]]]}},{"type":"Feature","properties":{"jobs":0,"pop":23,"pointCount":1,"homeWorkCommuteMedian":15532,"workHomeCommuteMedian":-1},"geometry":{"type":"Polygon","coordinates":[[[12.784463973142861,50.29865505756252],[12.784463973142861,50.307648261199766],[12.793457176780107,50.307648261199766],[12.793457176780107,50.29865505756252],[12.784463973142861,50.29865505756252]]]}},{"type":"Feature","properties":{"jobs":23,"pop":20,"pointCount":3,"homeWorkCommuteMedian":21159,"workHomeCommuteMedian":16531},"geometry":{"type":"Polygon","coordinates":[[[12.784463973142861,50.352614279385996],[12.784463973142861,50.36160748302324],[12.793457176780107,50.36160748302324],[12.793457176780107,50.352614279385996],[12.784463973142861,50.352614279385996]]]}},{"type":"Feature","properties":{"jobs":69,"pop":38,"pointCount":2,"homeWorkCommuteMedian":9376,"workHomeCommuteMedian":8684},"geometry":{"type":"Polygon","coordinates":[[[12.784463973142861,50.36160748302324],[12.784463973142861,50.37060068666049],[12.793457176780107,50.37060068666049],[12.793457176780107,50.36160748302324],[12.784463973142861,50.36160748302324]]]}},{"type":"Feature","properties":{"jobs":0,"pop":25,"pointCount":1,"homeWorkCommuteMedian":14337,"workHomeCommuteMedian":-1},"geometry":{"type":"Polygon","coordinates":[[[12.793457176780107,49.98389293025891],[12.793457176780107,49.99288613389616],[12.802450380417353,49.99288613389616],[12.802450380417353,49.98389293025891],[12.793457176780107,49.98389293025891]]]}},{"type":"Feature","properties":{"jobs":63,"pop":23,"pointCount":5,"homeWorkCommuteMedian":269,"workHomeCommuteMedian":4612},"geometry":{"type":"Polygon","coordinates":[[[12.793457176780107,50.109797781180355],[12.793457176780107,50.1187909848176],[12.802450380417353,50.1187909848176],[12.802450380417353,50.109797781180355],[12.793457176780107,50.109797781180355]]]}},{"type":"Feature","properties":{"jobs":76,"pop":517,"pointCount":6,"homeWorkCommuteMedian":18955,"workHomeCommuteMedian":1612},"geometry":{"type":"Polygon","coordinates":[[[12.793457176780107,50.12778418845485],[12.793457176780107,50.13677739209209],[12.802450380417353,50.13677739209209],[12.802450380417353,50.12778418845485],[12.793457176780107,50.12778418845485]]]}},{"type":"Feature","properties":{"jobs":185,"pop":1284,"pointCount":12,"homeWorkCommuteMedian":15716,"workHomeCommuteMedian":657},"geometry":{"type":"Polygon","coordinates":[[[12.793457176780107,50.13677739209209],[12.793457176780107,50.14577059572934],[12.802450380417353,50.14577059572934],[12.802450380417353,50.13677739209209],[12.793457176780107,50.13677739209209]]]}},{"type":"Feature","properties":{"jobs":21,"pop":68,"pointCount":4,"homeWorkCommuteMedian":7775,"workHomeCommuteMedian":5240},"geometry":{"type":"Polygon","coordinates":[[[12.793457176780107,50.20872302119006],[12.793457176780107,50.217716224827306],[12.802450380417353,50.217716224827306],[12.802450380417353,50.20872302119006],[12.793457176780107,50.20872302119006]]]}},{"type":"Feature","properties":{"jobs":38,"pop":120,"pointCount":7,"homeWorkCommuteMedian":8969,"workHomeCommuteMedian":2867},"geometry":{"type":"Polygon","coordinates":[[[12.793457176780107,50.217716224827306],[12.793457176780107,50.22670942846455],[12.802450380417353,50.22670942846455],[12.802450380417353,50.217716224827306],[12.793457176780107,50.217716224827306]]]}},{"type":"Feature","properties":{"jobs":10,"pop":88,"pointCount":4,"homeWorkCommuteMedian":7627,"workHomeCommuteMedian":6488},"geometry":{"type":"Polygon","coordinates":[[[12.793457176780107,50.22670942846455],[12.793457176780107,50.2357026321018],[12.802450380417353,50.2357026321018],[12.802450380417353,50.22670942846455],[12.793457176780107,50.22670942846455]]]}},{"type":"Feature","properties":{"jobs":39,"pop":30,"pointCount":3,"homeWorkCommuteMedian":3188,"workHomeCommuteMedian":10901},"geometry":{"type":"Polygon","coordinates":[[[12.793457176780107,50.27167544665078],[12.793457176780107,50.28066865028803],[12.802450380417353,50.28066865028803],[12.802450380417353,50.27167544665078],[12.793457176780107,50.27167544665078]]]}},{"type":"Feature","properties":{"jobs":18,"pop":0,"pointCount":1,"homeWorkCommuteMedian":-1,"workHomeCommuteMedian":1906},"geometry":{"type":"Polygon","coordinates":[[[12.793457176780107,50.28066865028803],[12.793457176780107,50.289661853925274],[12.802450380417353,50.289661853925274],[12.802450380417353,50.28066865028803],[12.793457176780107,50.28066865028803]]]}},{"type":"Feature","properties":{"jobs":10,"pop":0,"pointCount":1,"homeWorkCommuteMedian":-1,"workHomeCommuteMedian":2358},"geometry":{"type":"Polygon","coordinates":[[[12.793457176780107,50.289661853925274],[12.793457176780107,50.29865505756252],[12.802450380417353,50.29865505756252],[12.802450380417353,50.289661853925274],[12.793457176780107,50.289661853925274]]]}},{"type":"Feature","properties":{"jobs":0,"pop":22,"pointCount":1,"homeWorkCommuteMedian":8624,"workHomeCommuteMedian":-1},"geometry":{"type":"Polygon","coordinates":[[[12.793457176780107,50.29865505756252],[12.793457176780107,50.307648261199766],[12.802450380417353,50.307648261199766],[12.802450380417353,50.29865505756252],[12.793457176780107,50.29865505756252]]]}},{"type":"Feature","properties":{"jobs":7,"pop":18,"pointCount":2,"homeWorkCommuteMedian":28691,"workHomeCommuteMedian":467},"geometry":{"type":"Polygon","coordinates":[[[12.802450380417353,50.04684535571963],[12.802450380417353,50.05583855935688],[12.811443584054599,50.05583855935688],[12.811443584054599,50.04684535571963],[12.802450380417353,50.04684535571963]]]}},{"type":"Feature","properties":{"jobs":133,"pop":11,"pointCount":3,"homeWorkCommuteMedian":5596,"workHomeCommuteMedian":5911},"geometry":{"type":"Polygon","coordinates":[[[12.802450380417353,50.1187909848176],[12.802450380417353,50.12778418845485],[12.811443584054599,50.12778418845485],[12.811443584054599,50.1187909848176],[12.802450380417353,50.1187909848176]]]}},{"type":"Feature","properties":{"jobs":0,"pop":110,"pointCount":4,"homeWorkCommuteMedian":4466,"workHomeCommuteMedian":-1},"geometry":{"type":"Polygon","coordinates":[[[12.802450380417353,50.12778418845485],[12.802450380417353,50.13677739209209],[12.811443584054599,50.13677739209209],[12.811443584054599,50.12778418845485],[12.802450380417353,50.12778418845485]]]}},{"type":"Feature","properties":{"jobs":73,"pop":170,"pointCount":8,"homeWorkCommuteMedian":18238,"workHomeCommuteMedian":1263},"geometry":{"type":"Polygon","coordinates":[[[12.802450380417353,50.13677739209209],[12.802450380417353,50.14577059572934],[12.811443584054599,50.14577059572934],[12.811443584054599,50.13677739209209],[12.802450380417353,50.13677739209209]]]}},{"type":"Feature","properties":{"jobs":3,"pop":0,"pointCount":1,"homeWorkCommuteMedian":-1,"workHomeCommuteMedian":16190},"geometry":{"type":"Polygon","coordinates":[[[12.802450380417353,50.19073661391557],[12.802450380417353,50.199729817552814],[12.811443584054599,50.199729817552814],[12.811443584054599,50.19073661391557],[12.802450380417353,50.19073661391557]]]}},{"type":"Feature","properties":{"jobs":40,"pop":242,"pointCount":8,"homeWorkCommuteMedian":7113,"workHomeCommuteMedian":16933},"geometry":{"type":"Polygon","coordinates":[[[12.802450380417353,50.20872302119006],[12.802450380417353,50.217716224827306],[12.811443584054599,50.217716224827306],[12.811443584054599,50.20872302119006],[12.802450380417353,50.20872302119006]]]}},{"type":"Feature","properties":{"jobs":1087,"pop":144,"pointCount":11,"homeWorkCommuteMedian":7860,"workHomeCommuteMedian":7986},"geometry":{"type":"Polygon","coordinates":[[[12.802450380417353,50.217716224827306],[12.802450380417353,50.22670942846455],[12.811443584054599,50.22670942846455],[12.811443584054599,50.217716224827306],[12.802450380417353,50.217716224827306]]]}},{"type":"Feature","properties":{"jobs":0,"pop":38,"pointCount":2,"homeWorkCommuteMedian":5317,"workHomeCommuteMedian":-1},"geometry":{"type":"Polygon","coordinates":[[[12.802450380417353,50.22670942846455],[12.802450380417353,50.2357026321018],[12.811443584054599,50.2357026321018],[12.811443584054599,50.22670942846455],[12.802450380417353,50.22670942846455]]]}},{"type":"Feature","properties":{"jobs":23,"pop":197,"pointCount":7,"homeWorkCommuteMedian":7048,"workHomeCommuteMedian":7324},"geometry":{"type":"Polygon","coordinates":[[[12.802450380417353,50.2357026321018],[12.802450380417353,50.244695835739044],[12.811443584054599,50.244695835739044],[12.811443584054599,50.2357026321018],[12.802450380417353,50.2357026321018]]]}},{"type":"Feature","properties":{"jobs":0,"pop":48,"pointCount":2,"homeWorkCommuteMedian":7018,"workHomeCommuteMedian":-1},"geometry":{"type":"Polygon","coordinates":[[[12.802450380417353,50.289661853925274],[12.802450380417353,50.29865505756252],[12.811443584054599,50.29865505756252],[12.811443584054599,50.289661853925274],[12.802450380417353,50.289661853925274]]]}},{"type":"Feature","properties":{"jobs":11,"pop":0,"pointCount":1,"homeWorkCommuteMedian":-1,"workHomeCommuteMedian":6228},"geometry":{"type":"Polygon","coordinates":[[[12.811443584054599,50.01087254117065],[12.811443584054599,50.019865744807895],[12.820436787691845,50.019865744807895],[12.820436787691845,50.01087254117065],[12.811443584054599,50.01087254117065]]]}},{"type":"Feature","properties":{"jobs":3,"pop":13,"pointCount":2,"homeWorkCommuteMedian":12705,"workHomeCommuteMedian":33},"geometry":{"type":"Polygon","coordinates":[[[12.811443584054599,50.019865744807895],[12.811443584054599,50.02885894844514],[12.820436787691845,50.02885894844514],[12.820436787691845,50.019865744807895],[12.811443584054599,50.019865744807895]]]}},{"type":"Feature","properties":{"jobs":0,"pop":25,"pointCount":2,"homeWorkCommuteMedian":25730,"workHomeCommuteMedian":-1},"geometry":{"type":"Polygon","coordinates":[[[12.811443584054599,50.109797781180355],[12.811443584054599,50.1187909848176],[12.820436787691845,50.1187909848176],[12.820436787691845,50.109797781180355],[12.811443584054599,50.109797781180355]]]}},{"type":"Feature","properties":{"jobs":121,"pop":146,"pointCount":5,"homeWorkCommuteMedian":5911,"workHomeCommuteMedian":2130},"geometry":{"type":"Polygon","coordinates":[[[12.811443584054599,50.12778418845485],[12.811443584054599,50.13677739209209],[12.820436787691845,50.13677739209209],[12.820436787691845,50.12778418845485],[12.811443584054599,50.12778418845485]]]}},{"type":"Feature","properties":{"jobs":0,"pop":34,"pointCount":2,"homeWorkCommuteMedian":4441,"workHomeCommuteMedian":-1},"geometry":{"type":"Polygon","coordinates":[[[12.811443584054599,50.13677739209209],[12.811443584054599,50.14577059572934],[12.820436787691845,50.14577059572934],[12.820436787691845,50.13677739209209],[12.811443584054599,50.13677739209209]]]}},{"type":"Feature","properties":{"jobs":0,"pop":13,"pointCount":1,"homeWorkCommuteMedian":5214,"workHomeCommuteMedian":-1},"geometry":{"type":"Polygon","coordinates":[[[12.811443584054599,50.199729817552814],[12.811443584054599,50.20872302119006],[12.820436787691845,50.20872302119006],[12.820436787691845,50.199729817552814],[12.811443584054599,50.199729817552814]]]}},{"type":"Feature","properties":{"jobs":122,"pop":468,"pointCount":13,"homeWorkCommuteMedian":7356,"workHomeCommuteMedian":5800},"geometry":{"type":"Polygon","coordinates":[[[12.811443584054599,50.20872302119006],[12.811443584054599,50.217716224827306],[12.820436787691845,50.217716224827306],[12.820436787691845,50.20872302119006],[12.811443584054599,50.20872302119006]]]}},{"type":"Feature","properties":{"jobs":440,"pop":0,"pointCount":1,"homeWorkCommuteMedian":-1,"workHomeCommuteMedian":12383},"geometry":{"type":"Polygon","coordinates":[[[12.811443584054599,50.217716224827306],[12.811443584054599,50.22670942846455],[12.820436787691845,50.22670942846455],[12.820436787691845,50.217716224827306],[12.811443584054599,50.217716224827306]]]}},{"type":"Feature","properties":{"jobs":11,"pop":0,"pointCount":1,"homeWorkCommuteMedian":-1,"workHomeCommuteMedian":4338},"geometry":{"type":"Polygon","coordinates":[[[12.811443584054599,50.22670942846455],[12.811443584054599,50.2357026321018],[12.820436787691845,50.2357026321018],[12.820436787691845,50.22670942846455],[12.811443584054599,50.22670942846455]]]}},{"type":"Feature","properties":{"jobs":18,"pop":0,"pointCount":1,"homeWorkCommuteMedian":-1,"workHomeCommuteMedian":9536},"geometry":{"type":"Polygon","coordinates":[[[12.811443584054599,50.244695835739044],[12.811443584054599,50.25368903937629],[12.820436787691845,50.25368903937629],[12.820436787691845,50.244695835739044],[12.811443584054599,50.244695835739044]]]}},{"type":"Feature","properties":{"jobs":0,"pop":54,"pointCount":2,"homeWorkCommuteMedian":14841,"workHomeCommuteMedian":-1},"geometry":{"type":"Polygon","coordinates":[[[12.811443584054599,50.262682243013536],[12.811443584054599,50.27167544665078],[12.820436787691845,50.27167544665078],[12.820436787691845,50.262682243013536],[12.811443584054599,50.262682243013536]]]}},{"type":"Feature","properties":{"jobs":19,"pop":184,"pointCount":5,"homeWorkCommuteMedian":9226,"workHomeCommuteMedian":3466},"geometry":{"type":"Polygon","coordinates":[[[12.811443584054599,50.27167544665078],[12.811443584054599,50.28066865028803],[12.820436787691845,50.28066865028803],[12.820436787691845,50.27167544665078],[12.811443584054599,50.27167544665078]]]}},{"type":"Feature","properties":{"jobs":13,"pop":0,"pointCount":1,"homeWorkCommuteMedian":-1,"workHomeCommuteMedian":969},"geometry":{"type":"Polygon","coordinates":[[[12.811443584054599,50.28066865028803],[12.811443584054599,50.289661853925274],[12.820436787691845,50.289661853925274],[12.820436787691845,50.28066865028803],[12.811443584054599,50.28066865028803]]]}},{"type":"Feature","properties":{"jobs":15,"pop":116,"pointCount":7,"homeWorkCommuteMedian":9997,"workHomeCommuteMedian":360},"geometry":{"type":"Polygon","coordinates":[[[12.811443584054599,50.289661853925274],[12.811443584054599,50.29865505756252],[12.820436787691845,50.29865505756252],[12.820436787691845,50.289661853925274],[12.811443584054599,50.289661853925274]]]}},{"type":"Feature","properties":{"jobs":63,"pop":373,"pointCount":14,"homeWorkCommuteMedian":20870,"workHomeCommuteMedian":429},"geometry":{"type":"Polygon","coordinates":[[[12.811443584054599,50.36160748302324],[12.811443584054599,50.37060068666049],[12.820436787691845,50.37060068666049],[12.820436787691845,50.36160748302324],[12.811443584054599,50.36160748302324]]]}},{"type":"Feature","properties":{"jobs":22,"pop":24,"pointCount":1,"homeWorkCommuteMedian":23765,"workHomeCommuteMedian":701},"geometry":{"type":"Polygon","coordinates":[[[12.811443584054599,50.37060068666049],[12.811443584054599,50.379593890297734],[12.820436787691845,50.379593890297734],[12.820436787691845,50.37060068666049],[12.811443584054599,50.37060068666049]]]}},{"type":"Feature","properties":{"jobs":0,"pop":9,"pointCount":1,"homeWorkCommuteMedian":58654,"workHomeCommuteMedian":-1},"geometry":{"type":"Polygon","coordinates":[[[12.820436787691845,49.98389293025891],[12.820436787691845,49.99288613389616],[12.829429991329091,49.99288613389616],[12.829429991329091,49.98389293025891],[12.820436787691845,49.98389293025891]]]}},{"type":"Feature","properties":{"jobs":0,"pop":8,"pointCount":1,"homeWorkCommuteMedian":36274,"workHomeCommuteMedian":-1},"geometry":{"type":"Polygon","coordinates":[[[12.820436787691845,50.01087254117065],[12.820436787691845,50.019865744807895],[12.829429991329091,50.019865744807895],[12.829429991329091,50.01087254117065],[12.820436787691845,50.01087254117065]]]}},{"type":"Feature","properties":{"jobs":79,"pop":0,"pointCount":2,"homeWorkCommuteMedian":-1,"workHomeCommuteMedian":30769},"geometry":{"type":"Polygon","coordinates":[[[12.820436787691845,50.07382496663137],[12.820436787691845,50.08281817026862],[12.829429991329091,50.08281817026862],[12.829429991329091,50.07382496663137],[12.820436787691845,50.07382496663137]]]}},{"type":"Feature","properties":{"jobs":14,"pop":23,"pointCount":3,"homeWorkCommuteMedian":3337,"workHomeCommuteMedian":5254},"geometry":{"type":"Polygon","coordinates":[[[12.820436787691845,50.12778418845485],[12.820436787691845,50.13677739209209],[12.829429991329091,50.13677739209209],[12.829429991329091,50.12778418845485],[12.820436787691845,50.12778418845485]]]}},{"type":"Feature","properties":{"jobs":0,"pop":24,"pointCount":2,"homeWorkCommuteMedian":14002,"workHomeCommuteMedian":-1},"geometry":{"type":"Polygon","coordinates":[[[12.820436787691845,50.14577059572934],[12.820436787691845,50.154763799366584],[12.829429991329091,50.154763799366584],[12.829429991329091,50.14577059572934],[12.820436787691845,50.14577059572934]]]}},{"type":"Feature","properties":{"jobs":287,"pop":636,"pointCount":12,"homeWorkCommuteMedian":6476,"workHomeCommuteMedian":8826},"geometry":{"type":"Polygon","coordinates":[[[12.820436787691845,50.199729817552814],[12.820436787691845,50.20872302119006],[12.829429991329091,50.20872302119006],[12.829429991329091,50.199729817552814],[12.820436787691845,50.199729817552814]]]}},{"type":"Feature","properties":{"jobs":631,"pop":360,"pointCount":19,"homeWorkCommuteMedian":6866,"workHomeCommuteMedian":7339},"geometry":{"type":"Polygon","coordinates":[[[12.820436787691845,50.20872302119006],[12.820436787691845,50.217716224827306],[12.829429991329091,50.217716224827306],[12.829429991329091,50.20872302119006],[12.820436787691845,50.20872302119006]]]}},{"type":"Feature","properties":{"jobs":2943,"pop":47,"pointCount":5,"homeWorkCommuteMedian":4100,"workHomeCommuteMedian":11578},"geometry":{"type":"Polygon","coordinates":[[[12.820436787691845,50.217716224827306],[12.820436787691845,50.22670942846455],[12.829429991329091,50.22670942846455],[12.829429991329091,50.217716224827306],[12.820436787691845,50.217716224827306]]]}},{"type":"Feature","properties":{"jobs":84,"pop":17,"pointCount":2,"homeWorkCommuteMedian":4115,"workHomeCommuteMedian":7366},"geometry":{"type":"Polygon","coordinates":[[[12.820436787691845,50.22670942846455],[12.820436787691845,50.2357026321018],[12.829429991329091,50.2357026321018],[12.829429991329091,50.22670942846455],[12.820436787691845,50.22670942846455]]]}},{"type":"Feature","properties":{"jobs":56,"pop":0,"pointCount":2,"homeWorkCommuteMedian":-1,"workHomeCommuteMedian":4203},"geometry":{"type":"Polygon","coordinates":[[[12.820436787691845,50.2357026321018],[12.820436787691845,50.244695835739044],[12.829429991329091,50.244695835739044],[12.829429991329091,50.2357026321018],[12.820436787691845,50.2357026321018]]]}},{"type":"Feature","properties":{"jobs":320,"pop":230,"pointCount":11,"homeWorkCommuteMedian":7251,"workHomeCommuteMedian":6510},"geometry":{"type":"Polygon","coordinates":[[[12.820436787691845,50.244695835739044],[12.820436787691845,50.25368903937629],[12.829429991329091,50.25368903937629],[12.829429991329091,50.244695835739044],[12.820436787691845,50.244695835739044]]]}},{"type":"Feature","properties":{"jobs":10,"pop":0,"pointCount":1,"homeWorkCommuteMedian":-1,"workHomeCommuteMedian":10606},"geometry":{"type":"Polygon","coordinates":[[[12.820436787691845,50.25368903937629],[12.820436787691845,50.262682243013536],[12.829429991329091,50.262682243013536],[12.829429991329091,50.25368903937629],[12.820436787691845,50.25368903937629]]]}},{"type":"Feature","properties":{"jobs":20,"pop":92,"pointCount":4,"homeWorkCommuteMedian":8982,"workHomeCommuteMedian":3950},"geometry":{"type":"Polygon","coordinates":[[[12.820436787691845,50.262682243013536],[12.820436787691845,50.27167544665078],[12.829429991329091,50.27167544665078],[12.829429991329091,50.262682243013536],[12.820436787691845,50.262682243013536]]]}},{"type":"Feature","properties":{"jobs":0,"pop":57,"pointCount":3,"homeWorkCommuteMedian":8719,"workHomeCommuteMedian":-1},"geometry":{"type":"Polygon","coordinates":[[[12.820436787691845,50.27167544665078],[12.820436787691845,50.28066865028803],[12.829429991329091,50.28066865028803],[12.829429991329091,50.27167544665078],[12.820436787691845,50.27167544665078]]]}},{"type":"Feature","properties":{"jobs":17,"pop":0,"pointCount":1,"homeWorkCommuteMedian":-1,"workHomeCommuteMedian":1477},"geometry":{"type":"Polygon","coordinates":[[[12.820436787691845,50.28066865028803],[12.820436787691845,50.289661853925274],[12.829429991329091,50.289661853925274],[12.829429991329091,50.28066865028803],[12.820436787691845,50.28066865028803]]]}},{"type":"Feature","properties":{"jobs":1,"pop":0,"pointCount":1,"homeWorkCommuteMedian":-1,"workHomeCommuteMedian":1257},"geometry":{"type":"Polygon","coordinates":[[[12.820436787691845,50.29865505756252],[12.820436787691845,50.307648261199766],[12.829429991329091,50.307648261199766],[12.829429991329091,50.29865505756252],[12.820436787691845,50.29865505756252]]]}},{"type":"Feature","properties":{"jobs":0,"pop":28,"pointCount":1,"homeWorkCommuteMedian":17243,"workHomeCommuteMedian":-1},"geometry":{"type":"Polygon","coordinates":[[[12.820436787691845,50.34362107574875],[12.820436787691845,50.352614279385996],[12.829429991329091,50.352614279385996],[12.829429991329091,50.34362107574875],[12.820436787691845,50.34362107574875]]]}},{"type":"Feature","properties":{"jobs":18,"pop":122,"pointCount":3,"homeWorkCommuteMedian":21511,"workHomeCommuteMedian":237},"geometry":{"type":"Polygon","coordinates":[[[12.820436787691845,50.36160748302324],[12.820436787691845,50.37060068666049],[12.829429991329091,50.37060068666049],[12.829429991329091,50.36160748302324],[12.820436787691845,50.36160748302324]]]}},{"type":"Feature","properties":{"jobs":0,"pop":27,"pointCount":2,"homeWorkCommuteMedian":13608,"workHomeCommuteMedian":-1},"geometry":{"type":"Polygon","coordinates":[[[12.820436787691845,50.379593890297734],[12.820436787691845,50.38858709393498],[12.829429991329091,50.38858709393498],[12.829429991329091,50.379593890297734],[12.820436787691845,50.379593890297734]]]}},{"type":"Feature","properties":{"jobs":10,"pop":21,"pointCount":2,"homeWorkCommuteMedian":11781,"workHomeCommuteMedian":662},"geometry":{"type":"Polygon","coordinates":[[[12.829429991329091,49.95691331934717],[12.829429991329091,49.96590652298442],[12.838423194966337,49.96590652298442],[12.838423194966337,49.95691331934717],[12.829429991329091,49.95691331934717]]]}},{"type":"Feature","properties":{"jobs":0,"pop":3,"pointCount":1,"homeWorkCommuteMedian":46387,"workHomeCommuteMedian":-1},"geometry":{"type":"Polygon","coordinates":[[[12.829429991329091,49.974899726621665],[12.829429991329091,49.98389293025891],[12.838423194966337,49.98389293025891],[12.838423194966337,49.974899726621665],[12.829429991329091,49.974899726621665]]]}},{"type":"Feature","properties":{"jobs":0,"pop":27,"pointCount":2,"homeWorkCommuteMedian":13127,"workHomeCommuteMedian":-1},"geometry":{"type":"Polygon","coordinates":[[[12.829429991329091,50.01087254117065],[12.829429991329091,50.019865744807895],[12.838423194966337,50.019865744807895],[12.838423194966337,50.01087254117065],[12.829429991329091,50.01087254117065]]]}},{"type":"Feature","properties":{"jobs":8,"pop":0,"pointCount":1,"homeWorkCommuteMedian":-1,"workHomeCommuteMedian":521},"geometry":{"type":"Polygon","coordinates":[[[12.829429991329091,50.019865744807895],[12.829429991329091,50.02885894844514],[12.838423194966337,50.02885894844514],[12.838423194966337,50.019865744807895],[12.829429991329091,50.019865744807895]]]}},{"type":"Feature","properties":{"jobs":10,"pop":39,"pointCount":2,"homeWorkCommuteMedian":27392,"workHomeCommuteMedian":12798},"geometry":{"type":"Polygon","coordinates":[[[12.829429991329091,50.07382496663137],[12.829429991329091,50.08281817026862],[12.838423194966337,50.08281817026862],[12.838423194966337,50.07382496663137],[12.829429991329091,50.07382496663137]]]}},{"type":"Feature","properties":{"jobs":56,"pop":212,"pointCount":7,"homeWorkCommuteMedian":21228,"workHomeCommuteMedian":7851},"geometry":{"type":"Polygon","coordinates":[[[12.829429991329091,50.08281817026862],[12.829429991329091,50.09181137390586],[12.838423194966337,50.09181137390586],[12.838423194966337,50.08281817026862],[12.829429991329091,50.08281817026862]]]}},{"type":"Feature","properties":{"jobs":4,"pop":0,"pointCount":1,"homeWorkCommuteMedian":-1,"workHomeCommuteMedian":1502},"geometry":{"type":"Polygon","coordinates":[[[12.829429991329091,50.154763799366584],[12.829429991329091,50.16375700300383],[12.838423194966337,50.16375700300383],[12.838423194966337,50.154763799366584],[12.829429991329091,50.154763799366584]]]}},{"type":"Feature","properties":{"jobs":55,"pop":0,"pointCount":2,"homeWorkCommuteMedian":-1,"workHomeCommuteMedian":9857},"geometry":{"type":"Polygon","coordinates":[[[12.829429991329091,50.19073661391557],[12.829429991329091,50.199729817552814],[12.838423194966337,50.199729817552814],[12.838423194966337,50.19073661391557],[12.829429991329091,50.19073661391557]]]}},{"type":"Feature","properties":{"jobs":0,"pop":52,"pointCount":1,"homeWorkCommuteMedian":9252,"workHomeCommuteMedian":-1},"geometry":{"type":"Polygon","coordinates":[[[12.829429991329091,50.199729817552814],[12.829429991329091,50.20872302119006],[12.838423194966337,50.20872302119006],[12.838423194966337,50.199729817552814],[12.829429991329091,50.199729817552814]]]}},{"type":"Feature","properties":{"jobs":24,"pop":308,"pointCount":9,"homeWorkCommuteMedian":7348,"workHomeCommuteMedian":9238},"geometry":{"type":"Polygon","coordinates":[[[12.829429991329091,50.20872302119006],[12.829429991329091,50.217716224827306],[12.838423194966337,50.217716224827306],[12.838423194966337,50.20872302119006],[12.829429991329091,50.20872302119006]]]}},{"type":"Feature","properties":{"jobs":880,"pop":910,"pointCount":15,"homeWorkCommuteMedian":4399,"workHomeCommuteMedian":9272},"geometry":{"type":"Polygon","coordinates":[[[12.829429991329091,50.217716224827306],[12.829429991329091,50.22670942846455],[12.838423194966337,50.22670942846455],[12.838423194966337,50.217716224827306],[12.829429991329091,50.217716224827306]]]}},{"type":"Feature","properties":{"jobs":734,"pop":67,"pointCount":8,"homeWorkCommuteMedian":3332,"workHomeCommuteMedian":4472},"geometry":{"type":"Polygon","coordinates":[[[12.829429991329091,50.22670942846455],[12.829429991329091,50.2357026321018],[12.838423194966337,50.2357026321018],[12.838423194966337,50.22670942846455],[12.829429991329091,50.22670942846455]]]}},{"type":"Feature","properties":{"jobs":254,"pop":2390,"pointCount":25,"homeWorkCommuteMedian":5128,"workHomeCommuteMedian":4679},"geometry":{"type":"Polygon","coordinates":[[[12.829429991329091,50.2357026321018],[12.829429991329091,50.244695835739044],[12.838423194966337,50.244695835739044],[12.838423194966337,50.2357026321018],[12.829429991329091,50.2357026321018]]]}},{"type":"Feature","properties":{"jobs":882,"pop":884,"pointCount":29,"homeWorkCommuteMedian":5800,"workHomeCommuteMedian":6088},"geometry":{"type":"Polygon","coordinates":[[[12.829429991329091,50.244695835739044],[12.829429991329091,50.25368903937629],[12.838423194966337,50.25368903937629],[12.838423194966337,50.244695835739044],[12.829429991329091,50.244695835739044]]]}},{"type":"Feature","properties":{"jobs":0,"pop":26,"pointCount":1,"homeWorkCommuteMedian":7679,"workHomeCommuteMedian":-1},"geometry":{"type":"Polygon","coordinates":[[[12.829429991329091,50.25368903937629],[12.829429991329091,50.262682243013536],[12.838423194966337,50.262682243013536],[12.838423194966337,50.25368903937629],[12.829429991329091,50.25368903937629]]]}},{"type":"Feature","properties":{"jobs":0,"pop":54,"pointCount":1,"homeWorkCommuteMedian":9071,"workHomeCommuteMedian":-1},"geometry":{"type":"Polygon","coordinates":[[[12.829429991329091,50.28066865028803],[12.829429991329091,50.289661853925274],[12.838423194966337,50.289661853925274],[12.838423194966337,50.28066865028803],[12.829429991329091,50.28066865028803]]]}},{"type":"Feature","properties":{"jobs":13,"pop":20,"pointCount":2,"homeWorkCommuteMedian":13380,"workHomeCommuteMedian":3681},"geometry":{"type":"Polygon","coordinates":[[[12.829429991329091,50.29865505756252],[12.829429991329091,50.307648261199766],[12.838423194966337,50.307648261199766],[12.838423194966337,50.29865505756252],[12.829429991329091,50.29865505756252]]]}},{"type":"Feature","properties":{"jobs":27,"pop":11,"pointCount":1,"homeWorkCommuteMedian":11580,"workHomeCommuteMedian":3161},"geometry":{"type":"Polygon","coordinates":[[[12.829429991329091,50.307648261199766],[12.829429991329091,50.31664146483701],[12.838423194966337,50.31664146483701],[12.838423194966337,50.307648261199766],[12.829429991329091,50.307648261199766]]]}},{"type":"Feature","properties":{"jobs":14,"pop":0,"pointCount":1,"homeWorkCommuteMedian":-1,"workHomeCommuteMedian":24574},"geometry":{"type":"Polygon","coordinates":[[[12.829429991329091,50.379593890297734],[12.829429991329091,50.38858709393498],[12.838423194966337,50.38858709393498],[12.838423194966337,50.379593890297734],[12.829429991329091,50.379593890297734]]]}},{"type":"Feature","properties":{"jobs":0,"pop":5,"pointCount":1,"homeWorkCommuteMedian":14202,"workHomeCommuteMedian":-1},"geometry":{"type":"Polygon","coordinates":[[[12.838423194966337,49.93892691207268],[12.838423194966337,49.94792011570993],[12.847416398603583,49.94792011570993],[12.847416398603583,49.93892691207268],[12.838423194966337,49.93892691207268]]]}},{"type":"Feature","properties":{"jobs":235,"pop":167,"pointCount":9,"homeWorkCommuteMedian":20948,"workHomeCommuteMedian":21920},"geometry":{"type":"Polygon","coordinates":[[[12.838423194966337,50.08281817026862],[12.838423194966337,50.09181137390586],[12.847416398603583,50.09181137390586],[12.847416398603583,50.08281817026862],[12.838423194966337,50.08281817026862]]]}},{"type":"Feature","properties":{"jobs":12,"pop":0,"pointCount":1,"homeWorkCommuteMedian":-1,"workHomeCommuteMedian":10082},"geometry":{"type":"Polygon","coordinates":[[[12.838423194966337,50.09181137390586],[12.838423194966337,50.10080457754311],[12.847416398603583,50.10080457754311],[12.847416398603583,50.09181137390586],[12.838423194966337,50.09181137390586]]]}},{"type":"Feature","properties":{"jobs":9,"pop":9,"pointCount":2,"homeWorkCommuteMedian":677,"workHomeCommuteMedian":677},"geometry":{"type":"Polygon","coordinates":[[[12.838423194966337,50.10080457754311],[12.838423194966337,50.109797781180355],[12.847416398603583,50.109797781180355],[12.847416398603583,50.10080457754311],[12.838423194966337,50.10080457754311]]]}},{"type":"Feature","properties":{"jobs":0,"pop":86,"pointCount":1,"homeWorkCommuteMedian":18720,"workHomeCommuteMedian":-1},"geometry":{"type":"Polygon","coordinates":[[[12.838423194966337,50.1187909848176],[12.838423194966337,50.12778418845485],[12.847416398603583,50.12778418845485],[12.847416398603583,50.1187909848176],[12.838423194966337,50.1187909848176]]]}},{"type":"Feature","properties":{"jobs":7,"pop":7,"pointCount":2,"homeWorkCommuteMedian":332,"workHomeCommuteMedian":332},"geometry":{"type":"Polygon","coordinates":[[[12.838423194966337,50.172750206641076],[12.838423194966337,50.18174341027832],[12.847416398603583,50.18174341027832],[12.847416398603583,50.172750206641076],[12.838423194966337,50.172750206641076]]]}},{"type":"Feature","properties":{"jobs":1434,"pop":22,"pointCount":7,"homeWorkCommuteMedian":3579,"workHomeCommuteMedian":9576},"geometry":{"type":"Polygon","coordinates":[[[12.838423194966337,50.217716224827306],[12.838423194966337,50.22670942846455],[12.847416398603583,50.22670942846455],[12.847416398603583,50.217716224827306],[12.838423194966337,50.217716224827306]]]}},{"type":"Feature","properties":{"jobs":2581,"pop":65,"pointCount":9,"homeWorkCommuteMedian":4309,"workHomeCommuteMedian":13937},"geometry":{"type":"Polygon","coordinates":[[[12.838423194966337,50.22670942846455],[12.838423194966337,50.2357026321018],[12.847416398603583,50.2357026321018],[12.847416398603583,50.22670942846455],[12.838423194966337,50.22670942846455]]]}},{"type":"Feature","properties":{"jobs":540,"pop":922,"pointCount":10,"homeWorkCommuteMedian":3828,"workHomeCommuteMedian":3938},"geometry":{"type":"Polygon","coordinates":[[[12.838423194966337,50.2357026321018],[12.838423194966337,50.244695835739044],[12.847416398603583,50.244695835739044],[12.847416398603583,50.2357026321018],[12.838423194966337,50.2357026321018]]]}},{"type":"Feature","properties":{"jobs":31,"pop":60,"pointCount":3,"homeWorkCommuteMedian":5496,"workHomeCommuteMedian":2212},"geometry":{"type":"Polygon","coordinates":[[[12.838423194966337,50.244695835739044],[12.838423194966337,50.25368903937629],[12.847416398603583,50.25368903937629],[12.847416398603583,50.244695835739044],[12.838423194966337,50.244695835739044]]]}},{"type":"Feature","properties":{"jobs":9,"pop":0,"pointCount":1,"homeWorkCommuteMedian":-1,"workHomeCommuteMedian":943},"geometry":{"type":"Polygon","coordinates":[[[12.838423194966337,50.27167544665078],[12.838423194966337,50.28066865028803],[12.847416398603583,50.28066865028803],[12.847416398603583,50.27167544665078],[12.838423194966337,50.27167544665078]]]}},{"type":"Feature","properties":{"jobs":0,"pop":12,"pointCount":1,"homeWorkCommuteMedian":2504,"workHomeCommuteMedian":-1},"geometry":{"type":"Polygon","coordinates":[[[12.838423194966337,50.29865505756252],[12.838423194966337,50.307648261199766],[12.847416398603583,50.307648261199766],[12.847416398603583,50.29865505756252],[12.838423194966337,50.29865505756252]]]}},{"type":"Feature","properties":{"jobs":0,"pop":10,"pointCount":1,"homeWorkCommuteMedian":14147,"workHomeCommuteMedian":-1},"geometry":{"type":"Polygon","coordinates":[[[12.838423194966337,50.334627872111504],[12.838423194966337,50.34362107574875],[12.847416398603583,50.34362107574875],[12.847416398603583,50.334627872111504],[12.838423194966337,50.334627872111504]]]}},{"type":"Feature","properties":{"jobs":10,"pop":0,"pointCount":1,"homeWorkCommuteMedian":-1,"workHomeCommuteMedian":5449},"geometry":{"type":"Polygon","coordinates":[[[12.838423194966337,50.36160748302324],[12.838423194966337,50.37060068666049],[12.847416398603583,50.37060068666049],[12.847416398603583,50.36160748302324],[12.838423194966337,50.36160748302324]]]}},{"type":"Feature","properties":{"jobs":5,"pop":0,"pointCount":1,"homeWorkCommuteMedian":-1,"workHomeCommuteMedian":2250},"geometry":{"type":"Polygon","coordinates":[[[12.838423194966337,50.38858709393498],[12.838423194966337,50.397580297572226],[12.847416398603583,50.397580297572226],[12.847416398603583,50.38858709393498],[12.838423194966337,50.38858709393498]]]}},{"type":"Feature","properties":{"jobs":12,"pop":0,"pointCount":1,"homeWorkCommuteMedian":-1,"workHomeCommuteMedian":3766},"geometry":{"type":"Polygon","coordinates":[[[12.847416398603583,49.95691331934717],[12.847416398603583,49.96590652298442],[12.856409602240829,49.96590652298442],[12.856409602240829,49.95691331934717],[12.847416398603583,49.95691331934717]]]}},{"type":"Feature","properties":{"jobs":10,"pop":52,"pointCount":4,"homeWorkCommuteMedian":5100,"workHomeCommuteMedian":373},"geometry":{"type":"Polygon","coordinates":[[[12.847416398603583,49.99288613389616],[12.847416398603583,50.0018793375334],[12.856409602240829,50.0018793375334],[12.856409602240829,49.99288613389616],[12.847416398603583,49.99288613389616]]]}},{"type":"Feature","properties":{"jobs":29,"pop":0,"pointCount":1,"homeWorkCommuteMedian":-1,"workHomeCommuteMedian":4216},"geometry":{"type":"Polygon","coordinates":[[[12.847416398603583,50.0018793375334],[12.847416398603583,50.01087254117065],[12.856409602240829,50.01087254117065],[12.856409602240829,50.0018793375334],[12.847416398603583,50.0018793375334]]]}},{"type":"Feature","properties":{"jobs":0,"pop":22,"pointCount":1,"homeWorkCommuteMedian":36355,"workHomeCommuteMedian":-1},"geometry":{"type":"Polygon","coordinates":[[[12.847416398603583,50.10080457754311],[12.847416398603583,50.109797781180355],[12.856409602240829,50.109797781180355],[12.856409602240829,50.10080457754311],[12.847416398603583,50.10080457754311]]]}},{"type":"Feature","properties":{"jobs":8,"pop":62,"pointCount":4,"homeWorkCommuteMedian":15643,"workHomeCommuteMedian":602},"geometry":{"type":"Polygon","coordinates":[[[12.847416398603583,50.14577059572934],[12.847416398603583,50.154763799366584],[12.856409602240829,50.154763799366584],[12.856409602240829,50.14577059572934],[12.847416398603583,50.14577059572934]]]}},{"type":"Feature","properties":{"jobs":120,"pop":487,"pointCount":4,"homeWorkCommuteMedian":3034,"workHomeCommuteMedian":10608},"geometry":{"type":"Polygon","coordinates":[[[12.847416398603583,50.217716224827306],[12.847416398603583,50.22670942846455],[12.856409602240829,50.22670942846455],[12.856409602240829,50.217716224827306],[12.847416398603583,50.217716224827306]]]}},{"type":"Feature","properties":{"jobs":1833,"pop":1465,"pointCount":14,"homeWorkCommuteMedian":3121,"workHomeCommuteMedian":9623},"geometry":{"type":"Polygon","coordinates":[[[12.847416398603583,50.22670942846455],[12.847416398603583,50.2357026321018],[12.856409602240829,50.2357026321018],[12.856409602240829,50.22670942846455],[12.847416398603583,50.22670942846455]]]}},{"type":"Feature","properties":{"jobs":597,"pop":2501,"pointCount":15,"homeWorkCommuteMedian":3787,"workHomeCommuteMedian":4071},"geometry":{"type":"Polygon","coordinates":[[[12.847416398603583,50.2357026321018],[12.847416398603583,50.244695835739044],[12.856409602240829,50.244695835739044],[12.856409602240829,50.2357026321018],[12.847416398603583,50.2357026321018]]]}},{"type":"Feature","properties":{"jobs":24,"pop":0,"pointCount":1,"homeWorkCommuteMedian":-1,"workHomeCommuteMedian":4333},"geometry":{"type":"Polygon","coordinates":[[[12.847416398603583,50.244695835739044],[12.847416398603583,50.25368903937629],[12.856409602240829,50.25368903937629],[12.856409602240829,50.244695835739044],[12.847416398603583,50.244695835739044]]]}},{"type":"Feature","properties":{"jobs":0,"pop":85,"pointCount":2,"homeWorkCommuteMedian":5018,"workHomeCommuteMedian":-1},"geometry":{"type":"Polygon","coordinates":[[[12.847416398603583,50.25368903937629],[12.847416398603583,50.262682243013536],[12.856409602240829,50.262682243013536],[12.856409602240829,50.25368903937629],[12.847416398603583,50.25368903937629]]]}},{"type":"Feature","properties":{"jobs":0,"pop":21,"pointCount":1,"homeWorkCommuteMedian":10107,"workHomeCommuteMedian":-1},"geometry":{"type":"Polygon","coordinates":[[[12.847416398603583,50.289661853925274],[12.847416398603583,50.29865505756252],[12.856409602240829,50.29865505756252],[12.856409602240829,50.289661853925274],[12.847416398603583,50.289661853925274]]]}},{"type":"Feature","properties":{"jobs":34,"pop":0,"pointCount":1,"homeWorkCommuteMedian":-1,"workHomeCommuteMedian":1300},"geometry":{"type":"Polygon","coordinates":[[[12.847416398603583,50.334627872111504],[12.847416398603583,50.34362107574875],[12.856409602240829,50.34362107574875],[12.856409602240829,50.334627872111504],[12.847416398603583,50.334627872111504]]]}},{"type":"Feature","properties":{"jobs":38,"pop":53,"pointCount":2,"homeWorkCommuteMedian":30905,"workHomeCommuteMedian":6940},"geometry":{"type":"Polygon","coordinates":[[[12.856409602240829,49.93892691207268],[12.856409602240829,49.94792011570993],[12.865402805878075,49.94792011570993],[12.865402805878075,49.93892691207268],[12.856409602240829,49.93892691207268]]]}},{"type":"Feature","properties":{"jobs":13,"pop":0,"pointCount":1,"homeWorkCommuteMedian":-1,"workHomeCommuteMedian":5100},"geometry":{"type":"Polygon","coordinates":[[[12.856409602240829,49.96590652298442],[12.856409602240829,49.974899726621665],[12.865402805878075,49.974899726621665],[12.865402805878075,49.96590652298442],[12.856409602240829,49.96590652298442]]]}},{"type":"Feature","properties":{"jobs":155,"pop":429,"pointCount":18,"homeWorkCommuteMedian":18882,"workHomeCommuteMedian":6283},"geometry":{"type":"Polygon","coordinates":[[[12.856409602240829,49.974899726621665],[12.856409602240829,49.98389293025891],[12.865402805878075,49.98389293025891],[12.865402805878075,49.974899726621665],[12.856409602240829,49.974899726621665]]]}},{"type":"Feature","properties":{"jobs":0,"pop":6,"pointCount":1,"homeWorkCommuteMedian":733,"workHomeCommuteMedian":-1},"geometry":{"type":"Polygon","coordinates":[[[12.856409602240829,50.01087254117065],[12.856409602240829,50.019865744807895],[12.865402805878075,50.019865744807895],[12.865402805878075,50.01087254117065],[12.856409602240829,50.01087254117065]]]}},{"type":"Feature","properties":{"jobs":12,"pop":64,"pointCount":3,"homeWorkCommuteMedian":23168,"workHomeCommuteMedian":203},"geometry":{"type":"Polygon","coordinates":[[[12.856409602240829,50.064831762994125],[12.856409602240829,50.07382496663137],[12.865402805878075,50.07382496663137],[12.865402805878075,50.064831762994125],[12.856409602240829,50.064831762994125]]]}},{"type":"Feature","properties":{"jobs":10,"pop":0,"pointCount":1,"homeWorkCommuteMedian":-1,"workHomeCommuteMedian":4470},"geometry":{"type":"Polygon","coordinates":[[[12.856409602240829,50.18174341027832],[12.856409602240829,50.19073661391557],[12.865402805878075,50.19073661391557],[12.865402805878075,50.18174341027832],[12.856409602240829,50.18174341027832]]]}},{"type":"Feature","properties":{"jobs":27,"pop":0,"pointCount":2,"homeWorkCommuteMedian":-1,"workHomeCommuteMedian":9481},"geometry":{"type":"Polygon","coordinates":[[[12.856409602240829,50.19073661391557],[12.856409602240829,50.199729817552814],[12.865402805878075,50.199729817552814],[12.865402805878075,50.19073661391557],[12.856409602240829,50.19073661391557]]]}},{"type":"Feature","properties":{"jobs":1294,"pop":2021,"pointCount":15,"homeWorkCommuteMedian":3397,"workHomeCommuteMedian":8776},"geometry":{"type":"Polygon","coordinates":[[[12.856409602240829,50.22670942846455],[12.856409602240829,50.2357026321018],[12.865402805878075,50.2357026321018],[12.865402805878075,50.22670942846455],[12.856409602240829,50.22670942846455]]]}},{"type":"Feature","properties":{"jobs":231,"pop":819,"pointCount":7,"homeWorkCommuteMedian":3485,"workHomeCommuteMedian":3786},"geometry":{"type":"Polygon","coordinates":[[[12.856409602240829,50.2357026321018],[12.856409602240829,50.244695835739044],[12.865402805878075,50.244695835739044],[12.865402805878075,50.2357026321018],[12.856409602240829,50.2357026321018]]]}},{"type":"Feature","properties":{"jobs":162,"pop":168,"pointCount":8,"homeWorkCommuteMedian":4681,"workHomeCommuteMedian":3726},"geometry":{"type":"Polygon","coordinates":[[[12.856409602240829,50.244695835739044],[12.856409602240829,50.25368903937629],[12.865402805878075,50.25368903937629],[12.865402805878075,50.244695835739044],[12.856409602240829,50.244695835739044]]]}},{"type":"Feature","properties":{"jobs":0,"pop":52,"pointCount":2,"homeWorkCommuteMedian":14688,"workHomeCommuteMedian":-1},"geometry":{"type":"Polygon","coordinates":[[[12.856409602240829,50.25368903937629],[12.856409602240829,50.262682243013536],[12.865402805878075,50.262682243013536],[12.865402805878075,50.25368903937629],[12.856409602240829,50.25368903937629]]]}},{"type":"Feature","properties":{"jobs":33,"pop":0,"pointCount":1,"homeWorkCommuteMedian":-1,"workHomeCommuteMedian":5924},"geometry":{"type":"Polygon","coordinates":[[[12.856409602240829,50.262682243013536],[12.856409602240829,50.27167544665078],[12.865402805878075,50.27167544665078],[12.865402805878075,50.262682243013536],[12.856409602240829,50.262682243013536]]]}},{"type":"Feature","properties":{"jobs":0,"pop":92,"pointCount":5,"homeWorkCommuteMedian":9576,"workHomeCommuteMedian":-1},"geometry":{"type":"Polygon","coordinates":[[[12.856409602240829,50.28066865028803],[12.856409602240829,50.289661853925274],[12.865402805878075,50.289661853925274],[12.865402805878075,50.28066865028803],[12.856409602240829,50.28066865028803]]]}},{"type":"Feature","properties":{"jobs":79,"pop":14,"pointCount":4,"homeWorkCommuteMedian":14372,"workHomeCommuteMedian":3257},"geometry":{"type":"Polygon","coordinates":[[[12.856409602240829,50.307648261199766],[12.856409602240829,50.31664146483701],[12.865402805878075,50.31664146483701],[12.865402805878075,50.307648261199766],[12.856409602240829,50.307648261199766]]]}},{"type":"Feature","properties":{"jobs":58,"pop":369,"pointCount":13,"homeWorkCommuteMedian":12873,"workHomeCommuteMedian":506},"geometry":{"type":"Polygon","coordinates":[[[12.856409602240829,50.32563466847426],[12.856409602240829,50.334627872111504],[12.865402805878075,50.334627872111504],[12.865402805878075,50.32563466847426],[12.856409602240829,50.32563466847426]]]}},{"type":"Feature","properties":{"jobs":0,"pop":17,"pointCount":1,"homeWorkCommuteMedian":16592,"workHomeCommuteMedian":-1},"geometry":{"type":"Polygon","coordinates":[[[12.856409602240829,50.34362107574875],[12.856409602240829,50.352614279385996],[12.865402805878075,50.352614279385996],[12.865402805878075,50.34362107574875],[12.856409602240829,50.34362107574875]]]}},{"type":"Feature","properties":{"jobs":0,"pop":45,"pointCount":2,"homeWorkCommuteMedian":4381,"workHomeCommuteMedian":-1},"geometry":{"type":"Polygon","coordinates":[[[12.865402805878075,49.95691331934717],[12.865402805878075,49.96590652298442],[12.874396009515321,49.96590652298442],[12.874396009515321,49.95691331934717],[12.865402805878075,49.95691331934717]]]}},{"type":"Feature","properties":{"jobs":71,"pop":492,"pointCount":22,"homeWorkCommuteMedian":14743,"workHomeCommuteMedian":14431},"geometry":{"type":"Polygon","coordinates":[[[12.865402805878075,49.974899726621665],[12.865402805878075,49.98389293025891],[12.874396009515321,49.98389293025891],[12.874396009515321,49.974899726621665],[12.865402805878075,49.974899726621665]]]}},{"type":"Feature","properties":{"jobs":0,"pop":14,"pointCount":1,"homeWorkCommuteMedian":13756,"workHomeCommuteMedian":-1},"geometry":{"type":"Polygon","coordinates":[[[12.865402805878075,49.98389293025891],[12.865402805878075,49.99288613389616],[12.874396009515321,49.99288613389616],[12.874396009515321,49.98389293025891],[12.865402805878075,49.98389293025891]]]}},{"type":"Feature","properties":{"jobs":13,"pop":121,"pointCount":6,"homeWorkCommuteMedian":11799,"workHomeCommuteMedian":4641},"geometry":{"type":"Polygon","coordinates":[[[12.865402805878075,50.16375700300383],[12.865402805878075,50.172750206641076],[12.874396009515321,50.172750206641076],[12.874396009515321,50.16375700300383],[12.865402805878075,50.16375700300383]]]}},{"type":"Feature","properties":{"jobs":14,"pop":158,"pointCount":8,"homeWorkCommuteMedian":9252,"workHomeCommuteMedian":10456},"geometry":{"type":"Polygon","coordinates":[[[12.865402805878075,50.19073661391557],[12.865402805878075,50.199729817552814],[12.874396009515321,50.199729817552814],[12.874396009515321,50.19073661391557],[12.865402805878075,50.19073661391557]]]}},{"type":"Feature","properties":{"jobs":46,"pop":119,"pointCount":4,"homeWorkCommuteMedian":7654,"workHomeCommuteMedian":7323},"geometry":{"type":"Polygon","coordinates":[[[12.865402805878075,50.199729817552814],[12.865402805878075,50.20872302119006],[12.874396009515321,50.20872302119006],[12.874396009515321,50.199729817552814],[12.865402805878075,50.199729817552814]]]}},{"type":"Feature","properties":{"jobs":0,"pop":54,"pointCount":1,"homeWorkCommuteMedian":6223,"workHomeCommuteMedian":-1},"geometry":{"type":"Polygon","coordinates":[[[12.865402805878075,50.20872302119006],[12.865402805878075,50.217716224827306],[12.874396009515321,50.217716224827306],[12.874396009515321,50.20872302119006],[12.865402805878075,50.20872302119006]]]}},{"type":"Feature","properties":{"jobs":292,"pop":0,"pointCount":3,"homeWorkCommuteMedian":-1,"workHomeCommuteMedian":6773},"geometry":{"type":"Polygon","coordinates":[[[12.865402805878075,50.217716224827306],[12.865402805878075,50.22670942846455],[12.874396009515321,50.22670942846455],[12.874396009515321,50.217716224827306],[12.865402805878075,50.217716224827306]]]}},{"type":"Feature","properties":{"jobs":6871,"pop":2129,"pointCount":20,"homeWorkCommuteMedian":3310,"workHomeCommuteMedian":13192},"geometry":{"type":"Polygon","coordinates":[[[12.865402805878075,50.22670942846455],[12.865402805878075,50.2357026321018],[12.874396009515321,50.2357026321018],[12.874396009515321,50.22670942846455],[12.865402805878075,50.22670942846455]]]}},{"type":"Feature","properties":{"jobs":676,"pop":684,"pointCount":14,"homeWorkCommuteMedian":3698,"workHomeCommuteMedian":4127},"geometry":{"type":"Polygon","coordinates":[[[12.865402805878075,50.2357026321018],[12.865402805878075,50.244695835739044],[12.874396009515321,50.244695835739044],[12.874396009515321,50.2357026321018],[12.865402805878075,50.2357026321018]]]}},{"type":"Feature","properties":{"jobs":178,"pop":57,"pointCount":6,"homeWorkCommuteMedian":2133,"workHomeCommuteMedian":4810},"geometry":{"type":"Polygon","coordinates":[[[12.865402805878075,50.244695835739044],[12.865402805878075,50.25368903937629],[12.874396009515321,50.25368903937629],[12.874396009515321,50.244695835739044],[12.865402805878075,50.244695835739044]]]}},{"type":"Feature","properties":{"jobs":141,"pop":332,"pointCount":11,"homeWorkCommuteMedian":4854,"workHomeCommuteMedian":10109},"geometry":{"type":"Polygon","coordinates":[[[12.865402805878075,50.25368903937629],[12.865402805878075,50.262682243013536],[12.874396009515321,50.262682243013536],[12.874396009515321,50.25368903937629],[12.865402805878075,50.25368903937629]]]}},{"type":"Feature","properties":{"jobs":5,"pop":67,"pointCount":4,"homeWorkCommuteMedian":9669,"workHomeCommuteMedian":14316},"geometry":{"type":"Polygon","coordinates":[[[12.865402805878075,50.28066865028803],[12.865402805878075,50.289661853925274],[12.874396009515321,50.289661853925274],[12.874396009515321,50.28066865028803],[12.865402805878075,50.28066865028803]]]}},{"type":"Feature","properties":{"jobs":0,"pop":14,"pointCount":1,"homeWorkCommuteMedian":3030,"workHomeCommuteMedian":-1},"geometry":{"type":"Polygon","coordinates":[[[12.865402805878075,50.289661853925274],[12.865402805878075,50.29865505756252],[12.874396009515321,50.29865505756252],[12.874396009515321,50.289661853925274],[12.865402805878075,50.289661853925274]]]}},{"type":"Feature","properties":{"jobs":10,"pop":12,"pointCount":2,"homeWorkCommuteMedian":3161,"workHomeCommuteMedian":2343},"geometry":{"type":"Polygon","coordinates":[[[12.865402805878075,50.29865505756252],[12.865402805878075,50.307648261199766],[12.874396009515321,50.307648261199766],[12.874396009515321,50.29865505756252],[12.865402805878075,50.29865505756252]]]}},{"type":"Feature","properties":{"jobs":150,"pop":714,"pointCount":18,"homeWorkCommuteMedian":10732,"workHomeCommuteMedian":2608},"geometry":{"type":"Polygon","coordinates":[[[12.865402805878075,50.307648261199766],[12.865402805878075,50.31664146483701],[12.874396009515321,50.31664146483701],[12.874396009515321,50.307648261199766],[12.865402805878075,50.307648261199766]]]}},{"type":"Feature","properties":{"jobs":10,"pop":30,"pointCount":2,"homeWorkCommuteMedian":10223,"workHomeCommuteMedian":499},"geometry":{"type":"Polygon","coordinates":[[[12.865402805878075,50.32563466847426],[12.865402805878075,50.334627872111504],[12.874396009515321,50.334627872111504],[12.874396009515321,50.32563466847426],[12.865402805878075,50.32563466847426]]]}},{"type":"Feature","properties":{"jobs":5,"pop":0,"pointCount":1,"homeWorkCommuteMedian":-1,"workHomeCommuteMedian":44964},"geometry":{"type":"Polygon","coordinates":[[[12.865402805878075,50.424559908483964],[12.865402805878075,50.43355311212121],[12.874396009515321,50.43355311212121],[12.874396009515321,50.424559908483964],[12.865402805878075,50.424559908483964]]]}},{"type":"Feature","properties":{"jobs":0,"pop":13,"pointCount":1,"homeWorkCommuteMedian":61362,"workHomeCommuteMedian":-1},"geometry":{"type":"Polygon","coordinates":[[[12.874396009515321,49.93892691207268],[12.874396009515321,49.94792011570993],[12.883389213152567,49.94792011570993],[12.883389213152567,49.93892691207268],[12.874396009515321,49.93892691207268]]]}},{"type":"Feature","properties":{"jobs":81,"pop":0,"pointCount":1,"homeWorkCommuteMedian":-1,"workHomeCommuteMedian":1850},"geometry":{"type":"Polygon","coordinates":[[[12.874396009515321,49.96590652298442],[12.874396009515321,49.974899726621665],[12.883389213152567,49.974899726621665],[12.883389213152567,49.96590652298442],[12.874396009515321,49.96590652298442]]]}},{"type":"Feature","properties":{"jobs":0,"pop":22,"pointCount":1,"homeWorkCommuteMedian":29222,"workHomeCommuteMedian":-1},"geometry":{"type":"Polygon","coordinates":[[[12.874396009515321,50.04684535571963],[12.874396009515321,50.05583855935688],[12.883389213152567,50.05583855935688],[12.883389213152567,50.04684535571963],[12.874396009515321,50.04684535571963]]]}},{"type":"Feature","properties":{"jobs":18,"pop":24,"pointCount":2,"homeWorkCommuteMedian":14002,"workHomeCommuteMedian":395},"geometry":{"type":"Polygon","coordinates":[[[12.874396009515321,50.16375700300383],[12.874396009515321,50.172750206641076],[12.883389213152567,50.172750206641076],[12.883389213152567,50.16375700300383],[12.874396009515321,50.16375700300383]]]}},{"type":"Feature","properties":{"jobs":1,"pop":86,"pointCount":4,"homeWorkCommuteMedian":10988,"workHomeCommuteMedian":139},"geometry":{"type":"Polygon","coordinates":[[[12.874396009515321,50.18174341027832],[12.874396009515321,50.19073661391557],[12.883389213152567,50.19073661391557],[12.883389213152567,50.18174341027832],[12.874396009515321,50.18174341027832]]]}},{"type":"Feature","properties":{"jobs":0,"pop":16,"pointCount":2,"homeWorkCommuteMedian":8403,"workHomeCommuteMedian":-1},"geometry":{"type":"Polygon","coordinates":[[[12.874396009515321,50.19073661391557],[12.874396009515321,50.199729817552814],[12.883389213152567,50.199729817552814],[12.883389213152567,50.19073661391557],[12.874396009515321,50.19073661391557]]]}},{"type":"Feature","properties":{"jobs":10,"pop":0,"pointCount":1,"homeWorkCommuteMedian":-1,"workHomeCommuteMedian":379},"geometry":{"type":"Polygon","coordinates":[[[12.874396009515321,50.20872302119006],[12.874396009515321,50.217716224827306],[12.883389213152567,50.217716224827306],[12.883389213152567,50.20872302119006],[12.874396009515321,50.20872302119006]]]}},{"type":"Feature","properties":{"jobs":4852,"pop":575,"pointCount":19,"homeWorkCommuteMedian":4524,"workHomeCommuteMedian":12481},"geometry":{"type":"Polygon","coordinates":[[[12.874396009515321,50.217716224827306],[12.874396009515321,50.22670942846455],[12.883389213152567,50.22670942846455],[12.883389213152567,50.217716224827306],[12.874396009515321,50.217716224827306]]]}},{"type":"Feature","properties":{"jobs":5088,"pop":1820,"pointCount":19,"homeWorkCommuteMedian":3205,"workHomeCommuteMedian":6043},"geometry":{"type":"Polygon","coordinates":[[[12.874396009515321,50.22670942846455],[12.874396009515321,50.2357026321018],[12.883389213152567,50.2357026321018],[12.883389213152567,50.22670942846455],[12.874396009515321,50.22670942846455]]]}},{"type":"Feature","properties":{"jobs":531,"pop":1663,"pointCount":15,"homeWorkCommuteMedian":4572,"workHomeCommuteMedian":7092},"geometry":{"type":"Polygon","coordinates":[[[12.874396009515321,50.2357026321018],[12.874396009515321,50.244695835739044],[12.883389213152567,50.244695835739044],[12.883389213152567,50.2357026321018],[12.874396009515321,50.2357026321018]]]}},{"type":"Feature","properties":{"jobs":530,"pop":303,"pointCount":13,"homeWorkCommuteMedian":5105,"workHomeCommuteMedian":5464},"geometry":{"type":"Polygon","coordinates":[[[12.874396009515321,50.244695835739044],[12.874396009515321,50.25368903937629],[12.883389213152567,50.25368903937629],[12.883389213152567,50.244695835739044],[12.874396009515321,50.244695835739044]]]}},{"type":"Feature","properties":{"jobs":121,"pop":56,"pointCount":5,"homeWorkCommuteMedian":5050,"workHomeCommuteMedian":8306},"geometry":{"type":"Polygon","coordinates":[[[12.874396009515321,50.25368903937629],[12.874396009515321,50.262682243013536],[12.883389213152567,50.262682243013536],[12.883389213152567,50.25368903937629],[12.874396009515321,50.25368903937629]]]}},{"type":"Feature","properties":{"jobs":1,"pop":46,"pointCount":2,"homeWorkCommuteMedian":7165,"workHomeCommuteMedian":659},"geometry":{"type":"Polygon","coordinates":[[[12.874396009515321,50.262682243013536],[12.874396009515321,50.27167544665078],[12.883389213152567,50.27167544665078],[12.883389213152567,50.262682243013536],[12.874396009515321,50.262682243013536]]]}},{"type":"Feature","properties":{"jobs":0,"pop":42,"pointCount":2,"homeWorkCommuteMedian":8330,"workHomeCommuteMedian":-1},"geometry":{"type":"Polygon","coordinates":[[[12.874396009515321,50.27167544665078],[12.874396009515321,50.28066865028803],[12.883389213152567,50.28066865028803],[12.883389213152567,50.27167544665078],[12.874396009515321,50.27167544665078]]]}},{"type":"Feature","properties":{"jobs":34,"pop":78,"pointCount":5,"homeWorkCommuteMedian":18299,"workHomeCommuteMedian":6693},"geometry":{"type":"Polygon","coordinates":[[[12.874396009515321,50.307648261199766],[12.874396009515321,50.31664146483701],[12.883389213152567,50.31664146483701],[12.883389213152567,50.307648261199766],[12.874396009515321,50.307648261199766]]]}},{"type":"Feature","properties":{"jobs":3,"pop":0,"pointCount":1,"homeWorkCommuteMedian":-1,"workHomeCommuteMedian":1876},"geometry":{"type":"Polygon","coordinates":[[[12.883389213152567,49.96590652298442],[12.883389213152567,49.974899726621665],[12.892382416789813,49.974899726621665],[12.892382416789813,49.96590652298442],[12.883389213152567,49.96590652298442]]]}},{"type":"Feature","properties":{"jobs":29,"pop":22,"pointCount":2,"homeWorkCommuteMedian":12309,"workHomeCommuteMedian":295},"geometry":{"type":"Polygon","coordinates":[[[12.883389213152567,50.02885894844514],[12.883389213152567,50.03785215208239],[12.892382416789813,50.03785215208239],[12.892382416789813,50.02885894844514],[12.883389213152567,50.02885894844514]]]}},{"type":"Feature","properties":{"jobs":0,"pop":39,"pointCount":2,"homeWorkCommuteMedian":31247,"workHomeCommuteMedian":-1},"geometry":{"type":"Polygon","coordinates":[[[12.883389213152567,50.03785215208239],[12.883389213152567,50.04684535571963],[12.892382416789813,50.04684535571963],[12.892382416789813,50.03785215208239],[12.883389213152567,50.03785215208239]]]}},{"type":"Feature","properties":{"jobs":0,"pop":28,"pointCount":1,"homeWorkCommuteMedian":15523,"workHomeCommuteMedian":-1},"geometry":{"type":"Polygon","coordinates":[[[12.883389213152567,50.1187909848176],[12.883389213152567,50.12778418845485],[12.892382416789813,50.12778418845485],[12.892382416789813,50.1187909848176],[12.883389213152567,50.1187909848176]]]}},{"type":"Feature","properties":{"jobs":13,"pop":38,"pointCount":3,"homeWorkCommuteMedian":18949,"workHomeCommuteMedian":2046},"geometry":{"type":"Polygon","coordinates":[[[12.883389213152567,50.12778418845485],[12.883389213152567,50.13677739209209],[12.892382416789813,50.13677739209209],[12.892382416789813,50.12778418845485],[12.883389213152567,50.12778418845485]]]}},{"type":"Feature","properties":{"jobs":0,"pop":50,"pointCount":2,"homeWorkCommuteMedian":13317,"workHomeCommuteMedian":-1},"geometry":{"type":"Polygon","coordinates":[[[12.883389213152567,50.13677739209209],[12.883389213152567,50.14577059572934],[12.892382416789813,50.14577059572934],[12.892382416789813,50.13677739209209],[12.883389213152567,50.13677739209209]]]}},{"type":"Feature","properties":{"jobs":0,"pop":17,"pointCount":1,"homeWorkCommuteMedian":15646,"workHomeCommuteMedian":-1},"geometry":{"type":"Polygon","coordinates":[[[12.883389213152567,50.154763799366584],[12.883389213152567,50.16375700300383],[12.892382416789813,50.16375700300383],[12.892382416789813,50.154763799366584],[12.883389213152567,50.154763799366584]]]}},{"type":"Feature","properties":{"jobs":114,"pop":0,"pointCount":2,"homeWorkCommuteMedian":-1,"workHomeCommuteMedian":8099},"geometry":{"type":"Polygon","coordinates":[[[12.883389213152567,50.20872302119006],[12.883389213152567,50.217716224827306],[12.892382416789813,50.217716224827306],[12.892382416789813,50.20872302119006],[12.883389213152567,50.20872302119006]]]}},{"type":"Feature","properties":{"jobs":3176,"pop":926,"pointCount":12,"homeWorkCommuteMedian":4490,"workHomeCommuteMedian":6476},"geometry":{"type":"Polygon","coordinates":[[[12.883389213152567,50.217716224827306],[12.883389213152567,50.22670942846455],[12.892382416789813,50.22670942846455],[12.892382416789813,50.217716224827306],[12.883389213152567,50.217716224827306]]]}},{"type":"Feature","properties":{"jobs":470,"pop":511,"pointCount":9,"homeWorkCommuteMedian":4067,"workHomeCommuteMedian":4896},"geometry":{"type":"Polygon","coordinates":[[[12.883389213152567,50.22670942846455],[12.883389213152567,50.2357026321018],[12.892382416789813,50.2357026321018],[12.892382416789813,50.22670942846455],[12.883389213152567,50.22670942846455]]]}},{"type":"Feature","properties":{"jobs":526,"pop":648,"pointCount":9,"homeWorkCommuteMedian":4849,"workHomeCommuteMedian":12239},"geometry":{"type":"Polygon","coordinates":[[[12.883389213152567,50.2357026321018],[12.883389213152567,50.244695835739044],[12.892382416789813,50.244695835739044],[12.892382416789813,50.2357026321018],[12.883389213152567,50.2357026321018]]]}},{"type":"Feature","properties":{"jobs":80,"pop":0,"pointCount":1,"homeWorkCommuteMedian":-1,"workHomeCommuteMedian":4986},"geometry":{"type":"Polygon","coordinates":[[[12.883389213152567,50.244695835739044],[12.883389213152567,50.25368903937629],[12.892382416789813,50.25368903937629],[12.892382416789813,50.244695835739044],[12.883389213152567,50.244695835739044]]]}},{"type":"Feature","properties":{"jobs":165,"pop":21,"pointCount":4,"homeWorkCommuteMedian":7170,"workHomeCommuteMedian":2895},"geometry":{"type":"Polygon","coordinates":[[[12.883389213152567,50.25368903937629],[12.883389213152567,50.262682243013536],[12.892382416789813,50.262682243013536],[12.892382416789813,50.25368903937629],[12.883389213152567,50.25368903937629]]]}},{"type":"Feature","properties":{"jobs":10,"pop":79,"pointCount":2,"homeWorkCommuteMedian":7979,"workHomeCommuteMedian":264},"geometry":{"type":"Polygon","coordinates":[[[12.883389213152567,50.27167544665078],[12.883389213152567,50.28066865028803],[12.892382416789813,50.28066865028803],[12.892382416789813,50.27167544665078],[12.883389213152567,50.27167544665078]]]}},{"type":"Feature","properties":{"jobs":6,"pop":22,"pointCount":2,"homeWorkCommuteMedian":17690,"workHomeCommuteMedian":851},"geometry":{"type":"Polygon","coordinates":[[[12.883389213152567,50.307648261199766],[12.883389213152567,50.31664146483701],[12.892382416789813,50.31664146483701],[12.892382416789813,50.307648261199766],[12.883389213152567,50.307648261199766]]]}},{"type":"Feature","properties":{"jobs":205,"pop":0,"pointCount":2,"homeWorkCommuteMedian":-1,"workHomeCommuteMedian":9427},"geometry":{"type":"Polygon","coordinates":[[[12.883389213152567,50.352614279385996],[12.883389213152567,50.36160748302324],[12.892382416789813,50.36160748302324],[12.892382416789813,50.352614279385996],[12.883389213152567,50.352614279385996]]]}},{"type":"Feature","properties":{"jobs":88,"pop":0,"pointCount":1,"homeWorkCommuteMedian":-1,"workHomeCommuteMedian":69300},"geometry":{"type":"Polygon","coordinates":[[[12.883389213152567,50.397580297572226],[12.883389213152567,50.40657350120947],[12.892382416789813,50.40657350120947],[12.892382416789813,50.397580297572226],[12.883389213152567,50.397580297572226]]]}},{"type":"Feature","properties":{"jobs":0,"pop":8,"pointCount":1,"homeWorkCommuteMedian":2005,"workHomeCommuteMedian":-1},"geometry":{"type":"Polygon","coordinates":[[[12.892382416789813,49.96590652298442],[12.892382416789813,49.974899726621665],[12.901375620427059,49.974899726621665],[12.901375620427059,49.96590652298442],[12.892382416789813,49.96590652298442]]]}},{"type":"Feature","properties":{"jobs":0,"pop":15,"pointCount":1,"homeWorkCommuteMedian":43020,"workHomeCommuteMedian":-1},"geometry":{"type":"Polygon","coordinates":[[[12.892382416789813,49.99288613389616],[12.892382416789813,50.0018793375334],[12.901375620427059,50.0018793375334],[12.901375620427059,49.99288613389616],[12.892382416789813,49.99288613389616]]]}},{"type":"Feature","properties":{"jobs":0,"pop":93,"pointCount":4,"homeWorkCommuteMedian":34577,"workHomeCommuteMedian":-1},"geometry":{"type":"Polygon","coordinates":[[[12.892382416789813,50.02885894844514],[12.892382416789813,50.03785215208239],[12.901375620427059,50.03785215208239],[12.901375620427059,50.02885894844514],[12.892382416789813,50.02885894844514]]]}},{"type":"Feature","properties":{"jobs":0,"pop":117,"pointCount":4,"homeWorkCommuteMedian":16147,"workHomeCommuteMedian":-1},"geometry":{"type":"Polygon","coordinates":[[[12.892382416789813,50.18174341027832],[12.892382416789813,50.19073661391557],[12.901375620427059,50.19073661391557],[12.901375620427059,50.18174341027832],[12.892382416789813,50.18174341027832]]]}},{"type":"Feature","properties":{"jobs":2,"pop":0,"pointCount":1,"homeWorkCommuteMedian":-1,"workHomeCommuteMedian":6622},"geometry":{"type":"Polygon","coordinates":[[[12.892382416789813,50.199729817552814],[12.892382416789813,50.20872302119006],[12.901375620427059,50.20872302119006],[12.901375620427059,50.199729817552814],[12.892382416789813,50.199729817552814]]]}},{"type":"Feature","properties":{"jobs":40,"pop":24,"pointCount":2,"homeWorkCommuteMedian":5425,"workHomeCommuteMedian":6189},"geometry":{"type":"Polygon","coordinates":[[[12.892382416789813,50.22670942846455],[12.892382416789813,50.2357026321018],[12.901375620427059,50.2357026321018],[12.901375620427059,50.22670942846455],[12.892382416789813,50.22670942846455]]]}},{"type":"Feature","properties":{"jobs":907,"pop":791,"pointCount":14,"homeWorkCommuteMedian":3844,"workHomeCommuteMedian":6055},"geometry":{"type":"Polygon","coordinates":[[[12.892382416789813,50.2357026321018],[12.892382416789813,50.244695835739044],[12.901375620427059,50.244695835739044],[12.901375620427059,50.2357026321018],[12.892382416789813,50.2357026321018]]]}},{"type":"Feature","properties":{"jobs":507,"pop":958,"pointCount":29,"homeWorkCommuteMedian":5005,"workHomeCommuteMedian":5364},"geometry":{"type":"Polygon","coordinates":[[[12.892382416789813,50.244695835739044],[12.892382416789813,50.25368903937629],[12.901375620427059,50.25368903937629],[12.901375620427059,50.244695835739044],[12.892382416789813,50.244695835739044]]]}},{"type":"Feature","properties":{"jobs":10,"pop":0,"pointCount":1,"homeWorkCommuteMedian":-1,"workHomeCommuteMedian":385},"geometry":{"type":"Polygon","coordinates":[[[12.892382416789813,50.25368903937629],[12.892382416789813,50.262682243013536],[12.901375620427059,50.262682243013536],[12.901375620427059,50.25368903937629],[12.892382416789813,50.25368903937629]]]}},{"type":"Feature","properties":{"jobs":13,"pop":116,"pointCount":6,"homeWorkCommuteMedian":6210,"workHomeCommuteMedian":528},"geometry":{"type":"Polygon","coordinates":[[[12.892382416789813,50.262682243013536],[12.892382416789813,50.27167544665078],[12.901375620427059,50.27167544665078],[12.901375620427059,50.262682243013536],[12.892382416789813,50.262682243013536]]]}},{"type":"Feature","properties":{"jobs":0,"pop":11,"pointCount":1,"homeWorkCommuteMedian":4693,"workHomeCommuteMedian":-1},"geometry":{"type":"Polygon","coordinates":[[[12.892382416789813,50.27167544665078],[12.892382416789813,50.28066865028803],[12.901375620427059,50.28066865028803],[12.901375620427059,50.27167544665078],[12.892382416789813,50.27167544665078]]]}},{"type":"Feature","properties":{"jobs":0,"pop":86,"pointCount":2,"homeWorkCommuteMedian":15180,"workHomeCommuteMedian":-1},"geometry":{"type":"Polygon","coordinates":[[[12.892382416789813,50.307648261199766],[12.892382416789813,50.31664146483701],[12.901375620427059,50.31664146483701],[12.901375620427059,50.307648261199766],[12.892382416789813,50.307648261199766]]]}},{"type":"Feature","properties":{"jobs":26,"pop":121,"pointCount":3,"homeWorkCommuteMedian":11835,"workHomeCommuteMedian":4669},"geometry":{"type":"Polygon","coordinates":[[[12.892382416789813,50.352614279385996],[12.892382416789813,50.36160748302324],[12.901375620427059,50.36160748302324],[12.901375620427059,50.352614279385996],[12.892382416789813,50.352614279385996]]]}},{"type":"Feature","properties":{"jobs":8,"pop":0,"pointCount":1,"homeWorkCommuteMedian":-1,"workHomeCommuteMedian":2005},"geometry":{"type":"Polygon","coordinates":[[[12.901375620427059,49.974899726621665],[12.901375620427059,49.98389293025891],[12.910368824064305,49.98389293025891],[12.910368824064305,49.974899726621665],[12.901375620427059,49.974899726621665]]]}},{"type":"Feature","properties":{"jobs":11,"pop":0,"pointCount":1,"homeWorkCommuteMedian":-1,"workHomeCommuteMedian":7416},"geometry":{"type":"Polygon","coordinates":[[[12.901375620427059,50.02885894844514],[12.901375620427059,50.03785215208239],[12.910368824064305,50.03785215208239],[12.910368824064305,50.02885894844514],[12.901375620427059,50.02885894844514]]]}},{"type":"Feature","properties":{"jobs":59,"pop":201,"pointCount":8,"homeWorkCommuteMedian":11323,"workHomeCommuteMedian":2158},"geometry":{"type":"Polygon","coordinates":[[[12.901375620427059,50.18174341027832],[12.901375620427059,50.19073661391557],[12.910368824064305,50.19073661391557],[12.910368824064305,50.18174341027832],[12.901375620427059,50.18174341027832]]]}},{"type":"Feature","properties":{"jobs":10,"pop":0,"pointCount":1,"homeWorkCommuteMedian":-1,"workHomeCommuteMedian":11915},"geometry":{"type":"Polygon","coordinates":[[[12.901375620427059,50.199729817552814],[12.901375620427059,50.20872302119006],[12.910368824064305,50.20872302119006],[12.910368824064305,50.199729817552814],[12.901375620427059,50.199729817552814]]]}},{"type":"Feature","properties":{"jobs":0,"pop":209,"pointCount":6,"homeWorkCommuteMedian":11450,"workHomeCommuteMedian":-1},"geometry":{"type":"Polygon","coordinates":[[[12.901375620427059,50.20872302119006],[12.901375620427059,50.217716224827306],[12.910368824064305,50.217716224827306],[12.910368824064305,50.20872302119006],[12.901375620427059,50.20872302119006]]]}},{"type":"Feature","properties":{"jobs":20,"pop":30,"pointCount":2,"homeWorkCommuteMedian":2564,"workHomeCommuteMedian":158},"geometry":{"type":"Polygon","coordinates":[[[12.901375620427059,50.217716224827306],[12.901375620427059,50.22670942846455],[12.910368824064305,50.22670942846455],[12.910368824064305,50.217716224827306],[12.901375620427059,50.217716224827306]]]}},{"type":"Feature","properties":{"jobs":10,"pop":66,"pointCount":5,"homeWorkCommuteMedian":6396,"workHomeCommuteMedian":264},"geometry":{"type":"Polygon","coordinates":[[[12.901375620427059,50.244695835739044],[12.901375620427059,50.25368903937629],[12.910368824064305,50.25368903937629],[12.910368824064305,50.244695835739044],[12.901375620427059,50.244695835739044]]]}},{"type":"Feature","properties":{"jobs":0,"pop":269,"pointCount":5,"homeWorkCommuteMedian":6204,"workHomeCommuteMedian":-1},"geometry":{"type":"Polygon","coordinates":[[[12.901375620427059,50.25368903937629],[12.901375620427059,50.262682243013536],[12.910368824064305,50.262682243013536],[12.910368824064305,50.25368903937629],[12.901375620427059,50.25368903937629]]]}},{"type":"Feature","properties":{"jobs":12,"pop":214,"pointCount":7,"homeWorkCommuteMedian":7447,"workHomeCommuteMedian":7412},"geometry":{"type":"Polygon","coordinates":[[[12.901375620427059,50.262682243013536],[12.901375620427059,50.27167544665078],[12.910368824064305,50.27167544665078],[12.910368824064305,50.262682243013536],[12.901375620427059,50.262682243013536]]]}},{"type":"Feature","properties":{"jobs":0,"pop":108,"pointCount":5,"homeWorkCommuteMedian":9921,"workHomeCommuteMedian":-1},"geometry":{"type":"Polygon","coordinates":[[[12.901375620427059,50.27167544665078],[12.901375620427059,50.28066865028803],[12.910368824064305,50.28066865028803],[12.910368824064305,50.27167544665078],[12.901375620427059,50.27167544665078]]]}},{"type":"Feature","properties":{"jobs":0,"pop":38,"pointCount":2,"homeWorkCommuteMedian":5760,"workHomeCommuteMedian":-1},"geometry":{"type":"Polygon","coordinates":[[[12.901375620427059,50.31664146483701],[12.901375620427059,50.32563466847426],[12.910368824064305,50.32563466847426],[12.910368824064305,50.31664146483701],[12.901375620427059,50.31664146483701]]]}},{"type":"Feature","properties":{"jobs":6,"pop":13,"pointCount":1,"homeWorkCommuteMedian":20656,"workHomeCommuteMedian":497},"geometry":{"type":"Polygon","coordinates":[[[12.901375620427059,50.32563466847426],[12.901375620427059,50.334627872111504],[12.910368824064305,50.334627872111504],[12.910368824064305,50.32563466847426],[12.901375620427059,50.32563466847426]]]}},{"type":"Feature","properties":{"jobs":0,"pop":22,"pointCount":1,"homeWorkCommuteMedian":26202,"workHomeCommuteMedian":-1},"geometry":{"type":"Polygon","coordinates":[[[12.901375620427059,50.37060068666049],[12.901375620427059,50.379593890297734],[12.910368824064305,50.379593890297734],[12.910368824064305,50.37060068666049],[12.901375620427059,50.37060068666049]]]}},{"type":"Feature","properties":{"jobs":89,"pop":0,"pointCount":1,"homeWorkCommuteMedian":-1,"workHomeCommuteMedian":29041},"geometry":{"type":"Polygon","coordinates":[[[12.901375620427059,50.40657350120947],[12.901375620427059,50.41556670484672],[12.910368824064305,50.41556670484672],[12.910368824064305,50.40657350120947],[12.901375620427059,50.40657350120947]]]}},{"type":"Feature","properties":{"jobs":49,"pop":0,"pointCount":1,"homeWorkCommuteMedian":-1,"workHomeCommuteMedian":5477},"geometry":{"type":"Polygon","coordinates":[[[12.910368824064305,49.94792011570993],[12.910368824064305,49.95691331934717],[12.91936202770155,49.95691331934717],[12.91936202770155,49.94792011570993],[12.910368824064305,49.94792011570993]]]}},{"type":"Feature","properties":{"jobs":0,"pop":17,"pointCount":1,"homeWorkCommuteMedian":40447,"workHomeCommuteMedian":-1},"geometry":{"type":"Polygon","coordinates":[[[12.910368824064305,49.95691331934717],[12.910368824064305,49.96590652298442],[12.91936202770155,49.96590652298442],[12.91936202770155,49.95691331934717],[12.910368824064305,49.95691331934717]]]}},{"type":"Feature","properties":{"jobs":0,"pop":36,"pointCount":2,"homeWorkCommuteMedian":8220,"workHomeCommuteMedian":-1},"geometry":{"type":"Polygon","coordinates":[[[12.910368824064305,50.18174341027832],[12.910368824064305,50.19073661391557],[12.91936202770155,50.19073661391557],[12.91936202770155,50.18174341027832],[12.910368824064305,50.18174341027832]]]}},{"type":"Feature","properties":{"jobs":169,"pop":81,"pointCount":5,"homeWorkCommuteMedian":10148,"workHomeCommuteMedian":11998},"geometry":{"type":"Polygon","coordinates":[[[12.910368824064305,50.199729817552814],[12.910368824064305,50.20872302119006],[12.91936202770155,50.20872302119006],[12.91936202770155,50.199729817552814],[12.910368824064305,50.199729817552814]]]}},{"type":"Feature","properties":{"jobs":10,"pop":49,"pointCount":2,"homeWorkCommuteMedian":12081,"workHomeCommuteMedian":459},"geometry":{"type":"Polygon","coordinates":[[[12.910368824064305,50.20872302119006],[12.910368824064305,50.217716224827306],[12.91936202770155,50.217716224827306],[12.91936202770155,50.20872302119006],[12.910368824064305,50.20872302119006]]]}},{"type":"Feature","properties":{"jobs":0,"pop":1,"pointCount":1,"homeWorkCommuteMedian":864,"workHomeCommuteMedian":-1},"geometry":{"type":"Polygon","coordinates":[[[12.910368824064305,50.22670942846455],[12.910368824064305,50.2357026321018],[12.91936202770155,50.2357026321018],[12.91936202770155,50.22670942846455],[12.910368824064305,50.22670942846455]]]}},{"type":"Feature","properties":{"jobs":8,"pop":37,"pointCount":3,"homeWorkCommuteMedian":9612,"workHomeCommuteMedian":353},"geometry":{"type":"Polygon","coordinates":[[[12.910368824064305,50.262682243013536],[12.910368824064305,50.27167544665078],[12.91936202770155,50.27167544665078],[12.91936202770155,50.262682243013536],[12.910368824064305,50.262682243013536]]]}},{"type":"Feature","properties":{"jobs":119,"pop":80,"pointCount":6,"homeWorkCommuteMedian":4414,"workHomeCommuteMedian":5134},"geometry":{"type":"Polygon","coordinates":[[[12.910368824064305,50.27167544665078],[12.910368824064305,50.28066865028803],[12.91936202770155,50.28066865028803],[12.91936202770155,50.27167544665078],[12.910368824064305,50.27167544665078]]]}},{"type":"Feature","properties":{"jobs":29,"pop":93,"pointCount":5,"homeWorkCommuteMedian":15962,"workHomeCommuteMedian":447},"geometry":{"type":"Polygon","coordinates":[[[12.910368824064305,50.28066865028803],[12.910368824064305,50.289661853925274],[12.91936202770155,50.289661853925274],[12.91936202770155,50.28066865028803],[12.910368824064305,50.28066865028803]]]}},{"type":"Feature","properties":{"jobs":16,"pop":306,"pointCount":6,"homeWorkCommuteMedian":7181,"workHomeCommuteMedian":1358},"geometry":{"type":"Polygon","coordinates":[[[12.910368824064305,50.36160748302324],[12.910368824064305,50.37060068666049],[12.91936202770155,50.37060068666049],[12.91936202770155,50.36160748302324],[12.910368824064305,50.36160748302324]]]}},{"type":"Feature","properties":{"jobs":99,"pop":150,"pointCount":8,"homeWorkCommuteMedian":20657,"workHomeCommuteMedian":22648},"geometry":{"type":"Polygon","coordinates":[[[12.910368824064305,50.37060068666049],[12.910368824064305,50.379593890297734],[12.91936202770155,50.379593890297734],[12.91936202770155,50.37060068666049],[12.910368824064305,50.37060068666049]]]}},{"type":"Feature","properties":{"jobs":235,"pop":0,"pointCount":1,"homeWorkCommuteMedian":-1,"workHomeCommuteMedian":29764},"geometry":{"type":"Polygon","coordinates":[[[12.910368824064305,50.397580297572226],[12.910368824064305,50.40657350120947],[12.91936202770155,50.40657350120947],[12.91936202770155,50.397580297572226],[12.910368824064305,50.397580297572226]]]}},{"type":"Feature","properties":{"jobs":21,"pop":28,"pointCount":2,"homeWorkCommuteMedian":12870,"workHomeCommuteMedian":633},"geometry":{"type":"Polygon","coordinates":[[[12.910368824064305,50.40657350120947],[12.910368824064305,50.41556670484672],[12.91936202770155,50.41556670484672],[12.91936202770155,50.40657350120947],[12.910368824064305,50.40657350120947]]]}},{"type":"Feature","properties":{"jobs":68,"pop":10,"pointCount":3,"homeWorkCommuteMedian":48129,"workHomeCommuteMedian":6318},"geometry":{"type":"Polygon","coordinates":[[[12.91936202770155,49.94792011570993],[12.91936202770155,49.95691331934717],[12.928355231338797,49.95691331934717],[12.928355231338797,49.94792011570993],[12.91936202770155,49.94792011570993]]]}},{"type":"Feature","properties":{"jobs":0,"pop":15,"pointCount":1,"homeWorkCommuteMedian":35895,"workHomeCommuteMedian":-1},"geometry":{"type":"Polygon","coordinates":[[[12.91936202770155,50.02885894844514],[12.91936202770155,50.03785215208239],[12.928355231338797,50.03785215208239],[12.928355231338797,50.02885894844514],[12.91936202770155,50.02885894844514]]]}},{"type":"Feature","properties":{"jobs":42,"pop":263,"pointCount":8,"homeWorkCommuteMedian":27644,"workHomeCommuteMedian":2542},"geometry":{"type":"Polygon","coordinates":[[[12.91936202770155,50.064831762994125],[12.91936202770155,50.07382496663137],[12.928355231338797,50.07382496663137],[12.928355231338797,50.064831762994125],[12.91936202770155,50.064831762994125]]]}},{"type":"Feature","properties":{"jobs":37,"pop":0,"pointCount":1,"homeWorkCommuteMedian":-1,"workHomeCommuteMedian":1189},"geometry":{"type":"Polygon","coordinates":[[[12.91936202770155,50.07382496663137],[12.91936202770155,50.08281817026862],[12.928355231338797,50.08281817026862],[12.928355231338797,50.07382496663137],[12.91936202770155,50.07382496663137]]]}},{"type":"Feature","properties":{"jobs":0,"pop":29,"pointCount":2,"homeWorkCommuteMedian":29024,"workHomeCommuteMedian":-1},"geometry":{"type":"Polygon","coordinates":[[[12.91936202770155,50.08281817026862],[12.91936202770155,50.09181137390586],[12.928355231338797,50.09181137390586],[12.928355231338797,50.08281817026862],[12.91936202770155,50.08281817026862]]]}},{"type":"Feature","properties":{"jobs":29,"pop":197,"pointCount":7,"homeWorkCommuteMedian":12892,"workHomeCommuteMedian":760},"geometry":{"type":"Polygon","coordinates":[[[12.91936202770155,50.172750206641076],[12.91936202770155,50.18174341027832],[12.928355231338797,50.18174341027832],[12.928355231338797,50.172750206641076],[12.91936202770155,50.172750206641076]]]}},{"type":"Feature","properties":{"jobs":13,"pop":14,"pointCount":1,"homeWorkCommuteMedian":11118,"workHomeCommuteMedian":233},"geometry":{"type":"Polygon","coordinates":[[[12.91936202770155,50.18174341027832],[12.91936202770155,50.19073661391557],[12.928355231338797,50.19073661391557],[12.928355231338797,50.18174341027832],[12.91936202770155,50.18174341027832]]]}},{"type":"Feature","properties":{"jobs":0,"pop":63,"pointCount":3,"homeWorkCommuteMedian":6679,"workHomeCommuteMedian":-1},"geometry":{"type":"Polygon","coordinates":[[[12.91936202770155,50.199729817552814],[12.91936202770155,50.20872302119006],[12.928355231338797,50.20872302119006],[12.928355231338797,50.199729817552814],[12.91936202770155,50.199729817552814]]]}},{"type":"Feature","properties":{"jobs":1,"pop":0,"pointCount":1,"homeWorkCommuteMedian":-1,"workHomeCommuteMedian":864},"geometry":{"type":"Polygon","coordinates":[[[12.91936202770155,50.22670942846455],[12.91936202770155,50.2357026321018],[12.928355231338797,50.2357026321018],[12.928355231338797,50.22670942846455],[12.91936202770155,50.22670942846455]]]}},{"type":"Feature","properties":{"jobs":0,"pop":13,"pointCount":1,"homeWorkCommuteMedian":6671,"workHomeCommuteMedian":-1},"geometry":{"type":"Polygon","coordinates":[[[12.91936202770155,50.262682243013536],[12.91936202770155,50.27167544665078],[12.928355231338797,50.27167544665078],[12.928355231338797,50.262682243013536],[12.91936202770155,50.262682243013536]]]}},{"type":"Feature","properties":{"jobs":0,"pop":12,"pointCount":1,"homeWorkCommuteMedian":9043,"workHomeCommuteMedian":-1},"geometry":{"type":"Polygon","coordinates":[[[12.91936202770155,50.27167544665078],[12.91936202770155,50.28066865028803],[12.928355231338797,50.28066865028803],[12.928355231338797,50.27167544665078],[12.91936202770155,50.27167544665078]]]}},{"type":"Feature","properties":{"jobs":17,"pop":154,"pointCount":6,"homeWorkCommuteMedian":12712,"workHomeCommuteMedian":253},"geometry":{"type":"Polygon","coordinates":[[[12.91936202770155,50.28066865028803],[12.91936202770155,50.289661853925274],[12.928355231338797,50.289661853925274],[12.928355231338797,50.28066865028803],[12.91936202770155,50.28066865028803]]]}},{"type":"Feature","properties":{"jobs":10,"pop":101,"pointCount":5,"homeWorkCommuteMedian":13982,"workHomeCommuteMedian":3330},"geometry":{"type":"Polygon","coordinates":[[[12.91936202770155,50.307648261199766],[12.91936202770155,50.31664146483701],[12.928355231338797,50.31664146483701],[12.928355231338797,50.307648261199766],[12.91936202770155,50.307648261199766]]]}},{"type":"Feature","properties":{"jobs":15,"pop":284,"pointCount":8,"homeWorkCommuteMedian":6819,"workHomeCommuteMedian":3109},"geometry":{"type":"Polygon","coordinates":[[[12.91936202770155,50.36160748302324],[12.91936202770155,50.37060068666049],[12.928355231338797,50.37060068666049],[12.928355231338797,50.36160748302324],[12.91936202770155,50.36160748302324]]]}},{"type":"Feature","properties":{"jobs":168,"pop":93,"pointCount":8,"homeWorkCommuteMedian":27613,"workHomeCommuteMedian":25989},"geometry":{"type":"Polygon","coordinates":[[[12.91936202770155,50.40657350120947],[12.91936202770155,50.41556670484672],[12.928355231338797,50.41556670484672],[12.928355231338797,50.40657350120947],[12.91936202770155,50.40657350120947]]]}},{"type":"Feature","properties":{"jobs":0,"pop":126,"pointCount":3,"homeWorkCommuteMedian":13636,"workHomeCommuteMedian":-1},"geometry":{"type":"Polygon","coordinates":[[[12.928355231338797,50.18174341027832],[12.928355231338797,50.19073661391557],[12.937348434976043,50.19073661391557],[12.937348434976043,50.18174341027832],[12.928355231338797,50.18174341027832]]]}},{"type":"Feature","properties":{"jobs":15,"pop":0,"pointCount":1,"homeWorkCommuteMedian":-1,"workHomeCommuteMedian":7841},"geometry":{"type":"Polygon","coordinates":[[[12.928355231338797,50.20872302119006],[12.928355231338797,50.217716224827306],[12.937348434976043,50.217716224827306],[12.937348434976043,50.20872302119006],[12.928355231338797,50.20872302119006]]]}},{"type":"Feature","properties":{"jobs":21,"pop":42,"pointCount":4,"homeWorkCommuteMedian":7442,"workHomeCommuteMedian":3449},"geometry":{"type":"Polygon","coordinates":[[[12.928355231338797,50.262682243013536],[12.928355231338797,50.27167544665078],[12.937348434976043,50.27167544665078],[12.937348434976043,50.262682243013536],[12.928355231338797,50.262682243013536]]]}},{"type":"Feature","properties":{"jobs":12,"pop":0,"pointCount":1,"homeWorkCommuteMedian":-1,"workHomeCommuteMedian":1581},"geometry":{"type":"Polygon","coordinates":[[[12.928355231338797,50.27167544665078],[12.928355231338797,50.28066865028803],[12.937348434976043,50.28066865028803],[12.937348434976043,50.27167544665078],[12.928355231338797,50.27167544665078]]]}},{"type":"Feature","properties":{"jobs":96,"pop":71,"pointCount":4,"homeWorkCommuteMedian":6171,"workHomeCommuteMedian":1839},"geometry":{"type":"Polygon","coordinates":[[[12.928355231338797,50.29865505756252],[12.928355231338797,50.307648261199766],[12.937348434976043,50.307648261199766],[12.937348434976043,50.29865505756252],[12.928355231338797,50.29865505756252]]]}},{"type":"Feature","properties":{"jobs":26,"pop":51,"pointCount":5,"homeWorkCommuteMedian":5755,"workHomeCommuteMedian":2415},"geometry":{"type":"Polygon","coordinates":[[[12.928355231338797,50.307648261199766],[12.928355231338797,50.31664146483701],[12.937348434976043,50.31664146483701],[12.937348434976043,50.307648261199766],[12.928355231338797,50.307648261199766]]]}},{"type":"Feature","properties":{"jobs":0,"pop":20,"pointCount":1,"homeWorkCommuteMedian":19072,"workHomeCommuteMedian":-1},"geometry":{"type":"Polygon","coordinates":[[[12.928355231338797,50.32563466847426],[12.928355231338797,50.334627872111504],[12.937348434976043,50.334627872111504],[12.937348434976043,50.32563466847426],[12.928355231338797,50.32563466847426]]]}},{"type":"Feature","properties":{"jobs":1144,"pop":63,"pointCount":5,"homeWorkCommuteMedian":21599,"workHomeCommuteMedian":17823},"geometry":{"type":"Polygon","coordinates":[[[12.928355231338797,50.352614279385996],[12.928355231338797,50.36160748302324],[12.937348434976043,50.36160748302324],[12.937348434976043,50.352614279385996],[12.928355231338797,50.352614279385996]]]}},{"type":"Feature","properties":{"jobs":384,"pop":224,"pointCount":9,"homeWorkCommuteMedian":6715,"workHomeCommuteMedian":6722},"geometry":{"type":"Polygon","coordinates":[[[12.928355231338797,50.36160748302324],[12.928355231338797,50.37060068666049],[12.937348434976043,50.37060068666049],[12.937348434976043,50.36160748302324],[12.928355231338797,50.36160748302324]]]}},{"type":"Feature","properties":{"jobs":0,"pop":12,"pointCount":1,"homeWorkCommuteMedian":55639,"workHomeCommuteMedian":-1},"geometry":{"type":"Polygon","coordinates":[[[12.937348434976043,49.93892691207268],[12.937348434976043,49.94792011570993],[12.946341638613289,49.94792011570993],[12.946341638613289,49.93892691207268],[12.937348434976043,49.93892691207268]]]}},{"type":"Feature","properties":{"jobs":0,"pop":23,"pointCount":1,"homeWorkCommuteMedian":34122,"workHomeCommuteMedian":-1},"geometry":{"type":"Polygon","coordinates":[[[12.937348434976043,50.04684535571963],[12.937348434976043,50.05583855935688],[12.946341638613289,50.05583855935688],[12.946341638613289,50.04684535571963],[12.937348434976043,50.04684535571963]]]}},{"type":"Feature","properties":{"jobs":0,"pop":11,"pointCount":1,"homeWorkCommuteMedian":5791,"workHomeCommuteMedian":-1},"geometry":{"type":"Polygon","coordinates":[[[12.937348434976043,50.08281817026862],[12.937348434976043,50.09181137390586],[12.946341638613289,50.09181137390586],[12.946341638613289,50.08281817026862],[12.937348434976043,50.08281817026862]]]}},{"type":"Feature","properties":{"jobs":0,"pop":12,"pointCount":1,"homeWorkCommuteMedian":23440,"workHomeCommuteMedian":-1},"geometry":{"type":"Polygon","coordinates":[[[12.937348434976043,50.09181137390586],[12.937348434976043,50.10080457754311],[12.946341638613289,50.10080457754311],[12.946341638613289,50.09181137390586],[12.937348434976043,50.09181137390586]]]}},{"type":"Feature","properties":{"jobs":0,"pop":13,"pointCount":1,"homeWorkCommuteMedian":32259,"workHomeCommuteMedian":-1},"geometry":{"type":"Polygon","coordinates":[[[12.937348434976043,50.12778418845485],[12.937348434976043,50.13677739209209],[12.946341638613289,50.13677739209209],[12.946341638613289,50.12778418845485],[12.937348434976043,50.12778418845485]]]}},{"type":"Feature","properties":{"jobs":0,"pop":41,"pointCount":2,"homeWorkCommuteMedian":26892,"workHomeCommuteMedian":-1},"geometry":{"type":"Polygon","coordinates":[[[12.937348434976043,50.13677739209209],[12.937348434976043,50.14577059572934],[12.946341638613289,50.14577059572934],[12.946341638613289,50.13677739209209],[12.937348434976043,50.13677739209209]]]}},{"type":"Feature","properties":{"jobs":25,"pop":135,"pointCount":5,"homeWorkCommuteMedian":8151,"workHomeCommuteMedian":14142},"geometry":{"type":"Polygon","coordinates":[[[12.937348434976043,50.262682243013536],[12.937348434976043,50.27167544665078],[12.946341638613289,50.27167544665078],[12.946341638613289,50.262682243013536],[12.937348434976043,50.262682243013536]]]}},{"type":"Feature","properties":{"jobs":7,"pop":28,"pointCount":3,"homeWorkCommuteMedian":3578,"workHomeCommuteMedian":1002},"geometry":{"type":"Polygon","coordinates":[[[12.937348434976043,50.27167544665078],[12.937348434976043,50.28066865028803],[12.946341638613289,50.28066865028803],[12.946341638613289,50.27167544665078],[12.937348434976043,50.27167544665078]]]}},{"type":"Feature","properties":{"jobs":2153,"pop":0,"pointCount":3,"homeWorkCommuteMedian":-1,"workHomeCommuteMedian":11157},"geometry":{"type":"Polygon","coordinates":[[[12.937348434976043,50.289661853925274],[12.937348434976043,50.29865505756252],[12.946341638613289,50.29865505756252],[12.946341638613289,50.289661853925274],[12.937348434976043,50.289661853925274]]]}},{"type":"Feature","properties":{"jobs":922,"pop":753,"pointCount":13,"homeWorkCommuteMedian":2558,"workHomeCommuteMedian":4414},"geometry":{"type":"Polygon","coordinates":[[[12.937348434976043,50.29865505756252],[12.937348434976043,50.307648261199766],[12.946341638613289,50.307648261199766],[12.946341638613289,50.29865505756252],[12.937348434976043,50.29865505756252]]]}},{"type":"Feature","properties":{"jobs":915,"pop":1201,"pointCount":10,"homeWorkCommuteMedian":6722,"workHomeCommuteMedian":8271},"geometry":{"type":"Polygon","coordinates":[[[12.937348434976043,50.307648261199766],[12.937348434976043,50.31664146483701],[12.946341638613289,50.31664146483701],[12.946341638613289,50.307648261199766],[12.937348434976043,50.307648261199766]]]}},{"type":"Feature","properties":{"jobs":41,"pop":67,"pointCount":4,"homeWorkCommuteMedian":5548,"workHomeCommuteMedian":4036},"geometry":{"type":"Polygon","coordinates":[[[12.937348434976043,50.31664146483701],[12.937348434976043,50.32563466847426],[12.946341638613289,50.32563466847426],[12.946341638613289,50.31664146483701],[12.937348434976043,50.31664146483701]]]}},{"type":"Feature","properties":{"jobs":13,"pop":49,"pointCount":4,"homeWorkCommuteMedian":4224,"workHomeCommuteMedian":4109},"geometry":{"type":"Polygon","coordinates":[[[12.937348434976043,50.32563466847426],[12.937348434976043,50.334627872111504],[12.946341638613289,50.334627872111504],[12.946341638613289,50.32563466847426],[12.937348434976043,50.32563466847426]]]}},{"type":"Feature","properties":{"jobs":74,"pop":40,"pointCount":3,"homeWorkCommuteMedian":6363,"workHomeCommuteMedian":5108},"geometry":{"type":"Polygon","coordinates":[[[12.937348434976043,50.334627872111504],[12.937348434976043,50.34362107574875],[12.946341638613289,50.34362107574875],[12.946341638613289,50.334627872111504],[12.937348434976043,50.334627872111504]]]}},{"type":"Feature","properties":{"jobs":0,"pop":14,"pointCount":3,"homeWorkCommuteMedian":8937,"workHomeCommuteMedian":-1},"geometry":{"type":"Polygon","coordinates":[[[12.937348434976043,50.352614279385996],[12.937348434976043,50.36160748302324],[12.946341638613289,50.36160748302324],[12.946341638613289,50.352614279385996],[12.937348434976043,50.352614279385996]]]}},{"type":"Feature","properties":{"jobs":2,"pop":0,"pointCount":1,"homeWorkCommuteMedian":-1,"workHomeCommuteMedian":4118},"geometry":{"type":"Polygon","coordinates":[[[12.937348434976043,50.379593890297734],[12.937348434976043,50.38858709393498],[12.946341638613289,50.38858709393498],[12.946341638613289,50.379593890297734],[12.937348434976043,50.379593890297734]]]}},{"type":"Feature","properties":{"jobs":10,"pop":26,"pointCount":2,"homeWorkCommuteMedian":7018,"workHomeCommuteMedian":472},"geometry":{"type":"Polygon","coordinates":[[[12.946341638613289,50.0018793375334],[12.946341638613289,50.01087254117065],[12.955334842250535,50.01087254117065],[12.955334842250535,50.0018793375334],[12.946341638613289,50.0018793375334]]]}},{"type":"Feature","properties":{"jobs":38,"pop":193,"pointCount":8,"homeWorkCommuteMedian":10082,"workHomeCommuteMedian":2720},"geometry":{"type":"Polygon","coordinates":[[[12.946341638613289,50.064831762994125],[12.946341638613289,50.07382496663137],[12.955334842250535,50.07382496663137],[12.955334842250535,50.064831762994125],[12.946341638613289,50.064831762994125]]]}},{"type":"Feature","properties":{"jobs":9,"pop":0,"pointCount":1,"homeWorkCommuteMedian":-1,"workHomeCommuteMedian":1445},"geometry":{"type":"Polygon","coordinates":[[[12.946341638613289,50.12778418845485],[12.946341638613289,50.13677739209209],[12.955334842250535,50.13677739209209],[12.955334842250535,50.12778418845485],[12.946341638613289,50.12778418845485]]]}},{"type":"Feature","properties":{"jobs":963,"pop":2462,"pointCount":14,"homeWorkCommuteMedian":9561,"workHomeCommuteMedian":1798},"geometry":{"type":"Polygon","coordinates":[[[12.946341638613289,50.29865505756252],[12.946341638613289,50.307648261199766],[12.955334842250535,50.307648261199766],[12.955334842250535,50.29865505756252],[12.946341638613289,50.29865505756252]]]}},{"type":"Feature","properties":{"jobs":762,"pop":2542,"pointCount":14,"homeWorkCommuteMedian":8383,"workHomeCommuteMedian":6247},"geometry":{"type":"Polygon","coordinates":[[[12.946341638613289,50.307648261199766],[12.946341638613289,50.31664146483701],[12.955334842250535,50.31664146483701],[12.955334842250535,50.307648261199766],[12.946341638613289,50.307648261199766]]]}},{"type":"Feature","properties":{"jobs":14,"pop":14,"pointCount":1,"homeWorkCommuteMedian":2239,"workHomeCommuteMedian":3298},"geometry":{"type":"Polygon","coordinates":[[[12.946341638613289,50.31664146483701],[12.946341638613289,50.32563466847426],[12.955334842250535,50.32563466847426],[12.955334842250535,50.31664146483701],[12.946341638613289,50.31664146483701]]]}},{"type":"Feature","properties":{"jobs":135,"pop":62,"pointCount":5,"homeWorkCommuteMedian":12051,"workHomeCommuteMedian":4143},"geometry":{"type":"Polygon","coordinates":[[[12.946341638613289,50.32563466847426],[12.946341638613289,50.334627872111504],[12.955334842250535,50.334627872111504],[12.955334842250535,50.32563466847426],[12.946341638613289,50.32563466847426]]]}},{"type":"Feature","properties":{"jobs":0,"pop":51,"pointCount":1,"homeWorkCommuteMedian":9712,"workHomeCommuteMedian":-1},"geometry":{"type":"Polygon","coordinates":[[[12.955334842250535,49.98389293025891],[12.955334842250535,49.99288613389616],[12.96432804588778,49.99288613389616],[12.96432804588778,49.98389293025891],[12.955334842250535,49.98389293025891]]]}},{"type":"Feature","properties":{"jobs":10,"pop":68,"pointCount":3,"homeWorkCommuteMedian":29078,"workHomeCommuteMedian":506},"geometry":{"type":"Polygon","coordinates":[[[12.955334842250535,50.064831762994125],[12.955334842250535,50.07382496663137],[12.96432804588778,50.07382496663137],[12.96432804588778,50.064831762994125],[12.955334842250535,50.064831762994125]]]}},{"type":"Feature","properties":{"jobs":0,"pop":37,"pointCount":1,"homeWorkCommuteMedian":33515,"workHomeCommuteMedian":-1},"geometry":{"type":"Polygon","coordinates":[[[12.955334842250535,50.12778418845485],[12.955334842250535,50.13677739209209],[12.96432804588778,50.13677739209209],[12.96432804588778,50.12778418845485],[12.955334842250535,50.12778418845485]]]}},{"type":"Feature","properties":{"jobs":0,"pop":21,"pointCount":1,"homeWorkCommuteMedian":13210,"workHomeCommuteMedian":-1},"geometry":{"type":"Polygon","coordinates":[[[12.955334842250535,50.19073661391557],[12.955334842250535,50.199729817552814],[12.96432804588778,50.199729817552814],[12.96432804588778,50.19073661391557],[12.955334842250535,50.19073661391557]]]}},{"type":"Feature","properties":{"jobs":28,"pop":159,"pointCount":6,"homeWorkCommuteMedian":13937,"workHomeCommuteMedian":172},"geometry":{"type":"Polygon","coordinates":[[[12.955334842250535,50.199729817552814],[12.955334842250535,50.20872302119006],[12.96432804588778,50.20872302119006],[12.96432804588778,50.199729817552814],[12.955334842250535,50.199729817552814]]]}},{"type":"Feature","properties":{"jobs":0,"pop":11,"pointCount":1,"homeWorkCommuteMedian":28318,"workHomeCommuteMedian":-1},"geometry":{"type":"Polygon","coordinates":[[[12.955334842250535,50.20872302119006],[12.955334842250535,50.217716224827306],[12.96432804588778,50.217716224827306],[12.96432804588778,50.20872302119006],[12.955334842250535,50.20872302119006]]]}},{"type":"Feature","properties":{"jobs":28,"pop":132,"pointCount":8,"homeWorkCommuteMedian":9019,"workHomeCommuteMedian":3639},"geometry":{"type":"Polygon","coordinates":[[[12.955334842250535,50.2357026321018],[12.955334842250535,50.244695835739044],[12.96432804588778,50.244695835739044],[12.96432804588778,50.2357026321018],[12.955334842250535,50.2357026321018]]]}},{"type":"Feature","properties":{"jobs":0,"pop":37,"pointCount":1,"homeWorkCommuteMedian":11768,"workHomeCommuteMedian":-1},"geometry":{"type":"Polygon","coordinates":[[[12.955334842250535,50.244695835739044],[12.955334842250535,50.25368903937629],[12.96432804588778,50.25368903937629],[12.96432804588778,50.244695835739044],[12.955334842250535,50.244695835739044]]]}},{"type":"Feature","properties":{"jobs":5,"pop":0,"pointCount":1,"homeWorkCommuteMedian":-1,"workHomeCommuteMedian":23955},"geometry":{"type":"Polygon","coordinates":[[[12.955334842250535,50.262682243013536],[12.955334842250535,50.27167544665078],[12.96432804588778,50.27167544665078],[12.96432804588778,50.262682243013536],[12.955334842250535,50.262682243013536]]]}},{"type":"Feature","properties":{"jobs":114,"pop":424,"pointCount":7,"homeWorkCommuteMedian":5051,"workHomeCommuteMedian":1777},"geometry":{"type":"Polygon","coordinates":[[[12.955334842250535,50.29865505756252],[12.955334842250535,50.307648261199766],[12.96432804588778,50.307648261199766],[12.96432804588778,50.29865505756252],[12.955334842250535,50.29865505756252]]]}},{"type":"Feature","properties":{"jobs":1019,"pop":713,"pointCount":10,"homeWorkCommuteMedian":5046,"workHomeCommuteMedian":3073},"geometry":{"type":"Polygon","coordinates":[[[12.955334842250535,50.307648261199766],[12.955334842250535,50.31664146483701],[12.96432804588778,50.31664146483701],[12.96432804588778,50.307648261199766],[12.955334842250535,50.307648261199766]]]}},{"type":"Feature","properties":{"jobs":51,"pop":0,"pointCount":1,"homeWorkCommuteMedian":-1,"workHomeCommuteMedian":15296},"geometry":{"type":"Polygon","coordinates":[[[12.955334842250535,50.31664146483701],[12.955334842250535,50.32563466847426],[12.96432804588778,50.32563466847426],[12.96432804588778,50.31664146483701],[12.955334842250535,50.31664146483701]]]}},{"type":"Feature","properties":{"jobs":1051,"pop":14,"pointCount":3,"homeWorkCommuteMedian":14025,"workHomeCommuteMedian":12142},"geometry":{"type":"Polygon","coordinates":[[[12.955334842250535,50.32563466847426],[12.955334842250535,50.334627872111504],[12.96432804588778,50.334627872111504],[12.96432804588778,50.32563466847426],[12.955334842250535,50.32563466847426]]]}},{"type":"Feature","properties":{"jobs":117,"pop":115,"pointCount":4,"homeWorkCommuteMedian":6960,"workHomeCommuteMedian":15725},"geometry":{"type":"Polygon","coordinates":[[[12.955334842250535,50.334627872111504],[12.955334842250535,50.34362107574875],[12.96432804588778,50.34362107574875],[12.96432804588778,50.334627872111504],[12.955334842250535,50.334627872111504]]]}},{"type":"Feature","properties":{"jobs":0,"pop":32,"pointCount":2,"homeWorkCommuteMedian":22329,"workHomeCommuteMedian":-1},"geometry":{"type":"Polygon","coordinates":[[[12.955334842250535,50.37060068666049],[12.955334842250535,50.379593890297734],[12.96432804588778,50.379593890297734],[12.96432804588778,50.37060068666049],[12.955334842250535,50.37060068666049]]]}},{"type":"Feature","properties":{"jobs":3,"pop":23,"pointCount":2,"homeWorkCommuteMedian":6325,"workHomeCommuteMedian":125},"geometry":{"type":"Polygon","coordinates":[[[12.96432804588778,50.08281817026862],[12.96432804588778,50.09181137390586],[12.973321249525027,50.09181137390586],[12.973321249525027,50.08281817026862],[12.96432804588778,50.08281817026862]]]}},{"type":"Feature","properties":{"jobs":0,"pop":52,"pointCount":1,"homeWorkCommuteMedian":10617,"workHomeCommuteMedian":-1},"geometry":{"type":"Polygon","coordinates":[[[12.96432804588778,50.2357026321018],[12.96432804588778,50.244695835739044],[12.973321249525027,50.244695835739044],[12.973321249525027,50.2357026321018],[12.96432804588778,50.2357026321018]]]}},{"type":"Feature","properties":{"jobs":86,"pop":0,"pointCount":1,"homeWorkCommuteMedian":-1,"workHomeCommuteMedian":6363},"geometry":{"type":"Polygon","coordinates":[[[12.96432804588778,50.29865505756252],[12.96432804588778,50.307648261199766],[12.973321249525027,50.307648261199766],[12.973321249525027,50.29865505756252],[12.96432804588778,50.29865505756252]]]}},{"type":"Feature","properties":{"jobs":59,"pop":0,"pointCount":1,"homeWorkCommuteMedian":-1,"workHomeCommuteMedian":48074},"geometry":{"type":"Polygon","coordinates":[[[12.96432804588778,50.38858709393498],[12.96432804588778,50.397580297572226],[12.973321249525027,50.397580297572226],[12.973321249525027,50.38858709393498],[12.96432804588778,50.38858709393498]]]}},{"type":"Feature","properties":{"jobs":9,"pop":21,"pointCount":3,"homeWorkCommuteMedian":41783,"workHomeCommuteMedian":174},"geometry":{"type":"Polygon","coordinates":[[[12.973321249525027,50.0018793375334],[12.973321249525027,50.01087254117065],[12.982314453162273,50.01087254117065],[12.982314453162273,50.0018793375334],[12.973321249525027,50.0018793375334]]]}},{"type":"Feature","properties":{"jobs":0,"pop":57,"pointCount":2,"homeWorkCommuteMedian":3434,"workHomeCommuteMedian":-1},"geometry":{"type":"Polygon","coordinates":[[[12.973321249525027,50.02885894844514],[12.973321249525027,50.03785215208239],[12.982314453162273,50.03785215208239],[12.982314453162273,50.02885894844514],[12.973321249525027,50.02885894844514]]]}},{"type":"Feature","properties":{"jobs":13,"pop":23,"pointCount":1,"homeWorkCommuteMedian":12131,"workHomeCommuteMedian":353},"geometry":{"type":"Polygon","coordinates":[[[12.973321249525027,50.03785215208239],[12.973321249525027,50.04684535571963],[12.982314453162273,50.04684535571963],[12.982314453162273,50.03785215208239],[12.973321249525027,50.03785215208239]]]}},{"type":"Feature","properties":{"jobs":22,"pop":0,"pointCount":1,"homeWorkCommuteMedian":-1,"workHomeCommuteMedian":1390},"geometry":{"type":"Polygon","coordinates":[[[12.973321249525027,50.05583855935688],[12.973321249525027,50.064831762994125],[12.982314453162273,50.064831762994125],[12.982314453162273,50.05583855935688],[12.973321249525027,50.05583855935688]]]}},{"type":"Feature","properties":{"jobs":18,"pop":0,"pointCount":1,"homeWorkCommuteMedian":-1,"workHomeCommuteMedian":2186},"geometry":{"type":"Polygon","coordinates":[[[12.973321249525027,50.27167544665078],[12.973321249525027,50.28066865028803],[12.982314453162273,50.28066865028803],[12.982314453162273,50.27167544665078],[12.973321249525027,50.27167544665078]]]}},{"type":"Feature","properties":{"jobs":10,"pop":81,"pointCount":4,"homeWorkCommuteMedian":7124,"workHomeCommuteMedian":602},"geometry":{"type":"Polygon","coordinates":[[[12.973321249525027,50.32563466847426],[12.973321249525027,50.334627872111504],[12.982314453162273,50.334627872111504],[12.982314453162273,50.32563466847426],[12.973321249525027,50.32563466847426]]]}},{"type":"Feature","properties":{"jobs":1,"pop":0,"pointCount":1,"homeWorkCommuteMedian":-1,"workHomeCommuteMedian":2035},"geometry":{"type":"Polygon","coordinates":[[[12.982314453162273,49.98389293025891],[12.982314453162273,49.99288613389616],[12.991307656799519,49.99288613389616],[12.991307656799519,49.98389293025891],[12.982314453162273,49.98389293025891]]]}},{"type":"Feature","properties":{"jobs":91,"pop":106,"pointCount":5,"homeWorkCommuteMedian":14431,"workHomeCommuteMedian":2068},"geometry":{"type":"Polygon","coordinates":[[[12.982314453162273,50.04684535571963],[12.982314453162273,50.05583855935688],[12.991307656799519,50.05583855935688],[12.991307656799519,50.04684535571963],[12.982314453162273,50.04684535571963]]]}},{"type":"Feature","properties":{"jobs":488,"pop":1074,"pointCount":13,"homeWorkCommuteMedian":14814,"workHomeCommuteMedian":4230},"geometry":{"type":"Polygon","coordinates":[[[12.982314453162273,50.05583855935688],[12.982314453162273,50.064831762994125],[12.991307656799519,50.064831762994125],[12.991307656799519,50.05583855935688],[12.982314453162273,50.05583855935688]]]}},{"type":"Feature","properties":{"jobs":42,"pop":49,"pointCount":2,"homeWorkCommuteMedian":15262,"workHomeCommuteMedian":7060},"geometry":{"type":"Polygon","coordinates":[[[12.982314453162273,50.154763799366584],[12.982314453162273,50.16375700300383],[12.991307656799519,50.16375700300383],[12.991307656799519,50.154763799366584],[12.982314453162273,50.154763799366584]]]}},{"type":"Feature","properties":{"jobs":7,"pop":14,"pointCount":2,"homeWorkCommuteMedian":54737,"workHomeCommuteMedian":171},"geometry":{"type":"Polygon","coordinates":[[[12.982314453162273,50.172750206641076],[12.982314453162273,50.18174341027832],[12.991307656799519,50.18174341027832],[12.991307656799519,50.172750206641076],[12.982314453162273,50.172750206641076]]]}},{"type":"Feature","properties":{"jobs":35,"pop":67,"pointCount":4,"homeWorkCommuteMedian":14080,"workHomeCommuteMedian":2452},"geometry":{"type":"Polygon","coordinates":[[[12.982314453162273,50.18174341027832],[12.982314453162273,50.19073661391557],[12.991307656799519,50.19073661391557],[12.991307656799519,50.18174341027832],[12.982314453162273,50.18174341027832]]]}},{"type":"Feature","properties":{"jobs":38,"pop":0,"pointCount":1,"homeWorkCommuteMedian":-1,"workHomeCommuteMedian":4450},"geometry":{"type":"Polygon","coordinates":[[[12.982314453162273,50.19073661391557],[12.982314453162273,50.199729817552814],[12.991307656799519,50.199729817552814],[12.991307656799519,50.19073661391557],[12.982314453162273,50.19073661391557]]]}},{"type":"Feature","properties":{"jobs":0,"pop":169,"pointCount":6,"homeWorkCommuteMedian":12872,"workHomeCommuteMedian":-1},"geometry":{"type":"Polygon","coordinates":[[[12.982314453162273,50.2357026321018],[12.982314453162273,50.244695835739044],[12.991307656799519,50.244695835739044],[12.991307656799519,50.2357026321018],[12.982314453162273,50.2357026321018]]]}},{"type":"Feature","properties":{"jobs":0,"pop":24,"pointCount":1,"homeWorkCommuteMedian":12676,"workHomeCommuteMedian":-1},"geometry":{"type":"Polygon","coordinates":[[[12.982314453162273,50.25368903937629],[12.982314453162273,50.262682243013536],[12.991307656799519,50.262682243013536],[12.991307656799519,50.25368903937629],[12.982314453162273,50.25368903937629]]]}},{"type":"Feature","properties":{"jobs":0,"pop":31,"pointCount":2,"homeWorkCommuteMedian":9234,"workHomeCommuteMedian":-1},"geometry":{"type":"Polygon","coordinates":[[[12.982314453162273,50.27167544665078],[12.982314453162273,50.28066865028803],[12.991307656799519,50.28066865028803],[12.991307656799519,50.27167544665078],[12.982314453162273,50.27167544665078]]]}},{"type":"Feature","properties":{"jobs":0,"pop":66,"pointCount":1,"homeWorkCommuteMedian":5860,"workHomeCommuteMedian":-1},"geometry":{"type":"Polygon","coordinates":[[[12.982314453162273,50.289661853925274],[12.982314453162273,50.29865505756252],[12.991307656799519,50.29865505756252],[12.991307656799519,50.289661853925274],[12.982314453162273,50.289661853925274]]]}},{"type":"Feature","properties":{"jobs":13,"pop":11,"pointCount":3,"homeWorkCommuteMedian":52779,"workHomeCommuteMedian":2824},"geometry":{"type":"Polygon","coordinates":[[[12.991307656799519,50.03785215208239],[12.991307656799519,50.04684535571963],[13.000300860436765,50.04684535571963],[13.000300860436765,50.03785215208239],[12.991307656799519,50.03785215208239]]]}},{"type":"Feature","properties":{"jobs":196,"pop":226,"pointCount":12,"homeWorkCommuteMedian":1831,"workHomeCommuteMedian":6906},"geometry":{"type":"Polygon","coordinates":[[[12.991307656799519,50.04684535571963],[12.991307656799519,50.05583855935688],[13.000300860436765,50.05583855935688],[13.000300860436765,50.04684535571963],[12.991307656799519,50.04684535571963]]]}},{"type":"Feature","properties":{"jobs":673,"pop":23,"pointCount":4,"homeWorkCommuteMedian":30887,"workHomeCommuteMedian":7178},"geometry":{"type":"Polygon","coordinates":[[[12.991307656799519,50.05583855935688],[12.991307656799519,50.064831762994125],[13.000300860436765,50.064831762994125],[13.000300860436765,50.05583855935688],[12.991307656799519,50.05583855935688]]]}},{"type":"Feature","properties":{"jobs":0,"pop":10,"pointCount":1,"homeWorkCommuteMedian":6138,"workHomeCommuteMedian":-1},"geometry":{"type":"Polygon","coordinates":[[[12.991307656799519,50.109797781180355],[12.991307656799519,50.1187909848176],[13.000300860436765,50.1187909848176],[13.000300860436765,50.109797781180355],[12.991307656799519,50.109797781180355]]]}},{"type":"Feature","properties":{"jobs":10,"pop":0,"pointCount":1,"homeWorkCommuteMedian":-1,"workHomeCommuteMedian":6138},"geometry":{"type":"Polygon","coordinates":[[[12.991307656799519,50.12778418845485],[12.991307656799519,50.13677739209209],[13.000300860436765,50.13677739209209],[13.000300860436765,50.12778418845485],[12.991307656799519,50.12778418845485]]]}},{"type":"Feature","properties":{"jobs":1,"pop":0,"pointCount":1,"homeWorkCommuteMedian":-1,"workHomeCommuteMedian":6363},"geometry":{"type":"Polygon","coordinates":[[[12.991307656799519,50.16375700300383],[12.991307656799519,50.172750206641076],[13.000300860436765,50.172750206641076],[13.000300860436765,50.16375700300383],[12.991307656799519,50.16375700300383]]]}},{"type":"Feature","properties":{"jobs":4,"pop":12,"pointCount":1,"homeWorkCommuteMedian":12254,"workHomeCommuteMedian":575},"geometry":{"type":"Polygon","coordinates":[[[12.991307656799519,50.2357026321018],[12.991307656799519,50.244695835739044],[13.000300860436765,50.244695835739044],[13.000300860436765,50.2357026321018],[12.991307656799519,50.2357026321018]]]}},{"type":"Feature","properties":{"jobs":8,"pop":0,"pointCount":1,"homeWorkCommuteMedian":-1,"workHomeCommuteMedian":10312},"geometry":{"type":"Polygon","coordinates":[[[12.991307656799519,50.25368903937629],[12.991307656799519,50.262682243013536],[13.000300860436765,50.262682243013536],[13.000300860436765,50.25368903937629],[12.991307656799519,50.25368903937629]]]}},{"type":"Feature","properties":{"jobs":103,"pop":168,"pointCount":10,"homeWorkCommuteMedian":13627,"workHomeCommuteMedian":3983},"geometry":{"type":"Polygon","coordinates":[[[12.991307656799519,50.262682243013536],[12.991307656799519,50.27167544665078],[13.000300860436765,50.27167544665078],[13.000300860436765,50.262682243013536],[12.991307656799519,50.262682243013536]]]}},{"type":"Feature","properties":{"jobs":0,"pop":212,"pointCount":6,"homeWorkCommuteMedian":12247,"workHomeCommuteMedian":-1},"geometry":{"type":"Polygon","coordinates":[[[12.991307656799519,50.27167544665078],[12.991307656799519,50.28066865028803],[13.000300860436765,50.28066865028803],[13.000300860436765,50.27167544665078],[12.991307656799519,50.27167544665078]]]}},{"type":"Feature","properties":{"jobs":0,"pop":40,"pointCount":2,"homeWorkCommuteMedian":21736,"workHomeCommuteMedian":-1},"geometry":{"type":"Polygon","coordinates":[[[12.991307656799519,50.34362107574875],[12.991307656799519,50.352614279385996],[13.000300860436765,50.352614279385996],[13.000300860436765,50.34362107574875],[12.991307656799519,50.34362107574875]]]}},{"type":"Feature","properties":{"jobs":0,"pop":32,"pointCount":2,"homeWorkCommuteMedian":31372,"workHomeCommuteMedian":-1},"geometry":{"type":"Polygon","coordinates":[[[13.000300860436765,50.07382496663137],[13.000300860436765,50.08281817026862],[13.00929406407401,50.08281817026862],[13.00929406407401,50.07382496663137],[13.000300860436765,50.07382496663137]]]}},{"type":"Feature","properties":{"jobs":0,"pop":10,"pointCount":1,"homeWorkCommuteMedian":7177,"workHomeCommuteMedian":-1},"geometry":{"type":"Polygon","coordinates":[[[13.000300860436765,50.172750206641076],[13.000300860436765,50.18174341027832],[13.00929406407401,50.18174341027832],[13.00929406407401,50.172750206641076],[13.000300860436765,50.172750206641076]]]}},{"type":"Feature","properties":{"jobs":2,"pop":126,"pointCount":7,"homeWorkCommuteMedian":14901,"workHomeCommuteMedian":491},"geometry":{"type":"Polygon","coordinates":[[[13.000300860436765,50.18174341027832],[13.000300860436765,50.19073661391557],[13.00929406407401,50.19073661391557],[13.00929406407401,50.18174341027832],[13.000300860436765,50.18174341027832]]]}},{"type":"Feature","properties":{"jobs":0,"pop":3,"pointCount":1,"homeWorkCommuteMedian":16102,"workHomeCommuteMedian":-1},"geometry":{"type":"Polygon","coordinates":[[[13.000300860436765,50.19073661391557],[13.000300860436765,50.199729817552814],[13.00929406407401,50.199729817552814],[13.00929406407401,50.19073661391557],[13.000300860436765,50.19073661391557]]]}},{"type":"Feature","properties":{"jobs":10,"pop":0,"pointCount":1,"homeWorkCommuteMedian":-1,"workHomeCommuteMedian":51640},"geometry":{"type":"Polygon","coordinates":[[[13.000300860436765,50.25368903937629],[13.000300860436765,50.262682243013536],[13.00929406407401,50.262682243013536],[13.00929406407401,50.25368903937629],[13.000300860436765,50.25368903937629]]]}},{"type":"Feature","properties":{"jobs":97,"pop":0,"pointCount":1,"homeWorkCommuteMedian":-1,"workHomeCommuteMedian":11220},"geometry":{"type":"Polygon","coordinates":[[[13.000300860436765,50.262682243013536],[13.000300860436765,50.27167544665078],[13.00929406407401,50.27167544665078],[13.00929406407401,50.262682243013536],[13.000300860436765,50.262682243013536]]]}},{"type":"Feature","properties":{"jobs":13,"pop":0,"pointCount":1,"homeWorkCommuteMedian":-1,"workHomeCommuteMedian":372},"geometry":{"type":"Polygon","coordinates":[[[13.000300860436765,50.27167544665078],[13.000300860436765,50.28066865028803],[13.00929406407401,50.28066865028803],[13.00929406407401,50.27167544665078],[13.000300860436765,50.27167544665078]]]}},{"type":"Feature","properties":{"jobs":0,"pop":151,"pointCount":5,"homeWorkCommuteMedian":14052,"workHomeCommuteMedian":-1},"geometry":{"type":"Polygon","coordinates":[[[13.000300860436765,50.28066865028803],[13.000300860436765,50.289661853925274],[13.00929406407401,50.289661853925274],[13.00929406407401,50.28066865028803],[13.000300860436765,50.28066865028803]]]}},{"type":"Feature","properties":{"jobs":0,"pop":60,"pointCount":3,"homeWorkCommuteMedian":20974,"workHomeCommuteMedian":-1},"geometry":{"type":"Polygon","coordinates":[[[13.000300860436765,50.334627872111504],[13.000300860436765,50.34362107574875],[13.00929406407401,50.34362107574875],[13.00929406407401,50.334627872111504],[13.000300860436765,50.334627872111504]]]}},{"type":"Feature","properties":{"jobs":10,"pop":44,"pointCount":3,"homeWorkCommuteMedian":8956,"workHomeCommuteMedian":173},"geometry":{"type":"Polygon","coordinates":[[[13.000300860436765,50.34362107574875],[13.000300860436765,50.352614279385996],[13.00929406407401,50.352614279385996],[13.00929406407401,50.34362107574875],[13.000300860436765,50.34362107574875]]]}},{"type":"Feature","properties":{"jobs":9,"pop":18,"pointCount":2,"homeWorkCommuteMedian":41268,"workHomeCommuteMedian":81},"geometry":{"type":"Polygon","coordinates":[[[13.00929406407401,50.0018793375334],[13.00929406407401,50.01087254117065],[13.018287267711257,50.01087254117065],[13.018287267711257,50.0018793375334],[13.00929406407401,50.0018793375334]]]}},{"type":"Feature","properties":{"jobs":10,"pop":43,"pointCount":3,"homeWorkCommuteMedian":5803,"workHomeCommuteMedian":290},"geometry":{"type":"Polygon","coordinates":[[[13.00929406407401,50.019865744807895],[13.00929406407401,50.02885894844514],[13.018287267711257,50.02885894844514],[13.018287267711257,50.019865744807895],[13.00929406407401,50.019865744807895]]]}},{"type":"Feature","properties":{"jobs":0,"pop":28,"pointCount":1,"homeWorkCommuteMedian":6363,"workHomeCommuteMedian":-1},"geometry":{"type":"Polygon","coordinates":[[[13.00929406407401,50.154763799366584],[13.00929406407401,50.16375700300383],[13.018287267711257,50.16375700300383],[13.018287267711257,50.154763799366584],[13.00929406407401,50.154763799366584]]]}},{"type":"Feature","properties":{"jobs":0,"pop":10,"pointCount":1,"homeWorkCommuteMedian":18952,"workHomeCommuteMedian":-1},"geometry":{"type":"Polygon","coordinates":[[[13.00929406407401,50.16375700300383],[13.00929406407401,50.172750206641076],[13.018287267711257,50.172750206641076],[13.018287267711257,50.16375700300383],[13.00929406407401,50.16375700300383]]]}},{"type":"Feature","properties":{"jobs":17,"pop":0,"pointCount":1,"homeWorkCommuteMedian":-1,"workHomeCommuteMedian":7254},"geometry":{"type":"Polygon","coordinates":[[[13.00929406407401,50.22670942846455],[13.00929406407401,50.2357026321018],[13.018287267711257,50.2357026321018],[13.018287267711257,50.22670942846455],[13.00929406407401,50.22670942846455]]]}},{"type":"Feature","properties":{"jobs":0,"pop":48,"pointCount":1,"homeWorkCommuteMedian":15058,"workHomeCommuteMedian":-1},"geometry":{"type":"Polygon","coordinates":[[[13.00929406407401,50.25368903937629],[13.00929406407401,50.262682243013536],[13.018287267711257,50.262682243013536],[13.018287267711257,50.25368903937629],[13.00929406407401,50.25368903937629]]]}},{"type":"Feature","properties":{"jobs":17,"pop":82,"pointCount":6,"homeWorkCommuteMedian":15498,"workHomeCommuteMedian":314},"geometry":{"type":"Polygon","coordinates":[[[13.00929406407401,50.28066865028803],[13.00929406407401,50.289661853925274],[13.018287267711257,50.289661853925274],[13.018287267711257,50.28066865028803],[13.00929406407401,50.28066865028803]]]}},{"type":"Feature","properties":{"jobs":10,"pop":0,"pointCount":1,"homeWorkCommuteMedian":-1,"workHomeCommuteMedian":4533},"geometry":{"type":"Polygon","coordinates":[[[13.00929406407401,50.289661853925274],[13.00929406407401,50.29865505756252],[13.018287267711257,50.29865505756252],[13.018287267711257,50.289661853925274],[13.00929406407401,50.289661853925274]]]}},{"type":"Feature","properties":{"jobs":42,"pop":184,"pointCount":5,"homeWorkCommuteMedian":15347,"workHomeCommuteMedian":1544},"geometry":{"type":"Polygon","coordinates":[[[13.00929406407401,50.29865505756252],[13.00929406407401,50.307648261199766],[13.018287267711257,50.307648261199766],[13.018287267711257,50.29865505756252],[13.00929406407401,50.29865505756252]]]}},{"type":"Feature","properties":{"jobs":1,"pop":23,"pointCount":2,"homeWorkCommuteMedian":9491,"workHomeCommuteMedian":130},"geometry":{"type":"Polygon","coordinates":[[[13.00929406407401,50.32563466847426],[13.00929406407401,50.334627872111504],[13.018287267711257,50.334627872111504],[13.018287267711257,50.32563466847426],[13.00929406407401,50.32563466847426]]]}},{"type":"Feature","properties":{"jobs":2,"pop":15,"pointCount":2,"homeWorkCommuteMedian":5419,"workHomeCommuteMedian":336},"geometry":{"type":"Polygon","coordinates":[[[13.018287267711257,50.03785215208239],[13.018287267711257,50.04684535571963],[13.027280471348503,50.04684535571963],[13.027280471348503,50.03785215208239],[13.018287267711257,50.03785215208239]]]}},{"type":"Feature","properties":{"jobs":0,"pop":22,"pointCount":1,"homeWorkCommuteMedian":6245,"workHomeCommuteMedian":-1},"geometry":{"type":"Polygon","coordinates":[[[13.018287267711257,50.10080457754311],[13.018287267711257,50.109797781180355],[13.027280471348503,50.109797781180355],[13.027280471348503,50.10080457754311],[13.018287267711257,50.10080457754311]]]}},{"type":"Feature","properties":{"jobs":2,"pop":0,"pointCount":1,"homeWorkCommuteMedian":-1,"workHomeCommuteMedian":3041},"geometry":{"type":"Polygon","coordinates":[[[13.018287267711257,50.244695835739044],[13.018287267711257,50.25368903937629],[13.027280471348503,50.25368903937629],[13.027280471348503,50.244695835739044],[13.018287267711257,50.244695835739044]]]}},{"type":"Feature","properties":{"jobs":0,"pop":35,"pointCount":2,"homeWorkCommuteMedian":14096,"workHomeCommuteMedian":-1},"geometry":{"type":"Polygon","coordinates":[[[13.018287267711257,50.29865505756252],[13.018287267711257,50.307648261199766],[13.027280471348503,50.307648261199766],[13.027280471348503,50.29865505756252],[13.018287267711257,50.29865505756252]]]}},{"type":"Feature","properties":{"jobs":0,"pop":1,"pointCount":1,"homeWorkCommuteMedian":22598,"workHomeCommuteMedian":-1},"geometry":{"type":"Polygon","coordinates":[[[13.018287267711257,50.34362107574875],[13.018287267711257,50.352614279385996],[13.027280471348503,50.352614279385996],[13.027280471348503,50.34362107574875],[13.018287267711257,50.34362107574875]]]}},{"type":"Feature","properties":{"jobs":22,"pop":21,"pointCount":2,"homeWorkCommuteMedian":7351,"workHomeCommuteMedian":6563},"geometry":{"type":"Polygon","coordinates":[[[13.027280471348503,50.10080457754311],[13.027280471348503,50.109797781180355],[13.036273674985749,50.109797781180355],[13.036273674985749,50.10080457754311],[13.027280471348503,50.10080457754311]]]}},{"type":"Feature","properties":{"jobs":21,"pop":86,"pointCount":5,"homeWorkCommuteMedian":18094,"workHomeCommuteMedian":1745},"geometry":{"type":"Polygon","coordinates":[[[13.027280471348503,50.307648261199766],[13.027280471348503,50.31664146483701],[13.036273674985749,50.31664146483701],[13.036273674985749,50.307648261199766],[13.027280471348503,50.307648261199766]]]}},{"type":"Feature","properties":{"jobs":0,"pop":17,"pointCount":1,"homeWorkCommuteMedian":20642,"workHomeCommuteMedian":-1},"geometry":{"type":"Polygon","coordinates":[[[13.027280471348503,50.352614279385996],[13.027280471348503,50.36160748302324],[13.036273674985749,50.36160748302324],[13.036273674985749,50.352614279385996],[13.027280471348503,50.352614279385996]]]}},{"type":"Feature","properties":{"jobs":0,"pop":27,"pointCount":1,"homeWorkCommuteMedian":36560,"workHomeCommuteMedian":-1},"geometry":{"type":"Polygon","coordinates":[[[13.036273674985749,50.064831762994125],[13.036273674985749,50.07382496663137],[13.045266878622995,50.07382496663137],[13.045266878622995,50.064831762994125],[13.036273674985749,50.064831762994125]]]}},{"type":"Feature","properties":{"jobs":84,"pop":319,"pointCount":9,"homeWorkCommuteMedian":21205,"workHomeCommuteMedian":718},"geometry":{"type":"Polygon","coordinates":[[[13.036273674985749,50.14577059572934],[13.036273674985749,50.154763799366584],[13.045266878622995,50.154763799366584],[13.045266878622995,50.14577059572934],[13.036273674985749,50.14577059572934]]]}},{"type":"Feature","properties":{"jobs":0,"pop":42,"pointCount":1,"homeWorkCommuteMedian":20678,"workHomeCommuteMedian":-1},"geometry":{"type":"Polygon","coordinates":[[[13.036273674985749,50.172750206641076],[13.036273674985749,50.18174341027832],[13.045266878622995,50.18174341027832],[13.045266878622995,50.172750206641076],[13.036273674985749,50.172750206641076]]]}},{"type":"Feature","properties":{"jobs":0,"pop":15,"pointCount":1,"homeWorkCommuteMedian":13940,"workHomeCommuteMedian":-1},"geometry":{"type":"Polygon","coordinates":[[[13.036273674985749,50.29865505756252],[13.036273674985749,50.307648261199766],[13.045266878622995,50.307648261199766],[13.045266878622995,50.29865505756252],[13.036273674985749,50.29865505756252]]]}},{"type":"Feature","properties":{"jobs":0,"pop":10,"pointCount":1,"homeWorkCommuteMedian":31138,"workHomeCommuteMedian":-1},"geometry":{"type":"Polygon","coordinates":[[[13.036273674985749,50.307648261199766],[13.036273674985749,50.31664146483701],[13.045266878622995,50.31664146483701],[13.045266878622995,50.307648261199766],[13.036273674985749,50.307648261199766]]]}},{"type":"Feature","properties":{"jobs":0,"pop":15,"pointCount":1,"homeWorkCommuteMedian":2259,"workHomeCommuteMedian":-1},"geometry":{"type":"Polygon","coordinates":[[[13.036273674985749,50.32563466847426],[13.036273674985749,50.334627872111504],[13.045266878622995,50.334627872111504],[13.045266878622995,50.32563466847426],[13.036273674985749,50.32563466847426]]]}},{"type":"Feature","properties":{"jobs":14,"pop":0,"pointCount":1,"homeWorkCommuteMedian":-1,"workHomeCommuteMedian":4123},"geometry":{"type":"Polygon","coordinates":[[[13.045266878622995,50.1187909848176],[13.045266878622995,50.12778418845485],[13.05426008226024,50.12778418845485],[13.05426008226024,50.1187909848176],[13.045266878622995,50.1187909848176]]]}},{"type":"Feature","properties":{"jobs":142,"pop":262,"pointCount":13,"homeWorkCommuteMedian":19226,"workHomeCommuteMedian":6753},"geometry":{"type":"Polygon","coordinates":[[[13.045266878622995,50.14577059572934],[13.045266878622995,50.154763799366584],[13.05426008226024,50.154763799366584],[13.05426008226024,50.14577059572934],[13.045266878622995,50.14577059572934]]]}},{"type":"Feature","properties":{"jobs":30,"pop":67,"pointCount":5,"homeWorkCommuteMedian":19685,"workHomeCommuteMedian":6919},"geometry":{"type":"Polygon","coordinates":[[[13.045266878622995,50.172750206641076],[13.045266878622995,50.18174341027832],[13.05426008226024,50.18174341027832],[13.05426008226024,50.172750206641076],[13.045266878622995,50.172750206641076]]]}},{"type":"Feature","properties":{"jobs":10,"pop":131,"pointCount":5,"homeWorkCommuteMedian":21656,"workHomeCommuteMedian":360},"geometry":{"type":"Polygon","coordinates":[[[13.045266878622995,50.334627872111504],[13.045266878622995,50.34362107574875],[13.05426008226024,50.34362107574875],[13.05426008226024,50.334627872111504],[13.045266878622995,50.334627872111504]]]}},{"type":"Feature","properties":{"jobs":0,"pop":2,"pointCount":1,"homeWorkCommuteMedian":16751,"workHomeCommuteMedian":-1},"geometry":{"type":"Polygon","coordinates":[[[13.045266878622995,50.37060068666049],[13.045266878622995,50.379593890297734],[13.05426008226024,50.379593890297734],[13.05426008226024,50.37060068666049],[13.045266878622995,50.37060068666049]]]}},{"type":"Feature","properties":{"jobs":0,"pop":11,"pointCount":1,"homeWorkCommuteMedian":26014,"workHomeCommuteMedian":-1},"geometry":{"type":"Polygon","coordinates":[[[13.05426008226024,50.10080457754311],[13.05426008226024,50.109797781180355],[13.063253285897487,50.109797781180355],[13.063253285897487,50.10080457754311],[13.05426008226024,50.10080457754311]]]}},{"type":"Feature","properties":{"jobs":13,"pop":44,"pointCount":4,"homeWorkCommuteMedian":13725,"workHomeCommuteMedian":514},"geometry":{"type":"Polygon","coordinates":[[[13.05426008226024,50.334627872111504],[13.05426008226024,50.34362107574875],[13.063253285897487,50.34362107574875],[13.063253285897487,50.334627872111504],[13.05426008226024,50.334627872111504]]]}},{"type":"Feature","properties":{"jobs":3,"pop":35,"pointCount":3,"homeWorkCommuteMedian":40346,"workHomeCommuteMedian":186},"geometry":{"type":"Polygon","coordinates":[[[13.063253285897487,50.03785215208239],[13.063253285897487,50.04684535571963],[13.072246489534733,50.04684535571963],[13.072246489534733,50.03785215208239],[13.063253285897487,50.03785215208239]]]}},{"type":"Feature","properties":{"jobs":0,"pop":18,"pointCount":1,"homeWorkCommuteMedian":38133,"workHomeCommuteMedian":-1},"geometry":{"type":"Polygon","coordinates":[[[13.063253285897487,50.05583855935688],[13.063253285897487,50.064831762994125],[13.072246489534733,50.064831762994125],[13.072246489534733,50.05583855935688],[13.063253285897487,50.05583855935688]]]}},{"type":"Feature","properties":{"jobs":15,"pop":0,"pointCount":1,"homeWorkCommuteMedian":-1,"workHomeCommuteMedian":2259},"geometry":{"type":"Polygon","coordinates":[[[13.063253285897487,50.334627872111504],[13.063253285897487,50.34362107574875],[13.072246489534733,50.34362107574875],[13.072246489534733,50.334627872111504],[13.063253285897487,50.334627872111504]]]}},{"type":"Feature","properties":{"jobs":0,"pop":1,"pointCount":1,"homeWorkCommuteMedian":23955,"workHomeCommuteMedian":-1},"geometry":{"type":"Polygon","coordinates":[[[13.063253285897487,50.379593890297734],[13.063253285897487,50.38858709393498],[13.072246489534733,50.38858709393498],[13.072246489534733,50.379593890297734],[13.063253285897487,50.379593890297734]]]}},{"type":"Feature","properties":{"jobs":17,"pop":0,"pointCount":1,"homeWorkCommuteMedian":-1,"workHomeCommuteMedian":7004},"geometry":{"type":"Polygon","coordinates":[[[13.072246489534733,50.109797781180355],[13.072246489534733,50.1187909848176],[13.081239693171979,50.1187909848176],[13.081239693171979,50.109797781180355],[13.072246489534733,50.109797781180355]]]}},{"type":"Feature","properties":{"jobs":8,"pop":0,"pointCount":1,"homeWorkCommuteMedian":-1,"workHomeCommuteMedian":5560},"geometry":{"type":"Polygon","coordinates":[[[13.072246489534733,50.334627872111504],[13.072246489534733,50.34362107574875],[13.081239693171979,50.34362107574875],[13.081239693171979,50.334627872111504],[13.072246489534733,50.334627872111504]]]}},{"type":"Feature","properties":{"jobs":10,"pop":52,"pointCount":3,"homeWorkCommuteMedian":24382,"workHomeCommuteMedian":317},"geometry":{"type":"Polygon","coordinates":[[[13.081239693171979,50.12778418845485],[13.081239693171979,50.13677739209209],[13.090232896809225,50.13677739209209],[13.090232896809225,50.12778418845485],[13.081239693171979,50.12778418845485]]]}},{"type":"Feature","properties":{"jobs":0,"pop":24,"pointCount":2,"homeWorkCommuteMedian":23483,"workHomeCommuteMedian":-1},"geometry":{"type":"Polygon","coordinates":[[[13.081239693171979,50.154763799366584],[13.081239693171979,50.16375700300383],[13.090232896809225,50.16375700300383],[13.090232896809225,50.154763799366584],[13.081239693171979,50.154763799366584]]]}},{"type":"Feature","properties":{"jobs":0,"pop":8,"pointCount":1,"homeWorkCommuteMedian":5560,"workHomeCommuteMedian":-1},"geometry":{"type":"Polygon","coordinates":[[[13.081239693171979,50.352614279385996],[13.081239693171979,50.36160748302324],[13.090232896809225,50.36160748302324],[13.090232896809225,50.352614279385996],[13.081239693171979,50.352614279385996]]]}},{"type":"Feature","properties":{"jobs":0,"pop":33,"pointCount":1,"homeWorkCommuteMedian":17143,"workHomeCommuteMedian":-1},"geometry":{"type":"Polygon","coordinates":[[[13.081239693171979,50.36160748302324],[13.081239693171979,50.37060068666049],[13.090232896809225,50.37060068666049],[13.090232896809225,50.36160748302324],[13.081239693171979,50.36160748302324]]]}},{"type":"Feature","properties":{"jobs":15,"pop":0,"pointCount":1,"homeWorkCommuteMedian":-1,"workHomeCommuteMedian":12042},"geometry":{"type":"Polygon","coordinates":[[[13.090232896809225,50.09181137390586],[13.090232896809225,50.10080457754311],[13.09922610044647,50.10080457754311],[13.09922610044647,50.09181137390586],[13.090232896809225,50.09181137390586]]]}},{"type":"Feature","properties":{"jobs":0,"pop":3,"pointCount":1,"homeWorkCommuteMedian":29174,"workHomeCommuteMedian":-1},"geometry":{"type":"Polygon","coordinates":[[[13.090232896809225,50.37060068666049],[13.090232896809225,50.379593890297734],[13.09922610044647,50.379593890297734],[13.09922610044647,50.37060068666049],[13.090232896809225,50.37060068666049]]]}},{"type":"Feature","properties":{"jobs":0,"pop":20,"pointCount":1,"homeWorkCommuteMedian":41318,"workHomeCommuteMedian":-1},"geometry":{"type":"Polygon","coordinates":[[[13.09922610044647,50.02885894844514],[13.09922610044647,50.03785215208239],[13.108219304083716,50.03785215208239],[13.108219304083716,50.02885894844514],[13.09922610044647,50.02885894844514]]]}},{"type":"Feature","properties":{"jobs":5,"pop":37,"pointCount":3,"homeWorkCommuteMedian":9385,"workHomeCommuteMedian":61},"geometry":{"type":"Polygon","coordinates":[[[13.09922610044647,50.05583855935688],[13.09922610044647,50.064831762994125],[13.108219304083716,50.064831762994125],[13.108219304083716,50.05583855935688],[13.09922610044647,50.05583855935688]]]}},{"type":"Feature","properties":{"jobs":10,"pop":108,"pointCount":6,"homeWorkCommuteMedian":11177,"workHomeCommuteMedian":993},"geometry":{"type":"Polygon","coordinates":[[[13.108219304083716,50.05583855935688],[13.108219304083716,50.064831762994125],[13.117212507720962,50.064831762994125],[13.117212507720962,50.05583855935688],[13.108219304083716,50.05583855935688]]]}},{"type":"Feature","properties":{"jobs":12,"pop":0,"pointCount":1,"homeWorkCommuteMedian":-1,"workHomeCommuteMedian":2171},"geometry":{"type":"Polygon","coordinates":[[[13.108219304083716,50.07382496663137],[13.108219304083716,50.08281817026862],[13.117212507720962,50.08281817026862],[13.117212507720962,50.07382496663137],[13.108219304083716,50.07382496663137]]]}},{"type":"Feature","properties":{"jobs":0,"pop":15,"pointCount":1,"homeWorkCommuteMedian":30486,"workHomeCommuteMedian":-1},"geometry":{"type":"Polygon","coordinates":[[[13.108219304083716,50.109797781180355],[13.108219304083716,50.1187909848176],[13.117212507720962,50.1187909848176],[13.117212507720962,50.109797781180355],[13.108219304083716,50.109797781180355]]]}},{"type":"Feature","properties":{"jobs":31,"pop":0,"pointCount":1,"homeWorkCommuteMedian":-1,"workHomeCommuteMedian":7058},"geometry":{"type":"Polygon","coordinates":[[[13.117212507720962,50.04684535571963],[13.117212507720962,50.05583855935688],[13.126205711358208,50.05583855935688],[13.126205711358208,50.04684535571963],[13.117212507720962,50.04684535571963]]]}},{"type":"Feature","properties":{"jobs":0,"pop":12,"pointCount":1,"homeWorkCommuteMedian":26009,"workHomeCommuteMedian":-1},"geometry":{"type":"Polygon","coordinates":[[[13.117212507720962,50.13677739209209],[13.117212507720962,50.14577059572934],[13.126205711358208,50.14577059572934],[13.126205711358208,50.13677739209209],[13.117212507720962,50.13677739209209]]]}},{"type":"Feature","properties":{"jobs":30,"pop":0,"pointCount":1,"homeWorkCommuteMedian":-1,"workHomeCommuteMedian":7354},"geometry":{"type":"Polygon","coordinates":[[[13.126205711358208,50.08281817026862],[13.126205711358208,50.09181137390586],[13.135198914995454,50.09181137390586],[13.135198914995454,50.08281817026862],[13.126205711358208,50.08281817026862]]]}},{"type":"Feature","properties":{"jobs":0,"pop":15,"pointCount":1,"homeWorkCommuteMedian":21000,"workHomeCommuteMedian":-1},"geometry":{"type":"Polygon","coordinates":[[[13.126205711358208,50.09181137390586],[13.126205711358208,50.10080457754311],[13.135198914995454,50.10080457754311],[13.135198914995454,50.09181137390586],[13.126205711358208,50.09181137390586]]]}},{"type":"Feature","properties":{"jobs":0,"pop":31,"pointCount":2,"homeWorkCommuteMedian":13274,"workHomeCommuteMedian":-1},"geometry":{"type":"Polygon","coordinates":[[[13.135198914995454,50.02885894844514],[13.135198914995454,50.03785215208239],[13.1441921186327,50.03785215208239],[13.1441921186327,50.02885894844514],[13.135198914995454,50.02885894844514]]]}},{"type":"Feature","properties":{"jobs":0,"pop":10,"pointCount":1,"homeWorkCommuteMedian":1746,"workHomeCommuteMedian":-1},"geometry":{"type":"Polygon","coordinates":[[[13.135198914995454,50.04684535571963],[13.135198914995454,50.05583855935688],[13.1441921186327,50.05583855935688],[13.1441921186327,50.04684535571963],[13.135198914995454,50.04684535571963]]]}},{"type":"Feature","properties":{"jobs":0,"pop":12,"pointCount":1,"homeWorkCommuteMedian":39719,"workHomeCommuteMedian":-1},"geometry":{"type":"Polygon","coordinates":[[[13.135198914995454,50.064831762994125],[13.135198914995454,50.07382496663137],[13.1441921186327,50.07382496663137],[13.1441921186327,50.064831762994125],[13.135198914995454,50.064831762994125]]]}},{"type":"Feature","properties":{"jobs":0,"pop":20,"pointCount":1,"homeWorkCommuteMedian":27888,"workHomeCommuteMedian":-1},"geometry":{"type":"Polygon","coordinates":[[[13.135198914995454,50.109797781180355],[13.135198914995454,50.1187909848176],[13.1441921186327,50.1187909848176],[13.1441921186327,50.109797781180355],[13.135198914995454,50.109797781180355]]]}},{"type":"Feature","properties":{"jobs":10,"pop":0,"pointCount":1,"homeWorkCommuteMedian":-1,"workHomeCommuteMedian":306},"geometry":{"type":"Polygon","coordinates":[[[13.135198914995454,50.1187909848176],[13.135198914995454,50.12778418845485],[13.1441921186327,50.12778418845485],[13.1441921186327,50.1187909848176],[13.135198914995454,50.1187909848176]]]}},{"type":"Feature","properties":{"jobs":5,"pop":0,"pointCount":1,"homeWorkCommuteMedian":-1,"workHomeCommuteMedian":141},"geometry":{"type":"Polygon","coordinates":[[[13.1441921186327,50.064831762994125],[13.1441921186327,50.07382496663137],[13.153185322269946,50.07382496663137],[13.153185322269946,50.064831762994125],[13.1441921186327,50.064831762994125]]]}},{"type":"Feature","properties":{"jobs":0,"pop":11,"pointCount":1,"homeWorkCommuteMedian":50909,"workHomeCommuteMedian":-1},"geometry":{"type":"Polygon","coordinates":[[[13.1441921186327,50.13677739209209],[13.1441921186327,50.14577059572934],[13.153185322269946,50.14577059572934],[13.153185322269946,50.13677739209209],[13.1441921186327,50.13677739209209]]]}},{"type":"Feature","properties":{"jobs":0,"pop":29,"pointCount":2,"homeWorkCommuteMedian":29650,"workHomeCommuteMedian":-1},"geometry":{"type":"Polygon","coordinates":[[[13.1441921186327,50.154763799366584],[13.1441921186327,50.16375700300383],[13.153185322269946,50.16375700300383],[13.153185322269946,50.154763799366584],[13.1441921186327,50.154763799366584]]]}},{"type":"Feature","properties":{"jobs":109,"pop":357,"pointCount":15,"homeWorkCommuteMedian":29286,"workHomeCommuteMedian":7639},"geometry":{"type":"Polygon","coordinates":[[[13.153185322269946,50.08281817026862],[13.153185322269946,50.09181137390586],[13.162178525907192,50.09181137390586],[13.162178525907192,50.08281817026862],[13.153185322269946,50.08281817026862]]]}},{"type":"Feature","properties":{"jobs":256,"pop":101,"pointCount":9,"homeWorkCommuteMedian":28279,"workHomeCommuteMedian":5298},"geometry":{"type":"Polygon","coordinates":[[[13.153185322269946,50.09181137390586],[13.153185322269946,50.10080457754311],[13.162178525907192,50.10080457754311],[13.162178525907192,50.09181137390586],[13.153185322269946,50.09181137390586]]]}},{"type":"Feature","properties":{"jobs":27,"pop":48,"pointCount":4,"homeWorkCommuteMedian":37435,"workHomeCommuteMedian":1746},"geometry":{"type":"Polygon","coordinates":[[[13.162178525907192,50.04684535571963],[13.162178525907192,50.05583855935688],[13.171171729544438,50.05583855935688],[13.171171729544438,50.04684535571963],[13.162178525907192,50.04684535571963]]]}},{"type":"Feature","properties":{"jobs":142,"pop":525,"pointCount":19,"homeWorkCommuteMedian":32609,"workHomeCommuteMedian":5436},"geometry":{"type":"Polygon","coordinates":[[[13.162178525907192,50.08281817026862],[13.162178525907192,50.09181137390586],[13.171171729544438,50.09181137390586],[13.171171729544438,50.08281817026862],[13.162178525907192,50.08281817026862]]]}},{"type":"Feature","properties":{"jobs":12,"pop":47,"pointCount":3,"homeWorkCommuteMedian":33042,"workHomeCommuteMedian":18952},"geometry":{"type":"Polygon","coordinates":[[[13.162178525907192,50.09181137390586],[13.162178525907192,50.10080457754311],[13.171171729544438,50.10080457754311],[13.171171729544438,50.09181137390586],[13.162178525907192,50.09181137390586]]]}},{"type":"Feature","properties":{"jobs":0,"pop":26,"pointCount":2,"homeWorkCommuteMedian":5298,"workHomeCommuteMedian":-1},"geometry":{"type":"Polygon","coordinates":[[[13.162178525907192,50.1187909848176],[13.162178525907192,50.12778418845485],[13.171171729544438,50.12778418845485],[13.171171729544438,50.1187909848176],[13.162178525907192,50.1187909848176]]]}},{"type":"Feature","properties":{"jobs":2,"pop":48,"pointCount":2,"homeWorkCommuteMedian":24449,"workHomeCommuteMedian":405},"geometry":{"type":"Polygon","coordinates":[[[13.162178525907192,50.16375700300383],[13.162178525907192,50.172750206641076],[13.171171729544438,50.172750206641076],[13.171171729544438,50.16375700300383],[13.162178525907192,50.16375700300383]]]}},{"type":"Feature","properties":{"jobs":28,"pop":5,"pointCount":2,"homeWorkCommuteMedian":301,"workHomeCommuteMedian":4367},"geometry":{"type":"Polygon","coordinates":[[[13.171171729544438,50.04684535571963],[13.171171729544438,50.05583855935688],[13.180164933181684,50.05583855935688],[13.180164933181684,50.04684535571963],[13.171171729544438,50.04684535571963]]]}},{"type":"Feature","properties":{"jobs":0,"pop":14,"pointCount":1,"homeWorkCommuteMedian":76289,"workHomeCommuteMedian":-1},"geometry":{"type":"Polygon","coordinates":[[[13.171171729544438,50.064831762994125],[13.171171729544438,50.07382496663137],[13.180164933181684,50.07382496663137],[13.180164933181684,50.064831762994125],[13.171171729544438,50.064831762994125]]]}},{"type":"Feature","properties":{"jobs":20,"pop":0,"pointCount":1,"homeWorkCommuteMedian":-1,"workHomeCommuteMedian":1460},"geometry":{"type":"Polygon","coordinates":[[[13.171171729544438,50.08281817026862],[13.171171729544438,50.09181137390586],[13.180164933181684,50.09181137390586],[13.180164933181684,50.08281817026862],[13.171171729544438,50.08281817026862]]]}},{"type":"Feature","properties":{"jobs":10,"pop":28,"pointCount":2,"homeWorkCommuteMedian":29863,"workHomeCommuteMedian":171},"geometry":{"type":"Polygon","coordinates":[[[13.171171729544438,50.1187909848176],[13.171171729544438,50.12778418845485],[13.180164933181684,50.12778418845485],[13.180164933181684,50.1187909848176],[13.171171729544438,50.1187909848176]]]}},{"type":"Feature","properties":{"jobs":59,"pop":101,"pointCount":6,"homeWorkCommuteMedian":30310,"workHomeCommuteMedian":4046},"geometry":{"type":"Polygon","coordinates":[[[13.171171729544438,50.13677739209209],[13.171171729544438,50.14577059572934],[13.180164933181684,50.14577059572934],[13.180164933181684,50.13677739209209],[13.171171729544438,50.13677739209209]]]}},{"type":"Feature","properties":{"jobs":10,"pop":0,"pointCount":1,"homeWorkCommuteMedian":-1,"workHomeCommuteMedian":749},"geometry":{"type":"Polygon","coordinates":[[[13.171171729544438,50.14577059572934],[13.171171729544438,50.154763799366584],[13.180164933181684,50.154763799366584],[13.180164933181684,50.14577059572934],[13.171171729544438,50.14577059572934]]]}},{"type":"Feature","properties":{"jobs":0,"pop":4,"pointCount":1,"homeWorkCommuteMedian":36795,"workHomeCommuteMedian":-1},"geometry":{"type":"Polygon","coordinates":[[[13.180164933181684,50.109797781180355],[13.180164933181684,50.1187909848176],[13.18915813681893,50.1187909848176],[13.18915813681893,50.109797781180355],[13.180164933181684,50.109797781180355]]]}},{"type":"Feature","properties":{"jobs":0,"pop":19,"pointCount":1,"homeWorkCommuteMedian":32148,"workHomeCommuteMedian":-1},"geometry":{"type":"Polygon","coordinates":[[[13.180164933181684,50.13677739209209],[13.180164933181684,50.14577059572934],[13.18915813681893,50.14577059572934],[13.18915813681893,50.13677739209209],[13.180164933181684,50.13677739209209]]]}},{"type":"Feature","properties":{"jobs":0,"pop":97,"pointCount":4,"homeWorkCommuteMedian":18282,"workHomeCommuteMedian":-1},"geometry":{"type":"Polygon","coordinates":[[[13.198151340456176,50.03785215208239],[13.198151340456176,50.04684535571963],[13.207144544093422,50.04684535571963],[13.207144544093422,50.03785215208239],[13.198151340456176,50.03785215208239]]]}},{"type":"Feature","properties":{"jobs":0,"pop":15,"pointCount":1,"homeWorkCommuteMedian":30803,"workHomeCommuteMedian":-1},"geometry":{"type":"Polygon","coordinates":[[[13.198151340456176,50.154763799366584],[13.198151340456176,50.16375700300383],[13.207144544093422,50.16375700300383],[13.207144544093422,50.154763799366584],[13.198151340456176,50.154763799366584]]]}},{"type":"Feature","properties":{"jobs":0,"pop":18,"pointCount":1,"homeWorkCommuteMedian":43197,"workHomeCommuteMedian":-1},"geometry":{"type":"Polygon","coordinates":[[[13.207144544093422,50.01087254117065],[13.207144544093422,50.019865744807895],[13.216137747730668,50.019865744807895],[13.216137747730668,50.01087254117065],[13.207144544093422,50.01087254117065]]]}},{"type":"Feature","properties":{"jobs":4,"pop":0,"pointCount":1,"homeWorkCommuteMedian":-1,"workHomeCommuteMedian":226},"geometry":{"type":"Polygon","coordinates":[[[13.207144544093422,50.02885894844514],[13.207144544093422,50.03785215208239],[13.216137747730668,50.03785215208239],[13.216137747730668,50.02885894844514],[13.207144544093422,50.02885894844514]]]}},{"type":"Feature","properties":{"jobs":13,"pop":49,"pointCount":2,"homeWorkCommuteMedian":39459,"workHomeCommuteMedian":6486},"geometry":{"type":"Polygon","coordinates":[[[13.207144544093422,50.09181137390586],[13.207144544093422,50.10080457754311],[13.216137747730668,50.10080457754311],[13.216137747730668,50.09181137390586],[13.207144544093422,50.09181137390586]]]}},{"type":"Feature","properties":{"jobs":0,"pop":11,"pointCount":1,"homeWorkCommuteMedian":55163,"workHomeCommuteMedian":-1},"geometry":{"type":"Polygon","coordinates":[[[13.216137747730668,50.04684535571963],[13.216137747730668,50.05583855935688],[13.225130951367914,50.05583855935688],[13.225130951367914,50.04684535571963],[13.216137747730668,50.04684535571963]]]}},{"type":"Feature","properties":{"jobs":27,"pop":20,"pointCount":2,"homeWorkCommuteMedian":7639,"workHomeCommuteMedian":3793},"geometry":{"type":"Polygon","coordinates":[[[13.216137747730668,50.1187909848176],[13.216137747730668,50.12778418845485],[13.225130951367914,50.12778418845485],[13.225130951367914,50.1187909848176],[13.216137747730668,50.1187909848176]]]}},{"type":"Feature","properties":{"jobs":0,"pop":20,"pointCount":1,"homeWorkCommuteMedian":40331,"workHomeCommuteMedian":-1},"geometry":{"type":"Polygon","coordinates":[[[13.225130951367914,50.05583855935688],[13.225130951367914,50.064831762994125],[13.23412415500516,50.064831762994125],[13.23412415500516,50.05583855935688],[13.225130951367914,50.05583855935688]]]}},{"type":"Feature","properties":{"jobs":0,"pop":19,"pointCount":1,"homeWorkCommuteMedian":41852,"workHomeCommuteMedian":-1},"geometry":{"type":"Polygon","coordinates":[[[13.225130951367914,50.12778418845485],[13.225130951367914,50.13677739209209],[13.23412415500516,50.13677739209209],[13.23412415500516,50.12778418845485],[13.225130951367914,50.12778418845485]]]}},{"type":"Feature","properties":{"jobs":0,"pop":32,"pointCount":2,"homeWorkCommuteMedian":39617,"workHomeCommuteMedian":-1},"geometry":{"type":"Polygon","coordinates":[[[13.225130951367914,50.14577059572934],[13.225130951367914,50.154763799366584],[13.23412415500516,50.154763799366584],[13.23412415500516,50.14577059572934],[13.225130951367914,50.14577059572934]]]}},{"type":"Feature","properties":{"jobs":11,"pop":0,"pointCount":1,"homeWorkCommuteMedian":-1,"workHomeCommuteMedian":5086},"geometry":{"type":"Polygon","coordinates":[[[13.23412415500516,50.07382496663137],[13.23412415500516,50.08281817026862],[13.243117358642406,50.08281817026862],[13.243117358642406,50.07382496663137],[13.23412415500516,50.07382496663137]]]}},{"type":"Feature","properties":{"jobs":19,"pop":0,"pointCount":1,"homeWorkCommuteMedian":-1,"workHomeCommuteMedian":1067},"geometry":{"type":"Polygon","coordinates":[[[13.23412415500516,50.10080457754311],[13.23412415500516,50.109797781180355],[13.243117358642406,50.109797781180355],[13.243117358642406,50.10080457754311],[13.23412415500516,50.10080457754311]]]}},{"type":"Feature","properties":{"jobs":15,"pop":28,"pointCount":2,"homeWorkCommuteMedian":6295,"workHomeCommuteMedian":181},"geometry":{"type":"Polygon","coordinates":[[[13.23412415500516,50.14577059572934],[13.23412415500516,50.154763799366584],[13.243117358642406,50.154763799366584],[13.243117358642406,50.14577059572934],[13.23412415500516,50.14577059572934]]]}},{"type":"Feature","properties":{"jobs":0,"pop":12,"pointCount":1,"homeWorkCommuteMedian":42393,"workHomeCommuteMedian":-1},"geometry":{"type":"Polygon","coordinates":[[[13.243117358642406,50.07382496663137],[13.243117358642406,50.08281817026862],[13.252110562279652,50.08281817026862],[13.252110562279652,50.07382496663137],[13.243117358642406,50.07382496663137]]]}},{"type":"Feature","properties":{"jobs":100,"pop":152,"pointCount":10,"homeWorkCommuteMedian":37629,"workHomeCommuteMedian":8933},"geometry":{"type":"Polygon","coordinates":[[[13.243117358642406,50.10080457754311],[13.243117358642406,50.109797781180355],[13.252110562279652,50.109797781180355],[13.252110562279652,50.10080457754311],[13.243117358642406,50.10080457754311]]]}},{"type":"Feature","properties":{"jobs":29,"pop":10,"pointCount":2,"homeWorkCommuteMedian":40717,"workHomeCommuteMedian":57388},"geometry":{"type":"Polygon","coordinates":[[[13.243117358642406,50.172750206641076],[13.243117358642406,50.18174341027832],[13.252110562279652,50.18174341027832],[13.252110562279652,50.172750206641076],[13.243117358642406,50.172750206641076]]]}},{"type":"Feature","properties":{"jobs":14,"pop":90,"pointCount":4,"homeWorkCommuteMedian":10651,"workHomeCommuteMedian":10147},"geometry":{"type":"Polygon","coordinates":[[[13.252110562279652,50.10080457754311],[13.252110562279652,50.109797781180355],[13.261103765916898,50.109797781180355],[13.261103765916898,50.10080457754311],[13.252110562279652,50.10080457754311]]]}},{"type":"Feature","properties":{"jobs":6,"pop":39,"pointCount":4,"homeWorkCommuteMedian":1182,"workHomeCommuteMedian":189},"geometry":{"type":"Polygon","coordinates":[[[13.252110562279652,50.16375700300383],[13.252110562279652,50.172750206641076],[13.261103765916898,50.172750206641076],[13.261103765916898,50.16375700300383],[13.252110562279652,50.16375700300383]]]}},{"type":"Feature","properties":{"jobs":0,"pop":64,"pointCount":3,"homeWorkCommuteMedian":41889,"workHomeCommuteMedian":-1},"geometry":{"type":"Polygon","coordinates":[[[13.252110562279652,50.172750206641076],[13.252110562279652,50.18174341027832],[13.261103765916898,50.18174341027832],[13.261103765916898,50.172750206641076],[13.252110562279652,50.172750206641076]]]}},{"type":"Feature","properties":{"jobs":0,"pop":13,"pointCount":1,"homeWorkCommuteMedian":12401,"workHomeCommuteMedian":-1},"geometry":{"type":"Polygon","coordinates":[[[13.261103765916898,50.109797781180355],[13.261103765916898,50.1187909848176],[13.270096969554144,50.1187909848176],[13.270096969554144,50.109797781180355],[13.261103765916898,50.109797781180355]]]}},{"type":"Feature","properties":{"jobs":0,"pop":14,"pointCount":1,"homeWorkCommuteMedian":55168,"workHomeCommuteMedian":-1},"geometry":{"type":"Polygon","coordinates":[[[13.261103765916898,50.14577059572934],[13.261103765916898,50.154763799366584],[13.270096969554144,50.154763799366584],[13.270096969554144,50.14577059572934],[13.261103765916898,50.14577059572934]]]}},{"type":"Feature","properties":{"jobs":43,"pop":0,"pointCount":1,"homeWorkCommuteMedian":-1,"workHomeCommuteMedian":10651},"geometry":{"type":"Polygon","coordinates":[[[13.261103765916898,50.16375700300383],[13.261103765916898,50.172750206641076],[13.270096969554144,50.172750206641076],[13.270096969554144,50.16375700300383],[13.261103765916898,50.16375700300383]]]}}],"properties":{"residentWeightedNearestNeighborKm":{"p10":0.06079158837100164,"p25":0.0743300762473593,"p50":0.10011790887216086,"p75":0.12886826551470135,"p90":0.16176650428321726,"mean":0.12230711977433074},"workerWeightedNearestNeighborKm":{"p10":0.06789178922743062,"p25":0.08943336586067267,"p50":0.11651382794642566,"p75":0.17604964937056594,"p90":0.2537169742069645,"mean":0.1542534425986542},"commuteDistanceKm":{"p10":990,"p25":2359,"p50":6486,"p75":16278,"p90":30310,"mean":11540.009845579852},"residentCellDensity":{"p10":11,"p25":20,"p50":50,"p75":135,"p90":433,"mean":180.272030651341},"workerCellDensity":{"p10":7,"p25":11,"p50":29,"p75":121,"p90":488,"mean":207.27859237536657},"detail":{"radiusKm":0.10800518880445918,"expectedPointSpacingKm":0.49232786777559373,"normalizedRadius":0.21937654939672976,"activityPerPoint":35.0207972270364,"playableAreaKm2":2328,"playableAreaPerPointKm2":0.5763802921515226,"playableCatchmentRadiusKm":0.4283311163029499,"localityScore":1,"deaggregationScore":1,"score":1},"polycentrism":{"activity":{"score":0.8863401880356315,"continuousScore":0.9039327701886968,"detectedCenterCount":4,"effectiveCenterCount":2.9828943628326114,"largestCenterShare":0.487992138509286,"bandwidthKm":1.3,"reliabilityScore":1,"supportLevel":"high","usedFallback":false,"topCenters":[{"longitude":12.869095564248067,"latitude":50.246117847841774,"massShare":0.487992138509286,"assignedMass":138052,"assignedPointCount":1764,"prominenceRatio":1},{"longitude":12.631060382883199,"latitude":50.19492697680807,"massShare":0.23548770228138763,"assignedMass":66619,"assignedPointCount":1084,"prominenceRatio":1},{"longitude":12.370525664017306,"latitude":50.09553783160555,"massShare":0.17962657919108654,"assignedMass":50816,"assignedPointCount":697,"prominenceRatio":1},{"longitude":12.706701177303392,"latitude":49.97104586362926,"massShare":0.09689358001823979,"assignedMass":27411,"assignedPointCount":494,"prominenceRatio":1}],"debug":{"rawPeakCount":107,"mergedPeakCount":52,"filteredPeakCount":4,"prominenceThreshold":0.22,"minPointsPerCenter":10,"rejectedCenters":[{"longitude":12.948785059631783,"latitude":50.30745502091363,"massShare":0.0664409080304562,"assignedMass":18796,"assignedPointCount":172,"prominenceRatio":0.9999999999999275,"strongestCompetitorDistanceKm":10.27803105950412,"strongestCompetitorPotential":35666.18077267578,"localConsolidatedShare":0.0664409080304562,"localConsolidatedMass":18796,"localContributorCount":1,"localContributorDistancesKm":[],"rejectionReasons":["not_dominant_local_peak","too_close_for_low_share_center"]},{"longitude":12.747242009879066,"latitude":50.243617786915074,"massShare":0.06235109474086066,"assignedMass":17639,"assignedPointCount":239,"prominenceRatio":0.9999999997208122,"strongestCompetitorDistanceKm":8.877215050869962,"strongestCompetitorPotential":35666.18077267578,"localConsolidatedShare":0.06235109474086066,"localConsolidatedMass":17639,"localContributorCount":1,"localContributorDistancesKm":[],"rejectionReasons":["not_dominant_local_peak","too_close_for_low_share_center"]},{"longitude":12.731185230023696,"latitude":50.32201357457735,"massShare":0.03437988250182045,"assignedMass":9726,"assignedPointCount":136,"prominenceRatio":1,"strongestCompetitorDistanceKm":14.164301083651122,"strongestCompetitorPotential":35666.18077267578,"localConsolidatedShare":0.03437988250182045,"localConsolidatedMass":9726,"localContributorCount":1,"localContributorDistancesKm":[],"rejectionReasons":["below_secondary_share_floor"]},{"longitude":12.351349070312958,"latitude":50.122242984524206,"massShare":0.02921547695635883,"assignedMass":8265,"assignedPointCount":148,"prominenceRatio":0.9989477265384199,"strongestCompetitorDistanceKm":5.226486285506868,"strongestCompetitorPotential":23572.781784792587,"localConsolidatedShare":0.02921547695635883,"localConsolidatedMass":8265,"localContributorCount":1,"localContributorDistancesKm":[],"rejectionReasons":["below_secondary_share_floor"]},{"longitude":12.799178833315,"latitude":50.13303737216089,"massShare":0.02086971275866213,"assignedMass":5904,"assignedPointCount":97,"prominenceRatio":1,"strongestCompetitorDistanceKm":11.491661854232978,"strongestCompetitorPotential":21441.270485824356,"localConsolidatedShare":0.02086971275866213,"localConsolidatedMass":5904,"localContributorCount":1,"localContributorDistancesKm":[],"rejectionReasons":["below_secondary_share_floor"]},{"longitude":12.509930402348113,"latitude":50.33378297904125,"massShare":0.020410183175561508,"assignedMass":5774,"assignedPointCount":105,"prominenceRatio":1,"strongestCompetitorDistanceKm":19.778807753985262,"strongestCompetitorPotential":21441.270485824356,"localConsolidatedShare":0.020410183175561508,"localConsolidatedMass":5774,"localContributorCount":1,"localContributorDistancesKm":[],"rejectionReasons":["below_secondary_share_floor"]},{"longitude":12.53424877724343,"latitude":50.121585544951,"massShare":0.020123860896860354,"assignedMass":5693,"assignedPointCount":160,"prominenceRatio":0.9999999999999766,"strongestCompetitorDistanceKm":10.599192676819966,"strongestCompetitorPotential":21441.270485824356,"localConsolidatedShare":0.020123860896860354,"localConsolidatedMass":5693,"localContributorCount":1,"localContributorDistancesKm":[],"rejectionReasons":["below_secondary_share_floor"]},{"longitude":12.747883677044571,"latitude":50.1927350005424,"massShare":0.01525284731599375,"assignedMass":4315,"assignedPointCount":104,"prominenceRatio":0.9999983571209508,"strongestCompetitorDistanceKm":7.1909193486999925,"strongestCompetitorPotential":21441.270485824356,"localConsolidatedShare":0.01525284731599375,"localConsolidatedMass":4315,"localContributorCount":1,"localContributorDistancesKm":[],"rejectionReasons":["below_secondary_share_floor"]},{"longitude":12.553315816719758,"latitude":50.185408731138686,"massShare":0.017253568423954924,"assignedMass":4881,"assignedPointCount":133,"prominenceRatio":0.9999974681747403,"strongestCompetitorDistanceKm":7.100840574495381,"strongestCompetitorPotential":21441.270485824356,"localConsolidatedShare":0.017253568423954924,"localConsolidatedMass":4881,"localContributorCount":1,"localContributorDistancesKm":[],"rejectionReasons":["below_secondary_share_floor"]},{"longitude":12.979891141483188,"latitude":50.06005316792097,"massShare":0.013870723723744954,"assignedMass":3924,"assignedPointCount":78,"prominenceRatio":1,"strongestCompetitorDistanceKm":20.950810530074634,"strongestCompetitorPotential":35666.18077267578,"localConsolidatedShare":0.013870723723744954,"localConsolidatedMass":3924,"localContributorCount":1,"localContributorDistancesKm":[],"rejectionReasons":["below_secondary_share_floor"]},{"longitude":12.924845354583613,"latitude":50.36408271116442,"massShare":0.01119131276997363,"assignedMass":3166,"assignedPointCount":49,"prominenceRatio":1,"strongestCompetitorDistanceKm":15.277377254381337,"strongestCompetitorPotential":35666.18077267578,"localConsolidatedShare":0.01119131276997363,"localConsolidatedMass":3166,"localContributorCount":1,"localContributorDistancesKm":[],"rejectionReasons":["below_secondary_share_floor"]},{"longitude":12.362203658516366,"latitude":50.17261034376888,"massShare":0.007592842650001061,"assignedMass":2148,"assignedPointCount":61,"prominenceRatio":0.999999999999814,"strongestCompetitorDistanceKm":10.394737928932782,"strongestCompetitorPotential":23572.781784792587,"localConsolidatedShare":0.007592842650001061,"localConsolidatedMass":2148,"localContributorCount":1,"localContributorDistancesKm":[],"rejectionReasons":["below_secondary_share_floor"]},{"longitude":13.161128820748644,"latitude":50.08986042299048,"massShare":0.00636625214741709,"assignedMass":1801,"assignedPointCount":60,"prominenceRatio":1,"strongestCompetitorDistanceKm":26.072867621459977,"strongestCompetitorPotential":35666.18077267578,"localConsolidatedShare":0.00636625214741709,"localConsolidatedMass":1801,"localContributorCount":1,"localContributorDistancesKm":[],"rejectionReasons":["below_secondary_share_floor"]},{"longitude":12.569367465087508,"latitude":50.30100149250686,"massShare":0.007790793855029021,"assignedMass":2204,"assignedPointCount":68,"prominenceRatio":1,"strongestCompetitorDistanceKm":15.603737037250948,"strongestCompetitorPotential":21441.270485824356,"localConsolidatedShare":0.007790793855029021,"localConsolidatedMass":2204,"localContributorCount":1,"localContributorDistancesKm":[],"rejectionReasons":["below_secondary_share_floor"]},{"longitude":12.61951036657038,"latitude":50.00250482984239,"massShare":0.0064440186922495035,"assignedMass":1823,"assignedPointCount":54,"prominenceRatio":0.9999986262012581,"strongestCompetitorDistanceKm":7.288415111229627,"strongestCompetitorPotential":11927.038152810557,"localConsolidatedShare":0.0064440186922495035,"localConsolidatedMass":1823,"localContributorCount":1,"localContributorDistancesKm":[],"rejectionReasons":["below_secondary_share_floor"]},{"longitude":12.860546315857848,"latitude":50.30971992291062,"massShare":0.007812002912710588,"assignedMass":2210,"assignedPointCount":78,"prominenceRatio":0.9999999981928867,"strongestCompetitorDistanceKm":8.90316666394938,"strongestCompetitorPotential":35666.18077267578,"localConsolidatedShare":0.007812002912710588,"localConsolidatedMass":2210,"localContributorCount":1,"localContributorDistancesKm":[],"rejectionReasons":["below_secondary_share_floor"]},{"longitude":12.867900438617053,"latitude":49.97573353305836,"massShare":0.006302624974372389,"assignedMass":1783,"assignedPointCount":71,"prominenceRatio":1,"strongestCompetitorDistanceKm":11.792624687479824,"strongestCompetitorPotential":11927.038152810557,"localConsolidatedShare":0.006302624974372389,"localConsolidatedMass":1783,"localContributorCount":1,"localContributorDistancesKm":[],"rejectionReasons":["below_secondary_share_floor"]},{"longitude":12.352484866071498,"latitude":50.21818546707395,"massShare":0.0048780832667604575,"assignedMass":1380,"assignedPointCount":42,"prominenceRatio":1,"strongestCompetitorDistanceKm":15.822678595672087,"strongestCompetitorPotential":23572.781784792587,"localConsolidatedShare":0.0048780832667604575,"localConsolidatedMass":1380,"localContributorCount":1,"localContributorDistancesKm":[],"rejectionReasons":["below_secondary_share_floor"]},{"longitude":12.402906798479325,"latitude":50.254220397011935,"massShare":0.004499855071439176,"assignedMass":1273,"assignedPointCount":43,"prominenceRatio":1,"strongestCompetitorDistanceKm":19.584605440208165,"strongestCompetitorPotential":21441.270485824356,"localConsolidatedShare":0.004499855071439176,"localConsolidatedMass":1273,"localContributorCount":1,"localContributorDistancesKm":[],"rejectionReasons":["below_secondary_share_floor"]},{"longitude":12.278042030689742,"latitude":50.1578757703224,"massShare":0.004054464860126264,"assignedMass":1147,"assignedPointCount":43,"prominenceRatio":0.9999999999999977,"strongestCompetitorDistanceKm":11.172596638407358,"strongestCompetitorPotential":23572.781784792587,"localConsolidatedShare":0.004054464860126264,"localConsolidatedMass":1147,"localContributorCount":1,"localContributorDistancesKm":[],"rejectionReasons":["below_secondary_share_floor"]},{"longitude":12.568816670979455,"latitude":50.24973147796435,"massShare":0.004054464860126264,"assignedMass":1147,"assignedPointCount":37,"prominenceRatio":0.9999999999999304,"strongestCompetitorDistanceKm":10.63916413023179,"strongestCompetitorPotential":21441.270485824356,"localConsolidatedShare":0.004054464860126264,"localConsolidatedMass":1147,"localContributorCount":1,"localContributorDistancesKm":[],"rejectionReasons":["below_secondary_share_floor"]},{"longitude":13.047612075365667,"latitude":50.15250376825766,"massShare":0.0038671181839390876,"assignedMass":1094,"assignedPointCount":37,"prominenceRatio":1,"strongestCompetitorDistanceKm":15.40905879127088,"strongestCompetitorPotential":35666.18077267578,"localConsolidatedShare":0.0038671181839390876,"localConsolidatedMass":1094,"localContributorCount":1,"localContributorDistancesKm":[],"rejectionReasons":["below_secondary_share_floor"]},{"longitude":12.83571944240082,"latitude":50.08385326262103,"massShare":0.0034959596745116612,"assignedMass":989,"assignedPointCount":29,"prominenceRatio":1,"strongestCompetitorDistanceKm":16.385509474310037,"strongestCompetitorPotential":35666.18077267578,"localConsolidatedShare":0.0034959596745116612,"localConsolidatedMass":989,"localContributorCount":1,"localContributorDistancesKm":[],"rejectionReasons":["below_secondary_share_floor"]},{"longitude":12.54840904539866,"latitude":50.02192634353208,"massShare":0.0033121478412714124,"assignedMass":937,"assignedPointCount":43,"prominenceRatio":1,"strongestCompetitorDistanceKm":12.278347172547985,"strongestCompetitorPotential":11927.038152810557,"localConsolidatedShare":0.0033121478412714124,"localConsolidatedMass":937,"localContributorCount":1,"localContributorDistancesKm":[],"rejectionReasons":["below_secondary_share_floor"]},{"longitude":12.994426081169419,"latitude":50.26368327965181,"massShare":0.004832130308450396,"assignedMass":1367,"assignedPointCount":53,"prominenceRatio":0.999999999998669,"strongestCompetitorDistanceKm":10.275174730501282,"strongestCompetitorPotential":35666.18077267578,"localConsolidatedShare":0.004832130308450396,"localConsolidatedMass":1367,"localContributorCount":1,"localContributorDistancesKm":[],"rejectionReasons":["below_secondary_share_floor"]},{"longitude":12.800270236448062,"latitude":50.371279950358016,"massShare":0.004945245282752087,"assignedMass":1399,"assignedPointCount":45,"prominenceRatio":1,"strongestCompetitorDistanceKm":15.715082017618458,"strongestCompetitorPotential":35666.18077267578,"localConsolidatedShare":0.004945245282752087,"localConsolidatedMass":1399,"localContributorCount":1,"localContributorDistancesKm":[],"rejectionReasons":["below_secondary_share_floor"]},{"longitude":12.913045797166005,"latitude":50.40832186374048,"massShare":0.00256983082241656,"assignedMass":727,"assignedPointCount":14,"prominenceRatio":1,"strongestCompetitorDistanceKm":19.637985653930855,"strongestCompetitorPotential":35666.18077267578,"localConsolidatedShare":0.00256983082241656,"localConsolidatedMass":727,"localContributorCount":1,"localContributorDistancesKm":[],"rejectionReasons":["below_secondary_share_floor"]},{"longitude":12.239424767061733,"latitude":50.12417312306412,"massShare":0.0023436008738131763,"assignedMass":663,"assignedPointCount":27,"prominenceRatio":0.9999999999999972,"strongestCompetitorDistanceKm":11.235038205922189,"strongestCompetitorPotential":23572.781784792587,"localConsolidatedShare":0.0023436008738131763,"localConsolidatedMass":663,"localContributorCount":1,"localContributorDistancesKm":[],"rejectionReasons":["below_secondary_share_floor"]},{"longitude":12.738492784390708,"latitude":50.42802410788378,"massShare":0.0016825852427376652,"assignedMass":476,"assignedPointCount":14,"prominenceRatio":1,"strongestCompetitorDistanceKm":23.89909837868031,"strongestCompetitorPotential":35666.18077267578,"localConsolidatedShare":0.0016825852427376652,"localConsolidatedMass":476,"localContributorCount":1,"localContributorDistancesKm":[],"rejectionReasons":["below_secondary_share_floor"]},{"longitude":13.245851723982723,"latitude":50.105049507082015,"massShare":0.001742677572835439,"assignedMass":493,"assignedPointCount":23,"prominenceRatio":1,"strongestCompetitorDistanceKm":30.5520311998017,"strongestCompetitorPotential":35666.18077267578,"localConsolidatedShare":0.001742677572835439,"localConsolidatedMass":493,"localContributorCount":1,"localContributorDistancesKm":[],"rejectionReasons":["below_secondary_share_floor"]},{"longitude":12.453940529324537,"latitude":50.03297715515355,"massShare":0.0014245417076119307,"assignedMass":403,"assignedPointCount":21,"prominenceRatio":0.9999858650219677,"strongestCompetitorDistanceKm":7.262454594164294,"strongestCompetitorPotential":23572.781784792587,"localConsolidatedShare":0.0014245417076119307,"localConsolidatedMass":403,"localContributorCount":1,"localContributorDistancesKm":[],"rejectionReasons":["below_secondary_share_floor"]},{"longitude":12.960373650553308,"latitude":50.185968912247155,"massShare":0.003506564203352445,"assignedMass":992,"assignedPointCount":38,"prominenceRatio":0.9999999998974171,"strongestCompetitorDistanceKm":9.710964110310874,"strongestCompetitorPotential":35666.18077267578,"localConsolidatedShare":0.003506564203352445,"localConsolidatedMass":992,"localContributorCount":1,"localContributorDistancesKm":[],"rejectionReasons":["below_secondary_share_floor"]},{"longitude":12.48643511614614,"latitude":50.069948264013355,"massShare":0.001470494665921993,"assignedMass":416,"assignedPointCount":20,"prominenceRatio":0.9999998725029149,"strongestCompetitorDistanceKm":8.31109205339761,"strongestCompetitorPotential":23572.781784792587,"localConsolidatedShare":0.001470494665921993,"localConsolidatedMass":416,"localContributorCount":1,"localContributorDistancesKm":[],"rejectionReasons":["below_secondary_share_floor"]},{"longitude":13.041396742469804,"latitude":50.334846099259295,"massShare":0.0018982106625002652,"assignedMass":537,"assignedPointCount":31,"prominenceRatio":1,"strongestCompetitorDistanceKm":17.71112207206491,"strongestCompetitorPotential":35666.18077267578,"localConsolidatedShare":0.0018982106625002652,"localConsolidatedMass":537,"localContributorCount":1,"localContributorDistancesKm":[],"rejectionReasons":["below_secondary_share_floor"]},{"longitude":13.1697922093749,"latitude":50.14369126540044,"massShare":0.0013078918903633111,"assignedMass":370,"assignedPointCount":19,"prominenceRatio":1,"strongestCompetitorDistanceKm":23.912413611367725,"strongestCompetitorPotential":35666.18077267578,"localConsolidatedShare":0.0013078918903633111,"localConsolidatedMass":370,"localContributorCount":1,"localContributorDistancesKm":[],"rejectionReasons":["below_secondary_share_floor"]},{"longitude":12.446367054346322,"latitude":50.21152927640077,"massShare":0.0009720818104051637,"assignedMass":275,"assignedPointCount":13,"prominenceRatio":1,"strongestCompetitorDistanceKm":15.161552189835314,"strongestCompetitorPotential":21441.270485824356,"localConsolidatedShare":0.0009720818104051637,"localConsolidatedMass":275,"localContributorCount":1,"localContributorDistancesKm":[],"rejectionReasons":["below_secondary_share_floor"]},{"longitude":12.791466050938919,"latitude":50.03686186188679,"massShare":0.0011452891148046292,"assignedMass":324,"assignedPointCount":19,"prominenceRatio":0.999999999995046,"strongestCompetitorDistanceKm":10.089708010745232,"strongestCompetitorPotential":11927.038152810557,"localConsolidatedShare":0.0011452891148046292,"localConsolidatedMass":324,"localContributorCount":1,"localContributorDistancesKm":[],"rejectionReasons":["below_secondary_share_floor"]},{"longitude":13.107663384928085,"latitude":50.05251840369025,"massShare":0.0011311497430169177,"assignedMass":320,"assignedPointCount":19,"prominenceRatio":1,"strongestCompetitorDistanceKm":26.052846483522835,"strongestCompetitorPotential":35666.18077267578,"localConsolidatedShare":0.0011311497430169177,"localConsolidatedMass":320,"localContributorCount":1,"localContributorDistancesKm":[],"rejectionReasons":["below_secondary_share_floor"]},{"longitude":13.256061061125873,"latitude":50.17126679644974,"massShare":0.000724642804120213,"assignedMass":205,"assignedPointCount":11,"prominenceRatio":1,"strongestCompetitorDistanceKm":28.196036472364923,"strongestCompetitorPotential":35666.18077267578,"localConsolidatedShare":0.000724642804120213,"localConsolidatedMass":205,"localContributorCount":1,"localContributorDistancesKm":[],"rejectionReasons":["below_secondary_share_floor"]},{"longitude":12.893395870980925,"latitude":50.03514390975293,"massShare":0.0008165487207403375,"assignedMass":231,"assignedPointCount":11,"prominenceRatio":1,"strongestCompetitorDistanceKm":15.524208249909623,"strongestCompetitorPotential":11927.038152810557,"localConsolidatedShare":0.0008165487207403375,"localConsolidatedMass":231,"localContributorCount":1,"localContributorDistancesKm":[],"rejectionReasons":["below_secondary_share_floor"]},{"longitude":12.445344136446094,"latitude":50.14098180487486,"massShare":0.0011064058423884227,"assignedMass":313,"assignedPointCount":9,"prominenceRatio":0.9999999999970745,"strongestCompetitorDistanceKm":10.32055446193126,"strongestCompetitorPotential":23572.781784792587,"localConsolidatedShare":0.0011064058423884227,"localConsolidatedMass":313,"localContributorCount":1,"localContributorDistancesKm":[],"rejectionReasons":["below_min_points_per_center"]},{"longitude":13.20004271799905,"latitude":50.04286119936333,"massShare":0.000724642804120213,"assignedMass":205,"assignedPointCount":12,"prominenceRatio":1,"strongestCompetitorDistanceKm":31.94364446536386,"strongestCompetitorPotential":35666.18077267578,"localConsolidatedShare":0.000724642804120213,"localConsolidatedMass":205,"localContributorCount":1,"localContributorDistancesKm":[],"rejectionReasons":["below_secondary_share_floor"]},{"longitude":13.233804157029038,"latitude":50.1467537038336,"massShare":0.0003322752370112196,"assignedMass":94,"assignedPointCount":5,"prominenceRatio":1,"strongestCompetitorDistanceKm":27.65047232029068,"strongestCompetitorPotential":35666.18077267578,"localConsolidatedShare":0.0003322752370112196,"localConsolidatedMass":94,"localContributorCount":1,"localContributorDistancesKm":[],"rejectionReasons":["below_min_points_per_center"]},{"longitude":12.91241704006239,"latitude":50.13695003019438,"massShare":0.0008695713649442556,"assignedMass":246,"assignedPointCount":12,"prominenceRatio":0.9999999999999998,"strongestCompetitorDistanceKm":11.903085128259725,"strongestCompetitorPotential":35666.18077267578,"localConsolidatedShare":0.0008695713649442556,"localConsolidatedMass":246,"localContributorCount":1,"localContributorDistancesKm":[],"rejectionReasons":["below_secondary_share_floor"]},{"longitude":13.037425781615335,"latitude":50.10768350422207,"massShare":0.0003640888235335704,"assignedMass":103,"assignedPointCount":6,"prominenceRatio":1,"strongestCompetitorDistanceKm":17.800407337799534,"strongestCompetitorPotential":35666.18077267578,"localConsolidatedShare":0.0003640888235335704,"localConsolidatedMass":103,"localContributorCount":1,"localContributorDistancesKm":[],"rejectionReasons":["below_min_points_per_center"]},{"longitude":12.959472049763324,"latitude":49.99436278030695,"massShare":0.0004595295831006228,"assignedMass":130,"assignedPointCount":8,"prominenceRatio":1,"strongestCompetitorDistanceKm":18.63427881683671,"strongestCompetitorPotential":11927.038152810557,"localConsolidatedShare":0.0004595295831006228,"localConsolidatedMass":130,"localContributorCount":1,"localContributorDistancesKm":[],"rejectionReasons":["below_min_points_per_center"]},{"longitude":12.618838868079228,"latitude":50.36734237109237,"massShare":0.00010604528840783604,"assignedMass":30,"assignedPointCount":3,"prominenceRatio":1,"strongestCompetitorDistanceKm":21.203791648506435,"strongestCompetitorPotential":21441.270485824356,"localConsolidatedShare":0.00010604528840783604,"localConsolidatedMass":30,"localContributorCount":1,"localContributorDistancesKm":[],"rejectionReasons":["below_min_points_per_center"]},{"longitude":12.437615567414404,"latitude":50.299128451928446,"massShare":0.00009544075956705244,"assignedMass":27,"assignedPointCount":3,"prominenceRatio":1,"strongestCompetitorDistanceKm":21.327041438055822,"strongestCompetitorPotential":21441.270485824356,"localConsolidatedShare":0.00009544075956705244,"localConsolidatedMass":27,"localContributorCount":1,"localContributorDistancesKm":[],"rejectionReasons":["below_min_points_per_center"]}]}}}}}
