{"type":"FeatureCollection","features":[{"type":"Feature","properties":{"jobs":0,"pop":13,"pointCount":1,"homeWorkCommuteMedian":47179,"workHomeCommuteMedian":-1},"geometry":{"type":"Polygon","coordinates":[[[12.841370487275503,49.8126294409198],[12.841370487275503,49.821622644557046],[12.850363690912749,49.821622644557046],[12.850363690912749,49.8126294409198],[12.841370487275503,49.8126294409198]]]}},{"type":"Feature","properties":{"jobs":1,"pop":0,"pointCount":1,"homeWorkCommuteMedian":-1,"workHomeCommuteMedian":131},"geometry":{"type":"Polygon","coordinates":[[[12.841370487275503,49.84860225546878],[12.841370487275503,49.85759545910603],[12.850363690912749,49.85759545910603],[12.850363690912749,49.84860225546878],[12.841370487275503,49.84860225546878]]]}},{"type":"Feature","properties":{"jobs":0,"pop":11,"pointCount":1,"homeWorkCommuteMedian":71090,"workHomeCommuteMedian":-1},"geometry":{"type":"Polygon","coordinates":[[[12.841370487275503,49.866588662743276],[12.841370487275503,49.87558186638052],[12.850363690912749,49.87558186638052],[12.850363690912749,49.866588662743276],[12.841370487275503,49.866588662743276]]]}},{"type":"Feature","properties":{"jobs":0,"pop":23,"pointCount":1,"homeWorkCommuteMedian":51587,"workHomeCommuteMedian":-1},"geometry":{"type":"Polygon","coordinates":[[[12.841370487275503,49.87558186638052],[12.841370487275503,49.88457507001777],[12.850363690912749,49.88457507001777],[12.850363690912749,49.87558186638052],[12.841370487275503,49.87558186638052]]]}},{"type":"Feature","properties":{"jobs":11,"pop":0,"pointCount":1,"homeWorkCommuteMedian":-1,"workHomeCommuteMedian":8551},"geometry":{"type":"Polygon","coordinates":[[[12.859356894549995,49.78564983000806],[12.859356894549995,49.79464303364531],[12.868350098187241,49.79464303364531],[12.868350098187241,49.78564983000806],[12.859356894549995,49.78564983000806]]]}},{"type":"Feature","properties":{"jobs":0,"pop":32,"pointCount":1,"homeWorkCommuteMedian":46394,"workHomeCommuteMedian":-1},"geometry":{"type":"Polygon","coordinates":[[[12.859356894549995,49.83960905183154],[12.859356894549995,49.84860225546878],[12.868350098187241,49.84860225546878],[12.868350098187241,49.83960905183154],[12.859356894549995,49.83960905183154]]]}},{"type":"Feature","properties":{"jobs":0,"pop":19,"pointCount":1,"homeWorkCommuteMedian":808,"workHomeCommuteMedian":-1},"geometry":{"type":"Polygon","coordinates":[[[12.868350098187241,49.8126294409198],[12.868350098187241,49.821622644557046],[12.877343301824487,49.821622644557046],[12.877343301824487,49.8126294409198],[12.868350098187241,49.8126294409198]]]}},{"type":"Feature","properties":{"jobs":39,"pop":135,"pointCount":6,"homeWorkCommuteMedian":32463,"workHomeCommuteMedian":1005},"geometry":{"type":"Polygon","coordinates":[[[12.868350098187241,49.87558186638052],[12.868350098187241,49.88457507001777],[12.877343301824487,49.88457507001777],[12.877343301824487,49.87558186638052],[12.868350098187241,49.87558186638052]]]}},{"type":"Feature","properties":{"jobs":0,"pop":8,"pointCount":1,"homeWorkCommuteMedian":59086,"workHomeCommuteMedian":-1},"geometry":{"type":"Polygon","coordinates":[[[12.868350098187241,49.90256147729226],[12.868350098187241,49.911554680929505],[12.877343301824487,49.911554680929505],[12.877343301824487,49.90256147729226],[12.868350098187241,49.90256147729226]]]}},{"type":"Feature","properties":{"jobs":0,"pop":20,"pointCount":1,"homeWorkCommuteMedian":44786,"workHomeCommuteMedian":-1},"geometry":{"type":"Polygon","coordinates":[[[12.877343301824487,49.758670219096324],[12.877343301824487,49.76766342273357],[12.886336505461733,49.76766342273357],[12.886336505461733,49.758670219096324],[12.877343301824487,49.758670219096324]]]}},{"type":"Feature","properties":{"jobs":6,"pop":0,"pointCount":1,"homeWorkCommuteMedian":-1,"workHomeCommuteMedian":968},"geometry":{"type":"Polygon","coordinates":[[[12.877343301824487,49.78564983000806],[12.877343301824487,49.79464303364531],[12.886336505461733,49.79464303364531],[12.886336505461733,49.78564983000806],[12.877343301824487,49.78564983000806]]]}},{"type":"Feature","properties":{"jobs":51,"pop":266,"pointCount":14,"homeWorkCommuteMedian":39550,"workHomeCommuteMedian":7120},"geometry":{"type":"Polygon","coordinates":[[[12.877343301824487,49.8126294409198],[12.877343301824487,49.821622644557046],[12.886336505461733,49.821622644557046],[12.886336505461733,49.8126294409198],[12.877343301824487,49.8126294409198]]]}},{"type":"Feature","properties":{"jobs":0,"pop":23,"pointCount":2,"homeWorkCommuteMedian":38547,"workHomeCommuteMedian":-1},"geometry":{"type":"Polygon","coordinates":[[[12.886336505461733,49.74068381182183],[12.886336505461733,49.74967701545908],[12.895329709098979,49.74967701545908],[12.895329709098979,49.74068381182183],[12.886336505461733,49.74068381182183]]]}},{"type":"Feature","properties":{"jobs":0,"pop":17,"pointCount":1,"homeWorkCommuteMedian":46142,"workHomeCommuteMedian":-1},"geometry":{"type":"Polygon","coordinates":[[[12.886336505461733,49.78564983000806],[12.886336505461733,49.79464303364531],[12.895329709098979,49.79464303364531],[12.895329709098979,49.78564983000806],[12.886336505461733,49.78564983000806]]]}},{"type":"Feature","properties":{"jobs":23,"pop":0,"pointCount":1,"homeWorkCommuteMedian":-1,"workHomeCommuteMedian":23238},"geometry":{"type":"Polygon","coordinates":[[[12.886336505461733,49.803636237282554],[12.886336505461733,49.8126294409198],[12.895329709098979,49.8126294409198],[12.895329709098979,49.803636237282554],[12.886336505461733,49.803636237282554]]]}},{"type":"Feature","properties":{"jobs":90,"pop":181,"pointCount":9,"homeWorkCommuteMedian":20056,"workHomeCommuteMedian":17042},"geometry":{"type":"Polygon","coordinates":[[[12.886336505461733,49.8126294409198],[12.886336505461733,49.821622644557046],[12.895329709098979,49.821622644557046],[12.895329709098979,49.8126294409198],[12.886336505461733,49.8126294409198]]]}},{"type":"Feature","properties":{"jobs":12,"pop":31,"pointCount":1,"homeWorkCommuteMedian":29684,"workHomeCommuteMedian":162},"geometry":{"type":"Polygon","coordinates":[[[12.895329709098979,49.61477896090039],[12.895329709098979,49.623772164537634],[12.904322912736225,49.623772164537634],[12.904322912736225,49.61477896090039],[12.895329709098979,49.61477896090039]]]}},{"type":"Feature","properties":{"jobs":11,"pop":65,"pointCount":4,"homeWorkCommuteMedian":26406,"workHomeCommuteMedian":203},"geometry":{"type":"Polygon","coordinates":[[[12.895329709098979,49.65075177544937],[12.895329709098979,49.65974497908662],[12.904322912736225,49.65974497908662],[12.904322912736225,49.65075177544937],[12.895329709098979,49.65075177544937]]]}},{"type":"Feature","properties":{"jobs":26,"pop":74,"pointCount":4,"homeWorkCommuteMedian":25204,"workHomeCommuteMedian":630},"geometry":{"type":"Polygon","coordinates":[[[12.895329709098979,49.72269740454734],[12.895329709098979,49.731690608184586],[12.904322912736225,49.731690608184586],[12.904322912736225,49.72269740454734],[12.895329709098979,49.72269740454734]]]}},{"type":"Feature","properties":{"jobs":91,"pop":0,"pointCount":1,"homeWorkCommuteMedian":-1,"workHomeCommuteMedian":11496},"geometry":{"type":"Polygon","coordinates":[[[12.895329709098979,49.8126294409198],[12.895329709098979,49.821622644557046],[12.904322912736225,49.821622644557046],[12.904322912736225,49.8126294409198],[12.895329709098979,49.8126294409198]]]}},{"type":"Feature","properties":{"jobs":0,"pop":12,"pointCount":1,"homeWorkCommuteMedian":162,"workHomeCommuteMedian":-1},"geometry":{"type":"Polygon","coordinates":[[[12.904322912736225,49.623772164537634],[12.904322912736225,49.63276536817488],[12.91331611637347,49.63276536817488],[12.91331611637347,49.623772164537634],[12.904322912736225,49.623772164537634]]]}},{"type":"Feature","properties":{"jobs":126,"pop":101,"pointCount":5,"homeWorkCommuteMedian":10438,"workHomeCommuteMedian":38687},"geometry":{"type":"Polygon","coordinates":[[[12.904322912736225,49.758670219096324],[12.904322912736225,49.76766342273357],[12.91331611637347,49.76766342273357],[12.91331611637347,49.758670219096324],[12.904322912736225,49.758670219096324]]]}},{"type":"Feature","properties":{"jobs":13,"pop":0,"pointCount":1,"homeWorkCommuteMedian":-1,"workHomeCommuteMedian":1002},"geometry":{"type":"Polygon","coordinates":[[[12.904322912736225,49.76766342273357],[12.904322912736225,49.776656626370816],[12.91331611637347,49.776656626370816],[12.91331611637347,49.76766342273357],[12.904322912736225,49.76766342273357]]]}},{"type":"Feature","properties":{"jobs":0,"pop":22,"pointCount":1,"homeWorkCommuteMedian":2551,"workHomeCommuteMedian":-1},"geometry":{"type":"Polygon","coordinates":[[[12.904322912736225,49.79464303364531],[12.904322912736225,49.803636237282554],[12.91331611637347,49.803636237282554],[12.91331611637347,49.79464303364531],[12.904322912736225,49.79464303364531]]]}},{"type":"Feature","properties":{"jobs":6,"pop":0,"pointCount":1,"homeWorkCommuteMedian":-1,"workHomeCommuteMedian":232},"geometry":{"type":"Polygon","coordinates":[[[12.904322912736225,49.803636237282554],[12.904322912736225,49.8126294409198],[12.91331611637347,49.8126294409198],[12.91331611637347,49.803636237282554],[12.904322912736225,49.803636237282554]]]}},{"type":"Feature","properties":{"jobs":0,"pop":21,"pointCount":1,"homeWorkCommuteMedian":48367,"workHomeCommuteMedian":-1},"geometry":{"type":"Polygon","coordinates":[[[12.904322912736225,49.87558186638052],[12.904322912736225,49.88457507001777],[12.91331611637347,49.88457507001777],[12.91331611637347,49.87558186638052],[12.904322912736225,49.87558186638052]]]}},{"type":"Feature","properties":{"jobs":0,"pop":6,"pointCount":1,"homeWorkCommuteMedian":32646,"workHomeCommuteMedian":-1},"geometry":{"type":"Polygon","coordinates":[[[12.904322912736225,49.90256147729226],[12.904322912736225,49.911554680929505],[12.91331611637347,49.911554680929505],[12.91331611637347,49.90256147729226],[12.904322912736225,49.90256147729226]]]}},{"type":"Feature","properties":{"jobs":5,"pop":0,"pointCount":1,"homeWorkCommuteMedian":-1,"workHomeCommuteMedian":210},"geometry":{"type":"Polygon","coordinates":[[[12.91331611637347,49.63276536817488],[12.91331611637347,49.641758571812126],[12.922309320010717,49.641758571812126],[12.922309320010717,49.63276536817488],[12.91331611637347,49.63276536817488]]]}},{"type":"Feature","properties":{"jobs":11,"pop":37,"pointCount":3,"homeWorkCommuteMedian":10241,"workHomeCommuteMedian":268},"geometry":{"type":"Polygon","coordinates":[[[12.91331611637347,49.686724589998356],[12.91331611637347,49.6957177936356],[12.922309320010717,49.6957177936356],[12.922309320010717,49.686724589998356],[12.91331611637347,49.686724589998356]]]}},{"type":"Feature","properties":{"jobs":3,"pop":0,"pointCount":1,"homeWorkCommuteMedian":-1,"workHomeCommuteMedian":277},"geometry":{"type":"Polygon","coordinates":[[[12.91331611637347,49.74967701545908],[12.91331611637347,49.758670219096324],[12.922309320010717,49.758670219096324],[12.922309320010717,49.74967701545908],[12.91331611637347,49.74967701545908]]]}},{"type":"Feature","properties":{"jobs":0,"pop":71,"pointCount":3,"homeWorkCommuteMedian":31864,"workHomeCommuteMedian":-1},"geometry":{"type":"Polygon","coordinates":[[[12.91331611637347,49.758670219096324],[12.91331611637347,49.76766342273357],[12.922309320010717,49.76766342273357],[12.922309320010717,49.758670219096324],[12.91331611637347,49.758670219096324]]]}},{"type":"Feature","properties":{"jobs":0,"pop":11,"pointCount":1,"homeWorkCommuteMedian":49414,"workHomeCommuteMedian":-1},"geometry":{"type":"Polygon","coordinates":[[[12.91331611637347,49.79464303364531],[12.91331611637347,49.803636237282554],[12.922309320010717,49.803636237282554],[12.922309320010717,49.79464303364531],[12.91331611637347,49.79464303364531]]]}},{"type":"Feature","properties":{"jobs":5,"pop":20,"pointCount":2,"homeWorkCommuteMedian":47030,"workHomeCommuteMedian":1002},"geometry":{"type":"Polygon","coordinates":[[[12.922309320010717,49.596792553625896],[12.922309320010717,49.60578575726314],[12.931302523647963,49.60578575726314],[12.931302523647963,49.596792553625896],[12.922309320010717,49.596792553625896]]]}},{"type":"Feature","properties":{"jobs":0,"pop":15,"pointCount":1,"homeWorkCommuteMedian":40960,"workHomeCommuteMedian":-1},"geometry":{"type":"Polygon","coordinates":[[[12.922309320010717,49.63276536817488],[12.922309320010717,49.641758571812126],[12.931302523647963,49.641758571812126],[12.931302523647963,49.63276536817488],[12.922309320010717,49.63276536817488]]]}},{"type":"Feature","properties":{"jobs":0,"pop":28,"pointCount":1,"homeWorkCommuteMedian":37202,"workHomeCommuteMedian":-1},"geometry":{"type":"Polygon","coordinates":[[[12.922309320010717,49.641758571812126],[12.922309320010717,49.65075177544937],[12.931302523647963,49.65075177544937],[12.931302523647963,49.641758571812126],[12.922309320010717,49.641758571812126]]]}},{"type":"Feature","properties":{"jobs":0,"pop":32,"pointCount":1,"homeWorkCommuteMedian":17556,"workHomeCommuteMedian":-1},"geometry":{"type":"Polygon","coordinates":[[[12.931302523647963,49.596792553625896],[12.931302523647963,49.60578575726314],[12.940295727285209,49.60578575726314],[12.940295727285209,49.596792553625896],[12.931302523647963,49.596792553625896]]]}},{"type":"Feature","properties":{"jobs":68,"pop":43,"pointCount":4,"homeWorkCommuteMedian":5818,"workHomeCommuteMedian":7451},"geometry":{"type":"Polygon","coordinates":[[[12.931302523647963,49.74068381182183],[12.931302523647963,49.74967701545908],[12.940295727285209,49.74967701545908],[12.940295727285209,49.74068381182183],[12.931302523647963,49.74068381182183]]]}},{"type":"Feature","properties":{"jobs":0,"pop":16,"pointCount":1,"homeWorkCommuteMedian":45878,"workHomeCommuteMedian":-1},"geometry":{"type":"Polygon","coordinates":[[[12.931302523647963,49.74967701545908],[12.931302523647963,49.758670219096324],[12.940295727285209,49.758670219096324],[12.940295727285209,49.74967701545908],[12.931302523647963,49.74967701545908]]]}},{"type":"Feature","properties":{"jobs":11,"pop":0,"pointCount":1,"homeWorkCommuteMedian":-1,"workHomeCommuteMedian":562},"geometry":{"type":"Polygon","coordinates":[[[12.931302523647963,49.83061584819429],[12.931302523647963,49.83960905183154],[12.940295727285209,49.83960905183154],[12.940295727285209,49.83061584819429],[12.931302523647963,49.83061584819429]]]}},{"type":"Feature","properties":{"jobs":0,"pop":15,"pointCount":1,"homeWorkCommuteMedian":29742,"workHomeCommuteMedian":-1},"geometry":{"type":"Polygon","coordinates":[[[12.931302523647963,49.85759545910603],[12.931302523647963,49.866588662743276],[12.940295727285209,49.866588662743276],[12.940295727285209,49.85759545910603],[12.931302523647963,49.85759545910603]]]}},{"type":"Feature","properties":{"jobs":8,"pop":25,"pointCount":2,"homeWorkCommuteMedian":11087,"workHomeCommuteMedian":135},"geometry":{"type":"Polygon","coordinates":[[[12.940295727285209,49.713704200910094],[12.940295727285209,49.72269740454734],[12.949288930922455,49.72269740454734],[12.949288930922455,49.713704200910094],[12.940295727285209,49.713704200910094]]]}},{"type":"Feature","properties":{"jobs":15,"pop":26,"pointCount":2,"homeWorkCommuteMedian":6796,"workHomeCommuteMedian":4510},"geometry":{"type":"Polygon","coordinates":[[[12.940295727285209,49.731690608184586],[12.940295727285209,49.74068381182183],[12.949288930922455,49.74068381182183],[12.949288930922455,49.731690608184586],[12.940295727285209,49.731690608184586]]]}},{"type":"Feature","properties":{"jobs":0,"pop":20,"pointCount":1,"homeWorkCommuteMedian":6743,"workHomeCommuteMedian":-1},"geometry":{"type":"Polygon","coordinates":[[[12.940295727285209,49.76766342273357],[12.940295727285209,49.776656626370816],[12.949288930922455,49.776656626370816],[12.949288930922455,49.76766342273357],[12.940295727285209,49.76766342273357]]]}},{"type":"Feature","properties":{"jobs":0,"pop":45,"pointCount":2,"homeWorkCommuteMedian":15315,"workHomeCommuteMedian":-1},"geometry":{"type":"Polygon","coordinates":[[[12.940295727285209,49.78564983000806],[12.940295727285209,49.79464303364531],[12.949288930922455,49.79464303364531],[12.949288930922455,49.78564983000806],[12.940295727285209,49.78564983000806]]]}},{"type":"Feature","properties":{"jobs":11,"pop":50,"pointCount":3,"homeWorkCommuteMedian":18362,"workHomeCommuteMedian":226},"geometry":{"type":"Polygon","coordinates":[[[12.940295727285209,49.8126294409198],[12.940295727285209,49.821622644557046],[12.949288930922455,49.821622644557046],[12.949288930922455,49.8126294409198],[12.940295727285209,49.8126294409198]]]}},{"type":"Feature","properties":{"jobs":0,"pop":72,"pointCount":2,"homeWorkCommuteMedian":9268,"workHomeCommuteMedian":-1},"geometry":{"type":"Polygon","coordinates":[[[12.940295727285209,49.83061584819429],[12.940295727285209,49.83960905183154],[12.949288930922455,49.83960905183154],[12.949288930922455,49.83061584819429],[12.940295727285209,49.83061584819429]]]}},{"type":"Feature","properties":{"jobs":0,"pop":7,"pointCount":1,"homeWorkCommuteMedian":12312,"workHomeCommuteMedian":-1},"geometry":{"type":"Polygon","coordinates":[[[12.940295727285209,49.83960905183154],[12.940295727285209,49.84860225546878],[12.949288930922455,49.84860225546878],[12.949288930922455,49.83960905183154],[12.940295727285209,49.83960905183154]]]}},{"type":"Feature","properties":{"jobs":5,"pop":62,"pointCount":5,"homeWorkCommuteMedian":2996,"workHomeCommuteMedian":541},"geometry":{"type":"Polygon","coordinates":[[[12.940295727285209,49.87558186638052],[12.940295727285209,49.88457507001777],[12.949288930922455,49.88457507001777],[12.949288930922455,49.87558186638052],[12.940295727285209,49.87558186638052]]]}},{"type":"Feature","properties":{"jobs":11,"pop":35,"pointCount":2,"homeWorkCommuteMedian":12921,"workHomeCommuteMedian":182},"geometry":{"type":"Polygon","coordinates":[[[12.949288930922455,49.61477896090039],[12.949288930922455,49.623772164537634],[12.9582821345597,49.623772164537634],[12.9582821345597,49.61477896090039],[12.949288930922455,49.61477896090039]]]}},{"type":"Feature","properties":{"jobs":0,"pop":22,"pointCount":1,"homeWorkCommuteMedian":16247,"workHomeCommuteMedian":-1},"geometry":{"type":"Polygon","coordinates":[[[12.949288930922455,49.623772164537634],[12.949288930922455,49.63276536817488],[12.9582821345597,49.63276536817488],[12.9582821345597,49.623772164537634],[12.949288930922455,49.623772164537634]]]}},{"type":"Feature","properties":{"jobs":8,"pop":25,"pointCount":2,"homeWorkCommuteMedian":9097,"workHomeCommuteMedian":112},"geometry":{"type":"Polygon","coordinates":[[[12.949288930922455,49.67773138636111],[12.949288930922455,49.686724589998356],[12.9582821345597,49.686724589998356],[12.9582821345597,49.67773138636111],[12.949288930922455,49.67773138636111]]]}},{"type":"Feature","properties":{"jobs":0,"pop":7,"pointCount":1,"homeWorkCommuteMedian":3898,"workHomeCommuteMedian":-1},"geometry":{"type":"Polygon","coordinates":[[[12.949288930922455,49.74068381182183],[12.949288930922455,49.74967701545908],[12.9582821345597,49.74967701545908],[12.9582821345597,49.74068381182183],[12.949288930922455,49.74068381182183]]]}},{"type":"Feature","properties":{"jobs":0,"pop":27,"pointCount":1,"homeWorkCommuteMedian":14078,"workHomeCommuteMedian":-1},"geometry":{"type":"Polygon","coordinates":[[[12.949288930922455,49.84860225546878],[12.949288930922455,49.85759545910603],[12.9582821345597,49.85759545910603],[12.9582821345597,49.84860225546878],[12.949288930922455,49.84860225546878]]]}},{"type":"Feature","properties":{"jobs":0,"pop":22,"pointCount":1,"homeWorkCommuteMedian":49874,"workHomeCommuteMedian":-1},"geometry":{"type":"Polygon","coordinates":[[[12.949288930922455,49.87558186638052],[12.949288930922455,49.88457507001777],[12.9582821345597,49.88457507001777],[12.9582821345597,49.87558186638052],[12.949288930922455,49.87558186638052]]]}},{"type":"Feature","properties":{"jobs":29,"pop":9,"pointCount":1,"homeWorkCommuteMedian":28309,"workHomeCommuteMedian":3991},"geometry":{"type":"Polygon","coordinates":[[[12.949288930922455,49.88457507001777],[12.949288930922455,49.89356827365501],[12.9582821345597,49.89356827365501],[12.9582821345597,49.88457507001777],[12.949288930922455,49.88457507001777]]]}},{"type":"Feature","properties":{"jobs":10,"pop":16,"pointCount":2,"homeWorkCommuteMedian":47464,"workHomeCommuteMedian":2000},"geometry":{"type":"Polygon","coordinates":[[[12.949288930922455,49.90256147729226],[12.949288930922455,49.911554680929505],[12.9582821345597,49.911554680929505],[12.9582821345597,49.90256147729226],[12.949288930922455,49.90256147729226]]]}},{"type":"Feature","properties":{"jobs":0,"pop":15,"pointCount":1,"homeWorkCommuteMedian":33576,"workHomeCommuteMedian":-1},"geometry":{"type":"Polygon","coordinates":[[[12.9582821345597,49.58779934998865],[12.9582821345597,49.596792553625896],[12.967275338196947,49.596792553625896],[12.967275338196947,49.58779934998865],[12.9582821345597,49.58779934998865]]]}},{"type":"Feature","properties":{"jobs":0,"pop":26,"pointCount":1,"homeWorkCommuteMedian":42250,"workHomeCommuteMedian":-1},"geometry":{"type":"Polygon","coordinates":[[[12.9582821345597,49.60578575726314],[12.9582821345597,49.61477896090039],[12.967275338196947,49.61477896090039],[12.967275338196947,49.60578575726314],[12.9582821345597,49.60578575726314]]]}},{"type":"Feature","properties":{"jobs":15,"pop":0,"pointCount":1,"homeWorkCommuteMedian":-1,"workHomeCommuteMedian":374},"geometry":{"type":"Polygon","coordinates":[[[12.9582821345597,49.623772164537634],[12.9582821345597,49.63276536817488],[12.967275338196947,49.63276536817488],[12.967275338196947,49.623772164537634],[12.9582821345597,49.623772164537634]]]}},{"type":"Feature","properties":{"jobs":102,"pop":0,"pointCount":2,"homeWorkCommuteMedian":-1,"workHomeCommuteMedian":6678},"geometry":{"type":"Polygon","coordinates":[[[12.9582821345597,49.78564983000806],[12.9582821345597,49.79464303364531],[12.967275338196947,49.79464303364531],[12.967275338196947,49.78564983000806],[12.9582821345597,49.78564983000806]]]}},{"type":"Feature","properties":{"jobs":24,"pop":106,"pointCount":7,"homeWorkCommuteMedian":33976,"workHomeCommuteMedian":14364},"geometry":{"type":"Polygon","coordinates":[[[12.9582821345597,49.79464303364531],[12.9582821345597,49.803636237282554],[12.967275338196947,49.803636237282554],[12.967275338196947,49.79464303364531],[12.9582821345597,49.79464303364531]]]}},{"type":"Feature","properties":{"jobs":0,"pop":20,"pointCount":1,"homeWorkCommuteMedian":35807,"workHomeCommuteMedian":-1},"geometry":{"type":"Polygon","coordinates":[[[12.967275338196947,49.65075177544937],[12.967275338196947,49.65974497908662],[12.976268541834193,49.65974497908662],[12.976268541834193,49.65075177544937],[12.967275338196947,49.65075177544937]]]}},{"type":"Feature","properties":{"jobs":0,"pop":22,"pointCount":2,"homeWorkCommuteMedian":16220,"workHomeCommuteMedian":-1},"geometry":{"type":"Polygon","coordinates":[[[12.967275338196947,49.65974497908662],[12.967275338196947,49.668738182723864],[12.976268541834193,49.668738182723864],[12.976268541834193,49.65974497908662],[12.967275338196947,49.65974497908662]]]}},{"type":"Feature","properties":{"jobs":0,"pop":46,"pointCount":2,"homeWorkCommuteMedian":6849,"workHomeCommuteMedian":-1},"geometry":{"type":"Polygon","coordinates":[[[12.967275338196947,49.713704200910094],[12.967275338196947,49.72269740454734],[12.976268541834193,49.72269740454734],[12.976268541834193,49.713704200910094],[12.967275338196947,49.713704200910094]]]}},{"type":"Feature","properties":{"jobs":324,"pop":0,"pointCount":1,"homeWorkCommuteMedian":-1,"workHomeCommuteMedian":22605},"geometry":{"type":"Polygon","coordinates":[[[12.967275338196947,49.74967701545908],[12.967275338196947,49.758670219096324],[12.976268541834193,49.758670219096324],[12.976268541834193,49.74967701545908],[12.967275338196947,49.74967701545908]]]}},{"type":"Feature","properties":{"jobs":10,"pop":74,"pointCount":4,"homeWorkCommuteMedian":5218,"workHomeCommuteMedian":4040},"geometry":{"type":"Polygon","coordinates":[[[12.967275338196947,49.76766342273357],[12.967275338196947,49.776656626370816],[12.976268541834193,49.776656626370816],[12.976268541834193,49.76766342273357],[12.967275338196947,49.76766342273357]]]}},{"type":"Feature","properties":{"jobs":0,"pop":87,"pointCount":2,"homeWorkCommuteMedian":14664,"workHomeCommuteMedian":-1},"geometry":{"type":"Polygon","coordinates":[[[12.967275338196947,49.79464303364531],[12.967275338196947,49.803636237282554],[12.976268541834193,49.803636237282554],[12.976268541834193,49.79464303364531],[12.967275338196947,49.79464303364531]]]}},{"type":"Feature","properties":{"jobs":0,"pop":10,"pointCount":1,"homeWorkCommuteMedian":248,"workHomeCommuteMedian":-1},"geometry":{"type":"Polygon","coordinates":[[[12.967275338196947,49.821622644557046],[12.967275338196947,49.83061584819429],[12.976268541834193,49.83061584819429],[12.976268541834193,49.821622644557046],[12.967275338196947,49.821622644557046]]]}},{"type":"Feature","properties":{"jobs":0,"pop":10,"pointCount":1,"homeWorkCommuteMedian":51192,"workHomeCommuteMedian":-1},"geometry":{"type":"Polygon","coordinates":[[[12.967275338196947,49.866588662743276],[12.967275338196947,49.87558186638052],[12.976268541834193,49.87558186638052],[12.976268541834193,49.866588662743276],[12.967275338196947,49.866588662743276]]]}},{"type":"Feature","properties":{"jobs":102,"pop":65,"pointCount":6,"homeWorkCommuteMedian":28074,"workHomeCommuteMedian":6033},"geometry":{"type":"Polygon","coordinates":[[[12.967275338196947,49.87558186638052],[12.967275338196947,49.88457507001777],[12.976268541834193,49.88457507001777],[12.976268541834193,49.87558186638052],[12.967275338196947,49.87558186638052]]]}},{"type":"Feature","properties":{"jobs":0,"pop":37,"pointCount":3,"homeWorkCommuteMedian":20751,"workHomeCommuteMedian":-1},"geometry":{"type":"Polygon","coordinates":[[[12.967275338196947,49.88457507001777],[12.967275338196947,49.89356827365501],[12.976268541834193,49.89356827365501],[12.976268541834193,49.88457507001777],[12.967275338196947,49.88457507001777]]]}},{"type":"Feature","properties":{"jobs":109,"pop":344,"pointCount":17,"homeWorkCommuteMedian":23198,"workHomeCommuteMedian":4545},"geometry":{"type":"Polygon","coordinates":[[[12.967275338196947,49.90256147729226],[12.967275338196947,49.911554680929505],[12.976268541834193,49.911554680929505],[12.976268541834193,49.90256147729226],[12.967275338196947,49.90256147729226]]]}},{"type":"Feature","properties":{"jobs":0,"pop":6,"pointCount":1,"homeWorkCommuteMedian":48906,"workHomeCommuteMedian":-1},"geometry":{"type":"Polygon","coordinates":[[[12.967275338196947,49.92054788456675],[12.967275338196947,49.929541088204],[12.976268541834193,49.929541088204],[12.976268541834193,49.92054788456675],[12.967275338196947,49.92054788456675]]]}},{"type":"Feature","properties":{"jobs":0,"pop":47,"pointCount":2,"homeWorkCommuteMedian":42279,"workHomeCommuteMedian":-1},"geometry":{"type":"Polygon","coordinates":[[[12.976268541834193,49.623772164537634],[12.976268541834193,49.63276536817488],[12.985261745471439,49.63276536817488],[12.985261745471439,49.623772164537634],[12.976268541834193,49.623772164537634]]]}},{"type":"Feature","properties":{"jobs":13,"pop":0,"pointCount":1,"homeWorkCommuteMedian":-1,"workHomeCommuteMedian":838},"geometry":{"type":"Polygon","coordinates":[[[12.976268541834193,49.70471099727285],[12.976268541834193,49.713704200910094],[12.985261745471439,49.713704200910094],[12.985261745471439,49.70471099727285],[12.976268541834193,49.70471099727285]]]}},{"type":"Feature","properties":{"jobs":111,"pop":586,"pointCount":22,"homeWorkCommuteMedian":9065,"workHomeCommuteMedian":6927},"geometry":{"type":"Polygon","coordinates":[[[12.976268541834193,49.713704200910094],[12.976268541834193,49.72269740454734],[12.985261745471439,49.72269740454734],[12.985261745471439,49.713704200910094],[12.976268541834193,49.713704200910094]]]}},{"type":"Feature","properties":{"jobs":7,"pop":0,"pointCount":1,"homeWorkCommuteMedian":-1,"workHomeCommuteMedian":3898},"geometry":{"type":"Polygon","coordinates":[[[12.976268541834193,49.74068381182183],[12.976268541834193,49.74967701545908],[12.985261745471439,49.74967701545908],[12.985261745471439,49.74068381182183],[12.976268541834193,49.74068381182183]]]}},{"type":"Feature","properties":{"jobs":598,"pop":0,"pointCount":2,"homeWorkCommuteMedian":-1,"workHomeCommuteMedian":11822},"geometry":{"type":"Polygon","coordinates":[[[12.976268541834193,49.74967701545908],[12.976268541834193,49.758670219096324],[12.985261745471439,49.758670219096324],[12.985261745471439,49.74967701545908],[12.976268541834193,49.74967701545908]]]}},{"type":"Feature","properties":{"jobs":24,"pop":97,"pointCount":6,"homeWorkCommuteMedian":12811,"workHomeCommuteMedian":322},"geometry":{"type":"Polygon","coordinates":[[[12.976268541834193,49.821622644557046],[12.976268541834193,49.83061584819429],[12.985261745471439,49.83061584819429],[12.985261745471439,49.821622644557046],[12.976268541834193,49.821622644557046]]]}},{"type":"Feature","properties":{"jobs":110,"pop":175,"pointCount":7,"homeWorkCommuteMedian":32532,"workHomeCommuteMedian":3020},"geometry":{"type":"Polygon","coordinates":[[[12.976268541834193,49.87558186638052],[12.976268541834193,49.88457507001777],[12.985261745471439,49.88457507001777],[12.985261745471439,49.87558186638052],[12.976268541834193,49.87558186638052]]]}},{"type":"Feature","properties":{"jobs":198,"pop":0,"pointCount":1,"homeWorkCommuteMedian":-1,"workHomeCommuteMedian":39407},"geometry":{"type":"Polygon","coordinates":[[[12.976268541834193,49.88457507001777],[12.976268541834193,49.89356827365501],[12.985261745471439,49.89356827365501],[12.985261745471439,49.88457507001777],[12.976268541834193,49.88457507001777]]]}},{"type":"Feature","properties":{"jobs":0,"pop":21,"pointCount":2,"homeWorkCommuteMedian":42631,"workHomeCommuteMedian":-1},"geometry":{"type":"Polygon","coordinates":[[[12.976268541834193,49.90256147729226],[12.976268541834193,49.911554680929505],[12.985261745471439,49.911554680929505],[12.985261745471439,49.90256147729226],[12.976268541834193,49.90256147729226]]]}},{"type":"Feature","properties":{"jobs":7,"pop":12,"pointCount":2,"homeWorkCommuteMedian":47568,"workHomeCommuteMedian":222},"geometry":{"type":"Polygon","coordinates":[[[12.976268541834193,49.96551390275298],[12.976268541834193,49.97450710639023],[12.985261745471439,49.97450710639023],[12.985261745471439,49.96551390275298],[12.976268541834193,49.96551390275298]]]}},{"type":"Feature","properties":{"jobs":10,"pop":20,"pointCount":2,"homeWorkCommuteMedian":39984,"workHomeCommuteMedian":232},"geometry":{"type":"Polygon","coordinates":[[[12.985261745471439,49.56081973907691],[12.985261745471439,49.56981294271416],[12.994254949108685,49.56981294271416],[12.994254949108685,49.56081973907691],[12.985261745471439,49.56081973907691]]]}},{"type":"Feature","properties":{"jobs":0,"pop":33,"pointCount":1,"homeWorkCommuteMedian":19788,"workHomeCommuteMedian":-1},"geometry":{"type":"Polygon","coordinates":[[[12.985261745471439,49.578806146351404],[12.985261745471439,49.58779934998865],[12.994254949108685,49.58779934998865],[12.994254949108685,49.578806146351404],[12.985261745471439,49.578806146351404]]]}},{"type":"Feature","properties":{"jobs":0,"pop":5,"pointCount":1,"homeWorkCommuteMedian":77585,"workHomeCommuteMedian":-1},"geometry":{"type":"Polygon","coordinates":[[[12.985261745471439,49.596792553625896],[12.985261745471439,49.60578575726314],[12.994254949108685,49.60578575726314],[12.994254949108685,49.596792553625896],[12.985261745471439,49.596792553625896]]]}},{"type":"Feature","properties":{"jobs":10,"pop":31,"pointCount":2,"homeWorkCommuteMedian":9563,"workHomeCommuteMedian":243},"geometry":{"type":"Polygon","coordinates":[[[12.985261745471439,49.65075177544937],[12.985261745471439,49.65974497908662],[12.994254949108685,49.65974497908662],[12.994254949108685,49.65075177544937],[12.985261745471439,49.65075177544937]]]}},{"type":"Feature","properties":{"jobs":0,"pop":37,"pointCount":2,"homeWorkCommuteMedian":42453,"workHomeCommuteMedian":-1},"geometry":{"type":"Polygon","coordinates":[[[12.985261745471439,49.70471099727285],[12.985261745471439,49.713704200910094],[12.994254949108685,49.713704200910094],[12.994254949108685,49.70471099727285],[12.985261745471439,49.70471099727285]]]}},{"type":"Feature","properties":{"jobs":27,"pop":94,"pointCount":6,"homeWorkCommuteMedian":21704,"workHomeCommuteMedian":334},"geometry":{"type":"Polygon","coordinates":[[[12.985261745471439,49.713704200910094],[12.985261745471439,49.72269740454734],[12.994254949108685,49.72269740454734],[12.994254949108685,49.713704200910094],[12.985261745471439,49.713704200910094]]]}},{"type":"Feature","properties":{"jobs":706,"pop":839,"pointCount":13,"homeWorkCommuteMedian":6678,"workHomeCommuteMedian":17792},"geometry":{"type":"Polygon","coordinates":[[[12.985261745471439,49.74967701545908],[12.985261745471439,49.758670219096324],[12.994254949108685,49.758670219096324],[12.994254949108685,49.74967701545908],[12.985261745471439,49.74967701545908]]]}},{"type":"Feature","properties":{"jobs":0,"pop":12,"pointCount":1,"homeWorkCommuteMedian":1564,"workHomeCommuteMedian":-1},"geometry":{"type":"Polygon","coordinates":[[[12.985261745471439,49.758670219096324],[12.985261745471439,49.76766342273357],[12.994254949108685,49.76766342273357],[12.994254949108685,49.758670219096324],[12.985261745471439,49.758670219096324]]]}},{"type":"Feature","properties":{"jobs":0,"pop":29,"pointCount":2,"homeWorkCommuteMedian":43310,"workHomeCommuteMedian":-1},"geometry":{"type":"Polygon","coordinates":[[[12.985261745471439,49.85759545910603],[12.985261745471439,49.866588662743276],[12.994254949108685,49.866588662743276],[12.994254949108685,49.85759545910603],[12.985261745471439,49.85759545910603]]]}},{"type":"Feature","properties":{"jobs":0,"pop":11,"pointCount":1,"homeWorkCommuteMedian":19353,"workHomeCommuteMedian":-1},"geometry":{"type":"Polygon","coordinates":[[[12.985261745471439,49.87558186638052],[12.985261745471439,49.88457507001777],[12.994254949108685,49.88457507001777],[12.994254949108685,49.87558186638052],[12.985261745471439,49.87558186638052]]]}},{"type":"Feature","properties":{"jobs":7,"pop":17,"pointCount":2,"homeWorkCommuteMedian":2227,"workHomeCommuteMedian":356},"geometry":{"type":"Polygon","coordinates":[[[12.985261745471439,49.88457507001777],[12.985261745471439,49.89356827365501],[12.994254949108685,49.89356827365501],[12.994254949108685,49.88457507001777],[12.985261745471439,49.88457507001777]]]}},{"type":"Feature","properties":{"jobs":6,"pop":0,"pointCount":1,"homeWorkCommuteMedian":-1,"workHomeCommuteMedian":210},"geometry":{"type":"Polygon","coordinates":[[[12.994254949108685,49.56081973907691],[12.994254949108685,49.56981294271416],[13.00324815274593,49.56981294271416],[13.00324815274593,49.56081973907691],[12.994254949108685,49.56081973907691]]]}},{"type":"Feature","properties":{"jobs":0,"pop":31,"pointCount":2,"homeWorkCommuteMedian":35807,"workHomeCommuteMedian":-1},"geometry":{"type":"Polygon","coordinates":[[[12.994254949108685,49.578806146351404],[12.994254949108685,49.58779934998865],[13.00324815274593,49.58779934998865],[13.00324815274593,49.578806146351404],[12.994254949108685,49.578806146351404]]]}},{"type":"Feature","properties":{"jobs":10,"pop":0,"pointCount":1,"homeWorkCommuteMedian":-1,"workHomeCommuteMedian":1304},"geometry":{"type":"Polygon","coordinates":[[[12.994254949108685,49.60578575726314],[12.994254949108685,49.61477896090039],[13.00324815274593,49.61477896090039],[13.00324815274593,49.60578575726314],[12.994254949108685,49.60578575726314]]]}},{"type":"Feature","properties":{"jobs":38,"pop":42,"pointCount":3,"homeWorkCommuteMedian":21008,"workHomeCommuteMedian":10486},"geometry":{"type":"Polygon","coordinates":[[[12.994254949108685,49.61477896090039],[12.994254949108685,49.623772164537634],[13.00324815274593,49.623772164537634],[13.00324815274593,49.61477896090039],[12.994254949108685,49.61477896090039]]]}},{"type":"Feature","properties":{"jobs":10,"pop":30,"pointCount":3,"homeWorkCommuteMedian":11035,"workHomeCommuteMedian":187},"geometry":{"type":"Polygon","coordinates":[[[12.994254949108685,49.641758571812126],[12.994254949108685,49.65075177544937],[13.00324815274593,49.65075177544937],[13.00324815274593,49.641758571812126],[12.994254949108685,49.641758571812126]]]}},{"type":"Feature","properties":{"jobs":101,"pop":0,"pointCount":3,"homeWorkCommuteMedian":-1,"workHomeCommuteMedian":25934},"geometry":{"type":"Polygon","coordinates":[[[12.994254949108685,49.70471099727285],[12.994254949108685,49.713704200910094],[13.00324815274593,49.713704200910094],[13.00324815274593,49.70471099727285],[12.994254949108685,49.70471099727285]]]}},{"type":"Feature","properties":{"jobs":58,"pop":0,"pointCount":1,"homeWorkCommuteMedian":-1,"workHomeCommuteMedian":3619},"geometry":{"type":"Polygon","coordinates":[[[12.994254949108685,49.731690608184586],[12.994254949108685,49.74068381182183],[13.00324815274593,49.74068381182183],[13.00324815274593,49.731690608184586],[12.994254949108685,49.731690608184586]]]}},{"type":"Feature","properties":{"jobs":178,"pop":376,"pointCount":19,"homeWorkCommuteMedian":4214,"workHomeCommuteMedian":3193},"geometry":{"type":"Polygon","coordinates":[[[12.994254949108685,49.74068381182183],[12.994254949108685,49.74967701545908],[13.00324815274593,49.74967701545908],[13.00324815274593,49.74068381182183],[12.994254949108685,49.74068381182183]]]}},{"type":"Feature","properties":{"jobs":1157,"pop":1529,"pointCount":19,"homeWorkCommuteMedian":7672,"workHomeCommuteMedian":6300},"geometry":{"type":"Polygon","coordinates":[[[12.994254949108685,49.74967701545908],[12.994254949108685,49.758670219096324],[13.00324815274593,49.758670219096324],[13.00324815274593,49.74967701545908],[12.994254949108685,49.74967701545908]]]}},{"type":"Feature","properties":{"jobs":207,"pop":132,"pointCount":7,"homeWorkCommuteMedian":7451,"workHomeCommuteMedian":12348},"geometry":{"type":"Polygon","coordinates":[[[12.994254949108685,49.758670219096324],[12.994254949108685,49.76766342273357],[13.00324815274593,49.76766342273357],[13.00324815274593,49.758670219096324],[12.994254949108685,49.758670219096324]]]}},{"type":"Feature","properties":{"jobs":37,"pop":87,"pointCount":5,"homeWorkCommuteMedian":6263,"workHomeCommuteMedian":254},"geometry":{"type":"Polygon","coordinates":[[[12.994254949108685,49.79464303364531],[12.994254949108685,49.803636237282554],[13.00324815274593,49.803636237282554],[13.00324815274593,49.79464303364531],[12.994254949108685,49.79464303364531]]]}},{"type":"Feature","properties":{"jobs":0,"pop":12,"pointCount":1,"homeWorkCommuteMedian":25832,"workHomeCommuteMedian":-1},"geometry":{"type":"Polygon","coordinates":[[[12.994254949108685,49.803636237282554],[12.994254949108685,49.8126294409198],[13.00324815274593,49.8126294409198],[13.00324815274593,49.803636237282554],[12.994254949108685,49.803636237282554]]]}},{"type":"Feature","properties":{"jobs":8,"pop":8,"pointCount":2,"homeWorkCommuteMedian":248,"workHomeCommuteMedian":248},"geometry":{"type":"Polygon","coordinates":[[[12.994254949108685,49.83960905183154],[12.994254949108685,49.84860225546878],[13.00324815274593,49.84860225546878],[13.00324815274593,49.83960905183154],[12.994254949108685,49.83960905183154]]]}},{"type":"Feature","properties":{"jobs":10,"pop":54,"pointCount":3,"homeWorkCommuteMedian":24103,"workHomeCommuteMedian":254},"geometry":{"type":"Polygon","coordinates":[[[12.994254949108685,49.85759545910603],[12.994254949108685,49.866588662743276],[13.00324815274593,49.866588662743276],[13.00324815274593,49.85759545910603],[12.994254949108685,49.85759545910603]]]}},{"type":"Feature","properties":{"jobs":0,"pop":11,"pointCount":1,"homeWorkCommuteMedian":65715,"workHomeCommuteMedian":-1},"geometry":{"type":"Polygon","coordinates":[[[12.994254949108685,49.87558186638052],[12.994254949108685,49.88457507001777],[13.00324815274593,49.88457507001777],[13.00324815274593,49.87558186638052],[12.994254949108685,49.87558186638052]]]}},{"type":"Feature","properties":{"jobs":22,"pop":10,"pointCount":2,"homeWorkCommuteMedian":41286,"workHomeCommuteMedian":5098},"geometry":{"type":"Polygon","coordinates":[[[12.994254949108685,49.929541088204],[12.994254949108685,49.93853429184124],[13.00324815274593,49.93853429184124],[13.00324815274593,49.929541088204],[12.994254949108685,49.929541088204]]]}},{"type":"Feature","properties":{"jobs":18,"pop":70,"pointCount":3,"homeWorkCommuteMedian":27791,"workHomeCommuteMedian":415},"geometry":{"type":"Polygon","coordinates":[[[12.994254949108685,49.93853429184124],[12.994254949108685,49.94752749547849],[13.00324815274593,49.94752749547849],[13.00324815274593,49.93853429184124],[12.994254949108685,49.93853429184124]]]}},{"type":"Feature","properties":{"jobs":0,"pop":16,"pointCount":1,"homeWorkCommuteMedian":37212,"workHomeCommuteMedian":-1},"geometry":{"type":"Polygon","coordinates":[[[13.00324815274593,49.56081973907691],[13.00324815274593,49.56981294271416],[13.012241356383177,49.56981294271416],[13.012241356383177,49.56081973907691],[13.00324815274593,49.56081973907691]]]}},{"type":"Feature","properties":{"jobs":0,"pop":10,"pointCount":1,"homeWorkCommuteMedian":15105,"workHomeCommuteMedian":-1},"geometry":{"type":"Polygon","coordinates":[[[13.00324815274593,49.56981294271416],[13.00324815274593,49.578806146351404],[13.012241356383177,49.578806146351404],[13.012241356383177,49.56981294271416],[13.00324815274593,49.56981294271416]]]}},{"type":"Feature","properties":{"jobs":11,"pop":0,"pointCount":1,"homeWorkCommuteMedian":-1,"workHomeCommuteMedian":1071},"geometry":{"type":"Polygon","coordinates":[[[13.00324815274593,49.578806146351404],[13.00324815274593,49.58779934998865],[13.012241356383177,49.58779934998865],[13.012241356383177,49.578806146351404],[13.00324815274593,49.578806146351404]]]}},{"type":"Feature","properties":{"jobs":0,"pop":16,"pointCount":2,"homeWorkCommuteMedian":3558,"workHomeCommuteMedian":-1},"geometry":{"type":"Polygon","coordinates":[[[13.00324815274593,49.74068381182183],[13.00324815274593,49.74967701545908],[13.012241356383177,49.74967701545908],[13.012241356383177,49.74068381182183],[13.00324815274593,49.74068381182183]]]}},{"type":"Feature","properties":{"jobs":469,"pop":585,"pointCount":11,"homeWorkCommuteMedian":5338,"workHomeCommuteMedian":1862},"geometry":{"type":"Polygon","coordinates":[[[13.00324815274593,49.74967701545908],[13.00324815274593,49.758670219096324],[13.012241356383177,49.758670219096324],[13.012241356383177,49.74967701545908],[13.00324815274593,49.74967701545908]]]}},{"type":"Feature","properties":{"jobs":846,"pop":547,"pointCount":9,"homeWorkCommuteMedian":13044,"workHomeCommuteMedian":7860},"geometry":{"type":"Polygon","coordinates":[[[13.00324815274593,49.758670219096324],[13.00324815274593,49.76766342273357],[13.012241356383177,49.76766342273357],[13.012241356383177,49.758670219096324],[13.00324815274593,49.758670219096324]]]}},{"type":"Feature","properties":{"jobs":2,"pop":0,"pointCount":1,"homeWorkCommuteMedian":-1,"workHomeCommuteMedian":22038},"geometry":{"type":"Polygon","coordinates":[[[13.00324815274593,49.821622644557046],[13.00324815274593,49.83061584819429],[13.012241356383177,49.83061584819429],[13.012241356383177,49.821622644557046],[13.00324815274593,49.821622644557046]]]}},{"type":"Feature","properties":{"jobs":8,"pop":0,"pointCount":1,"homeWorkCommuteMedian":-1,"workHomeCommuteMedian":402},"geometry":{"type":"Polygon","coordinates":[[[13.00324815274593,49.866588662743276],[13.00324815274593,49.87558186638052],[13.012241356383177,49.87558186638052],[13.012241356383177,49.866588662743276],[13.00324815274593,49.866588662743276]]]}},{"type":"Feature","properties":{"jobs":0,"pop":17,"pointCount":1,"homeWorkCommuteMedian":41946,"workHomeCommuteMedian":-1},"geometry":{"type":"Polygon","coordinates":[[[13.00324815274593,49.929541088204],[13.00324815274593,49.93853429184124],[13.012241356383177,49.93853429184124],[13.012241356383177,49.929541088204],[13.00324815274593,49.929541088204]]]}},{"type":"Feature","properties":{"jobs":0,"pop":56,"pointCount":2,"homeWorkCommuteMedian":34518,"workHomeCommuteMedian":-1},"geometry":{"type":"Polygon","coordinates":[[[13.00324815274593,49.93853429184124],[13.00324815274593,49.94752749547849],[13.012241356383177,49.94752749547849],[13.012241356383177,49.93853429184124],[13.00324815274593,49.93853429184124]]]}},{"type":"Feature","properties":{"jobs":0,"pop":22,"pointCount":1,"homeWorkCommuteMedian":37868,"workHomeCommuteMedian":-1},"geometry":{"type":"Polygon","coordinates":[[[13.012241356383177,49.533840128165174],[13.012241356383177,49.54283333180242],[13.021234560020423,49.54283333180242],[13.021234560020423,49.533840128165174],[13.012241356383177,49.533840128165174]]]}},{"type":"Feature","properties":{"jobs":0,"pop":60,"pointCount":3,"homeWorkCommuteMedian":22322,"workHomeCommuteMedian":-1},"geometry":{"type":"Polygon","coordinates":[[[13.012241356383177,49.551826535439666],[13.012241356383177,49.56081973907691],[13.021234560020423,49.56081973907691],[13.021234560020423,49.551826535439666],[13.012241356383177,49.551826535439666]]]}},{"type":"Feature","properties":{"jobs":6,"pop":0,"pointCount":1,"homeWorkCommuteMedian":-1,"workHomeCommuteMedian":85},"geometry":{"type":"Polygon","coordinates":[[[13.012241356383177,49.578806146351404],[13.012241356383177,49.58779934998865],[13.021234560020423,49.58779934998865],[13.021234560020423,49.578806146351404],[13.012241356383177,49.578806146351404]]]}},{"type":"Feature","properties":{"jobs":0,"pop":62,"pointCount":4,"homeWorkCommuteMedian":6632,"workHomeCommuteMedian":-1},"geometry":{"type":"Polygon","coordinates":[[[13.012241356383177,49.78564983000806],[13.012241356383177,49.79464303364531],[13.021234560020423,49.79464303364531],[13.021234560020423,49.78564983000806],[13.012241356383177,49.78564983000806]]]}},{"type":"Feature","properties":{"jobs":0,"pop":12,"pointCount":1,"homeWorkCommuteMedian":22038,"workHomeCommuteMedian":-1},"geometry":{"type":"Polygon","coordinates":[[[13.012241356383177,49.821622644557046],[13.012241356383177,49.83061584819429],[13.021234560020423,49.83061584819429],[13.021234560020423,49.821622644557046],[13.012241356383177,49.821622644557046]]]}},{"type":"Feature","properties":{"jobs":0,"pop":19,"pointCount":1,"homeWorkCommuteMedian":49571,"workHomeCommuteMedian":-1},"geometry":{"type":"Polygon","coordinates":[[[13.012241356383177,49.866588662743276],[13.012241356383177,49.87558186638052],[13.021234560020423,49.87558186638052],[13.021234560020423,49.866588662743276],[13.012241356383177,49.866588662743276]]]}},{"type":"Feature","properties":{"jobs":0,"pop":20,"pointCount":1,"homeWorkCommuteMedian":35848,"workHomeCommuteMedian":-1},"geometry":{"type":"Polygon","coordinates":[[[13.012241356383177,49.929541088204],[13.012241356383177,49.93853429184124],[13.021234560020423,49.93853429184124],[13.021234560020423,49.929541088204],[13.012241356383177,49.929541088204]]]}},{"type":"Feature","properties":{"jobs":7,"pop":50,"pointCount":3,"homeWorkCommuteMedian":10943,"workHomeCommuteMedian":339},"geometry":{"type":"Polygon","coordinates":[[[13.021234560020423,49.533840128165174],[13.021234560020423,49.54283333180242],[13.030227763657669,49.54283333180242],[13.030227763657669,49.533840128165174],[13.021234560020423,49.533840128165174]]]}},{"type":"Feature","properties":{"jobs":66,"pop":48,"pointCount":3,"homeWorkCommuteMedian":7576,"workHomeCommuteMedian":4649},"geometry":{"type":"Polygon","coordinates":[[[13.021234560020423,49.551826535439666],[13.021234560020423,49.56081973907691],[13.030227763657669,49.56081973907691],[13.030227763657669,49.551826535439666],[13.021234560020423,49.551826535439666]]]}},{"type":"Feature","properties":{"jobs":0,"pop":37,"pointCount":2,"homeWorkCommuteMedian":34623,"workHomeCommuteMedian":-1},"geometry":{"type":"Polygon","coordinates":[[[13.021234560020423,49.578806146351404],[13.021234560020423,49.58779934998865],[13.030227763657669,49.58779934998865],[13.030227763657669,49.578806146351404],[13.021234560020423,49.578806146351404]]]}},{"type":"Feature","properties":{"jobs":12,"pop":147,"pointCount":8,"homeWorkCommuteMedian":12152,"workHomeCommuteMedian":391},"geometry":{"type":"Polygon","coordinates":[[[13.021234560020423,49.668738182723864],[13.021234560020423,49.67773138636111],[13.030227763657669,49.67773138636111],[13.030227763657669,49.668738182723864],[13.021234560020423,49.668738182723864]]]}},{"type":"Feature","properties":{"jobs":1,"pop":14,"pointCount":2,"homeWorkCommuteMedian":4549,"workHomeCommuteMedian":1462},"geometry":{"type":"Polygon","coordinates":[[[13.021234560020423,49.67773138636111],[13.021234560020423,49.686724589998356],[13.030227763657669,49.686724589998356],[13.030227763657669,49.67773138636111],[13.021234560020423,49.67773138636111]]]}},{"type":"Feature","properties":{"jobs":3,"pop":0,"pointCount":1,"homeWorkCommuteMedian":-1,"workHomeCommuteMedian":1622},"geometry":{"type":"Polygon","coordinates":[[[13.021234560020423,49.74068381182183],[13.021234560020423,49.74967701545908],[13.030227763657669,49.74967701545908],[13.030227763657669,49.74068381182183],[13.021234560020423,49.74068381182183]]]}},{"type":"Feature","properties":{"jobs":0,"pop":24,"pointCount":1,"homeWorkCommuteMedian":4549,"workHomeCommuteMedian":-1},"geometry":{"type":"Polygon","coordinates":[[[13.021234560020423,49.74967701545908],[13.021234560020423,49.758670219096324],[13.030227763657669,49.758670219096324],[13.030227763657669,49.74967701545908],[13.021234560020423,49.74967701545908]]]}},{"type":"Feature","properties":{"jobs":13,"pop":22,"pointCount":1,"homeWorkCommuteMedian":32304,"workHomeCommuteMedian":8337},"geometry":{"type":"Polygon","coordinates":[[[13.030227763657669,49.533840128165174],[13.030227763657669,49.54283333180242],[13.039220967294915,49.54283333180242],[13.039220967294915,49.533840128165174],[13.030227763657669,49.533840128165174]]]}},{"type":"Feature","properties":{"jobs":0,"pop":25,"pointCount":1,"homeWorkCommuteMedian":38760,"workHomeCommuteMedian":-1},"geometry":{"type":"Polygon","coordinates":[[[13.030227763657669,49.623772164537634],[13.030227763657669,49.63276536817488],[13.039220967294915,49.63276536817488],[13.039220967294915,49.623772164537634],[13.030227763657669,49.623772164537634]]]}},{"type":"Feature","properties":{"jobs":0,"pop":49,"pointCount":2,"homeWorkCommuteMedian":11466,"workHomeCommuteMedian":-1},"geometry":{"type":"Polygon","coordinates":[[[13.030227763657669,49.65075177544937],[13.030227763657669,49.65974497908662],[13.039220967294915,49.65974497908662],[13.039220967294915,49.65075177544937],[13.030227763657669,49.65075177544937]]]}},{"type":"Feature","properties":{"jobs":0,"pop":21,"pointCount":1,"homeWorkCommuteMedian":4735,"workHomeCommuteMedian":-1},"geometry":{"type":"Polygon","coordinates":[[[13.030227763657669,49.668738182723864],[13.030227763657669,49.67773138636111],[13.039220967294915,49.67773138636111],[13.039220967294915,49.668738182723864],[13.030227763657669,49.668738182723864]]]}},{"type":"Feature","properties":{"jobs":0,"pop":11,"pointCount":1,"homeWorkCommuteMedian":33356,"workHomeCommuteMedian":-1},"geometry":{"type":"Polygon","coordinates":[[[13.030227763657669,49.67773138636111],[13.030227763657669,49.686724589998356],[13.039220967294915,49.686724589998356],[13.039220967294915,49.67773138636111],[13.030227763657669,49.67773138636111]]]}},{"type":"Feature","properties":{"jobs":2550,"pop":0,"pointCount":6,"homeWorkCommuteMedian":-1,"workHomeCommuteMedian":26848},"geometry":{"type":"Polygon","coordinates":[[[13.030227763657669,49.6957177936356],[13.030227763657669,49.70471099727285],[13.039220967294915,49.70471099727285],[13.039220967294915,49.6957177936356],[13.030227763657669,49.6957177936356]]]}},{"type":"Feature","properties":{"jobs":114,"pop":0,"pointCount":1,"homeWorkCommuteMedian":-1,"workHomeCommuteMedian":8913},"geometry":{"type":"Polygon","coordinates":[[[13.030227763657669,49.70471099727285],[13.030227763657669,49.713704200910094],[13.039220967294915,49.713704200910094],[13.039220967294915,49.70471099727285],[13.030227763657669,49.70471099727285]]]}},{"type":"Feature","properties":{"jobs":10,"pop":10,"pointCount":1,"homeWorkCommuteMedian":20245,"workHomeCommuteMedian":467},"geometry":{"type":"Polygon","coordinates":[[[13.030227763657669,49.731690608184586],[13.030227763657669,49.74068381182183],[13.039220967294915,49.74068381182183],[13.039220967294915,49.731690608184586],[13.030227763657669,49.731690608184586]]]}},{"type":"Feature","properties":{"jobs":0,"pop":10,"pointCount":1,"homeWorkCommuteMedian":31259,"workHomeCommuteMedian":-1},"geometry":{"type":"Polygon","coordinates":[[[13.030227763657669,49.74967701545908],[13.030227763657669,49.758670219096324],[13.039220967294915,49.758670219096324],[13.039220967294915,49.74967701545908],[13.030227763657669,49.74967701545908]]]}},{"type":"Feature","properties":{"jobs":0,"pop":13,"pointCount":1,"homeWorkCommuteMedian":11164,"workHomeCommuteMedian":-1},"geometry":{"type":"Polygon","coordinates":[[[13.030227763657669,49.758670219096324],[13.030227763657669,49.76766342273357],[13.039220967294915,49.76766342273357],[13.039220967294915,49.758670219096324],[13.030227763657669,49.758670219096324]]]}},{"type":"Feature","properties":{"jobs":0,"pop":146,"pointCount":7,"homeWorkCommuteMedian":10364,"workHomeCommuteMedian":-1},"geometry":{"type":"Polygon","coordinates":[[[13.030227763657669,49.803636237282554],[13.030227763657669,49.8126294409198],[13.039220967294915,49.8126294409198],[13.039220967294915,49.803636237282554],[13.030227763657669,49.803636237282554]]]}},{"type":"Feature","properties":{"jobs":23,"pop":49,"pointCount":3,"homeWorkCommuteMedian":35240,"workHomeCommuteMedian":3542},"geometry":{"type":"Polygon","coordinates":[[[13.039220967294915,49.533840128165174],[13.039220967294915,49.54283333180242],[13.04821417093216,49.54283333180242],[13.04821417093216,49.533840128165174],[13.039220967294915,49.533840128165174]]]}},{"type":"Feature","properties":{"jobs":10,"pop":0,"pointCount":1,"homeWorkCommuteMedian":-1,"workHomeCommuteMedian":562},"geometry":{"type":"Polygon","coordinates":[[[13.039220967294915,49.578806146351404],[13.039220967294915,49.58779934998865],[13.04821417093216,49.58779934998865],[13.04821417093216,49.578806146351404],[13.039220967294915,49.578806146351404]]]}},{"type":"Feature","properties":{"jobs":10,"pop":48,"pointCount":3,"homeWorkCommuteMedian":28942,"workHomeCommuteMedian":394},"geometry":{"type":"Polygon","coordinates":[[[13.039220967294915,49.596792553625896],[13.039220967294915,49.60578575726314],[13.04821417093216,49.60578575726314],[13.04821417093216,49.596792553625896],[13.039220967294915,49.596792553625896]]]}},{"type":"Feature","properties":{"jobs":422,"pop":68,"pointCount":5,"homeWorkCommuteMedian":8549,"workHomeCommuteMedian":26117},"geometry":{"type":"Polygon","coordinates":[[[13.039220967294915,49.6957177936356],[13.039220967294915,49.70471099727285],[13.04821417093216,49.70471099727285],[13.04821417093216,49.6957177936356],[13.039220967294915,49.6957177936356]]]}},{"type":"Feature","properties":{"jobs":0,"pop":15,"pointCount":1,"homeWorkCommuteMedian":319,"workHomeCommuteMedian":-1},"geometry":{"type":"Polygon","coordinates":[[[13.039220967294915,49.72269740454734],[13.039220967294915,49.731690608184586],[13.04821417093216,49.731690608184586],[13.04821417093216,49.72269740454734],[13.039220967294915,49.72269740454734]]]}},{"type":"Feature","properties":{"jobs":24,"pop":94,"pointCount":5,"homeWorkCommuteMedian":7156,"workHomeCommuteMedian":589},"geometry":{"type":"Polygon","coordinates":[[[13.039220967294915,49.731690608184586],[13.039220967294915,49.74068381182183],[13.04821417093216,49.74068381182183],[13.04821417093216,49.731690608184586],[13.039220967294915,49.731690608184586]]]}},{"type":"Feature","properties":{"jobs":0,"pop":34,"pointCount":1,"homeWorkCommuteMedian":5862,"workHomeCommuteMedian":-1},"geometry":{"type":"Polygon","coordinates":[[[13.039220967294915,49.74068381182183],[13.039220967294915,49.74967701545908],[13.04821417093216,49.74967701545908],[13.04821417093216,49.74068381182183],[13.039220967294915,49.74068381182183]]]}},{"type":"Feature","properties":{"jobs":8,"pop":48,"pointCount":2,"homeWorkCommuteMedian":21777,"workHomeCommuteMedian":101},"geometry":{"type":"Polygon","coordinates":[[[13.039220967294915,49.758670219096324],[13.039220967294915,49.76766342273357],[13.04821417093216,49.76766342273357],[13.04821417093216,49.758670219096324],[13.039220967294915,49.758670219096324]]]}},{"type":"Feature","properties":{"jobs":0,"pop":18,"pointCount":1,"homeWorkCommuteMedian":21959,"workHomeCommuteMedian":-1},"geometry":{"type":"Polygon","coordinates":[[[13.039220967294915,49.821622644557046],[13.039220967294915,49.83061584819429],[13.04821417093216,49.83061584819429],[13.04821417093216,49.821622644557046],[13.039220967294915,49.821622644557046]]]}},{"type":"Feature","properties":{"jobs":8,"pop":28,"pointCount":2,"homeWorkCommuteMedian":33621,"workHomeCommuteMedian":118},"geometry":{"type":"Polygon","coordinates":[[[13.039220967294915,49.89356827365501],[13.039220967294915,49.90256147729226],[13.04821417093216,49.90256147729226],[13.04821417093216,49.89356827365501],[13.039220967294915,49.89356827365501]]]}},{"type":"Feature","properties":{"jobs":5,"pop":27,"pointCount":2,"homeWorkCommuteMedian":32984,"workHomeCommuteMedian":78},"geometry":{"type":"Polygon","coordinates":[[[13.039220967294915,49.911554680929505],[13.039220967294915,49.92054788456675],[13.04821417093216,49.92054788456675],[13.04821417093216,49.911554680929505],[13.039220967294915,49.911554680929505]]]}},{"type":"Feature","properties":{"jobs":10,"pop":0,"pointCount":1,"homeWorkCommuteMedian":-1,"workHomeCommuteMedian":3373},"geometry":{"type":"Polygon","coordinates":[[[13.04821417093216,49.56081973907691],[13.04821417093216,49.56981294271416],[13.057207374569407,49.56981294271416],[13.057207374569407,49.56081973907691],[13.04821417093216,49.56081973907691]]]}},{"type":"Feature","properties":{"jobs":0,"pop":47,"pointCount":2,"homeWorkCommuteMedian":28160,"workHomeCommuteMedian":-1},"geometry":{"type":"Polygon","coordinates":[[[13.04821417093216,49.578806146351404],[13.04821417093216,49.58779934998865],[13.057207374569407,49.58779934998865],[13.057207374569407,49.578806146351404],[13.04821417093216,49.578806146351404]]]}},{"type":"Feature","properties":{"jobs":213,"pop":0,"pointCount":2,"homeWorkCommuteMedian":-1,"workHomeCommuteMedian":20121},"geometry":{"type":"Polygon","coordinates":[[[13.04821417093216,49.6957177936356],[13.04821417093216,49.70471099727285],[13.057207374569407,49.70471099727285],[13.057207374569407,49.6957177936356],[13.04821417093216,49.6957177936356]]]}},{"type":"Feature","properties":{"jobs":15,"pop":33,"pointCount":3,"homeWorkCommuteMedian":7196,"workHomeCommuteMedian":319},"geometry":{"type":"Polygon","coordinates":[[[13.04821417093216,49.72269740454734],[13.04821417093216,49.731690608184586],[13.057207374569407,49.731690608184586],[13.057207374569407,49.72269740454734],[13.04821417093216,49.72269740454734]]]}},{"type":"Feature","properties":{"jobs":0,"pop":35,"pointCount":2,"homeWorkCommuteMedian":19767,"workHomeCommuteMedian":-1},"geometry":{"type":"Polygon","coordinates":[[[13.04821417093216,49.821622644557046],[13.04821417093216,49.83061584819429],[13.057207374569407,49.83061584819429],[13.057207374569407,49.821622644557046],[13.04821417093216,49.821622644557046]]]}},{"type":"Feature","properties":{"jobs":0,"pop":15,"pointCount":1,"homeWorkCommuteMedian":35281,"workHomeCommuteMedian":-1},"geometry":{"type":"Polygon","coordinates":[[[13.04821417093216,49.866588662743276],[13.04821417093216,49.87558186638052],[13.057207374569407,49.87558186638052],[13.057207374569407,49.866588662743276],[13.04821417093216,49.866588662743276]]]}},{"type":"Feature","properties":{"jobs":9,"pop":84,"pointCount":4,"homeWorkCommuteMedian":34523,"workHomeCommuteMedian":244},"geometry":{"type":"Polygon","coordinates":[[[13.04821417093216,49.92054788456675],[13.04821417093216,49.929541088204],[13.057207374569407,49.929541088204],[13.057207374569407,49.92054788456675],[13.04821417093216,49.92054788456675]]]}},{"type":"Feature","properties":{"jobs":0,"pop":25,"pointCount":1,"homeWorkCommuteMedian":35198,"workHomeCommuteMedian":-1},"geometry":{"type":"Polygon","coordinates":[[[13.04821417093216,49.929541088204],[13.04821417093216,49.93853429184124],[13.057207374569407,49.93853429184124],[13.057207374569407,49.929541088204],[13.04821417093216,49.929541088204]]]}},{"type":"Feature","properties":{"jobs":0,"pop":3,"pointCount":1,"homeWorkCommuteMedian":39701,"workHomeCommuteMedian":-1},"geometry":{"type":"Polygon","coordinates":[[[13.04821417093216,49.94752749547849],[13.04821417093216,49.956520699115735],[13.057207374569407,49.956520699115735],[13.057207374569407,49.94752749547849],[13.04821417093216,49.94752749547849]]]}},{"type":"Feature","properties":{"jobs":5,"pop":0,"pointCount":1,"homeWorkCommuteMedian":-1,"workHomeCommuteMedian":585},"geometry":{"type":"Polygon","coordinates":[[[13.04821417093216,49.96551390275298],[13.04821417093216,49.97450710639023],[13.057207374569407,49.97450710639023],[13.057207374569407,49.96551390275298],[13.04821417093216,49.96551390275298]]]}},{"type":"Feature","properties":{"jobs":44,"pop":175,"pointCount":7,"homeWorkCommuteMedian":40919,"workHomeCommuteMedian":344},"geometry":{"type":"Polygon","coordinates":[[[13.04821417093216,49.99249351366472],[13.04821417093216,50.001486717301965],[13.057207374569407,50.001486717301965],[13.057207374569407,49.99249351366472],[13.04821417093216,49.99249351366472]]]}},{"type":"Feature","properties":{"jobs":26,"pop":121,"pointCount":3,"homeWorkCommuteMedian":29191,"workHomeCommuteMedian":6662},"geometry":{"type":"Polygon","coordinates":[[[13.057207374569407,49.54283333180242],[13.057207374569407,49.551826535439666],[13.066200578206653,49.551826535439666],[13.066200578206653,49.54283333180242],[13.057207374569407,49.54283333180242]]]}},{"type":"Feature","properties":{"jobs":11,"pop":22,"pointCount":2,"homeWorkCommuteMedian":33303,"workHomeCommuteMedian":13044},"geometry":{"type":"Polygon","coordinates":[[[13.057207374569407,49.551826535439666],[13.057207374569407,49.56081973907691],[13.066200578206653,49.56081973907691],[13.066200578206653,49.551826535439666],[13.057207374569407,49.551826535439666]]]}},{"type":"Feature","properties":{"jobs":0,"pop":12,"pointCount":1,"homeWorkCommuteMedian":351,"workHomeCommuteMedian":-1},"geometry":{"type":"Polygon","coordinates":[[[13.057207374569407,49.58779934998865],[13.057207374569407,49.596792553625896],[13.066200578206653,49.596792553625896],[13.066200578206653,49.58779934998865],[13.057207374569407,49.58779934998865]]]}},{"type":"Feature","properties":{"jobs":12,"pop":67,"pointCount":2,"homeWorkCommuteMedian":15074,"workHomeCommuteMedian":351},"geometry":{"type":"Polygon","coordinates":[[[13.057207374569407,49.596792553625896],[13.057207374569407,49.60578575726314],[13.066200578206653,49.60578575726314],[13.066200578206653,49.596792553625896],[13.057207374569407,49.596792553625896]]]}},{"type":"Feature","properties":{"jobs":12,"pop":88,"pointCount":4,"homeWorkCommuteMedian":11687,"workHomeCommuteMedian":465},"geometry":{"type":"Polygon","coordinates":[[[13.057207374569407,49.63276536817488],[13.057207374569407,49.641758571812126],[13.066200578206653,49.641758571812126],[13.066200578206653,49.63276536817488],[13.057207374569407,49.63276536817488]]]}},{"type":"Feature","properties":{"jobs":1,"pop":0,"pointCount":1,"homeWorkCommuteMedian":-1,"workHomeCommuteMedian":666},"geometry":{"type":"Polygon","coordinates":[[[13.057207374569407,49.6957177936356],[13.057207374569407,49.70471099727285],[13.066200578206653,49.70471099727285],[13.066200578206653,49.6957177936356],[13.057207374569407,49.6957177936356]]]}},{"type":"Feature","properties":{"jobs":18,"pop":21,"pointCount":2,"homeWorkCommuteMedian":40204,"workHomeCommuteMedian":2741},"geometry":{"type":"Polygon","coordinates":[[[13.057207374569407,49.78564983000806],[13.057207374569407,49.79464303364531],[13.066200578206653,49.79464303364531],[13.066200578206653,49.78564983000806],[13.057207374569407,49.78564983000806]]]}},{"type":"Feature","properties":{"jobs":15,"pop":57,"pointCount":2,"homeWorkCommuteMedian":32320,"workHomeCommuteMedian":290},"geometry":{"type":"Polygon","coordinates":[[[13.057207374569407,49.821622644557046],[13.057207374569407,49.83061584819429],[13.066200578206653,49.83061584819429],[13.066200578206653,49.821622644557046],[13.057207374569407,49.821622644557046]]]}},{"type":"Feature","properties":{"jobs":0,"pop":11,"pointCount":1,"homeWorkCommuteMedian":34074,"workHomeCommuteMedian":-1},"geometry":{"type":"Polygon","coordinates":[[[13.057207374569407,49.84860225546878],[13.057207374569407,49.85759545910603],[13.066200578206653,49.85759545910603],[13.066200578206653,49.84860225546878],[13.057207374569407,49.84860225546878]]]}},{"type":"Feature","properties":{"jobs":0,"pop":23,"pointCount":2,"homeWorkCommuteMedian":24312,"workHomeCommuteMedian":-1},"geometry":{"type":"Polygon","coordinates":[[[13.057207374569407,49.88457507001777],[13.057207374569407,49.89356827365501],[13.066200578206653,49.89356827365501],[13.066200578206653,49.88457507001777],[13.057207374569407,49.88457507001777]]]}},{"type":"Feature","properties":{"jobs":3,"pop":0,"pointCount":1,"homeWorkCommuteMedian":-1,"workHomeCommuteMedian":252},"geometry":{"type":"Polygon","coordinates":[[[13.057207374569407,49.89356827365501],[13.057207374569407,49.90256147729226],[13.066200578206653,49.90256147729226],[13.066200578206653,49.89356827365501],[13.057207374569407,49.89356827365501]]]}},{"type":"Feature","properties":{"jobs":0,"pop":10,"pointCount":1,"homeWorkCommuteMedian":34743,"workHomeCommuteMedian":-1},"geometry":{"type":"Polygon","coordinates":[[[13.057207374569407,49.929541088204],[13.057207374569407,49.93853429184124],[13.066200578206653,49.93853429184124],[13.066200578206653,49.929541088204],[13.057207374569407,49.929541088204]]]}},{"type":"Feature","properties":{"jobs":0,"pop":36,"pointCount":2,"homeWorkCommuteMedian":38604,"workHomeCommuteMedian":-1},"geometry":{"type":"Polygon","coordinates":[[[13.057207374569407,49.96551390275298],[13.057207374569407,49.97450710639023],[13.066200578206653,49.97450710639023],[13.066200578206653,49.96551390275298],[13.057207374569407,49.96551390275298]]]}},{"type":"Feature","properties":{"jobs":0,"pop":10,"pointCount":1,"homeWorkCommuteMedian":36412,"workHomeCommuteMedian":-1},"geometry":{"type":"Polygon","coordinates":[[[13.057207374569407,49.99249351366472],[13.057207374569407,50.001486717301965],[13.066200578206653,50.001486717301965],[13.066200578206653,49.99249351366472],[13.057207374569407,49.99249351366472]]]}},{"type":"Feature","properties":{"jobs":13,"pop":95,"pointCount":2,"homeWorkCommuteMedian":34436,"workHomeCommuteMedian":84},"geometry":{"type":"Polygon","coordinates":[[[13.066200578206653,49.533840128165174],[13.066200578206653,49.54283333180242],[13.075193781843899,49.54283333180242],[13.075193781843899,49.533840128165174],[13.066200578206653,49.533840128165174]]]}},{"type":"Feature","properties":{"jobs":99,"pop":159,"pointCount":10,"homeWorkCommuteMedian":21864,"workHomeCommuteMedian":4333},"geometry":{"type":"Polygon","coordinates":[[[13.066200578206653,49.54283333180242],[13.066200578206653,49.551826535439666],[13.075193781843899,49.551826535439666],[13.075193781843899,49.54283333180242],[13.066200578206653,49.54283333180242]]]}},{"type":"Feature","properties":{"jobs":262,"pop":542,"pointCount":33,"homeWorkCommuteMedian":12970,"workHomeCommuteMedian":1360},"geometry":{"type":"Polygon","coordinates":[[[13.066200578206653,49.551826535439666],[13.066200578206653,49.56081973907691],[13.075193781843899,49.56081973907691],[13.075193781843899,49.551826535439666],[13.066200578206653,49.551826535439666]]]}},{"type":"Feature","properties":{"jobs":101,"pop":0,"pointCount":1,"homeWorkCommuteMedian":-1,"workHomeCommuteMedian":2970},"geometry":{"type":"Polygon","coordinates":[[[13.066200578206653,49.56081973907691],[13.066200578206653,49.56981294271416],[13.075193781843899,49.56981294271416],[13.075193781843899,49.56081973907691],[13.066200578206653,49.56081973907691]]]}},{"type":"Feature","properties":{"jobs":32,"pop":154,"pointCount":7,"homeWorkCommuteMedian":21980,"workHomeCommuteMedian":749},"geometry":{"type":"Polygon","coordinates":[[[13.066200578206653,49.58779934998865],[13.066200578206653,49.596792553625896],[13.075193781843899,49.596792553625896],[13.075193781843899,49.58779934998865],[13.066200578206653,49.58779934998865]]]}},{"type":"Feature","properties":{"jobs":0,"pop":28,"pointCount":2,"homeWorkCommuteMedian":10119,"workHomeCommuteMedian":-1},"geometry":{"type":"Polygon","coordinates":[[[13.066200578206653,49.63276536817488],[13.066200578206653,49.641758571812126],[13.075193781843899,49.641758571812126],[13.075193781843899,49.63276536817488],[13.066200578206653,49.63276536817488]]]}},{"type":"Feature","properties":{"jobs":0,"pop":25,"pointCount":2,"homeWorkCommuteMedian":23530,"workHomeCommuteMedian":-1},"geometry":{"type":"Polygon","coordinates":[[[13.066200578206653,49.686724589998356],[13.066200578206653,49.6957177936356],[13.075193781843899,49.6957177936356],[13.075193781843899,49.686724589998356],[13.066200578206653,49.686724589998356]]]}},{"type":"Feature","properties":{"jobs":0,"pop":1,"pointCount":1,"homeWorkCommuteMedian":666,"workHomeCommuteMedian":-1},"geometry":{"type":"Polygon","coordinates":[[[13.066200578206653,49.6957177936356],[13.066200578206653,49.70471099727285],[13.075193781843899,49.70471099727285],[13.075193781843899,49.6957177936356],[13.066200578206653,49.6957177936356]]]}},{"type":"Feature","properties":{"jobs":16,"pop":94,"pointCount":5,"homeWorkCommuteMedian":22306,"workHomeCommuteMedian":274},"geometry":{"type":"Polygon","coordinates":[[[13.066200578206653,49.74068381182183],[13.066200578206653,49.74967701545908],[13.075193781843899,49.74967701545908],[13.075193781843899,49.74068381182183],[13.066200578206653,49.74068381182183]]]}},{"type":"Feature","properties":{"jobs":12,"pop":0,"pointCount":1,"homeWorkCommuteMedian":-1,"workHomeCommuteMedian":4315},"geometry":{"type":"Polygon","coordinates":[[[13.066200578206653,49.79464303364531],[13.066200578206653,49.803636237282554],[13.075193781843899,49.803636237282554],[13.075193781843899,49.79464303364531],[13.066200578206653,49.79464303364531]]]}},{"type":"Feature","properties":{"jobs":0,"pop":12,"pointCount":1,"homeWorkCommuteMedian":220,"workHomeCommuteMedian":-1},"geometry":{"type":"Polygon","coordinates":[[[13.066200578206653,49.866588662743276],[13.066200578206653,49.87558186638052],[13.075193781843899,49.87558186638052],[13.075193781843899,49.866588662743276],[13.066200578206653,49.866588662743276]]]}},{"type":"Feature","properties":{"jobs":0,"pop":12,"pointCount":1,"homeWorkCommuteMedian":17002,"workHomeCommuteMedian":-1},"geometry":{"type":"Polygon","coordinates":[[[13.075193781843899,49.52484692452793],[13.075193781843899,49.533840128165174],[13.084186985481145,49.533840128165174],[13.084186985481145,49.52484692452793],[13.075193781843899,49.52484692452793]]]}},{"type":"Feature","properties":{"jobs":15,"pop":33,"pointCount":3,"homeWorkCommuteMedian":36007,"workHomeCommuteMedian":317},"geometry":{"type":"Polygon","coordinates":[[[13.075193781843899,49.533840128165174],[13.075193781843899,49.54283333180242],[13.084186985481145,49.54283333180242],[13.084186985481145,49.533840128165174],[13.075193781843899,49.533840128165174]]]}},{"type":"Feature","properties":{"jobs":25,"pop":449,"pointCount":14,"homeWorkCommuteMedian":21246,"workHomeCommuteMedian":632},"geometry":{"type":"Polygon","coordinates":[[[13.075193781843899,49.54283333180242],[13.075193781843899,49.551826535439666],[13.084186985481145,49.551826535439666],[13.084186985481145,49.54283333180242],[13.075193781843899,49.54283333180242]]]}},{"type":"Feature","properties":{"jobs":16,"pop":115,"pointCount":6,"homeWorkCommuteMedian":14584,"workHomeCommuteMedian":3323},"geometry":{"type":"Polygon","coordinates":[[[13.075193781843899,49.551826535439666],[13.075193781843899,49.56081973907691],[13.084186985481145,49.56081973907691],[13.084186985481145,49.551826535439666],[13.075193781843899,49.551826535439666]]]}},{"type":"Feature","properties":{"jobs":31,"pop":0,"pointCount":1,"homeWorkCommuteMedian":-1,"workHomeCommuteMedian":4295},"geometry":{"type":"Polygon","coordinates":[[[13.075193781843899,49.56081973907691],[13.075193781843899,49.56981294271416],[13.084186985481145,49.56981294271416],[13.084186985481145,49.56081973907691],[13.075193781843899,49.56081973907691]]]}},{"type":"Feature","properties":{"jobs":115,"pop":45,"pointCount":3,"homeWorkCommuteMedian":11361,"workHomeCommuteMedian":2523},"geometry":{"type":"Polygon","coordinates":[[[13.075193781843899,49.56981294271416],[13.075193781843899,49.578806146351404],[13.084186985481145,49.578806146351404],[13.084186985481145,49.56981294271416],[13.075193781843899,49.56981294271416]]]}},{"type":"Feature","properties":{"jobs":0,"pop":62,"pointCount":2,"homeWorkCommuteMedian":2041,"workHomeCommuteMedian":-1},"geometry":{"type":"Polygon","coordinates":[[[13.075193781843899,49.58779934998865],[13.075193781843899,49.596792553625896],[13.084186985481145,49.596792553625896],[13.084186985481145,49.58779934998865],[13.075193781843899,49.58779934998865]]]}},{"type":"Feature","properties":{"jobs":21,"pop":0,"pointCount":1,"homeWorkCommuteMedian":-1,"workHomeCommuteMedian":2534},"geometry":{"type":"Polygon","coordinates":[[[13.075193781843899,49.65075177544937],[13.075193781843899,49.65974497908662],[13.084186985481145,49.65974497908662],[13.084186985481145,49.65075177544937],[13.075193781843899,49.65075177544937]]]}},{"type":"Feature","properties":{"jobs":0,"pop":11,"pointCount":1,"homeWorkCommuteMedian":8702,"workHomeCommuteMedian":-1},"geometry":{"type":"Polygon","coordinates":[[[13.075193781843899,49.74967701545908],[13.075193781843899,49.758670219096324],[13.084186985481145,49.758670219096324],[13.084186985481145,49.74967701545908],[13.075193781843899,49.74967701545908]]]}},{"type":"Feature","properties":{"jobs":12,"pop":79,"pointCount":4,"homeWorkCommuteMedian":30006,"workHomeCommuteMedian":220},"geometry":{"type":"Polygon","coordinates":[[[13.075193781843899,49.866588662743276],[13.075193781843899,49.87558186638052],[13.084186985481145,49.87558186638052],[13.084186985481145,49.866588662743276],[13.075193781843899,49.866588662743276]]]}},{"type":"Feature","properties":{"jobs":0,"pop":42,"pointCount":2,"homeWorkCommuteMedian":34583,"workHomeCommuteMedian":-1},"geometry":{"type":"Polygon","coordinates":[[[13.075193781843899,49.90256147729226],[13.075193781843899,49.911554680929505],[13.084186985481145,49.911554680929505],[13.084186985481145,49.90256147729226],[13.075193781843899,49.90256147729226]]]}},{"type":"Feature","properties":{"jobs":0,"pop":16,"pointCount":1,"homeWorkCommuteMedian":39861,"workHomeCommuteMedian":-1},"geometry":{"type":"Polygon","coordinates":[[[13.075193781843899,49.97450710639023],[13.075193781843899,49.98350031002747],[13.084186985481145,49.98350031002747],[13.084186985481145,49.97450710639023],[13.075193781843899,49.97450710639023]]]}},{"type":"Feature","properties":{"jobs":12,"pop":0,"pointCount":1,"homeWorkCommuteMedian":-1,"workHomeCommuteMedian":2652},"geometry":{"type":"Polygon","coordinates":[[[13.084186985481145,49.578806146351404],[13.084186985481145,49.58779934998865],[13.09318018911839,49.58779934998865],[13.09318018911839,49.578806146351404],[13.084186985481145,49.578806146351404]]]}},{"type":"Feature","properties":{"jobs":71,"pop":0,"pointCount":3,"homeWorkCommuteMedian":-1,"workHomeCommuteMedian":3780},"geometry":{"type":"Polygon","coordinates":[[[13.084186985481145,49.60578575726314],[13.084186985481145,49.61477896090039],[13.09318018911839,49.61477896090039],[13.09318018911839,49.60578575726314],[13.084186985481145,49.60578575726314]]]}},{"type":"Feature","properties":{"jobs":0,"pop":21,"pointCount":1,"homeWorkCommuteMedian":7022,"workHomeCommuteMedian":-1},"geometry":{"type":"Polygon","coordinates":[[[13.084186985481145,49.65075177544937],[13.084186985481145,49.65974497908662],[13.09318018911839,49.65974497908662],[13.09318018911839,49.65075177544937],[13.084186985481145,49.65075177544937]]]}},{"type":"Feature","properties":{"jobs":7,"pop":64,"pointCount":4,"homeWorkCommuteMedian":13563,"workHomeCommuteMedian":80},"geometry":{"type":"Polygon","coordinates":[[[13.084186985481145,49.668738182723864],[13.084186985481145,49.67773138636111],[13.09318018911839,49.67773138636111],[13.09318018911839,49.668738182723864],[13.084186985481145,49.668738182723864]]]}},{"type":"Feature","properties":{"jobs":11,"pop":45,"pointCount":3,"homeWorkCommuteMedian":9879,"workHomeCommuteMedian":1030},"geometry":{"type":"Polygon","coordinates":[[[13.084186985481145,49.6957177936356],[13.084186985481145,49.70471099727285],[13.09318018911839,49.70471099727285],[13.09318018911839,49.6957177936356],[13.084186985481145,49.6957177936356]]]}},{"type":"Feature","properties":{"jobs":207,"pop":606,"pointCount":13,"homeWorkCommuteMedian":13708,"workHomeCommuteMedian":1560},"geometry":{"type":"Polygon","coordinates":[[[13.084186985481145,49.70471099727285],[13.084186985481145,49.713704200910094],[13.09318018911839,49.713704200910094],[13.09318018911839,49.70471099727285],[13.084186985481145,49.70471099727285]]]}},{"type":"Feature","properties":{"jobs":38,"pop":37,"pointCount":3,"homeWorkCommuteMedian":6044,"workHomeCommuteMedian":5887},"geometry":{"type":"Polygon","coordinates":[[[13.084186985481145,49.713704200910094],[13.084186985481145,49.72269740454734],[13.09318018911839,49.72269740454734],[13.09318018911839,49.713704200910094],[13.084186985481145,49.713704200910094]]]}},{"type":"Feature","properties":{"jobs":0,"pop":12,"pointCount":1,"homeWorkCommuteMedian":45949,"workHomeCommuteMedian":-1},"geometry":{"type":"Polygon","coordinates":[[[13.084186985481145,49.79464303364531],[13.084186985481145,49.803636237282554],[13.09318018911839,49.803636237282554],[13.09318018911839,49.79464303364531],[13.084186985481145,49.79464303364531]]]}},{"type":"Feature","properties":{"jobs":60,"pop":0,"pointCount":1,"homeWorkCommuteMedian":-1,"workHomeCommuteMedian":9627},"geometry":{"type":"Polygon","coordinates":[[[13.084186985481145,49.83960905183154],[13.084186985481145,49.84860225546878],[13.09318018911839,49.84860225546878],[13.09318018911839,49.83960905183154],[13.084186985481145,49.83960905183154]]]}},{"type":"Feature","properties":{"jobs":0,"pop":16,"pointCount":1,"homeWorkCommuteMedian":44744,"workHomeCommuteMedian":-1},"geometry":{"type":"Polygon","coordinates":[[[13.084186985481145,50.001486717301965],[13.084186985481145,50.01047992093921],[13.09318018911839,50.01047992093921],[13.09318018911839,50.001486717301965],[13.084186985481145,50.001486717301965]]]}},{"type":"Feature","properties":{"jobs":0,"pop":10,"pointCount":1,"homeWorkCommuteMedian":46292,"workHomeCommuteMedian":-1},"geometry":{"type":"Polygon","coordinates":[[[13.084186985481145,50.01947312457646],[13.084186985481145,50.0284663282137],[13.09318018911839,50.0284663282137],[13.09318018911839,50.01947312457646],[13.084186985481145,50.01947312457646]]]}},{"type":"Feature","properties":{"jobs":17,"pop":32,"pointCount":3,"homeWorkCommuteMedian":28393,"workHomeCommuteMedian":513},"geometry":{"type":"Polygon","coordinates":[[[13.09318018911839,49.56081973907691],[13.09318018911839,49.56981294271416],[13.102173392755637,49.56981294271416],[13.102173392755637,49.56081973907691],[13.09318018911839,49.56081973907691]]]}},{"type":"Feature","properties":{"jobs":0,"pop":62,"pointCount":3,"homeWorkCommuteMedian":9228,"workHomeCommuteMedian":-1},"geometry":{"type":"Polygon","coordinates":[[[13.09318018911839,49.56981294271416],[13.09318018911839,49.578806146351404],[13.102173392755637,49.578806146351404],[13.102173392755637,49.56981294271416],[13.09318018911839,49.56981294271416]]]}},{"type":"Feature","properties":{"jobs":521,"pop":405,"pointCount":19,"homeWorkCommuteMedian":11501,"workHomeCommuteMedian":6613},"geometry":{"type":"Polygon","coordinates":[[[13.09318018911839,49.58779934998865],[13.09318018911839,49.596792553625896],[13.102173392755637,49.596792553625896],[13.102173392755637,49.58779934998865],[13.09318018911839,49.58779934998865]]]}},{"type":"Feature","properties":{"jobs":224,"pop":23,"pointCount":3,"homeWorkCommuteMedian":1565,"workHomeCommuteMedian":11958},"geometry":{"type":"Polygon","coordinates":[[[13.09318018911839,49.596792553625896],[13.09318018911839,49.60578575726314],[13.102173392755637,49.60578575726314],[13.102173392755637,49.596792553625896],[13.09318018911839,49.596792553625896]]]}},{"type":"Feature","properties":{"jobs":0,"pop":10,"pointCount":1,"homeWorkCommuteMedian":9174,"workHomeCommuteMedian":-1},"geometry":{"type":"Polygon","coordinates":[[[13.09318018911839,49.60578575726314],[13.09318018911839,49.61477896090039],[13.102173392755637,49.61477896090039],[13.102173392755637,49.60578575726314],[13.09318018911839,49.60578575726314]]]}},{"type":"Feature","properties":{"jobs":9,"pop":45,"pointCount":2,"homeWorkCommuteMedian":5649,"workHomeCommuteMedian":126},"geometry":{"type":"Polygon","coordinates":[[[13.09318018911839,49.63276536817488],[13.09318018911839,49.641758571812126],[13.102173392755637,49.641758571812126],[13.102173392755637,49.63276536817488],[13.09318018911839,49.63276536817488]]]}},{"type":"Feature","properties":{"jobs":0,"pop":26,"pointCount":2,"homeWorkCommuteMedian":21444,"workHomeCommuteMedian":-1},"geometry":{"type":"Polygon","coordinates":[[[13.09318018911839,49.686724589998356],[13.09318018911839,49.6957177936356],[13.102173392755637,49.6957177936356],[13.102173392755637,49.686724589998356],[13.09318018911839,49.686724589998356]]]}},{"type":"Feature","properties":{"jobs":40,"pop":52,"pointCount":4,"homeWorkCommuteMedian":4791,"workHomeCommuteMedian":1001},"geometry":{"type":"Polygon","coordinates":[[[13.09318018911839,49.70471099727285],[13.09318018911839,49.713704200910094],[13.102173392755637,49.713704200910094],[13.102173392755637,49.70471099727285],[13.09318018911839,49.70471099727285]]]}},{"type":"Feature","properties":{"jobs":0,"pop":146,"pointCount":2,"homeWorkCommuteMedian":11510,"workHomeCommuteMedian":-1},"geometry":{"type":"Polygon","coordinates":[[[13.09318018911839,49.713704200910094],[13.09318018911839,49.72269740454734],[13.102173392755637,49.72269740454734],[13.102173392755637,49.713704200910094],[13.09318018911839,49.713704200910094]]]}},{"type":"Feature","properties":{"jobs":7,"pop":21,"pointCount":2,"homeWorkCommuteMedian":34742,"workHomeCommuteMedian":282},"geometry":{"type":"Polygon","coordinates":[[[13.09318018911839,49.72269740454734],[13.09318018911839,49.731690608184586],[13.102173392755637,49.731690608184586],[13.102173392755637,49.72269740454734],[13.09318018911839,49.72269740454734]]]}},{"type":"Feature","properties":{"jobs":0,"pop":1,"pointCount":1,"homeWorkCommuteMedian":23368,"workHomeCommuteMedian":-1},"geometry":{"type":"Polygon","coordinates":[[[13.09318018911839,49.79464303364531],[13.09318018911839,49.803636237282554],[13.102173392755637,49.803636237282554],[13.102173392755637,49.79464303364531],[13.09318018911839,49.79464303364531]]]}},{"type":"Feature","properties":{"jobs":0,"pop":69,"pointCount":1,"homeWorkCommuteMedian":28113,"workHomeCommuteMedian":-1},"geometry":{"type":"Polygon","coordinates":[[[13.09318018911839,49.8126294409198],[13.09318018911839,49.821622644557046],[13.102173392755637,49.821622644557046],[13.102173392755637,49.8126294409198],[13.09318018911839,49.8126294409198]]]}},{"type":"Feature","properties":{"jobs":16,"pop":326,"pointCount":3,"homeWorkCommuteMedian":27650,"workHomeCommuteMedian":4285},"geometry":{"type":"Polygon","coordinates":[[[13.09318018911839,49.83960905183154],[13.09318018911839,49.84860225546878],[13.102173392755637,49.84860225546878],[13.102173392755637,49.83960905183154],[13.09318018911839,49.83960905183154]]]}},{"type":"Feature","properties":{"jobs":0,"pop":16,"pointCount":1,"homeWorkCommuteMedian":34523,"workHomeCommuteMedian":-1},"geometry":{"type":"Polygon","coordinates":[[[13.09318018911839,49.911554680929505],[13.09318018911839,49.92054788456675],[13.102173392755637,49.92054788456675],[13.102173392755637,49.911554680929505],[13.09318018911839,49.911554680929505]]]}},{"type":"Feature","properties":{"jobs":111,"pop":11,"pointCount":2,"homeWorkCommuteMedian":45750,"workHomeCommuteMedian":45176},"geometry":{"type":"Polygon","coordinates":[[[13.09318018911839,49.99249351366472],[13.09318018911839,50.001486717301965],[13.102173392755637,50.001486717301965],[13.102173392755637,49.99249351366472],[13.09318018911839,49.99249351366472]]]}},{"type":"Feature","properties":{"jobs":0,"pop":34,"pointCount":2,"homeWorkCommuteMedian":32719,"workHomeCommuteMedian":-1},"geometry":{"type":"Polygon","coordinates":[[[13.102173392755637,49.51585372089068],[13.102173392755637,49.52484692452793],[13.111166596392883,49.52484692452793],[13.111166596392883,49.51585372089068],[13.102173392755637,49.51585372089068]]]}},{"type":"Feature","properties":{"jobs":10,"pop":138,"pointCount":6,"homeWorkCommuteMedian":20113,"workHomeCommuteMedian":405},"geometry":{"type":"Polygon","coordinates":[[[13.102173392755637,49.54283333180242],[13.102173392755637,49.551826535439666],[13.111166596392883,49.551826535439666],[13.111166596392883,49.54283333180242],[13.102173392755637,49.54283333180242]]]}},{"type":"Feature","properties":{"jobs":0,"pop":62,"pointCount":2,"homeWorkCommuteMedian":3980,"workHomeCommuteMedian":-1},"geometry":{"type":"Polygon","coordinates":[[[13.102173392755637,49.56081973907691],[13.102173392755637,49.56981294271416],[13.111166596392883,49.56981294271416],[13.111166596392883,49.56081973907691],[13.102173392755637,49.56081973907691]]]}},{"type":"Feature","properties":{"jobs":0,"pop":51,"pointCount":2,"homeWorkCommuteMedian":24549,"workHomeCommuteMedian":-1},"geometry":{"type":"Polygon","coordinates":[[[13.102173392755637,49.56981294271416],[13.102173392755637,49.578806146351404],[13.111166596392883,49.578806146351404],[13.111166596392883,49.56981294271416],[13.102173392755637,49.56981294271416]]]}},{"type":"Feature","properties":{"jobs":277,"pop":2257,"pointCount":68,"homeWorkCommuteMedian":18993,"workHomeCommuteMedian":3980},"geometry":{"type":"Polygon","coordinates":[[[13.102173392755637,49.58779934998865],[13.102173392755637,49.596792553625896],[13.111166596392883,49.596792553625896],[13.111166596392883,49.58779934998865],[13.102173392755637,49.58779934998865]]]}},{"type":"Feature","properties":{"jobs":1195,"pop":0,"pointCount":2,"homeWorkCommuteMedian":-1,"workHomeCommuteMedian":18673},"geometry":{"type":"Polygon","coordinates":[[[13.102173392755637,49.596792553625896],[13.102173392755637,49.60578575726314],[13.111166596392883,49.60578575726314],[13.111166596392883,49.596792553625896],[13.102173392755637,49.596792553625896]]]}},{"type":"Feature","properties":{"jobs":0,"pop":36,"pointCount":1,"homeWorkCommuteMedian":26188,"workHomeCommuteMedian":-1},"geometry":{"type":"Polygon","coordinates":[[[13.102173392755637,49.63276536817488],[13.102173392755637,49.641758571812126],[13.111166596392883,49.641758571812126],[13.111166596392883,49.63276536817488],[13.102173392755637,49.63276536817488]]]}},{"type":"Feature","properties":{"jobs":0,"pop":30,"pointCount":2,"homeWorkCommuteMedian":10965,"workHomeCommuteMedian":-1},"geometry":{"type":"Polygon","coordinates":[[[13.102173392755637,49.72269740454734],[13.102173392755637,49.731690608184586],[13.111166596392883,49.731690608184586],[13.111166596392883,49.72269740454734],[13.102173392755637,49.72269740454734]]]}},{"type":"Feature","properties":{"jobs":11,"pop":35,"pointCount":2,"homeWorkCommuteMedian":26182,"workHomeCommuteMedian":138},"geometry":{"type":"Polygon","coordinates":[[[13.102173392755637,49.803636237282554],[13.102173392755637,49.8126294409198],[13.111166596392883,49.8126294409198],[13.111166596392883,49.803636237282554],[13.102173392755637,49.803636237282554]]]}},{"type":"Feature","properties":{"jobs":0,"pop":12,"pointCount":1,"homeWorkCommuteMedian":24490,"workHomeCommuteMedian":-1},"geometry":{"type":"Polygon","coordinates":[[[13.102173392755637,49.8126294409198],[13.102173392755637,49.821622644557046],[13.111166596392883,49.821622644557046],[13.111166596392883,49.8126294409198],[13.102173392755637,49.8126294409198]]]}},{"type":"Feature","properties":{"jobs":11,"pop":0,"pointCount":1,"homeWorkCommuteMedian":-1,"workHomeCommuteMedian":1287},"geometry":{"type":"Polygon","coordinates":[[[13.102173392755637,49.83061584819429],[13.102173392755637,49.83960905183154],[13.111166596392883,49.83960905183154],[13.111166596392883,49.83061584819429],[13.102173392755637,49.83061584819429]]]}},{"type":"Feature","properties":{"jobs":10,"pop":46,"pointCount":2,"homeWorkCommuteMedian":27391,"workHomeCommuteMedian":349},"geometry":{"type":"Polygon","coordinates":[[[13.102173392755637,49.866588662743276],[13.102173392755637,49.87558186638052],[13.111166596392883,49.87558186638052],[13.111166596392883,49.866588662743276],[13.102173392755637,49.866588662743276]]]}},{"type":"Feature","properties":{"jobs":0,"pop":2,"pointCount":1,"homeWorkCommuteMedian":30901,"workHomeCommuteMedian":-1},"geometry":{"type":"Polygon","coordinates":[[[13.102173392755637,49.87558186638052],[13.102173392755637,49.88457507001777],[13.111166596392883,49.88457507001777],[13.111166596392883,49.87558186638052],[13.102173392755637,49.87558186638052]]]}},{"type":"Feature","properties":{"jobs":0,"pop":3,"pointCount":1,"homeWorkCommuteMedian":36339,"workHomeCommuteMedian":-1},"geometry":{"type":"Polygon","coordinates":[[[13.102173392755637,49.929541088204],[13.102173392755637,49.93853429184124],[13.111166596392883,49.93853429184124],[13.111166596392883,49.929541088204],[13.102173392755637,49.929541088204]]]}},{"type":"Feature","properties":{"jobs":0,"pop":5,"pointCount":1,"homeWorkCommuteMedian":35560,"workHomeCommuteMedian":-1},"geometry":{"type":"Polygon","coordinates":[[[13.102173392755637,49.93853429184124],[13.102173392755637,49.94752749547849],[13.111166596392883,49.94752749547849],[13.111166596392883,49.93853429184124],[13.102173392755637,49.93853429184124]]]}},{"type":"Feature","properties":{"jobs":15,"pop":11,"pointCount":1,"homeWorkCommuteMedian":21309,"workHomeCommuteMedian":4870},"geometry":{"type":"Polygon","coordinates":[[[13.111166596392883,49.49786731361619],[13.111166596392883,49.506860517253436],[13.120159800030128,49.506860517253436],[13.120159800030128,49.49786731361619],[13.111166596392883,49.49786731361619]]]}},{"type":"Feature","properties":{"jobs":20,"pop":63,"pointCount":3,"homeWorkCommuteMedian":36248,"workHomeCommuteMedian":2085},"geometry":{"type":"Polygon","coordinates":[[[13.111166596392883,49.506860517253436],[13.111166596392883,49.51585372089068],[13.120159800030128,49.51585372089068],[13.120159800030128,49.506860517253436],[13.111166596392883,49.506860517253436]]]}},{"type":"Feature","properties":{"jobs":0,"pop":42,"pointCount":3,"homeWorkCommuteMedian":23816,"workHomeCommuteMedian":-1},"geometry":{"type":"Polygon","coordinates":[[[13.111166596392883,49.51585372089068],[13.111166596392883,49.52484692452793],[13.120159800030128,49.52484692452793],[13.120159800030128,49.51585372089068],[13.111166596392883,49.51585372089068]]]}},{"type":"Feature","properties":{"jobs":0,"pop":99,"pointCount":4,"homeWorkCommuteMedian":29807,"workHomeCommuteMedian":-1},"geometry":{"type":"Polygon","coordinates":[[[13.111166596392883,49.52484692452793],[13.111166596392883,49.533840128165174],[13.120159800030128,49.533840128165174],[13.120159800030128,49.52484692452793],[13.111166596392883,49.52484692452793]]]}},{"type":"Feature","properties":{"jobs":0,"pop":32,"pointCount":1,"homeWorkCommuteMedian":1971,"workHomeCommuteMedian":-1},"geometry":{"type":"Polygon","coordinates":[[[13.111166596392883,49.58779934998865],[13.111166596392883,49.596792553625896],[13.120159800030128,49.596792553625896],[13.120159800030128,49.58779934998865],[13.111166596392883,49.58779934998865]]]}},{"type":"Feature","properties":{"jobs":0,"pop":12,"pointCount":1,"homeWorkCommuteMedian":8089,"workHomeCommuteMedian":-1},"geometry":{"type":"Polygon","coordinates":[[[13.111166596392883,49.623772164537634],[13.111166596392883,49.63276536817488],[13.120159800030128,49.63276536817488],[13.120159800030128,49.623772164537634],[13.111166596392883,49.623772164537634]]]}},{"type":"Feature","properties":{"jobs":21,"pop":111,"pointCount":6,"homeWorkCommuteMedian":16884,"workHomeCommuteMedian":614},"geometry":{"type":"Polygon","coordinates":[[[13.111166596392883,49.63276536817488],[13.111166596392883,49.641758571812126],[13.120159800030128,49.641758571812126],[13.120159800030128,49.63276536817488],[13.111166596392883,49.63276536817488]]]}},{"type":"Feature","properties":{"jobs":12,"pop":102,"pointCount":5,"homeWorkCommuteMedian":12099,"workHomeCommuteMedian":395},"geometry":{"type":"Polygon","coordinates":[[[13.111166596392883,49.65974497908662],[13.111166596392883,49.668738182723864],[13.120159800030128,49.668738182723864],[13.120159800030128,49.65974497908662],[13.111166596392883,49.65974497908662]]]}},{"type":"Feature","properties":{"jobs":3,"pop":0,"pointCount":1,"homeWorkCommuteMedian":-1,"workHomeCommuteMedian":5000},"geometry":{"type":"Polygon","coordinates":[[[13.111166596392883,49.713704200910094],[13.111166596392883,49.72269740454734],[13.120159800030128,49.72269740454734],[13.120159800030128,49.713704200910094],[13.111166596392883,49.713704200910094]]]}},{"type":"Feature","properties":{"jobs":21,"pop":41,"pointCount":2,"homeWorkCommuteMedian":20055,"workHomeCommuteMedian":418},"geometry":{"type":"Polygon","coordinates":[[[13.111166596392883,49.776656626370816],[13.111166596392883,49.78564983000806],[13.120159800030128,49.78564983000806],[13.120159800030128,49.776656626370816],[13.111166596392883,49.776656626370816]]]}},{"type":"Feature","properties":{"jobs":0,"pop":10,"pointCount":1,"homeWorkCommuteMedian":41281,"workHomeCommuteMedian":-1},"geometry":{"type":"Polygon","coordinates":[[[13.111166596392883,49.866588662743276],[13.111166596392883,49.87558186638052],[13.120159800030128,49.87558186638052],[13.120159800030128,49.866588662743276],[13.111166596392883,49.866588662743276]]]}},{"type":"Feature","properties":{"jobs":0,"pop":1,"pointCount":1,"homeWorkCommuteMedian":28826,"workHomeCommuteMedian":-1},"geometry":{"type":"Polygon","coordinates":[[[13.111166596392883,49.92054788456675],[13.111166596392883,49.929541088204],[13.120159800030128,49.929541088204],[13.120159800030128,49.92054788456675],[13.111166596392883,49.92054788456675]]]}},{"type":"Feature","properties":{"jobs":0,"pop":28,"pointCount":2,"homeWorkCommuteMedian":43646,"workHomeCommuteMedian":-1},"geometry":{"type":"Polygon","coordinates":[[[13.111166596392883,50.01047992093921],[13.111166596392883,50.01947312457646],[13.120159800030128,50.01947312457646],[13.120159800030128,50.01047992093921],[13.111166596392883,50.01047992093921]]]}},{"type":"Feature","properties":{"jobs":0,"pop":10,"pointCount":1,"homeWorkCommuteMedian":20108,"workHomeCommuteMedian":-1},"geometry":{"type":"Polygon","coordinates":[[[13.120159800030128,49.52484692452793],[13.120159800030128,49.533840128165174],[13.129153003667374,49.533840128165174],[13.129153003667374,49.52484692452793],[13.120159800030128,49.52484692452793]]]}},{"type":"Feature","properties":{"jobs":42,"pop":181,"pointCount":10,"homeWorkCommuteMedian":13923,"workHomeCommuteMedian":926},"geometry":{"type":"Polygon","coordinates":[[[13.120159800030128,49.63276536817488],[13.120159800030128,49.641758571812126],[13.129153003667374,49.641758571812126],[13.129153003667374,49.63276536817488],[13.120159800030128,49.63276536817488]]]}},{"type":"Feature","properties":{"jobs":0,"pop":11,"pointCount":1,"homeWorkCommuteMedian":26182,"workHomeCommuteMedian":-1},"geometry":{"type":"Polygon","coordinates":[[[13.120159800030128,49.65075177544937],[13.120159800030128,49.65974497908662],[13.129153003667374,49.65974497908662],[13.129153003667374,49.65075177544937],[13.120159800030128,49.65075177544937]]]}},{"type":"Feature","properties":{"jobs":0,"pop":33,"pointCount":1,"homeWorkCommuteMedian":24240,"workHomeCommuteMedian":-1},"geometry":{"type":"Polygon","coordinates":[[[13.120159800030128,49.65974497908662],[13.120159800030128,49.668738182723864],[13.129153003667374,49.668738182723864],[13.129153003667374,49.65974497908662],[13.120159800030128,49.65974497908662]]]}},{"type":"Feature","properties":{"jobs":0,"pop":106,"pointCount":5,"homeWorkCommuteMedian":12844,"workHomeCommuteMedian":-1},"geometry":{"type":"Polygon","coordinates":[[[13.120159800030128,49.6957177936356],[13.120159800030128,49.70471099727285],[13.129153003667374,49.70471099727285],[13.129153003667374,49.6957177936356],[13.120159800030128,49.6957177936356]]]}},{"type":"Feature","properties":{"jobs":15,"pop":66,"pointCount":3,"homeWorkCommuteMedian":25708,"workHomeCommuteMedian":534},"geometry":{"type":"Polygon","coordinates":[[[13.120159800030128,49.731690608184586],[13.120159800030128,49.74068381182183],[13.129153003667374,49.74068381182183],[13.129153003667374,49.731690608184586],[13.120159800030128,49.731690608184586]]]}},{"type":"Feature","properties":{"jobs":14,"pop":21,"pointCount":1,"homeWorkCommuteMedian":418,"workHomeCommuteMedian":471},"geometry":{"type":"Polygon","coordinates":[[[13.120159800030128,49.76766342273357],[13.120159800030128,49.776656626370816],[13.129153003667374,49.776656626370816],[13.129153003667374,49.76766342273357],[13.120159800030128,49.76766342273357]]]}},{"type":"Feature","properties":{"jobs":0,"pop":98,"pointCount":5,"homeWorkCommuteMedian":20644,"workHomeCommuteMedian":-1},"geometry":{"type":"Polygon","coordinates":[[[13.120159800030128,49.776656626370816],[13.120159800030128,49.78564983000806],[13.129153003667374,49.78564983000806],[13.129153003667374,49.776656626370816],[13.120159800030128,49.776656626370816]]]}},{"type":"Feature","properties":{"jobs":8,"pop":23,"pointCount":2,"homeWorkCommuteMedian":29282,"workHomeCommuteMedian":108},"geometry":{"type":"Polygon","coordinates":[[[13.120159800030128,49.866588662743276],[13.120159800030128,49.87558186638052],[13.129153003667374,49.87558186638052],[13.129153003667374,49.866588662743276],[13.120159800030128,49.866588662743276]]]}},{"type":"Feature","properties":{"jobs":0,"pop":21,"pointCount":1,"homeWorkCommuteMedian":2769,"workHomeCommuteMedian":-1},"geometry":{"type":"Polygon","coordinates":[[[13.120159800030128,49.88457507001777],[13.120159800030128,49.89356827365501],[13.129153003667374,49.89356827365501],[13.129153003667374,49.88457507001777],[13.120159800030128,49.88457507001777]]]}},{"type":"Feature","properties":{"jobs":0,"pop":54,"pointCount":3,"homeWorkCommuteMedian":26392,"workHomeCommuteMedian":-1},"geometry":{"type":"Polygon","coordinates":[[[13.120159800030128,49.89356827365501],[13.120159800030128,49.90256147729226],[13.129153003667374,49.90256147729226],[13.129153003667374,49.89356827365501],[13.120159800030128,49.89356827365501]]]}},{"type":"Feature","properties":{"jobs":16,"pop":100,"pointCount":5,"homeWorkCommuteMedian":19439,"workHomeCommuteMedian":290},"geometry":{"type":"Polygon","coordinates":[[[13.129153003667374,49.52484692452793],[13.129153003667374,49.533840128165174],[13.13814620730462,49.533840128165174],[13.13814620730462,49.52484692452793],[13.129153003667374,49.52484692452793]]]}},{"type":"Feature","properties":{"jobs":12,"pop":74,"pointCount":4,"homeWorkCommuteMedian":15984,"workHomeCommuteMedian":87},"geometry":{"type":"Polygon","coordinates":[[[13.129153003667374,49.623772164537634],[13.129153003667374,49.63276536817488],[13.13814620730462,49.63276536817488],[13.13814620730462,49.623772164537634],[13.129153003667374,49.623772164537634]]]}},{"type":"Feature","properties":{"jobs":20,"pop":81,"pointCount":5,"homeWorkCommuteMedian":9865,"workHomeCommuteMedian":9966},"geometry":{"type":"Polygon","coordinates":[[[13.129153003667374,49.6957177936356],[13.129153003667374,49.70471099727285],[13.13814620730462,49.70471099727285],[13.13814620730462,49.6957177936356],[13.129153003667374,49.6957177936356]]]}},{"type":"Feature","properties":{"jobs":10,"pop":0,"pointCount":1,"homeWorkCommuteMedian":-1,"workHomeCommuteMedian":2700},"geometry":{"type":"Polygon","coordinates":[[[13.129153003667374,49.78564983000806],[13.129153003667374,49.79464303364531],[13.13814620730462,49.79464303364531],[13.13814620730462,49.78564983000806],[13.129153003667374,49.78564983000806]]]}},{"type":"Feature","properties":{"jobs":0,"pop":12,"pointCount":1,"homeWorkCommuteMedian":28267,"workHomeCommuteMedian":-1},"geometry":{"type":"Polygon","coordinates":[[[13.129153003667374,49.83960905183154],[13.129153003667374,49.84860225546878],[13.13814620730462,49.84860225546878],[13.13814620730462,49.83960905183154],[13.129153003667374,49.83960905183154]]]}},{"type":"Feature","properties":{"jobs":0,"pop":36,"pointCount":2,"homeWorkCommuteMedian":37986,"workHomeCommuteMedian":-1},"geometry":{"type":"Polygon","coordinates":[[[13.129153003667374,49.956520699115735],[13.129153003667374,49.96551390275298],[13.13814620730462,49.96551390275298],[13.13814620730462,49.956520699115735],[13.129153003667374,49.956520699115735]]]}},{"type":"Feature","properties":{"jobs":11,"pop":38,"pointCount":3,"homeWorkCommuteMedian":28192,"workHomeCommuteMedian":262},"geometry":{"type":"Polygon","coordinates":[[[13.13814620730462,49.49786731361619],[13.13814620730462,49.506860517253436],[13.147139410941866,49.506860517253436],[13.147139410941866,49.49786731361619],[13.13814620730462,49.49786731361619]]]}},{"type":"Feature","properties":{"jobs":0,"pop":26,"pointCount":2,"homeWorkCommuteMedian":11010,"workHomeCommuteMedian":-1},"geometry":{"type":"Polygon","coordinates":[[[13.13814620730462,49.668738182723864],[13.13814620730462,49.67773138636111],[13.147139410941866,49.67773138636111],[13.147139410941866,49.668738182723864],[13.13814620730462,49.668738182723864]]]}},{"type":"Feature","properties":{"jobs":32,"pop":65,"pointCount":3,"homeWorkCommuteMedian":12784,"workHomeCommuteMedian":653},"geometry":{"type":"Polygon","coordinates":[[[13.13814620730462,49.72269740454734],[13.13814620730462,49.731690608184586],[13.147139410941866,49.731690608184586],[13.147139410941866,49.72269740454734],[13.13814620730462,49.72269740454734]]]}},{"type":"Feature","properties":{"jobs":0,"pop":76,"pointCount":2,"homeWorkCommuteMedian":22840,"workHomeCommuteMedian":-1},"geometry":{"type":"Polygon","coordinates":[[[13.13814620730462,49.731690608184586],[13.13814620730462,49.74068381182183],[13.147139410941866,49.74068381182183],[13.147139410941866,49.731690608184586],[13.13814620730462,49.731690608184586]]]}},{"type":"Feature","properties":{"jobs":0,"pop":24,"pointCount":1,"homeWorkCommuteMedian":19696,"workHomeCommuteMedian":-1},"geometry":{"type":"Polygon","coordinates":[[[13.13814620730462,49.74967701545908],[13.13814620730462,49.758670219096324],[13.147139410941866,49.758670219096324],[13.147139410941866,49.74967701545908],[13.13814620730462,49.74967701545908]]]}},{"type":"Feature","properties":{"jobs":0,"pop":61,"pointCount":2,"homeWorkCommuteMedian":18335,"workHomeCommuteMedian":-1},"geometry":{"type":"Polygon","coordinates":[[[13.13814620730462,49.758670219096324],[13.13814620730462,49.76766342273357],[13.147139410941866,49.76766342273357],[13.147139410941866,49.758670219096324],[13.13814620730462,49.758670219096324]]]}},{"type":"Feature","properties":{"jobs":0,"pop":24,"pointCount":1,"homeWorkCommuteMedian":19441,"workHomeCommuteMedian":-1},"geometry":{"type":"Polygon","coordinates":[[[13.13814620730462,49.76766342273357],[13.13814620730462,49.776656626370816],[13.147139410941866,49.776656626370816],[13.147139410941866,49.76766342273357],[13.13814620730462,49.76766342273357]]]}},{"type":"Feature","properties":{"jobs":0,"pop":12,"pointCount":1,"homeWorkCommuteMedian":35721,"workHomeCommuteMedian":-1},"geometry":{"type":"Polygon","coordinates":[[[13.13814620730462,49.776656626370816],[13.13814620730462,49.78564983000806],[13.147139410941866,49.78564983000806],[13.147139410941866,49.776656626370816],[13.13814620730462,49.776656626370816]]]}},{"type":"Feature","properties":{"jobs":0,"pop":30,"pointCount":1,"homeWorkCommuteMedian":22830,"workHomeCommuteMedian":-1},"geometry":{"type":"Polygon","coordinates":[[[13.13814620730462,49.78564983000806],[13.13814620730462,49.79464303364531],[13.147139410941866,49.79464303364531],[13.147139410941866,49.78564983000806],[13.13814620730462,49.78564983000806]]]}},{"type":"Feature","properties":{"jobs":1,"pop":81,"pointCount":3,"homeWorkCommuteMedian":10434,"workHomeCommuteMedian":344},"geometry":{"type":"Polygon","coordinates":[[[13.13814620730462,49.8126294409198],[13.13814620730462,49.821622644557046],[13.147139410941866,49.821622644557046],[13.147139410941866,49.8126294409198],[13.13814620730462,49.8126294409198]]]}},{"type":"Feature","properties":{"jobs":45,"pop":22,"pointCount":2,"homeWorkCommuteMedian":507,"workHomeCommuteMedian":7981},"geometry":{"type":"Polygon","coordinates":[[[13.13814620730462,49.87558186638052],[13.13814620730462,49.88457507001777],[13.147139410941866,49.88457507001777],[13.147139410941866,49.87558186638052],[13.13814620730462,49.87558186638052]]]}},{"type":"Feature","properties":{"jobs":0,"pop":27,"pointCount":1,"homeWorkCommuteMedian":29850,"workHomeCommuteMedian":-1},"geometry":{"type":"Polygon","coordinates":[[[13.13814620730462,49.90256147729226],[13.13814620730462,49.911554680929505],[13.147139410941866,49.911554680929505],[13.147139410941866,49.90256147729226],[13.13814620730462,49.90256147729226]]]}},{"type":"Feature","properties":{"jobs":0,"pop":25,"pointCount":1,"homeWorkCommuteMedian":43387,"workHomeCommuteMedian":-1},"geometry":{"type":"Polygon","coordinates":[[[13.13814620730462,50.001486717301965],[13.13814620730462,50.01047992093921],[13.147139410941866,50.01047992093921],[13.147139410941866,50.001486717301965],[13.13814620730462,50.001486717301965]]]}},{"type":"Feature","properties":{"jobs":0,"pop":20,"pointCount":1,"homeWorkCommuteMedian":35835,"workHomeCommuteMedian":-1},"geometry":{"type":"Polygon","coordinates":[[[13.147139410941866,49.533840128165174],[13.147139410941866,49.54283333180242],[13.156132614579112,49.54283333180242],[13.156132614579112,49.533840128165174],[13.147139410941866,49.533840128165174]]]}},{"type":"Feature","properties":{"jobs":596,"pop":69,"pointCount":7,"homeWorkCommuteMedian":24551,"workHomeCommuteMedian":20204},"geometry":{"type":"Polygon","coordinates":[[[13.147139410941866,49.63276536817488],[13.147139410941866,49.641758571812126],[13.156132614579112,49.641758571812126],[13.156132614579112,49.63276536817488],[13.147139410941866,49.63276536817488]]]}},{"type":"Feature","properties":{"jobs":186,"pop":0,"pointCount":2,"homeWorkCommuteMedian":-1,"workHomeCommuteMedian":18560},"geometry":{"type":"Polygon","coordinates":[[[13.147139410941866,49.641758571812126],[13.147139410941866,49.65075177544937],[13.156132614579112,49.65075177544937],[13.156132614579112,49.641758571812126],[13.147139410941866,49.641758571812126]]]}},{"type":"Feature","properties":{"jobs":24,"pop":91,"pointCount":4,"homeWorkCommuteMedian":12879,"workHomeCommuteMedian":421},"geometry":{"type":"Polygon","coordinates":[[[13.147139410941866,49.668738182723864],[13.147139410941866,49.67773138636111],[13.156132614579112,49.67773138636111],[13.156132614579112,49.668738182723864],[13.147139410941866,49.668738182723864]]]}},{"type":"Feature","properties":{"jobs":0,"pop":19,"pointCount":1,"homeWorkCommuteMedian":17015,"workHomeCommuteMedian":-1},"geometry":{"type":"Polygon","coordinates":[[[13.147139410941866,49.67773138636111],[13.147139410941866,49.686724589998356],[13.156132614579112,49.686724589998356],[13.156132614579112,49.67773138636111],[13.147139410941866,49.67773138636111]]]}},{"type":"Feature","properties":{"jobs":21,"pop":101,"pointCount":5,"homeWorkCommuteMedian":20204,"workHomeCommuteMedian":3700},"geometry":{"type":"Polygon","coordinates":[[[13.147139410941866,49.713704200910094],[13.147139410941866,49.72269740454734],[13.156132614579112,49.72269740454734],[13.156132614579112,49.713704200910094],[13.147139410941866,49.713704200910094]]]}},{"type":"Feature","properties":{"jobs":0,"pop":95,"pointCount":3,"homeWorkCommuteMedian":12668,"workHomeCommuteMedian":-1},"geometry":{"type":"Polygon","coordinates":[[[13.147139410941866,49.72269740454734],[13.147139410941866,49.731690608184586],[13.156132614579112,49.731690608184586],[13.156132614579112,49.72269740454734],[13.147139410941866,49.72269740454734]]]}},{"type":"Feature","properties":{"jobs":0,"pop":20,"pointCount":1,"homeWorkCommuteMedian":22306,"workHomeCommuteMedian":-1},"geometry":{"type":"Polygon","coordinates":[[[13.147139410941866,49.731690608184586],[13.147139410941866,49.74068381182183],[13.156132614579112,49.74068381182183],[13.156132614579112,49.731690608184586],[13.147139410941866,49.731690608184586]]]}},{"type":"Feature","properties":{"jobs":0,"pop":25,"pointCount":2,"homeWorkCommuteMedian":19499,"workHomeCommuteMedian":-1},"geometry":{"type":"Polygon","coordinates":[[[13.147139410941866,49.74967701545908],[13.147139410941866,49.758670219096324],[13.156132614579112,49.758670219096324],[13.156132614579112,49.74967701545908],[13.147139410941866,49.74967701545908]]]}},{"type":"Feature","properties":{"jobs":14,"pop":24,"pointCount":2,"homeWorkCommuteMedian":16891,"workHomeCommuteMedian":240},"geometry":{"type":"Polygon","coordinates":[[[13.147139410941866,49.758670219096324],[13.147139410941866,49.76766342273357],[13.156132614579112,49.76766342273357],[13.156132614579112,49.758670219096324],[13.147139410941866,49.758670219096324]]]}},{"type":"Feature","properties":{"jobs":0,"pop":23,"pointCount":1,"homeWorkCommuteMedian":21774,"workHomeCommuteMedian":-1},"geometry":{"type":"Polygon","coordinates":[[[13.147139410941866,49.83960905183154],[13.147139410941866,49.84860225546878],[13.156132614579112,49.84860225546878],[13.156132614579112,49.83960905183154],[13.147139410941866,49.83960905183154]]]}},{"type":"Feature","properties":{"jobs":72,"pop":185,"pointCount":7,"homeWorkCommuteMedian":25696,"workHomeCommuteMedian":2769},"geometry":{"type":"Polygon","coordinates":[[[13.147139410941866,49.87558186638052],[13.147139410941866,49.88457507001777],[13.156132614579112,49.88457507001777],[13.156132614579112,49.87558186638052],[13.147139410941866,49.87558186638052]]]}},{"type":"Feature","properties":{"jobs":3,"pop":0,"pointCount":1,"homeWorkCommuteMedian":-1,"workHomeCommuteMedian":137},"geometry":{"type":"Polygon","coordinates":[[[13.147139410941866,49.94752749547849],[13.147139410941866,49.956520699115735],[13.156132614579112,49.956520699115735],[13.156132614579112,49.94752749547849],[13.147139410941866,49.94752749547849]]]}},{"type":"Feature","properties":{"jobs":0,"pop":22,"pointCount":1,"homeWorkCommuteMedian":36261,"workHomeCommuteMedian":-1},"geometry":{"type":"Polygon","coordinates":[[[13.147139410941866,49.956520699115735],[13.147139410941866,49.96551390275298],[13.156132614579112,49.96551390275298],[13.156132614579112,49.956520699115735],[13.147139410941866,49.956520699115735]]]}},{"type":"Feature","properties":{"jobs":1,"pop":46,"pointCount":3,"homeWorkCommuteMedian":23249,"workHomeCommuteMedian":111},"geometry":{"type":"Polygon","coordinates":[[[13.156132614579112,49.49786731361619],[13.156132614579112,49.506860517253436],[13.165125818216358,49.506860517253436],[13.165125818216358,49.49786731361619],[13.156132614579112,49.49786731361619]]]}},{"type":"Feature","properties":{"jobs":8,"pop":113,"pointCount":5,"homeWorkCommuteMedian":17206,"workHomeCommuteMedian":352},"geometry":{"type":"Polygon","coordinates":[[[13.156132614579112,49.533840128165174],[13.156132614579112,49.54283333180242],[13.165125818216358,49.54283333180242],[13.165125818216358,49.533840128165174],[13.156132614579112,49.533840128165174]]]}},{"type":"Feature","properties":{"jobs":0,"pop":16,"pointCount":1,"homeWorkCommuteMedian":34772,"workHomeCommuteMedian":-1},"geometry":{"type":"Polygon","coordinates":[[[13.156132614579112,49.54283333180242],[13.156132614579112,49.551826535439666],[13.165125818216358,49.551826535439666],[13.165125818216358,49.54283333180242],[13.156132614579112,49.54283333180242]]]}},{"type":"Feature","properties":{"jobs":13,"pop":14,"pointCount":2,"homeWorkCommuteMedian":5212,"workHomeCommuteMedian":653},"geometry":{"type":"Polygon","coordinates":[[[13.156132614579112,49.596792553625896],[13.156132614579112,49.60578575726314],[13.165125818216358,49.60578575726314],[13.165125818216358,49.596792553625896],[13.156132614579112,49.596792553625896]]]}},{"type":"Feature","properties":{"jobs":10,"pop":10,"pointCount":1,"homeWorkCommuteMedian":6268,"workHomeCommuteMedian":265},"geometry":{"type":"Polygon","coordinates":[[[13.156132614579112,49.61477896090039],[13.156132614579112,49.623772164537634],[13.165125818216358,49.623772164537634],[13.165125818216358,49.61477896090039],[13.156132614579112,49.61477896090039]]]}},{"type":"Feature","properties":{"jobs":1103,"pop":688,"pointCount":23,"homeWorkCommuteMedian":14236,"workHomeCommuteMedian":17694},"geometry":{"type":"Polygon","coordinates":[[[13.156132614579112,49.63276536817488],[13.156132614579112,49.641758571812126],[13.165125818216358,49.641758571812126],[13.165125818216358,49.63276536817488],[13.156132614579112,49.63276536817488]]]}},{"type":"Feature","properties":{"jobs":933,"pop":75,"pointCount":9,"homeWorkCommuteMedian":19956,"workHomeCommuteMedian":15773},"geometry":{"type":"Polygon","coordinates":[[[13.156132614579112,49.641758571812126],[13.156132614579112,49.65075177544937],[13.165125818216358,49.65075177544937],[13.165125818216358,49.641758571812126],[13.156132614579112,49.641758571812126]]]}},{"type":"Feature","properties":{"jobs":81,"pop":0,"pointCount":1,"homeWorkCommuteMedian":-1,"workHomeCommuteMedian":11242},"geometry":{"type":"Polygon","coordinates":[[[13.156132614579112,49.65075177544937],[13.156132614579112,49.65974497908662],[13.165125818216358,49.65974497908662],[13.165125818216358,49.65075177544937],[13.156132614579112,49.65075177544937]]]}},{"type":"Feature","properties":{"jobs":0,"pop":22,"pointCount":1,"homeWorkCommuteMedian":18898,"workHomeCommuteMedian":-1},"geometry":{"type":"Polygon","coordinates":[[[13.156132614579112,49.668738182723864],[13.156132614579112,49.67773138636111],[13.165125818216358,49.67773138636111],[13.165125818216358,49.668738182723864],[13.156132614579112,49.668738182723864]]]}},{"type":"Feature","properties":{"jobs":240,"pop":0,"pointCount":2,"homeWorkCommuteMedian":-1,"workHomeCommuteMedian":17760},"geometry":{"type":"Polygon","coordinates":[[[13.156132614579112,49.70471099727285],[13.156132614579112,49.713704200910094],[13.165125818216358,49.713704200910094],[13.165125818216358,49.70471099727285],[13.156132614579112,49.70471099727285]]]}},{"type":"Feature","properties":{"jobs":29,"pop":270,"pointCount":13,"homeWorkCommuteMedian":17796,"workHomeCommuteMedian":542},"geometry":{"type":"Polygon","coordinates":[[[13.156132614579112,49.713704200910094],[13.156132614579112,49.72269740454734],[13.165125818216358,49.72269740454734],[13.165125818216358,49.713704200910094],[13.156132614579112,49.713704200910094]]]}},{"type":"Feature","properties":{"jobs":0,"pop":10,"pointCount":1,"homeWorkCommuteMedian":4524,"workHomeCommuteMedian":-1},"geometry":{"type":"Polygon","coordinates":[[[13.156132614579112,49.72269740454734],[13.156132614579112,49.731690608184586],[13.165125818216358,49.731690608184586],[13.165125818216358,49.72269740454734],[13.156132614579112,49.72269740454734]]]}},{"type":"Feature","properties":{"jobs":0,"pop":27,"pointCount":1,"homeWorkCommuteMedian":18142,"workHomeCommuteMedian":-1},"geometry":{"type":"Polygon","coordinates":[[[13.156132614579112,49.76766342273357],[13.156132614579112,49.776656626370816],[13.165125818216358,49.776656626370816],[13.165125818216358,49.76766342273357],[13.156132614579112,49.76766342273357]]]}},{"type":"Feature","properties":{"jobs":28,"pop":48,"pointCount":3,"homeWorkCommuteMedian":18718,"workHomeCommuteMedian":3020},"geometry":{"type":"Polygon","coordinates":[[[13.156132614579112,49.776656626370816],[13.156132614579112,49.78564983000806],[13.165125818216358,49.78564983000806],[13.165125818216358,49.776656626370816],[13.156132614579112,49.776656626370816]]]}},{"type":"Feature","properties":{"jobs":1,"pop":1,"pointCount":2,"homeWorkCommuteMedian":514,"workHomeCommuteMedian":514},"geometry":{"type":"Polygon","coordinates":[[[13.156132614579112,49.78564983000806],[13.156132614579112,49.79464303364531],[13.165125818216358,49.79464303364531],[13.165125818216358,49.78564983000806],[13.156132614579112,49.78564983000806]]]}},{"type":"Feature","properties":{"jobs":0,"pop":20,"pointCount":1,"homeWorkCommuteMedian":22582,"workHomeCommuteMedian":-1},"geometry":{"type":"Polygon","coordinates":[[[13.156132614579112,49.8126294409198],[13.156132614579112,49.821622644557046],[13.165125818216358,49.821622644557046],[13.165125818216358,49.8126294409198],[13.156132614579112,49.8126294409198]]]}},{"type":"Feature","properties":{"jobs":0,"pop":37,"pointCount":1,"homeWorkCommuteMedian":12959,"workHomeCommuteMedian":-1},"geometry":{"type":"Polygon","coordinates":[[[13.156132614579112,49.83960905183154],[13.156132614579112,49.84860225546878],[13.165125818216358,49.84860225546878],[13.165125818216358,49.83960905183154],[13.156132614579112,49.83960905183154]]]}},{"type":"Feature","properties":{"jobs":1,"pop":0,"pointCount":1,"homeWorkCommuteMedian":-1,"workHomeCommuteMedian":319},"geometry":{"type":"Polygon","coordinates":[[[13.156132614579112,49.84860225546878],[13.156132614579112,49.85759545910603],[13.165125818216358,49.85759545910603],[13.165125818216358,49.84860225546878],[13.156132614579112,49.84860225546878]]]}},{"type":"Feature","properties":{"jobs":0,"pop":20,"pointCount":2,"homeWorkCommuteMedian":34822,"workHomeCommuteMedian":-1},"geometry":{"type":"Polygon","coordinates":[[[13.156132614579112,49.93853429184124],[13.156132614579112,49.94752749547849],[13.165125818216358,49.94752749547849],[13.165125818216358,49.93853429184124],[13.156132614579112,49.93853429184124]]]}},{"type":"Feature","properties":{"jobs":0,"pop":19,"pointCount":1,"homeWorkCommuteMedian":2579,"workHomeCommuteMedian":-1},"geometry":{"type":"Polygon","coordinates":[[[13.156132614579112,49.94752749547849],[13.156132614579112,49.956520699115735],[13.165125818216358,49.956520699115735],[13.165125818216358,49.94752749547849],[13.156132614579112,49.94752749547849]]]}},{"type":"Feature","properties":{"jobs":16,"pop":3,"pointCount":1,"homeWorkCommuteMedian":137,"workHomeCommuteMedian":2919},"geometry":{"type":"Polygon","coordinates":[[[13.156132614579112,49.956520699115735],[13.156132614579112,49.96551390275298],[13.165125818216358,49.96551390275298],[13.165125818216358,49.956520699115735],[13.156132614579112,49.956520699115735]]]}},{"type":"Feature","properties":{"jobs":0,"pop":10,"pointCount":1,"homeWorkCommuteMedian":7243,"workHomeCommuteMedian":-1},"geometry":{"type":"Polygon","coordinates":[[[13.156132614579112,49.96551390275298],[13.156132614579112,49.97450710639023],[13.165125818216358,49.97450710639023],[13.165125818216358,49.96551390275298],[13.156132614579112,49.96551390275298]]]}},{"type":"Feature","properties":{"jobs":24,"pop":22,"pointCount":3,"homeWorkCommuteMedian":35902,"workHomeCommuteMedian":5962},"geometry":{"type":"Polygon","coordinates":[[[13.156132614579112,49.97450710639023],[13.156132614579112,49.98350031002747],[13.165125818216358,49.98350031002747],[13.165125818216358,49.97450710639023],[13.156132614579112,49.97450710639023]]]}},{"type":"Feature","properties":{"jobs":0,"pop":25,"pointCount":2,"homeWorkCommuteMedian":44947,"workHomeCommuteMedian":-1},"geometry":{"type":"Polygon","coordinates":[[[13.156132614579112,50.001486717301965],[13.156132614579112,50.01047992093921],[13.165125818216358,50.01047992093921],[13.165125818216358,50.001486717301965],[13.156132614579112,50.001486717301965]]]}},{"type":"Feature","properties":{"jobs":111,"pop":0,"pointCount":1,"homeWorkCommuteMedian":-1,"workHomeCommuteMedian":43668},"geometry":{"type":"Polygon","coordinates":[[[13.156132614579112,50.01047992093921],[13.156132614579112,50.01947312457646],[13.165125818216358,50.01947312457646],[13.165125818216358,50.01047992093921],[13.156132614579112,50.01047992093921]]]}},{"type":"Feature","properties":{"jobs":0,"pop":15,"pointCount":1,"homeWorkCommuteMedian":4870,"workHomeCommuteMedian":-1},"geometry":{"type":"Polygon","coordinates":[[[13.165125818216358,49.49786731361619],[13.165125818216358,49.506860517253436],[13.174119021853604,49.506860517253436],[13.174119021853604,49.49786731361619],[13.165125818216358,49.49786731361619]]]}},{"type":"Feature","properties":{"jobs":18,"pop":21,"pointCount":2,"homeWorkCommuteMedian":31926,"workHomeCommuteMedian":2786},"geometry":{"type":"Polygon","coordinates":[[[13.165125818216358,49.551826535439666],[13.165125818216358,49.56081973907691],[13.174119021853604,49.56081973907691],[13.174119021853604,49.551826535439666],[13.165125818216358,49.551826535439666]]]}},{"type":"Feature","properties":{"jobs":0,"pop":44,"pointCount":2,"homeWorkCommuteMedian":18414,"workHomeCommuteMedian":-1},"geometry":{"type":"Polygon","coordinates":[[[13.165125818216358,49.58779934998865],[13.165125818216358,49.596792553625896],[13.174119021853604,49.596792553625896],[13.174119021853604,49.58779934998865],[13.165125818216358,49.58779934998865]]]}},{"type":"Feature","properties":{"jobs":0,"pop":58,"pointCount":2,"homeWorkCommuteMedian":16653,"workHomeCommuteMedian":-1},"geometry":{"type":"Polygon","coordinates":[[[13.165125818216358,49.596792553625896],[13.165125818216358,49.60578575726314],[13.174119021853604,49.60578575726314],[13.174119021853604,49.596792553625896],[13.165125818216358,49.596792553625896]]]}},{"type":"Feature","properties":{"jobs":0,"pop":39,"pointCount":1,"homeWorkCommuteMedian":2726,"workHomeCommuteMedian":-1},"geometry":{"type":"Polygon","coordinates":[[[13.165125818216358,49.61477896090039],[13.165125818216358,49.623772164537634],[13.174119021853604,49.623772164537634],[13.174119021853604,49.61477896090039],[13.165125818216358,49.61477896090039]]]}},{"type":"Feature","properties":{"jobs":612,"pop":928,"pointCount":40,"homeWorkCommuteMedian":13672,"workHomeCommuteMedian":16416},"geometry":{"type":"Polygon","coordinates":[[[13.165125818216358,49.63276536817488],[13.165125818216358,49.641758571812126],[13.174119021853604,49.641758571812126],[13.174119021853604,49.63276536817488],[13.165125818216358,49.63276536817488]]]}},{"type":"Feature","properties":{"jobs":183,"pop":92,"pointCount":5,"homeWorkCommuteMedian":16301,"workHomeCommuteMedian":13004},"geometry":{"type":"Polygon","coordinates":[[[13.165125818216358,49.641758571812126],[13.165125818216358,49.65075177544937],[13.174119021853604,49.65075177544937],[13.174119021853604,49.641758571812126],[13.165125818216358,49.641758571812126]]]}},{"type":"Feature","properties":{"jobs":39,"pop":0,"pointCount":1,"homeWorkCommuteMedian":-1,"workHomeCommuteMedian":13248},"geometry":{"type":"Polygon","coordinates":[[[13.165125818216358,49.6957177936356],[13.165125818216358,49.70471099727285],[13.174119021853604,49.70471099727285],[13.174119021853604,49.6957177936356],[13.165125818216358,49.6957177936356]]]}},{"type":"Feature","properties":{"jobs":307,"pop":36,"pointCount":5,"homeWorkCommuteMedian":19208,"workHomeCommuteMedian":9764},"geometry":{"type":"Polygon","coordinates":[[[13.165125818216358,49.70471099727285],[13.165125818216358,49.713704200910094],[13.174119021853604,49.713704200910094],[13.174119021853604,49.70471099727285],[13.165125818216358,49.70471099727285]]]}},{"type":"Feature","properties":{"jobs":0,"pop":12,"pointCount":1,"homeWorkCommuteMedian":15814,"workHomeCommuteMedian":-1},"geometry":{"type":"Polygon","coordinates":[[[13.165125818216358,49.758670219096324],[13.165125818216358,49.76766342273357],[13.174119021853604,49.76766342273357],[13.174119021853604,49.758670219096324],[13.165125818216358,49.758670219096324]]]}},{"type":"Feature","properties":{"jobs":0,"pop":61,"pointCount":4,"homeWorkCommuteMedian":18278,"workHomeCommuteMedian":-1},"geometry":{"type":"Polygon","coordinates":[[[13.165125818216358,49.76766342273357],[13.165125818216358,49.776656626370816],[13.174119021853604,49.776656626370816],[13.174119021853604,49.76766342273357],[13.165125818216358,49.76766342273357]]]}},{"type":"Feature","properties":{"jobs":0,"pop":16,"pointCount":1,"homeWorkCommuteMedian":17974,"workHomeCommuteMedian":-1},"geometry":{"type":"Polygon","coordinates":[[[13.165125818216358,49.803636237282554],[13.165125818216358,49.8126294409198],[13.174119021853604,49.8126294409198],[13.174119021853604,49.803636237282554],[13.165125818216358,49.803636237282554]]]}},{"type":"Feature","properties":{"jobs":0,"pop":17,"pointCount":1,"homeWorkCommuteMedian":23059,"workHomeCommuteMedian":-1},"geometry":{"type":"Polygon","coordinates":[[[13.165125818216358,49.83061584819429],[13.165125818216358,49.83960905183154],[13.174119021853604,49.83960905183154],[13.174119021853604,49.83061584819429],[13.165125818216358,49.83061584819429]]]}},{"type":"Feature","properties":{"jobs":1,"pop":12,"pointCount":2,"homeWorkCommuteMedian":24300,"workHomeCommuteMedian":274},"geometry":{"type":"Polygon","coordinates":[[[13.165125818216358,49.84860225546878],[13.165125818216358,49.85759545910603],[13.174119021853604,49.85759545910603],[13.174119021853604,49.84860225546878],[13.165125818216358,49.84860225546878]]]}},{"type":"Feature","properties":{"jobs":19,"pop":21,"pointCount":1,"homeWorkCommuteMedian":35831,"workHomeCommuteMedian":2579},"geometry":{"type":"Polygon","coordinates":[[[13.165125818216358,49.96551390275298],[13.165125818216358,49.97450710639023],[13.174119021853604,49.97450710639023],[13.174119021853604,49.96551390275298],[13.165125818216358,49.96551390275298]]]}},{"type":"Feature","properties":{"jobs":11,"pop":90,"pointCount":4,"homeWorkCommuteMedian":36681,"workHomeCommuteMedian":444},"geometry":{"type":"Polygon","coordinates":[[[13.165125818216358,49.97450710639023],[13.165125818216358,49.98350031002747],[13.174119021853604,49.98350031002747],[13.174119021853604,49.97450710639023],[13.165125818216358,49.97450710639023]]]}},{"type":"Feature","properties":{"jobs":5,"pop":37,"pointCount":2,"homeWorkCommuteMedian":32001,"workHomeCommuteMedian":136},"geometry":{"type":"Polygon","coordinates":[[[13.174119021853604,49.54283333180242],[13.174119021853604,49.551826535439666],[13.18311222549085,49.551826535439666],[13.18311222549085,49.54283333180242],[13.174119021853604,49.54283333180242]]]}},{"type":"Feature","properties":{"jobs":33,"pop":0,"pointCount":1,"homeWorkCommuteMedian":-1,"workHomeCommuteMedian":36612},"geometry":{"type":"Polygon","coordinates":[[[13.174119021853604,49.623772164537634],[13.174119021853604,49.63276536817488],[13.18311222549085,49.63276536817488],[13.18311222549085,49.623772164537634],[13.174119021853604,49.623772164537634]]]}},{"type":"Feature","properties":{"jobs":26,"pop":43,"pointCount":4,"homeWorkCommuteMedian":10880,"workHomeCommuteMedian":19455},"geometry":{"type":"Polygon","coordinates":[[[13.174119021853604,49.668738182723864],[13.174119021853604,49.67773138636111],[13.18311222549085,49.67773138636111],[13.18311222549085,49.668738182723864],[13.174119021853604,49.668738182723864]]]}},{"type":"Feature","properties":{"jobs":81,"pop":37,"pointCount":4,"homeWorkCommuteMedian":19148,"workHomeCommuteMedian":2169},"geometry":{"type":"Polygon","coordinates":[[[13.174119021853604,49.713704200910094],[13.174119021853604,49.72269740454734],[13.18311222549085,49.72269740454734],[13.18311222549085,49.713704200910094],[13.174119021853604,49.713704200910094]]]}},{"type":"Feature","properties":{"jobs":13,"pop":103,"pointCount":5,"homeWorkCommuteMedian":16020,"workHomeCommuteMedian":273},"geometry":{"type":"Polygon","coordinates":[[[13.174119021853604,49.76766342273357],[13.174119021853604,49.776656626370816],[13.18311222549085,49.776656626370816],[13.18311222549085,49.76766342273357],[13.174119021853604,49.76766342273357]]]}},{"type":"Feature","properties":{"jobs":6,"pop":0,"pointCount":1,"homeWorkCommuteMedian":-1,"workHomeCommuteMedian":326},"geometry":{"type":"Polygon","coordinates":[[[13.174119021853604,49.803636237282554],[13.174119021853604,49.8126294409198],[13.18311222549085,49.8126294409198],[13.18311222549085,49.803636237282554],[13.174119021853604,49.803636237282554]]]}},{"type":"Feature","properties":{"jobs":26,"pop":83,"pointCount":3,"homeWorkCommuteMedian":19931,"workHomeCommuteMedian":5514},"geometry":{"type":"Polygon","coordinates":[[[13.174119021853604,49.821622644557046],[13.174119021853604,49.83061584819429],[13.18311222549085,49.83061584819429],[13.18311222549085,49.821622644557046],[13.174119021853604,49.821622644557046]]]}},{"type":"Feature","properties":{"jobs":13,"pop":27,"pointCount":2,"homeWorkCommuteMedian":26640,"workHomeCommuteMedian":221},"geometry":{"type":"Polygon","coordinates":[[[13.174119021853604,49.83061584819429],[13.174119021853604,49.83960905183154],[13.18311222549085,49.83960905183154],[13.18311222549085,49.83061584819429],[13.174119021853604,49.83061584819429]]]}},{"type":"Feature","properties":{"jobs":0,"pop":1,"pointCount":1,"homeWorkCommuteMedian":26921,"workHomeCommuteMedian":-1},"geometry":{"type":"Polygon","coordinates":[[[13.174119021853604,49.866588662743276],[13.174119021853604,49.87558186638052],[13.18311222549085,49.87558186638052],[13.18311222549085,49.866588662743276],[13.174119021853604,49.866588662743276]]]}},{"type":"Feature","properties":{"jobs":12,"pop":0,"pointCount":1,"homeWorkCommuteMedian":-1,"workHomeCommuteMedian":198},"geometry":{"type":"Polygon","coordinates":[[[13.174119021853604,49.87558186638052],[13.174119021853604,49.88457507001777],[13.18311222549085,49.88457507001777],[13.18311222549085,49.87558186638052],[13.174119021853604,49.87558186638052]]]}},{"type":"Feature","properties":{"jobs":0,"pop":25,"pointCount":2,"homeWorkCommuteMedian":37439,"workHomeCommuteMedian":-1},"geometry":{"type":"Polygon","coordinates":[[[13.18311222549085,49.488874109978944],[13.18311222549085,49.49786731361619],[13.192105429128096,49.49786731361619],[13.192105429128096,49.488874109978944],[13.18311222549085,49.488874109978944]]]}},{"type":"Feature","properties":{"jobs":10,"pop":0,"pointCount":1,"homeWorkCommuteMedian":-1,"workHomeCommuteMedian":308},"geometry":{"type":"Polygon","coordinates":[[[13.18311222549085,49.49786731361619],[13.18311222549085,49.506860517253436],[13.192105429128096,49.506860517253436],[13.192105429128096,49.49786731361619],[13.18311222549085,49.49786731361619]]]}},{"type":"Feature","properties":{"jobs":16,"pop":70,"pointCount":3,"homeWorkCommuteMedian":18321,"workHomeCommuteMedian":381},"geometry":{"type":"Polygon","coordinates":[[[13.18311222549085,49.52484692452793],[13.18311222549085,49.533840128165174],[13.192105429128096,49.533840128165174],[13.192105429128096,49.52484692452793],[13.18311222549085,49.52484692452793]]]}},{"type":"Feature","properties":{"jobs":27,"pop":98,"pointCount":2,"homeWorkCommuteMedian":11564,"workHomeCommuteMedian":789},"geometry":{"type":"Polygon","coordinates":[[[13.18311222549085,49.551826535439666],[13.18311222549085,49.56081973907691],[13.192105429128096,49.56081973907691],[13.192105429128096,49.551826535439666],[13.18311222549085,49.551826535439666]]]}},{"type":"Feature","properties":{"jobs":11,"pop":0,"pointCount":1,"homeWorkCommuteMedian":-1,"workHomeCommuteMedian":10545},"geometry":{"type":"Polygon","coordinates":[[[13.18311222549085,49.56081973907691],[13.18311222549085,49.56981294271416],[13.192105429128096,49.56981294271416],[13.192105429128096,49.56081973907691],[13.18311222549085,49.56081973907691]]]}},{"type":"Feature","properties":{"jobs":9,"pop":78,"pointCount":4,"homeWorkCommuteMedian":18524,"workHomeCommuteMedian":196},"geometry":{"type":"Polygon","coordinates":[[[13.18311222549085,49.56981294271416],[13.18311222549085,49.578806146351404],[13.192105429128096,49.578806146351404],[13.192105429128096,49.56981294271416],[13.18311222549085,49.56981294271416]]]}},{"type":"Feature","properties":{"jobs":52,"pop":0,"pointCount":2,"homeWorkCommuteMedian":-1,"workHomeCommuteMedian":18932},"geometry":{"type":"Polygon","coordinates":[[[13.18311222549085,49.70471099727285],[13.18311222549085,49.713704200910094],[13.192105429128096,49.713704200910094],[13.192105429128096,49.70471099727285],[13.18311222549085,49.70471099727285]]]}},{"type":"Feature","properties":{"jobs":0,"pop":264,"pointCount":11,"homeWorkCommuteMedian":14925,"workHomeCommuteMedian":-1},"geometry":{"type":"Polygon","coordinates":[[[13.18311222549085,49.713704200910094],[13.18311222549085,49.72269740454734],[13.192105429128096,49.72269740454734],[13.192105429128096,49.713704200910094],[13.18311222549085,49.713704200910094]]]}},{"type":"Feature","properties":{"jobs":10,"pop":136,"pointCount":7,"homeWorkCommuteMedian":17834,"workHomeCommuteMedian":410},"geometry":{"type":"Polygon","coordinates":[[[13.18311222549085,49.74068381182183],[13.18311222549085,49.74967701545908],[13.192105429128096,49.74967701545908],[13.192105429128096,49.74068381182183],[13.18311222549085,49.74068381182183]]]}},{"type":"Feature","properties":{"jobs":0,"pop":31,"pointCount":2,"homeWorkCommuteMedian":17161,"workHomeCommuteMedian":-1},"geometry":{"type":"Polygon","coordinates":[[[13.18311222549085,49.803636237282554],[13.18311222549085,49.8126294409198],[13.192105429128096,49.8126294409198],[13.192105429128096,49.803636237282554],[13.18311222549085,49.803636237282554]]]}},{"type":"Feature","properties":{"jobs":13,"pop":0,"pointCount":1,"homeWorkCommuteMedian":-1,"workHomeCommuteMedian":500},"geometry":{"type":"Polygon","coordinates":[[[13.18311222549085,49.821622644557046],[13.18311222549085,49.83061584819429],[13.192105429128096,49.83061584819429],[13.192105429128096,49.821622644557046],[13.18311222549085,49.821622644557046]]]}},{"type":"Feature","properties":{"jobs":0,"pop":73,"pointCount":3,"homeWorkCommuteMedian":21185,"workHomeCommuteMedian":-1},"geometry":{"type":"Polygon","coordinates":[[[13.18311222549085,49.83061584819429],[13.18311222549085,49.83960905183154],[13.192105429128096,49.83960905183154],[13.192105429128096,49.83061584819429],[13.18311222549085,49.83061584819429]]]}},{"type":"Feature","properties":{"jobs":7,"pop":38,"pointCount":2,"homeWorkCommuteMedian":20250,"workHomeCommuteMedian":103},"geometry":{"type":"Polygon","coordinates":[[[13.18311222549085,49.84860225546878],[13.18311222549085,49.85759545910603],[13.192105429128096,49.85759545910603],[13.192105429128096,49.84860225546878],[13.18311222549085,49.84860225546878]]]}},{"type":"Feature","properties":{"jobs":0,"pop":46,"pointCount":1,"homeWorkCommuteMedian":27347,"workHomeCommuteMedian":-1},"geometry":{"type":"Polygon","coordinates":[[[13.18311222549085,49.87558186638052],[13.18311222549085,49.88457507001777],[13.192105429128096,49.88457507001777],[13.192105429128096,49.87558186638052],[13.18311222549085,49.87558186638052]]]}},{"type":"Feature","properties":{"jobs":5,"pop":17,"pointCount":2,"homeWorkCommuteMedian":42424,"workHomeCommuteMedian":1428},"geometry":{"type":"Polygon","coordinates":[[[13.18311222549085,49.99249351366472],[13.18311222549085,50.001486717301965],[13.192105429128096,50.001486717301965],[13.192105429128096,49.99249351366472],[13.18311222549085,49.99249351366472]]]}},{"type":"Feature","properties":{"jobs":4,"pop":64,"pointCount":4,"homeWorkCommuteMedian":37983,"workHomeCommuteMedian":146},"geometry":{"type":"Polygon","coordinates":[[[13.192105429128096,49.49786731361619],[13.192105429128096,49.506860517253436],[13.201098632765342,49.506860517253436],[13.201098632765342,49.49786731361619],[13.192105429128096,49.49786731361619]]]}},{"type":"Feature","properties":{"jobs":0,"pop":21,"pointCount":1,"homeWorkCommuteMedian":34959,"workHomeCommuteMedian":-1},"geometry":{"type":"Polygon","coordinates":[[[13.192105429128096,49.51585372089068],[13.192105429128096,49.52484692452793],[13.201098632765342,49.52484692452793],[13.201098632765342,49.51585372089068],[13.192105429128096,49.51585372089068]]]}},{"type":"Feature","properties":{"jobs":55,"pop":153,"pointCount":8,"homeWorkCommuteMedian":22372,"workHomeCommuteMedian":11744},"geometry":{"type":"Polygon","coordinates":[[[13.192105429128096,49.551826535439666],[13.192105429128096,49.56081973907691],[13.201098632765342,49.56081973907691],[13.201098632765342,49.551826535439666],[13.192105429128096,49.551826535439666]]]}},{"type":"Feature","properties":{"jobs":53,"pop":340,"pointCount":13,"homeWorkCommuteMedian":14381,"workHomeCommuteMedian":10690},"geometry":{"type":"Polygon","coordinates":[[[13.192105429128096,49.56081973907691],[13.192105429128096,49.56981294271416],[13.201098632765342,49.56981294271416],[13.201098632765342,49.56081973907691],[13.192105429128096,49.56081973907691]]]}},{"type":"Feature","properties":{"jobs":0,"pop":19,"pointCount":1,"homeWorkCommuteMedian":30153,"workHomeCommuteMedian":-1},"geometry":{"type":"Polygon","coordinates":[[[13.192105429128096,49.58779934998865],[13.192105429128096,49.596792553625896],[13.201098632765342,49.596792553625896],[13.201098632765342,49.58779934998865],[13.192105429128096,49.58779934998865]]]}},{"type":"Feature","properties":{"jobs":70,"pop":0,"pointCount":1,"homeWorkCommuteMedian":-1,"workHomeCommuteMedian":7382},"geometry":{"type":"Polygon","coordinates":[[[13.192105429128096,49.596792553625896],[13.192105429128096,49.60578575726314],[13.201098632765342,49.60578575726314],[13.201098632765342,49.596792553625896],[13.192105429128096,49.596792553625896]]]}},{"type":"Feature","properties":{"jobs":0,"pop":25,"pointCount":1,"homeWorkCommuteMedian":19841,"workHomeCommuteMedian":-1},"geometry":{"type":"Polygon","coordinates":[[[13.192105429128096,49.641758571812126],[13.192105429128096,49.65075177544937],[13.201098632765342,49.65075177544937],[13.201098632765342,49.641758571812126],[13.192105429128096,49.641758571812126]]]}},{"type":"Feature","properties":{"jobs":451,"pop":334,"pointCount":17,"homeWorkCommuteMedian":13250,"workHomeCommuteMedian":15320},"geometry":{"type":"Polygon","coordinates":[[[13.192105429128096,49.65075177544937],[13.192105429128096,49.65974497908662],[13.201098632765342,49.65974497908662],[13.201098632765342,49.65075177544937],[13.192105429128096,49.65075177544937]]]}},{"type":"Feature","properties":{"jobs":0,"pop":26,"pointCount":1,"homeWorkCommuteMedian":14388,"workHomeCommuteMedian":-1},"geometry":{"type":"Polygon","coordinates":[[[13.192105429128096,49.668738182723864],[13.192105429128096,49.67773138636111],[13.201098632765342,49.67773138636111],[13.201098632765342,49.668738182723864],[13.192105429128096,49.668738182723864]]]}},{"type":"Feature","properties":{"jobs":253,"pop":1098,"pointCount":9,"homeWorkCommuteMedian":14332,"workHomeCommuteMedian":4640},"geometry":{"type":"Polygon","coordinates":[[[13.192105429128096,49.70471099727285],[13.192105429128096,49.713704200910094],[13.201098632765342,49.713704200910094],[13.201098632765342,49.70471099727285],[13.192105429128096,49.70471099727285]]]}},{"type":"Feature","properties":{"jobs":245,"pop":551,"pointCount":5,"homeWorkCommuteMedian":11527,"workHomeCommuteMedian":3114},"geometry":{"type":"Polygon","coordinates":[[[13.192105429128096,49.713704200910094],[13.192105429128096,49.72269740454734],[13.201098632765342,49.72269740454734],[13.201098632765342,49.713704200910094],[13.192105429128096,49.713704200910094]]]}},{"type":"Feature","properties":{"jobs":0,"pop":88,"pointCount":3,"homeWorkCommuteMedian":16716,"workHomeCommuteMedian":-1},"geometry":{"type":"Polygon","coordinates":[[[13.192105429128096,49.78564983000806],[13.192105429128096,49.79464303364531],[13.201098632765342,49.79464303364531],[13.201098632765342,49.78564983000806],[13.192105429128096,49.78564983000806]]]}},{"type":"Feature","properties":{"jobs":4,"pop":0,"pointCount":1,"homeWorkCommuteMedian":-1,"workHomeCommuteMedian":1409},"geometry":{"type":"Polygon","coordinates":[[[13.192105429128096,49.83960905183154],[13.192105429128096,49.84860225546878],[13.201098632765342,49.84860225546878],[13.201098632765342,49.83960905183154],[13.192105429128096,49.83960905183154]]]}},{"type":"Feature","properties":{"jobs":0,"pop":8,"pointCount":1,"homeWorkCommuteMedian":41247,"workHomeCommuteMedian":-1},"geometry":{"type":"Polygon","coordinates":[[[13.192105429128096,49.98350031002747],[13.192105429128096,49.99249351366472],[13.201098632765342,49.99249351366472],[13.201098632765342,49.98350031002747],[13.192105429128096,49.98350031002747]]]}},{"type":"Feature","properties":{"jobs":18,"pop":213,"pointCount":9,"homeWorkCommuteMedian":11136,"workHomeCommuteMedian":102},"geometry":{"type":"Polygon","coordinates":[[[13.201098632765342,49.641758571812126],[13.201098632765342,49.65075177544937],[13.210091836402588,49.65075177544937],[13.210091836402588,49.641758571812126],[13.201098632765342,49.641758571812126]]]}},{"type":"Feature","properties":{"jobs":1608,"pop":850,"pointCount":38,"homeWorkCommuteMedian":14096,"workHomeCommuteMedian":17439},"geometry":{"type":"Polygon","coordinates":[[[13.201098632765342,49.65075177544937],[13.201098632765342,49.65974497908662],[13.210091836402588,49.65974497908662],[13.210091836402588,49.65075177544937],[13.201098632765342,49.65075177544937]]]}},{"type":"Feature","properties":{"jobs":10,"pop":21,"pointCount":2,"homeWorkCommuteMedian":15898,"workHomeCommuteMedian":56303},"geometry":{"type":"Polygon","coordinates":[[[13.201098632765342,49.65974497908662],[13.201098632765342,49.668738182723864],[13.210091836402588,49.668738182723864],[13.210091836402588,49.65974497908662],[13.201098632765342,49.65974497908662]]]}},{"type":"Feature","properties":{"jobs":0,"pop":12,"pointCount":1,"homeWorkCommuteMedian":7375,"workHomeCommuteMedian":-1},"geometry":{"type":"Polygon","coordinates":[[[13.201098632765342,49.6957177936356],[13.201098632765342,49.70471099727285],[13.210091836402588,49.70471099727285],[13.210091836402588,49.6957177936356],[13.201098632765342,49.6957177936356]]]}},{"type":"Feature","properties":{"jobs":178,"pop":430,"pointCount":5,"homeWorkCommuteMedian":12568,"workHomeCommuteMedian":6220},"geometry":{"type":"Polygon","coordinates":[[[13.201098632765342,49.70471099727285],[13.201098632765342,49.713704200910094],[13.210091836402588,49.713704200910094],[13.210091836402588,49.70471099727285],[13.201098632765342,49.70471099727285]]]}},{"type":"Feature","properties":{"jobs":102,"pop":86,"pointCount":2,"homeWorkCommuteMedian":14054,"workHomeCommuteMedian":2440},"geometry":{"type":"Polygon","coordinates":[[[13.201098632765342,49.713704200910094],[13.201098632765342,49.72269740454734],[13.210091836402588,49.72269740454734],[13.210091836402588,49.713704200910094],[13.201098632765342,49.713704200910094]]]}},{"type":"Feature","properties":{"jobs":11,"pop":68,"pointCount":3,"homeWorkCommuteMedian":13529,"workHomeCommuteMedian":3537},"geometry":{"type":"Polygon","coordinates":[[[13.201098632765342,49.72269740454734],[13.201098632765342,49.731690608184586],[13.210091836402588,49.731690608184586],[13.210091836402588,49.72269740454734],[13.201098632765342,49.72269740454734]]]}},{"type":"Feature","properties":{"jobs":8,"pop":39,"pointCount":2,"homeWorkCommuteMedian":19037,"workHomeCommuteMedian":462},"geometry":{"type":"Polygon","coordinates":[[[13.201098632765342,49.83061584819429],[13.201098632765342,49.83960905183154],[13.210091836402588,49.83960905183154],[13.210091836402588,49.83061584819429],[13.201098632765342,49.83061584819429]]]}},{"type":"Feature","properties":{"jobs":0,"pop":25,"pointCount":2,"homeWorkCommuteMedian":19369,"workHomeCommuteMedian":-1},"geometry":{"type":"Polygon","coordinates":[[[13.201098632765342,49.84860225546878],[13.201098632765342,49.85759545910603],[13.210091836402588,49.85759545910603],[13.210091836402588,49.84860225546878],[13.201098632765342,49.84860225546878]]]}},{"type":"Feature","properties":{"jobs":0,"pop":21,"pointCount":1,"homeWorkCommuteMedian":38651,"workHomeCommuteMedian":-1},"geometry":{"type":"Polygon","coordinates":[[[13.210091836402588,49.47088770270445],[13.210091836402588,49.4798809063417],[13.219085040039834,49.4798809063417],[13.219085040039834,49.47088770270445],[13.210091836402588,49.47088770270445]]]}},{"type":"Feature","properties":{"jobs":11,"pop":10,"pointCount":1,"homeWorkCommuteMedian":23670,"workHomeCommuteMedian":256},"geometry":{"type":"Polygon","coordinates":[[[13.210091836402588,49.4798809063417],[13.210091836402588,49.488874109978944],[13.219085040039834,49.488874109978944],[13.219085040039834,49.4798809063417],[13.210091836402588,49.4798809063417]]]}},{"type":"Feature","properties":{"jobs":0,"pop":19,"pointCount":1,"homeWorkCommuteMedian":38423,"workHomeCommuteMedian":-1},"geometry":{"type":"Polygon","coordinates":[[[13.210091836402588,49.488874109978944],[13.210091836402588,49.49786731361619],[13.219085040039834,49.49786731361619],[13.219085040039834,49.488874109978944],[13.210091836402588,49.488874109978944]]]}},{"type":"Feature","properties":{"jobs":0,"pop":20,"pointCount":1,"homeWorkCommuteMedian":33407,"workHomeCommuteMedian":-1},"geometry":{"type":"Polygon","coordinates":[[[13.210091836402588,49.54283333180242],[13.210091836402588,49.551826535439666],[13.219085040039834,49.551826535439666],[13.219085040039834,49.54283333180242],[13.210091836402588,49.54283333180242]]]}},{"type":"Feature","properties":{"jobs":5,"pop":11,"pointCount":2,"homeWorkCommuteMedian":13076,"workHomeCommuteMedian":139},"geometry":{"type":"Polygon","coordinates":[[[13.210091836402588,49.596792553625896],[13.210091836402588,49.60578575726314],[13.219085040039834,49.60578575726314],[13.219085040039834,49.596792553625896],[13.210091836402588,49.596792553625896]]]}},{"type":"Feature","properties":{"jobs":111,"pop":0,"pointCount":1,"homeWorkCommuteMedian":-1,"workHomeCommuteMedian":20113},"geometry":{"type":"Polygon","coordinates":[[[13.210091836402588,49.61477896090039],[13.210091836402588,49.623772164537634],[13.219085040039834,49.623772164537634],[13.219085040039834,49.61477896090039],[13.210091836402588,49.61477896090039]]]}},{"type":"Feature","properties":{"jobs":0,"pop":20,"pointCount":1,"homeWorkCommuteMedian":318,"workHomeCommuteMedian":-1},"geometry":{"type":"Polygon","coordinates":[[[13.210091836402588,49.63276536817488],[13.210091836402588,49.641758571812126],[13.219085040039834,49.641758571812126],[13.219085040039834,49.63276536817488],[13.210091836402588,49.63276536817488]]]}},{"type":"Feature","properties":{"jobs":0,"pop":57,"pointCount":3,"homeWorkCommuteMedian":17950,"workHomeCommuteMedian":-1},"geometry":{"type":"Polygon","coordinates":[[[13.210091836402588,49.641758571812126],[13.210091836402588,49.65075177544937],[13.219085040039834,49.65075177544937],[13.219085040039834,49.641758571812126],[13.210091836402588,49.641758571812126]]]}},{"type":"Feature","properties":{"jobs":172,"pop":0,"pointCount":1,"homeWorkCommuteMedian":-1,"workHomeCommuteMedian":17606},"geometry":{"type":"Polygon","coordinates":[[[13.210091836402588,49.65075177544937],[13.210091836402588,49.65974497908662],[13.219085040039834,49.65974497908662],[13.219085040039834,49.65075177544937],[13.210091836402588,49.65075177544937]]]}},{"type":"Feature","properties":{"jobs":10,"pop":74,"pointCount":4,"homeWorkCommuteMedian":10917,"workHomeCommuteMedian":120},"geometry":{"type":"Polygon","coordinates":[[[13.210091836402588,49.668738182723864],[13.210091836402588,49.67773138636111],[13.219085040039834,49.67773138636111],[13.219085040039834,49.668738182723864],[13.210091836402588,49.668738182723864]]]}},{"type":"Feature","properties":{"jobs":71,"pop":216,"pointCount":12,"homeWorkCommuteMedian":15858,"workHomeCommuteMedian":6424},"geometry":{"type":"Polygon","coordinates":[[[13.210091836402588,49.67773138636111],[13.210091836402588,49.686724589998356],[13.219085040039834,49.686724589998356],[13.219085040039834,49.67773138636111],[13.210091836402588,49.67773138636111]]]}},{"type":"Feature","properties":{"jobs":15,"pop":200,"pointCount":10,"homeWorkCommuteMedian":13390,"workHomeCommuteMedian":12668},"geometry":{"type":"Polygon","coordinates":[[[13.210091836402588,49.6957177936356],[13.210091836402588,49.70471099727285],[13.219085040039834,49.70471099727285],[13.219085040039834,49.6957177936356],[13.210091836402588,49.6957177936356]]]}},{"type":"Feature","properties":{"jobs":172,"pop":182,"pointCount":8,"homeWorkCommuteMedian":11180,"workHomeCommuteMedian":4360},"geometry":{"type":"Polygon","coordinates":[[[13.210091836402588,49.70471099727285],[13.210091836402588,49.713704200910094],[13.219085040039834,49.713704200910094],[13.219085040039834,49.70471099727285],[13.210091836402588,49.70471099727285]]]}},{"type":"Feature","properties":{"jobs":364,"pop":713,"pointCount":11,"homeWorkCommuteMedian":12805,"workHomeCommuteMedian":1796},"geometry":{"type":"Polygon","coordinates":[[[13.210091836402588,49.713704200910094],[13.210091836402588,49.72269740454734],[13.219085040039834,49.72269740454734],[13.219085040039834,49.713704200910094],[13.210091836402588,49.713704200910094]]]}},{"type":"Feature","properties":{"jobs":10,"pop":64,"pointCount":4,"homeWorkCommuteMedian":13360,"workHomeCommuteMedian":4394},"geometry":{"type":"Polygon","coordinates":[[[13.210091836402588,49.74068381182183],[13.210091836402588,49.74967701545908],[13.219085040039834,49.74967701545908],[13.219085040039834,49.74068381182183],[13.210091836402588,49.74068381182183]]]}},{"type":"Feature","properties":{"jobs":0,"pop":10,"pointCount":1,"homeWorkCommuteMedian":14555,"workHomeCommuteMedian":-1},"geometry":{"type":"Polygon","coordinates":[[[13.210091836402588,49.74967701545908],[13.210091836402588,49.758670219096324],[13.219085040039834,49.758670219096324],[13.219085040039834,49.74967701545908],[13.210091836402588,49.74967701545908]]]}},{"type":"Feature","properties":{"jobs":4,"pop":0,"pointCount":1,"homeWorkCommuteMedian":-1,"workHomeCommuteMedian":261},"geometry":{"type":"Polygon","coordinates":[[[13.210091836402588,49.76766342273357],[13.210091836402588,49.776656626370816],[13.219085040039834,49.776656626370816],[13.219085040039834,49.76766342273357],[13.210091836402588,49.76766342273357]]]}},{"type":"Feature","properties":{"jobs":0,"pop":39,"pointCount":2,"homeWorkCommuteMedian":18141,"workHomeCommuteMedian":-1},"geometry":{"type":"Polygon","coordinates":[[[13.210091836402588,49.8126294409198],[13.210091836402588,49.821622644557046],[13.219085040039834,49.821622644557046],[13.219085040039834,49.8126294409198],[13.210091836402588,49.8126294409198]]]}},{"type":"Feature","properties":{"jobs":10,"pop":0,"pointCount":1,"homeWorkCommuteMedian":-1,"workHomeCommuteMedian":3790},"geometry":{"type":"Polygon","coordinates":[[[13.219085040039834,49.51585372089068],[13.219085040039834,49.52484692452793],[13.22807824367708,49.52484692452793],[13.22807824367708,49.51585372089068],[13.219085040039834,49.51585372089068]]]}},{"type":"Feature","properties":{"jobs":12,"pop":24,"pointCount":2,"homeWorkCommuteMedian":30370,"workHomeCommuteMedian":408},"geometry":{"type":"Polygon","coordinates":[[[13.219085040039834,49.52484692452793],[13.219085040039834,49.533840128165174],[13.22807824367708,49.533840128165174],[13.22807824367708,49.52484692452793],[13.219085040039834,49.52484692452793]]]}},{"type":"Feature","properties":{"jobs":0,"pop":32,"pointCount":2,"homeWorkCommuteMedian":15963,"workHomeCommuteMedian":-1},"geometry":{"type":"Polygon","coordinates":[[[13.219085040039834,49.54283333180242],[13.219085040039834,49.551826535439666],[13.22807824367708,49.551826535439666],[13.22807824367708,49.54283333180242],[13.219085040039834,49.54283333180242]]]}},{"type":"Feature","properties":{"jobs":20,"pop":12,"pointCount":1,"homeWorkCommuteMedian":17129,"workHomeCommuteMedian":318},"geometry":{"type":"Polygon","coordinates":[[[13.219085040039834,49.63276536817488],[13.219085040039834,49.641758571812126],[13.22807824367708,49.641758571812126],[13.22807824367708,49.63276536817488],[13.219085040039834,49.63276536817488]]]}},{"type":"Feature","properties":{"jobs":14,"pop":17,"pointCount":2,"homeWorkCommuteMedian":14219,"workHomeCommuteMedian":1152},"geometry":{"type":"Polygon","coordinates":[[[13.219085040039834,49.641758571812126],[13.219085040039834,49.65075177544937],[13.22807824367708,49.65075177544937],[13.22807824367708,49.641758571812126],[13.219085040039834,49.641758571812126]]]}},{"type":"Feature","properties":{"jobs":11,"pop":209,"pointCount":6,"homeWorkCommuteMedian":12275,"workHomeCommuteMedian":10965},"geometry":{"type":"Polygon","coordinates":[[[13.219085040039834,49.668738182723864],[13.219085040039834,49.67773138636111],[13.22807824367708,49.67773138636111],[13.22807824367708,49.668738182723864],[13.219085040039834,49.668738182723864]]]}},{"type":"Feature","properties":{"jobs":317,"pop":862,"pointCount":34,"homeWorkCommuteMedian":13849,"workHomeCommuteMedian":5586},"geometry":{"type":"Polygon","coordinates":[[[13.219085040039834,49.67773138636111],[13.219085040039834,49.686724589998356],[13.22807824367708,49.686724589998356],[13.22807824367708,49.67773138636111],[13.219085040039834,49.67773138636111]]]}},{"type":"Feature","properties":{"jobs":529,"pop":10,"pointCount":2,"homeWorkCommuteMedian":11641,"workHomeCommuteMedian":14386},"geometry":{"type":"Polygon","coordinates":[[[13.219085040039834,49.6957177936356],[13.219085040039834,49.70471099727285],[13.22807824367708,49.70471099727285],[13.22807824367708,49.6957177936356],[13.219085040039834,49.6957177936356]]]}},{"type":"Feature","properties":{"jobs":270,"pop":0,"pointCount":2,"homeWorkCommuteMedian":-1,"workHomeCommuteMedian":4196},"geometry":{"type":"Polygon","coordinates":[[[13.219085040039834,49.70471099727285],[13.219085040039834,49.713704200910094],[13.22807824367708,49.713704200910094],[13.22807824367708,49.70471099727285],[13.219085040039834,49.70471099727285]]]}},{"type":"Feature","properties":{"jobs":1,"pop":125,"pointCount":7,"homeWorkCommuteMedian":15212,"workHomeCommuteMedian":350},"geometry":{"type":"Polygon","coordinates":[[[13.219085040039834,49.713704200910094],[13.219085040039834,49.72269740454734],[13.22807824367708,49.72269740454734],[13.22807824367708,49.713704200910094],[13.219085040039834,49.713704200910094]]]}},{"type":"Feature","properties":{"jobs":0,"pop":15,"pointCount":1,"homeWorkCommuteMedian":14458,"workHomeCommuteMedian":-1},"geometry":{"type":"Polygon","coordinates":[[[13.219085040039834,49.72269740454734],[13.219085040039834,49.731690608184586],[13.22807824367708,49.731690608184586],[13.22807824367708,49.72269740454734],[13.219085040039834,49.72269740454734]]]}},{"type":"Feature","properties":{"jobs":188,"pop":97,"pointCount":5,"homeWorkCommuteMedian":11827,"workHomeCommuteMedian":8195},"geometry":{"type":"Polygon","coordinates":[[[13.219085040039834,49.74068381182183],[13.219085040039834,49.74967701545908],[13.22807824367708,49.74967701545908],[13.22807824367708,49.74068381182183],[13.219085040039834,49.74068381182183]]]}},{"type":"Feature","properties":{"jobs":13,"pop":15,"pointCount":2,"homeWorkCommuteMedian":13132,"workHomeCommuteMedian":3122},"geometry":{"type":"Polygon","coordinates":[[[13.219085040039834,49.76766342273357],[13.219085040039834,49.776656626370816],[13.22807824367708,49.776656626370816],[13.22807824367708,49.76766342273357],[13.219085040039834,49.76766342273357]]]}},{"type":"Feature","properties":{"jobs":10,"pop":88,"pointCount":4,"homeWorkCommuteMedian":17871,"workHomeCommuteMedian":8746},"geometry":{"type":"Polygon","coordinates":[[[13.219085040039834,49.83960905183154],[13.219085040039834,49.84860225546878],[13.22807824367708,49.84860225546878],[13.22807824367708,49.83960905183154],[13.219085040039834,49.83960905183154]]]}},{"type":"Feature","properties":{"jobs":20,"pop":0,"pointCount":1,"homeWorkCommuteMedian":-1,"workHomeCommuteMedian":2376},"geometry":{"type":"Polygon","coordinates":[[[13.219085040039834,49.85759545910603],[13.219085040039834,49.866588662743276],[13.22807824367708,49.866588662743276],[13.22807824367708,49.85759545910603],[13.219085040039834,49.85759545910603]]]}},{"type":"Feature","properties":{"jobs":0,"pop":23,"pointCount":2,"homeWorkCommuteMedian":22950,"workHomeCommuteMedian":-1},"geometry":{"type":"Polygon","coordinates":[[[13.219085040039834,49.87558186638052],[13.219085040039834,49.88457507001777],[13.22807824367708,49.88457507001777],[13.22807824367708,49.87558186638052],[13.219085040039834,49.87558186638052]]]}},{"type":"Feature","properties":{"jobs":0,"pop":5,"pointCount":1,"homeWorkCommuteMedian":46758,"workHomeCommuteMedian":-1},"geometry":{"type":"Polygon","coordinates":[[[13.219085040039834,49.96551390275298],[13.219085040039834,49.97450710639023],[13.22807824367708,49.97450710639023],[13.22807824367708,49.96551390275298],[13.219085040039834,49.96551390275298]]]}},{"type":"Feature","properties":{"jobs":0,"pop":59,"pointCount":3,"homeWorkCommuteMedian":17397,"workHomeCommuteMedian":-1},"geometry":{"type":"Polygon","coordinates":[[[13.219085040039834,49.98350031002747],[13.219085040039834,49.99249351366472],[13.22807824367708,49.99249351366472],[13.22807824367708,49.98350031002747],[13.219085040039834,49.98350031002747]]]}},{"type":"Feature","properties":{"jobs":0,"pop":72,"pointCount":4,"homeWorkCommuteMedian":36368,"workHomeCommuteMedian":-1},"geometry":{"type":"Polygon","coordinates":[[[13.22807824367708,49.488874109978944],[13.22807824367708,49.49786731361619],[13.237071447314326,49.49786731361619],[13.237071447314326,49.488874109978944],[13.22807824367708,49.488874109978944]]]}},{"type":"Feature","properties":{"jobs":0,"pop":60,"pointCount":3,"homeWorkCommuteMedian":17581,"workHomeCommuteMedian":-1},"geometry":{"type":"Polygon","coordinates":[[[13.22807824367708,49.51585372089068],[13.22807824367708,49.52484692452793],[13.237071447314326,49.52484692452793],[13.237071447314326,49.51585372089068],[13.22807824367708,49.51585372089068]]]}},{"type":"Feature","properties":{"jobs":19,"pop":193,"pointCount":7,"homeWorkCommuteMedian":16646,"workHomeCommuteMedian":4210},"geometry":{"type":"Polygon","coordinates":[[[13.22807824367708,49.56981294271416],[13.22807824367708,49.578806146351404],[13.237071447314326,49.578806146351404],[13.237071447314326,49.56981294271416],[13.22807824367708,49.56981294271416]]]}},{"type":"Feature","properties":{"jobs":0,"pop":24,"pointCount":1,"homeWorkCommuteMedian":8084,"workHomeCommuteMedian":-1},"geometry":{"type":"Polygon","coordinates":[[[13.22807824367708,49.61477896090039],[13.22807824367708,49.623772164537634],[13.237071447314326,49.623772164537634],[13.237071447314326,49.61477896090039],[13.22807824367708,49.61477896090039]]]}},{"type":"Feature","properties":{"jobs":169,"pop":43,"pointCount":5,"homeWorkCommuteMedian":10272,"workHomeCommuteMedian":8371},"geometry":{"type":"Polygon","coordinates":[[[13.22807824367708,49.67773138636111],[13.22807824367708,49.686724589998356],[13.237071447314326,49.686724589998356],[13.237071447314326,49.67773138636111],[13.22807824367708,49.67773138636111]]]}},{"type":"Feature","properties":{"jobs":16,"pop":0,"pointCount":1,"homeWorkCommuteMedian":-1,"workHomeCommuteMedian":1413},"geometry":{"type":"Polygon","coordinates":[[[13.22807824367708,49.686724589998356],[13.22807824367708,49.6957177936356],[13.237071447314326,49.6957177936356],[13.237071447314326,49.686724589998356],[13.22807824367708,49.686724589998356]]]}},{"type":"Feature","properties":{"jobs":674,"pop":0,"pointCount":2,"homeWorkCommuteMedian":-1,"workHomeCommuteMedian":15618},"geometry":{"type":"Polygon","coordinates":[[[13.22807824367708,49.6957177936356],[13.22807824367708,49.70471099727285],[13.237071447314326,49.70471099727285],[13.237071447314326,49.6957177936356],[13.22807824367708,49.6957177936356]]]}},{"type":"Feature","properties":{"jobs":0,"pop":41,"pointCount":2,"homeWorkCommuteMedian":26267,"workHomeCommuteMedian":-1},"geometry":{"type":"Polygon","coordinates":[[[13.22807824367708,49.713704200910094],[13.22807824367708,49.72269740454734],[13.237071447314326,49.72269740454734],[13.237071447314326,49.713704200910094],[13.22807824367708,49.713704200910094]]]}},{"type":"Feature","properties":{"jobs":329,"pop":694,"pointCount":29,"homeWorkCommuteMedian":10826,"workHomeCommuteMedian":1763},"geometry":{"type":"Polygon","coordinates":[[[13.22807824367708,49.72269740454734],[13.22807824367708,49.731690608184586],[13.237071447314326,49.731690608184586],[13.237071447314326,49.72269740454734],[13.22807824367708,49.72269740454734]]]}},{"type":"Feature","properties":{"jobs":0,"pop":34,"pointCount":2,"homeWorkCommuteMedian":11435,"workHomeCommuteMedian":-1},"geometry":{"type":"Polygon","coordinates":[[[13.22807824367708,49.758670219096324],[13.22807824367708,49.76766342273357],[13.237071447314326,49.76766342273357],[13.237071447314326,49.758670219096324],[13.22807824367708,49.758670219096324]]]}},{"type":"Feature","properties":{"jobs":34,"pop":120,"pointCount":5,"homeWorkCommuteMedian":11973,"workHomeCommuteMedian":561},"geometry":{"type":"Polygon","coordinates":[[[13.22807824367708,49.76766342273357],[13.22807824367708,49.776656626370816],[13.237071447314326,49.776656626370816],[13.237071447314326,49.76766342273357],[13.22807824367708,49.76766342273357]]]}},{"type":"Feature","properties":{"jobs":0,"pop":17,"pointCount":1,"homeWorkCommuteMedian":16774,"workHomeCommuteMedian":-1},"geometry":{"type":"Polygon","coordinates":[[[13.22807824367708,49.83061584819429],[13.22807824367708,49.83960905183154],[13.237071447314326,49.83960905183154],[13.237071447314326,49.83061584819429],[13.22807824367708,49.83061584819429]]]}},{"type":"Feature","properties":{"jobs":118,"pop":471,"pointCount":19,"homeWorkCommuteMedian":17969,"workHomeCommuteMedian":5009},"geometry":{"type":"Polygon","coordinates":[[[13.22807824367708,49.83960905183154],[13.22807824367708,49.84860225546878],[13.237071447314326,49.84860225546878],[13.237071447314326,49.83960905183154],[13.22807824367708,49.83960905183154]]]}},{"type":"Feature","properties":{"jobs":0,"pop":63,"pointCount":2,"homeWorkCommuteMedian":12146,"workHomeCommuteMedian":-1},"geometry":{"type":"Polygon","coordinates":[[[13.22807824367708,49.85759545910603],[13.22807824367708,49.866588662743276],[13.237071447314326,49.866588662743276],[13.237071447314326,49.85759545910603],[13.22807824367708,49.85759545910603]]]}},{"type":"Feature","properties":{"jobs":16,"pop":0,"pointCount":1,"homeWorkCommuteMedian":-1,"workHomeCommuteMedian":6915},"geometry":{"type":"Polygon","coordinates":[[[13.22807824367708,49.97450710639023],[13.22807824367708,49.98350031002747],[13.237071447314326,49.98350031002747],[13.237071447314326,49.97450710639023],[13.22807824367708,49.97450710639023]]]}},{"type":"Feature","properties":{"jobs":200,"pop":242,"pointCount":10,"homeWorkCommuteMedian":37121,"workHomeCommuteMedian":4038},"geometry":{"type":"Polygon","coordinates":[[[13.22807824367708,49.98350031002747],[13.22807824367708,49.99249351366472],[13.237071447314326,49.99249351366472],[13.237071447314326,49.98350031002747],[13.22807824367708,49.98350031002747]]]}},{"type":"Feature","properties":{"jobs":0,"pop":62,"pointCount":2,"homeWorkCommuteMedian":34563,"workHomeCommuteMedian":-1},"geometry":{"type":"Polygon","coordinates":[[[13.22807824367708,49.99249351366472],[13.22807824367708,50.001486717301965],[13.237071447314326,50.001486717301965],[13.237071447314326,49.99249351366472],[13.22807824367708,49.99249351366472]]]}},{"type":"Feature","properties":{"jobs":41,"pop":0,"pointCount":1,"homeWorkCommuteMedian":-1,"workHomeCommuteMedian":8017},"geometry":{"type":"Polygon","coordinates":[[[13.237071447314326,49.51585372089068],[13.237071447314326,49.52484692452793],[13.246064650951572,49.52484692452793],[13.246064650951572,49.51585372089068],[13.237071447314326,49.51585372089068]]]}},{"type":"Feature","properties":{"jobs":29,"pop":71,"pointCount":4,"homeWorkCommuteMedian":25313,"workHomeCommuteMedian":4632},"geometry":{"type":"Polygon","coordinates":[[[13.237071447314326,49.56981294271416],[13.237071447314326,49.578806146351404],[13.246064650951572,49.578806146351404],[13.246064650951572,49.56981294271416],[13.237071447314326,49.56981294271416]]]}},{"type":"Feature","properties":{"jobs":0,"pop":44,"pointCount":1,"homeWorkCommuteMedian":7811,"workHomeCommuteMedian":-1},"geometry":{"type":"Polygon","coordinates":[[[13.237071447314326,49.58779934998865],[13.237071447314326,49.596792553625896],[13.246064650951572,49.596792553625896],[13.246064650951572,49.58779934998865],[13.237071447314326,49.58779934998865]]]}},{"type":"Feature","properties":{"jobs":22,"pop":14,"pointCount":2,"homeWorkCommuteMedian":7784,"workHomeCommuteMedian":494},"geometry":{"type":"Polygon","coordinates":[[[13.237071447314326,49.596792553625896],[13.237071447314326,49.60578575726314],[13.246064650951572,49.60578575726314],[13.246064650951572,49.596792553625896],[13.237071447314326,49.596792553625896]]]}},{"type":"Feature","properties":{"jobs":1,"pop":35,"pointCount":2,"homeWorkCommuteMedian":19982,"workHomeCommuteMedian":223},"geometry":{"type":"Polygon","coordinates":[[[13.237071447314326,49.61477896090039],[13.237071447314326,49.623772164537634],[13.246064650951572,49.623772164537634],[13.246064650951572,49.61477896090039],[13.237071447314326,49.61477896090039]]]}},{"type":"Feature","properties":{"jobs":0,"pop":10,"pointCount":1,"homeWorkCommuteMedian":18587,"workHomeCommuteMedian":-1},"geometry":{"type":"Polygon","coordinates":[[[13.237071447314326,49.641758571812126],[13.237071447314326,49.65075177544937],[13.246064650951572,49.65075177544937],[13.246064650951572,49.641758571812126],[13.237071447314326,49.641758571812126]]]}},{"type":"Feature","properties":{"jobs":120,"pop":70,"pointCount":4,"homeWorkCommuteMedian":12716,"workHomeCommuteMedian":8542},"geometry":{"type":"Polygon","coordinates":[[[13.237071447314326,49.67773138636111],[13.237071447314326,49.686724589998356],[13.246064650951572,49.686724589998356],[13.246064650951572,49.67773138636111],[13.237071447314326,49.67773138636111]]]}},{"type":"Feature","properties":{"jobs":18,"pop":433,"pointCount":15,"homeWorkCommuteMedian":12600,"workHomeCommuteMedian":3557},"geometry":{"type":"Polygon","coordinates":[[[13.237071447314326,49.713704200910094],[13.237071447314326,49.72269740454734],[13.246064650951572,49.72269740454734],[13.246064650951572,49.713704200910094],[13.237071447314326,49.713704200910094]]]}},{"type":"Feature","properties":{"jobs":35,"pop":439,"pointCount":19,"homeWorkCommuteMedian":11687,"workHomeCommuteMedian":379},"geometry":{"type":"Polygon","coordinates":[[[13.237071447314326,49.72269740454734],[13.237071447314326,49.731690608184586],[13.246064650951572,49.731690608184586],[13.246064650951572,49.72269740454734],[13.237071447314326,49.72269740454734]]]}},{"type":"Feature","properties":{"jobs":10,"pop":531,"pointCount":17,"homeWorkCommuteMedian":10692,"workHomeCommuteMedian":8924},"geometry":{"type":"Polygon","coordinates":[[[13.237071447314326,49.758670219096324],[13.237071447314326,49.76766342273357],[13.246064650951572,49.76766342273357],[13.246064650951572,49.758670219096324],[13.237071447314326,49.758670219096324]]]}},{"type":"Feature","properties":{"jobs":116,"pop":25,"pointCount":3,"homeWorkCommuteMedian":20403,"workHomeCommuteMedian":20056},"geometry":{"type":"Polygon","coordinates":[[[13.237071447314326,49.76766342273357],[13.237071447314326,49.776656626370816],[13.246064650951572,49.776656626370816],[13.246064650951572,49.76766342273357],[13.237071447314326,49.76766342273357]]]}},{"type":"Feature","properties":{"jobs":0,"pop":18,"pointCount":1,"homeWorkCommuteMedian":12788,"workHomeCommuteMedian":-1},"geometry":{"type":"Polygon","coordinates":[[[13.237071447314326,49.776656626370816],[13.237071447314326,49.78564983000806],[13.246064650951572,49.78564983000806],[13.246064650951572,49.776656626370816],[13.237071447314326,49.776656626370816]]]}},{"type":"Feature","properties":{"jobs":0,"pop":119,"pointCount":5,"homeWorkCommuteMedian":18593,"workHomeCommuteMedian":-1},"geometry":{"type":"Polygon","coordinates":[[[13.237071447314326,49.83960905183154],[13.237071447314326,49.84860225546878],[13.246064650951572,49.84860225546878],[13.246064650951572,49.83960905183154],[13.237071447314326,49.83960905183154]]]}},{"type":"Feature","properties":{"jobs":11,"pop":30,"pointCount":1,"homeWorkCommuteMedian":23446,"workHomeCommuteMedian":98},"geometry":{"type":"Polygon","coordinates":[[[13.237071447314326,49.85759545910603],[13.237071447314326,49.866588662743276],[13.246064650951572,49.866588662743276],[13.246064650951572,49.85759545910603],[13.237071447314326,49.85759545910603]]]}},{"type":"Feature","properties":{"jobs":0,"pop":44,"pointCount":3,"homeWorkCommuteMedian":17545,"workHomeCommuteMedian":-1},"geometry":{"type":"Polygon","coordinates":[[[13.237071447314326,49.88457507001777],[13.237071447314326,49.89356827365501],[13.246064650951572,49.89356827365501],[13.246064650951572,49.88457507001777],[13.237071447314326,49.88457507001777]]]}},{"type":"Feature","properties":{"jobs":0,"pop":52,"pointCount":3,"homeWorkCommuteMedian":36731,"workHomeCommuteMedian":-1},"geometry":{"type":"Polygon","coordinates":[[[13.237071447314326,49.98350031002747],[13.237071447314326,49.99249351366472],[13.246064650951572,49.99249351366472],[13.246064650951572,49.98350031002747],[13.237071447314326,49.98350031002747]]]}},{"type":"Feature","properties":{"jobs":10,"pop":0,"pointCount":1,"homeWorkCommuteMedian":-1,"workHomeCommuteMedian":7243},"geometry":{"type":"Polygon","coordinates":[[[13.237071447314326,49.99249351366472],[13.237071447314326,50.001486717301965],[13.246064650951572,50.001486717301965],[13.246064650951572,49.99249351366472],[13.237071447314326,49.99249351366472]]]}},{"type":"Feature","properties":{"jobs":4,"pop":4,"pointCount":2,"homeWorkCommuteMedian":50,"workHomeCommuteMedian":50},"geometry":{"type":"Polygon","coordinates":[[[13.246064650951572,49.4798809063417],[13.246064650951572,49.488874109978944],[13.255057854588818,49.488874109978944],[13.255057854588818,49.4798809063417],[13.246064650951572,49.4798809063417]]]}},{"type":"Feature","properties":{"jobs":30,"pop":130,"pointCount":7,"homeWorkCommuteMedian":15773,"workHomeCommuteMedian":588},"geometry":{"type":"Polygon","coordinates":[[[13.246064650951572,49.533840128165174],[13.246064650951572,49.54283333180242],[13.255057854588818,49.54283333180242],[13.255057854588818,49.533840128165174],[13.246064650951572,49.533840128165174]]]}},{"type":"Feature","properties":{"jobs":10,"pop":73,"pointCount":2,"homeWorkCommuteMedian":22312,"workHomeCommuteMedian":4445},"geometry":{"type":"Polygon","coordinates":[[[13.246064650951572,49.596792553625896],[13.246064650951572,49.60578575726314],[13.255057854588818,49.60578575726314],[13.255057854588818,49.596792553625896],[13.246064650951572,49.596792553625896]]]}},{"type":"Feature","properties":{"jobs":0,"pop":133,"pointCount":7,"homeWorkCommuteMedian":19689,"workHomeCommuteMedian":-1},"geometry":{"type":"Polygon","coordinates":[[[13.246064650951572,49.63276536817488],[13.246064650951572,49.641758571812126],[13.255057854588818,49.641758571812126],[13.255057854588818,49.63276536817488],[13.246064650951572,49.63276536817488]]]}},{"type":"Feature","properties":{"jobs":49,"pop":178,"pointCount":8,"homeWorkCommuteMedian":16947,"workHomeCommuteMedian":208},"geometry":{"type":"Polygon","coordinates":[[[13.246064650951572,49.641758571812126],[13.246064650951572,49.65075177544937],[13.255057854588818,49.65075177544937],[13.255057854588818,49.641758571812126],[13.246064650951572,49.641758571812126]]]}},{"type":"Feature","properties":{"jobs":100,"pop":0,"pointCount":1,"homeWorkCommuteMedian":-1,"workHomeCommuteMedian":15736},"geometry":{"type":"Polygon","coordinates":[[[13.246064650951572,49.668738182723864],[13.246064650951572,49.67773138636111],[13.255057854588818,49.67773138636111],[13.255057854588818,49.668738182723864],[13.246064650951572,49.668738182723864]]]}},{"type":"Feature","properties":{"jobs":0,"pop":11,"pointCount":1,"homeWorkCommuteMedian":13147,"workHomeCommuteMedian":-1},"geometry":{"type":"Polygon","coordinates":[[[13.246064650951572,49.67773138636111],[13.246064650951572,49.686724589998356],[13.255057854588818,49.686724589998356],[13.255057854588818,49.67773138636111],[13.246064650951572,49.67773138636111]]]}},{"type":"Feature","properties":{"jobs":0,"pop":149,"pointCount":7,"homeWorkCommuteMedian":9141,"workHomeCommuteMedian":-1},"geometry":{"type":"Polygon","coordinates":[[[13.246064650951572,49.686724589998356],[13.246064650951572,49.6957177936356],[13.255057854588818,49.6957177936356],[13.255057854588818,49.686724589998356],[13.246064650951572,49.686724589998356]]]}},{"type":"Feature","properties":{"jobs":0,"pop":141,"pointCount":6,"homeWorkCommuteMedian":11344,"workHomeCommuteMedian":-1},"geometry":{"type":"Polygon","coordinates":[[[13.246064650951572,49.6957177936356],[13.246064650951572,49.70471099727285],[13.255057854588818,49.70471099727285],[13.255057854588818,49.6957177936356],[13.246064650951572,49.6957177936356]]]}},{"type":"Feature","properties":{"jobs":25,"pop":0,"pointCount":1,"homeWorkCommuteMedian":-1,"workHomeCommuteMedian":1324},"geometry":{"type":"Polygon","coordinates":[[[13.246064650951572,49.70471099727285],[13.246064650951572,49.713704200910094],[13.255057854588818,49.713704200910094],[13.255057854588818,49.70471099727285],[13.246064650951572,49.70471099727285]]]}},{"type":"Feature","properties":{"jobs":0,"pop":32,"pointCount":2,"homeWorkCommuteMedian":14394,"workHomeCommuteMedian":-1},"geometry":{"type":"Polygon","coordinates":[[[13.246064650951572,49.713704200910094],[13.246064650951572,49.72269740454734],[13.255057854588818,49.72269740454734],[13.255057854588818,49.713704200910094],[13.246064650951572,49.713704200910094]]]}},{"type":"Feature","properties":{"jobs":0,"pop":115,"pointCount":5,"homeWorkCommuteMedian":9877,"workHomeCommuteMedian":-1},"geometry":{"type":"Polygon","coordinates":[[[13.246064650951572,49.72269740454734],[13.246064650951572,49.731690608184586],[13.255057854588818,49.731690608184586],[13.255057854588818,49.72269740454734],[13.246064650951572,49.72269740454734]]]}},{"type":"Feature","properties":{"jobs":82,"pop":152,"pointCount":9,"homeWorkCommuteMedian":10147,"workHomeCommuteMedian":628},"geometry":{"type":"Polygon","coordinates":[[[13.246064650951572,49.758670219096324],[13.246064650951572,49.76766342273357],[13.255057854588818,49.76766342273357],[13.255057854588818,49.758670219096324],[13.246064650951572,49.758670219096324]]]}},{"type":"Feature","properties":{"jobs":557,"pop":690,"pointCount":23,"homeWorkCommuteMedian":12117,"workHomeCommuteMedian":12200},"geometry":{"type":"Polygon","coordinates":[[[13.246064650951572,49.76766342273357],[13.246064650951572,49.776656626370816],[13.255057854588818,49.776656626370816],[13.255057854588818,49.76766342273357],[13.246064650951572,49.76766342273357]]]}},{"type":"Feature","properties":{"jobs":748,"pop":422,"pointCount":25,"homeWorkCommuteMedian":11674,"workHomeCommuteMedian":12959},"geometry":{"type":"Polygon","coordinates":[[[13.246064650951572,49.776656626370816],[13.246064650951572,49.78564983000806],[13.255057854588818,49.78564983000806],[13.255057854588818,49.776656626370816],[13.246064650951572,49.776656626370816]]]}},{"type":"Feature","properties":{"jobs":14,"pop":181,"pointCount":6,"homeWorkCommuteMedian":13459,"workHomeCommuteMedian":292},"geometry":{"type":"Polygon","coordinates":[[[13.246064650951572,49.79464303364531],[13.246064650951572,49.803636237282554],[13.255057854588818,49.803636237282554],[13.255057854588818,49.79464303364531],[13.246064650951572,49.79464303364531]]]}},{"type":"Feature","properties":{"jobs":1,"pop":31,"pointCount":2,"homeWorkCommuteMedian":20193,"workHomeCommuteMedian":79},"geometry":{"type":"Polygon","coordinates":[[[13.246064650951572,49.866588662743276],[13.246064650951572,49.87558186638052],[13.255057854588818,49.87558186638052],[13.255057854588818,49.866588662743276],[13.246064650951572,49.866588662743276]]]}},{"type":"Feature","properties":{"jobs":0,"pop":33,"pointCount":1,"homeWorkCommuteMedian":24336,"workHomeCommuteMedian":-1},"geometry":{"type":"Polygon","coordinates":[[[13.246064650951572,49.87558186638052],[13.246064650951572,49.88457507001777],[13.255057854588818,49.88457507001777],[13.255057854588818,49.87558186638052],[13.246064650951572,49.87558186638052]]]}},{"type":"Feature","properties":{"jobs":0,"pop":11,"pointCount":1,"homeWorkCommuteMedian":13373,"workHomeCommuteMedian":-1},"geometry":{"type":"Polygon","coordinates":[[[13.246064650951572,49.88457507001777],[13.246064650951572,49.89356827365501],[13.255057854588818,49.89356827365501],[13.255057854588818,49.88457507001777],[13.246064650951572,49.88457507001777]]]}},{"type":"Feature","properties":{"jobs":2,"pop":0,"pointCount":1,"homeWorkCommuteMedian":-1,"workHomeCommuteMedian":1554},"geometry":{"type":"Polygon","coordinates":[[[13.246064650951572,49.98350031002747],[13.246064650951572,49.99249351366472],[13.255057854588818,49.99249351366472],[13.255057854588818,49.98350031002747],[13.246064650951572,49.98350031002747]]]}},{"type":"Feature","properties":{"jobs":12,"pop":0,"pointCount":1,"homeWorkCommuteMedian":-1,"workHomeCommuteMedian":6405},"geometry":{"type":"Polygon","coordinates":[[[13.246064650951572,49.99249351366472],[13.246064650951572,50.001486717301965],[13.255057854588818,50.001486717301965],[13.255057854588818,49.99249351366472],[13.246064650951572,49.99249351366472]]]}},{"type":"Feature","properties":{"jobs":11,"pop":47,"pointCount":3,"homeWorkCommuteMedian":28676,"workHomeCommuteMedian":5664},"geometry":{"type":"Polygon","coordinates":[[[13.246064650951572,50.0284663282137],[13.246064650951572,50.03745953185095],[13.255057854588818,50.03745953185095],[13.255057854588818,50.0284663282137],[13.246064650951572,50.0284663282137]]]}},{"type":"Feature","properties":{"jobs":0,"pop":30,"pointCount":1,"homeWorkCommuteMedian":35726,"workHomeCommuteMedian":-1},"geometry":{"type":"Polygon","coordinates":[[[13.255057854588818,49.4798809063417],[13.255057854588818,49.488874109978944],[13.264051058226064,49.488874109978944],[13.264051058226064,49.4798809063417],[13.255057854588818,49.4798809063417]]]}},{"type":"Feature","properties":{"jobs":0,"pop":36,"pointCount":2,"homeWorkCommuteMedian":4210,"workHomeCommuteMedian":-1},"geometry":{"type":"Polygon","coordinates":[[[13.255057854588818,49.551826535439666],[13.255057854588818,49.56081973907691],[13.264051058226064,49.56081973907691],[13.264051058226064,49.551826535439666],[13.255057854588818,49.551826535439666]]]}},{"type":"Feature","properties":{"jobs":6,"pop":79,"pointCount":3,"homeWorkCommuteMedian":21213,"workHomeCommuteMedian":484},"geometry":{"type":"Polygon","coordinates":[[[13.255057854588818,49.56081973907691],[13.255057854588818,49.56981294271416],[13.264051058226064,49.56981294271416],[13.264051058226064,49.56081973907691],[13.255057854588818,49.56081973907691]]]}},{"type":"Feature","properties":{"jobs":40,"pop":63,"pointCount":3,"homeWorkCommuteMedian":21006,"workHomeCommuteMedian":515},"geometry":{"type":"Polygon","coordinates":[[[13.255057854588818,49.596792553625896],[13.255057854588818,49.60578575726314],[13.264051058226064,49.60578575726314],[13.264051058226064,49.596792553625896],[13.255057854588818,49.596792553625896]]]}},{"type":"Feature","properties":{"jobs":10,"pop":78,"pointCount":2,"homeWorkCommuteMedian":16511,"workHomeCommuteMedian":3234},"geometry":{"type":"Polygon","coordinates":[[[13.255057854588818,49.65075177544937],[13.255057854588818,49.65974497908662],[13.264051058226064,49.65974497908662],[13.264051058226064,49.65075177544937],[13.255057854588818,49.65075177544937]]]}},{"type":"Feature","properties":{"jobs":20,"pop":0,"pointCount":1,"homeWorkCommuteMedian":-1,"workHomeCommuteMedian":1423},"geometry":{"type":"Polygon","coordinates":[[[13.255057854588818,49.668738182723864],[13.255057854588818,49.67773138636111],[13.264051058226064,49.67773138636111],[13.264051058226064,49.668738182723864],[13.255057854588818,49.668738182723864]]]}},{"type":"Feature","properties":{"jobs":33,"pop":763,"pointCount":27,"homeWorkCommuteMedian":11213,"workHomeCommuteMedian":2791},"geometry":{"type":"Polygon","coordinates":[[[13.255057854588818,49.686724589998356],[13.255057854588818,49.6957177936356],[13.264051058226064,49.6957177936356],[13.264051058226064,49.686724589998356],[13.255057854588818,49.686724589998356]]]}},{"type":"Feature","properties":{"jobs":0,"pop":235,"pointCount":9,"homeWorkCommuteMedian":11137,"workHomeCommuteMedian":-1},"geometry":{"type":"Polygon","coordinates":[[[13.255057854588818,49.6957177936356],[13.255057854588818,49.70471099727285],[13.264051058226064,49.70471099727285],[13.264051058226064,49.6957177936356],[13.255057854588818,49.6957177936356]]]}},{"type":"Feature","properties":{"jobs":51,"pop":78,"pointCount":6,"homeWorkCommuteMedian":8206,"workHomeCommuteMedian":2529},"geometry":{"type":"Polygon","coordinates":[[[13.255057854588818,49.758670219096324],[13.255057854588818,49.76766342273357],[13.264051058226064,49.76766342273357],[13.264051058226064,49.758670219096324],[13.255057854588818,49.758670219096324]]]}},{"type":"Feature","properties":{"jobs":0,"pop":99,"pointCount":2,"homeWorkCommuteMedian":12028,"workHomeCommuteMedian":-1},"geometry":{"type":"Polygon","coordinates":[[[13.255057854588818,49.76766342273357],[13.255057854588818,49.776656626370816],[13.264051058226064,49.776656626370816],[13.264051058226064,49.76766342273357],[13.255057854588818,49.76766342273357]]]}},{"type":"Feature","properties":{"jobs":0,"pop":10,"pointCount":1,"homeWorkCommuteMedian":16927,"workHomeCommuteMedian":-1},"geometry":{"type":"Polygon","coordinates":[[[13.255057854588818,49.776656626370816],[13.255057854588818,49.78564983000806],[13.264051058226064,49.78564983000806],[13.264051058226064,49.776656626370816],[13.255057854588818,49.776656626370816]]]}},{"type":"Feature","properties":{"jobs":0,"pop":13,"pointCount":1,"homeWorkCommuteMedian":14345,"workHomeCommuteMedian":-1},"geometry":{"type":"Polygon","coordinates":[[[13.255057854588818,49.79464303364531],[13.255057854588818,49.803636237282554],[13.264051058226064,49.803636237282554],[13.264051058226064,49.79464303364531],[13.255057854588818,49.79464303364531]]]}},{"type":"Feature","properties":{"jobs":11,"pop":0,"pointCount":1,"homeWorkCommuteMedian":-1,"workHomeCommuteMedian":41905},"geometry":{"type":"Polygon","coordinates":[[[13.255057854588818,49.83061584819429],[13.255057854588818,49.83960905183154],[13.264051058226064,49.83960905183154],[13.264051058226064,49.83061584819429],[13.255057854588818,49.83061584819429]]]}},{"type":"Feature","properties":{"jobs":10,"pop":63,"pointCount":3,"homeWorkCommuteMedian":19518,"workHomeCommuteMedian":3292},"geometry":{"type":"Polygon","coordinates":[[[13.255057854588818,49.84860225546878],[13.255057854588818,49.85759545910603],[13.264051058226064,49.85759545910603],[13.264051058226064,49.84860225546878],[13.255057854588818,49.84860225546878]]]}},{"type":"Feature","properties":{"jobs":11,"pop":33,"pointCount":2,"homeWorkCommuteMedian":19210,"workHomeCommuteMedian":193},"geometry":{"type":"Polygon","coordinates":[[[13.255057854588818,49.85759545910603],[13.255057854588818,49.866588662743276],[13.264051058226064,49.866588662743276],[13.264051058226064,49.85759545910603],[13.255057854588818,49.85759545910603]]]}},{"type":"Feature","properties":{"jobs":0,"pop":42,"pointCount":2,"homeWorkCommuteMedian":12809,"workHomeCommuteMedian":-1},"geometry":{"type":"Polygon","coordinates":[[[13.255057854588818,49.88457507001777],[13.255057854588818,49.89356827365501],[13.264051058226064,49.89356827365501],[13.264051058226064,49.88457507001777],[13.255057854588818,49.88457507001777]]]}},{"type":"Feature","properties":{"jobs":12,"pop":107,"pointCount":4,"homeWorkCommuteMedian":24380,"workHomeCommuteMedian":207},"geometry":{"type":"Polygon","coordinates":[[[13.255057854588818,49.911554680929505],[13.255057854588818,49.92054788456675],[13.264051058226064,49.92054788456675],[13.264051058226064,49.911554680929505],[13.255057854588818,49.911554680929505]]]}},{"type":"Feature","properties":{"jobs":21,"pop":0,"pointCount":1,"homeWorkCommuteMedian":-1,"workHomeCommuteMedian":432},"geometry":{"type":"Polygon","coordinates":[[[13.255057854588818,49.929541088204],[13.255057854588818,49.93853429184124],[13.264051058226064,49.93853429184124],[13.264051058226064,49.929541088204],[13.255057854588818,49.929541088204]]]}},{"type":"Feature","properties":{"jobs":11,"pop":62,"pointCount":4,"homeWorkCommuteMedian":25774,"workHomeCommuteMedian":202},"geometry":{"type":"Polygon","coordinates":[[[13.255057854588818,49.93853429184124],[13.255057854588818,49.94752749547849],[13.264051058226064,49.94752749547849],[13.264051058226064,49.93853429184124],[13.255057854588818,49.93853429184124]]]}},{"type":"Feature","properties":{"jobs":0,"pop":25,"pointCount":2,"homeWorkCommuteMedian":4038,"workHomeCommuteMedian":-1},"geometry":{"type":"Polygon","coordinates":[[[13.255057854588818,49.96551390275298],[13.255057854588818,49.97450710639023],[13.264051058226064,49.97450710639023],[13.264051058226064,49.96551390275298],[13.255057854588818,49.96551390275298]]]}},{"type":"Feature","properties":{"jobs":0,"pop":17,"pointCount":2,"homeWorkCommuteMedian":42232,"workHomeCommuteMedian":-1},"geometry":{"type":"Polygon","coordinates":[[[13.255057854588818,50.001486717301965],[13.255057854588818,50.01047992093921],[13.264051058226064,50.01047992093921],[13.264051058226064,50.001486717301965],[13.255057854588818,50.001486717301965]]]}},{"type":"Feature","properties":{"jobs":0,"pop":112,"pointCount":5,"homeWorkCommuteMedian":23915,"workHomeCommuteMedian":-1},"geometry":{"type":"Polygon","coordinates":[[[13.264051058226064,49.49786731361619],[13.264051058226064,49.506860517253436],[13.27304426186331,49.506860517253436],[13.27304426186331,49.49786731361619],[13.264051058226064,49.49786731361619]]]}},{"type":"Feature","properties":{"jobs":0,"pop":44,"pointCount":3,"homeWorkCommuteMedian":31226,"workHomeCommuteMedian":-1},"geometry":{"type":"Polygon","coordinates":[[[13.264051058226064,49.51585372089068],[13.264051058226064,49.52484692452793],[13.27304426186331,49.52484692452793],[13.27304426186331,49.51585372089068],[13.264051058226064,49.51585372089068]]]}},{"type":"Feature","properties":{"jobs":0,"pop":32,"pointCount":1,"homeWorkCommuteMedian":3790,"workHomeCommuteMedian":-1},"geometry":{"type":"Polygon","coordinates":[[[13.264051058226064,49.52484692452793],[13.264051058226064,49.533840128165174],[13.27304426186331,49.533840128165174],[13.27304426186331,49.52484692452793],[13.264051058226064,49.52484692452793]]]}},{"type":"Feature","properties":{"jobs":0,"pop":11,"pointCount":1,"homeWorkCommuteMedian":22458,"workHomeCommuteMedian":-1},"geometry":{"type":"Polygon","coordinates":[[[13.264051058226064,49.56081973907691],[13.264051058226064,49.56981294271416],[13.27304426186331,49.56981294271416],[13.27304426186331,49.56081973907691],[13.264051058226064,49.56081973907691]]]}},{"type":"Feature","properties":{"jobs":0,"pop":13,"pointCount":1,"homeWorkCommuteMedian":4941,"workHomeCommuteMedian":-1},"geometry":{"type":"Polygon","coordinates":[[[13.264051058226064,49.578806146351404],[13.264051058226064,49.58779934998865],[13.27304426186331,49.58779934998865],[13.27304426186331,49.578806146351404],[13.264051058226064,49.578806146351404]]]}},{"type":"Feature","properties":{"jobs":27,"pop":292,"pointCount":13,"homeWorkCommuteMedian":16440,"workHomeCommuteMedian":19103},"geometry":{"type":"Polygon","coordinates":[[[13.264051058226064,49.596792553625896],[13.264051058226064,49.60578575726314],[13.27304426186331,49.60578575726314],[13.27304426186331,49.596792553625896],[13.264051058226064,49.596792553625896]]]}},{"type":"Feature","properties":{"jobs":68,"pop":24,"pointCount":2,"homeWorkCommuteMedian":3125,"workHomeCommuteMedian":5223},"geometry":{"type":"Polygon","coordinates":[[[13.264051058226064,49.60578575726314],[13.264051058226064,49.61477896090039],[13.27304426186331,49.61477896090039],[13.27304426186331,49.60578575726314],[13.264051058226064,49.60578575726314]]]}},{"type":"Feature","properties":{"jobs":0,"pop":13,"pointCount":1,"homeWorkCommuteMedian":20636,"workHomeCommuteMedian":-1},"geometry":{"type":"Polygon","coordinates":[[[13.264051058226064,49.72269740454734],[13.264051058226064,49.731690608184586],[13.27304426186331,49.731690608184586],[13.27304426186331,49.72269740454734],[13.264051058226064,49.72269740454734]]]}},{"type":"Feature","properties":{"jobs":15,"pop":0,"pointCount":1,"homeWorkCommuteMedian":-1,"workHomeCommuteMedian":4393},"geometry":{"type":"Polygon","coordinates":[[[13.264051058226064,49.74068381182183],[13.264051058226064,49.74967701545908],[13.27304426186331,49.74967701545908],[13.27304426186331,49.74068381182183],[13.264051058226064,49.74068381182183]]]}},{"type":"Feature","properties":{"jobs":22,"pop":381,"pointCount":12,"homeWorkCommuteMedian":9716,"workHomeCommuteMedian":436},"geometry":{"type":"Polygon","coordinates":[[[13.264051058226064,49.74967701545908],[13.264051058226064,49.758670219096324],[13.27304426186331,49.758670219096324],[13.27304426186331,49.74967701545908],[13.264051058226064,49.74967701545908]]]}},{"type":"Feature","properties":{"jobs":27,"pop":0,"pointCount":1,"homeWorkCommuteMedian":-1,"workHomeCommuteMedian":21428},"geometry":{"type":"Polygon","coordinates":[[[13.264051058226064,49.758670219096324],[13.264051058226064,49.76766342273357],[13.27304426186331,49.76766342273357],[13.27304426186331,49.758670219096324],[13.264051058226064,49.758670219096324]]]}},{"type":"Feature","properties":{"jobs":0,"pop":10,"pointCount":1,"homeWorkCommuteMedian":12542,"workHomeCommuteMedian":-1},"geometry":{"type":"Polygon","coordinates":[[[13.264051058226064,49.78564983000806],[13.264051058226064,49.79464303364531],[13.27304426186331,49.79464303364531],[13.27304426186331,49.78564983000806],[13.264051058226064,49.78564983000806]]]}},{"type":"Feature","properties":{"jobs":0,"pop":10,"pointCount":1,"homeWorkCommuteMedian":14342,"workHomeCommuteMedian":-1},"geometry":{"type":"Polygon","coordinates":[[[13.264051058226064,49.821622644557046],[13.264051058226064,49.83061584819429],[13.27304426186331,49.83061584819429],[13.27304426186331,49.821622644557046],[13.264051058226064,49.821622644557046]]]}},{"type":"Feature","properties":{"jobs":46,"pop":27,"pointCount":2,"homeWorkCommuteMedian":18308,"workHomeCommuteMedian":7296},"geometry":{"type":"Polygon","coordinates":[[[13.264051058226064,49.83061584819429],[13.264051058226064,49.83960905183154],[13.27304426186331,49.83960905183154],[13.27304426186331,49.83061584819429],[13.264051058226064,49.83061584819429]]]}},{"type":"Feature","properties":{"jobs":0,"pop":52,"pointCount":3,"homeWorkCommuteMedian":19558,"workHomeCommuteMedian":-1},"geometry":{"type":"Polygon","coordinates":[[[13.264051058226064,49.84860225546878],[13.264051058226064,49.85759545910603],[13.27304426186331,49.85759545910603],[13.27304426186331,49.84860225546878],[13.264051058226064,49.84860225546878]]]}},{"type":"Feature","properties":{"jobs":33,"pop":91,"pointCount":3,"homeWorkCommuteMedian":18718,"workHomeCommuteMedian":4429},"geometry":{"type":"Polygon","coordinates":[[[13.264051058226064,49.85759545910603],[13.264051058226064,49.866588662743276],[13.27304426186331,49.866588662743276],[13.27304426186331,49.85759545910603],[13.264051058226064,49.85759545910603]]]}},{"type":"Feature","properties":{"jobs":6,"pop":110,"pointCount":6,"homeWorkCommuteMedian":24132,"workHomeCommuteMedian":434},"geometry":{"type":"Polygon","coordinates":[[[13.264051058226064,49.88457507001777],[13.264051058226064,49.89356827365501],[13.27304426186331,49.89356827365501],[13.27304426186331,49.88457507001777],[13.264051058226064,49.88457507001777]]]}},{"type":"Feature","properties":{"jobs":11,"pop":64,"pointCount":1,"homeWorkCommuteMedian":26766,"workHomeCommuteMedian":13924},"geometry":{"type":"Polygon","coordinates":[[[13.264051058226064,49.89356827365501],[13.264051058226064,49.90256147729226],[13.27304426186331,49.90256147729226],[13.27304426186331,49.89356827365501],[13.264051058226064,49.89356827365501]]]}},{"type":"Feature","properties":{"jobs":13,"pop":0,"pointCount":1,"homeWorkCommuteMedian":-1,"workHomeCommuteMedian":1430},"geometry":{"type":"Polygon","coordinates":[[[13.264051058226064,49.911554680929505],[13.264051058226064,49.92054788456675],[13.27304426186331,49.92054788456675],[13.27304426186331,49.911554680929505],[13.264051058226064,49.911554680929505]]]}},{"type":"Feature","properties":{"jobs":0,"pop":51,"pointCount":2,"homeWorkCommuteMedian":29483,"workHomeCommuteMedian":-1},"geometry":{"type":"Polygon","coordinates":[[[13.264051058226064,49.93853429184124],[13.264051058226064,49.94752749547849],[13.27304426186331,49.94752749547849],[13.27304426186331,49.93853429184124],[13.264051058226064,49.93853429184124]]]}},{"type":"Feature","properties":{"jobs":25,"pop":132,"pointCount":6,"homeWorkCommuteMedian":33721,"workHomeCommuteMedian":4095},"geometry":{"type":"Polygon","coordinates":[[[13.27304426186331,49.47088770270445],[13.27304426186331,49.4798809063417],[13.282037465500556,49.4798809063417],[13.282037465500556,49.47088770270445],[13.27304426186331,49.47088770270445]]]}},{"type":"Feature","properties":{"jobs":35,"pop":132,"pointCount":7,"homeWorkCommuteMedian":35885,"workHomeCommuteMedian":3473},"geometry":{"type":"Polygon","coordinates":[[[13.27304426186331,49.4798809063417],[13.27304426186331,49.488874109978944],[13.282037465500556,49.488874109978944],[13.282037465500556,49.4798809063417],[13.27304426186331,49.4798809063417]]]}},{"type":"Feature","properties":{"jobs":0,"pop":41,"pointCount":2,"homeWorkCommuteMedian":32102,"workHomeCommuteMedian":-1},"geometry":{"type":"Polygon","coordinates":[[[13.27304426186331,49.51585372089068],[13.27304426186331,49.52484692452793],[13.282037465500556,49.52484692452793],[13.282037465500556,49.51585372089068],[13.27304426186331,49.51585372089068]]]}},{"type":"Feature","properties":{"jobs":23,"pop":80,"pointCount":3,"homeWorkCommuteMedian":23074,"workHomeCommuteMedian":308},"geometry":{"type":"Polygon","coordinates":[[[13.27304426186331,49.52484692452793],[13.27304426186331,49.533840128165174],[13.282037465500556,49.533840128165174],[13.282037465500556,49.52484692452793],[13.27304426186331,49.52484692452793]]]}},{"type":"Feature","properties":{"jobs":0,"pop":11,"pointCount":1,"homeWorkCommuteMedian":28519,"workHomeCommuteMedian":-1},"geometry":{"type":"Polygon","coordinates":[[[13.27304426186331,49.533840128165174],[13.27304426186331,49.54283333180242],[13.282037465500556,49.54283333180242],[13.282037465500556,49.533840128165174],[13.27304426186331,49.533840128165174]]]}},{"type":"Feature","properties":{"jobs":0,"pop":52,"pointCount":2,"homeWorkCommuteMedian":26461,"workHomeCommuteMedian":-1},"geometry":{"type":"Polygon","coordinates":[[[13.27304426186331,49.56981294271416],[13.27304426186331,49.578806146351404],[13.282037465500556,49.578806146351404],[13.282037465500556,49.56981294271416],[13.27304426186331,49.56981294271416]]]}},{"type":"Feature","properties":{"jobs":45,"pop":98,"pointCount":6,"homeWorkCommuteMedian":5514,"workHomeCommuteMedian":231},"geometry":{"type":"Polygon","coordinates":[[[13.27304426186331,49.578806146351404],[13.27304426186331,49.58779934998865],[13.282037465500556,49.58779934998865],[13.282037465500556,49.578806146351404],[13.27304426186331,49.578806146351404]]]}},{"type":"Feature","properties":{"jobs":40,"pop":10,"pointCount":1,"homeWorkCommuteMedian":17428,"workHomeCommuteMedian":6248},"geometry":{"type":"Polygon","coordinates":[[[13.27304426186331,49.61477896090039],[13.27304426186331,49.623772164537634],[13.282037465500556,49.623772164537634],[13.282037465500556,49.61477896090039],[13.27304426186331,49.61477896090039]]]}},{"type":"Feature","properties":{"jobs":0,"pop":16,"pointCount":1,"homeWorkCommuteMedian":5241,"workHomeCommuteMedian":-1},"geometry":{"type":"Polygon","coordinates":[[[13.27304426186331,49.623772164537634],[13.27304426186331,49.63276536817488],[13.282037465500556,49.63276536817488],[13.282037465500556,49.623772164537634],[13.27304426186331,49.623772164537634]]]}},{"type":"Feature","properties":{"jobs":0,"pop":57,"pointCount":2,"homeWorkCommuteMedian":15008,"workHomeCommuteMedian":-1},"geometry":{"type":"Polygon","coordinates":[[[13.27304426186331,49.65075177544937],[13.27304426186331,49.65974497908662],[13.282037465500556,49.65974497908662],[13.282037465500556,49.65075177544937],[13.27304426186331,49.65075177544937]]]}},{"type":"Feature","properties":{"jobs":632,"pop":255,"pointCount":10,"homeWorkCommuteMedian":9297,"workHomeCommuteMedian":9716},"geometry":{"type":"Polygon","coordinates":[[[13.27304426186331,49.6957177936356],[13.27304426186331,49.70471099727285],[13.282037465500556,49.70471099727285],[13.282037465500556,49.6957177936356],[13.27304426186331,49.6957177936356]]]}},{"type":"Feature","properties":{"jobs":0,"pop":42,"pointCount":3,"homeWorkCommuteMedian":9333,"workHomeCommuteMedian":-1},"geometry":{"type":"Polygon","coordinates":[[[13.27304426186331,49.70471099727285],[13.27304426186331,49.713704200910094],[13.282037465500556,49.713704200910094],[13.282037465500556,49.70471099727285],[13.27304426186331,49.70471099727285]]]}},{"type":"Feature","properties":{"jobs":606,"pop":1067,"pointCount":36,"homeWorkCommuteMedian":8589,"workHomeCommuteMedian":8804},"geometry":{"type":"Polygon","coordinates":[[[13.27304426186331,49.72269740454734],[13.27304426186331,49.731690608184586],[13.282037465500556,49.731690608184586],[13.282037465500556,49.72269740454734],[13.27304426186331,49.72269740454734]]]}},{"type":"Feature","properties":{"jobs":11,"pop":592,"pointCount":25,"homeWorkCommuteMedian":8547,"workHomeCommuteMedian":7440},"geometry":{"type":"Polygon","coordinates":[[[13.27304426186331,49.731690608184586],[13.27304426186331,49.74068381182183],[13.282037465500556,49.74068381182183],[13.282037465500556,49.731690608184586],[13.27304426186331,49.731690608184586]]]}},{"type":"Feature","properties":{"jobs":69,"pop":513,"pointCount":24,"homeWorkCommuteMedian":10047,"workHomeCommuteMedian":793},"geometry":{"type":"Polygon","coordinates":[[[13.27304426186331,49.74967701545908],[13.27304426186331,49.758670219096324],[13.282037465500556,49.758670219096324],[13.282037465500556,49.74967701545908],[13.27304426186331,49.74967701545908]]]}},{"type":"Feature","properties":{"jobs":11,"pop":30,"pointCount":2,"homeWorkCommuteMedian":27518,"workHomeCommuteMedian":7775},"geometry":{"type":"Polygon","coordinates":[[[13.27304426186331,49.758670219096324],[13.27304426186331,49.76766342273357],[13.282037465500556,49.76766342273357],[13.282037465500556,49.758670219096324],[13.27304426186331,49.758670219096324]]]}},{"type":"Feature","properties":{"jobs":0,"pop":28,"pointCount":1,"homeWorkCommuteMedian":12844,"workHomeCommuteMedian":-1},"geometry":{"type":"Polygon","coordinates":[[[13.27304426186331,49.79464303364531],[13.27304426186331,49.803636237282554],[13.282037465500556,49.803636237282554],[13.282037465500556,49.79464303364531],[13.27304426186331,49.79464303364531]]]}},{"type":"Feature","properties":{"jobs":10,"pop":115,"pointCount":2,"homeWorkCommuteMedian":12245,"workHomeCommuteMedian":122},"geometry":{"type":"Polygon","coordinates":[[[13.27304426186331,49.8126294409198],[13.27304426186331,49.821622644557046],[13.282037465500556,49.821622644557046],[13.282037465500556,49.8126294409198],[13.27304426186331,49.8126294409198]]]}},{"type":"Feature","properties":{"jobs":59,"pop":116,"pointCount":6,"homeWorkCommuteMedian":13258,"workHomeCommuteMedian":18142},"geometry":{"type":"Polygon","coordinates":[[[13.27304426186331,49.821622644557046],[13.27304426186331,49.83061584819429],[13.282037465500556,49.83061584819429],[13.282037465500556,49.821622644557046],[13.27304426186331,49.821622644557046]]]}},{"type":"Feature","properties":{"jobs":60,"pop":173,"pointCount":10,"homeWorkCommuteMedian":22112,"workHomeCommuteMedian":1163},"geometry":{"type":"Polygon","coordinates":[[[13.27304426186331,49.89356827365501],[13.27304426186331,49.90256147729226],[13.282037465500556,49.90256147729226],[13.282037465500556,49.89356827365501],[13.27304426186331,49.89356827365501]]]}},{"type":"Feature","properties":{"jobs":0,"pop":10,"pointCount":1,"homeWorkCommuteMedian":30205,"workHomeCommuteMedian":-1},"geometry":{"type":"Polygon","coordinates":[[[13.27304426186331,49.929541088204],[13.27304426186331,49.93853429184124],[13.282037465500556,49.93853429184124],[13.282037465500556,49.929541088204],[13.27304426186331,49.929541088204]]]}},{"type":"Feature","properties":{"jobs":0,"pop":33,"pointCount":2,"homeWorkCommuteMedian":29325,"workHomeCommuteMedian":-1},"geometry":{"type":"Polygon","coordinates":[[[13.27304426186331,49.94752749547849],[13.27304426186331,49.956520699115735],[13.282037465500556,49.956520699115735],[13.282037465500556,49.94752749547849],[13.27304426186331,49.94752749547849]]]}},{"type":"Feature","properties":{"jobs":0,"pop":5,"pointCount":1,"homeWorkCommuteMedian":37609,"workHomeCommuteMedian":-1},"geometry":{"type":"Polygon","coordinates":[[[13.27304426186331,49.97450710639023],[13.27304426186331,49.98350031002747],[13.282037465500556,49.98350031002747],[13.282037465500556,49.97450710639023],[13.27304426186331,49.97450710639023]]]}},{"type":"Feature","properties":{"jobs":0,"pop":37,"pointCount":2,"homeWorkCommuteMedian":37418,"workHomeCommuteMedian":-1},"geometry":{"type":"Polygon","coordinates":[[[13.282037465500556,49.461894499067206],[13.282037465500556,49.47088770270445],[13.291030669137802,49.47088770270445],[13.291030669137802,49.461894499067206],[13.282037465500556,49.461894499067206]]]}},{"type":"Feature","properties":{"jobs":116,"pop":30,"pointCount":3,"homeWorkCommuteMedian":36242,"workHomeCommuteMedian":35998},"geometry":{"type":"Polygon","coordinates":[[[13.282037465500556,49.47088770270445],[13.282037465500556,49.4798809063417],[13.291030669137802,49.4798809063417],[13.291030669137802,49.47088770270445],[13.282037465500556,49.47088770270445]]]}},{"type":"Feature","properties":{"jobs":62,"pop":213,"pointCount":14,"homeWorkCommuteMedian":33812,"workHomeCommuteMedian":11769},"geometry":{"type":"Polygon","coordinates":[[[13.282037465500556,49.4798809063417],[13.282037465500556,49.488874109978944],[13.291030669137802,49.488874109978944],[13.291030669137802,49.4798809063417],[13.282037465500556,49.4798809063417]]]}},{"type":"Feature","properties":{"jobs":12,"pop":0,"pointCount":1,"homeWorkCommuteMedian":-1,"workHomeCommuteMedian":773},"geometry":{"type":"Polygon","coordinates":[[[13.282037465500556,49.488874109978944],[13.282037465500556,49.49786731361619],[13.291030669137802,49.49786731361619],[13.291030669137802,49.488874109978944],[13.282037465500556,49.488874109978944]]]}},{"type":"Feature","properties":{"jobs":0,"pop":40,"pointCount":1,"homeWorkCommuteMedian":32668,"workHomeCommuteMedian":-1},"geometry":{"type":"Polygon","coordinates":[[[13.282037465500556,49.49786731361619],[13.282037465500556,49.506860517253436],[13.291030669137802,49.506860517253436],[13.291030669137802,49.49786731361619],[13.282037465500556,49.49786731361619]]]}},{"type":"Feature","properties":{"jobs":10,"pop":50,"pointCount":3,"homeWorkCommuteMedian":6148,"workHomeCommuteMedian":298},"geometry":{"type":"Polygon","coordinates":[[[13.282037465500556,49.533840128165174],[13.282037465500556,49.54283333180242],[13.291030669137802,49.54283333180242],[13.291030669137802,49.533840128165174],[13.282037465500556,49.533840128165174]]]}},{"type":"Feature","properties":{"jobs":187,"pop":70,"pointCount":4,"homeWorkCommuteMedian":18909,"workHomeCommuteMedian":7530},"geometry":{"type":"Polygon","coordinates":[[[13.282037465500556,49.61477896090039],[13.282037465500556,49.623772164537634],[13.291030669137802,49.623772164537634],[13.291030669137802,49.61477896090039],[13.282037465500556,49.61477896090039]]]}},{"type":"Feature","properties":{"jobs":518,"pop":0,"pointCount":2,"homeWorkCommuteMedian":-1,"workHomeCommuteMedian":10401},"geometry":{"type":"Polygon","coordinates":[[[13.282037465500556,49.623772164537634],[13.282037465500556,49.63276536817488],[13.291030669137802,49.63276536817488],[13.291030669137802,49.623772164537634],[13.282037465500556,49.623772164537634]]]}},{"type":"Feature","properties":{"jobs":155,"pop":0,"pointCount":2,"homeWorkCommuteMedian":-1,"workHomeCommuteMedian":26947},"geometry":{"type":"Polygon","coordinates":[[[13.282037465500556,49.63276536817488],[13.282037465500556,49.641758571812126],[13.291030669137802,49.641758571812126],[13.291030669137802,49.63276536817488],[13.282037465500556,49.63276536817488]]]}},{"type":"Feature","properties":{"jobs":474,"pop":179,"pointCount":16,"homeWorkCommuteMedian":19607,"workHomeCommuteMedian":18032},"geometry":{"type":"Polygon","coordinates":[[[13.282037465500556,49.641758571812126],[13.282037465500556,49.65075177544937],[13.291030669137802,49.65075177544937],[13.291030669137802,49.641758571812126],[13.282037465500556,49.641758571812126]]]}},{"type":"Feature","properties":{"jobs":120,"pop":321,"pointCount":14,"homeWorkCommuteMedian":14467,"workHomeCommuteMedian":14379},"geometry":{"type":"Polygon","coordinates":[[[13.282037465500556,49.65075177544937],[13.282037465500556,49.65974497908662],[13.291030669137802,49.65974497908662],[13.291030669137802,49.65075177544937],[13.282037465500556,49.65075177544937]]]}},{"type":"Feature","properties":{"jobs":13,"pop":0,"pointCount":1,"homeWorkCommuteMedian":-1,"workHomeCommuteMedian":3407},"geometry":{"type":"Polygon","coordinates":[[[13.282037465500556,49.668738182723864],[13.282037465500556,49.67773138636111],[13.291030669137802,49.67773138636111],[13.291030669137802,49.668738182723864],[13.282037465500556,49.668738182723864]]]}},{"type":"Feature","properties":{"jobs":16,"pop":0,"pointCount":1,"homeWorkCommuteMedian":-1,"workHomeCommuteMedian":694},"geometry":{"type":"Polygon","coordinates":[[[13.282037465500556,49.67773138636111],[13.282037465500556,49.686724589998356],[13.291030669137802,49.686724589998356],[13.291030669137802,49.67773138636111],[13.282037465500556,49.67773138636111]]]}},{"type":"Feature","properties":{"jobs":34,"pop":64,"pointCount":4,"homeWorkCommuteMedian":10736,"workHomeCommuteMedian":9611},"geometry":{"type":"Polygon","coordinates":[[[13.282037465500556,49.6957177936356],[13.282037465500556,49.70471099727285],[13.291030669137802,49.70471099727285],[13.291030669137802,49.6957177936356],[13.282037465500556,49.6957177936356]]]}},{"type":"Feature","properties":{"jobs":62,"pop":0,"pointCount":1,"homeWorkCommuteMedian":-1,"workHomeCommuteMedian":9973},"geometry":{"type":"Polygon","coordinates":[[[13.282037465500556,49.713704200910094],[13.282037465500556,49.72269740454734],[13.291030669137802,49.72269740454734],[13.291030669137802,49.713704200910094],[13.282037465500556,49.713704200910094]]]}},{"type":"Feature","properties":{"jobs":12,"pop":394,"pointCount":18,"homeWorkCommuteMedian":8962,"workHomeCommuteMedian":17826},"geometry":{"type":"Polygon","coordinates":[[[13.282037465500556,49.72269740454734],[13.282037465500556,49.731690608184586],[13.291030669137802,49.731690608184586],[13.291030669137802,49.72269740454734],[13.282037465500556,49.72269740454734]]]}},{"type":"Feature","properties":{"jobs":82,"pop":596,"pointCount":27,"homeWorkCommuteMedian":8314,"workHomeCommuteMedian":4110},"geometry":{"type":"Polygon","coordinates":[[[13.282037465500556,49.731690608184586],[13.282037465500556,49.74068381182183],[13.291030669137802,49.74068381182183],[13.291030669137802,49.731690608184586],[13.282037465500556,49.731690608184586]]]}},{"type":"Feature","properties":{"jobs":10,"pop":111,"pointCount":5,"homeWorkCommuteMedian":9841,"workHomeCommuteMedian":167},"geometry":{"type":"Polygon","coordinates":[[[13.282037465500556,49.776656626370816],[13.282037465500556,49.78564983000806],[13.291030669137802,49.78564983000806],[13.291030669137802,49.776656626370816],[13.282037465500556,49.776656626370816]]]}},{"type":"Feature","properties":{"jobs":13,"pop":65,"pointCount":5,"homeWorkCommuteMedian":21173,"workHomeCommuteMedian":35},"geometry":{"type":"Polygon","coordinates":[[[13.282037465500556,49.87558186638052],[13.282037465500556,49.88457507001777],[13.291030669137802,49.88457507001777],[13.291030669137802,49.87558186638052],[13.282037465500556,49.87558186638052]]]}},{"type":"Feature","properties":{"jobs":10,"pop":31,"pointCount":1,"homeWorkCommuteMedian":9847,"workHomeCommuteMedian":4397},"geometry":{"type":"Polygon","coordinates":[[[13.282037465500556,49.88457507001777],[13.282037465500556,49.89356827365501],[13.291030669137802,49.89356827365501],[13.291030669137802,49.88457507001777],[13.282037465500556,49.88457507001777]]]}},{"type":"Feature","properties":{"jobs":0,"pop":50,"pointCount":2,"homeWorkCommuteMedian":23796,"workHomeCommuteMedian":-1},"geometry":{"type":"Polygon","coordinates":[[[13.282037465500556,49.89356827365501],[13.282037465500556,49.90256147729226],[13.291030669137802,49.90256147729226],[13.291030669137802,49.89356827365501],[13.282037465500556,49.89356827365501]]]}},{"type":"Feature","properties":{"jobs":0,"pop":71,"pointCount":3,"homeWorkCommuteMedian":23943,"workHomeCommuteMedian":-1},"geometry":{"type":"Polygon","coordinates":[[[13.282037465500556,49.92054788456675],[13.282037465500556,49.929541088204],[13.291030669137802,49.929541088204],[13.291030669137802,49.92054788456675],[13.282037465500556,49.92054788456675]]]}},{"type":"Feature","properties":{"jobs":0,"pop":2,"pointCount":1,"homeWorkCommuteMedian":9632,"workHomeCommuteMedian":-1},"geometry":{"type":"Polygon","coordinates":[[[13.282037465500556,49.94752749547849],[13.282037465500556,49.956520699115735],[13.291030669137802,49.956520699115735],[13.291030669137802,49.94752749547849],[13.282037465500556,49.94752749547849]]]}},{"type":"Feature","properties":{"jobs":0,"pop":2,"pointCount":1,"homeWorkCommuteMedian":45464,"workHomeCommuteMedian":-1},"geometry":{"type":"Polygon","coordinates":[[[13.282037465500556,50.01047992093921],[13.282037465500556,50.01947312457646],[13.291030669137802,50.01947312457646],[13.291030669137802,50.01047992093921],[13.282037465500556,50.01047992093921]]]}},{"type":"Feature","properties":{"jobs":7,"pop":14,"pointCount":2,"homeWorkCommuteMedian":46962,"workHomeCommuteMedian":114},"geometry":{"type":"Polygon","coordinates":[[[13.282037465500556,50.03745953185095],[13.282037465500556,50.046452735488195],[13.291030669137802,50.046452735488195],[13.291030669137802,50.03745953185095],[13.282037465500556,50.03745953185095]]]}},{"type":"Feature","properties":{"jobs":38,"pop":71,"pointCount":5,"homeWorkCommuteMedian":33168,"workHomeCommuteMedian":1375},"geometry":{"type":"Polygon","coordinates":[[[13.291030669137802,49.47088770270445],[13.291030669137802,49.4798809063417],[13.300023872775048,49.4798809063417],[13.300023872775048,49.47088770270445],[13.291030669137802,49.47088770270445]]]}},{"type":"Feature","properties":{"jobs":18,"pop":96,"pointCount":6,"homeWorkCommuteMedian":18730,"workHomeCommuteMedian":28130},"geometry":{"type":"Polygon","coordinates":[[[13.291030669137802,49.49786731361619],[13.291030669137802,49.506860517253436],[13.300023872775048,49.506860517253436],[13.300023872775048,49.49786731361619],[13.291030669137802,49.49786731361619]]]}},{"type":"Feature","properties":{"jobs":0,"pop":51,"pointCount":2,"homeWorkCommuteMedian":7609,"workHomeCommuteMedian":-1},"geometry":{"type":"Polygon","coordinates":[[[13.291030669137802,49.51585372089068],[13.291030669137802,49.52484692452793],[13.300023872775048,49.52484692452793],[13.300023872775048,49.51585372089068],[13.291030669137802,49.51585372089068]]]}},{"type":"Feature","properties":{"jobs":20,"pop":12,"pointCount":1,"homeWorkCommuteMedian":32864,"workHomeCommuteMedian":255},"geometry":{"type":"Polygon","coordinates":[[[13.291030669137802,49.52484692452793],[13.291030669137802,49.533840128165174],[13.300023872775048,49.533840128165174],[13.300023872775048,49.52484692452793],[13.291030669137802,49.52484692452793]]]}},{"type":"Feature","properties":{"jobs":74,"pop":104,"pointCount":6,"homeWorkCommuteMedian":18726,"workHomeCommuteMedian":3913},"geometry":{"type":"Polygon","coordinates":[[[13.291030669137802,49.551826535439666],[13.291030669137802,49.56081973907691],[13.300023872775048,49.56081973907691],[13.300023872775048,49.551826535439666],[13.291030669137802,49.551826535439666]]]}},{"type":"Feature","properties":{"jobs":0,"pop":54,"pointCount":3,"homeWorkCommuteMedian":4715,"workHomeCommuteMedian":-1},"geometry":{"type":"Polygon","coordinates":[[[13.291030669137802,49.56081973907691],[13.291030669137802,49.56981294271416],[13.300023872775048,49.56981294271416],[13.300023872775048,49.56081973907691],[13.291030669137802,49.56081973907691]]]}},{"type":"Feature","properties":{"jobs":0,"pop":12,"pointCount":1,"homeWorkCommuteMedian":22088,"workHomeCommuteMedian":-1},"geometry":{"type":"Polygon","coordinates":[[[13.291030669137802,49.578806146351404],[13.291030669137802,49.58779934998865],[13.300023872775048,49.58779934998865],[13.300023872775048,49.578806146351404],[13.291030669137802,49.578806146351404]]]}},{"type":"Feature","properties":{"jobs":9,"pop":70,"pointCount":4,"homeWorkCommuteMedian":18441,"workHomeCommuteMedian":205},"geometry":{"type":"Polygon","coordinates":[[[13.291030669137802,49.596792553625896],[13.291030669137802,49.60578575726314],[13.300023872775048,49.60578575726314],[13.300023872775048,49.596792553625896],[13.291030669137802,49.596792553625896]]]}},{"type":"Feature","properties":{"jobs":260,"pop":0,"pointCount":2,"homeWorkCommuteMedian":-1,"workHomeCommuteMedian":16024},"geometry":{"type":"Polygon","coordinates":[[[13.291030669137802,49.623772164537634],[13.291030669137802,49.63276536817488],[13.300023872775048,49.63276536817488],[13.300023872775048,49.623772164537634],[13.291030669137802,49.623772164537634]]]}},{"type":"Feature","properties":{"jobs":73,"pop":142,"pointCount":8,"homeWorkCommuteMedian":11086,"workHomeCommuteMedian":19730},"geometry":{"type":"Polygon","coordinates":[[[13.291030669137802,49.641758571812126],[13.291030669137802,49.65075177544937],[13.300023872775048,49.65075177544937],[13.300023872775048,49.641758571812126],[13.291030669137802,49.641758571812126]]]}},{"type":"Feature","properties":{"jobs":358,"pop":1872,"pointCount":65,"homeWorkCommuteMedian":14611,"workHomeCommuteMedian":18886},"geometry":{"type":"Polygon","coordinates":[[[13.291030669137802,49.65075177544937],[13.291030669137802,49.65974497908662],[13.300023872775048,49.65974497908662],[13.300023872775048,49.65075177544937],[13.291030669137802,49.65075177544937]]]}},{"type":"Feature","properties":{"jobs":15,"pop":184,"pointCount":8,"homeWorkCommuteMedian":10560,"workHomeCommuteMedian":545},"geometry":{"type":"Polygon","coordinates":[[[13.291030669137802,49.67773138636111],[13.291030669137802,49.686724589998356],[13.300023872775048,49.686724589998356],[13.300023872775048,49.67773138636111],[13.291030669137802,49.67773138636111]]]}},{"type":"Feature","properties":{"jobs":34,"pop":0,"pointCount":2,"homeWorkCommuteMedian":-1,"workHomeCommuteMedian":3678},"geometry":{"type":"Polygon","coordinates":[[[13.291030669137802,49.70471099727285],[13.291030669137802,49.713704200910094],[13.300023872775048,49.713704200910094],[13.300023872775048,49.70471099727285],[13.291030669137802,49.70471099727285]]]}},{"type":"Feature","properties":{"jobs":11,"pop":0,"pointCount":1,"homeWorkCommuteMedian":-1,"workHomeCommuteMedian":2142},"geometry":{"type":"Polygon","coordinates":[[[13.291030669137802,49.731690608184586],[13.291030669137802,49.74068381182183],[13.300023872775048,49.74068381182183],[13.300023872775048,49.731690608184586],[13.291030669137802,49.731690608184586]]]}},{"type":"Feature","properties":{"jobs":21,"pop":0,"pointCount":1,"homeWorkCommuteMedian":-1,"workHomeCommuteMedian":9933},"geometry":{"type":"Polygon","coordinates":[[[13.291030669137802,49.74068381182183],[13.291030669137802,49.74967701545908],[13.300023872775048,49.74967701545908],[13.300023872775048,49.74068381182183],[13.291030669137802,49.74068381182183]]]}},{"type":"Feature","properties":{"jobs":40,"pop":124,"pointCount":5,"homeWorkCommuteMedian":8247,"workHomeCommuteMedian":8766},"geometry":{"type":"Polygon","coordinates":[[[13.291030669137802,49.74967701545908],[13.291030669137802,49.758670219096324],[13.300023872775048,49.758670219096324],[13.300023872775048,49.74967701545908],[13.291030669137802,49.74967701545908]]]}},{"type":"Feature","properties":{"jobs":40,"pop":231,"pointCount":9,"homeWorkCommuteMedian":8223,"workHomeCommuteMedian":1066},"geometry":{"type":"Polygon","coordinates":[[[13.291030669137802,49.76766342273357],[13.291030669137802,49.776656626370816],[13.300023872775048,49.776656626370816],[13.300023872775048,49.76766342273357],[13.291030669137802,49.76766342273357]]]}},{"type":"Feature","properties":{"jobs":52,"pop":0,"pointCount":2,"homeWorkCommuteMedian":-1,"workHomeCommuteMedian":6866},"geometry":{"type":"Polygon","coordinates":[[[13.291030669137802,49.79464303364531],[13.291030669137802,49.803636237282554],[13.300023872775048,49.803636237282554],[13.300023872775048,49.79464303364531],[13.291030669137802,49.79464303364531]]]}},{"type":"Feature","properties":{"jobs":1,"pop":81,"pointCount":4,"homeWorkCommuteMedian":15857,"workHomeCommuteMedian":372},"geometry":{"type":"Polygon","coordinates":[[[13.291030669137802,49.83061584819429],[13.291030669137802,49.83960905183154],[13.300023872775048,49.83960905183154],[13.300023872775048,49.83061584819429],[13.291030669137802,49.83061584819429]]]}},{"type":"Feature","properties":{"jobs":22,"pop":95,"pointCount":7,"homeWorkCommuteMedian":15807,"workHomeCommuteMedian":392},"geometry":{"type":"Polygon","coordinates":[[[13.291030669137802,49.83960905183154],[13.291030669137802,49.84860225546878],[13.300023872775048,49.84860225546878],[13.300023872775048,49.83960905183154],[13.291030669137802,49.83960905183154]]]}},{"type":"Feature","properties":{"jobs":0,"pop":10,"pointCount":1,"homeWorkCommuteMedian":12271,"workHomeCommuteMedian":-1},"geometry":{"type":"Polygon","coordinates":[[[13.291030669137802,49.84860225546878],[13.291030669137802,49.85759545910603],[13.300023872775048,49.85759545910603],[13.300023872775048,49.84860225546878],[13.291030669137802,49.84860225546878]]]}},{"type":"Feature","properties":{"jobs":0,"pop":22,"pointCount":1,"homeWorkCommuteMedian":26841,"workHomeCommuteMedian":-1},"geometry":{"type":"Polygon","coordinates":[[[13.291030669137802,49.88457507001777],[13.291030669137802,49.89356827365501],[13.300023872775048,49.89356827365501],[13.300023872775048,49.88457507001777],[13.291030669137802,49.88457507001777]]]}},{"type":"Feature","properties":{"jobs":25,"pop":34,"pointCount":2,"homeWorkCommuteMedian":24136,"workHomeCommuteMedian":374},"geometry":{"type":"Polygon","coordinates":[[[13.291030669137802,49.89356827365501],[13.291030669137802,49.90256147729226],[13.300023872775048,49.90256147729226],[13.300023872775048,49.89356827365501],[13.291030669137802,49.89356827365501]]]}},{"type":"Feature","properties":{"jobs":9,"pop":0,"pointCount":1,"homeWorkCommuteMedian":-1,"workHomeCommuteMedian":578},"geometry":{"type":"Polygon","coordinates":[[[13.291030669137802,49.92054788456675],[13.291030669137802,49.929541088204],[13.300023872775048,49.929541088204],[13.300023872775048,49.92054788456675],[13.291030669137802,49.92054788456675]]]}},{"type":"Feature","properties":{"jobs":5,"pop":13,"pointCount":2,"homeWorkCommuteMedian":34663,"workHomeCommuteMedian":799},"geometry":{"type":"Polygon","coordinates":[[[13.300023872775048,49.506860517253436],[13.300023872775048,49.51585372089068],[13.309017076412294,49.51585372089068],[13.309017076412294,49.506860517253436],[13.300023872775048,49.506860517253436]]]}},{"type":"Feature","properties":{"jobs":14,"pop":23,"pointCount":1,"homeWorkCommuteMedian":30047,"workHomeCommuteMedian":227},"geometry":{"type":"Polygon","coordinates":[[[13.300023872775048,49.51585372089068],[13.300023872775048,49.52484692452793],[13.309017076412294,49.52484692452793],[13.309017076412294,49.51585372089068],[13.300023872775048,49.51585372089068]]]}},{"type":"Feature","properties":{"jobs":17,"pop":75,"pointCount":2,"homeWorkCommuteMedian":32723,"workHomeCommuteMedian":667},"geometry":{"type":"Polygon","coordinates":[[[13.300023872775048,49.52484692452793],[13.300023872775048,49.533840128165174],[13.309017076412294,49.533840128165174],[13.309017076412294,49.52484692452793],[13.300023872775048,49.52484692452793]]]}},{"type":"Feature","properties":{"jobs":14,"pop":0,"pointCount":1,"homeWorkCommuteMedian":-1,"workHomeCommuteMedian":4790},"geometry":{"type":"Polygon","coordinates":[[[13.300023872775048,49.533840128165174],[13.300023872775048,49.54283333180242],[13.309017076412294,49.54283333180242],[13.309017076412294,49.533840128165174],[13.300023872775048,49.533840128165174]]]}},{"type":"Feature","properties":{"jobs":0,"pop":10,"pointCount":1,"homeWorkCommuteMedian":20937,"workHomeCommuteMedian":-1},"geometry":{"type":"Polygon","coordinates":[[[13.300023872775048,49.551826535439666],[13.300023872775048,49.56081973907691],[13.309017076412294,49.56081973907691],[13.309017076412294,49.551826535439666],[13.300023872775048,49.551826535439666]]]}},{"type":"Feature","properties":{"jobs":0,"pop":47,"pointCount":1,"homeWorkCommuteMedian":10391,"workHomeCommuteMedian":-1},"geometry":{"type":"Polygon","coordinates":[[[13.300023872775048,49.56081973907691],[13.300023872775048,49.56981294271416],[13.309017076412294,49.56981294271416],[13.309017076412294,49.56081973907691],[13.300023872775048,49.56081973907691]]]}},{"type":"Feature","properties":{"jobs":15,"pop":0,"pointCount":1,"homeWorkCommuteMedian":-1,"workHomeCommuteMedian":910},"geometry":{"type":"Polygon","coordinates":[[[13.300023872775048,49.56981294271416],[13.300023872775048,49.578806146351404],[13.309017076412294,49.578806146351404],[13.309017076412294,49.56981294271416],[13.300023872775048,49.56981294271416]]]}},{"type":"Feature","properties":{"jobs":0,"pop":143,"pointCount":5,"homeWorkCommuteMedian":8313,"workHomeCommuteMedian":-1},"geometry":{"type":"Polygon","coordinates":[[[13.300023872775048,49.578806146351404],[13.300023872775048,49.58779934998865],[13.309017076412294,49.58779934998865],[13.309017076412294,49.578806146351404],[13.300023872775048,49.578806146351404]]]}},{"type":"Feature","properties":{"jobs":23,"pop":517,"pointCount":17,"homeWorkCommuteMedian":14359,"workHomeCommuteMedian":5927},"geometry":{"type":"Polygon","coordinates":[[[13.300023872775048,49.623772164537634],[13.300023872775048,49.63276536817488],[13.309017076412294,49.63276536817488],[13.309017076412294,49.623772164537634],[13.300023872775048,49.623772164537634]]]}},{"type":"Feature","properties":{"jobs":18,"pop":0,"pointCount":1,"homeWorkCommuteMedian":-1,"workHomeCommuteMedian":1386},"geometry":{"type":"Polygon","coordinates":[[[13.300023872775048,49.63276536817488],[13.300023872775048,49.641758571812126],[13.309017076412294,49.641758571812126],[13.309017076412294,49.63276536817488],[13.300023872775048,49.63276536817488]]]}},{"type":"Feature","properties":{"jobs":846,"pop":709,"pointCount":22,"homeWorkCommuteMedian":14839,"workHomeCommuteMedian":19076},"geometry":{"type":"Polygon","coordinates":[[[13.300023872775048,49.65075177544937],[13.300023872775048,49.65974497908662],[13.309017076412294,49.65974497908662],[13.309017076412294,49.65075177544937],[13.300023872775048,49.65075177544937]]]}},{"type":"Feature","properties":{"jobs":80,"pop":0,"pointCount":1,"homeWorkCommuteMedian":-1,"workHomeCommuteMedian":19238},"geometry":{"type":"Polygon","coordinates":[[[13.300023872775048,49.65974497908662],[13.300023872775048,49.668738182723864],[13.309017076412294,49.668738182723864],[13.309017076412294,49.65974497908662],[13.300023872775048,49.65974497908662]]]}},{"type":"Feature","properties":{"jobs":94,"pop":20,"pointCount":3,"homeWorkCommuteMedian":7505,"workHomeCommuteMedian":2922},"geometry":{"type":"Polygon","coordinates":[[[13.300023872775048,49.731690608184586],[13.300023872775048,49.74068381182183],[13.309017076412294,49.74068381182183],[13.309017076412294,49.731690608184586],[13.300023872775048,49.731690608184586]]]}},{"type":"Feature","properties":{"jobs":391,"pop":1129,"pointCount":43,"homeWorkCommuteMedian":7310,"workHomeCommuteMedian":8740},"geometry":{"type":"Polygon","coordinates":[[[13.300023872775048,49.74967701545908],[13.300023872775048,49.758670219096324],[13.309017076412294,49.758670219096324],[13.309017076412294,49.74967701545908],[13.300023872775048,49.74967701545908]]]}},{"type":"Feature","properties":{"jobs":20,"pop":0,"pointCount":1,"homeWorkCommuteMedian":-1,"workHomeCommuteMedian":7734},"geometry":{"type":"Polygon","coordinates":[[[13.300023872775048,49.758670219096324],[13.300023872775048,49.76766342273357],[13.309017076412294,49.76766342273357],[13.309017076412294,49.758670219096324],[13.300023872775048,49.758670219096324]]]}},{"type":"Feature","properties":{"jobs":17,"pop":174,"pointCount":9,"homeWorkCommuteMedian":7994,"workHomeCommuteMedian":1200},"geometry":{"type":"Polygon","coordinates":[[[13.300023872775048,49.76766342273357],[13.300023872775048,49.776656626370816],[13.309017076412294,49.776656626370816],[13.309017076412294,49.76766342273357],[13.300023872775048,49.76766342273357]]]}},{"type":"Feature","properties":{"jobs":40,"pop":23,"pointCount":3,"homeWorkCommuteMedian":9784,"workHomeCommuteMedian":4436},"geometry":{"type":"Polygon","coordinates":[[[13.300023872775048,49.79464303364531],[13.300023872775048,49.803636237282554],[13.309017076412294,49.803636237282554],[13.309017076412294,49.79464303364531],[13.300023872775048,49.79464303364531]]]}},{"type":"Feature","properties":{"jobs":125,"pop":85,"pointCount":6,"homeWorkCommuteMedian":11796,"workHomeCommuteMedian":7220},"geometry":{"type":"Polygon","coordinates":[[[13.300023872775048,49.803636237282554],[13.300023872775048,49.8126294409198],[13.309017076412294,49.8126294409198],[13.309017076412294,49.803636237282554],[13.300023872775048,49.803636237282554]]]}},{"type":"Feature","properties":{"jobs":0,"pop":114,"pointCount":4,"homeWorkCommuteMedian":12265,"workHomeCommuteMedian":-1},"geometry":{"type":"Polygon","coordinates":[[[13.300023872775048,49.8126294409198],[13.300023872775048,49.821622644557046],[13.309017076412294,49.821622644557046],[13.309017076412294,49.8126294409198],[13.300023872775048,49.8126294409198]]]}},{"type":"Feature","properties":{"jobs":20,"pop":0,"pointCount":1,"homeWorkCommuteMedian":-1,"workHomeCommuteMedian":1101},"geometry":{"type":"Polygon","coordinates":[[[13.300023872775048,49.83061584819429],[13.300023872775048,49.83960905183154],[13.309017076412294,49.83960905183154],[13.309017076412294,49.83061584819429],[13.300023872775048,49.83061584819429]]]}},{"type":"Feature","properties":{"jobs":12,"pop":52,"pointCount":2,"homeWorkCommuteMedian":16820,"workHomeCommuteMedian":594},"geometry":{"type":"Polygon","coordinates":[[[13.300023872775048,49.84860225546878],[13.300023872775048,49.85759545910603],[13.309017076412294,49.85759545910603],[13.309017076412294,49.84860225546878],[13.300023872775048,49.84860225546878]]]}},{"type":"Feature","properties":{"jobs":0,"pop":107,"pointCount":4,"homeWorkCommuteMedian":12021,"workHomeCommuteMedian":-1},"geometry":{"type":"Polygon","coordinates":[[[13.300023872775048,49.866588662743276],[13.300023872775048,49.87558186638052],[13.309017076412294,49.87558186638052],[13.309017076412294,49.866588662743276],[13.300023872775048,49.866588662743276]]]}},{"type":"Feature","properties":{"jobs":0,"pop":10,"pointCount":1,"homeWorkCommuteMedian":7533,"workHomeCommuteMedian":-1},"geometry":{"type":"Polygon","coordinates":[[[13.300023872775048,49.87558186638052],[13.300023872775048,49.88457507001777],[13.309017076412294,49.88457507001777],[13.309017076412294,49.87558186638052],[13.300023872775048,49.87558186638052]]]}},{"type":"Feature","properties":{"jobs":0,"pop":77,"pointCount":3,"homeWorkCommuteMedian":25776,"workHomeCommuteMedian":-1},"geometry":{"type":"Polygon","coordinates":[[[13.300023872775048,49.88457507001777],[13.300023872775048,49.89356827365501],[13.309017076412294,49.89356827365501],[13.309017076412294,49.88457507001777],[13.300023872775048,49.88457507001777]]]}},{"type":"Feature","properties":{"jobs":0,"pop":44,"pointCount":1,"homeWorkCommuteMedian":7761,"workHomeCommuteMedian":-1},"geometry":{"type":"Polygon","coordinates":[[[13.300023872775048,49.911554680929505],[13.300023872775048,49.92054788456675],[13.309017076412294,49.92054788456675],[13.309017076412294,49.911554680929505],[13.300023872775048,49.911554680929505]]]}},{"type":"Feature","properties":{"jobs":0,"pop":24,"pointCount":2,"homeWorkCommuteMedian":34441,"workHomeCommuteMedian":-1},"geometry":{"type":"Polygon","coordinates":[[[13.300023872775048,49.94752749547849],[13.300023872775048,49.956520699115735],[13.309017076412294,49.956520699115735],[13.309017076412294,49.94752749547849],[13.300023872775048,49.94752749547849]]]}},{"type":"Feature","properties":{"jobs":15,"pop":57,"pointCount":4,"homeWorkCommuteMedian":37330,"workHomeCommuteMedian":231},"geometry":{"type":"Polygon","coordinates":[[[13.300023872775048,49.97450710639023],[13.300023872775048,49.98350031002747],[13.309017076412294,49.98350031002747],[13.309017076412294,49.97450710639023],[13.300023872775048,49.97450710639023]]]}},{"type":"Feature","properties":{"jobs":0,"pop":4,"pointCount":1,"homeWorkCommuteMedian":38302,"workHomeCommuteMedian":-1},"geometry":{"type":"Polygon","coordinates":[[[13.309017076412294,49.45290129542996],[13.309017076412294,49.461894499067206],[13.31801028004954,49.461894499067206],[13.31801028004954,49.45290129542996],[13.309017076412294,49.45290129542996]]]}},{"type":"Feature","properties":{"jobs":5,"pop":28,"pointCount":3,"homeWorkCommuteMedian":11083,"workHomeCommuteMedian":327},"geometry":{"type":"Polygon","coordinates":[[[13.309017076412294,49.4798809063417],[13.309017076412294,49.488874109978944],[13.31801028004954,49.488874109978944],[13.31801028004954,49.4798809063417],[13.309017076412294,49.4798809063417]]]}},{"type":"Feature","properties":{"jobs":12,"pop":107,"pointCount":5,"homeWorkCommuteMedian":22518,"workHomeCommuteMedian":326},"geometry":{"type":"Polygon","coordinates":[[[13.309017076412294,49.52484692452793],[13.309017076412294,49.533840128165174],[13.31801028004954,49.533840128165174],[13.31801028004954,49.52484692452793],[13.309017076412294,49.52484692452793]]]}},{"type":"Feature","properties":{"jobs":42,"pop":212,"pointCount":9,"homeWorkCommuteMedian":17240,"workHomeCommuteMedian":4251},"geometry":{"type":"Polygon","coordinates":[[[13.309017076412294,49.54283333180242],[13.309017076412294,49.551826535439666],[13.31801028004954,49.551826535439666],[13.31801028004954,49.54283333180242],[13.309017076412294,49.54283333180242]]]}},{"type":"Feature","properties":{"jobs":580,"pop":0,"pointCount":2,"homeWorkCommuteMedian":-1,"workHomeCommuteMedian":18091},"geometry":{"type":"Polygon","coordinates":[[[13.309017076412294,49.56981294271416],[13.309017076412294,49.578806146351404],[13.31801028004954,49.578806146351404],[13.31801028004954,49.56981294271416],[13.309017076412294,49.56981294271416]]]}},{"type":"Feature","properties":{"jobs":10,"pop":0,"pointCount":1,"homeWorkCommuteMedian":-1,"workHomeCommuteMedian":3395},"geometry":{"type":"Polygon","coordinates":[[[13.309017076412294,49.60578575726314],[13.309017076412294,49.61477896090039],[13.31801028004954,49.61477896090039],[13.31801028004954,49.60578575726314],[13.309017076412294,49.60578575726314]]]}},{"type":"Feature","properties":{"jobs":30,"pop":486,"pointCount":14,"homeWorkCommuteMedian":15906,"workHomeCommuteMedian":7551},"geometry":{"type":"Polygon","coordinates":[[[13.309017076412294,49.623772164537634],[13.309017076412294,49.63276536817488],[13.31801028004954,49.63276536817488],[13.31801028004954,49.623772164537634],[13.309017076412294,49.623772164537634]]]}},{"type":"Feature","properties":{"jobs":16,"pop":82,"pointCount":5,"homeWorkCommuteMedian":8867,"workHomeCommuteMedian":4632},"geometry":{"type":"Polygon","coordinates":[[[13.309017076412294,49.63276536817488],[13.309017076412294,49.641758571812126],[13.31801028004954,49.641758571812126],[13.31801028004954,49.63276536817488],[13.309017076412294,49.63276536817488]]]}},{"type":"Feature","properties":{"jobs":2173,"pop":0,"pointCount":2,"homeWorkCommuteMedian":-1,"workHomeCommuteMedian":17396},"geometry":{"type":"Polygon","coordinates":[[[13.309017076412294,49.65075177544937],[13.309017076412294,49.65974497908662],[13.31801028004954,49.65974497908662],[13.31801028004954,49.65075177544937],[13.309017076412294,49.65075177544937]]]}},{"type":"Feature","properties":{"jobs":0,"pop":227,"pointCount":9,"homeWorkCommuteMedian":11929,"workHomeCommuteMedian":-1},"geometry":{"type":"Polygon","coordinates":[[[13.309017076412294,49.67773138636111],[13.309017076412294,49.686724589998356],[13.31801028004954,49.686724589998356],[13.31801028004954,49.67773138636111],[13.309017076412294,49.67773138636111]]]}},{"type":"Feature","properties":{"jobs":0,"pop":112,"pointCount":2,"homeWorkCommuteMedian":10500,"workHomeCommuteMedian":-1},"geometry":{"type":"Polygon","coordinates":[[[13.309017076412294,49.686724589998356],[13.309017076412294,49.6957177936356],[13.31801028004954,49.6957177936356],[13.31801028004954,49.686724589998356],[13.309017076412294,49.686724589998356]]]}},{"type":"Feature","properties":{"jobs":0,"pop":29,"pointCount":1,"homeWorkCommuteMedian":9243,"workHomeCommuteMedian":-1},"geometry":{"type":"Polygon","coordinates":[[[13.309017076412294,49.70471099727285],[13.309017076412294,49.713704200910094],[13.31801028004954,49.713704200910094],[13.31801028004954,49.70471099727285],[13.309017076412294,49.70471099727285]]]}},{"type":"Feature","properties":{"jobs":864,"pop":86,"pointCount":7,"homeWorkCommuteMedian":4166,"workHomeCommuteMedian":12319},"geometry":{"type":"Polygon","coordinates":[[[13.309017076412294,49.72269740454734],[13.309017076412294,49.731690608184586],[13.31801028004954,49.731690608184586],[13.31801028004954,49.72269740454734],[13.309017076412294,49.72269740454734]]]}},{"type":"Feature","properties":{"jobs":877,"pop":526,"pointCount":6,"homeWorkCommuteMedian":6534,"workHomeCommuteMedian":9249},"geometry":{"type":"Polygon","coordinates":[[[13.309017076412294,49.731690608184586],[13.309017076412294,49.74068381182183],[13.31801028004954,49.74068381182183],[13.31801028004954,49.731690608184586],[13.309017076412294,49.731690608184586]]]}},{"type":"Feature","properties":{"jobs":358,"pop":71,"pointCount":5,"homeWorkCommuteMedian":6765,"workHomeCommuteMedian":6642},"geometry":{"type":"Polygon","coordinates":[[[13.309017076412294,49.74967701545908],[13.309017076412294,49.758670219096324],[13.31801028004954,49.758670219096324],[13.31801028004954,49.74967701545908],[13.309017076412294,49.74967701545908]]]}},{"type":"Feature","properties":{"jobs":209,"pop":0,"pointCount":1,"homeWorkCommuteMedian":-1,"workHomeCommuteMedian":6475},"geometry":{"type":"Polygon","coordinates":[[[13.309017076412294,49.758670219096324],[13.309017076412294,49.76766342273357],[13.31801028004954,49.76766342273357],[13.31801028004954,49.758670219096324],[13.309017076412294,49.758670219096324]]]}},{"type":"Feature","properties":{"jobs":0,"pop":17,"pointCount":1,"homeWorkCommuteMedian":1200,"workHomeCommuteMedian":-1},"geometry":{"type":"Polygon","coordinates":[[[13.309017076412294,49.76766342273357],[13.309017076412294,49.776656626370816],[13.31801028004954,49.776656626370816],[13.31801028004954,49.76766342273357],[13.309017076412294,49.76766342273357]]]}},{"type":"Feature","properties":{"jobs":21,"pop":250,"pointCount":10,"homeWorkCommuteMedian":9281,"workHomeCommuteMedian":11442},"geometry":{"type":"Polygon","coordinates":[[[13.309017076412294,49.78564983000806],[13.309017076412294,49.79464303364531],[13.31801028004954,49.79464303364531],[13.31801028004954,49.78564983000806],[13.309017076412294,49.78564983000806]]]}},{"type":"Feature","properties":{"jobs":33,"pop":108,"pointCount":5,"homeWorkCommuteMedian":7023,"workHomeCommuteMedian":6519},"geometry":{"type":"Polygon","coordinates":[[[13.309017076412294,49.79464303364531],[13.309017076412294,49.803636237282554],[13.31801028004954,49.803636237282554],[13.31801028004954,49.79464303364531],[13.309017076412294,49.79464303364531]]]}},{"type":"Feature","properties":{"jobs":10,"pop":0,"pointCount":1,"homeWorkCommuteMedian":-1,"workHomeCommuteMedian":12204},"geometry":{"type":"Polygon","coordinates":[[[13.309017076412294,49.803636237282554],[13.309017076412294,49.8126294409198],[13.31801028004954,49.8126294409198],[13.31801028004954,49.803636237282554],[13.309017076412294,49.803636237282554]]]}},{"type":"Feature","properties":{"jobs":11,"pop":73,"pointCount":3,"homeWorkCommuteMedian":15636,"workHomeCommuteMedian":286},"geometry":{"type":"Polygon","coordinates":[[[13.309017076412294,49.83061584819429],[13.309017076412294,49.83960905183154],[13.31801028004954,49.83960905183154],[13.31801028004954,49.83061584819429],[13.309017076412294,49.83061584819429]]]}},{"type":"Feature","properties":{"jobs":0,"pop":66,"pointCount":3,"homeWorkCommuteMedian":15174,"workHomeCommuteMedian":-1},"geometry":{"type":"Polygon","coordinates":[[[13.309017076412294,49.83960905183154],[13.309017076412294,49.84860225546878],[13.31801028004954,49.84860225546878],[13.31801028004954,49.83960905183154],[13.309017076412294,49.83960905183154]]]}},{"type":"Feature","properties":{"jobs":0,"pop":66,"pointCount":2,"homeWorkCommuteMedian":16879,"workHomeCommuteMedian":-1},"geometry":{"type":"Polygon","coordinates":[[[13.309017076412294,49.85759545910603],[13.309017076412294,49.866588662743276],[13.31801028004954,49.866588662743276],[13.31801028004954,49.85759545910603],[13.309017076412294,49.85759545910603]]]}},{"type":"Feature","properties":{"jobs":35,"pop":73,"pointCount":4,"homeWorkCommuteMedian":18282,"workHomeCommuteMedian":933},"geometry":{"type":"Polygon","coordinates":[[[13.309017076412294,49.866588662743276],[13.309017076412294,49.87558186638052],[13.31801028004954,49.87558186638052],[13.31801028004954,49.866588662743276],[13.309017076412294,49.866588662743276]]]}},{"type":"Feature","properties":{"jobs":26,"pop":180,"pointCount":9,"homeWorkCommuteMedian":20898,"workHomeCommuteMedian":9632},"geometry":{"type":"Polygon","coordinates":[[[13.309017076412294,49.89356827365501],[13.309017076412294,49.90256147729226],[13.31801028004954,49.90256147729226],[13.31801028004954,49.89356827365501],[13.309017076412294,49.89356827365501]]]}},{"type":"Feature","properties":{"jobs":12,"pop":40,"pointCount":2,"homeWorkCommuteMedian":12876,"workHomeCommuteMedian":210},"geometry":{"type":"Polygon","coordinates":[[[13.309017076412294,49.94752749547849],[13.309017076412294,49.956520699115735],[13.31801028004954,49.956520699115735],[13.31801028004954,49.94752749547849],[13.309017076412294,49.94752749547849]]]}},{"type":"Feature","properties":{"jobs":0,"pop":13,"pointCount":1,"homeWorkCommuteMedian":31060,"workHomeCommuteMedian":-1},"geometry":{"type":"Polygon","coordinates":[[[13.309017076412294,50.001486717301965],[13.309017076412294,50.01047992093921],[13.31801028004954,50.01047992093921],[13.31801028004954,50.001486717301965],[13.309017076412294,50.001486717301965]]]}},{"type":"Feature","properties":{"jobs":29,"pop":5,"pointCount":2,"homeWorkCommuteMedian":64,"workHomeCommuteMedian":5720},"geometry":{"type":"Polygon","coordinates":[[[13.309017076412294,50.05544593912544],[13.309017076412294,50.06443914276269],[13.31801028004954,50.06443914276269],[13.31801028004954,50.05544593912544],[13.309017076412294,50.05544593912544]]]}},{"type":"Feature","properties":{"jobs":0,"pop":9,"pointCount":1,"homeWorkCommuteMedian":36828,"workHomeCommuteMedian":-1},"geometry":{"type":"Polygon","coordinates":[[[13.31801028004954,49.47088770270445],[13.31801028004954,49.4798809063417],[13.327003483686786,49.4798809063417],[13.327003483686786,49.47088770270445],[13.31801028004954,49.47088770270445]]]}},{"type":"Feature","properties":{"jobs":19,"pop":45,"pointCount":3,"homeWorkCommuteMedian":26795,"workHomeCommuteMedian":3685},"geometry":{"type":"Polygon","coordinates":[[[13.31801028004954,49.54283333180242],[13.31801028004954,49.551826535439666],[13.327003483686786,49.551826535439666],[13.327003483686786,49.54283333180242],[13.31801028004954,49.54283333180242]]]}},{"type":"Feature","properties":{"jobs":857,"pop":0,"pointCount":2,"homeWorkCommuteMedian":-1,"workHomeCommuteMedian":17976},"geometry":{"type":"Polygon","coordinates":[[[13.31801028004954,49.56081973907691],[13.31801028004954,49.56981294271416],[13.327003483686786,49.56981294271416],[13.327003483686786,49.56081973907691],[13.31801028004954,49.56081973907691]]]}},{"type":"Feature","properties":{"jobs":842,"pop":384,"pointCount":8,"homeWorkCommuteMedian":12186,"workHomeCommuteMedian":6643},"geometry":{"type":"Polygon","coordinates":[[[13.31801028004954,49.56981294271416],[13.31801028004954,49.578806146351404],[13.327003483686786,49.578806146351404],[13.327003483686786,49.56981294271416],[13.31801028004954,49.56981294271416]]]}},{"type":"Feature","properties":{"jobs":962,"pop":0,"pointCount":4,"homeWorkCommuteMedian":-1,"workHomeCommuteMedian":12770},"geometry":{"type":"Polygon","coordinates":[[[13.31801028004954,49.578806146351404],[13.31801028004954,49.58779934998865],[13.327003483686786,49.58779934998865],[13.327003483686786,49.578806146351404],[13.31801028004954,49.578806146351404]]]}},{"type":"Feature","properties":{"jobs":22,"pop":137,"pointCount":5,"homeWorkCommuteMedian":14828,"workHomeCommuteMedian":449},"geometry":{"type":"Polygon","coordinates":[[[13.31801028004954,49.60578575726314],[13.31801028004954,49.61477896090039],[13.327003483686786,49.61477896090039],[13.327003483686786,49.60578575726314],[13.31801028004954,49.60578575726314]]]}},{"type":"Feature","properties":{"jobs":10,"pop":0,"pointCount":1,"homeWorkCommuteMedian":-1,"workHomeCommuteMedian":9996},"geometry":{"type":"Polygon","coordinates":[[[13.31801028004954,49.623772164537634],[13.31801028004954,49.63276536817488],[13.327003483686786,49.63276536817488],[13.327003483686786,49.623772164537634],[13.31801028004954,49.623772164537634]]]}},{"type":"Feature","properties":{"jobs":0,"pop":17,"pointCount":1,"homeWorkCommuteMedian":15437,"workHomeCommuteMedian":-1},"geometry":{"type":"Polygon","coordinates":[[[13.31801028004954,49.63276536817488],[13.31801028004954,49.641758571812126],[13.327003483686786,49.641758571812126],[13.327003483686786,49.63276536817488],[13.31801028004954,49.63276536817488]]]}},{"type":"Feature","properties":{"jobs":19,"pop":91,"pointCount":5,"homeWorkCommuteMedian":10644,"workHomeCommuteMedian":21243},"geometry":{"type":"Polygon","coordinates":[[[13.31801028004954,49.67773138636111],[13.31801028004954,49.686724589998356],[13.327003483686786,49.686724589998356],[13.327003483686786,49.67773138636111],[13.31801028004954,49.67773138636111]]]}},{"type":"Feature","properties":{"jobs":37,"pop":486,"pointCount":25,"homeWorkCommuteMedian":9246,"workHomeCommuteMedian":656},"geometry":{"type":"Polygon","coordinates":[[[13.31801028004954,49.686724589998356],[13.31801028004954,49.6957177936356],[13.327003483686786,49.6957177936356],[13.327003483686786,49.686724589998356],[13.31801028004954,49.686724589998356]]]}},{"type":"Feature","properties":{"jobs":16,"pop":37,"pointCount":3,"homeWorkCommuteMedian":11528,"workHomeCommuteMedian":833},"geometry":{"type":"Polygon","coordinates":[[[13.31801028004954,49.6957177936356],[13.31801028004954,49.70471099727285],[13.327003483686786,49.70471099727285],[13.327003483686786,49.6957177936356],[13.31801028004954,49.6957177936356]]]}},{"type":"Feature","properties":{"jobs":12,"pop":559,"pointCount":13,"homeWorkCommuteMedian":7081,"workHomeCommuteMedian":5858},"geometry":{"type":"Polygon","coordinates":[[[13.31801028004954,49.70471099727285],[13.31801028004954,49.713704200910094],[13.327003483686786,49.713704200910094],[13.327003483686786,49.70471099727285],[13.31801028004954,49.70471099727285]]]}},{"type":"Feature","properties":{"jobs":2270,"pop":0,"pointCount":1,"homeWorkCommuteMedian":-1,"workHomeCommuteMedian":16334},"geometry":{"type":"Polygon","coordinates":[[[13.31801028004954,49.72269740454734],[13.31801028004954,49.731690608184586],[13.327003483686786,49.731690608184586],[13.327003483686786,49.72269740454734],[13.31801028004954,49.72269740454734]]]}},{"type":"Feature","properties":{"jobs":1706,"pop":420,"pointCount":5,"homeWorkCommuteMedian":4930,"workHomeCommuteMedian":9966},"geometry":{"type":"Polygon","coordinates":[[[13.31801028004954,49.731690608184586],[13.31801028004954,49.74068381182183],[13.327003483686786,49.74068381182183],[13.327003483686786,49.731690608184586],[13.31801028004954,49.731690608184586]]]}},{"type":"Feature","properties":{"jobs":781,"pop":2629,"pointCount":12,"homeWorkCommuteMedian":6022,"workHomeCommuteMedian":7758},"geometry":{"type":"Polygon","coordinates":[[[13.31801028004954,49.74068381182183],[13.31801028004954,49.74967701545908],[13.327003483686786,49.74967701545908],[13.327003483686786,49.74068381182183],[13.31801028004954,49.74068381182183]]]}},{"type":"Feature","properties":{"jobs":1635,"pop":0,"pointCount":3,"homeWorkCommuteMedian":-1,"workHomeCommuteMedian":7500},"geometry":{"type":"Polygon","coordinates":[[[13.31801028004954,49.74967701545908],[13.31801028004954,49.758670219096324],[13.327003483686786,49.758670219096324],[13.327003483686786,49.74967701545908],[13.31801028004954,49.74967701545908]]]}},{"type":"Feature","properties":{"jobs":56,"pop":441,"pointCount":22,"homeWorkCommuteMedian":6952,"workHomeCommuteMedian":6614},"geometry":{"type":"Polygon","coordinates":[[[13.31801028004954,49.758670219096324],[13.31801028004954,49.76766342273357],[13.327003483686786,49.76766342273357],[13.327003483686786,49.758670219096324],[13.31801028004954,49.758670219096324]]]}},{"type":"Feature","properties":{"jobs":10,"pop":418,"pointCount":12,"homeWorkCommuteMedian":8706,"workHomeCommuteMedian":8687},"geometry":{"type":"Polygon","coordinates":[[[13.31801028004954,49.78564983000806],[13.31801028004954,49.79464303364531],[13.327003483686786,49.79464303364531],[13.327003483686786,49.78564983000806],[13.31801028004954,49.78564983000806]]]}},{"type":"Feature","properties":{"jobs":60,"pop":28,"pointCount":3,"homeWorkCommuteMedian":9460,"workHomeCommuteMedian":5961},"geometry":{"type":"Polygon","coordinates":[[[13.31801028004954,49.79464303364531],[13.31801028004954,49.803636237282554],[13.327003483686786,49.803636237282554],[13.327003483686786,49.79464303364531],[13.31801028004954,49.79464303364531]]]}},{"type":"Feature","properties":{"jobs":0,"pop":13,"pointCount":1,"homeWorkCommuteMedian":14974,"workHomeCommuteMedian":-1},"geometry":{"type":"Polygon","coordinates":[[[13.31801028004954,49.821622644557046],[13.31801028004954,49.83061584819429],[13.327003483686786,49.83061584819429],[13.327003483686786,49.821622644557046],[13.31801028004954,49.821622644557046]]]}},{"type":"Feature","properties":{"jobs":114,"pop":415,"pointCount":19,"homeWorkCommuteMedian":16217,"workHomeCommuteMedian":573},"geometry":{"type":"Polygon","coordinates":[[[13.31801028004954,49.85759545910603],[13.31801028004954,49.866588662743276],[13.327003483686786,49.866588662743276],[13.327003483686786,49.85759545910603],[13.31801028004954,49.85759545910603]]]}},{"type":"Feature","properties":{"jobs":0,"pop":10,"pointCount":1,"homeWorkCommuteMedian":38906,"workHomeCommuteMedian":-1},"geometry":{"type":"Polygon","coordinates":[[[13.31801028004954,49.96551390275298],[13.31801028004954,49.97450710639023],[13.327003483686786,49.97450710639023],[13.327003483686786,49.96551390275298],[13.31801028004954,49.96551390275298]]]}},{"type":"Feature","properties":{"jobs":0,"pop":12,"pointCount":1,"homeWorkCommuteMedian":52002,"workHomeCommuteMedian":-1},"geometry":{"type":"Polygon","coordinates":[[[13.31801028004954,50.01947312457646],[13.31801028004954,50.0284663282137],[13.327003483686786,50.0284663282137],[13.327003483686786,50.01947312457646],[13.31801028004954,50.01947312457646]]]}},{"type":"Feature","properties":{"jobs":0,"pop":19,"pointCount":1,"homeWorkCommuteMedian":38072,"workHomeCommuteMedian":-1},"geometry":{"type":"Polygon","coordinates":[[[13.327003483686786,49.488874109978944],[13.327003483686786,49.49786731361619],[13.335996687324032,49.49786731361619],[13.335996687324032,49.488874109978944],[13.327003483686786,49.488874109978944]]]}},{"type":"Feature","properties":{"jobs":0,"pop":40,"pointCount":2,"homeWorkCommuteMedian":31637,"workHomeCommuteMedian":-1},"geometry":{"type":"Polygon","coordinates":[[[13.327003483686786,49.506860517253436],[13.327003483686786,49.51585372089068],[13.335996687324032,49.51585372089068],[13.335996687324032,49.506860517253436],[13.327003483686786,49.506860517253436]]]}},{"type":"Feature","properties":{"jobs":10,"pop":10,"pointCount":2,"homeWorkCommuteMedian":105,"workHomeCommuteMedian":105},"geometry":{"type":"Polygon","coordinates":[[[13.327003483686786,49.533840128165174],[13.327003483686786,49.54283333180242],[13.335996687324032,49.54283333180242],[13.335996687324032,49.533840128165174],[13.327003483686786,49.533840128165174]]]}},{"type":"Feature","properties":{"jobs":132,"pop":91,"pointCount":3,"homeWorkCommuteMedian":22568,"workHomeCommuteMedian":6910},"geometry":{"type":"Polygon","coordinates":[[[13.327003483686786,49.56081973907691],[13.327003483686786,49.56981294271416],[13.335996687324032,49.56981294271416],[13.335996687324032,49.56081973907691],[13.327003483686786,49.56081973907691]]]}},{"type":"Feature","properties":{"jobs":2770,"pop":1943,"pointCount":15,"homeWorkCommuteMedian":15570,"workHomeCommuteMedian":10640},"geometry":{"type":"Polygon","coordinates":[[[13.327003483686786,49.56981294271416],[13.327003483686786,49.578806146351404],[13.335996687324032,49.578806146351404],[13.335996687324032,49.56981294271416],[13.327003483686786,49.56981294271416]]]}},{"type":"Feature","properties":{"jobs":41,"pop":736,"pointCount":8,"homeWorkCommuteMedian":20889,"workHomeCommuteMedian":1534},"geometry":{"type":"Polygon","coordinates":[[[13.327003483686786,49.578806146351404],[13.327003483686786,49.58779934998865],[13.335996687324032,49.58779934998865],[13.335996687324032,49.578806146351404],[13.327003483686786,49.578806146351404]]]}},{"type":"Feature","properties":{"jobs":15,"pop":149,"pointCount":7,"homeWorkCommuteMedian":16844,"workHomeCommuteMedian":394},"geometry":{"type":"Polygon","coordinates":[[[13.327003483686786,49.60578575726314],[13.327003483686786,49.61477896090039],[13.335996687324032,49.61477896090039],[13.335996687324032,49.60578575726314],[13.327003483686786,49.60578575726314]]]}},{"type":"Feature","properties":{"jobs":10,"pop":0,"pointCount":1,"homeWorkCommuteMedian":-1,"workHomeCommuteMedian":21966},"geometry":{"type":"Polygon","coordinates":[[[13.327003483686786,49.67773138636111],[13.327003483686786,49.686724589998356],[13.335996687324032,49.686724589998356],[13.335996687324032,49.67773138636111],[13.327003483686786,49.67773138636111]]]}},{"type":"Feature","properties":{"jobs":4,"pop":57,"pointCount":3,"homeWorkCommuteMedian":4634,"workHomeCommuteMedian":1884},"geometry":{"type":"Polygon","coordinates":[[[13.327003483686786,49.6957177936356],[13.327003483686786,49.70471099727285],[13.335996687324032,49.70471099727285],[13.335996687324032,49.6957177936356],[13.327003483686786,49.6957177936356]]]}},{"type":"Feature","properties":{"jobs":23,"pop":220,"pointCount":11,"homeWorkCommuteMedian":8230,"workHomeCommuteMedian":635},"geometry":{"type":"Polygon","coordinates":[[[13.327003483686786,49.70471099727285],[13.327003483686786,49.713704200910094],[13.335996687324032,49.713704200910094],[13.335996687324032,49.70471099727285],[13.327003483686786,49.70471099727285]]]}},{"type":"Feature","properties":{"jobs":8294,"pop":0,"pointCount":6,"homeWorkCommuteMedian":-1,"workHomeCommuteMedian":16614},"geometry":{"type":"Polygon","coordinates":[[[13.327003483686786,49.72269740454734],[13.327003483686786,49.731690608184586],[13.335996687324032,49.731690608184586],[13.335996687324032,49.72269740454734],[13.327003483686786,49.72269740454734]]]}},{"type":"Feature","properties":{"jobs":794,"pop":476,"pointCount":5,"homeWorkCommuteMedian":4790,"workHomeCommuteMedian":16301},"geometry":{"type":"Polygon","coordinates":[[[13.327003483686786,49.731690608184586],[13.327003483686786,49.74068381182183],[13.335996687324032,49.74068381182183],[13.335996687324032,49.731690608184586],[13.327003483686786,49.731690608184586]]]}},{"type":"Feature","properties":{"jobs":418,"pop":2537,"pointCount":14,"homeWorkCommuteMedian":5444,"workHomeCommuteMedian":7555},"geometry":{"type":"Polygon","coordinates":[[[13.327003483686786,49.74068381182183],[13.327003483686786,49.74967701545908],[13.335996687324032,49.74967701545908],[13.335996687324032,49.74068381182183],[13.327003483686786,49.74068381182183]]]}},{"type":"Feature","properties":{"jobs":0,"pop":186,"pointCount":7,"homeWorkCommuteMedian":6033,"workHomeCommuteMedian":-1},"geometry":{"type":"Polygon","coordinates":[[[13.327003483686786,49.758670219096324],[13.327003483686786,49.76766342273357],[13.335996687324032,49.76766342273357],[13.335996687324032,49.758670219096324],[13.327003483686786,49.758670219096324]]]}},{"type":"Feature","properties":{"jobs":0,"pop":93,"pointCount":5,"homeWorkCommuteMedian":7356,"workHomeCommuteMedian":-1},"geometry":{"type":"Polygon","coordinates":[[[13.327003483686786,49.78564983000806],[13.327003483686786,49.79464303364531],[13.335996687324032,49.79464303364531],[13.335996687324032,49.78564983000806],[13.327003483686786,49.78564983000806]]]}},{"type":"Feature","properties":{"jobs":34,"pop":112,"pointCount":5,"homeWorkCommuteMedian":11696,"workHomeCommuteMedian":7546},"geometry":{"type":"Polygon","coordinates":[[[13.327003483686786,49.8126294409198],[13.327003483686786,49.821622644557046],[13.335996687324032,49.821622644557046],[13.335996687324032,49.8126294409198],[13.327003483686786,49.8126294409198]]]}},{"type":"Feature","properties":{"jobs":39,"pop":278,"pointCount":11,"homeWorkCommuteMedian":12783,"workHomeCommuteMedian":5950},"geometry":{"type":"Polygon","coordinates":[[[13.327003483686786,49.821622644557046],[13.327003483686786,49.83061584819429],[13.335996687324032,49.83061584819429],[13.335996687324032,49.821622644557046],[13.327003483686786,49.821622644557046]]]}},{"type":"Feature","properties":{"jobs":0,"pop":46,"pointCount":3,"homeWorkCommuteMedian":19482,"workHomeCommuteMedian":-1},"geometry":{"type":"Polygon","coordinates":[[[13.327003483686786,49.84860225546878],[13.327003483686786,49.85759545910603],[13.335996687324032,49.85759545910603],[13.335996687324032,49.84860225546878],[13.327003483686786,49.84860225546878]]]}},{"type":"Feature","properties":{"jobs":11,"pop":80,"pointCount":4,"homeWorkCommuteMedian":19239,"workHomeCommuteMedian":5935},"geometry":{"type":"Polygon","coordinates":[[[13.327003483686786,49.85759545910603],[13.327003483686786,49.866588662743276],[13.335996687324032,49.866588662743276],[13.335996687324032,49.85759545910603],[13.327003483686786,49.85759545910603]]]}},{"type":"Feature","properties":{"jobs":10,"pop":0,"pointCount":1,"homeWorkCommuteMedian":-1,"workHomeCommuteMedian":2430},"geometry":{"type":"Polygon","coordinates":[[[13.327003483686786,49.92054788456675],[13.327003483686786,49.929541088204],[13.335996687324032,49.929541088204],[13.335996687324032,49.92054788456675],[13.327003483686786,49.92054788456675]]]}},{"type":"Feature","properties":{"jobs":0,"pop":1,"pointCount":1,"homeWorkCommuteMedian":21035,"workHomeCommuteMedian":-1},"geometry":{"type":"Polygon","coordinates":[[[13.327003483686786,49.93853429184124],[13.327003483686786,49.94752749547849],[13.335996687324032,49.94752749547849],[13.335996687324032,49.93853429184124],[13.327003483686786,49.93853429184124]]]}},{"type":"Feature","properties":{"jobs":0,"pop":70,"pointCount":2,"homeWorkCommuteMedian":11986,"workHomeCommuteMedian":-1},"geometry":{"type":"Polygon","coordinates":[[[13.327003483686786,49.94752749547849],[13.327003483686786,49.956520699115735],[13.335996687324032,49.956520699115735],[13.335996687324032,49.94752749547849],[13.327003483686786,49.94752749547849]]]}},{"type":"Feature","properties":{"jobs":0,"pop":11,"pointCount":1,"homeWorkCommuteMedian":48276,"workHomeCommuteMedian":-1},"geometry":{"type":"Polygon","coordinates":[[[13.327003483686786,49.98350031002747],[13.327003483686786,49.99249351366472],[13.335996687324032,49.99249351366472],[13.335996687324032,49.98350031002747],[13.327003483686786,49.98350031002747]]]}},{"type":"Feature","properties":{"jobs":3,"pop":0,"pointCount":1,"homeWorkCommuteMedian":-1,"workHomeCommuteMedian":2035},"geometry":{"type":"Polygon","coordinates":[[[13.327003483686786,50.001486717301965],[13.327003483686786,50.01047992093921],[13.335996687324032,50.01047992093921],[13.335996687324032,50.001486717301965],[13.327003483686786,50.001486717301965]]]}},{"type":"Feature","properties":{"jobs":6,"pop":6,"pointCount":2,"homeWorkCommuteMedian":105,"workHomeCommuteMedian":105},"geometry":{"type":"Polygon","coordinates":[[[13.327003483686786,50.06443914276269],[13.327003483686786,50.07343234639993],[13.335996687324032,50.07343234639993],[13.335996687324032,50.06443914276269],[13.327003483686786,50.06443914276269]]]}},{"type":"Feature","properties":{"jobs":14,"pop":31,"pointCount":3,"homeWorkCommuteMedian":6599,"workHomeCommuteMedian":225},"geometry":{"type":"Polygon","coordinates":[[[13.335996687324032,49.52484692452793],[13.335996687324032,49.533840128165174],[13.344989890961278,49.533840128165174],[13.344989890961278,49.52484692452793],[13.335996687324032,49.52484692452793]]]}},{"type":"Feature","properties":{"jobs":98,"pop":0,"pointCount":2,"homeWorkCommuteMedian":-1,"workHomeCommuteMedian":4019},"geometry":{"type":"Polygon","coordinates":[[[13.335996687324032,49.551826535439666],[13.335996687324032,49.56081973907691],[13.344989890961278,49.56081973907691],[13.344989890961278,49.551826535439666],[13.335996687324032,49.551826535439666]]]}},{"type":"Feature","properties":{"jobs":96,"pop":538,"pointCount":20,"homeWorkCommuteMedian":15704,"workHomeCommuteMedian":719},"geometry":{"type":"Polygon","coordinates":[[[13.335996687324032,49.56081973907691],[13.335996687324032,49.56981294271416],[13.344989890961278,49.56981294271416],[13.344989890961278,49.56081973907691],[13.335996687324032,49.56081973907691]]]}},{"type":"Feature","properties":{"jobs":50,"pop":10,"pointCount":2,"homeWorkCommuteMedian":23635,"workHomeCommuteMedian":1218},"geometry":{"type":"Polygon","coordinates":[[[13.335996687324032,49.56981294271416],[13.335996687324032,49.578806146351404],[13.344989890961278,49.578806146351404],[13.344989890961278,49.56981294271416],[13.335996687324032,49.56981294271416]]]}},{"type":"Feature","properties":{"jobs":17,"pop":0,"pointCount":1,"homeWorkCommuteMedian":-1,"workHomeCommuteMedian":1683},"geometry":{"type":"Polygon","coordinates":[[[13.335996687324032,49.58779934998865],[13.335996687324032,49.596792553625896],[13.344989890961278,49.596792553625896],[13.344989890961278,49.58779934998865],[13.335996687324032,49.58779934998865]]]}},{"type":"Feature","properties":{"jobs":0,"pop":244,"pointCount":11,"homeWorkCommuteMedian":17488,"workHomeCommuteMedian":-1},"geometry":{"type":"Polygon","coordinates":[[[13.335996687324032,49.596792553625896],[13.335996687324032,49.60578575726314],[13.344989890961278,49.60578575726314],[13.344989890961278,49.596792553625896],[13.335996687324032,49.596792553625896]]]}},{"type":"Feature","properties":{"jobs":12,"pop":0,"pointCount":1,"homeWorkCommuteMedian":-1,"workHomeCommuteMedian":10706},"geometry":{"type":"Polygon","coordinates":[[[13.335996687324032,49.67773138636111],[13.335996687324032,49.686724589998356],[13.344989890961278,49.686724589998356],[13.344989890961278,49.67773138636111],[13.335996687324032,49.67773138636111]]]}},{"type":"Feature","properties":{"jobs":0,"pop":31,"pointCount":3,"homeWorkCommuteMedian":26184,"workHomeCommuteMedian":-1},"geometry":{"type":"Polygon","coordinates":[[[13.335996687324032,49.6957177936356],[13.335996687324032,49.70471099727285],[13.344989890961278,49.70471099727285],[13.344989890961278,49.6957177936356],[13.335996687324032,49.6957177936356]]]}},{"type":"Feature","properties":{"jobs":6666,"pop":0,"pointCount":3,"homeWorkCommuteMedian":-1,"workHomeCommuteMedian":15963},"geometry":{"type":"Polygon","coordinates":[[[13.335996687324032,49.72269740454734],[13.335996687324032,49.731690608184586],[13.344989890961278,49.731690608184586],[13.344989890961278,49.72269740454734],[13.335996687324032,49.72269740454734]]]}},{"type":"Feature","properties":{"jobs":307,"pop":0,"pointCount":4,"homeWorkCommuteMedian":-1,"workHomeCommuteMedian":7031},"geometry":{"type":"Polygon","coordinates":[[[13.335996687324032,49.731690608184586],[13.335996687324032,49.74068381182183],[13.344989890961278,49.74068381182183],[13.344989890961278,49.731690608184586],[13.335996687324032,49.731690608184586]]]}},{"type":"Feature","properties":{"jobs":725,"pop":1389,"pointCount":14,"homeWorkCommuteMedian":5329,"workHomeCommuteMedian":7317},"geometry":{"type":"Polygon","coordinates":[[[13.335996687324032,49.74068381182183],[13.335996687324032,49.74967701545908],[13.344989890961278,49.74967701545908],[13.344989890961278,49.74068381182183],[13.335996687324032,49.74068381182183]]]}},{"type":"Feature","properties":{"jobs":18,"pop":106,"pointCount":2,"homeWorkCommuteMedian":4096,"workHomeCommuteMedian":166},"geometry":{"type":"Polygon","coordinates":[[[13.335996687324032,49.758670219096324],[13.335996687324032,49.76766342273357],[13.344989890961278,49.76766342273357],[13.344989890961278,49.758670219096324],[13.335996687324032,49.758670219096324]]]}},{"type":"Feature","properties":{"jobs":0,"pop":33,"pointCount":2,"homeWorkCommuteMedian":9236,"workHomeCommuteMedian":-1},"geometry":{"type":"Polygon","coordinates":[[[13.335996687324032,49.78564983000806],[13.335996687324032,49.79464303364531],[13.344989890961278,49.79464303364531],[13.344989890961278,49.78564983000806],[13.335996687324032,49.78564983000806]]]}},{"type":"Feature","properties":{"jobs":349,"pop":0,"pointCount":2,"homeWorkCommuteMedian":-1,"workHomeCommuteMedian":10400},"geometry":{"type":"Polygon","coordinates":[[[13.335996687324032,49.803636237282554],[13.335996687324032,49.8126294409198],[13.344989890961278,49.8126294409198],[13.344989890961278,49.803636237282554],[13.335996687324032,49.803636237282554]]]}},{"type":"Feature","properties":{"jobs":0,"pop":63,"pointCount":3,"homeWorkCommuteMedian":13972,"workHomeCommuteMedian":-1},"geometry":{"type":"Polygon","coordinates":[[[13.335996687324032,49.8126294409198],[13.335996687324032,49.821622644557046],[13.344989890961278,49.821622644557046],[13.344989890961278,49.8126294409198],[13.335996687324032,49.8126294409198]]]}},{"type":"Feature","properties":{"jobs":0,"pop":18,"pointCount":1,"homeWorkCommuteMedian":38120,"workHomeCommuteMedian":-1},"geometry":{"type":"Polygon","coordinates":[[[13.335996687324032,49.96551390275298],[13.335996687324032,49.97450710639023],[13.344989890961278,49.97450710639023],[13.344989890961278,49.96551390275298],[13.335996687324032,49.96551390275298]]]}},{"type":"Feature","properties":{"jobs":0,"pop":2,"pointCount":1,"homeWorkCommuteMedian":14497,"workHomeCommuteMedian":-1},"geometry":{"type":"Polygon","coordinates":[[[13.344989890961278,49.47088770270445],[13.344989890961278,49.4798809063417],[13.353983094598524,49.4798809063417],[13.353983094598524,49.47088770270445],[13.344989890961278,49.47088770270445]]]}},{"type":"Feature","properties":{"jobs":0,"pop":41,"pointCount":3,"homeWorkCommuteMedian":27806,"workHomeCommuteMedian":-1},"geometry":{"type":"Polygon","coordinates":[[[13.344989890961278,49.533840128165174],[13.344989890961278,49.54283333180242],[13.353983094598524,49.54283333180242],[13.353983094598524,49.533840128165174],[13.344989890961278,49.533840128165174]]]}},{"type":"Feature","properties":{"jobs":0,"pop":37,"pointCount":2,"homeWorkCommuteMedian":26883,"workHomeCommuteMedian":-1},"geometry":{"type":"Polygon","coordinates":[[[13.344989890961278,49.56081973907691],[13.344989890961278,49.56981294271416],[13.353983094598524,49.56981294271416],[13.353983094598524,49.56081973907691],[13.344989890961278,49.56081973907691]]]}},{"type":"Feature","properties":{"jobs":29,"pop":57,"pointCount":4,"homeWorkCommuteMedian":21359,"workHomeCommuteMedian":12500},"geometry":{"type":"Polygon","coordinates":[[[13.344989890961278,49.596792553625896],[13.344989890961278,49.60578575726314],[13.353983094598524,49.60578575726314],[13.353983094598524,49.596792553625896],[13.344989890961278,49.596792553625896]]]}},{"type":"Feature","properties":{"jobs":0,"pop":68,"pointCount":3,"homeWorkCommuteMedian":19449,"workHomeCommuteMedian":-1},"geometry":{"type":"Polygon","coordinates":[[[13.344989890961278,49.60578575726314],[13.344989890961278,49.61477896090039],[13.353983094598524,49.61477896090039],[13.353983094598524,49.60578575726314],[13.344989890961278,49.60578575726314]]]}},{"type":"Feature","properties":{"jobs":0,"pop":10,"pointCount":1,"homeWorkCommuteMedian":10508,"workHomeCommuteMedian":-1},"geometry":{"type":"Polygon","coordinates":[[[13.344989890961278,49.61477896090039],[13.344989890961278,49.623772164537634],[13.353983094598524,49.623772164537634],[13.353983094598524,49.61477896090039],[13.344989890961278,49.61477896090039]]]}},{"type":"Feature","properties":{"jobs":10,"pop":102,"pointCount":4,"homeWorkCommuteMedian":15501,"workHomeCommuteMedian":182},"geometry":{"type":"Polygon","coordinates":[[[13.344989890961278,49.623772164537634],[13.344989890961278,49.63276536817488],[13.353983094598524,49.63276536817488],[13.353983094598524,49.623772164537634],[13.344989890961278,49.623772164537634]]]}},{"type":"Feature","properties":{"jobs":55,"pop":272,"pointCount":8,"homeWorkCommuteMedian":10062,"workHomeCommuteMedian":7373},"geometry":{"type":"Polygon","coordinates":[[[13.344989890961278,49.668738182723864],[13.344989890961278,49.67773138636111],[13.353983094598524,49.67773138636111],[13.353983094598524,49.668738182723864],[13.344989890961278,49.668738182723864]]]}},{"type":"Feature","properties":{"jobs":16,"pop":0,"pointCount":1,"homeWorkCommuteMedian":-1,"workHomeCommuteMedian":5723},"geometry":{"type":"Polygon","coordinates":[[[13.344989890961278,49.67773138636111],[13.344989890961278,49.686724589998356],[13.353983094598524,49.686724589998356],[13.353983094598524,49.67773138636111],[13.344989890961278,49.67773138636111]]]}},{"type":"Feature","properties":{"jobs":27,"pop":386,"pointCount":13,"homeWorkCommuteMedian":7826,"workHomeCommuteMedian":13872},"geometry":{"type":"Polygon","coordinates":[[[13.344989890961278,49.686724589998356],[13.344989890961278,49.6957177936356],[13.353983094598524,49.6957177936356],[13.353983094598524,49.686724589998356],[13.344989890961278,49.686724589998356]]]}},{"type":"Feature","properties":{"jobs":67,"pop":377,"pointCount":14,"homeWorkCommuteMedian":7046,"workHomeCommuteMedian":10192},"geometry":{"type":"Polygon","coordinates":[[[13.344989890961278,49.6957177936356],[13.344989890961278,49.70471099727285],[13.353983094598524,49.70471099727285],[13.353983094598524,49.6957177936356],[13.344989890961278,49.6957177936356]]]}},{"type":"Feature","properties":{"jobs":8086,"pop":33,"pointCount":9,"homeWorkCommuteMedian":5523,"workHomeCommuteMedian":7310},"geometry":{"type":"Polygon","coordinates":[[[13.344989890961278,49.72269740454734],[13.344989890961278,49.731690608184586],[13.353983094598524,49.731690608184586],[13.353983094598524,49.72269740454734],[13.344989890961278,49.72269740454734]]]}},{"type":"Feature","properties":{"jobs":614,"pop":0,"pointCount":4,"homeWorkCommuteMedian":-1,"workHomeCommuteMedian":6995},"geometry":{"type":"Polygon","coordinates":[[[13.344989890961278,49.731690608184586],[13.344989890961278,49.74068381182183],[13.353983094598524,49.74068381182183],[13.353983094598524,49.731690608184586],[13.344989890961278,49.731690608184586]]]}},{"type":"Feature","properties":{"jobs":119,"pop":865,"pointCount":10,"homeWorkCommuteMedian":4212,"workHomeCommuteMedian":5376},"geometry":{"type":"Polygon","coordinates":[[[13.344989890961278,49.74068381182183],[13.344989890961278,49.74967701545908],[13.353983094598524,49.74967701545908],[13.353983094598524,49.74068381182183],[13.344989890961278,49.74068381182183]]]}},{"type":"Feature","properties":{"jobs":30,"pop":15,"pointCount":2,"homeWorkCommuteMedian":3460,"workHomeCommuteMedian":11466},"geometry":{"type":"Polygon","coordinates":[[[13.344989890961278,49.74967701545908],[13.344989890961278,49.758670219096324],[13.353983094598524,49.758670219096324],[13.353983094598524,49.74967701545908],[13.344989890961278,49.74967701545908]]]}},{"type":"Feature","properties":{"jobs":114,"pop":3319,"pointCount":12,"homeWorkCommuteMedian":5514,"workHomeCommuteMedian":4818},"geometry":{"type":"Polygon","coordinates":[[[13.344989890961278,49.758670219096324],[13.344989890961278,49.76766342273357],[13.353983094598524,49.76766342273357],[13.353983094598524,49.758670219096324],[13.344989890961278,49.758670219096324]]]}},{"type":"Feature","properties":{"jobs":683,"pop":84,"pointCount":8,"homeWorkCommuteMedian":5269,"workHomeCommuteMedian":6639},"geometry":{"type":"Polygon","coordinates":[[[13.344989890961278,49.76766342273357],[13.344989890961278,49.776656626370816],[13.353983094598524,49.776656626370816],[13.353983094598524,49.76766342273357],[13.344989890961278,49.76766342273357]]]}},{"type":"Feature","properties":{"jobs":496,"pop":0,"pointCount":2,"homeWorkCommuteMedian":-1,"workHomeCommuteMedian":6694},"geometry":{"type":"Polygon","coordinates":[[[13.344989890961278,49.776656626370816],[13.344989890961278,49.78564983000806],[13.353983094598524,49.78564983000806],[13.353983094598524,49.776656626370816],[13.344989890961278,49.776656626370816]]]}},{"type":"Feature","properties":{"jobs":17,"pop":0,"pointCount":1,"homeWorkCommuteMedian":-1,"workHomeCommuteMedian":7324},"geometry":{"type":"Polygon","coordinates":[[[13.344989890961278,49.803636237282554],[13.344989890961278,49.8126294409198],[13.353983094598524,49.8126294409198],[13.353983094598524,49.803636237282554],[13.344989890961278,49.803636237282554]]]}},{"type":"Feature","properties":{"jobs":50,"pop":10,"pointCount":3,"homeWorkCommuteMedian":18501,"workHomeCommuteMedian":4386},"geometry":{"type":"Polygon","coordinates":[[[13.344989890961278,49.83061584819429],[13.344989890961278,49.83960905183154],[13.353983094598524,49.83960905183154],[13.353983094598524,49.83061584819429],[13.344989890961278,49.83061584819429]]]}},{"type":"Feature","properties":{"jobs":0,"pop":90,"pointCount":4,"homeWorkCommuteMedian":12891,"workHomeCommuteMedian":-1},"geometry":{"type":"Polygon","coordinates":[[[13.344989890961278,49.83960905183154],[13.344989890961278,49.84860225546878],[13.353983094598524,49.84860225546878],[13.353983094598524,49.83960905183154],[13.344989890961278,49.83960905183154]]]}},{"type":"Feature","properties":{"jobs":0,"pop":13,"pointCount":1,"homeWorkCommuteMedian":21530,"workHomeCommuteMedian":-1},"geometry":{"type":"Polygon","coordinates":[[[13.344989890961278,49.85759545910603],[13.344989890961278,49.866588662743276],[13.353983094598524,49.866588662743276],[13.353983094598524,49.85759545910603],[13.344989890961278,49.85759545910603]]]}},{"type":"Feature","properties":{"jobs":118,"pop":0,"pointCount":3,"homeWorkCommuteMedian":-1,"workHomeCommuteMedian":5987},"geometry":{"type":"Polygon","coordinates":[[[13.344989890961278,49.88457507001777],[13.344989890961278,49.89356827365501],[13.353983094598524,49.89356827365501],[13.353983094598524,49.88457507001777],[13.344989890961278,49.88457507001777]]]}},{"type":"Feature","properties":{"jobs":100,"pop":0,"pointCount":2,"homeWorkCommuteMedian":-1,"workHomeCommuteMedian":7510},"geometry":{"type":"Polygon","coordinates":[[[13.344989890961278,49.89356827365501],[13.344989890961278,49.90256147729226],[13.353983094598524,49.90256147729226],[13.353983094598524,49.89356827365501],[13.344989890961278,49.89356827365501]]]}},{"type":"Feature","properties":{"jobs":15,"pop":0,"pointCount":1,"homeWorkCommuteMedian":-1,"workHomeCommuteMedian":2852},"geometry":{"type":"Polygon","coordinates":[[[13.344989890961278,49.96551390275298],[13.344989890961278,49.97450710639023],[13.353983094598524,49.97450710639023],[13.353983094598524,49.96551390275298],[13.344989890961278,49.96551390275298]]]}},{"type":"Feature","properties":{"jobs":0,"pop":10,"pointCount":1,"homeWorkCommuteMedian":30151,"workHomeCommuteMedian":-1},"geometry":{"type":"Polygon","coordinates":[[[13.344989890961278,50.001486717301965],[13.344989890961278,50.01047992093921],[13.353983094598524,50.01047992093921],[13.353983094598524,50.001486717301965],[13.344989890961278,50.001486717301965]]]}},{"type":"Feature","properties":{"jobs":0,"pop":23,"pointCount":2,"homeWorkCommuteMedian":37547,"workHomeCommuteMedian":-1},"geometry":{"type":"Polygon","coordinates":[[[13.353983094598524,49.461894499067206],[13.353983094598524,49.47088770270445],[13.36297629823577,49.47088770270445],[13.36297629823577,49.461894499067206],[13.353983094598524,49.461894499067206]]]}},{"type":"Feature","properties":{"jobs":12,"pop":34,"pointCount":2,"homeWorkCommuteMedian":24939,"workHomeCommuteMedian":304},"geometry":{"type":"Polygon","coordinates":[[[13.353983094598524,49.506860517253436],[13.353983094598524,49.51585372089068],[13.36297629823577,49.51585372089068],[13.36297629823577,49.506860517253436],[13.353983094598524,49.506860517253436]]]}},{"type":"Feature","properties":{"jobs":0,"pop":23,"pointCount":1,"homeWorkCommuteMedian":14101,"workHomeCommuteMedian":-1},"geometry":{"type":"Polygon","coordinates":[[[13.353983094598524,49.578806146351404],[13.353983094598524,49.58779934998865],[13.36297629823577,49.58779934998865],[13.36297629823577,49.578806146351404],[13.353983094598524,49.578806146351404]]]}},{"type":"Feature","properties":{"jobs":5,"pop":0,"pointCount":1,"homeWorkCommuteMedian":-1,"workHomeCommuteMedian":1317},"geometry":{"type":"Polygon","coordinates":[[[13.353983094598524,49.596792553625896],[13.353983094598524,49.60578575726314],[13.36297629823577,49.60578575726314],[13.36297629823577,49.596792553625896],[13.353983094598524,49.596792553625896]]]}},{"type":"Feature","properties":{"jobs":0,"pop":16,"pointCount":1,"homeWorkCommuteMedian":1620,"workHomeCommuteMedian":-1},"geometry":{"type":"Polygon","coordinates":[[[13.353983094598524,49.60578575726314],[13.353983094598524,49.61477896090039],[13.36297629823577,49.61477896090039],[13.36297629823577,49.60578575726314],[13.353983094598524,49.60578575726314]]]}},{"type":"Feature","properties":{"jobs":128,"pop":394,"pointCount":17,"homeWorkCommuteMedian":6477,"workHomeCommuteMedian":10979},"geometry":{"type":"Polygon","coordinates":[[[13.353983094598524,49.6957177936356],[13.353983094598524,49.70471099727285],[13.36297629823577,49.70471099727285],[13.36297629823577,49.6957177936356],[13.353983094598524,49.6957177936356]]]}},{"type":"Feature","properties":{"jobs":112,"pop":119,"pointCount":7,"homeWorkCommuteMedian":6198,"workHomeCommuteMedian":4720},"geometry":{"type":"Polygon","coordinates":[[[13.353983094598524,49.70471099727285],[13.353983094598524,49.713704200910094],[13.36297629823577,49.713704200910094],[13.36297629823577,49.70471099727285],[13.353983094598524,49.70471099727285]]]}},{"type":"Feature","properties":{"jobs":59,"pop":315,"pointCount":4,"homeWorkCommuteMedian":5423,"workHomeCommuteMedian":5082},"geometry":{"type":"Polygon","coordinates":[[[13.353983094598524,49.713704200910094],[13.353983094598524,49.72269740454734],[13.36297629823577,49.72269740454734],[13.36297629823577,49.713704200910094],[13.353983094598524,49.713704200910094]]]}},{"type":"Feature","properties":{"jobs":1987,"pop":646,"pointCount":9,"homeWorkCommuteMedian":3459,"workHomeCommuteMedian":7215},"geometry":{"type":"Polygon","coordinates":[[[13.353983094598524,49.72269740454734],[13.353983094598524,49.731690608184586],[13.36297629823577,49.731690608184586],[13.36297629823577,49.72269740454734],[13.353983094598524,49.72269740454734]]]}},{"type":"Feature","properties":{"jobs":2700,"pop":600,"pointCount":12,"homeWorkCommuteMedian":4277,"workHomeCommuteMedian":7056},"geometry":{"type":"Polygon","coordinates":[[[13.353983094598524,49.731690608184586],[13.353983094598524,49.74068381182183],[13.36297629823577,49.74068381182183],[13.36297629823577,49.731690608184586],[13.353983094598524,49.731690608184586]]]}},{"type":"Feature","properties":{"jobs":4791,"pop":369,"pointCount":6,"homeWorkCommuteMedian":4382,"workHomeCommuteMedian":10291},"geometry":{"type":"Polygon","coordinates":[[[13.353983094598524,49.74068381182183],[13.353983094598524,49.74967701545908],[13.36297629823577,49.74967701545908],[13.36297629823577,49.74068381182183],[13.353983094598524,49.74068381182183]]]}},{"type":"Feature","properties":{"jobs":1455,"pop":0,"pointCount":5,"homeWorkCommuteMedian":-1,"workHomeCommuteMedian":6003},"geometry":{"type":"Polygon","coordinates":[[[13.353983094598524,49.74967701545908],[13.353983094598524,49.758670219096324],[13.36297629823577,49.758670219096324],[13.36297629823577,49.74967701545908],[13.353983094598524,49.74967701545908]]]}},{"type":"Feature","properties":{"jobs":1338,"pop":2309,"pointCount":11,"homeWorkCommuteMedian":4975,"workHomeCommuteMedian":5178},"geometry":{"type":"Polygon","coordinates":[[[13.353983094598524,49.758670219096324],[13.353983094598524,49.76766342273357],[13.36297629823577,49.76766342273357],[13.36297629823577,49.758670219096324],[13.353983094598524,49.758670219096324]]]}},{"type":"Feature","properties":{"jobs":1395,"pop":2718,"pointCount":20,"homeWorkCommuteMedian":5913,"workHomeCommuteMedian":6591},"geometry":{"type":"Polygon","coordinates":[[[13.353983094598524,49.76766342273357],[13.353983094598524,49.776656626370816],[13.36297629823577,49.776656626370816],[13.36297629823577,49.76766342273357],[13.353983094598524,49.76766342273357]]]}},{"type":"Feature","properties":{"jobs":316,"pop":1877,"pointCount":9,"homeWorkCommuteMedian":6104,"workHomeCommuteMedian":6196},"geometry":{"type":"Polygon","coordinates":[[[13.353983094598524,49.776656626370816],[13.353983094598524,49.78564983000806],[13.36297629823577,49.78564983000806],[13.36297629823577,49.776656626370816],[13.353983094598524,49.776656626370816]]]}},{"type":"Feature","properties":{"jobs":0,"pop":137,"pointCount":5,"homeWorkCommuteMedian":14791,"workHomeCommuteMedian":-1},"geometry":{"type":"Polygon","coordinates":[[[13.353983094598524,49.83061584819429],[13.353983094598524,49.83960905183154],[13.36297629823577,49.83960905183154],[13.36297629823577,49.83061584819429],[13.353983094598524,49.83061584819429]]]}},{"type":"Feature","properties":{"jobs":222,"pop":1280,"pointCount":31,"homeWorkCommuteMedian":14143,"workHomeCommuteMedian":8119},"geometry":{"type":"Polygon","coordinates":[[[13.353983094598524,49.83960905183154],[13.353983094598524,49.84860225546878],[13.36297629823577,49.84860225546878],[13.36297629823577,49.83960905183154],[13.353983094598524,49.83960905183154]]]}},{"type":"Feature","properties":{"jobs":11,"pop":106,"pointCount":6,"homeWorkCommuteMedian":15212,"workHomeCommuteMedian":8922},"geometry":{"type":"Polygon","coordinates":[[[13.353983094598524,49.98350031002747],[13.353983094598524,49.99249351366472],[13.36297629823577,49.99249351366472],[13.36297629823577,49.98350031002747],[13.353983094598524,49.98350031002747]]]}},{"type":"Feature","properties":{"jobs":0,"pop":33,"pointCount":1,"homeWorkCommuteMedian":11548,"workHomeCommuteMedian":-1},"geometry":{"type":"Polygon","coordinates":[[[13.353983094598524,50.001486717301965],[13.353983094598524,50.01047992093921],[13.36297629823577,50.01047992093921],[13.36297629823577,50.001486717301965],[13.353983094598524,50.001486717301965]]]}},{"type":"Feature","properties":{"jobs":0,"pop":83,"pointCount":2,"homeWorkCommuteMedian":52508,"workHomeCommuteMedian":-1},"geometry":{"type":"Polygon","coordinates":[[[13.353983094598524,50.03745953185095],[13.353983094598524,50.046452735488195],[13.36297629823577,50.046452735488195],[13.36297629823577,50.03745953185095],[13.353983094598524,50.03745953185095]]]}},{"type":"Feature","properties":{"jobs":0,"pop":15,"pointCount":1,"homeWorkCommuteMedian":38576,"workHomeCommuteMedian":-1},"geometry":{"type":"Polygon","coordinates":[[[13.36297629823577,49.4798809063417],[13.36297629823577,49.488874109978944],[13.371969501873016,49.488874109978944],[13.371969501873016,49.4798809063417],[13.36297629823577,49.4798809063417]]]}},{"type":"Feature","properties":{"jobs":0,"pop":66,"pointCount":3,"homeWorkCommuteMedian":22324,"workHomeCommuteMedian":-1},"geometry":{"type":"Polygon","coordinates":[[[13.36297629823577,49.488874109978944],[13.36297629823577,49.49786731361619],[13.371969501873016,49.49786731361619],[13.371969501873016,49.488874109978944],[13.36297629823577,49.488874109978944]]]}},{"type":"Feature","properties":{"jobs":0,"pop":33,"pointCount":2,"homeWorkCommuteMedian":6393,"workHomeCommuteMedian":-1},"geometry":{"type":"Polygon","coordinates":[[[13.36297629823577,49.54283333180242],[13.36297629823577,49.551826535439666],[13.371969501873016,49.551826535439666],[13.371969501873016,49.54283333180242],[13.36297629823577,49.54283333180242]]]}},{"type":"Feature","properties":{"jobs":0,"pop":32,"pointCount":1,"homeWorkCommuteMedian":24499,"workHomeCommuteMedian":-1},"geometry":{"type":"Polygon","coordinates":[[[13.36297629823577,49.551826535439666],[13.36297629823577,49.56081973907691],[13.371969501873016,49.56081973907691],[13.371969501873016,49.551826535439666],[13.36297629823577,49.551826535439666]]]}},{"type":"Feature","properties":{"jobs":2,"pop":33,"pointCount":3,"homeWorkCommuteMedian":4498,"workHomeCommuteMedian":436},"geometry":{"type":"Polygon","coordinates":[[[13.36297629823577,49.56081973907691],[13.36297629823577,49.56981294271416],[13.371969501873016,49.56981294271416],[13.371969501873016,49.56081973907691],[13.36297629823577,49.56081973907691]]]}},{"type":"Feature","properties":{"jobs":3,"pop":12,"pointCount":2,"homeWorkCommuteMedian":4114,"workHomeCommuteMedian":234},"geometry":{"type":"Polygon","coordinates":[[[13.36297629823577,49.578806146351404],[13.36297629823577,49.58779934998865],[13.371969501873016,49.58779934998865],[13.371969501873016,49.578806146351404],[13.36297629823577,49.578806146351404]]]}},{"type":"Feature","properties":{"jobs":19,"pop":47,"pointCount":2,"homeWorkCommuteMedian":14826,"workHomeCommuteMedian":2140},"geometry":{"type":"Polygon","coordinates":[[[13.36297629823577,49.596792553625896],[13.36297629823577,49.60578575726314],[13.371969501873016,49.60578575726314],[13.371969501873016,49.596792553625896],[13.36297629823577,49.596792553625896]]]}},{"type":"Feature","properties":{"jobs":20,"pop":86,"pointCount":3,"homeWorkCommuteMedian":14165,"workHomeCommuteMedian":15389},"geometry":{"type":"Polygon","coordinates":[[[13.36297629823577,49.65974497908662],[13.36297629823577,49.668738182723864],[13.371969501873016,49.668738182723864],[13.371969501873016,49.65974497908662],[13.36297629823577,49.65974497908662]]]}},{"type":"Feature","properties":{"jobs":0,"pop":10,"pointCount":1,"homeWorkCommuteMedian":5551,"workHomeCommuteMedian":-1},"geometry":{"type":"Polygon","coordinates":[[[13.36297629823577,49.668738182723864],[13.36297629823577,49.67773138636111],[13.371969501873016,49.67773138636111],[13.371969501873016,49.668738182723864],[13.36297629823577,49.668738182723864]]]}},{"type":"Feature","properties":{"jobs":10,"pop":167,"pointCount":4,"homeWorkCommuteMedian":4791,"workHomeCommuteMedian":5874},"geometry":{"type":"Polygon","coordinates":[[[13.36297629823577,49.70471099727285],[13.36297629823577,49.713704200910094],[13.371969501873016,49.713704200910094],[13.371969501873016,49.70471099727285],[13.36297629823577,49.70471099727285]]]}},{"type":"Feature","properties":{"jobs":208,"pop":18,"pointCount":3,"homeWorkCommuteMedian":5049,"workHomeCommuteMedian":3904},"geometry":{"type":"Polygon","coordinates":[[[13.36297629823577,49.713704200910094],[13.36297629823577,49.72269740454734],[13.371969501873016,49.72269740454734],[13.371969501873016,49.713704200910094],[13.36297629823577,49.713704200910094]]]}},{"type":"Feature","properties":{"jobs":3846,"pop":4131,"pointCount":19,"homeWorkCommuteMedian":3820,"workHomeCommuteMedian":6702},"geometry":{"type":"Polygon","coordinates":[[[13.36297629823577,49.72269740454734],[13.36297629823577,49.731690608184586],[13.371969501873016,49.731690608184586],[13.371969501873016,49.72269740454734],[13.36297629823577,49.72269740454734]]]}},{"type":"Feature","properties":{"jobs":3094,"pop":4882,"pointCount":20,"homeWorkCommuteMedian":3419,"workHomeCommuteMedian":5400},"geometry":{"type":"Polygon","coordinates":[[[13.36297629823577,49.731690608184586],[13.36297629823577,49.74068381182183],[13.371969501873016,49.74068381182183],[13.371969501873016,49.731690608184586],[13.36297629823577,49.731690608184586]]]}},{"type":"Feature","properties":{"jobs":7321,"pop":5077,"pointCount":24,"homeWorkCommuteMedian":3687,"workHomeCommuteMedian":5203},"geometry":{"type":"Polygon","coordinates":[[[13.36297629823577,49.74068381182183],[13.36297629823577,49.74967701545908],[13.371969501873016,49.74967701545908],[13.371969501873016,49.74068381182183],[13.36297629823577,49.74068381182183]]]}},{"type":"Feature","properties":{"jobs":93,"pop":0,"pointCount":1,"homeWorkCommuteMedian":-1,"workHomeCommuteMedian":4905},"geometry":{"type":"Polygon","coordinates":[[[13.36297629823577,49.74967701545908],[13.36297629823577,49.758670219096324],[13.371969501873016,49.758670219096324],[13.371969501873016,49.74967701545908],[13.36297629823577,49.74967701545908]]]}},{"type":"Feature","properties":{"jobs":343,"pop":1014,"pointCount":9,"homeWorkCommuteMedian":4727,"workHomeCommuteMedian":5018},"geometry":{"type":"Polygon","coordinates":[[[13.36297629823577,49.758670219096324],[13.36297629823577,49.76766342273357],[13.371969501873016,49.76766342273357],[13.371969501873016,49.758670219096324],[13.36297629823577,49.758670219096324]]]}},{"type":"Feature","properties":{"jobs":1822,"pop":6107,"pointCount":24,"homeWorkCommuteMedian":5473,"workHomeCommuteMedian":5779},"geometry":{"type":"Polygon","coordinates":[[[13.36297629823577,49.76766342273357],[13.36297629823577,49.776656626370816],[13.371969501873016,49.776656626370816],[13.371969501873016,49.76766342273357],[13.36297629823577,49.76766342273357]]]}},{"type":"Feature","properties":{"jobs":273,"pop":3375,"pointCount":11,"homeWorkCommuteMedian":5899,"workHomeCommuteMedian":7051},"geometry":{"type":"Polygon","coordinates":[[[13.36297629823577,49.776656626370816],[13.36297629823577,49.78564983000806],[13.371969501873016,49.78564983000806],[13.371969501873016,49.776656626370816],[13.36297629823577,49.776656626370816]]]}},{"type":"Feature","properties":{"jobs":0,"pop":90,"pointCount":3,"homeWorkCommuteMedian":9186,"workHomeCommuteMedian":-1},"geometry":{"type":"Polygon","coordinates":[[[13.36297629823577,49.803636237282554],[13.36297629823577,49.8126294409198],[13.371969501873016,49.8126294409198],[13.371969501873016,49.803636237282554],[13.36297629823577,49.803636237282554]]]}},{"type":"Feature","properties":{"jobs":1,"pop":54,"pointCount":2,"homeWorkCommuteMedian":9061,"workHomeCommuteMedian":260},"geometry":{"type":"Polygon","coordinates":[[[13.36297629823577,49.8126294409198],[13.36297629823577,49.821622644557046],[13.371969501873016,49.821622644557046],[13.371969501873016,49.8126294409198],[13.36297629823577,49.8126294409198]]]}},{"type":"Feature","properties":{"jobs":0,"pop":18,"pointCount":1,"homeWorkCommuteMedian":16015,"workHomeCommuteMedian":-1},"geometry":{"type":"Polygon","coordinates":[[[13.36297629823577,49.83061584819429],[13.36297629823577,49.83960905183154],[13.371969501873016,49.83960905183154],[13.371969501873016,49.83061584819429],[13.36297629823577,49.83061584819429]]]}},{"type":"Feature","properties":{"jobs":63,"pop":296,"pointCount":18,"homeWorkCommuteMedian":14597,"workHomeCommuteMedian":7752},"geometry":{"type":"Polygon","coordinates":[[[13.36297629823577,49.83960905183154],[13.36297629823577,49.84860225546878],[13.371969501873016,49.84860225546878],[13.371969501873016,49.83960905183154],[13.36297629823577,49.83960905183154]]]}},{"type":"Feature","properties":{"jobs":14,"pop":31,"pointCount":2,"homeWorkCommuteMedian":19392,"workHomeCommuteMedian":7976},"geometry":{"type":"Polygon","coordinates":[[[13.36297629823577,49.84860225546878],[13.36297629823577,49.85759545910603],[13.371969501873016,49.85759545910603],[13.371969501873016,49.84860225546878],[13.36297629823577,49.84860225546878]]]}},{"type":"Feature","properties":{"jobs":507,"pop":0,"pointCount":3,"homeWorkCommuteMedian":-1,"workHomeCommuteMedian":11360},"geometry":{"type":"Polygon","coordinates":[[[13.36297629823577,49.88457507001777],[13.36297629823577,49.89356827365501],[13.371969501873016,49.89356827365501],[13.371969501873016,49.88457507001777],[13.36297629823577,49.88457507001777]]]}},{"type":"Feature","properties":{"jobs":39,"pop":0,"pointCount":1,"homeWorkCommuteMedian":-1,"workHomeCommuteMedian":6838},"geometry":{"type":"Polygon","coordinates":[[[13.36297629823577,49.89356827365501],[13.36297629823577,49.90256147729226],[13.371969501873016,49.90256147729226],[13.371969501873016,49.89356827365501],[13.36297629823577,49.89356827365501]]]}},{"type":"Feature","properties":{"jobs":0,"pop":101,"pointCount":2,"homeWorkCommuteMedian":20081,"workHomeCommuteMedian":-1},"geometry":{"type":"Polygon","coordinates":[[[13.36297629823577,49.90256147729226],[13.36297629823577,49.911554680929505],[13.371969501873016,49.911554680929505],[13.371969501873016,49.90256147729226],[13.36297629823577,49.90256147729226]]]}},{"type":"Feature","properties":{"jobs":93,"pop":0,"pointCount":1,"homeWorkCommuteMedian":-1,"workHomeCommuteMedian":4284},"geometry":{"type":"Polygon","coordinates":[[[13.36297629823577,49.911554680929505],[13.36297629823577,49.92054788456675],[13.371969501873016,49.92054788456675],[13.371969501873016,49.911554680929505],[13.36297629823577,49.911554680929505]]]}},{"type":"Feature","properties":{"jobs":40,"pop":98,"pointCount":5,"homeWorkCommuteMedian":23689,"workHomeCommuteMedian":3228},"geometry":{"type":"Polygon","coordinates":[[[13.36297629823577,49.98350031002747],[13.36297629823577,49.99249351366472],[13.371969501873016,49.99249351366472],[13.371969501873016,49.98350031002747],[13.36297629823577,49.98350031002747]]]}},{"type":"Feature","properties":{"jobs":0,"pop":26,"pointCount":1,"homeWorkCommuteMedian":46949,"workHomeCommuteMedian":-1},"geometry":{"type":"Polygon","coordinates":[[[13.36297629823577,50.01047992093921],[13.36297629823577,50.01947312457646],[13.371969501873016,50.01947312457646],[13.371969501873016,50.01047992093921],[13.36297629823577,50.01047992093921]]]}},{"type":"Feature","properties":{"jobs":83,"pop":166,"pointCount":9,"homeWorkCommuteMedian":27326,"workHomeCommuteMedian":970},"geometry":{"type":"Polygon","coordinates":[[[13.36297629823577,50.03745953185095],[13.36297629823577,50.046452735488195],[13.371969501873016,50.046452735488195],[13.371969501873016,50.03745953185095],[13.36297629823577,50.03745953185095]]]}},{"type":"Feature","properties":{"jobs":11,"pop":0,"pointCount":1,"homeWorkCommuteMedian":-1,"workHomeCommuteMedian":568},"geometry":{"type":"Polygon","coordinates":[[[13.36297629823577,50.046452735488195],[13.36297629823577,50.05544593912544],[13.371969501873016,50.05544593912544],[13.371969501873016,50.046452735488195],[13.36297629823577,50.046452735488195]]]}},{"type":"Feature","properties":{"jobs":6,"pop":15,"pointCount":2,"homeWorkCommuteMedian":39070,"workHomeCommuteMedian":271},"geometry":{"type":"Polygon","coordinates":[[[13.371969501873016,49.461894499067206],[13.371969501873016,49.47088770270445],[13.380962705510262,49.47088770270445],[13.380962705510262,49.461894499067206],[13.371969501873016,49.461894499067206]]]}},{"type":"Feature","properties":{"jobs":17,"pop":48,"pointCount":2,"homeWorkCommuteMedian":15750,"workHomeCommuteMedian":1625},"geometry":{"type":"Polygon","coordinates":[[[13.371969501873016,49.4798809063417],[13.371969501873016,49.488874109978944],[13.380962705510262,49.488874109978944],[13.380962705510262,49.4798809063417],[13.371969501873016,49.4798809063417]]]}},{"type":"Feature","properties":{"jobs":35,"pop":27,"pointCount":3,"homeWorkCommuteMedian":35090,"workHomeCommuteMedian":1784},"geometry":{"type":"Polygon","coordinates":[[[13.371969501873016,49.65974497908662],[13.371969501873016,49.668738182723864],[13.380962705510262,49.668738182723864],[13.380962705510262,49.65974497908662],[13.371969501873016,49.65974497908662]]]}},{"type":"Feature","properties":{"jobs":26,"pop":19,"pointCount":2,"homeWorkCommuteMedian":125,"workHomeCommuteMedian":248},"geometry":{"type":"Polygon","coordinates":[[[13.371969501873016,49.668738182723864],[13.371969501873016,49.67773138636111],[13.380962705510262,49.67773138636111],[13.380962705510262,49.668738182723864],[13.371969501873016,49.668738182723864]]]}},{"type":"Feature","properties":{"jobs":0,"pop":14,"pointCount":1,"homeWorkCommuteMedian":7552,"workHomeCommuteMedian":-1},"geometry":{"type":"Polygon","coordinates":[[[13.371969501873016,49.67773138636111],[13.371969501873016,49.686724589998356],[13.380962705510262,49.686724589998356],[13.380962705510262,49.67773138636111],[13.371969501873016,49.67773138636111]]]}},{"type":"Feature","properties":{"jobs":0,"pop":111,"pointCount":4,"homeWorkCommuteMedian":4804,"workHomeCommuteMedian":-1},"geometry":{"type":"Polygon","coordinates":[[[13.371969501873016,49.70471099727285],[13.371969501873016,49.713704200910094],[13.380962705510262,49.713704200910094],[13.380962705510262,49.70471099727285],[13.371969501873016,49.70471099727285]]]}},{"type":"Feature","properties":{"jobs":196,"pop":1235,"pointCount":8,"homeWorkCommuteMedian":4718,"workHomeCommuteMedian":5425},"geometry":{"type":"Polygon","coordinates":[[[13.371969501873016,49.713704200910094],[13.371969501873016,49.72269740454734],[13.380962705510262,49.72269740454734],[13.380962705510262,49.713704200910094],[13.371969501873016,49.713704200910094]]]}},{"type":"Feature","properties":{"jobs":1963,"pop":2433,"pointCount":16,"homeWorkCommuteMedian":4017,"workHomeCommuteMedian":5434},"geometry":{"type":"Polygon","coordinates":[[[13.371969501873016,49.72269740454734],[13.371969501873016,49.731690608184586],[13.380962705510262,49.731690608184586],[13.380962705510262,49.72269740454734],[13.371969501873016,49.72269740454734]]]}},{"type":"Feature","properties":{"jobs":8820,"pop":3172,"pointCount":18,"homeWorkCommuteMedian":3754,"workHomeCommuteMedian":5476},"geometry":{"type":"Polygon","coordinates":[[[13.371969501873016,49.731690608184586],[13.371969501873016,49.74068381182183],[13.380962705510262,49.74068381182183],[13.380962705510262,49.731690608184586],[13.371969501873016,49.731690608184586]]]}},{"type":"Feature","properties":{"jobs":18702,"pop":2503,"pointCount":29,"homeWorkCommuteMedian":3291,"workHomeCommuteMedian":8276},"geometry":{"type":"Polygon","coordinates":[[[13.371969501873016,49.74068381182183],[13.371969501873016,49.74967701545908],[13.380962705510262,49.74967701545908],[13.380962705510262,49.74068381182183],[13.371969501873016,49.74068381182183]]]}},{"type":"Feature","properties":{"jobs":3747,"pop":1535,"pointCount":16,"homeWorkCommuteMedian":4236,"workHomeCommuteMedian":6922},"geometry":{"type":"Polygon","coordinates":[[[13.371969501873016,49.74967701545908],[13.371969501873016,49.758670219096324],[13.380962705510262,49.758670219096324],[13.380962705510262,49.74967701545908],[13.371969501873016,49.74967701545908]]]}},{"type":"Feature","properties":{"jobs":5973,"pop":232,"pointCount":11,"homeWorkCommuteMedian":4578,"workHomeCommuteMedian":6283},"geometry":{"type":"Polygon","coordinates":[[[13.371969501873016,49.758670219096324],[13.371969501873016,49.76766342273357],[13.380962705510262,49.76766342273357],[13.380962705510262,49.758670219096324],[13.371969501873016,49.758670219096324]]]}},{"type":"Feature","properties":{"jobs":330,"pop":3068,"pointCount":17,"homeWorkCommuteMedian":5165,"workHomeCommuteMedian":5740},"geometry":{"type":"Polygon","coordinates":[[[13.371969501873016,49.76766342273357],[13.371969501873016,49.776656626370816],[13.380962705510262,49.776656626370816],[13.380962705510262,49.76766342273357],[13.371969501873016,49.76766342273357]]]}},{"type":"Feature","properties":{"jobs":690,"pop":4500,"pointCount":18,"homeWorkCommuteMedian":6127,"workHomeCommuteMedian":7774},"geometry":{"type":"Polygon","coordinates":[[[13.371969501873016,49.776656626370816],[13.371969501873016,49.78564983000806],[13.380962705510262,49.78564983000806],[13.380962705510262,49.776656626370816],[13.371969501873016,49.776656626370816]]]}},{"type":"Feature","properties":{"jobs":0,"pop":26,"pointCount":2,"homeWorkCommuteMedian":11759,"workHomeCommuteMedian":-1},"geometry":{"type":"Polygon","coordinates":[[[13.371969501873016,49.803636237282554],[13.371969501873016,49.8126294409198],[13.380962705510262,49.8126294409198],[13.380962705510262,49.803636237282554],[13.371969501873016,49.803636237282554]]]}},{"type":"Feature","properties":{"jobs":0,"pop":222,"pointCount":10,"homeWorkCommuteMedian":10381,"workHomeCommuteMedian":-1},"geometry":{"type":"Polygon","coordinates":[[[13.371969501873016,49.8126294409198],[13.371969501873016,49.821622644557046],[13.380962705510262,49.821622644557046],[13.380962705510262,49.8126294409198],[13.371969501873016,49.8126294409198]]]}},{"type":"Feature","properties":{"jobs":57,"pop":0,"pointCount":1,"homeWorkCommuteMedian":-1,"workHomeCommuteMedian":2050},"geometry":{"type":"Polygon","coordinates":[[[13.371969501873016,49.83960905183154],[13.371969501873016,49.84860225546878],[13.380962705510262,49.84860225546878],[13.380962705510262,49.83960905183154],[13.371969501873016,49.83960905183154]]]}},{"type":"Feature","properties":{"jobs":596,"pop":40,"pointCount":9,"homeWorkCommuteMedian":7267,"workHomeCommuteMedian":10278},"geometry":{"type":"Polygon","coordinates":[[[13.371969501873016,49.84860225546878],[13.371969501873016,49.85759545910603],[13.380962705510262,49.85759545910603],[13.380962705510262,49.84860225546878],[13.371969501873016,49.84860225546878]]]}},{"type":"Feature","properties":{"jobs":79,"pop":352,"pointCount":17,"homeWorkCommuteMedian":18563,"workHomeCommuteMedian":10565},"geometry":{"type":"Polygon","coordinates":[[[13.371969501873016,49.88457507001777],[13.371969501873016,49.89356827365501],[13.380962705510262,49.89356827365501],[13.380962705510262,49.88457507001777],[13.371969501873016,49.88457507001777]]]}},{"type":"Feature","properties":{"jobs":30,"pop":440,"pointCount":16,"homeWorkCommuteMedian":19104,"workHomeCommuteMedian":14459},"geometry":{"type":"Polygon","coordinates":[[[13.371969501873016,49.89356827365501],[13.371969501873016,49.90256147729226],[13.380962705510262,49.90256147729226],[13.380962705510262,49.89356827365501],[13.371969501873016,49.89356827365501]]]}},{"type":"Feature","properties":{"jobs":16,"pop":225,"pointCount":11,"homeWorkCommuteMedian":19871,"workHomeCommuteMedian":1794},"geometry":{"type":"Polygon","coordinates":[[[13.371969501873016,49.90256147729226],[13.371969501873016,49.911554680929505],[13.380962705510262,49.911554680929505],[13.380962705510262,49.90256147729226],[13.371969501873016,49.90256147729226]]]}},{"type":"Feature","properties":{"jobs":0,"pop":11,"pointCount":1,"homeWorkCommuteMedian":20100,"workHomeCommuteMedian":-1},"geometry":{"type":"Polygon","coordinates":[[[13.371969501873016,49.911554680929505],[13.371969501873016,49.92054788456675],[13.380962705510262,49.92054788456675],[13.380962705510262,49.911554680929505],[13.371969501873016,49.911554680929505]]]}},{"type":"Feature","properties":{"jobs":13,"pop":0,"pointCount":1,"homeWorkCommuteMedian":-1,"workHomeCommuteMedian":2619},"geometry":{"type":"Polygon","coordinates":[[[13.371969501873016,49.92054788456675],[13.371969501873016,49.929541088204],[13.380962705510262,49.929541088204],[13.380962705510262,49.92054788456675],[13.371969501873016,49.92054788456675]]]}},{"type":"Feature","properties":{"jobs":14,"pop":66,"pointCount":4,"homeWorkCommuteMedian":12398,"workHomeCommuteMedian":1455},"geometry":{"type":"Polygon","coordinates":[[[13.371969501873016,49.929541088204],[13.371969501873016,49.93853429184124],[13.380962705510262,49.93853429184124],[13.380962705510262,49.929541088204],[13.371969501873016,49.929541088204]]]}},{"type":"Feature","properties":{"jobs":0,"pop":26,"pointCount":2,"homeWorkCommuteMedian":15052,"workHomeCommuteMedian":-1},"geometry":{"type":"Polygon","coordinates":[[[13.371969501873016,50.01947312457646],[13.371969501873016,50.0284663282137],[13.380962705510262,50.0284663282137],[13.380962705510262,50.01947312457646],[13.371969501873016,50.01947312457646]]]}},{"type":"Feature","properties":{"jobs":42,"pop":285,"pointCount":11,"homeWorkCommuteMedian":29770,"workHomeCommuteMedian":15350},"geometry":{"type":"Polygon","coordinates":[[[13.371969501873016,50.03745953185095],[13.371969501873016,50.046452735488195],[13.380962705510262,50.046452735488195],[13.380962705510262,50.03745953185095],[13.371969501873016,50.03745953185095]]]}},{"type":"Feature","properties":{"jobs":0,"pop":10,"pointCount":1,"homeWorkCommuteMedian":54846,"workHomeCommuteMedian":-1},"geometry":{"type":"Polygon","coordinates":[[[13.371969501873016,50.046452735488195],[13.371969501873016,50.05544593912544],[13.380962705510262,50.05544593912544],[13.380962705510262,50.046452735488195],[13.371969501873016,50.046452735488195]]]}},{"type":"Feature","properties":{"jobs":1,"pop":35,"pointCount":3,"homeWorkCommuteMedian":40227,"workHomeCommuteMedian":259},"geometry":{"type":"Polygon","coordinates":[[[13.380962705510262,49.461894499067206],[13.380962705510262,49.47088770270445],[13.389955909147508,49.47088770270445],[13.389955909147508,49.461894499067206],[13.380962705510262,49.461894499067206]]]}},{"type":"Feature","properties":{"jobs":10,"pop":21,"pointCount":2,"homeWorkCommuteMedian":40238,"workHomeCommuteMedian":22},"geometry":{"type":"Polygon","coordinates":[[[13.380962705510262,49.49786731361619],[13.380962705510262,49.506860517253436],[13.389955909147508,49.506860517253436],[13.389955909147508,49.49786731361619],[13.380962705510262,49.49786731361619]]]}},{"type":"Feature","properties":{"jobs":0,"pop":119,"pointCount":6,"homeWorkCommuteMedian":27869,"workHomeCommuteMedian":-1},"geometry":{"type":"Polygon","coordinates":[[[13.380962705510262,49.52484692452793],[13.380962705510262,49.533840128165174],[13.389955909147508,49.533840128165174],[13.389955909147508,49.52484692452793],[13.380962705510262,49.52484692452793]]]}},{"type":"Feature","properties":{"jobs":0,"pop":23,"pointCount":2,"homeWorkCommuteMedian":5622,"workHomeCommuteMedian":-1},"geometry":{"type":"Polygon","coordinates":[[[13.380962705510262,49.551826535439666],[13.380962705510262,49.56081973907691],[13.389955909147508,49.56081973907691],[13.389955909147508,49.551826535439666],[13.380962705510262,49.551826535439666]]]}},{"type":"Feature","properties":{"jobs":0,"pop":94,"pointCount":2,"homeWorkCommuteMedian":22419,"workHomeCommuteMedian":-1},"geometry":{"type":"Polygon","coordinates":[[[13.380962705510262,49.58779934998865],[13.380962705510262,49.596792553625896],[13.389955909147508,49.596792553625896],[13.389955909147508,49.58779934998865],[13.380962705510262,49.58779934998865]]]}},{"type":"Feature","properties":{"jobs":0,"pop":64,"pointCount":2,"homeWorkCommuteMedian":23182,"workHomeCommuteMedian":-1},"geometry":{"type":"Polygon","coordinates":[[[13.380962705510262,49.60578575726314],[13.380962705510262,49.61477896090039],[13.389955909147508,49.61477896090039],[13.389955909147508,49.60578575726314],[13.380962705510262,49.60578575726314]]]}},{"type":"Feature","properties":{"jobs":0,"pop":198,"pointCount":8,"homeWorkCommuteMedian":8841,"workHomeCommuteMedian":-1},"geometry":{"type":"Polygon","coordinates":[[[13.380962705510262,49.668738182723864],[13.380962705510262,49.67773138636111],[13.389955909147508,49.67773138636111],[13.389955909147508,49.668738182723864],[13.380962705510262,49.668738182723864]]]}},{"type":"Feature","properties":{"jobs":0,"pop":55,"pointCount":3,"homeWorkCommuteMedian":8631,"workHomeCommuteMedian":-1},"geometry":{"type":"Polygon","coordinates":[[[13.380962705510262,49.67773138636111],[13.380962705510262,49.686724589998356],[13.389955909147508,49.686724589998356],[13.389955909147508,49.67773138636111],[13.380962705510262,49.67773138636111]]]}},{"type":"Feature","properties":{"jobs":0,"pop":143,"pointCount":6,"homeWorkCommuteMedian":5795,"workHomeCommuteMedian":-1},"geometry":{"type":"Polygon","coordinates":[[[13.380962705510262,49.70471099727285],[13.380962705510262,49.713704200910094],[13.389955909147508,49.713704200910094],[13.389955909147508,49.70471099727285],[13.380962705510262,49.70471099727285]]]}},{"type":"Feature","properties":{"jobs":299,"pop":539,"pointCount":8,"homeWorkCommuteMedian":4745,"workHomeCommuteMedian":6848},"geometry":{"type":"Polygon","coordinates":[[[13.380962705510262,49.713704200910094],[13.380962705510262,49.72269740454734],[13.389955909147508,49.72269740454734],[13.389955909147508,49.713704200910094],[13.380962705510262,49.713704200910094]]]}},{"type":"Feature","properties":{"jobs":2563,"pop":513,"pointCount":10,"homeWorkCommuteMedian":4002,"workHomeCommuteMedian":6969},"geometry":{"type":"Polygon","coordinates":[[[13.380962705510262,49.72269740454734],[13.380962705510262,49.731690608184586],[13.389955909147508,49.731690608184586],[13.389955909147508,49.72269740454734],[13.380962705510262,49.72269740454734]]]}},{"type":"Feature","properties":{"jobs":2716,"pop":577,"pointCount":10,"homeWorkCommuteMedian":3494,"workHomeCommuteMedian":9765},"geometry":{"type":"Polygon","coordinates":[[[13.380962705510262,49.731690608184586],[13.380962705510262,49.74068381182183],[13.389955909147508,49.74068381182183],[13.389955909147508,49.731690608184586],[13.380962705510262,49.731690608184586]]]}},{"type":"Feature","properties":{"jobs":10485,"pop":833,"pointCount":14,"homeWorkCommuteMedian":3182,"workHomeCommuteMedian":5792},"geometry":{"type":"Polygon","coordinates":[[[13.380962705510262,49.74068381182183],[13.380962705510262,49.74967701545908],[13.389955909147508,49.74967701545908],[13.389955909147508,49.74068381182183],[13.380962705510262,49.74068381182183]]]}},{"type":"Feature","properties":{"jobs":1115,"pop":414,"pointCount":6,"homeWorkCommuteMedian":3646,"workHomeCommuteMedian":4869},"geometry":{"type":"Polygon","coordinates":[[[13.380962705510262,49.74967701545908],[13.380962705510262,49.758670219096324],[13.389955909147508,49.758670219096324],[13.389955909147508,49.74967701545908],[13.380962705510262,49.74967701545908]]]}},{"type":"Feature","properties":{"jobs":198,"pop":145,"pointCount":7,"homeWorkCommuteMedian":4155,"workHomeCommuteMedian":5011},"geometry":{"type":"Polygon","coordinates":[[[13.380962705510262,49.758670219096324],[13.380962705510262,49.76766342273357],[13.389955909147508,49.76766342273357],[13.389955909147508,49.758670219096324],[13.380962705510262,49.758670219096324]]]}},{"type":"Feature","properties":{"jobs":179,"pop":844,"pointCount":9,"homeWorkCommuteMedian":5857,"workHomeCommuteMedian":6489},"geometry":{"type":"Polygon","coordinates":[[[13.380962705510262,49.76766342273357],[13.380962705510262,49.776656626370816],[13.389955909147508,49.776656626370816],[13.389955909147508,49.76766342273357],[13.380962705510262,49.76766342273357]]]}},{"type":"Feature","properties":{"jobs":161,"pop":196,"pointCount":3,"homeWorkCommuteMedian":5952,"workHomeCommuteMedian":6536},"geometry":{"type":"Polygon","coordinates":[[[13.380962705510262,49.776656626370816],[13.380962705510262,49.78564983000806],[13.389955909147508,49.78564983000806],[13.389955909147508,49.776656626370816],[13.380962705510262,49.776656626370816]]]}},{"type":"Feature","properties":{"jobs":10,"pop":105,"pointCount":7,"homeWorkCommuteMedian":9615,"workHomeCommuteMedian":936},"geometry":{"type":"Polygon","coordinates":[[[13.380962705510262,49.803636237282554],[13.380962705510262,49.8126294409198],[13.389955909147508,49.8126294409198],[13.389955909147508,49.803636237282554],[13.380962705510262,49.803636237282554]]]}},{"type":"Feature","properties":{"jobs":143,"pop":51,"pointCount":4,"homeWorkCommuteMedian":7352,"workHomeCommuteMedian":1089},"geometry":{"type":"Polygon","coordinates":[[[13.380962705510262,49.8126294409198],[13.380962705510262,49.821622644557046],[13.389955909147508,49.821622644557046],[13.389955909147508,49.8126294409198],[13.380962705510262,49.8126294409198]]]}},{"type":"Feature","properties":{"jobs":60,"pop":85,"pointCount":5,"homeWorkCommuteMedian":9105,"workHomeCommuteMedian":3521},"geometry":{"type":"Polygon","coordinates":[[[13.380962705510262,49.821622644557046],[13.380962705510262,49.83061584819429],[13.389955909147508,49.83061584819429],[13.389955909147508,49.821622644557046],[13.380962705510262,49.821622644557046]]]}},{"type":"Feature","properties":{"jobs":0,"pop":22,"pointCount":1,"homeWorkCommuteMedian":14594,"workHomeCommuteMedian":-1},"geometry":{"type":"Polygon","coordinates":[[[13.380962705510262,49.83960905183154],[13.380962705510262,49.84860225546878],[13.389955909147508,49.84860225546878],[13.389955909147508,49.83960905183154],[13.380962705510262,49.83960905183154]]]}},{"type":"Feature","properties":{"jobs":53,"pop":255,"pointCount":10,"homeWorkCommuteMedian":13969,"workHomeCommuteMedian":2551},"geometry":{"type":"Polygon","coordinates":[[[13.380962705510262,49.84860225546878],[13.380962705510262,49.85759545910603],[13.389955909147508,49.85759545910603],[13.389955909147508,49.84860225546878],[13.380962705510262,49.84860225546878]]]}},{"type":"Feature","properties":{"jobs":282,"pop":166,"pointCount":12,"homeWorkCommuteMedian":21148,"workHomeCommuteMedian":14508},"geometry":{"type":"Polygon","coordinates":[[[13.380962705510262,49.88457507001777],[13.380962705510262,49.89356827365501],[13.389955909147508,49.89356827365501],[13.389955909147508,49.88457507001777],[13.380962705510262,49.88457507001777]]]}},{"type":"Feature","properties":{"jobs":146,"pop":516,"pointCount":13,"homeWorkCommuteMedian":17992,"workHomeCommuteMedian":17160},"geometry":{"type":"Polygon","coordinates":[[[13.380962705510262,49.89356827365501],[13.380962705510262,49.90256147729226],[13.389955909147508,49.90256147729226],[13.389955909147508,49.89356827365501],[13.380962705510262,49.89356827365501]]]}},{"type":"Feature","properties":{"jobs":0,"pop":21,"pointCount":1,"homeWorkCommuteMedian":23534,"workHomeCommuteMedian":-1},"geometry":{"type":"Polygon","coordinates":[[[13.380962705510262,49.92054788456675],[13.380962705510262,49.929541088204],[13.389955909147508,49.929541088204],[13.389955909147508,49.92054788456675],[13.380962705510262,49.92054788456675]]]}},{"type":"Feature","properties":{"jobs":524,"pop":450,"pointCount":17,"homeWorkCommuteMedian":22766,"workHomeCommuteMedian":15052},"geometry":{"type":"Polygon","coordinates":[[[13.380962705510262,49.929541088204],[13.380962705510262,49.93853429184124],[13.389955909147508,49.93853429184124],[13.389955909147508,49.929541088204],[13.380962705510262,49.929541088204]]]}},{"type":"Feature","properties":{"jobs":25,"pop":169,"pointCount":6,"homeWorkCommuteMedian":5376,"workHomeCommuteMedian":27797},"geometry":{"type":"Polygon","coordinates":[[[13.380962705510262,49.93853429184124],[13.380962705510262,49.94752749547849],[13.389955909147508,49.94752749547849],[13.389955909147508,49.93853429184124],[13.380962705510262,49.93853429184124]]]}},{"type":"Feature","properties":{"jobs":0,"pop":11,"pointCount":1,"homeWorkCommuteMedian":17364,"workHomeCommuteMedian":-1},"geometry":{"type":"Polygon","coordinates":[[[13.380962705510262,49.99249351366472],[13.380962705510262,50.001486717301965],[13.389955909147508,50.001486717301965],[13.389955909147508,49.99249351366472],[13.380962705510262,49.99249351366472]]]}},{"type":"Feature","properties":{"jobs":52,"pop":0,"pointCount":1,"homeWorkCommuteMedian":-1,"workHomeCommuteMedian":3404},"geometry":{"type":"Polygon","coordinates":[[[13.380962705510262,50.03745953185095],[13.380962705510262,50.046452735488195],[13.389955909147508,50.046452735488195],[13.389955909147508,50.03745953185095],[13.380962705510262,50.03745953185095]]]}},{"type":"Feature","properties":{"jobs":10,"pop":33,"pointCount":3,"homeWorkCommuteMedian":58184,"workHomeCommuteMedian":116},"geometry":{"type":"Polygon","coordinates":[[[13.380962705510262,50.06443914276269],[13.380962705510262,50.07343234639993],[13.389955909147508,50.07343234639993],[13.389955909147508,50.06443914276269],[13.380962705510262,50.06443914276269]]]}},{"type":"Feature","properties":{"jobs":36,"pop":29,"pointCount":3,"homeWorkCommuteMedian":15022,"workHomeCommuteMedian":1339},"geometry":{"type":"Polygon","coordinates":[[[13.389955909147508,49.533840128165174],[13.389955909147508,49.54283333180242],[13.398949112784754,49.54283333180242],[13.398949112784754,49.533840128165174],[13.389955909147508,49.533840128165174]]]}},{"type":"Feature","properties":{"jobs":27,"pop":36,"pointCount":3,"homeWorkCommuteMedian":7127,"workHomeCommuteMedian":288},"geometry":{"type":"Polygon","coordinates":[[[13.389955909147508,49.54283333180242],[13.389955909147508,49.551826535439666],[13.398949112784754,49.551826535439666],[13.398949112784754,49.54283333180242],[13.389955909147508,49.54283333180242]]]}},{"type":"Feature","properties":{"jobs":11,"pop":116,"pointCount":3,"homeWorkCommuteMedian":26604,"workHomeCommuteMedian":168},"geometry":{"type":"Polygon","coordinates":[[[13.389955909147508,49.551826535439666],[13.389955909147508,49.56081973907691],[13.398949112784754,49.56081973907691],[13.398949112784754,49.551826535439666],[13.389955909147508,49.551826535439666]]]}},{"type":"Feature","properties":{"jobs":0,"pop":15,"pointCount":1,"homeWorkCommuteMedian":29706,"workHomeCommuteMedian":-1},"geometry":{"type":"Polygon","coordinates":[[[13.389955909147508,49.56081973907691],[13.389955909147508,49.56981294271416],[13.398949112784754,49.56981294271416],[13.398949112784754,49.56081973907691],[13.389955909147508,49.56081973907691]]]}},{"type":"Feature","properties":{"jobs":0,"pop":28,"pointCount":2,"homeWorkCommuteMedian":24783,"workHomeCommuteMedian":-1},"geometry":{"type":"Polygon","coordinates":[[[13.389955909147508,49.58779934998865],[13.389955909147508,49.596792553625896],[13.398949112784754,49.596792553625896],[13.398949112784754,49.58779934998865],[13.389955909147508,49.58779934998865]]]}},{"type":"Feature","properties":{"jobs":0,"pop":10,"pointCount":1,"homeWorkCommuteMedian":7908,"workHomeCommuteMedian":-1},"geometry":{"type":"Polygon","coordinates":[[[13.389955909147508,49.61477896090039],[13.389955909147508,49.623772164537634],[13.398949112784754,49.623772164537634],[13.398949112784754,49.61477896090039],[13.389955909147508,49.61477896090039]]]}},{"type":"Feature","properties":{"jobs":12,"pop":127,"pointCount":6,"homeWorkCommuteMedian":17402,"workHomeCommuteMedian":89},"geometry":{"type":"Polygon","coordinates":[[[13.389955909147508,49.623772164537634],[13.389955909147508,49.63276536817488],[13.398949112784754,49.63276536817488],[13.398949112784754,49.623772164537634],[13.389955909147508,49.623772164537634]]]}},{"type":"Feature","properties":{"jobs":2,"pop":106,"pointCount":7,"homeWorkCommuteMedian":13074,"workHomeCommuteMedian":429},"geometry":{"type":"Polygon","coordinates":[[[13.389955909147508,49.641758571812126],[13.389955909147508,49.65075177544937],[13.398949112784754,49.65075177544937],[13.398949112784754,49.641758571812126],[13.389955909147508,49.641758571812126]]]}},{"type":"Feature","properties":{"jobs":0,"pop":148,"pointCount":8,"homeWorkCommuteMedian":11144,"workHomeCommuteMedian":-1},"geometry":{"type":"Polygon","coordinates":[[[13.389955909147508,49.65974497908662],[13.389955909147508,49.668738182723864],[13.398949112784754,49.668738182723864],[13.398949112784754,49.65974497908662],[13.389955909147508,49.65974497908662]]]}},{"type":"Feature","properties":{"jobs":207,"pop":134,"pointCount":7,"homeWorkCommuteMedian":9670,"workHomeCommuteMedian":9286},"geometry":{"type":"Polygon","coordinates":[[[13.389955909147508,49.668738182723864],[13.389955909147508,49.67773138636111],[13.398949112784754,49.67773138636111],[13.398949112784754,49.668738182723864],[13.389955909147508,49.668738182723864]]]}},{"type":"Feature","properties":{"jobs":0,"pop":158,"pointCount":5,"homeWorkCommuteMedian":7181,"workHomeCommuteMedian":-1},"geometry":{"type":"Polygon","coordinates":[[[13.389955909147508,49.686724589998356],[13.389955909147508,49.6957177936356],[13.398949112784754,49.6957177936356],[13.398949112784754,49.686724589998356],[13.389955909147508,49.686724589998356]]]}},{"type":"Feature","properties":{"jobs":0,"pop":312,"pointCount":10,"homeWorkCommuteMedian":6515,"workHomeCommuteMedian":-1},"geometry":{"type":"Polygon","coordinates":[[[13.389955909147508,49.6957177936356],[13.389955909147508,49.70471099727285],[13.398949112784754,49.70471099727285],[13.398949112784754,49.6957177936356],[13.389955909147508,49.6957177936356]]]}},{"type":"Feature","properties":{"jobs":8,"pop":147,"pointCount":8,"homeWorkCommuteMedian":4753,"workHomeCommuteMedian":352},"geometry":{"type":"Polygon","coordinates":[[[13.389955909147508,49.70471099727285],[13.389955909147508,49.713704200910094],[13.398949112784754,49.713704200910094],[13.398949112784754,49.70471099727285],[13.389955909147508,49.70471099727285]]]}},{"type":"Feature","properties":{"jobs":10,"pop":0,"pointCount":1,"homeWorkCommuteMedian":-1,"workHomeCommuteMedian":3139},"geometry":{"type":"Polygon","coordinates":[[[13.389955909147508,49.713704200910094],[13.389955909147508,49.72269740454734],[13.398949112784754,49.72269740454734],[13.398949112784754,49.713704200910094],[13.389955909147508,49.713704200910094]]]}},{"type":"Feature","properties":{"jobs":107,"pop":2148,"pointCount":10,"homeWorkCommuteMedian":3916,"workHomeCommuteMedian":727},"geometry":{"type":"Polygon","coordinates":[[[13.389955909147508,49.72269740454734],[13.389955909147508,49.731690608184586],[13.398949112784754,49.731690608184586],[13.398949112784754,49.72269740454734],[13.389955909147508,49.72269740454734]]]}},{"type":"Feature","properties":{"jobs":3875,"pop":6888,"pointCount":27,"homeWorkCommuteMedian":4010,"workHomeCommuteMedian":5478},"geometry":{"type":"Polygon","coordinates":[[[13.389955909147508,49.731690608184586],[13.389955909147508,49.74068381182183],[13.398949112784754,49.74068381182183],[13.398949112784754,49.731690608184586],[13.389955909147508,49.731690608184586]]]}},{"type":"Feature","properties":{"jobs":2927,"pop":1292,"pointCount":13,"homeWorkCommuteMedian":3572,"workHomeCommuteMedian":5694},"geometry":{"type":"Polygon","coordinates":[[[13.389955909147508,49.74068381182183],[13.389955909147508,49.74967701545908],[13.398949112784754,49.74967701545908],[13.398949112784754,49.74068381182183],[13.389955909147508,49.74068381182183]]]}},{"type":"Feature","properties":{"jobs":1676,"pop":0,"pointCount":3,"homeWorkCommuteMedian":-1,"workHomeCommuteMedian":8821},"geometry":{"type":"Polygon","coordinates":[[[13.389955909147508,49.74967701545908],[13.389955909147508,49.758670219096324],[13.398949112784754,49.758670219096324],[13.398949112784754,49.74967701545908],[13.389955909147508,49.74967701545908]]]}},{"type":"Feature","properties":{"jobs":4,"pop":0,"pointCount":1,"homeWorkCommuteMedian":-1,"workHomeCommuteMedian":114},"geometry":{"type":"Polygon","coordinates":[[[13.389955909147508,49.758670219096324],[13.389955909147508,49.76766342273357],[13.398949112784754,49.76766342273357],[13.398949112784754,49.758670219096324],[13.389955909147508,49.758670219096324]]]}},{"type":"Feature","properties":{"jobs":5,"pop":84,"pointCount":2,"homeWorkCommuteMedian":6780,"workHomeCommuteMedian":2217},"geometry":{"type":"Polygon","coordinates":[[[13.389955909147508,49.76766342273357],[13.389955909147508,49.776656626370816],[13.398949112784754,49.776656626370816],[13.398949112784754,49.76766342273357],[13.389955909147508,49.76766342273357]]]}},{"type":"Feature","properties":{"jobs":13,"pop":12,"pointCount":2,"homeWorkCommuteMedian":5448,"workHomeCommuteMedian":1062},"geometry":{"type":"Polygon","coordinates":[[[13.389955909147508,49.776656626370816],[13.389955909147508,49.78564983000806],[13.398949112784754,49.78564983000806],[13.398949112784754,49.776656626370816],[13.389955909147508,49.776656626370816]]]}},{"type":"Feature","properties":{"jobs":1211,"pop":0,"pointCount":2,"homeWorkCommuteMedian":-1,"workHomeCommuteMedian":10285},"geometry":{"type":"Polygon","coordinates":[[[13.389955909147508,49.79464303364531],[13.389955909147508,49.803636237282554],[13.398949112784754,49.803636237282554],[13.398949112784754,49.79464303364531],[13.389955909147508,49.79464303364531]]]}},{"type":"Feature","properties":{"jobs":697,"pop":422,"pointCount":19,"homeWorkCommuteMedian":9137,"workHomeCommuteMedian":10964},"geometry":{"type":"Polygon","coordinates":[[[13.389955909147508,49.803636237282554],[13.389955909147508,49.8126294409198],[13.398949112784754,49.8126294409198],[13.398949112784754,49.803636237282554],[13.389955909147508,49.803636237282554]]]}},{"type":"Feature","properties":{"jobs":614,"pop":818,"pointCount":34,"homeWorkCommuteMedian":9722,"workHomeCommuteMedian":10929},"geometry":{"type":"Polygon","coordinates":[[[13.389955909147508,49.8126294409198],[13.389955909147508,49.821622644557046],[13.398949112784754,49.821622644557046],[13.398949112784754,49.8126294409198],[13.389955909147508,49.8126294409198]]]}},{"type":"Feature","properties":{"jobs":282,"pop":456,"pointCount":19,"homeWorkCommuteMedian":11681,"workHomeCommuteMedian":9995},"geometry":{"type":"Polygon","coordinates":[[[13.389955909147508,49.821622644557046],[13.389955909147508,49.83061584819429],[13.398949112784754,49.83061584819429],[13.398949112784754,49.821622644557046],[13.389955909147508,49.821622644557046]]]}},{"type":"Feature","properties":{"jobs":68,"pop":0,"pointCount":1,"homeWorkCommuteMedian":-1,"workHomeCommuteMedian":17051},"geometry":{"type":"Polygon","coordinates":[[[13.389955909147508,49.83061584819429],[13.389955909147508,49.83960905183154],[13.398949112784754,49.83960905183154],[13.398949112784754,49.83061584819429],[13.389955909147508,49.83061584819429]]]}},{"type":"Feature","properties":{"jobs":0,"pop":11,"pointCount":1,"homeWorkCommuteMedian":17677,"workHomeCommuteMedian":-1},"geometry":{"type":"Polygon","coordinates":[[[13.389955909147508,49.88457507001777],[13.389955909147508,49.89356827365501],[13.398949112784754,49.89356827365501],[13.398949112784754,49.88457507001777],[13.389955909147508,49.88457507001777]]]}},{"type":"Feature","properties":{"jobs":0,"pop":125,"pointCount":7,"homeWorkCommuteMedian":18405,"workHomeCommuteMedian":-1},"geometry":{"type":"Polygon","coordinates":[[[13.389955909147508,49.89356827365501],[13.389955909147508,49.90256147729226],[13.398949112784754,49.90256147729226],[13.398949112784754,49.89356827365501],[13.389955909147508,49.89356827365501]]]}},{"type":"Feature","properties":{"jobs":0,"pop":23,"pointCount":1,"homeWorkCommuteMedian":1308,"workHomeCommuteMedian":-1},"geometry":{"type":"Polygon","coordinates":[[[13.389955909147508,49.92054788456675],[13.389955909147508,49.929541088204],[13.398949112784754,49.929541088204],[13.398949112784754,49.92054788456675],[13.389955909147508,49.92054788456675]]]}},{"type":"Feature","properties":{"jobs":457,"pop":249,"pointCount":15,"homeWorkCommuteMedian":18452,"workHomeCommuteMedian":10988},"geometry":{"type":"Polygon","coordinates":[[[13.389955909147508,49.929541088204],[13.389955909147508,49.93853429184124],[13.398949112784754,49.93853429184124],[13.398949112784754,49.929541088204],[13.389955909147508,49.929541088204]]]}},{"type":"Feature","properties":{"jobs":0,"pop":32,"pointCount":1,"homeWorkCommuteMedian":25465,"workHomeCommuteMedian":-1},"geometry":{"type":"Polygon","coordinates":[[[13.389955909147508,49.93853429184124],[13.389955909147508,49.94752749547849],[13.398949112784754,49.94752749547849],[13.398949112784754,49.93853429184124],[13.389955909147508,49.93853429184124]]]}},{"type":"Feature","properties":{"jobs":0,"pop":53,"pointCount":3,"homeWorkCommuteMedian":9057,"workHomeCommuteMedian":-1},"geometry":{"type":"Polygon","coordinates":[[[13.389955909147508,49.94752749547849],[13.389955909147508,49.956520699115735],[13.398949112784754,49.956520699115735],[13.398949112784754,49.94752749547849],[13.389955909147508,49.94752749547849]]]}},{"type":"Feature","properties":{"jobs":10,"pop":33,"pointCount":2,"homeWorkCommuteMedian":28455,"workHomeCommuteMedian":570},"geometry":{"type":"Polygon","coordinates":[[[13.389955909147508,49.956520699115735],[13.389955909147508,49.96551390275298],[13.398949112784754,49.96551390275298],[13.398949112784754,49.956520699115735],[13.389955909147508,49.956520699115735]]]}},{"type":"Feature","properties":{"jobs":0,"pop":64,"pointCount":3,"homeWorkCommuteMedian":24151,"workHomeCommuteMedian":-1},"geometry":{"type":"Polygon","coordinates":[[[13.389955909147508,50.01047992093921],[13.389955909147508,50.01947312457646],[13.398949112784754,50.01947312457646],[13.398949112784754,50.01047992093921],[13.389955909147508,50.01047992093921]]]}},{"type":"Feature","properties":{"jobs":30,"pop":77,"pointCount":3,"homeWorkCommuteMedian":37200,"workHomeCommuteMedian":177},"geometry":{"type":"Polygon","coordinates":[[[13.398949112784754,49.47088770270445],[13.398949112784754,49.4798809063417],[13.407942316422,49.4798809063417],[13.407942316422,49.47088770270445],[13.398949112784754,49.47088770270445]]]}},{"type":"Feature","properties":{"jobs":9,"pop":162,"pointCount":8,"homeWorkCommuteMedian":37652,"workHomeCommuteMedian":2053},"geometry":{"type":"Polygon","coordinates":[[[13.398949112784754,49.4798809063417],[13.398949112784754,49.488874109978944],[13.407942316422,49.488874109978944],[13.407942316422,49.4798809063417],[13.398949112784754,49.4798809063417]]]}},{"type":"Feature","properties":{"jobs":0,"pop":69,"pointCount":3,"homeWorkCommuteMedian":8368,"workHomeCommuteMedian":-1},"geometry":{"type":"Polygon","coordinates":[[[13.398949112784754,49.533840128165174],[13.398949112784754,49.54283333180242],[13.407942316422,49.54283333180242],[13.407942316422,49.533840128165174],[13.398949112784754,49.533840128165174]]]}},{"type":"Feature","properties":{"jobs":0,"pop":10,"pointCount":1,"homeWorkCommuteMedian":23613,"workHomeCommuteMedian":-1},"geometry":{"type":"Polygon","coordinates":[[[13.398949112784754,49.58779934998865],[13.398949112784754,49.596792553625896],[13.407942316422,49.596792553625896],[13.407942316422,49.58779934998865],[13.398949112784754,49.58779934998865]]]}},{"type":"Feature","properties":{"jobs":0,"pop":9,"pointCount":1,"homeWorkCommuteMedian":24270,"workHomeCommuteMedian":-1},"geometry":{"type":"Polygon","coordinates":[[[13.398949112784754,49.596792553625896],[13.398949112784754,49.60578575726314],[13.407942316422,49.60578575726314],[13.407942316422,49.596792553625896],[13.398949112784754,49.596792553625896]]]}},{"type":"Feature","properties":{"jobs":43,"pop":180,"pointCount":9,"homeWorkCommuteMedian":12998,"workHomeCommuteMedian":251},"geometry":{"type":"Polygon","coordinates":[[[13.398949112784754,49.641758571812126],[13.398949112784754,49.65075177544937],[13.407942316422,49.65075177544937],[13.407942316422,49.641758571812126],[13.398949112784754,49.641758571812126]]]}},{"type":"Feature","properties":{"jobs":95,"pop":260,"pointCount":11,"homeWorkCommuteMedian":11757,"workHomeCommuteMedian":10879},"geometry":{"type":"Polygon","coordinates":[[[13.398949112784754,49.65974497908662],[13.398949112784754,49.668738182723864],[13.407942316422,49.668738182723864],[13.407942316422,49.65974497908662],[13.398949112784754,49.65974497908662]]]}},{"type":"Feature","properties":{"jobs":137,"pop":645,"pointCount":27,"homeWorkCommuteMedian":11177,"workHomeCommuteMedian":8676},"geometry":{"type":"Polygon","coordinates":[[[13.398949112784754,49.668738182723864],[13.398949112784754,49.67773138636111],[13.407942316422,49.67773138636111],[13.407942316422,49.668738182723864],[13.398949112784754,49.668738182723864]]]}},{"type":"Feature","properties":{"jobs":10,"pop":249,"pointCount":11,"homeWorkCommuteMedian":7714,"workHomeCommuteMedian":133},"geometry":{"type":"Polygon","coordinates":[[[13.398949112784754,49.686724589998356],[13.398949112784754,49.6957177936356],[13.407942316422,49.6957177936356],[13.407942316422,49.686724589998356],[13.398949112784754,49.686724589998356]]]}},{"type":"Feature","properties":{"jobs":28,"pop":36,"pointCount":2,"homeWorkCommuteMedian":6984,"workHomeCommuteMedian":640},"geometry":{"type":"Polygon","coordinates":[[[13.398949112784754,49.6957177936356],[13.398949112784754,49.70471099727285],[13.407942316422,49.70471099727285],[13.407942316422,49.6957177936356],[13.398949112784754,49.6957177936356]]]}},{"type":"Feature","properties":{"jobs":0,"pop":106,"pointCount":1,"homeWorkCommuteMedian":5428,"workHomeCommuteMedian":-1},"geometry":{"type":"Polygon","coordinates":[[[13.398949112784754,49.70471099727285],[13.398949112784754,49.713704200910094],[13.407942316422,49.713704200910094],[13.407942316422,49.70471099727285],[13.398949112784754,49.70471099727285]]]}},{"type":"Feature","properties":{"jobs":129,"pop":1446,"pointCount":12,"homeWorkCommuteMedian":5120,"workHomeCommuteMedian":7280},"geometry":{"type":"Polygon","coordinates":[[[13.398949112784754,49.713704200910094],[13.398949112784754,49.72269740454734],[13.407942316422,49.72269740454734],[13.407942316422,49.713704200910094],[13.398949112784754,49.713704200910094]]]}},{"type":"Feature","properties":{"jobs":2098,"pop":3839,"pointCount":18,"homeWorkCommuteMedian":4393,"workHomeCommuteMedian":7355},"geometry":{"type":"Polygon","coordinates":[[[13.398949112784754,49.72269740454734],[13.398949112784754,49.731690608184586],[13.407942316422,49.731690608184586],[13.407942316422,49.72269740454734],[13.398949112784754,49.72269740454734]]]}},{"type":"Feature","properties":{"jobs":1838,"pop":2242,"pointCount":13,"homeWorkCommuteMedian":4385,"workHomeCommuteMedian":5741},"geometry":{"type":"Polygon","coordinates":[[[13.398949112784754,49.731690608184586],[13.398949112784754,49.74068381182183],[13.407942316422,49.74068381182183],[13.407942316422,49.731690608184586],[13.398949112784754,49.731690608184586]]]}},{"type":"Feature","properties":{"jobs":713,"pop":37,"pointCount":4,"homeWorkCommuteMedian":3352,"workHomeCommuteMedian":6428},"geometry":{"type":"Polygon","coordinates":[[[13.398949112784754,49.74068381182183],[13.398949112784754,49.74967701545908],[13.407942316422,49.74967701545908],[13.407942316422,49.74068381182183],[13.398949112784754,49.74068381182183]]]}},{"type":"Feature","properties":{"jobs":1678,"pop":435,"pointCount":5,"homeWorkCommuteMedian":5234,"workHomeCommuteMedian":8948},"geometry":{"type":"Polygon","coordinates":[[[13.398949112784754,49.74967701545908],[13.398949112784754,49.758670219096324],[13.407942316422,49.758670219096324],[13.407942316422,49.74967701545908],[13.398949112784754,49.74967701545908]]]}},{"type":"Feature","properties":{"jobs":288,"pop":0,"pointCount":1,"homeWorkCommuteMedian":-1,"workHomeCommuteMedian":11983},"geometry":{"type":"Polygon","coordinates":[[[13.398949112784754,49.758670219096324],[13.398949112784754,49.76766342273357],[13.407942316422,49.76766342273357],[13.407942316422,49.758670219096324],[13.398949112784754,49.758670219096324]]]}},{"type":"Feature","properties":{"jobs":67,"pop":34,"pointCount":4,"homeWorkCommuteMedian":8421,"workHomeCommuteMedian":3662},"geometry":{"type":"Polygon","coordinates":[[[13.398949112784754,49.76766342273357],[13.398949112784754,49.776656626370816],[13.407942316422,49.776656626370816],[13.407942316422,49.76766342273357],[13.398949112784754,49.76766342273357]]]}},{"type":"Feature","properties":{"jobs":45,"pop":0,"pointCount":1,"homeWorkCommuteMedian":-1,"workHomeCommuteMedian":4734},"geometry":{"type":"Polygon","coordinates":[[[13.398949112784754,49.776656626370816],[13.398949112784754,49.78564983000806],[13.407942316422,49.78564983000806],[13.407942316422,49.776656626370816],[13.398949112784754,49.776656626370816]]]}},{"type":"Feature","properties":{"jobs":107,"pop":225,"pointCount":11,"homeWorkCommuteMedian":9004,"workHomeCommuteMedian":9114},"geometry":{"type":"Polygon","coordinates":[[[13.398949112784754,49.803636237282554],[13.398949112784754,49.8126294409198],[13.407942316422,49.8126294409198],[13.407942316422,49.803636237282554],[13.398949112784754,49.803636237282554]]]}},{"type":"Feature","properties":{"jobs":63,"pop":119,"pointCount":7,"homeWorkCommuteMedian":9894,"workHomeCommuteMedian":2854},"geometry":{"type":"Polygon","coordinates":[[[13.398949112784754,49.8126294409198],[13.398949112784754,49.821622644557046],[13.407942316422,49.821622644557046],[13.407942316422,49.8126294409198],[13.398949112784754,49.8126294409198]]]}},{"type":"Feature","properties":{"jobs":20,"pop":22,"pointCount":3,"homeWorkCommuteMedian":13567,"workHomeCommuteMedian":49657},"geometry":{"type":"Polygon","coordinates":[[[13.398949112784754,49.821622644557046],[13.398949112784754,49.83061584819429],[13.407942316422,49.83061584819429],[13.407942316422,49.821622644557046],[13.398949112784754,49.821622644557046]]]}},{"type":"Feature","properties":{"jobs":124,"pop":51,"pointCount":4,"homeWorkCommuteMedian":24260,"workHomeCommuteMedian":13747},"geometry":{"type":"Polygon","coordinates":[[[13.398949112784754,49.929541088204],[13.398949112784754,49.93853429184124],[13.407942316422,49.93853429184124],[13.407942316422,49.929541088204],[13.398949112784754,49.929541088204]]]}},{"type":"Feature","properties":{"jobs":0,"pop":10,"pointCount":1,"homeWorkCommuteMedian":13747,"workHomeCommuteMedian":-1},"geometry":{"type":"Polygon","coordinates":[[[13.398949112784754,49.97450710639023],[13.398949112784754,49.98350031002747],[13.407942316422,49.98350031002747],[13.407942316422,49.97450710639023],[13.398949112784754,49.97450710639023]]]}},{"type":"Feature","properties":{"jobs":0,"pop":12,"pointCount":1,"homeWorkCommuteMedian":48708,"workHomeCommuteMedian":-1},"geometry":{"type":"Polygon","coordinates":[[[13.398949112784754,49.98350031002747],[13.398949112784754,49.99249351366472],[13.407942316422,49.99249351366472],[13.407942316422,49.98350031002747],[13.398949112784754,49.98350031002747]]]}},{"type":"Feature","properties":{"jobs":30,"pop":10,"pointCount":2,"homeWorkCommuteMedian":43347,"workHomeCommuteMedian":4942},"geometry":{"type":"Polygon","coordinates":[[[13.398949112784754,50.01047992093921],[13.398949112784754,50.01947312457646],[13.407942316422,50.01947312457646],[13.407942316422,50.01047992093921],[13.398949112784754,50.01047992093921]]]}},{"type":"Feature","properties":{"jobs":4,"pop":25,"pointCount":3,"homeWorkCommuteMedian":21014,"workHomeCommuteMedian":163},"geometry":{"type":"Polygon","coordinates":[[[13.398949112784754,50.07343234639993],[13.398949112784754,50.08242555003718],[13.407942316422,50.08242555003718],[13.407942316422,50.07343234639993],[13.398949112784754,50.07343234639993]]]}},{"type":"Feature","properties":{"jobs":0,"pop":72,"pointCount":5,"homeWorkCommuteMedian":40860,"workHomeCommuteMedian":-1},"geometry":{"type":"Polygon","coordinates":[[[13.407942316422,49.47088770270445],[13.407942316422,49.4798809063417],[13.416935520059246,49.4798809063417],[13.416935520059246,49.47088770270445],[13.407942316422,49.47088770270445]]]}},{"type":"Feature","properties":{"jobs":51,"pop":10,"pointCount":2,"homeWorkCommuteMedian":41604,"workHomeCommuteMedian":2630},"geometry":{"type":"Polygon","coordinates":[[[13.407942316422,49.4798809063417],[13.407942316422,49.488874109978944],[13.416935520059246,49.488874109978944],[13.416935520059246,49.4798809063417],[13.407942316422,49.4798809063417]]]}},{"type":"Feature","properties":{"jobs":16,"pop":0,"pointCount":1,"homeWorkCommuteMedian":-1,"workHomeCommuteMedian":368},"geometry":{"type":"Polygon","coordinates":[[[13.407942316422,49.51585372089068],[13.407942316422,49.52484692452793],[13.416935520059246,49.52484692452793],[13.416935520059246,49.51585372089068],[13.407942316422,49.51585372089068]]]}},{"type":"Feature","properties":{"jobs":36,"pop":65,"pointCount":6,"homeWorkCommuteMedian":15434,"workHomeCommuteMedian":282},"geometry":{"type":"Polygon","coordinates":[[[13.407942316422,49.578806146351404],[13.407942316422,49.58779934998865],[13.416935520059246,49.58779934998865],[13.416935520059246,49.578806146351404],[13.407942316422,49.578806146351404]]]}},{"type":"Feature","properties":{"jobs":0,"pop":25,"pointCount":2,"homeWorkCommuteMedian":8702,"workHomeCommuteMedian":-1},"geometry":{"type":"Polygon","coordinates":[[[13.407942316422,49.58779934998865],[13.407942316422,49.596792553625896],[13.416935520059246,49.596792553625896],[13.416935520059246,49.58779934998865],[13.407942316422,49.58779934998865]]]}},{"type":"Feature","properties":{"jobs":0,"pop":75,"pointCount":2,"homeWorkCommuteMedian":17603,"workHomeCommuteMedian":-1},"geometry":{"type":"Polygon","coordinates":[[[13.407942316422,49.596792553625896],[13.407942316422,49.60578575726314],[13.416935520059246,49.60578575726314],[13.416935520059246,49.596792553625896],[13.407942316422,49.596792553625896]]]}},{"type":"Feature","properties":{"jobs":12,"pop":53,"pointCount":3,"homeWorkCommuteMedian":15092,"workHomeCommuteMedian":1385},"geometry":{"type":"Polygon","coordinates":[[[13.407942316422,49.668738182723864],[13.407942316422,49.67773138636111],[13.416935520059246,49.67773138636111],[13.416935520059246,49.668738182723864],[13.407942316422,49.668738182723864]]]}},{"type":"Feature","properties":{"jobs":0,"pop":57,"pointCount":3,"homeWorkCommuteMedian":9408,"workHomeCommuteMedian":-1},"geometry":{"type":"Polygon","coordinates":[[[13.407942316422,49.686724589998356],[13.407942316422,49.6957177936356],[13.416935520059246,49.6957177936356],[13.416935520059246,49.686724589998356],[13.407942316422,49.686724589998356]]]}},{"type":"Feature","properties":{"jobs":134,"pop":400,"pointCount":16,"homeWorkCommuteMedian":8325,"workHomeCommuteMedian":8160},"geometry":{"type":"Polygon","coordinates":[[[13.407942316422,49.6957177936356],[13.407942316422,49.70471099727285],[13.416935520059246,49.70471099727285],[13.416935520059246,49.6957177936356],[13.407942316422,49.6957177936356]]]}},{"type":"Feature","properties":{"jobs":170,"pop":1209,"pointCount":11,"homeWorkCommuteMedian":6212,"workHomeCommuteMedian":7927},"geometry":{"type":"Polygon","coordinates":[[[13.407942316422,49.70471099727285],[13.407942316422,49.713704200910094],[13.416935520059246,49.713704200910094],[13.416935520059246,49.70471099727285],[13.407942316422,49.70471099727285]]]}},{"type":"Feature","properties":{"jobs":1242,"pop":177,"pointCount":6,"homeWorkCommuteMedian":5345,"workHomeCommuteMedian":10921},"geometry":{"type":"Polygon","coordinates":[[[13.407942316422,49.713704200910094],[13.407942316422,49.72269740454734],[13.416935520059246,49.72269740454734],[13.416935520059246,49.713704200910094],[13.407942316422,49.713704200910094]]]}},{"type":"Feature","properties":{"jobs":2371,"pop":622,"pointCount":8,"homeWorkCommuteMedian":4584,"workHomeCommuteMedian":8287},"geometry":{"type":"Polygon","coordinates":[[[13.407942316422,49.72269740454734],[13.407942316422,49.731690608184586],[13.416935520059246,49.731690608184586],[13.416935520059246,49.72269740454734],[13.407942316422,49.72269740454734]]]}},{"type":"Feature","properties":{"jobs":339,"pop":960,"pointCount":15,"homeWorkCommuteMedian":4432,"workHomeCommuteMedian":4564},"geometry":{"type":"Polygon","coordinates":[[[13.407942316422,49.731690608184586],[13.407942316422,49.74068381182183],[13.416935520059246,49.74068381182183],[13.416935520059246,49.731690608184586],[13.407942316422,49.731690608184586]]]}},{"type":"Feature","properties":{"jobs":684,"pop":4177,"pointCount":23,"homeWorkCommuteMedian":5260,"workHomeCommuteMedian":5159},"geometry":{"type":"Polygon","coordinates":[[[13.407942316422,49.74068381182183],[13.407942316422,49.74967701545908],[13.416935520059246,49.74967701545908],[13.416935520059246,49.74068381182183],[13.407942316422,49.74068381182183]]]}},{"type":"Feature","properties":{"jobs":3033,"pop":2693,"pointCount":18,"homeWorkCommuteMedian":5794,"workHomeCommuteMedian":5326},"geometry":{"type":"Polygon","coordinates":[[[13.407942316422,49.74967701545908],[13.407942316422,49.758670219096324],[13.416935520059246,49.758670219096324],[13.416935520059246,49.74967701545908],[13.407942316422,49.74967701545908]]]}},{"type":"Feature","properties":{"jobs":14,"pop":202,"pointCount":2,"homeWorkCommuteMedian":5091,"workHomeCommuteMedian":635},"geometry":{"type":"Polygon","coordinates":[[[13.407942316422,49.758670219096324],[13.407942316422,49.76766342273357],[13.416935520059246,49.76766342273357],[13.416935520059246,49.758670219096324],[13.407942316422,49.758670219096324]]]}},{"type":"Feature","properties":{"jobs":212,"pop":632,"pointCount":10,"homeWorkCommuteMedian":5478,"workHomeCommuteMedian":5092},"geometry":{"type":"Polygon","coordinates":[[[13.407942316422,49.76766342273357],[13.407942316422,49.776656626370816],[13.416935520059246,49.776656626370816],[13.416935520059246,49.76766342273357],[13.407942316422,49.76766342273357]]]}},{"type":"Feature","properties":{"jobs":29,"pop":10,"pointCount":2,"homeWorkCommuteMedian":27215,"workHomeCommuteMedian":6207},"geometry":{"type":"Polygon","coordinates":[[[13.407942316422,49.776656626370816],[13.407942316422,49.78564983000806],[13.416935520059246,49.78564983000806],[13.416935520059246,49.776656626370816],[13.407942316422,49.776656626370816]]]}},{"type":"Feature","properties":{"jobs":45,"pop":86,"pointCount":5,"homeWorkCommuteMedian":6333,"workHomeCommuteMedian":2536},"geometry":{"type":"Polygon","coordinates":[[[13.407942316422,49.78564983000806],[13.407942316422,49.79464303364531],[13.416935520059246,49.79464303364531],[13.416935520059246,49.78564983000806],[13.407942316422,49.78564983000806]]]}},{"type":"Feature","properties":{"jobs":0,"pop":256,"pointCount":10,"homeWorkCommuteMedian":10434,"workHomeCommuteMedian":-1},"geometry":{"type":"Polygon","coordinates":[[[13.407942316422,49.79464303364531],[13.407942316422,49.803636237282554],[13.416935520059246,49.803636237282554],[13.416935520059246,49.79464303364531],[13.407942316422,49.79464303364531]]]}},{"type":"Feature","properties":{"jobs":180,"pop":23,"pointCount":3,"homeWorkCommuteMedian":8498,"workHomeCommuteMedian":3338},"geometry":{"type":"Polygon","coordinates":[[[13.407942316422,49.803636237282554],[13.407942316422,49.8126294409198],[13.416935520059246,49.8126294409198],[13.416935520059246,49.803636237282554],[13.407942316422,49.803636237282554]]]}},{"type":"Feature","properties":{"jobs":41,"pop":297,"pointCount":15,"homeWorkCommuteMedian":18266,"workHomeCommuteMedian":670},"geometry":{"type":"Polygon","coordinates":[[[13.407942316422,49.88457507001777],[13.407942316422,49.89356827365501],[13.416935520059246,49.89356827365501],[13.416935520059246,49.88457507001777],[13.407942316422,49.88457507001777]]]}},{"type":"Feature","properties":{"jobs":1,"pop":62,"pointCount":3,"homeWorkCommuteMedian":10278,"workHomeCommuteMedian":441},"geometry":{"type":"Polygon","coordinates":[[[13.407942316422,49.911554680929505],[13.407942316422,49.92054788456675],[13.416935520059246,49.92054788456675],[13.416935520059246,49.911554680929505],[13.407942316422,49.911554680929505]]]}},{"type":"Feature","properties":{"jobs":16,"pop":35,"pointCount":2,"homeWorkCommuteMedian":20484,"workHomeCommuteMedian":3634},"geometry":{"type":"Polygon","coordinates":[[[13.407942316422,49.92054788456675],[13.407942316422,49.929541088204],[13.416935520059246,49.929541088204],[13.416935520059246,49.92054788456675],[13.407942316422,49.92054788456675]]]}},{"type":"Feature","properties":{"jobs":0,"pop":32,"pointCount":1,"homeWorkCommuteMedian":12958,"workHomeCommuteMedian":-1},"geometry":{"type":"Polygon","coordinates":[[[13.407942316422,49.98350031002747],[13.407942316422,49.99249351366472],[13.416935520059246,49.99249351366472],[13.416935520059246,49.98350031002747],[13.407942316422,49.98350031002747]]]}},{"type":"Feature","properties":{"jobs":0,"pop":47,"pointCount":2,"homeWorkCommuteMedian":39084,"workHomeCommuteMedian":-1},"geometry":{"type":"Polygon","coordinates":[[[13.416935520059246,49.461894499067206],[13.416935520059246,49.47088770270445],[13.425928723696492,49.47088770270445],[13.425928723696492,49.461894499067206],[13.416935520059246,49.461894499067206]]]}},{"type":"Feature","properties":{"jobs":0,"pop":26,"pointCount":1,"homeWorkCommuteMedian":10990,"workHomeCommuteMedian":-1},"geometry":{"type":"Polygon","coordinates":[[[13.416935520059246,49.51585372089068],[13.416935520059246,49.52484692452793],[13.425928723696492,49.52484692452793],[13.425928723696492,49.51585372089068],[13.416935520059246,49.51585372089068]]]}},{"type":"Feature","properties":{"jobs":13,"pop":88,"pointCount":4,"homeWorkCommuteMedian":20010,"workHomeCommuteMedian":87},"geometry":{"type":"Polygon","coordinates":[[[13.416935520059246,49.578806146351404],[13.416935520059246,49.58779934998865],[13.425928723696492,49.58779934998865],[13.425928723696492,49.578806146351404],[13.416935520059246,49.578806146351404]]]}},{"type":"Feature","properties":{"jobs":4,"pop":0,"pointCount":1,"homeWorkCommuteMedian":-1,"workHomeCommuteMedian":184},"geometry":{"type":"Polygon","coordinates":[[[13.416935520059246,49.58779934998865],[13.416935520059246,49.596792553625896],[13.425928723696492,49.596792553625896],[13.425928723696492,49.58779934998865],[13.416935520059246,49.58779934998865]]]}},{"type":"Feature","properties":{"jobs":2,"pop":0,"pointCount":1,"homeWorkCommuteMedian":-1,"workHomeCommuteMedian":176},"geometry":{"type":"Polygon","coordinates":[[[13.416935520059246,49.61477896090039],[13.416935520059246,49.623772164537634],[13.425928723696492,49.623772164537634],[13.425928723696492,49.61477896090039],[13.416935520059246,49.61477896090039]]]}},{"type":"Feature","properties":{"jobs":0,"pop":14,"pointCount":1,"homeWorkCommuteMedian":10744,"workHomeCommuteMedian":-1},"geometry":{"type":"Polygon","coordinates":[[[13.416935520059246,49.623772164537634],[13.416935520059246,49.63276536817488],[13.425928723696492,49.63276536817488],[13.425928723696492,49.623772164537634],[13.416935520059246,49.623772164537634]]]}},{"type":"Feature","properties":{"jobs":19,"pop":0,"pointCount":1,"homeWorkCommuteMedian":-1,"workHomeCommuteMedian":5948},"geometry":{"type":"Polygon","coordinates":[[[13.416935520059246,49.63276536817488],[13.416935520059246,49.641758571812126],[13.425928723696492,49.641758571812126],[13.425928723696492,49.63276536817488],[13.416935520059246,49.63276536817488]]]}},{"type":"Feature","properties":{"jobs":0,"pop":39,"pointCount":3,"homeWorkCommuteMedian":17124,"workHomeCommuteMedian":-1},"geometry":{"type":"Polygon","coordinates":[[[13.416935520059246,49.641758571812126],[13.416935520059246,49.65075177544937],[13.425928723696492,49.65075177544937],[13.425928723696492,49.641758571812126],[13.416935520059246,49.641758571812126]]]}},{"type":"Feature","properties":{"jobs":0,"pop":16,"pointCount":1,"homeWorkCommuteMedian":16602,"workHomeCommuteMedian":-1},"geometry":{"type":"Polygon","coordinates":[[[13.416935520059246,49.65075177544937],[13.416935520059246,49.65974497908662],[13.425928723696492,49.65974497908662],[13.425928723696492,49.65075177544937],[13.416935520059246,49.65075177544937]]]}},{"type":"Feature","properties":{"jobs":606,"pop":0,"pointCount":5,"homeWorkCommuteMedian":-1,"workHomeCommuteMedian":10169},"geometry":{"type":"Polygon","coordinates":[[[13.416935520059246,49.67773138636111],[13.416935520059246,49.686724589998356],[13.425928723696492,49.686724589998356],[13.425928723696492,49.67773138636111],[13.416935520059246,49.67773138636111]]]}},{"type":"Feature","properties":{"jobs":255,"pop":116,"pointCount":6,"homeWorkCommuteMedian":6332,"workHomeCommuteMedian":19541},"geometry":{"type":"Polygon","coordinates":[[[13.416935520059246,49.686724589998356],[13.416935520059246,49.6957177936356],[13.425928723696492,49.6957177936356],[13.425928723696492,49.686724589998356],[13.416935520059246,49.686724589998356]]]}},{"type":"Feature","properties":{"jobs":1440,"pop":662,"pointCount":24,"homeWorkCommuteMedian":7781,"workHomeCommuteMedian":15026},"geometry":{"type":"Polygon","coordinates":[[[13.416935520059246,49.6957177936356],[13.416935520059246,49.70471099727285],[13.425928723696492,49.70471099727285],[13.425928723696492,49.6957177936356],[13.416935520059246,49.6957177936356]]]}},{"type":"Feature","properties":{"jobs":667,"pop":372,"pointCount":8,"homeWorkCommuteMedian":5891,"workHomeCommuteMedian":8639},"geometry":{"type":"Polygon","coordinates":[[[13.416935520059246,49.70471099727285],[13.416935520059246,49.713704200910094],[13.425928723696492,49.713704200910094],[13.425928723696492,49.70471099727285],[13.416935520059246,49.70471099727285]]]}},{"type":"Feature","properties":{"jobs":11,"pop":16,"pointCount":2,"homeWorkCommuteMedian":5927,"workHomeCommuteMedian":1244},"geometry":{"type":"Polygon","coordinates":[[[13.416935520059246,49.713704200910094],[13.416935520059246,49.72269740454734],[13.425928723696492,49.72269740454734],[13.425928723696492,49.713704200910094],[13.416935520059246,49.713704200910094]]]}},{"type":"Feature","properties":{"jobs":343,"pop":293,"pointCount":12,"homeWorkCommuteMedian":5164,"workHomeCommuteMedian":5888},"geometry":{"type":"Polygon","coordinates":[[[13.416935520059246,49.72269740454734],[13.416935520059246,49.731690608184586],[13.425928723696492,49.731690608184586],[13.425928723696492,49.72269740454734],[13.416935520059246,49.72269740454734]]]}},{"type":"Feature","properties":{"jobs":163,"pop":104,"pointCount":9,"homeWorkCommuteMedian":5278,"workHomeCommuteMedian":6955},"geometry":{"type":"Polygon","coordinates":[[[13.416935520059246,49.731690608184586],[13.416935520059246,49.74068381182183],[13.425928723696492,49.74068381182183],[13.425928723696492,49.731690608184586],[13.416935520059246,49.731690608184586]]]}},{"type":"Feature","properties":{"jobs":266,"pop":382,"pointCount":8,"homeWorkCommuteMedian":4533,"workHomeCommuteMedian":6204},"geometry":{"type":"Polygon","coordinates":[[[13.416935520059246,49.74068381182183],[13.416935520059246,49.74967701545908],[13.425928723696492,49.74967701545908],[13.425928723696492,49.74068381182183],[13.416935520059246,49.74068381182183]]]}},{"type":"Feature","properties":{"jobs":583,"pop":3421,"pointCount":15,"homeWorkCommuteMedian":5528,"workHomeCommuteMedian":5934},"geometry":{"type":"Polygon","coordinates":[[[13.416935520059246,49.74967701545908],[13.416935520059246,49.758670219096324],[13.425928723696492,49.758670219096324],[13.425928723696492,49.74967701545908],[13.416935520059246,49.74967701545908]]]}},{"type":"Feature","properties":{"jobs":22,"pop":390,"pointCount":5,"homeWorkCommuteMedian":5553,"workHomeCommuteMedian":1860},"geometry":{"type":"Polygon","coordinates":[[[13.416935520059246,49.758670219096324],[13.416935520059246,49.76766342273357],[13.425928723696492,49.76766342273357],[13.425928723696492,49.758670219096324],[13.416935520059246,49.758670219096324]]]}},{"type":"Feature","properties":{"jobs":10,"pop":0,"pointCount":1,"homeWorkCommuteMedian":-1,"workHomeCommuteMedian":909},"geometry":{"type":"Polygon","coordinates":[[[13.416935520059246,49.76766342273357],[13.416935520059246,49.776656626370816],[13.425928723696492,49.776656626370816],[13.425928723696492,49.76766342273357],[13.416935520059246,49.76766342273357]]]}},{"type":"Feature","properties":{"jobs":9,"pop":0,"pointCount":1,"homeWorkCommuteMedian":-1,"workHomeCommuteMedian":1124},"geometry":{"type":"Polygon","coordinates":[[[13.416935520059246,49.776656626370816],[13.416935520059246,49.78564983000806],[13.425928723696492,49.78564983000806],[13.425928723696492,49.776656626370816],[13.416935520059246,49.776656626370816]]]}},{"type":"Feature","properties":{"jobs":46,"pop":32,"pointCount":2,"homeWorkCommuteMedian":9789,"workHomeCommuteMedian":2610},"geometry":{"type":"Polygon","coordinates":[[[13.416935520059246,49.78564983000806],[13.416935520059246,49.79464303364531],[13.425928723696492,49.79464303364531],[13.425928723696492,49.78564983000806],[13.416935520059246,49.78564983000806]]]}},{"type":"Feature","properties":{"jobs":22,"pop":639,"pointCount":21,"homeWorkCommuteMedian":9162,"workHomeCommuteMedian":9409},"geometry":{"type":"Polygon","coordinates":[[[13.416935520059246,49.79464303364531],[13.416935520059246,49.803636237282554],[13.425928723696492,49.803636237282554],[13.425928723696492,49.79464303364531],[13.416935520059246,49.79464303364531]]]}},{"type":"Feature","properties":{"jobs":104,"pop":515,"pointCount":21,"homeWorkCommuteMedian":9058,"workHomeCommuteMedian":7373},"geometry":{"type":"Polygon","coordinates":[[[13.416935520059246,49.803636237282554],[13.416935520059246,49.8126294409198],[13.425928723696492,49.8126294409198],[13.425928723696492,49.803636237282554],[13.416935520059246,49.803636237282554]]]}},{"type":"Feature","properties":{"jobs":0,"pop":20,"pointCount":1,"homeWorkCommuteMedian":813,"workHomeCommuteMedian":-1},"geometry":{"type":"Polygon","coordinates":[[[13.416935520059246,49.83061584819429],[13.416935520059246,49.83960905183154],[13.425928723696492,49.83960905183154],[13.425928723696492,49.83061584819429],[13.416935520059246,49.83061584819429]]]}},{"type":"Feature","properties":{"jobs":6,"pop":0,"pointCount":1,"homeWorkCommuteMedian":-1,"workHomeCommuteMedian":3042},"geometry":{"type":"Polygon","coordinates":[[[13.416935520059246,49.85759545910603],[13.416935520059246,49.866588662743276],[13.425928723696492,49.866588662743276],[13.425928723696492,49.85759545910603],[13.416935520059246,49.85759545910603]]]}},{"type":"Feature","properties":{"jobs":0,"pop":26,"pointCount":1,"homeWorkCommuteMedian":6954,"workHomeCommuteMedian":-1},"geometry":{"type":"Polygon","coordinates":[[[13.416935520059246,50.01047992093921],[13.416935520059246,50.01947312457646],[13.425928723696492,50.01947312457646],[13.425928723696492,50.01047992093921],[13.416935520059246,50.01047992093921]]]}},{"type":"Feature","properties":{"jobs":10,"pop":0,"pointCount":1,"homeWorkCommuteMedian":-1,"workHomeCommuteMedian":4588},"geometry":{"type":"Polygon","coordinates":[[[13.425928723696492,49.443908091792714],[13.425928723696492,49.45290129542996],[13.434921927333738,49.45290129542996],[13.434921927333738,49.443908091792714],[13.425928723696492,49.443908091792714]]]}},{"type":"Feature","properties":{"jobs":13,"pop":99,"pointCount":5,"homeWorkCommuteMedian":14114,"workHomeCommuteMedian":333},"geometry":{"type":"Polygon","coordinates":[[[13.425928723696492,49.506860517253436],[13.425928723696492,49.51585372089068],[13.434921927333738,49.51585372089068],[13.434921927333738,49.506860517253436],[13.425928723696492,49.506860517253436]]]}},{"type":"Feature","properties":{"jobs":0,"pop":63,"pointCount":3,"homeWorkCommuteMedian":17183,"workHomeCommuteMedian":-1},"geometry":{"type":"Polygon","coordinates":[[[13.425928723696492,49.56081973907691],[13.425928723696492,49.56981294271416],[13.434921927333738,49.56981294271416],[13.434921927333738,49.56081973907691],[13.425928723696492,49.56081973907691]]]}},{"type":"Feature","properties":{"jobs":0,"pop":97,"pointCount":3,"homeWorkCommuteMedian":18621,"workHomeCommuteMedian":-1},"geometry":{"type":"Polygon","coordinates":[[[13.425928723696492,49.61477896090039],[13.425928723696492,49.623772164537634],[13.434921927333738,49.623772164537634],[13.434921927333738,49.61477896090039],[13.425928723696492,49.61477896090039]]]}},{"type":"Feature","properties":{"jobs":17,"pop":147,"pointCount":8,"homeWorkCommuteMedian":17298,"workHomeCommuteMedian":25736},"geometry":{"type":"Polygon","coordinates":[[[13.425928723696492,49.623772164537634],[13.425928723696492,49.63276536817488],[13.434921927333738,49.63276536817488],[13.434921927333738,49.623772164537634],[13.425928723696492,49.623772164537634]]]}},{"type":"Feature","properties":{"jobs":13,"pop":106,"pointCount":5,"homeWorkCommuteMedian":15088,"workHomeCommuteMedian":918},"geometry":{"type":"Polygon","coordinates":[[[13.425928723696492,49.641758571812126],[13.425928723696492,49.65075177544937],[13.434921927333738,49.65075177544937],[13.434921927333738,49.641758571812126],[13.425928723696492,49.641758571812126]]]}},{"type":"Feature","properties":{"jobs":14,"pop":28,"pointCount":2,"homeWorkCommuteMedian":19914,"workHomeCommuteMedian":689},"geometry":{"type":"Polygon","coordinates":[[[13.425928723696492,49.65075177544937],[13.425928723696492,49.65974497908662],[13.434921927333738,49.65974497908662],[13.434921927333738,49.65075177544937],[13.425928723696492,49.65075177544937]]]}},{"type":"Feature","properties":{"jobs":58,"pop":0,"pointCount":2,"homeWorkCommuteMedian":-1,"workHomeCommuteMedian":35721},"geometry":{"type":"Polygon","coordinates":[[[13.425928723696492,49.686724589998356],[13.425928723696492,49.6957177936356],[13.434921927333738,49.6957177936356],[13.434921927333738,49.686724589998356],[13.425928723696492,49.686724589998356]]]}},{"type":"Feature","properties":{"jobs":944,"pop":0,"pointCount":3,"homeWorkCommuteMedian":-1,"workHomeCommuteMedian":12049},"geometry":{"type":"Polygon","coordinates":[[[13.425928723696492,49.6957177936356],[13.425928723696492,49.70471099727285],[13.434921927333738,49.70471099727285],[13.434921927333738,49.6957177936356],[13.425928723696492,49.6957177936356]]]}},{"type":"Feature","properties":{"jobs":1171,"pop":115,"pointCount":4,"homeWorkCommuteMedian":7939,"workHomeCommuteMedian":18555},"geometry":{"type":"Polygon","coordinates":[[[13.425928723696492,49.70471099727285],[13.425928723696492,49.713704200910094],[13.434921927333738,49.713704200910094],[13.434921927333738,49.70471099727285],[13.425928723696492,49.70471099727285]]]}},{"type":"Feature","properties":{"jobs":0,"pop":276,"pointCount":12,"homeWorkCommuteMedian":8303,"workHomeCommuteMedian":-1},"geometry":{"type":"Polygon","coordinates":[[[13.425928723696492,49.713704200910094],[13.425928723696492,49.72269740454734],[13.434921927333738,49.72269740454734],[13.434921927333738,49.713704200910094],[13.425928723696492,49.713704200910094]]]}},{"type":"Feature","properties":{"jobs":37,"pop":123,"pointCount":3,"homeWorkCommuteMedian":5582,"workHomeCommuteMedian":6807},"geometry":{"type":"Polygon","coordinates":[[[13.425928723696492,49.72269740454734],[13.425928723696492,49.731690608184586],[13.434921927333738,49.731690608184586],[13.434921927333738,49.72269740454734],[13.425928723696492,49.72269740454734]]]}},{"type":"Feature","properties":{"jobs":23,"pop":255,"pointCount":8,"homeWorkCommuteMedian":5716,"workHomeCommuteMedian":10145},"geometry":{"type":"Polygon","coordinates":[[[13.425928723696492,49.731690608184586],[13.425928723696492,49.74068381182183],[13.434921927333738,49.74068381182183],[13.434921927333738,49.731690608184586],[13.425928723696492,49.731690608184586]]]}},{"type":"Feature","properties":{"jobs":207,"pop":99,"pointCount":4,"homeWorkCommuteMedian":5205,"workHomeCommuteMedian":5104},"geometry":{"type":"Polygon","coordinates":[[[13.425928723696492,49.74068381182183],[13.425928723696492,49.74967701545908],[13.434921927333738,49.74967701545908],[13.434921927333738,49.74068381182183],[13.425928723696492,49.74068381182183]]]}},{"type":"Feature","properties":{"jobs":1293,"pop":576,"pointCount":11,"homeWorkCommuteMedian":5290,"workHomeCommuteMedian":7405},"geometry":{"type":"Polygon","coordinates":[[[13.425928723696492,49.74967701545908],[13.425928723696492,49.758670219096324],[13.434921927333738,49.758670219096324],[13.434921927333738,49.74967701545908],[13.425928723696492,49.74967701545908]]]}},{"type":"Feature","properties":{"jobs":3,"pop":231,"pointCount":5,"homeWorkCommuteMedian":6925,"workHomeCommuteMedian":764},"geometry":{"type":"Polygon","coordinates":[[[13.425928723696492,49.758670219096324],[13.425928723696492,49.76766342273357],[13.434921927333738,49.76766342273357],[13.434921927333738,49.758670219096324],[13.425928723696492,49.758670219096324]]]}},{"type":"Feature","properties":{"jobs":0,"pop":65,"pointCount":3,"homeWorkCommuteMedian":1380,"workHomeCommuteMedian":-1},"geometry":{"type":"Polygon","coordinates":[[[13.425928723696492,49.76766342273357],[13.425928723696492,49.776656626370816],[13.434921927333738,49.776656626370816],[13.434921927333738,49.76766342273357],[13.425928723696492,49.76766342273357]]]}},{"type":"Feature","properties":{"jobs":0,"pop":11,"pointCount":1,"homeWorkCommuteMedian":11237,"workHomeCommuteMedian":-1},"geometry":{"type":"Polygon","coordinates":[[[13.425928723696492,49.79464303364531],[13.425928723696492,49.803636237282554],[13.434921927333738,49.803636237282554],[13.434921927333738,49.79464303364531],[13.425928723696492,49.79464303364531]]]}},{"type":"Feature","properties":{"jobs":95,"pop":531,"pointCount":22,"homeWorkCommuteMedian":10758,"workHomeCommuteMedian":3270},"geometry":{"type":"Polygon","coordinates":[[[13.425928723696492,49.803636237282554],[13.425928723696492,49.8126294409198],[13.434921927333738,49.8126294409198],[13.434921927333738,49.803636237282554],[13.425928723696492,49.803636237282554]]]}},{"type":"Feature","properties":{"jobs":31,"pop":352,"pointCount":14,"homeWorkCommuteMedian":11869,"workHomeCommuteMedian":813},"geometry":{"type":"Polygon","coordinates":[[[13.425928723696492,49.821622644557046],[13.425928723696492,49.83061584819429],[13.434921927333738,49.83061584819429],[13.434921927333738,49.821622644557046],[13.425928723696492,49.821622644557046]]]}},{"type":"Feature","properties":{"jobs":0,"pop":26,"pointCount":1,"homeWorkCommuteMedian":5200,"workHomeCommuteMedian":-1},"geometry":{"type":"Polygon","coordinates":[[[13.425928723696492,49.84860225546878],[13.425928723696492,49.85759545910603],[13.434921927333738,49.85759545910603],[13.434921927333738,49.84860225546878],[13.425928723696492,49.84860225546878]]]}},{"type":"Feature","properties":{"jobs":13,"pop":127,"pointCount":5,"homeWorkCommuteMedian":26120,"workHomeCommuteMedian":3356},"geometry":{"type":"Polygon","coordinates":[[[13.425928723696492,49.929541088204],[13.425928723696492,49.93853429184124],[13.434921927333738,49.93853429184124],[13.434921927333738,49.929541088204],[13.425928723696492,49.929541088204]]]}},{"type":"Feature","properties":{"jobs":8,"pop":0,"pointCount":1,"homeWorkCommuteMedian":-1,"workHomeCommuteMedian":1254},"geometry":{"type":"Polygon","coordinates":[[[13.425928723696492,49.99249351366472],[13.425928723696492,50.001486717301965],[13.434921927333738,50.001486717301965],[13.434921927333738,49.99249351366472],[13.425928723696492,49.99249351366472]]]}},{"type":"Feature","properties":{"jobs":0,"pop":29,"pointCount":2,"homeWorkCommuteMedian":4872,"workHomeCommuteMedian":-1},"geometry":{"type":"Polygon","coordinates":[[[13.425928723696492,50.001486717301965],[13.425928723696492,50.01047992093921],[13.434921927333738,50.01047992093921],[13.434921927333738,50.001486717301965],[13.425928723696492,50.001486717301965]]]}},{"type":"Feature","properties":{"jobs":2,"pop":10,"pointCount":2,"homeWorkCommuteMedian":40574,"workHomeCommuteMedian":770},"geometry":{"type":"Polygon","coordinates":[[[13.425928723696492,50.01047992093921],[13.425928723696492,50.01947312457646],[13.434921927333738,50.01947312457646],[13.434921927333738,50.01047992093921],[13.425928723696492,50.01047992093921]]]}},{"type":"Feature","properties":{"jobs":0,"pop":47,"pointCount":3,"homeWorkCommuteMedian":24787,"workHomeCommuteMedian":-1},"geometry":{"type":"Polygon","coordinates":[[[13.434921927333738,49.533840128165174],[13.434921927333738,49.54283333180242],[13.443915130970984,49.54283333180242],[13.443915130970984,49.533840128165174],[13.434921927333738,49.533840128165174]]]}},{"type":"Feature","properties":{"jobs":16,"pop":22,"pointCount":2,"homeWorkCommuteMedian":26100,"workHomeCommuteMedian":2000},"geometry":{"type":"Polygon","coordinates":[[[13.434921927333738,49.56081973907691],[13.434921927333738,49.56981294271416],[13.443915130970984,49.56981294271416],[13.443915130970984,49.56081973907691],[13.434921927333738,49.56081973907691]]]}},{"type":"Feature","properties":{"jobs":0,"pop":13,"pointCount":1,"homeWorkCommuteMedian":918,"workHomeCommuteMedian":-1},"geometry":{"type":"Polygon","coordinates":[[[13.434921927333738,49.641758571812126],[13.434921927333738,49.65075177544937],[13.443915130970984,49.65075177544937],[13.443915130970984,49.641758571812126],[13.434921927333738,49.641758571812126]]]}},{"type":"Feature","properties":{"jobs":3,"pop":119,"pointCount":5,"homeWorkCommuteMedian":15639,"workHomeCommuteMedian":432},"geometry":{"type":"Polygon","coordinates":[[[13.434921927333738,49.65075177544937],[13.434921927333738,49.65974497908662],[13.443915130970984,49.65974497908662],[13.443915130970984,49.65075177544937],[13.434921927333738,49.65075177544937]]]}},{"type":"Feature","properties":{"jobs":21,"pop":0,"pointCount":1,"homeWorkCommuteMedian":-1,"workHomeCommuteMedian":15434},"geometry":{"type":"Polygon","coordinates":[[[13.434921927333738,49.67773138636111],[13.434921927333738,49.686724589998356],[13.443915130970984,49.686724589998356],[13.443915130970984,49.67773138636111],[13.434921927333738,49.67773138636111]]]}},{"type":"Feature","properties":{"jobs":46,"pop":0,"pointCount":1,"homeWorkCommuteMedian":-1,"workHomeCommuteMedian":9922},"geometry":{"type":"Polygon","coordinates":[[[13.434921927333738,49.731690608184586],[13.434921927333738,49.74068381182183],[13.443915130970984,49.74068381182183],[13.443915130970984,49.731690608184586],[13.434921927333738,49.731690608184586]]]}},{"type":"Feature","properties":{"jobs":913,"pop":0,"pointCount":2,"homeWorkCommuteMedian":-1,"workHomeCommuteMedian":7564},"geometry":{"type":"Polygon","coordinates":[[[13.434921927333738,49.74068381182183],[13.434921927333738,49.74967701545908],[13.443915130970984,49.74967701545908],[13.443915130970984,49.74068381182183],[13.434921927333738,49.74068381182183]]]}},{"type":"Feature","properties":{"jobs":20,"pop":232,"pointCount":4,"homeWorkCommuteMedian":7193,"workHomeCommuteMedian":667},"geometry":{"type":"Polygon","coordinates":[[[13.434921927333738,49.74967701545908],[13.434921927333738,49.758670219096324],[13.443915130970984,49.758670219096324],[13.443915130970984,49.74967701545908],[13.434921927333738,49.74967701545908]]]}},{"type":"Feature","properties":{"jobs":45,"pop":765,"pointCount":13,"homeWorkCommuteMedian":6621,"workHomeCommuteMedian":411},"geometry":{"type":"Polygon","coordinates":[[[13.434921927333738,49.758670219096324],[13.434921927333738,49.76766342273357],[13.443915130970984,49.76766342273357],[13.443915130970984,49.758670219096324],[13.434921927333738,49.758670219096324]]]}},{"type":"Feature","properties":{"jobs":15,"pop":152,"pointCount":8,"homeWorkCommuteMedian":7030,"workHomeCommuteMedian":1380},"geometry":{"type":"Polygon","coordinates":[[[13.434921927333738,49.76766342273357],[13.434921927333738,49.776656626370816],[13.443915130970984,49.776656626370816],[13.443915130970984,49.76766342273357],[13.434921927333738,49.76766342273357]]]}},{"type":"Feature","properties":{"jobs":0,"pop":396,"pointCount":1,"homeWorkCommuteMedian":10392,"workHomeCommuteMedian":-1},"geometry":{"type":"Polygon","coordinates":[[[13.434921927333738,49.79464303364531],[13.434921927333738,49.803636237282554],[13.443915130970984,49.803636237282554],[13.443915130970984,49.79464303364531],[13.434921927333738,49.79464303364531]]]}},{"type":"Feature","properties":{"jobs":0,"pop":94,"pointCount":3,"homeWorkCommuteMedian":11783,"workHomeCommuteMedian":-1},"geometry":{"type":"Polygon","coordinates":[[[13.434921927333738,49.83960905183154],[13.434921927333738,49.84860225546878],[13.443915130970984,49.84860225546878],[13.443915130970984,49.83960905183154],[13.434921927333738,49.83960905183154]]]}},{"type":"Feature","properties":{"jobs":12,"pop":47,"pointCount":3,"homeWorkCommuteMedian":15152,"workHomeCommuteMedian":984},"geometry":{"type":"Polygon","coordinates":[[[13.434921927333738,49.84860225546878],[13.434921927333738,49.85759545910603],[13.443915130970984,49.85759545910603],[13.443915130970984,49.84860225546878],[13.434921927333738,49.84860225546878]]]}},{"type":"Feature","properties":{"jobs":10,"pop":58,"pointCount":4,"homeWorkCommuteMedian":21018,"workHomeCommuteMedian":250},"geometry":{"type":"Polygon","coordinates":[[[13.443915130970984,49.4798809063417],[13.443915130970984,49.488874109978944],[13.45290833460823,49.488874109978944],[13.45290833460823,49.4798809063417],[13.443915130970984,49.4798809063417]]]}},{"type":"Feature","properties":{"jobs":13,"pop":57,"pointCount":4,"homeWorkCommuteMedian":1636,"workHomeCommuteMedian":338},"geometry":{"type":"Polygon","coordinates":[[[13.443915130970984,49.533840128165174],[13.443915130970984,49.54283333180242],[13.45290833460823,49.54283333180242],[13.45290833460823,49.533840128165174],[13.443915130970984,49.533840128165174]]]}},{"type":"Feature","properties":{"jobs":0,"pop":85,"pointCount":3,"homeWorkCommuteMedian":12898,"workHomeCommuteMedian":-1},"geometry":{"type":"Polygon","coordinates":[[[13.443915130970984,49.65974497908662],[13.443915130970984,49.668738182723864],[13.45290833460823,49.668738182723864],[13.45290833460823,49.65974497908662],[13.443915130970984,49.65974497908662]]]}},{"type":"Feature","properties":{"jobs":245,"pop":211,"pointCount":11,"homeWorkCommuteMedian":10907,"workHomeCommuteMedian":8564},"geometry":{"type":"Polygon","coordinates":[[[13.443915130970984,49.668738182723864],[13.443915130970984,49.67773138636111],[13.45290833460823,49.67773138636111],[13.45290833460823,49.668738182723864],[13.443915130970984,49.668738182723864]]]}},{"type":"Feature","properties":{"jobs":14,"pop":0,"pointCount":1,"homeWorkCommuteMedian":-1,"workHomeCommuteMedian":5689},"geometry":{"type":"Polygon","coordinates":[[[13.443915130970984,49.67773138636111],[13.443915130970984,49.686724589998356],[13.45290833460823,49.686724589998356],[13.45290833460823,49.67773138636111],[13.443915130970984,49.67773138636111]]]}},{"type":"Feature","properties":{"jobs":14,"pop":484,"pointCount":12,"homeWorkCommuteMedian":7369,"workHomeCommuteMedian":320},"geometry":{"type":"Polygon","coordinates":[[[13.443915130970984,49.74967701545908],[13.443915130970984,49.758670219096324],[13.45290833460823,49.758670219096324],[13.45290833460823,49.74967701545908],[13.443915130970984,49.74967701545908]]]}},{"type":"Feature","properties":{"jobs":0,"pop":85,"pointCount":3,"homeWorkCommuteMedian":14602,"workHomeCommuteMedian":-1},"geometry":{"type":"Polygon","coordinates":[[[13.443915130970984,49.83960905183154],[13.443915130970984,49.84860225546878],[13.45290833460823,49.84860225546878],[13.45290833460823,49.83960905183154],[13.443915130970984,49.83960905183154]]]}},{"type":"Feature","properties":{"jobs":0,"pop":139,"pointCount":2,"homeWorkCommuteMedian":4607,"workHomeCommuteMedian":-1},"geometry":{"type":"Polygon","coordinates":[[[13.443915130970984,49.956520699115735],[13.443915130970984,49.96551390275298],[13.45290833460823,49.96551390275298],[13.45290833460823,49.956520699115735],[13.443915130970984,49.956520699115735]]]}},{"type":"Feature","properties":{"jobs":0,"pop":13,"pointCount":1,"homeWorkCommuteMedian":31331,"workHomeCommuteMedian":-1},"geometry":{"type":"Polygon","coordinates":[[[13.443915130970984,49.96551390275298],[13.443915130970984,49.97450710639023],[13.45290833460823,49.97450710639023],[13.45290833460823,49.96551390275298],[13.443915130970984,49.96551390275298]]]}},{"type":"Feature","properties":{"jobs":13,"pop":57,"pointCount":3,"homeWorkCommuteMedian":6202,"workHomeCommuteMedian":124},"geometry":{"type":"Polygon","coordinates":[[[13.443915130970984,50.01947312457646],[13.443915130970984,50.0284663282137],[13.45290833460823,50.0284663282137],[13.45290833460823,50.01947312457646],[13.443915130970984,50.01947312457646]]]}},{"type":"Feature","properties":{"jobs":93,"pop":0,"pointCount":2,"homeWorkCommuteMedian":-1,"workHomeCommuteMedian":11059},"geometry":{"type":"Polygon","coordinates":[[[13.45290833460823,49.52484692452793],[13.45290833460823,49.533840128165174],[13.461901538245476,49.533840128165174],[13.461901538245476,49.52484692452793],[13.45290833460823,49.52484692452793]]]}},{"type":"Feature","properties":{"jobs":45,"pop":85,"pointCount":4,"homeWorkCommuteMedian":17448,"workHomeCommuteMedian":298},"geometry":{"type":"Polygon","coordinates":[[[13.45290833460823,49.533840128165174],[13.45290833460823,49.54283333180242],[13.461901538245476,49.54283333180242],[13.461901538245476,49.533840128165174],[13.45290833460823,49.533840128165174]]]}},{"type":"Feature","properties":{"jobs":47,"pop":219,"pointCount":11,"homeWorkCommuteMedian":19163,"workHomeCommuteMedian":781},"geometry":{"type":"Polygon","coordinates":[[[13.45290833460823,49.60578575726314],[13.45290833460823,49.61477896090039],[13.461901538245476,49.61477896090039],[13.461901538245476,49.60578575726314],[13.45290833460823,49.60578575726314]]]}},{"type":"Feature","properties":{"jobs":16,"pop":104,"pointCount":4,"homeWorkCommuteMedian":11929,"workHomeCommuteMedian":966},"geometry":{"type":"Polygon","coordinates":[[[13.45290833460823,49.65974497908662],[13.45290833460823,49.668738182723864],[13.461901538245476,49.668738182723864],[13.461901538245476,49.65974497908662],[13.45290833460823,49.65974497908662]]]}},{"type":"Feature","properties":{"jobs":1,"pop":318,"pointCount":15,"homeWorkCommuteMedian":11594,"workHomeCommuteMedian":15401},"geometry":{"type":"Polygon","coordinates":[[[13.45290833460823,49.668738182723864],[13.45290833460823,49.67773138636111],[13.461901538245476,49.67773138636111],[13.461901538245476,49.668738182723864],[13.45290833460823,49.668738182723864]]]}},{"type":"Feature","properties":{"jobs":0,"pop":20,"pointCount":1,"homeWorkCommuteMedian":837,"workHomeCommuteMedian":-1},"geometry":{"type":"Polygon","coordinates":[[[13.45290833460823,49.686724589998356],[13.45290833460823,49.6957177936356],[13.461901538245476,49.6957177936356],[13.461901538245476,49.686724589998356],[13.45290833460823,49.686724589998356]]]}},{"type":"Feature","properties":{"jobs":26,"pop":0,"pointCount":1,"homeWorkCommuteMedian":-1,"workHomeCommuteMedian":25520},"geometry":{"type":"Polygon","coordinates":[[[13.45290833460823,49.6957177936356],[13.45290833460823,49.70471099727285],[13.461901538245476,49.70471099727285],[13.461901538245476,49.6957177936356],[13.45290833460823,49.6957177936356]]]}},{"type":"Feature","properties":{"jobs":76,"pop":41,"pointCount":4,"homeWorkCommuteMedian":11769,"workHomeCommuteMedian":5489},"geometry":{"type":"Polygon","coordinates":[[[13.45290833460823,49.72269740454734],[13.45290833460823,49.731690608184586],[13.461901538245476,49.731690608184586],[13.461901538245476,49.72269740454734],[13.45290833460823,49.72269740454734]]]}},{"type":"Feature","properties":{"jobs":12,"pop":0,"pointCount":1,"homeWorkCommuteMedian":-1,"workHomeCommuteMedian":774},"geometry":{"type":"Polygon","coordinates":[[[13.45290833460823,49.731690608184586],[13.45290833460823,49.74068381182183],[13.461901538245476,49.74068381182183],[13.461901538245476,49.731690608184586],[13.45290833460823,49.731690608184586]]]}},{"type":"Feature","properties":{"jobs":29,"pop":473,"pointCount":16,"homeWorkCommuteMedian":7846,"workHomeCommuteMedian":889},"geometry":{"type":"Polygon","coordinates":[[[13.45290833460823,49.74967701545908],[13.45290833460823,49.758670219096324],[13.461901538245476,49.758670219096324],[13.461901538245476,49.74967701545908],[13.45290833460823,49.74967701545908]]]}},{"type":"Feature","properties":{"jobs":20,"pop":36,"pointCount":3,"homeWorkCommuteMedian":7207,"workHomeCommuteMedian":1597},"geometry":{"type":"Polygon","coordinates":[[[13.45290833460823,49.758670219096324],[13.45290833460823,49.76766342273357],[13.461901538245476,49.76766342273357],[13.461901538245476,49.758670219096324],[13.45290833460823,49.758670219096324]]]}},{"type":"Feature","properties":{"jobs":3,"pop":37,"pointCount":2,"homeWorkCommuteMedian":7899,"workHomeCommuteMedian":1069},"geometry":{"type":"Polygon","coordinates":[[[13.45290833460823,49.76766342273357],[13.45290833460823,49.776656626370816],[13.461901538245476,49.776656626370816],[13.461901538245476,49.76766342273357],[13.45290833460823,49.76766342273357]]]}},{"type":"Feature","properties":{"jobs":4,"pop":0,"pointCount":1,"homeWorkCommuteMedian":-1,"workHomeCommuteMedian":1316},"geometry":{"type":"Polygon","coordinates":[[[13.45290833460823,49.79464303364531],[13.45290833460823,49.803636237282554],[13.461901538245476,49.803636237282554],[13.461901538245476,49.79464303364531],[13.45290833460823,49.79464303364531]]]}},{"type":"Feature","properties":{"jobs":22,"pop":130,"pointCount":5,"homeWorkCommuteMedian":13202,"workHomeCommuteMedian":3101},"geometry":{"type":"Polygon","coordinates":[[[13.45290833460823,49.83061584819429],[13.45290833460823,49.83960905183154],[13.461901538245476,49.83960905183154],[13.461901538245476,49.83061584819429],[13.45290833460823,49.83061584819429]]]}},{"type":"Feature","properties":{"jobs":10,"pop":99,"pointCount":4,"homeWorkCommuteMedian":15044,"workHomeCommuteMedian":7609},"geometry":{"type":"Polygon","coordinates":[[[13.45290833460823,49.83960905183154],[13.45290833460823,49.84860225546878],[13.461901538245476,49.84860225546878],[13.461901538245476,49.83960905183154],[13.45290833460823,49.83960905183154]]]}},{"type":"Feature","properties":{"jobs":19,"pop":74,"pointCount":3,"homeWorkCommuteMedian":20468,"workHomeCommuteMedian":5638},"geometry":{"type":"Polygon","coordinates":[[[13.45290833460823,49.87558186638052],[13.45290833460823,49.88457507001777],[13.461901538245476,49.88457507001777],[13.461901538245476,49.87558186638052],[13.45290833460823,49.87558186638052]]]}},{"type":"Feature","properties":{"jobs":11,"pop":83,"pointCount":4,"homeWorkCommuteMedian":31948,"workHomeCommuteMedian":207},"geometry":{"type":"Polygon","coordinates":[[[13.45290833460823,49.956520699115735],[13.45290833460823,49.96551390275298],[13.461901538245476,49.96551390275298],[13.461901538245476,49.956520699115735],[13.45290833460823,49.956520699115735]]]}},{"type":"Feature","properties":{"jobs":22,"pop":10,"pointCount":3,"homeWorkCommuteMedian":29644,"workHomeCommuteMedian":2935},"geometry":{"type":"Polygon","coordinates":[[[13.45290833460823,49.96551390275298],[13.45290833460823,49.97450710639023],[13.461901538245476,49.97450710639023],[13.461901538245476,49.96551390275298],[13.45290833460823,49.96551390275298]]]}},{"type":"Feature","properties":{"jobs":0,"pop":50,"pointCount":3,"homeWorkCommuteMedian":39961,"workHomeCommuteMedian":-1},"geometry":{"type":"Polygon","coordinates":[[[13.45290833460823,50.01947312457646],[13.45290833460823,50.0284663282137],[13.461901538245476,50.0284663282137],[13.461901538245476,50.01947312457646],[13.45290833460823,50.01947312457646]]]}},{"type":"Feature","properties":{"jobs":10,"pop":29,"pointCount":2,"homeWorkCommuteMedian":594,"workHomeCommuteMedian":229},"geometry":{"type":"Polygon","coordinates":[[[13.461901538245476,49.45290129542996],[13.461901538245476,49.461894499067206],[13.470894741882722,49.461894499067206],[13.470894741882722,49.45290129542996],[13.461901538245476,49.45290129542996]]]}},{"type":"Feature","properties":{"jobs":5,"pop":25,"pointCount":2,"homeWorkCommuteMedian":4506,"workHomeCommuteMedian":134},"geometry":{"type":"Polygon","coordinates":[[[13.461901538245476,49.47088770270445],[13.461901538245476,49.4798809063417],[13.470894741882722,49.4798809063417],[13.470894741882722,49.47088770270445],[13.461901538245476,49.47088770270445]]]}},{"type":"Feature","properties":{"jobs":9,"pop":0,"pointCount":1,"homeWorkCommuteMedian":-1,"workHomeCommuteMedian":210},"geometry":{"type":"Polygon","coordinates":[[[13.461901538245476,49.488874109978944],[13.461901538245476,49.49786731361619],[13.470894741882722,49.49786731361619],[13.470894741882722,49.488874109978944],[13.461901538245476,49.488874109978944]]]}},{"type":"Feature","properties":{"jobs":0,"pop":89,"pointCount":3,"homeWorkCommuteMedian":34267,"workHomeCommuteMedian":-1},"geometry":{"type":"Polygon","coordinates":[[[13.461901538245476,49.49786731361619],[13.461901538245476,49.506860517253436],[13.470894741882722,49.506860517253436],[13.470894741882722,49.49786731361619],[13.461901538245476,49.49786731361619]]]}},{"type":"Feature","properties":{"jobs":0,"pop":31,"pointCount":2,"homeWorkCommuteMedian":37667,"workHomeCommuteMedian":-1},"geometry":{"type":"Polygon","coordinates":[[[13.461901538245476,49.51585372089068],[13.461901538245476,49.52484692452793],[13.470894741882722,49.52484692452793],[13.470894741882722,49.51585372089068],[13.461901538245476,49.51585372089068]]]}},{"type":"Feature","properties":{"jobs":0,"pop":24,"pointCount":2,"homeWorkCommuteMedian":24753,"workHomeCommuteMedian":-1},"geometry":{"type":"Polygon","coordinates":[[[13.461901538245476,49.551826535439666],[13.461901538245476,49.56081973907691],[13.470894741882722,49.56081973907691],[13.470894741882722,49.551826535439666],[13.461901538245476,49.551826535439666]]]}},{"type":"Feature","properties":{"jobs":0,"pop":11,"pointCount":1,"homeWorkCommuteMedian":6807,"workHomeCommuteMedian":-1},"geometry":{"type":"Polygon","coordinates":[[[13.461901538245476,49.56981294271416],[13.461901538245476,49.578806146351404],[13.470894741882722,49.578806146351404],[13.470894741882722,49.56981294271416],[13.461901538245476,49.56981294271416]]]}},{"type":"Feature","properties":{"jobs":16,"pop":69,"pointCount":4,"homeWorkCommuteMedian":22464,"workHomeCommuteMedian":202},"geometry":{"type":"Polygon","coordinates":[[[13.461901538245476,49.578806146351404],[13.461901538245476,49.58779934998865],[13.470894741882722,49.58779934998865],[13.470894741882722,49.578806146351404],[13.461901538245476,49.578806146351404]]]}},{"type":"Feature","properties":{"jobs":0,"pop":136,"pointCount":5,"homeWorkCommuteMedian":18352,"workHomeCommuteMedian":-1},"geometry":{"type":"Polygon","coordinates":[[[13.461901538245476,49.641758571812126],[13.461901538245476,49.65075177544937],[13.470894741882722,49.65075177544937],[13.470894741882722,49.641758571812126],[13.461901538245476,49.641758571812126]]]}},{"type":"Feature","properties":{"jobs":0,"pop":116,"pointCount":4,"homeWorkCommuteMedian":14349,"workHomeCommuteMedian":-1},"geometry":{"type":"Polygon","coordinates":[[[13.461901538245476,49.65974497908662],[13.461901538245476,49.668738182723864],[13.470894741882722,49.668738182723864],[13.470894741882722,49.65974497908662],[13.461901538245476,49.65974497908662]]]}},{"type":"Feature","properties":{"jobs":53,"pop":0,"pointCount":1,"homeWorkCommuteMedian":-1,"workHomeCommuteMedian":16348},"geometry":{"type":"Polygon","coordinates":[[[13.461901538245476,49.67773138636111],[13.461901538245476,49.686724589998356],[13.470894741882722,49.686724589998356],[13.470894741882722,49.67773138636111],[13.461901538245476,49.67773138636111]]]}},{"type":"Feature","properties":{"jobs":0,"pop":573,"pointCount":22,"homeWorkCommuteMedian":12647,"workHomeCommuteMedian":-1},"geometry":{"type":"Polygon","coordinates":[[[13.461901538245476,49.686724589998356],[13.461901538245476,49.6957177936356],[13.470894741882722,49.6957177936356],[13.470894741882722,49.686724589998356],[13.461901538245476,49.686724589998356]]]}},{"type":"Feature","properties":{"jobs":110,"pop":289,"pointCount":13,"homeWorkCommuteMedian":10714,"workHomeCommuteMedian":12408},"geometry":{"type":"Polygon","coordinates":[[[13.461901538245476,49.6957177936356],[13.461901538245476,49.70471099727285],[13.470894741882722,49.70471099727285],[13.470894741882722,49.6957177936356],[13.461901538245476,49.6957177936356]]]}},{"type":"Feature","properties":{"jobs":2,"pop":0,"pointCount":1,"homeWorkCommuteMedian":-1,"workHomeCommuteMedian":3086},"geometry":{"type":"Polygon","coordinates":[[[13.461901538245476,49.713704200910094],[13.461901538245476,49.72269740454734],[13.470894741882722,49.72269740454734],[13.470894741882722,49.713704200910094],[13.461901538245476,49.713704200910094]]]}},{"type":"Feature","properties":{"jobs":10,"pop":236,"pointCount":12,"homeWorkCommuteMedian":8064,"workHomeCommuteMedian":16814},"geometry":{"type":"Polygon","coordinates":[[[13.461901538245476,49.72269740454734],[13.461901538245476,49.731690608184586],[13.470894741882722,49.731690608184586],[13.470894741882722,49.72269740454734],[13.461901538245476,49.72269740454734]]]}},{"type":"Feature","properties":{"jobs":0,"pop":97,"pointCount":3,"homeWorkCommuteMedian":8383,"workHomeCommuteMedian":-1},"geometry":{"type":"Polygon","coordinates":[[[13.461901538245476,49.731690608184586],[13.461901538245476,49.74068381182183],[13.470894741882722,49.74068381182183],[13.470894741882722,49.731690608184586],[13.461901538245476,49.731690608184586]]]}},{"type":"Feature","properties":{"jobs":0,"pop":34,"pointCount":2,"homeWorkCommuteMedian":12134,"workHomeCommuteMedian":-1},"geometry":{"type":"Polygon","coordinates":[[[13.461901538245476,49.74967701545908],[13.461901538245476,49.758670219096324],[13.470894741882722,49.758670219096324],[13.470894741882722,49.74967701545908],[13.461901538245476,49.74967701545908]]]}},{"type":"Feature","properties":{"jobs":0,"pop":28,"pointCount":1,"homeWorkCommuteMedian":11897,"workHomeCommuteMedian":-1},"geometry":{"type":"Polygon","coordinates":[[[13.461901538245476,49.79464303364531],[13.461901538245476,49.803636237282554],[13.470894741882722,49.803636237282554],[13.470894741882722,49.79464303364531],[13.461901538245476,49.79464303364531]]]}},{"type":"Feature","properties":{"jobs":0,"pop":11,"pointCount":1,"homeWorkCommuteMedian":14845,"workHomeCommuteMedian":-1},"geometry":{"type":"Polygon","coordinates":[[[13.461901538245476,49.803636237282554],[13.461901538245476,49.8126294409198],[13.470894741882722,49.8126294409198],[13.470894741882722,49.803636237282554],[13.461901538245476,49.803636237282554]]]}},{"type":"Feature","properties":{"jobs":26,"pop":48,"pointCount":2,"homeWorkCommuteMedian":17216,"workHomeCommuteMedian":5810},"geometry":{"type":"Polygon","coordinates":[[[13.461901538245476,49.83061584819429],[13.461901538245476,49.83960905183154],[13.470894741882722,49.83960905183154],[13.470894741882722,49.83061584819429],[13.461901538245476,49.83061584819429]]]}},{"type":"Feature","properties":{"jobs":0,"pop":47,"pointCount":2,"homeWorkCommuteMedian":22701,"workHomeCommuteMedian":-1},"geometry":{"type":"Polygon","coordinates":[[[13.461901538245476,49.87558186638052],[13.461901538245476,49.88457507001777],[13.470894741882722,49.88457507001777],[13.470894741882722,49.87558186638052],[13.461901538245476,49.87558186638052]]]}},{"type":"Feature","properties":{"jobs":0,"pop":35,"pointCount":2,"homeWorkCommuteMedian":16809,"workHomeCommuteMedian":-1},"geometry":{"type":"Polygon","coordinates":[[[13.461901538245476,49.88457507001777],[13.461901538245476,49.89356827365501],[13.470894741882722,49.89356827365501],[13.470894741882722,49.88457507001777],[13.461901538245476,49.88457507001777]]]}},{"type":"Feature","properties":{"jobs":24,"pop":56,"pointCount":3,"homeWorkCommuteMedian":5721,"workHomeCommuteMedian":555},"geometry":{"type":"Polygon","coordinates":[[[13.461901538245476,49.93853429184124],[13.461901538245476,49.94752749547849],[13.470894741882722,49.94752749547849],[13.470894741882722,49.93853429184124],[13.461901538245476,49.93853429184124]]]}},{"type":"Feature","properties":{"jobs":0,"pop":11,"pointCount":1,"homeWorkCommuteMedian":3943,"workHomeCommuteMedian":-1},"geometry":{"type":"Polygon","coordinates":[[[13.461901538245476,49.956520699115735],[13.461901538245476,49.96551390275298],[13.470894741882722,49.96551390275298],[13.470894741882722,49.956520699115735],[13.461901538245476,49.956520699115735]]]}},{"type":"Feature","properties":{"jobs":16,"pop":15,"pointCount":2,"homeWorkCommuteMedian":1476,"workHomeCommuteMedian":2460},"geometry":{"type":"Polygon","coordinates":[[[13.461901538245476,49.98350031002747],[13.461901538245476,49.99249351366472],[13.470894741882722,49.99249351366472],[13.470894741882722,49.98350031002747],[13.461901538245476,49.98350031002747]]]}},{"type":"Feature","properties":{"jobs":19,"pop":36,"pointCount":4,"homeWorkCommuteMedian":41813,"workHomeCommuteMedian":594},"geometry":{"type":"Polygon","coordinates":[[[13.470894741882722,49.45290129542996],[13.470894741882722,49.461894499067206],[13.479887945519968,49.461894499067206],[13.479887945519968,49.45290129542996],[13.470894741882722,49.45290129542996]]]}},{"type":"Feature","properties":{"jobs":0,"pop":22,"pointCount":1,"homeWorkCommuteMedian":32003,"workHomeCommuteMedian":-1},"geometry":{"type":"Polygon","coordinates":[[[13.470894741882722,49.54283333180242],[13.470894741882722,49.551826535439666],[13.479887945519968,49.551826535439666],[13.479887945519968,49.54283333180242],[13.470894741882722,49.54283333180242]]]}},{"type":"Feature","properties":{"jobs":15,"pop":39,"pointCount":3,"homeWorkCommuteMedian":29557,"workHomeCommuteMedian":7784},"geometry":{"type":"Polygon","coordinates":[[[13.470894741882722,49.551826535439666],[13.470894741882722,49.56081973907691],[13.479887945519968,49.56081973907691],[13.479887945519968,49.551826535439666],[13.470894741882722,49.551826535439666]]]}},{"type":"Feature","properties":{"jobs":0,"pop":11,"pointCount":1,"homeWorkCommuteMedian":5761,"workHomeCommuteMedian":-1},"geometry":{"type":"Polygon","coordinates":[[[13.470894741882722,49.56081973907691],[13.470894741882722,49.56981294271416],[13.479887945519968,49.56981294271416],[13.479887945519968,49.56081973907691],[13.470894741882722,49.56081973907691]]]}},{"type":"Feature","properties":{"jobs":0,"pop":43,"pointCount":1,"homeWorkCommuteMedian":19738,"workHomeCommuteMedian":-1},"geometry":{"type":"Polygon","coordinates":[[[13.470894741882722,49.596792553625896],[13.470894741882722,49.60578575726314],[13.479887945519968,49.60578575726314],[13.479887945519968,49.596792553625896],[13.470894741882722,49.596792553625896]]]}},{"type":"Feature","properties":{"jobs":0,"pop":46,"pointCount":3,"homeWorkCommuteMedian":13694,"workHomeCommuteMedian":-1},"geometry":{"type":"Polygon","coordinates":[[[13.470894741882722,49.60578575726314],[13.470894741882722,49.61477896090039],[13.479887945519968,49.61477896090039],[13.479887945519968,49.60578575726314],[13.470894741882722,49.60578575726314]]]}},{"type":"Feature","properties":{"jobs":0,"pop":47,"pointCount":2,"homeWorkCommuteMedian":19378,"workHomeCommuteMedian":-1},"geometry":{"type":"Polygon","coordinates":[[[13.470894741882722,49.623772164537634],[13.470894741882722,49.63276536817488],[13.479887945519968,49.63276536817488],[13.479887945519968,49.623772164537634],[13.470894741882722,49.623772164537634]]]}},{"type":"Feature","properties":{"jobs":0,"pop":24,"pointCount":1,"homeWorkCommuteMedian":16218,"workHomeCommuteMedian":-1},"geometry":{"type":"Polygon","coordinates":[[[13.470894741882722,49.63276536817488],[13.470894741882722,49.641758571812126],[13.479887945519968,49.641758571812126],[13.479887945519968,49.63276536817488],[13.470894741882722,49.63276536817488]]]}},{"type":"Feature","properties":{"jobs":52,"pop":256,"pointCount":10,"homeWorkCommuteMedian":14257,"workHomeCommuteMedian":4032},"geometry":{"type":"Polygon","coordinates":[[[13.470894741882722,49.641758571812126],[13.470894741882722,49.65075177544937],[13.479887945519968,49.65075177544937],[13.479887945519968,49.641758571812126],[13.470894741882722,49.641758571812126]]]}},{"type":"Feature","properties":{"jobs":23,"pop":152,"pointCount":7,"homeWorkCommuteMedian":13840,"workHomeCommuteMedian":176},"geometry":{"type":"Polygon","coordinates":[[[13.470894741882722,49.65075177544937],[13.470894741882722,49.65974497908662],[13.479887945519968,49.65974497908662],[13.479887945519968,49.65075177544937],[13.470894741882722,49.65075177544937]]]}},{"type":"Feature","properties":{"jobs":50,"pop":1011,"pointCount":39,"homeWorkCommuteMedian":11578,"workHomeCommuteMedian":14516},"geometry":{"type":"Polygon","coordinates":[[[13.470894741882722,49.686724589998356],[13.470894741882722,49.6957177936356],[13.479887945519968,49.6957177936356],[13.479887945519968,49.686724589998356],[13.470894741882722,49.686724589998356]]]}},{"type":"Feature","properties":{"jobs":538,"pop":333,"pointCount":20,"homeWorkCommuteMedian":10418,"workHomeCommuteMedian":9662},"geometry":{"type":"Polygon","coordinates":[[[13.470894741882722,49.6957177936356],[13.470894741882722,49.70471099727285],[13.479887945519968,49.70471099727285],[13.479887945519968,49.6957177936356],[13.470894741882722,49.6957177936356]]]}},{"type":"Feature","properties":{"jobs":47,"pop":0,"pointCount":1,"homeWorkCommuteMedian":-1,"workHomeCommuteMedian":1638},"geometry":{"type":"Polygon","coordinates":[[[13.470894741882722,49.72269740454734],[13.470894741882722,49.731690608184586],[13.479887945519968,49.731690608184586],[13.479887945519968,49.72269740454734],[13.470894741882722,49.72269740454734]]]}},{"type":"Feature","properties":{"jobs":0,"pop":79,"pointCount":3,"homeWorkCommuteMedian":11115,"workHomeCommuteMedian":-1},"geometry":{"type":"Polygon","coordinates":[[[13.470894741882722,49.731690608184586],[13.470894741882722,49.74068381182183],[13.479887945519968,49.74068381182183],[13.479887945519968,49.731690608184586],[13.470894741882722,49.731690608184586]]]}},{"type":"Feature","properties":{"jobs":10,"pop":0,"pointCount":1,"homeWorkCommuteMedian":-1,"workHomeCommuteMedian":11459},"geometry":{"type":"Polygon","coordinates":[[[13.470894741882722,49.758670219096324],[13.470894741882722,49.76766342273357],[13.479887945519968,49.76766342273357],[13.479887945519968,49.758670219096324],[13.470894741882722,49.758670219096324]]]}},{"type":"Feature","properties":{"jobs":19,"pop":0,"pointCount":1,"homeWorkCommuteMedian":-1,"workHomeCommuteMedian":2460},"geometry":{"type":"Polygon","coordinates":[[[13.470894741882722,49.776656626370816],[13.470894741882722,49.78564983000806],[13.479887945519968,49.78564983000806],[13.479887945519968,49.776656626370816],[13.470894741882722,49.776656626370816]]]}},{"type":"Feature","properties":{"jobs":37,"pop":106,"pointCount":7,"homeWorkCommuteMedian":11226,"workHomeCommuteMedian":796},"geometry":{"type":"Polygon","coordinates":[[[13.470894741882722,49.803636237282554],[13.470894741882722,49.8126294409198],[13.479887945519968,49.8126294409198],[13.479887945519968,49.803636237282554],[13.470894741882722,49.803636237282554]]]}},{"type":"Feature","properties":{"jobs":0,"pop":28,"pointCount":1,"homeWorkCommuteMedian":30644,"workHomeCommuteMedian":-1},"geometry":{"type":"Polygon","coordinates":[[[13.470894741882722,49.85759545910603],[13.470894741882722,49.866588662743276],[13.479887945519968,49.866588662743276],[13.479887945519968,49.85759545910603],[13.470894741882722,49.85759545910603]]]}},{"type":"Feature","properties":{"jobs":4,"pop":117,"pointCount":4,"homeWorkCommuteMedian":20178,"workHomeCommuteMedian":243},"geometry":{"type":"Polygon","coordinates":[[[13.470894741882722,49.866588662743276],[13.470894741882722,49.87558186638052],[13.479887945519968,49.87558186638052],[13.479887945519968,49.866588662743276],[13.470894741882722,49.866588662743276]]]}},{"type":"Feature","properties":{"jobs":41,"pop":14,"pointCount":3,"homeWorkCommuteMedian":24360,"workHomeCommuteMedian":1910},"geometry":{"type":"Polygon","coordinates":[[[13.470894741882722,49.88457507001777],[13.470894741882722,49.89356827365501],[13.479887945519968,49.89356827365501],[13.479887945519968,49.88457507001777],[13.470894741882722,49.88457507001777]]]}},{"type":"Feature","properties":{"jobs":0,"pop":53,"pointCount":3,"homeWorkCommuteMedian":25215,"workHomeCommuteMedian":-1},"geometry":{"type":"Polygon","coordinates":[[[13.470894741882722,49.89356827365501],[13.470894741882722,49.90256147729226],[13.479887945519968,49.90256147729226],[13.479887945519968,49.89356827365501],[13.470894741882722,49.89356827365501]]]}},{"type":"Feature","properties":{"jobs":14,"pop":0,"pointCount":1,"homeWorkCommuteMedian":-1,"workHomeCommuteMedian":281},"geometry":{"type":"Polygon","coordinates":[[[13.470894741882722,49.92054788456675],[13.470894741882722,49.929541088204],[13.479887945519968,49.929541088204],[13.479887945519968,49.92054788456675],[13.470894741882722,49.92054788456675]]]}},{"type":"Feature","properties":{"jobs":0,"pop":58,"pointCount":3,"homeWorkCommuteMedian":13397,"workHomeCommuteMedian":-1},"geometry":{"type":"Polygon","coordinates":[[[13.470894741882722,49.929541088204],[13.470894741882722,49.93853429184124],[13.479887945519968,49.93853429184124],[13.479887945519968,49.929541088204],[13.470894741882722,49.929541088204]]]}},{"type":"Feature","properties":{"jobs":302,"pop":269,"pointCount":6,"homeWorkCommuteMedian":26965,"workHomeCommuteMedian":7419},"geometry":{"type":"Polygon","coordinates":[[[13.470894741882722,49.97450710639023],[13.470894741882722,49.98350031002747],[13.479887945519968,49.98350031002747],[13.479887945519968,49.97450710639023],[13.470894741882722,49.97450710639023]]]}},{"type":"Feature","properties":{"jobs":0,"pop":16,"pointCount":1,"homeWorkCommuteMedian":40125,"workHomeCommuteMedian":-1},"geometry":{"type":"Polygon","coordinates":[[[13.479887945519968,49.461894499067206],[13.479887945519968,49.47088770270445],[13.488881149157214,49.47088770270445],[13.488881149157214,49.461894499067206],[13.479887945519968,49.461894499067206]]]}},{"type":"Feature","properties":{"jobs":0,"pop":111,"pointCount":3,"homeWorkCommuteMedian":35799,"workHomeCommuteMedian":-1},"geometry":{"type":"Polygon","coordinates":[[[13.479887945519968,49.4798809063417],[13.479887945519968,49.488874109978944],[13.488881149157214,49.488874109978944],[13.488881149157214,49.4798809063417],[13.479887945519968,49.4798809063417]]]}},{"type":"Feature","properties":{"jobs":0,"pop":33,"pointCount":2,"homeWorkCommuteMedian":12950,"workHomeCommuteMedian":-1},"geometry":{"type":"Polygon","coordinates":[[[13.479887945519968,49.54283333180242],[13.479887945519968,49.551826535439666],[13.488881149157214,49.551826535439666],[13.488881149157214,49.54283333180242],[13.479887945519968,49.54283333180242]]]}},{"type":"Feature","properties":{"jobs":0,"pop":45,"pointCount":2,"homeWorkCommuteMedian":29046,"workHomeCommuteMedian":-1},"geometry":{"type":"Polygon","coordinates":[[[13.479887945519968,49.56081973907691],[13.479887945519968,49.56981294271416],[13.488881149157214,49.56981294271416],[13.488881149157214,49.56081973907691],[13.479887945519968,49.56081973907691]]]}},{"type":"Feature","properties":{"jobs":21,"pop":23,"pointCount":2,"homeWorkCommuteMedian":24812,"workHomeCommuteMedian":434},"geometry":{"type":"Polygon","coordinates":[[[13.479887945519968,49.596792553625896],[13.479887945519968,49.60578575726314],[13.488881149157214,49.60578575726314],[13.488881149157214,49.596792553625896],[13.479887945519968,49.596792553625896]]]}},{"type":"Feature","properties":{"jobs":0,"pop":54,"pointCount":1,"homeWorkCommuteMedian":23132,"workHomeCommuteMedian":-1},"geometry":{"type":"Polygon","coordinates":[[[13.479887945519968,49.60578575726314],[13.479887945519968,49.61477896090039],[13.488881149157214,49.61477896090039],[13.488881149157214,49.60578575726314],[13.479887945519968,49.60578575726314]]]}},{"type":"Feature","properties":{"jobs":3,"pop":45,"pointCount":3,"homeWorkCommuteMedian":12767,"workHomeCommuteMedian":298},"geometry":{"type":"Polygon","coordinates":[[[13.479887945519968,49.623772164537634],[13.479887945519968,49.63276536817488],[13.488881149157214,49.63276536817488],[13.488881149157214,49.623772164537634],[13.479887945519968,49.623772164537634]]]}},{"type":"Feature","properties":{"jobs":100,"pop":294,"pointCount":13,"homeWorkCommuteMedian":11022,"workHomeCommuteMedian":1231},"geometry":{"type":"Polygon","coordinates":[[[13.479887945519968,49.686724589998356],[13.479887945519968,49.6957177936356],[13.488881149157214,49.6957177936356],[13.488881149157214,49.686724589998356],[13.479887945519968,49.686724589998356]]]}},{"type":"Feature","properties":{"jobs":52,"pop":0,"pointCount":1,"homeWorkCommuteMedian":-1,"workHomeCommuteMedian":14175},"geometry":{"type":"Polygon","coordinates":[[[13.479887945519968,49.6957177936356],[13.479887945519968,49.70471099727285],[13.488881149157214,49.70471099727285],[13.488881149157214,49.6957177936356],[13.479887945519968,49.6957177936356]]]}},{"type":"Feature","properties":{"jobs":14,"pop":71,"pointCount":4,"homeWorkCommuteMedian":8228,"workHomeCommuteMedian":369},"geometry":{"type":"Polygon","coordinates":[[[13.479887945519968,49.74068381182183],[13.479887945519968,49.74967701545908],[13.488881149157214,49.74967701545908],[13.488881149157214,49.74068381182183],[13.479887945519968,49.74068381182183]]]}},{"type":"Feature","properties":{"jobs":54,"pop":511,"pointCount":18,"homeWorkCommuteMedian":9417,"workHomeCommuteMedian":729},"geometry":{"type":"Polygon","coordinates":[[[13.479887945519968,49.74967701545908],[13.479887945519968,49.758670219096324],[13.488881149157214,49.758670219096324],[13.488881149157214,49.74967701545908],[13.479887945519968,49.74967701545908]]]}},{"type":"Feature","properties":{"jobs":10,"pop":13,"pointCount":1,"homeWorkCommuteMedian":9259,"workHomeCommuteMedian":4396},"geometry":{"type":"Polygon","coordinates":[[[13.479887945519968,49.76766342273357],[13.479887945519968,49.776656626370816],[13.488881149157214,49.776656626370816],[13.488881149157214,49.76766342273357],[13.479887945519968,49.76766342273357]]]}},{"type":"Feature","properties":{"jobs":10,"pop":18,"pointCount":2,"homeWorkCommuteMedian":15521,"workHomeCommuteMedian":16244},"geometry":{"type":"Polygon","coordinates":[[[13.479887945519968,49.776656626370816],[13.479887945519968,49.78564983000806],[13.488881149157214,49.78564983000806],[13.488881149157214,49.776656626370816],[13.479887945519968,49.776656626370816]]]}},{"type":"Feature","properties":{"jobs":209,"pop":0,"pointCount":2,"homeWorkCommuteMedian":-1,"workHomeCommuteMedian":11653},"geometry":{"type":"Polygon","coordinates":[[[13.479887945519968,49.78564983000806],[13.479887945519968,49.79464303364531],[13.488881149157214,49.79464303364531],[13.488881149157214,49.78564983000806],[13.479887945519968,49.78564983000806]]]}},{"type":"Feature","properties":{"jobs":4,"pop":58,"pointCount":2,"homeWorkCommuteMedian":16783,"workHomeCommuteMedian":194},"geometry":{"type":"Polygon","coordinates":[[[13.479887945519968,49.84860225546878],[13.479887945519968,49.85759545910603],[13.488881149157214,49.85759545910603],[13.488881149157214,49.84860225546878],[13.479887945519968,49.84860225546878]]]}},{"type":"Feature","properties":{"jobs":445,"pop":1207,"pointCount":12,"homeWorkCommuteMedian":17160,"workHomeCommuteMedian":6202},"geometry":{"type":"Polygon","coordinates":[[[13.479887945519968,49.97450710639023],[13.479887945519968,49.98350031002747],[13.488881149157214,49.98350031002747],[13.488881149157214,49.97450710639023],[13.479887945519968,49.97450710639023]]]}},{"type":"Feature","properties":{"jobs":137,"pop":102,"pointCount":4,"homeWorkCommuteMedian":35250,"workHomeCommuteMedian":1447},"geometry":{"type":"Polygon","coordinates":[[[13.479887945519968,49.98350031002747],[13.479887945519968,49.99249351366472],[13.488881149157214,49.99249351366472],[13.488881149157214,49.98350031002747],[13.479887945519968,49.98350031002747]]]}},{"type":"Feature","properties":{"jobs":41,"pop":0,"pointCount":1,"homeWorkCommuteMedian":-1,"workHomeCommuteMedian":2373},"geometry":{"type":"Polygon","coordinates":[[[13.479887945519968,49.99249351366472],[13.479887945519968,50.001486717301965],[13.488881149157214,50.001486717301965],[13.488881149157214,49.99249351366472],[13.479887945519968,49.99249351366472]]]}},{"type":"Feature","properties":{"jobs":63,"pop":131,"pointCount":5,"homeWorkCommuteMedian":12937,"workHomeCommuteMedian":7453},"geometry":{"type":"Polygon","coordinates":[[[13.488881149157214,49.4798809063417],[13.488881149157214,49.488874109978944],[13.49787435279446,49.488874109978944],[13.49787435279446,49.4798809063417],[13.488881149157214,49.4798809063417]]]}},{"type":"Feature","properties":{"jobs":10,"pop":22,"pointCount":2,"homeWorkCommuteMedian":17095,"workHomeCommuteMedian":281},"geometry":{"type":"Polygon","coordinates":[[[13.488881149157214,49.60578575726314],[13.488881149157214,49.61477896090039],[13.49787435279446,49.61477896090039],[13.49787435279446,49.60578575726314],[13.488881149157214,49.60578575726314]]]}},{"type":"Feature","properties":{"jobs":0,"pop":20,"pointCount":1,"homeWorkCommuteMedian":22365,"workHomeCommuteMedian":-1},"geometry":{"type":"Polygon","coordinates":[[[13.488881149157214,49.61477896090039],[13.488881149157214,49.623772164537634],[13.49787435279446,49.623772164537634],[13.49787435279446,49.61477896090039],[13.488881149157214,49.61477896090039]]]}},{"type":"Feature","properties":{"jobs":0,"pop":49,"pointCount":2,"homeWorkCommuteMedian":8379,"workHomeCommuteMedian":-1},"geometry":{"type":"Polygon","coordinates":[[[13.488881149157214,49.668738182723864],[13.488881149157214,49.67773138636111],[13.49787435279446,49.67773138636111],[13.49787435279446,49.668738182723864],[13.488881149157214,49.668738182723864]]]}},{"type":"Feature","properties":{"jobs":35,"pop":88,"pointCount":4,"homeWorkCommuteMedian":11787,"workHomeCommuteMedian":974},"geometry":{"type":"Polygon","coordinates":[[[13.488881149157214,49.686724589998356],[13.488881149157214,49.6957177936356],[13.49787435279446,49.6957177936356],[13.49787435279446,49.686724589998356],[13.488881149157214,49.686724589998356]]]}},{"type":"Feature","properties":{"jobs":62,"pop":240,"pointCount":11,"homeWorkCommuteMedian":13871,"workHomeCommuteMedian":3201},"geometry":{"type":"Polygon","coordinates":[[[13.488881149157214,49.6957177936356],[13.488881149157214,49.70471099727285],[13.49787435279446,49.70471099727285],[13.49787435279446,49.6957177936356],[13.488881149157214,49.6957177936356]]]}},{"type":"Feature","properties":{"jobs":38,"pop":152,"pointCount":6,"homeWorkCommuteMedian":9552,"workHomeCommuteMedian":740},"geometry":{"type":"Polygon","coordinates":[[[13.488881149157214,49.74967701545908],[13.488881149157214,49.758670219096324],[13.49787435279446,49.758670219096324],[13.49787435279446,49.74967701545908],[13.488881149157214,49.74967701545908]]]}},{"type":"Feature","properties":{"jobs":616,"pop":345,"pointCount":13,"homeWorkCommuteMedian":12212,"workHomeCommuteMedian":13387},"geometry":{"type":"Polygon","coordinates":[[[13.488881149157214,49.76766342273357],[13.488881149157214,49.776656626370816],[13.49787435279446,49.776656626370816],[13.49787435279446,49.76766342273357],[13.488881149157214,49.76766342273357]]]}},{"type":"Feature","properties":{"jobs":78,"pop":329,"pointCount":18,"homeWorkCommuteMedian":12342,"workHomeCommuteMedian":7952},"geometry":{"type":"Polygon","coordinates":[[[13.488881149157214,49.776656626370816],[13.488881149157214,49.78564983000806],[13.49787435279446,49.78564983000806],[13.49787435279446,49.776656626370816],[13.488881149157214,49.776656626370816]]]}},{"type":"Feature","properties":{"jobs":192,"pop":247,"pointCount":11,"homeWorkCommuteMedian":11469,"workHomeCommuteMedian":10813},"geometry":{"type":"Polygon","coordinates":[[[13.488881149157214,49.78564983000806],[13.488881149157214,49.79464303364531],[13.49787435279446,49.79464303364531],[13.49787435279446,49.78564983000806],[13.488881149157214,49.78564983000806]]]}},{"type":"Feature","properties":{"jobs":91,"pop":740,"pointCount":28,"homeWorkCommuteMedian":12383,"workHomeCommuteMedian":7600},"geometry":{"type":"Polygon","coordinates":[[[13.488881149157214,49.79464303364531],[13.488881149157214,49.803636237282554],[13.49787435279446,49.803636237282554],[13.49787435279446,49.79464303364531],[13.488881149157214,49.79464303364531]]]}},{"type":"Feature","properties":{"jobs":16,"pop":27,"pointCount":2,"homeWorkCommuteMedian":13621,"workHomeCommuteMedian":114},"geometry":{"type":"Polygon","coordinates":[[[13.488881149157214,49.911554680929505],[13.488881149157214,49.92054788456675],[13.49787435279446,49.92054788456675],[13.49787435279446,49.911554680929505],[13.488881149157214,49.911554680929505]]]}},{"type":"Feature","properties":{"jobs":141,"pop":25,"pointCount":4,"homeWorkCommuteMedian":791,"workHomeCommuteMedian":755},"geometry":{"type":"Polygon","coordinates":[[[13.488881149157214,49.97450710639023],[13.488881149157214,49.98350031002747],[13.49787435279446,49.98350031002747],[13.49787435279446,49.97450710639023],[13.488881149157214,49.97450710639023]]]}},{"type":"Feature","properties":{"jobs":304,"pop":112,"pointCount":6,"homeWorkCommuteMedian":34042,"workHomeCommuteMedian":5059},"geometry":{"type":"Polygon","coordinates":[[[13.488881149157214,49.98350031002747],[13.488881149157214,49.99249351366472],[13.49787435279446,49.99249351366472],[13.49787435279446,49.98350031002747],[13.488881149157214,49.98350031002747]]]}},{"type":"Feature","properties":{"jobs":0,"pop":3,"pointCount":1,"homeWorkCommuteMedian":15522,"workHomeCommuteMedian":-1},"geometry":{"type":"Polygon","coordinates":[[[13.49787435279446,49.443908091792714],[13.49787435279446,49.45290129542996],[13.506867556431706,49.45290129542996],[13.506867556431706,49.443908091792714],[13.49787435279446,49.443908091792714]]]}},{"type":"Feature","properties":{"jobs":0,"pop":35,"pointCount":2,"homeWorkCommuteMedian":15793,"workHomeCommuteMedian":-1},"geometry":{"type":"Polygon","coordinates":[[[13.49787435279446,49.461894499067206],[13.49787435279446,49.47088770270445],[13.506867556431706,49.47088770270445],[13.506867556431706,49.461894499067206],[13.49787435279446,49.461894499067206]]]}},{"type":"Feature","properties":{"jobs":14,"pop":0,"pointCount":1,"homeWorkCommuteMedian":-1,"workHomeCommuteMedian":5631},"geometry":{"type":"Polygon","coordinates":[[[13.49787435279446,49.47088770270445],[13.49787435279446,49.4798809063417],[13.506867556431706,49.4798809063417],[13.506867556431706,49.47088770270445],[13.49787435279446,49.47088770270445]]]}},{"type":"Feature","properties":{"jobs":95,"pop":22,"pointCount":3,"homeWorkCommuteMedian":32374,"workHomeCommuteMedian":4506},"geometry":{"type":"Polygon","coordinates":[[[13.49787435279446,49.4798809063417],[13.49787435279446,49.488874109978944],[13.506867556431706,49.488874109978944],[13.506867556431706,49.4798809063417],[13.49787435279446,49.4798809063417]]]}},{"type":"Feature","properties":{"jobs":0,"pop":34,"pointCount":2,"homeWorkCommuteMedian":26656,"workHomeCommuteMedian":-1},"geometry":{"type":"Polygon","coordinates":[[[13.49787435279446,49.488874109978944],[13.49787435279446,49.49786731361619],[13.506867556431706,49.49786731361619],[13.506867556431706,49.488874109978944],[13.49787435279446,49.488874109978944]]]}},{"type":"Feature","properties":{"jobs":0,"pop":21,"pointCount":2,"homeWorkCommuteMedian":24462,"workHomeCommuteMedian":-1},"geometry":{"type":"Polygon","coordinates":[[[13.49787435279446,49.51585372089068],[13.49787435279446,49.52484692452793],[13.506867556431706,49.52484692452793],[13.506867556431706,49.51585372089068],[13.49787435279446,49.51585372089068]]]}},{"type":"Feature","properties":{"jobs":11,"pop":24,"pointCount":2,"homeWorkCommuteMedian":5384,"workHomeCommuteMedian":459},"geometry":{"type":"Polygon","coordinates":[[[13.49787435279446,49.56081973907691],[13.49787435279446,49.56981294271416],[13.506867556431706,49.56981294271416],[13.506867556431706,49.56081973907691],[13.49787435279446,49.56081973907691]]]}},{"type":"Feature","properties":{"jobs":0,"pop":32,"pointCount":2,"homeWorkCommuteMedian":23946,"workHomeCommuteMedian":-1},"geometry":{"type":"Polygon","coordinates":[[[13.49787435279446,49.578806146351404],[13.49787435279446,49.58779934998865],[13.506867556431706,49.58779934998865],[13.506867556431706,49.578806146351404],[13.49787435279446,49.578806146351404]]]}},{"type":"Feature","properties":{"jobs":14,"pop":118,"pointCount":6,"homeWorkCommuteMedian":20894,"workHomeCommuteMedian":68},"geometry":{"type":"Polygon","coordinates":[[[13.49787435279446,49.58779934998865],[13.49787435279446,49.596792553625896],[13.506867556431706,49.596792553625896],[13.506867556431706,49.58779934998865],[13.49787435279446,49.58779934998865]]]}},{"type":"Feature","properties":{"jobs":1,"pop":11,"pointCount":2,"homeWorkCommuteMedian":27972,"workHomeCommuteMedian":129},"geometry":{"type":"Polygon","coordinates":[[[13.49787435279446,49.60578575726314],[13.49787435279446,49.61477896090039],[13.506867556431706,49.61477896090039],[13.506867556431706,49.60578575726314],[13.49787435279446,49.60578575726314]]]}},{"type":"Feature","properties":{"jobs":30,"pop":324,"pointCount":16,"homeWorkCommuteMedian":17242,"workHomeCommuteMedian":19230},"geometry":{"type":"Polygon","coordinates":[[[13.49787435279446,49.65974497908662],[13.49787435279446,49.668738182723864],[13.506867556431706,49.668738182723864],[13.506867556431706,49.65974497908662],[13.49787435279446,49.65974497908662]]]}},{"type":"Feature","properties":{"jobs":507,"pop":611,"pointCount":27,"homeWorkCommuteMedian":13967,"workHomeCommuteMedian":11383},"geometry":{"type":"Polygon","coordinates":[[[13.49787435279446,49.668738182723864],[13.49787435279446,49.67773138636111],[13.506867556431706,49.67773138636111],[13.506867556431706,49.668738182723864],[13.49787435279446,49.668738182723864]]]}},{"type":"Feature","properties":{"jobs":318,"pop":28,"pointCount":4,"homeWorkCommuteMedian":17645,"workHomeCommuteMedian":13497},"geometry":{"type":"Polygon","coordinates":[[[13.49787435279446,49.67773138636111],[13.49787435279446,49.686724589998356],[13.506867556431706,49.686724589998356],[13.506867556431706,49.67773138636111],[13.49787435279446,49.67773138636111]]]}},{"type":"Feature","properties":{"jobs":0,"pop":34,"pointCount":2,"homeWorkCommuteMedian":11778,"workHomeCommuteMedian":-1},"geometry":{"type":"Polygon","coordinates":[[[13.49787435279446,49.686724589998356],[13.49787435279446,49.6957177936356],[13.506867556431706,49.6957177936356],[13.506867556431706,49.686724589998356],[13.49787435279446,49.686724589998356]]]}},{"type":"Feature","properties":{"jobs":42,"pop":21,"pointCount":3,"homeWorkCommuteMedian":21192,"workHomeCommuteMedian":8782},"geometry":{"type":"Polygon","coordinates":[[[13.49787435279446,49.713704200910094],[13.49787435279446,49.72269740454734],[13.506867556431706,49.72269740454734],[13.506867556431706,49.713704200910094],[13.49787435279446,49.713704200910094]]]}},{"type":"Feature","properties":{"jobs":478,"pop":0,"pointCount":1,"homeWorkCommuteMedian":-1,"workHomeCommuteMedian":17310},"geometry":{"type":"Polygon","coordinates":[[[13.49787435279446,49.758670219096324],[13.49787435279446,49.76766342273357],[13.506867556431706,49.76766342273357],[13.506867556431706,49.758670219096324],[13.49787435279446,49.758670219096324]]]}},{"type":"Feature","properties":{"jobs":687,"pop":12,"pointCount":3,"homeWorkCommuteMedian":39892,"workHomeCommuteMedian":13815},"geometry":{"type":"Polygon","coordinates":[[[13.49787435279446,49.76766342273357],[13.49787435279446,49.776656626370816],[13.506867556431706,49.776656626370816],[13.506867556431706,49.76766342273357],[13.49787435279446,49.76766342273357]]]}},{"type":"Feature","properties":{"jobs":14,"pop":98,"pointCount":6,"homeWorkCommuteMedian":13144,"workHomeCommuteMedian":4164},"geometry":{"type":"Polygon","coordinates":[[[13.49787435279446,49.776656626370816],[13.49787435279446,49.78564983000806],[13.506867556431706,49.78564983000806],[13.506867556431706,49.776656626370816],[13.49787435279446,49.776656626370816]]]}},{"type":"Feature","properties":{"jobs":0,"pop":21,"pointCount":1,"homeWorkCommuteMedian":1268,"workHomeCommuteMedian":-1},"geometry":{"type":"Polygon","coordinates":[[[13.49787435279446,49.78564983000806],[13.49787435279446,49.79464303364531],[13.506867556431706,49.79464303364531],[13.506867556431706,49.78564983000806],[13.49787435279446,49.78564983000806]]]}},{"type":"Feature","properties":{"jobs":0,"pop":53,"pointCount":4,"homeWorkCommuteMedian":14630,"workHomeCommuteMedian":-1},"geometry":{"type":"Polygon","coordinates":[[[13.49787435279446,49.79464303364531],[13.49787435279446,49.803636237282554],[13.506867556431706,49.803636237282554],[13.506867556431706,49.79464303364531],[13.49787435279446,49.79464303364531]]]}},{"type":"Feature","properties":{"jobs":0,"pop":49,"pointCount":2,"homeWorkCommuteMedian":4285,"workHomeCommuteMedian":-1},"geometry":{"type":"Polygon","coordinates":[[[13.49787435279446,50.001486717301965],[13.49787435279446,50.01047992093921],[13.506867556431706,50.01047992093921],[13.506867556431706,50.001486717301965],[13.49787435279446,50.001486717301965]]]}},{"type":"Feature","properties":{"jobs":15,"pop":74,"pointCount":4,"homeWorkCommuteMedian":11800,"workHomeCommuteMedian":7346},"geometry":{"type":"Polygon","coordinates":[[[13.506867556431706,49.43491488815547],[13.506867556431706,49.443908091792714],[13.515860760068952,49.443908091792714],[13.515860760068952,49.43491488815547],[13.506867556431706,49.43491488815547]]]}},{"type":"Feature","properties":{"jobs":0,"pop":40,"pointCount":1,"homeWorkCommuteMedian":36131,"workHomeCommuteMedian":-1},"geometry":{"type":"Polygon","coordinates":[[[13.506867556431706,49.443908091792714],[13.506867556431706,49.45290129542996],[13.515860760068952,49.45290129542996],[13.515860760068952,49.443908091792714],[13.506867556431706,49.443908091792714]]]}},{"type":"Feature","properties":{"jobs":14,"pop":0,"pointCount":1,"homeWorkCommuteMedian":-1,"workHomeCommuteMedian":8265},"geometry":{"type":"Polygon","coordinates":[[[13.506867556431706,49.45290129542996],[13.506867556431706,49.461894499067206],[13.515860760068952,49.461894499067206],[13.515860760068952,49.45290129542996],[13.506867556431706,49.45290129542996]]]}},{"type":"Feature","properties":{"jobs":2,"pop":0,"pointCount":1,"homeWorkCommuteMedian":-1,"workHomeCommuteMedian":411},"geometry":{"type":"Polygon","coordinates":[[[13.506867556431706,49.49786731361619],[13.506867556431706,49.506860517253436],[13.515860760068952,49.506860517253436],[13.515860760068952,49.49786731361619],[13.506867556431706,49.49786731361619]]]}},{"type":"Feature","properties":{"jobs":7,"pop":74,"pointCount":3,"homeWorkCommuteMedian":29464,"workHomeCommuteMedian":237},"geometry":{"type":"Polygon","coordinates":[[[13.506867556431706,49.51585372089068],[13.506867556431706,49.52484692452793],[13.515860760068952,49.52484692452793],[13.515860760068952,49.51585372089068],[13.506867556431706,49.51585372089068]]]}},{"type":"Feature","properties":{"jobs":3,"pop":16,"pointCount":3,"homeWorkCommuteMedian":1670,"workHomeCommuteMedian":295},"geometry":{"type":"Polygon","coordinates":[[[13.506867556431706,49.551826535439666],[13.506867556431706,49.56081973907691],[13.515860760068952,49.56081973907691],[13.515860760068952,49.551826535439666],[13.506867556431706,49.551826535439666]]]}},{"type":"Feature","properties":{"jobs":0,"pop":10,"pointCount":1,"homeWorkCommuteMedian":241,"workHomeCommuteMedian":-1},"geometry":{"type":"Polygon","coordinates":[[[13.506867556431706,49.56081973907691],[13.506867556431706,49.56981294271416],[13.515860760068952,49.56981294271416],[13.515860760068952,49.56081973907691],[13.506867556431706,49.56081973907691]]]}},{"type":"Feature","properties":{"jobs":19,"pop":13,"pointCount":2,"homeWorkCommuteMedian":3944,"workHomeCommuteMedian":1239},"geometry":{"type":"Polygon","coordinates":[[[13.506867556431706,49.578806146351404],[13.506867556431706,49.58779934998865],[13.515860760068952,49.58779934998865],[13.515860760068952,49.578806146351404],[13.506867556431706,49.578806146351404]]]}},{"type":"Feature","properties":{"jobs":0,"pop":78,"pointCount":4,"homeWorkCommuteMedian":25415,"workHomeCommuteMedian":-1},"geometry":{"type":"Polygon","coordinates":[[[13.506867556431706,49.60578575726314],[13.506867556431706,49.61477896090039],[13.515860760068952,49.61477896090039],[13.515860760068952,49.60578575726314],[13.506867556431706,49.60578575726314]]]}},{"type":"Feature","properties":{"jobs":21,"pop":161,"pointCount":8,"homeWorkCommuteMedian":16391,"workHomeCommuteMedian":857},"geometry":{"type":"Polygon","coordinates":[[[13.506867556431706,49.63276536817488],[13.506867556431706,49.641758571812126],[13.515860760068952,49.641758571812126],[13.515860760068952,49.63276536817488],[13.506867556431706,49.63276536817488]]]}},{"type":"Feature","properties":{"jobs":33,"pop":13,"pointCount":2,"homeWorkCommuteMedian":20976,"workHomeCommuteMedian":9622},"geometry":{"type":"Polygon","coordinates":[[[13.506867556431706,49.641758571812126],[13.506867556431706,49.65075177544937],[13.515860760068952,49.65075177544937],[13.515860760068952,49.641758571812126],[13.506867556431706,49.641758571812126]]]}},{"type":"Feature","properties":{"jobs":0,"pop":138,"pointCount":7,"homeWorkCommuteMedian":11235,"workHomeCommuteMedian":-1},"geometry":{"type":"Polygon","coordinates":[[[13.506867556431706,49.668738182723864],[13.506867556431706,49.67773138636111],[13.515860760068952,49.67773138636111],[13.515860760068952,49.668738182723864],[13.506867556431706,49.668738182723864]]]}},{"type":"Feature","properties":{"jobs":0,"pop":42,"pointCount":1,"homeWorkCommuteMedian":14224,"workHomeCommuteMedian":-1},"geometry":{"type":"Polygon","coordinates":[[[13.506867556431706,49.67773138636111],[13.506867556431706,49.686724589998356],[13.515860760068952,49.686724589998356],[13.515860760068952,49.67773138636111],[13.506867556431706,49.67773138636111]]]}},{"type":"Feature","properties":{"jobs":0,"pop":80,"pointCount":4,"homeWorkCommuteMedian":13143,"workHomeCommuteMedian":-1},"geometry":{"type":"Polygon","coordinates":[[[13.506867556431706,49.70471099727285],[13.506867556431706,49.713704200910094],[13.515860760068952,49.713704200910094],[13.515860760068952,49.70471099727285],[13.506867556431706,49.70471099727285]]]}},{"type":"Feature","properties":{"jobs":32,"pop":457,"pointCount":17,"homeWorkCommuteMedian":11727,"workHomeCommuteMedian":5906},"geometry":{"type":"Polygon","coordinates":[[[13.506867556431706,49.713704200910094],[13.506867556431706,49.72269740454734],[13.515860760068952,49.72269740454734],[13.515860760068952,49.713704200910094],[13.506867556431706,49.713704200910094]]]}},{"type":"Feature","properties":{"jobs":564,"pop":0,"pointCount":1,"homeWorkCommuteMedian":-1,"workHomeCommuteMedian":11018},"geometry":{"type":"Polygon","coordinates":[[[13.506867556431706,49.731690608184586],[13.506867556431706,49.74068381182183],[13.515860760068952,49.74068381182183],[13.515860760068952,49.731690608184586],[13.506867556431706,49.731690608184586]]]}},{"type":"Feature","properties":{"jobs":24,"pop":133,"pointCount":7,"homeWorkCommuteMedian":11610,"workHomeCommuteMedian":803},"geometry":{"type":"Polygon","coordinates":[[[13.506867556431706,49.74068381182183],[13.506867556431706,49.74967701545908],[13.515860760068952,49.74967701545908],[13.515860760068952,49.74068381182183],[13.506867556431706,49.74068381182183]]]}},{"type":"Feature","properties":{"jobs":0,"pop":140,"pointCount":4,"homeWorkCommuteMedian":12350,"workHomeCommuteMedian":-1},"geometry":{"type":"Polygon","coordinates":[[[13.506867556431706,49.74967701545908],[13.506867556431706,49.758670219096324],[13.515860760068952,49.758670219096324],[13.515860760068952,49.74967701545908],[13.506867556431706,49.74967701545908]]]}},{"type":"Feature","properties":{"jobs":2,"pop":0,"pointCount":1,"homeWorkCommuteMedian":-1,"workHomeCommuteMedian":2476},"geometry":{"type":"Polygon","coordinates":[[[13.506867556431706,49.76766342273357],[13.506867556431706,49.776656626370816],[13.515860760068952,49.776656626370816],[13.515860760068952,49.76766342273357],[13.506867556431706,49.76766342273357]]]}},{"type":"Feature","properties":{"jobs":0,"pop":223,"pointCount":9,"homeWorkCommuteMedian":13799,"workHomeCommuteMedian":-1},"geometry":{"type":"Polygon","coordinates":[[[13.506867556431706,49.776656626370816],[13.506867556431706,49.78564983000806],[13.515860760068952,49.78564983000806],[13.515860760068952,49.776656626370816],[13.506867556431706,49.776656626370816]]]}},{"type":"Feature","properties":{"jobs":23,"pop":159,"pointCount":7,"homeWorkCommuteMedian":13624,"workHomeCommuteMedian":243},"geometry":{"type":"Polygon","coordinates":[[[13.506867556431706,49.79464303364531],[13.506867556431706,49.803636237282554],[13.515860760068952,49.803636237282554],[13.515860760068952,49.79464303364531],[13.506867556431706,49.79464303364531]]]}},{"type":"Feature","properties":{"jobs":17,"pop":0,"pointCount":1,"homeWorkCommuteMedian":-1,"workHomeCommuteMedian":1527},"geometry":{"type":"Polygon","coordinates":[[[13.506867556431706,49.803636237282554],[13.506867556431706,49.8126294409198],[13.515860760068952,49.8126294409198],[13.515860760068952,49.803636237282554],[13.506867556431706,49.803636237282554]]]}},{"type":"Feature","properties":{"jobs":0,"pop":23,"pointCount":1,"homeWorkCommuteMedian":18490,"workHomeCommuteMedian":-1},"geometry":{"type":"Polygon","coordinates":[[[13.506867556431706,49.83061584819429],[13.506867556431706,49.83960905183154],[13.515860760068952,49.83960905183154],[13.515860760068952,49.83061584819429],[13.506867556431706,49.83061584819429]]]}},{"type":"Feature","properties":{"jobs":29,"pop":41,"pointCount":4,"homeWorkCommuteMedian":20941,"workHomeCommuteMedian":6751},"geometry":{"type":"Polygon","coordinates":[[[13.506867556431706,49.83960905183154],[13.506867556431706,49.84860225546878],[13.515860760068952,49.84860225546878],[13.515860760068952,49.83960905183154],[13.506867556431706,49.83960905183154]]]}},{"type":"Feature","properties":{"jobs":9,"pop":78,"pointCount":4,"homeWorkCommuteMedian":20638,"workHomeCommuteMedian":472},"geometry":{"type":"Polygon","coordinates":[[[13.506867556431706,49.866588662743276],[13.506867556431706,49.87558186638052],[13.515860760068952,49.87558186638052],[13.515860760068952,49.866588662743276],[13.506867556431706,49.866588662743276]]]}},{"type":"Feature","properties":{"jobs":1,"pop":40,"pointCount":3,"homeWorkCommuteMedian":16500,"workHomeCommuteMedian":234},"geometry":{"type":"Polygon","coordinates":[[[13.506867556431706,49.87558186638052],[13.506867556431706,49.88457507001777],[13.515860760068952,49.88457507001777],[13.515860760068952,49.87558186638052],[13.506867556431706,49.87558186638052]]]}},{"type":"Feature","properties":{"jobs":0,"pop":20,"pointCount":2,"homeWorkCommuteMedian":37838,"workHomeCommuteMedian":-1},"geometry":{"type":"Polygon","coordinates":[[[13.506867556431706,49.93853429184124],[13.506867556431706,49.94752749547849],[13.515860760068952,49.94752749547849],[13.515860760068952,49.93853429184124],[13.506867556431706,49.93853429184124]]]}},{"type":"Feature","properties":{"jobs":12,"pop":20,"pointCount":2,"homeWorkCommuteMedian":42698,"workHomeCommuteMedian":797},"geometry":{"type":"Polygon","coordinates":[[[13.506867556431706,50.001486717301965],[13.506867556431706,50.01047992093921],[13.515860760068952,50.01047992093921],[13.515860760068952,50.001486717301965],[13.506867556431706,50.001486717301965]]]}},{"type":"Feature","properties":{"jobs":0,"pop":75,"pointCount":3,"homeWorkCommuteMedian":42221,"workHomeCommuteMedian":-1},"geometry":{"type":"Polygon","coordinates":[[[13.515860760068952,49.43491488815547],[13.515860760068952,49.443908091792714],[13.524853963706198,49.443908091792714],[13.524853963706198,49.43491488815547],[13.515860760068952,49.43491488815547]]]}},{"type":"Feature","properties":{"jobs":35,"pop":0,"pointCount":1,"homeWorkCommuteMedian":-1,"workHomeCommuteMedian":2023},"geometry":{"type":"Polygon","coordinates":[[[13.515860760068952,49.52484692452793],[13.515860760068952,49.533840128165174],[13.524853963706198,49.533840128165174],[13.524853963706198,49.52484692452793],[13.515860760068952,49.52484692452793]]]}},{"type":"Feature","properties":{"jobs":0,"pop":42,"pointCount":3,"homeWorkCommuteMedian":27144,"workHomeCommuteMedian":-1},"geometry":{"type":"Polygon","coordinates":[[[13.515860760068952,49.533840128165174],[13.515860760068952,49.54283333180242],[13.524853963706198,49.54283333180242],[13.524853963706198,49.533840128165174],[13.515860760068952,49.533840128165174]]]}},{"type":"Feature","properties":{"jobs":67,"pop":234,"pointCount":11,"homeWorkCommuteMedian":25080,"workHomeCommuteMedian":4600},"geometry":{"type":"Polygon","coordinates":[[[13.515860760068952,49.54283333180242],[13.515860760068952,49.551826535439666],[13.524853963706198,49.551826535439666],[13.524853963706198,49.54283333180242],[13.515860760068952,49.54283333180242]]]}},{"type":"Feature","properties":{"jobs":0,"pop":40,"pointCount":2,"homeWorkCommuteMedian":28522,"workHomeCommuteMedian":-1},"geometry":{"type":"Polygon","coordinates":[[[13.515860760068952,49.56981294271416],[13.515860760068952,49.578806146351404],[13.524853963706198,49.578806146351404],[13.524853963706198,49.56981294271416],[13.515860760068952,49.56981294271416]]]}},{"type":"Feature","properties":{"jobs":19,"pop":81,"pointCount":5,"homeWorkCommuteMedian":20506,"workHomeCommuteMedian":842},"geometry":{"type":"Polygon","coordinates":[[[13.515860760068952,49.596792553625896],[13.515860760068952,49.60578575726314],[13.524853963706198,49.60578575726314],[13.524853963706198,49.596792553625896],[13.515860760068952,49.596792553625896]]]}},{"type":"Feature","properties":{"jobs":23,"pop":143,"pointCount":7,"homeWorkCommuteMedian":20569,"workHomeCommuteMedian":470},"geometry":{"type":"Polygon","coordinates":[[[13.515860760068952,49.60578575726314],[13.515860760068952,49.61477896090039],[13.524853963706198,49.61477896090039],[13.524853963706198,49.60578575726314],[13.515860760068952,49.60578575726314]]]}},{"type":"Feature","properties":{"jobs":82,"pop":287,"pointCount":11,"homeWorkCommuteMedian":17622,"workHomeCommuteMedian":814},"geometry":{"type":"Polygon","coordinates":[[[13.515860760068952,49.63276536817488],[13.515860760068952,49.641758571812126],[13.524853963706198,49.641758571812126],[13.524853963706198,49.63276536817488],[13.515860760068952,49.63276536817488]]]}},{"type":"Feature","properties":{"jobs":25,"pop":177,"pointCount":8,"homeWorkCommuteMedian":18203,"workHomeCommuteMedian":9030},"geometry":{"type":"Polygon","coordinates":[[[13.515860760068952,49.641758571812126],[13.515860760068952,49.65075177544937],[13.524853963706198,49.65075177544937],[13.524853963706198,49.641758571812126],[13.515860760068952,49.641758571812126]]]}},{"type":"Feature","properties":{"jobs":0,"pop":34,"pointCount":2,"homeWorkCommuteMedian":21993,"workHomeCommuteMedian":-1},"geometry":{"type":"Polygon","coordinates":[[[13.515860760068952,49.65075177544937],[13.515860760068952,49.65974497908662],[13.524853963706198,49.65974497908662],[13.524853963706198,49.65075177544937],[13.515860760068952,49.65075177544937]]]}},{"type":"Feature","properties":{"jobs":0,"pop":127,"pointCount":7,"homeWorkCommuteMedian":15627,"workHomeCommuteMedian":-1},"geometry":{"type":"Polygon","coordinates":[[[13.515860760068952,49.65974497908662],[13.515860760068952,49.668738182723864],[13.524853963706198,49.668738182723864],[13.524853963706198,49.65974497908662],[13.515860760068952,49.65974497908662]]]}},{"type":"Feature","properties":{"jobs":34,"pop":182,"pointCount":8,"homeWorkCommuteMedian":12016,"workHomeCommuteMedian":421},"geometry":{"type":"Polygon","coordinates":[[[13.515860760068952,49.713704200910094],[13.515860760068952,49.72269740454734],[13.524853963706198,49.72269740454734],[13.524853963706198,49.713704200910094],[13.515860760068952,49.713704200910094]]]}},{"type":"Feature","properties":{"jobs":0,"pop":151,"pointCount":7,"homeWorkCommuteMedian":7036,"workHomeCommuteMedian":-1},"geometry":{"type":"Polygon","coordinates":[[[13.515860760068952,49.74068381182183],[13.515860760068952,49.74967701545908],[13.524853963706198,49.74967701545908],[13.524853963706198,49.74068381182183],[13.515860760068952,49.74068381182183]]]}},{"type":"Feature","properties":{"jobs":0,"pop":23,"pointCount":2,"homeWorkCommuteMedian":12839,"workHomeCommuteMedian":-1},"geometry":{"type":"Polygon","coordinates":[[[13.515860760068952,49.79464303364531],[13.515860760068952,49.803636237282554],[13.524853963706198,49.803636237282554],[13.524853963706198,49.79464303364531],[13.515860760068952,49.79464303364531]]]}},{"type":"Feature","properties":{"jobs":0,"pop":10,"pointCount":1,"homeWorkCommuteMedian":15831,"workHomeCommuteMedian":-1},"geometry":{"type":"Polygon","coordinates":[[[13.515860760068952,49.8126294409198],[13.515860760068952,49.821622644557046],[13.524853963706198,49.821622644557046],[13.524853963706198,49.8126294409198],[13.515860760068952,49.8126294409198]]]}},{"type":"Feature","properties":{"jobs":0,"pop":14,"pointCount":1,"homeWorkCommuteMedian":19383,"workHomeCommuteMedian":-1},"geometry":{"type":"Polygon","coordinates":[[[13.515860760068952,49.83061584819429],[13.515860760068952,49.83960905183154],[13.524853963706198,49.83960905183154],[13.524853963706198,49.83061584819429],[13.515860760068952,49.83061584819429]]]}},{"type":"Feature","properties":{"jobs":8,"pop":50,"pointCount":3,"homeWorkCommuteMedian":12770,"workHomeCommuteMedian":204},"geometry":{"type":"Polygon","coordinates":[[[13.515860760068952,49.84860225546878],[13.515860760068952,49.85759545910603],[13.524853963706198,49.85759545910603],[13.524853963706198,49.84860225546878],[13.515860760068952,49.84860225546878]]]}},{"type":"Feature","properties":{"jobs":0,"pop":33,"pointCount":2,"homeWorkCommuteMedian":27059,"workHomeCommuteMedian":-1},"geometry":{"type":"Polygon","coordinates":[[[13.515860760068952,49.90256147729226],[13.515860760068952,49.911554680929505],[13.524853963706198,49.911554680929505],[13.524853963706198,49.90256147729226],[13.515860760068952,49.90256147729226]]]}},{"type":"Feature","properties":{"jobs":0,"pop":18,"pointCount":1,"homeWorkCommuteMedian":57642,"workHomeCommuteMedian":-1},"geometry":{"type":"Polygon","coordinates":[[[13.515860760068952,49.911554680929505],[13.515860760068952,49.92054788456675],[13.524853963706198,49.92054788456675],[13.524853963706198,49.911554680929505],[13.515860760068952,49.911554680929505]]]}},{"type":"Feature","properties":{"jobs":10,"pop":24,"pointCount":2,"homeWorkCommuteMedian":2663,"workHomeCommuteMedian":119},"geometry":{"type":"Polygon","coordinates":[[[13.515860760068952,49.93853429184124],[13.515860760068952,49.94752749547849],[13.524853963706198,49.94752749547849],[13.524853963706198,49.93853429184124],[13.515860760068952,49.93853429184124]]]}},{"type":"Feature","properties":{"jobs":9,"pop":28,"pointCount":2,"homeWorkCommuteMedian":7022,"workHomeCommuteMedian":218},"geometry":{"type":"Polygon","coordinates":[[[13.515860760068952,49.94752749547849],[13.515860760068952,49.956520699115735],[13.524853963706198,49.956520699115735],[13.524853963706198,49.94752749547849],[13.515860760068952,49.94752749547849]]]}},{"type":"Feature","properties":{"jobs":26,"pop":0,"pointCount":1,"homeWorkCommuteMedian":-1,"workHomeCommuteMedian":7568},"geometry":{"type":"Polygon","coordinates":[[[13.515860760068952,49.99249351366472],[13.515860760068952,50.001486717301965],[13.524853963706198,50.001486717301965],[13.524853963706198,49.99249351366472],[13.515860760068952,49.99249351366472]]]}},{"type":"Feature","properties":{"jobs":13,"pop":74,"pointCount":4,"homeWorkCommuteMedian":29163,"workHomeCommuteMedian":242},"geometry":{"type":"Polygon","coordinates":[[[13.524853963706198,49.51585372089068],[13.524853963706198,49.52484692452793],[13.533847167343444,49.52484692452793],[13.533847167343444,49.51585372089068],[13.524853963706198,49.51585372089068]]]}},{"type":"Feature","properties":{"jobs":598,"pop":102,"pointCount":7,"homeWorkCommuteMedian":25055,"workHomeCommuteMedian":12687},"geometry":{"type":"Polygon","coordinates":[[[13.524853963706198,49.56981294271416],[13.524853963706198,49.578806146351404],[13.533847167343444,49.578806146351404],[13.533847167343444,49.56981294271416],[13.524853963706198,49.56981294271416]]]}},{"type":"Feature","properties":{"jobs":64,"pop":120,"pointCount":5,"homeWorkCommuteMedian":19603,"workHomeCommuteMedian":13931},"geometry":{"type":"Polygon","coordinates":[[[13.524853963706198,49.578806146351404],[13.524853963706198,49.58779934998865],[13.533847167343444,49.58779934998865],[13.533847167343444,49.578806146351404],[13.524853963706198,49.578806146351404]]]}},{"type":"Feature","properties":{"jobs":0,"pop":19,"pointCount":1,"homeWorkCommuteMedian":842,"workHomeCommuteMedian":-1},"geometry":{"type":"Polygon","coordinates":[[[13.524853963706198,49.60578575726314],[13.524853963706198,49.61477896090039],[13.533847167343444,49.61477896090039],[13.533847167343444,49.60578575726314],[13.524853963706198,49.60578575726314]]]}},{"type":"Feature","properties":{"jobs":31,"pop":176,"pointCount":8,"homeWorkCommuteMedian":17262,"workHomeCommuteMedian":5783},"geometry":{"type":"Polygon","coordinates":[[[13.524853963706198,49.623772164537634],[13.524853963706198,49.63276536817488],[13.533847167343444,49.63276536817488],[13.533847167343444,49.623772164537634],[13.524853963706198,49.623772164537634]]]}},{"type":"Feature","properties":{"jobs":1,"pop":165,"pointCount":10,"homeWorkCommuteMedian":16195,"workHomeCommuteMedian":233},"geometry":{"type":"Polygon","coordinates":[[[13.524853963706198,49.63276536817488],[13.524853963706198,49.641758571812126],[13.533847167343444,49.641758571812126],[13.533847167343444,49.63276536817488],[13.524853963706198,49.63276536817488]]]}},{"type":"Feature","properties":{"jobs":1,"pop":52,"pointCount":2,"homeWorkCommuteMedian":14658,"workHomeCommuteMedian":260},"geometry":{"type":"Polygon","coordinates":[[[13.524853963706198,49.65075177544937],[13.524853963706198,49.65974497908662],[13.533847167343444,49.65974497908662],[13.533847167343444,49.65075177544937],[13.524853963706198,49.65075177544937]]]}},{"type":"Feature","properties":{"jobs":0,"pop":65,"pointCount":1,"homeWorkCommuteMedian":19881,"workHomeCommuteMedian":-1},"geometry":{"type":"Polygon","coordinates":[[[13.524853963706198,49.65974497908662],[13.524853963706198,49.668738182723864],[13.533847167343444,49.668738182723864],[13.533847167343444,49.65974497908662],[13.524853963706198,49.65974497908662]]]}},{"type":"Feature","properties":{"jobs":123,"pop":0,"pointCount":2,"homeWorkCommuteMedian":-1,"workHomeCommuteMedian":16428},"geometry":{"type":"Polygon","coordinates":[[[13.524853963706198,49.668738182723864],[13.524853963706198,49.67773138636111],[13.533847167343444,49.67773138636111],[13.533847167343444,49.668738182723864],[13.524853963706198,49.668738182723864]]]}},{"type":"Feature","properties":{"jobs":22,"pop":133,"pointCount":6,"homeWorkCommuteMedian":15698,"workHomeCommuteMedian":169},"geometry":{"type":"Polygon","coordinates":[[[13.524853963706198,49.6957177936356],[13.524853963706198,49.70471099727285],[13.533847167343444,49.70471099727285],[13.533847167343444,49.6957177936356],[13.524853963706198,49.6957177936356]]]}},{"type":"Feature","properties":{"jobs":0,"pop":44,"pointCount":3,"homeWorkCommuteMedian":13672,"workHomeCommuteMedian":-1},"geometry":{"type":"Polygon","coordinates":[[[13.524853963706198,49.713704200910094],[13.524853963706198,49.72269740454734],[13.533847167343444,49.72269740454734],[13.533847167343444,49.713704200910094],[13.524853963706198,49.713704200910094]]]}},{"type":"Feature","properties":{"jobs":0,"pop":113,"pointCount":3,"homeWorkCommuteMedian":16132,"workHomeCommuteMedian":-1},"geometry":{"type":"Polygon","coordinates":[[[13.524853963706198,49.74967701545908],[13.524853963706198,49.758670219096324],[13.533847167343444,49.758670219096324],[13.533847167343444,49.74967701545908],[13.524853963706198,49.74967701545908]]]}},{"type":"Feature","properties":{"jobs":0,"pop":20,"pointCount":1,"homeWorkCommuteMedian":25954,"workHomeCommuteMedian":-1},"geometry":{"type":"Polygon","coordinates":[[[13.524853963706198,49.758670219096324],[13.524853963706198,49.76766342273357],[13.533847167343444,49.76766342273357],[13.533847167343444,49.758670219096324],[13.524853963706198,49.758670219096324]]]}},{"type":"Feature","properties":{"jobs":24,"pop":104,"pointCount":6,"homeWorkCommuteMedian":11819,"workHomeCommuteMedian":446},"geometry":{"type":"Polygon","coordinates":[[[13.524853963706198,49.79464303364531],[13.524853963706198,49.803636237282554],[13.533847167343444,49.803636237282554],[13.533847167343444,49.79464303364531],[13.524853963706198,49.79464303364531]]]}},{"type":"Feature","properties":{"jobs":1,"pop":129,"pointCount":4,"homeWorkCommuteMedian":14380,"workHomeCommuteMedian":655},"geometry":{"type":"Polygon","coordinates":[[[13.524853963706198,49.803636237282554],[13.524853963706198,49.8126294409198],[13.533847167343444,49.8126294409198],[13.533847167343444,49.803636237282554],[13.524853963706198,49.803636237282554]]]}},{"type":"Feature","properties":{"jobs":13,"pop":58,"pointCount":3,"homeWorkCommuteMedian":16939,"workHomeCommuteMedian":286},"geometry":{"type":"Polygon","coordinates":[[[13.524853963706198,49.8126294409198],[13.524853963706198,49.821622644557046],[13.533847167343444,49.821622644557046],[13.533847167343444,49.8126294409198],[13.524853963706198,49.8126294409198]]]}},{"type":"Feature","properties":{"jobs":2,"pop":0,"pointCount":1,"homeWorkCommuteMedian":-1,"workHomeCommuteMedian":1731},"geometry":{"type":"Polygon","coordinates":[[[13.524853963706198,49.83061584819429],[13.524853963706198,49.83960905183154],[13.533847167343444,49.83960905183154],[13.533847167343444,49.83061584819429],[13.524853963706198,49.83061584819429]]]}},{"type":"Feature","properties":{"jobs":0,"pop":45,"pointCount":3,"homeWorkCommuteMedian":21959,"workHomeCommuteMedian":-1},"geometry":{"type":"Polygon","coordinates":[[[13.524853963706198,49.956520699115735],[13.524853963706198,49.96551390275298],[13.533847167343444,49.96551390275298],[13.533847167343444,49.956520699115735],[13.524853963706198,49.956520699115735]]]}},{"type":"Feature","properties":{"jobs":0,"pop":21,"pointCount":1,"homeWorkCommuteMedian":58328,"workHomeCommuteMedian":-1},"geometry":{"type":"Polygon","coordinates":[[[13.524853963706198,49.98350031002747],[13.524853963706198,49.99249351366472],[13.533847167343444,49.99249351366472],[13.533847167343444,49.98350031002747],[13.524853963706198,49.98350031002747]]]}},{"type":"Feature","properties":{"jobs":67,"pop":33,"pointCount":4,"homeWorkCommuteMedian":11613,"workHomeCommuteMedian":4423},"geometry":{"type":"Polygon","coordinates":[[[13.524853963706198,49.99249351366472],[13.524853963706198,50.001486717301965],[13.533847167343444,50.001486717301965],[13.533847167343444,49.99249351366472],[13.524853963706198,49.99249351366472]]]}},{"type":"Feature","properties":{"jobs":1,"pop":34,"pointCount":3,"homeWorkCommuteMedian":7631,"workHomeCommuteMedian":154},"geometry":{"type":"Polygon","coordinates":[[[13.533847167343444,49.461894499067206],[13.533847167343444,49.47088770270445],[13.54284037098069,49.47088770270445],[13.54284037098069,49.461894499067206],[13.533847167343444,49.461894499067206]]]}},{"type":"Feature","properties":{"jobs":0,"pop":20,"pointCount":1,"homeWorkCommuteMedian":36565,"workHomeCommuteMedian":-1},"geometry":{"type":"Polygon","coordinates":[[[13.533847167343444,49.488874109978944],[13.533847167343444,49.49786731361619],[13.54284037098069,49.49786731361619],[13.54284037098069,49.488874109978944],[13.533847167343444,49.488874109978944]]]}},{"type":"Feature","properties":{"jobs":10,"pop":38,"pointCount":2,"homeWorkCommuteMedian":10949,"workHomeCommuteMedian":295},"geometry":{"type":"Polygon","coordinates":[[[13.533847167343444,49.49786731361619],[13.533847167343444,49.506860517253436],[13.54284037098069,49.506860517253436],[13.54284037098069,49.49786731361619],[13.533847167343444,49.49786731361619]]]}},{"type":"Feature","properties":{"jobs":0,"pop":44,"pointCount":2,"homeWorkCommuteMedian":23240,"workHomeCommuteMedian":-1},"geometry":{"type":"Polygon","coordinates":[[[13.533847167343444,49.51585372089068],[13.533847167343444,49.52484692452793],[13.54284037098069,49.52484692452793],[13.54284037098069,49.51585372089068],[13.533847167343444,49.51585372089068]]]}},{"type":"Feature","properties":{"jobs":40,"pop":0,"pointCount":1,"homeWorkCommuteMedian":-1,"workHomeCommuteMedian":2007},"geometry":{"type":"Polygon","coordinates":[[[13.533847167343444,49.56081973907691],[13.533847167343444,49.56981294271416],[13.54284037098069,49.56981294271416],[13.54284037098069,49.56081973907691],[13.533847167343444,49.56081973907691]]]}},{"type":"Feature","properties":{"jobs":119,"pop":82,"pointCount":4,"homeWorkCommuteMedian":26256,"workHomeCommuteMedian":21382},"geometry":{"type":"Polygon","coordinates":[[[13.533847167343444,49.56981294271416],[13.533847167343444,49.578806146351404],[13.54284037098069,49.578806146351404],[13.54284037098069,49.56981294271416],[13.533847167343444,49.56981294271416]]]}},{"type":"Feature","properties":{"jobs":885,"pop":1194,"pointCount":15,"homeWorkCommuteMedian":23649,"workHomeCommuteMedian":10949},"geometry":{"type":"Polygon","coordinates":[[[13.533847167343444,49.578806146351404],[13.533847167343444,49.58779934998865],[13.54284037098069,49.58779934998865],[13.54284037098069,49.578806146351404],[13.533847167343444,49.578806146351404]]]}},{"type":"Feature","properties":{"jobs":37,"pop":88,"pointCount":6,"homeWorkCommuteMedian":17550,"workHomeCommuteMedian":1723},"geometry":{"type":"Polygon","coordinates":[[[13.533847167343444,49.58779934998865],[13.533847167343444,49.596792553625896],[13.54284037098069,49.596792553625896],[13.54284037098069,49.58779934998865],[13.533847167343444,49.58779934998865]]]}},{"type":"Feature","properties":{"jobs":66,"pop":44,"pointCount":4,"homeWorkCommuteMedian":22684,"workHomeCommuteMedian":1781},"geometry":{"type":"Polygon","coordinates":[[[13.533847167343444,49.623772164537634],[13.533847167343444,49.63276536817488],[13.54284037098069,49.63276536817488],[13.54284037098069,49.623772164537634],[13.533847167343444,49.623772164537634]]]}},{"type":"Feature","properties":{"jobs":24,"pop":205,"pointCount":7,"homeWorkCommuteMedian":13961,"workHomeCommuteMedian":295},"geometry":{"type":"Polygon","coordinates":[[[13.533847167343444,49.74967701545908],[13.533847167343444,49.758670219096324],[13.54284037098069,49.758670219096324],[13.54284037098069,49.74967701545908],[13.533847167343444,49.74967701545908]]]}},{"type":"Feature","properties":{"jobs":22,"pop":41,"pointCount":2,"homeWorkCommuteMedian":15070,"workHomeCommuteMedian":13594},"geometry":{"type":"Polygon","coordinates":[[[13.533847167343444,49.78564983000806],[13.533847167343444,49.79464303364531],[13.54284037098069,49.79464303364531],[13.54284037098069,49.78564983000806],[13.533847167343444,49.78564983000806]]]}},{"type":"Feature","properties":{"jobs":10,"pop":38,"pointCount":2,"homeWorkCommuteMedian":18803,"workHomeCommuteMedian":1990},"geometry":{"type":"Polygon","coordinates":[[[13.533847167343444,49.79464303364531],[13.533847167343444,49.803636237282554],[13.54284037098069,49.803636237282554],[13.54284037098069,49.79464303364531],[13.533847167343444,49.79464303364531]]]}},{"type":"Feature","properties":{"jobs":0,"pop":22,"pointCount":1,"homeWorkCommuteMedian":23355,"workHomeCommuteMedian":-1},"geometry":{"type":"Polygon","coordinates":[[[13.533847167343444,49.803636237282554],[13.533847167343444,49.8126294409198],[13.54284037098069,49.8126294409198],[13.54284037098069,49.803636237282554],[13.533847167343444,49.803636237282554]]]}},{"type":"Feature","properties":{"jobs":0,"pop":8,"pointCount":1,"homeWorkCommuteMedian":31390,"workHomeCommuteMedian":-1},"geometry":{"type":"Polygon","coordinates":[[[13.533847167343444,49.89356827365501],[13.533847167343444,49.90256147729226],[13.54284037098069,49.90256147729226],[13.54284037098069,49.89356827365501],[13.533847167343444,49.89356827365501]]]}},{"type":"Feature","properties":{"jobs":40,"pop":0,"pointCount":1,"homeWorkCommuteMedian":-1,"workHomeCommuteMedian":11613},"geometry":{"type":"Polygon","coordinates":[[[13.533847167343444,49.90256147729226],[13.533847167343444,49.911554680929505],[13.54284037098069,49.911554680929505],[13.54284037098069,49.90256147729226],[13.533847167343444,49.90256147729226]]]}},{"type":"Feature","properties":{"jobs":21,"pop":10,"pointCount":2,"homeWorkCommuteMedian":27800,"workHomeCommuteMedian":348},"geometry":{"type":"Polygon","coordinates":[[[13.533847167343444,49.911554680929505],[13.533847167343444,49.92054788456675],[13.54284037098069,49.92054788456675],[13.54284037098069,49.911554680929505],[13.533847167343444,49.911554680929505]]]}},{"type":"Feature","properties":{"jobs":13,"pop":87,"pointCount":5,"homeWorkCommuteMedian":24951,"workHomeCommuteMedian":389},"geometry":{"type":"Polygon","coordinates":[[[13.533847167343444,49.929541088204],[13.533847167343444,49.93853429184124],[13.54284037098069,49.93853429184124],[13.54284037098069,49.929541088204],[13.533847167343444,49.929541088204]]]}},{"type":"Feature","properties":{"jobs":60,"pop":64,"pointCount":4,"homeWorkCommuteMedian":30754,"workHomeCommuteMedian":5715},"geometry":{"type":"Polygon","coordinates":[[[13.533847167343444,49.96551390275298],[13.533847167343444,49.97450710639023],[13.54284037098069,49.97450710639023],[13.54284037098069,49.96551390275298],[13.533847167343444,49.96551390275298]]]}},{"type":"Feature","properties":{"jobs":108,"pop":462,"pointCount":18,"homeWorkCommuteMedian":33456,"workHomeCommuteMedian":4483},"geometry":{"type":"Polygon","coordinates":[[[13.533847167343444,49.99249351366472],[13.533847167343444,50.001486717301965],[13.54284037098069,50.001486717301965],[13.54284037098069,49.99249351366472],[13.533847167343444,49.99249351366472]]]}},{"type":"Feature","properties":{"jobs":12,"pop":10,"pointCount":1,"homeWorkCommuteMedian":42232,"workHomeCommuteMedian":5806},"geometry":{"type":"Polygon","coordinates":[[[13.54284037098069,49.45290129542996],[13.54284037098069,49.461894499067206],[13.551833574617936,49.461894499067206],[13.551833574617936,49.45290129542996],[13.54284037098069,49.45290129542996]]]}},{"type":"Feature","properties":{"jobs":21,"pop":37,"pointCount":3,"homeWorkCommuteMedian":7336,"workHomeCommuteMedian":3615},"geometry":{"type":"Polygon","coordinates":[[[13.54284037098069,49.461894499067206],[13.54284037098069,49.47088770270445],[13.551833574617936,49.47088770270445],[13.551833574617936,49.461894499067206],[13.54284037098069,49.461894499067206]]]}},{"type":"Feature","properties":{"jobs":11,"pop":51,"pointCount":3,"homeWorkCommuteMedian":33205,"workHomeCommuteMedian":274},"geometry":{"type":"Polygon","coordinates":[[[13.54284037098069,49.49786731361619],[13.54284037098069,49.506860517253436],[13.551833574617936,49.506860517253436],[13.551833574617936,49.49786731361619],[13.54284037098069,49.49786731361619]]]}},{"type":"Feature","properties":{"jobs":0,"pop":93,"pointCount":5,"homeWorkCommuteMedian":20479,"workHomeCommuteMedian":-1},"geometry":{"type":"Polygon","coordinates":[[[13.54284037098069,49.56081973907691],[13.54284037098069,49.56981294271416],[13.551833574617936,49.56981294271416],[13.551833574617936,49.56081973907691],[13.54284037098069,49.56081973907691]]]}},{"type":"Feature","properties":{"jobs":34,"pop":187,"pointCount":11,"homeWorkCommuteMedian":21982,"workHomeCommuteMedian":1236},"geometry":{"type":"Polygon","coordinates":[[[13.54284037098069,49.56981294271416],[13.54284037098069,49.578806146351404],[13.551833574617936,49.578806146351404],[13.551833574617936,49.56981294271416],[13.54284037098069,49.56981294271416]]]}},{"type":"Feature","properties":{"jobs":10,"pop":90,"pointCount":6,"homeWorkCommuteMedian":24274,"workHomeCommuteMedian":214},"geometry":{"type":"Polygon","coordinates":[[[13.54284037098069,49.578806146351404],[13.54284037098069,49.58779934998865],[13.551833574617936,49.58779934998865],[13.551833574617936,49.578806146351404],[13.54284037098069,49.578806146351404]]]}},{"type":"Feature","properties":{"jobs":46,"pop":0,"pointCount":1,"homeWorkCommuteMedian":-1,"workHomeCommuteMedian":7268},"geometry":{"type":"Polygon","coordinates":[[[13.54284037098069,49.623772164537634],[13.54284037098069,49.63276536817488],[13.551833574617936,49.63276536817488],[13.551833574617936,49.623772164537634],[13.54284037098069,49.623772164537634]]]}},{"type":"Feature","properties":{"jobs":0,"pop":28,"pointCount":2,"homeWorkCommuteMedian":16607,"workHomeCommuteMedian":-1},"geometry":{"type":"Polygon","coordinates":[[[13.54284037098069,49.803636237282554],[13.54284037098069,49.8126294409198],[13.551833574617936,49.8126294409198],[13.551833574617936,49.803636237282554],[13.54284037098069,49.803636237282554]]]}},{"type":"Feature","properties":{"jobs":7,"pop":28,"pointCount":2,"homeWorkCommuteMedian":6797,"workHomeCommuteMedian":594},"geometry":{"type":"Polygon","coordinates":[[[13.54284037098069,49.87558186638052],[13.54284037098069,49.88457507001777],[13.551833574617936,49.88457507001777],[13.551833574617936,49.87558186638052],[13.54284037098069,49.87558186638052]]]}},{"type":"Feature","properties":{"jobs":45,"pop":76,"pointCount":4,"homeWorkCommuteMedian":24073,"workHomeCommuteMedian":10967},"geometry":{"type":"Polygon","coordinates":[[[13.54284037098069,49.911554680929505],[13.54284037098069,49.92054788456675],[13.551833574617936,49.92054788456675],[13.551833574617936,49.911554680929505],[13.54284037098069,49.911554680929505]]]}},{"type":"Feature","properties":{"jobs":13,"pop":0,"pointCount":1,"homeWorkCommuteMedian":-1,"workHomeCommuteMedian":875},"geometry":{"type":"Polygon","coordinates":[[[13.54284037098069,49.92054788456675],[13.54284037098069,49.929541088204],[13.551833574617936,49.929541088204],[13.551833574617936,49.92054788456675],[13.54284037098069,49.92054788456675]]]}},{"type":"Feature","properties":{"jobs":28,"pop":135,"pointCount":6,"homeWorkCommuteMedian":24321,"workHomeCommuteMedian":2663},"geometry":{"type":"Polygon","coordinates":[[[13.54284037098069,49.929541088204],[13.54284037098069,49.93853429184124],[13.551833574617936,49.93853429184124],[13.551833574617936,49.929541088204],[13.54284037098069,49.929541088204]]]}},{"type":"Feature","properties":{"jobs":40,"pop":0,"pointCount":1,"homeWorkCommuteMedian":-1,"workHomeCommuteMedian":3267},"geometry":{"type":"Polygon","coordinates":[[[13.54284037098069,49.96551390275298],[13.54284037098069,49.97450710639023],[13.551833574617936,49.97450710639023],[13.551833574617936,49.96551390275298],[13.54284037098069,49.96551390275298]]]}},{"type":"Feature","properties":{"jobs":74,"pop":72,"pointCount":5,"homeWorkCommuteMedian":15788,"workHomeCommuteMedian":3585},"geometry":{"type":"Polygon","coordinates":[[[13.54284037098069,49.99249351366472],[13.54284037098069,50.001486717301965],[13.551833574617936,50.001486717301965],[13.551833574617936,49.99249351366472],[13.54284037098069,49.99249351366472]]]}},{"type":"Feature","properties":{"jobs":0,"pop":14,"pointCount":1,"homeWorkCommuteMedian":46174,"workHomeCommuteMedian":-1},"geometry":{"type":"Polygon","coordinates":[[[13.551833574617936,49.42592168451822],[13.551833574617936,49.43491488815547],[13.560826778255182,49.43491488815547],[13.560826778255182,49.42592168451822],[13.551833574617936,49.42592168451822]]]}},{"type":"Feature","properties":{"jobs":37,"pop":0,"pointCount":1,"homeWorkCommuteMedian":-1,"workHomeCommuteMedian":7395},"geometry":{"type":"Polygon","coordinates":[[[13.551833574617936,49.623772164537634],[13.551833574617936,49.63276536817488],[13.560826778255182,49.63276536817488],[13.560826778255182,49.623772164537634],[13.551833574617936,49.623772164537634]]]}},{"type":"Feature","properties":{"jobs":16,"pop":16,"pointCount":1,"homeWorkCommuteMedian":5016,"workHomeCommuteMedian":1259},"geometry":{"type":"Polygon","coordinates":[[[13.551833574617936,49.76766342273357],[13.551833574617936,49.776656626370816],[13.560826778255182,49.776656626370816],[13.560826778255182,49.76766342273357],[13.551833574617936,49.76766342273357]]]}},{"type":"Feature","properties":{"jobs":11,"pop":30,"pointCount":2,"homeWorkCommuteMedian":17510,"workHomeCommuteMedian":3572},"geometry":{"type":"Polygon","coordinates":[[[13.551833574617936,49.8126294409198],[13.551833574617936,49.821622644557046],[13.560826778255182,49.821622644557046],[13.560826778255182,49.8126294409198],[13.551833574617936,49.8126294409198]]]}},{"type":"Feature","properties":{"jobs":0,"pop":40,"pointCount":2,"homeWorkCommuteMedian":2880,"workHomeCommuteMedian":-1},"geometry":{"type":"Polygon","coordinates":[[[13.551833574617936,49.821622644557046],[13.551833574617936,49.83061584819429],[13.560826778255182,49.83061584819429],[13.560826778255182,49.821622644557046],[13.551833574617936,49.821622644557046]]]}},{"type":"Feature","properties":{"jobs":10,"pop":93,"pointCount":4,"homeWorkCommuteMedian":19828,"workHomeCommuteMedian":652},"geometry":{"type":"Polygon","coordinates":[[[13.551833574617936,49.83061584819429],[13.551833574617936,49.83960905183154],[13.560826778255182,49.83960905183154],[13.560826778255182,49.83061584819429],[13.551833574617936,49.83061584819429]]]}},{"type":"Feature","properties":{"jobs":10,"pop":98,"pointCount":5,"homeWorkCommuteMedian":21399,"workHomeCommuteMedian":276},"geometry":{"type":"Polygon","coordinates":[[[13.551833574617936,49.83960905183154],[13.551833574617936,49.84860225546878],[13.560826778255182,49.84860225546878],[13.560826778255182,49.83960905183154],[13.551833574617936,49.83960905183154]]]}},{"type":"Feature","properties":{"jobs":22,"pop":13,"pointCount":1,"homeWorkCommuteMedian":33601,"workHomeCommuteMedian":35624},"geometry":{"type":"Polygon","coordinates":[[[13.551833574617936,49.911554680929505],[13.551833574617936,49.92054788456675],[13.560826778255182,49.92054788456675],[13.560826778255182,49.911554680929505],[13.551833574617936,49.911554680929505]]]}},{"type":"Feature","properties":{"jobs":10,"pop":34,"pointCount":3,"homeWorkCommuteMedian":7568,"workHomeCommuteMedian":296},"geometry":{"type":"Polygon","coordinates":[[[13.551833574617936,49.94752749547849],[13.551833574617936,49.956520699115735],[13.560826778255182,49.956520699115735],[13.560826778255182,49.94752749547849],[13.551833574617936,49.94752749547849]]]}},{"type":"Feature","properties":{"jobs":6,"pop":0,"pointCount":1,"homeWorkCommuteMedian":-1,"workHomeCommuteMedian":891},"geometry":{"type":"Polygon","coordinates":[[[13.560826778255182,49.42592168451822],[13.560826778255182,49.43491488815547],[13.569819981892428,49.43491488815547],[13.569819981892428,49.42592168451822],[13.560826778255182,49.42592168451822]]]}},{"type":"Feature","properties":{"jobs":0,"pop":10,"pointCount":1,"homeWorkCommuteMedian":31543,"workHomeCommuteMedian":-1},"geometry":{"type":"Polygon","coordinates":[[[13.560826778255182,49.54283333180242],[13.560826778255182,49.551826535439666],[13.569819981892428,49.551826535439666],[13.569819981892428,49.54283333180242],[13.560826778255182,49.54283333180242]]]}},{"type":"Feature","properties":{"jobs":10,"pop":50,"pointCount":4,"homeWorkCommuteMedian":24440,"workHomeCommuteMedian":366},"geometry":{"type":"Polygon","coordinates":[[[13.560826778255182,49.596792553625896],[13.560826778255182,49.60578575726314],[13.569819981892428,49.60578575726314],[13.569819981892428,49.596792553625896],[13.560826778255182,49.596792553625896]]]}},{"type":"Feature","properties":{"jobs":11,"pop":0,"pointCount":1,"homeWorkCommuteMedian":-1,"workHomeCommuteMedian":218},"geometry":{"type":"Polygon","coordinates":[[[13.560826778255182,49.63276536817488],[13.560826778255182,49.641758571812126],[13.569819981892428,49.641758571812126],[13.569819981892428,49.63276536817488],[13.560826778255182,49.63276536817488]]]}},{"type":"Feature","properties":{"jobs":12,"pop":90,"pointCount":4,"homeWorkCommuteMedian":15026,"workHomeCommuteMedian":209},"geometry":{"type":"Polygon","coordinates":[[[13.560826778255182,49.641758571812126],[13.560826778255182,49.65075177544937],[13.569819981892428,49.65075177544937],[13.569819981892428,49.641758571812126],[13.560826778255182,49.641758571812126]]]}},{"type":"Feature","properties":{"jobs":12,"pop":182,"pointCount":8,"homeWorkCommuteMedian":8408,"workHomeCommuteMedian":227},"geometry":{"type":"Polygon","coordinates":[[[13.560826778255182,49.758670219096324],[13.560826778255182,49.76766342273357],[13.569819981892428,49.76766342273357],[13.569819981892428,49.758670219096324],[13.560826778255182,49.758670219096324]]]}},{"type":"Feature","properties":{"jobs":17,"pop":63,"pointCount":4,"homeWorkCommuteMedian":13704,"workHomeCommuteMedian":872},"geometry":{"type":"Polygon","coordinates":[[[13.560826778255182,49.76766342273357],[13.560826778255182,49.776656626370816],[13.569819981892428,49.776656626370816],[13.569819981892428,49.76766342273357],[13.560826778255182,49.76766342273357]]]}},{"type":"Feature","properties":{"jobs":10,"pop":43,"pointCount":3,"homeWorkCommuteMedian":20019,"workHomeCommuteMedian":131},"geometry":{"type":"Polygon","coordinates":[[[13.560826778255182,49.78564983000806],[13.560826778255182,49.79464303364531],[13.569819981892428,49.79464303364531],[13.569819981892428,49.78564983000806],[13.560826778255182,49.78564983000806]]]}},{"type":"Feature","properties":{"jobs":19,"pop":103,"pointCount":6,"homeWorkCommuteMedian":15998,"workHomeCommuteMedian":190},"geometry":{"type":"Polygon","coordinates":[[[13.560826778255182,49.8126294409198],[13.560826778255182,49.821622644557046],[13.569819981892428,49.821622644557046],[13.569819981892428,49.8126294409198],[13.560826778255182,49.8126294409198]]]}},{"type":"Feature","properties":{"jobs":2,"pop":13,"pointCount":2,"homeWorkCommuteMedian":9296,"workHomeCommuteMedian":376},"geometry":{"type":"Polygon","coordinates":[[[13.560826778255182,49.83061584819429],[13.560826778255182,49.83960905183154],[13.569819981892428,49.83960905183154],[13.569819981892428,49.83061584819429],[13.560826778255182,49.83061584819429]]]}},{"type":"Feature","properties":{"jobs":0,"pop":30,"pointCount":2,"homeWorkCommuteMedian":25156,"workHomeCommuteMedian":-1},"geometry":{"type":"Polygon","coordinates":[[[13.560826778255182,49.85759545910603],[13.560826778255182,49.866588662743276],[13.569819981892428,49.866588662743276],[13.569819981892428,49.85759545910603],[13.560826778255182,49.85759545910603]]]}},{"type":"Feature","properties":{"jobs":0,"pop":10,"pointCount":1,"homeWorkCommuteMedian":3585,"workHomeCommuteMedian":-1},"geometry":{"type":"Polygon","coordinates":[[[13.560826778255182,49.96551390275298],[13.560826778255182,49.97450710639023],[13.569819981892428,49.97450710639023],[13.569819981892428,49.96551390275298],[13.560826778255182,49.96551390275298]]]}},{"type":"Feature","properties":{"jobs":0,"pop":29,"pointCount":1,"homeWorkCommuteMedian":8749,"workHomeCommuteMedian":-1},"geometry":{"type":"Polygon","coordinates":[[[13.560826778255182,49.97450710639023],[13.560826778255182,49.98350031002747],[13.569819981892428,49.98350031002747],[13.569819981892428,49.97450710639023],[13.560826778255182,49.97450710639023]]]}},{"type":"Feature","properties":{"jobs":82,"pop":0,"pointCount":1,"homeWorkCommuteMedian":-1,"workHomeCommuteMedian":44896},"geometry":{"type":"Polygon","coordinates":[[[13.569819981892428,49.43491488815547],[13.569819981892428,49.443908091792714],[13.578813185529674,49.443908091792714],[13.578813185529674,49.43491488815547],[13.569819981892428,49.43491488815547]]]}},{"type":"Feature","properties":{"jobs":2,"pop":32,"pointCount":2,"homeWorkCommuteMedian":40084,"workHomeCommuteMedian":663},"geometry":{"type":"Polygon","coordinates":[[[13.569819981892428,49.443908091792714],[13.569819981892428,49.45290129542996],[13.578813185529674,49.45290129542996],[13.578813185529674,49.443908091792714],[13.569819981892428,49.443908091792714]]]}},{"type":"Feature","properties":{"jobs":4,"pop":0,"pointCount":1,"homeWorkCommuteMedian":-1,"workHomeCommuteMedian":611},"geometry":{"type":"Polygon","coordinates":[[[13.569819981892428,49.461894499067206],[13.569819981892428,49.47088770270445],[13.578813185529674,49.47088770270445],[13.578813185529674,49.461894499067206],[13.569819981892428,49.461894499067206]]]}},{"type":"Feature","properties":{"jobs":31,"pop":125,"pointCount":9,"homeWorkCommuteMedian":3788,"workHomeCommuteMedian":9064},"geometry":{"type":"Polygon","coordinates":[[[13.569819981892428,49.4798809063417],[13.569819981892428,49.488874109978944],[13.578813185529674,49.488874109978944],[13.578813185529674,49.4798809063417],[13.569819981892428,49.4798809063417]]]}},{"type":"Feature","properties":{"jobs":10,"pop":115,"pointCount":6,"homeWorkCommuteMedian":27048,"workHomeCommuteMedian":14320},"geometry":{"type":"Polygon","coordinates":[[[13.569819981892428,49.49786731361619],[13.569819981892428,49.506860517253436],[13.578813185529674,49.506860517253436],[13.578813185529674,49.49786731361619],[13.569819981892428,49.49786731361619]]]}},{"type":"Feature","properties":{"jobs":11,"pop":103,"pointCount":5,"homeWorkCommuteMedian":10943,"workHomeCommuteMedian":338},"geometry":{"type":"Polygon","coordinates":[[[13.569819981892428,49.54283333180242],[13.569819981892428,49.551826535439666],[13.578813185529674,49.551826535439666],[13.578813185529674,49.54283333180242],[13.569819981892428,49.54283333180242]]]}},{"type":"Feature","properties":{"jobs":8,"pop":12,"pointCount":2,"homeWorkCommuteMedian":31204,"workHomeCommuteMedian":462},"geometry":{"type":"Polygon","coordinates":[[[13.569819981892428,49.551826535439666],[13.569819981892428,49.56081973907691],[13.578813185529674,49.56081973907691],[13.578813185529674,49.551826535439666],[13.569819981892428,49.551826535439666]]]}},{"type":"Feature","properties":{"jobs":10,"pop":21,"pointCount":2,"homeWorkCommuteMedian":33052,"workHomeCommuteMedian":172},"geometry":{"type":"Polygon","coordinates":[[[13.569819981892428,49.56081973907691],[13.569819981892428,49.56981294271416],[13.578813185529674,49.56981294271416],[13.578813185529674,49.56081973907691],[13.569819981892428,49.56081973907691]]]}},{"type":"Feature","properties":{"jobs":52,"pop":0,"pointCount":1,"homeWorkCommuteMedian":-1,"workHomeCommuteMedian":4247},"geometry":{"type":"Polygon","coordinates":[[[13.569819981892428,49.56981294271416],[13.569819981892428,49.578806146351404],[13.578813185529674,49.578806146351404],[13.578813185529674,49.56981294271416],[13.569819981892428,49.56981294271416]]]}},{"type":"Feature","properties":{"jobs":0,"pop":17,"pointCount":1,"homeWorkCommuteMedian":34917,"workHomeCommuteMedian":-1},"geometry":{"type":"Polygon","coordinates":[[[13.569819981892428,49.61477896090039],[13.569819981892428,49.623772164537634],[13.578813185529674,49.623772164537634],[13.578813185529674,49.61477896090039],[13.569819981892428,49.61477896090039]]]}},{"type":"Feature","properties":{"jobs":0,"pop":53,"pointCount":2,"homeWorkCommuteMedian":19103,"workHomeCommuteMedian":-1},"geometry":{"type":"Polygon","coordinates":[[[13.569819981892428,49.6957177936356],[13.569819981892428,49.70471099727285],[13.578813185529674,49.70471099727285],[13.578813185529674,49.6957177936356],[13.569819981892428,49.6957177936356]]]}},{"type":"Feature","properties":{"jobs":0,"pop":25,"pointCount":1,"homeWorkCommuteMedian":15457,"workHomeCommuteMedian":-1},"geometry":{"type":"Polygon","coordinates":[[[13.569819981892428,49.72269740454734],[13.569819981892428,49.731690608184586],[13.578813185529674,49.731690608184586],[13.578813185529674,49.72269740454734],[13.569819981892428,49.72269740454734]]]}},{"type":"Feature","properties":{"jobs":0,"pop":130,"pointCount":1,"homeWorkCommuteMedian":12756,"workHomeCommuteMedian":-1},"geometry":{"type":"Polygon","coordinates":[[[13.569819981892428,49.731690608184586],[13.569819981892428,49.74068381182183],[13.578813185529674,49.74068381182183],[13.578813185529674,49.731690608184586],[13.569819981892428,49.731690608184586]]]}},{"type":"Feature","properties":{"jobs":13,"pop":0,"pointCount":1,"homeWorkCommuteMedian":-1,"workHomeCommuteMedian":1685},"geometry":{"type":"Polygon","coordinates":[[[13.569819981892428,49.74068381182183],[13.569819981892428,49.74967701545908],[13.578813185529674,49.74967701545908],[13.578813185529674,49.74068381182183],[13.569819981892428,49.74068381182183]]]}},{"type":"Feature","properties":{"jobs":45,"pop":0,"pointCount":2,"homeWorkCommuteMedian":-1,"workHomeCommuteMedian":2496},"geometry":{"type":"Polygon","coordinates":[[[13.569819981892428,49.74967701545908],[13.569819981892428,49.758670219096324],[13.578813185529674,49.758670219096324],[13.578813185529674,49.74967701545908],[13.569819981892428,49.74967701545908]]]}},{"type":"Feature","properties":{"jobs":0,"pop":54,"pointCount":2,"homeWorkCommuteMedian":8290,"workHomeCommuteMedian":-1},"geometry":{"type":"Polygon","coordinates":[[[13.569819981892428,49.78564983000806],[13.569819981892428,49.79464303364531],[13.578813185529674,49.79464303364531],[13.578813185529674,49.78564983000806],[13.569819981892428,49.78564983000806]]]}},{"type":"Feature","properties":{"jobs":10,"pop":92,"pointCount":4,"homeWorkCommuteMedian":18676,"workHomeCommuteMedian":308},"geometry":{"type":"Polygon","coordinates":[[[13.569819981892428,49.8126294409198],[13.569819981892428,49.821622644557046],[13.578813185529674,49.821622644557046],[13.578813185529674,49.8126294409198],[13.569819981892428,49.8126294409198]]]}},{"type":"Feature","properties":{"jobs":138,"pop":203,"pointCount":9,"homeWorkCommuteMedian":15551,"workHomeCommuteMedian":2107},"geometry":{"type":"Polygon","coordinates":[[[13.569819981892428,49.821622644557046],[13.569819981892428,49.83061584819429],[13.578813185529674,49.83061584819429],[13.578813185529674,49.821622644557046],[13.569819981892428,49.821622644557046]]]}},{"type":"Feature","properties":{"jobs":57,"pop":57,"pointCount":4,"homeWorkCommuteMedian":17781,"workHomeCommuteMedian":2588},"geometry":{"type":"Polygon","coordinates":[[[13.569819981892428,49.83061584819429],[13.569819981892428,49.83960905183154],[13.578813185529674,49.83960905183154],[13.578813185529674,49.83061584819429],[13.569819981892428,49.83061584819429]]]}},{"type":"Feature","properties":{"jobs":0,"pop":11,"pointCount":1,"homeWorkCommuteMedian":23779,"workHomeCommuteMedian":-1},"geometry":{"type":"Polygon","coordinates":[[[13.569819981892428,49.83960905183154],[13.569819981892428,49.84860225546878],[13.578813185529674,49.84860225546878],[13.578813185529674,49.83960905183154],[13.569819981892428,49.83960905183154]]]}},{"type":"Feature","properties":{"jobs":0,"pop":81,"pointCount":2,"homeWorkCommuteMedian":22480,"workHomeCommuteMedian":-1},"geometry":{"type":"Polygon","coordinates":[[[13.569819981892428,49.85759545910603],[13.569819981892428,49.866588662743276],[13.578813185529674,49.866588662743276],[13.578813185529674,49.85759545910603],[13.569819981892428,49.85759545910603]]]}},{"type":"Feature","properties":{"jobs":10,"pop":65,"pointCount":3,"homeWorkCommuteMedian":26895,"workHomeCommuteMedian":234},"geometry":{"type":"Polygon","coordinates":[[[13.569819981892428,49.87558186638052],[13.569819981892428,49.88457507001777],[13.578813185529674,49.88457507001777],[13.578813185529674,49.87558186638052],[13.569819981892428,49.87558186638052]]]}},{"type":"Feature","properties":{"jobs":2,"pop":33,"pointCount":3,"homeWorkCommuteMedian":31862,"workHomeCommuteMedian":107},"geometry":{"type":"Polygon","coordinates":[[[13.569819981892428,49.911554680929505],[13.569819981892428,49.92054788456675],[13.578813185529674,49.92054788456675],[13.578813185529674,49.911554680929505],[13.569819981892428,49.911554680929505]]]}},{"type":"Feature","properties":{"jobs":10,"pop":30,"pointCount":2,"homeWorkCommuteMedian":9935,"workHomeCommuteMedian":162},"geometry":{"type":"Polygon","coordinates":[[[13.569819981892428,49.929541088204],[13.569819981892428,49.93853429184124],[13.578813185529674,49.93853429184124],[13.578813185529674,49.929541088204],[13.569819981892428,49.929541088204]]]}},{"type":"Feature","properties":{"jobs":9,"pop":0,"pointCount":1,"homeWorkCommuteMedian":-1,"workHomeCommuteMedian":620},"geometry":{"type":"Polygon","coordinates":[[[13.569819981892428,49.96551390275298],[13.569819981892428,49.97450710639023],[13.578813185529674,49.97450710639023],[13.578813185529674,49.96551390275298],[13.569819981892428,49.96551390275298]]]}},{"type":"Feature","properties":{"jobs":0,"pop":19,"pointCount":1,"homeWorkCommuteMedian":45130,"workHomeCommuteMedian":-1},"geometry":{"type":"Polygon","coordinates":[[[13.569819981892428,49.98350031002747],[13.569819981892428,49.99249351366472],[13.578813185529674,49.99249351366472],[13.578813185529674,49.98350031002747],[13.569819981892428,49.98350031002747]]]}},{"type":"Feature","properties":{"jobs":0,"pop":12,"pointCount":1,"homeWorkCommuteMedian":7544,"workHomeCommuteMedian":-1},"geometry":{"type":"Polygon","coordinates":[[[13.578813185529674,49.443908091792714],[13.578813185529674,49.45290129542996],[13.58780638916692,49.45290129542996],[13.58780638916692,49.443908091792714],[13.578813185529674,49.443908091792714]]]}},{"type":"Feature","properties":{"jobs":0,"pop":44,"pointCount":2,"homeWorkCommuteMedian":5674,"workHomeCommuteMedian":-1},"geometry":{"type":"Polygon","coordinates":[[[13.578813185529674,49.461894499067206],[13.578813185529674,49.47088770270445],[13.58780638916692,49.47088770270445],[13.58780638916692,49.461894499067206],[13.578813185529674,49.461894499067206]]]}},{"type":"Feature","properties":{"jobs":639,"pop":813,"pointCount":34,"homeWorkCommuteMedian":15902,"workHomeCommuteMedian":6659},"geometry":{"type":"Polygon","coordinates":[[[13.578813185529674,49.4798809063417],[13.578813185529674,49.488874109978944],[13.58780638916692,49.488874109978944],[13.58780638916692,49.4798809063417],[13.578813185529674,49.4798809063417]]]}},{"type":"Feature","properties":{"jobs":109,"pop":150,"pointCount":7,"homeWorkCommuteMedian":37249,"workHomeCommuteMedian":7260},"geometry":{"type":"Polygon","coordinates":[[[13.578813185529674,49.488874109978944],[13.578813185529674,49.49786731361619],[13.58780638916692,49.49786731361619],[13.58780638916692,49.488874109978944],[13.578813185529674,49.488874109978944]]]}},{"type":"Feature","properties":{"jobs":0,"pop":13,"pointCount":2,"homeWorkCommuteMedian":6039,"workHomeCommuteMedian":-1},"geometry":{"type":"Polygon","coordinates":[[[13.578813185529674,49.54283333180242],[13.578813185529674,49.551826535439666],[13.58780638916692,49.551826535439666],[13.58780638916692,49.54283333180242],[13.578813185529674,49.54283333180242]]]}},{"type":"Feature","properties":{"jobs":3,"pop":29,"pointCount":3,"homeWorkCommuteMedian":30697,"workHomeCommuteMedian":1956},"geometry":{"type":"Polygon","coordinates":[[[13.578813185529674,49.551826535439666],[13.578813185529674,49.56081973907691],[13.58780638916692,49.56081973907691],[13.58780638916692,49.551826535439666],[13.578813185529674,49.551826535439666]]]}},{"type":"Feature","properties":{"jobs":8,"pop":47,"pointCount":4,"homeWorkCommuteMedian":4705,"workHomeCommuteMedian":188},"geometry":{"type":"Polygon","coordinates":[[[13.578813185529674,49.56081973907691],[13.578813185529674,49.56981294271416],[13.58780638916692,49.56981294271416],[13.58780638916692,49.56081973907691],[13.578813185529674,49.56081973907691]]]}},{"type":"Feature","properties":{"jobs":10,"pop":21,"pointCount":2,"homeWorkCommuteMedian":4734,"workHomeCommuteMedian":4415},"geometry":{"type":"Polygon","coordinates":[[[13.578813185529674,49.56981294271416],[13.578813185529674,49.578806146351404],[13.58780638916692,49.578806146351404],[13.58780638916692,49.56981294271416],[13.578813185529674,49.56981294271416]]]}},{"type":"Feature","properties":{"jobs":0,"pop":28,"pointCount":2,"homeWorkCommuteMedian":21925,"workHomeCommuteMedian":-1},"geometry":{"type":"Polygon","coordinates":[[[13.578813185529674,49.65974497908662],[13.578813185529674,49.668738182723864],[13.58780638916692,49.668738182723864],[13.58780638916692,49.65974497908662],[13.578813185529674,49.65974497908662]]]}},{"type":"Feature","properties":{"jobs":32,"pop":73,"pointCount":5,"homeWorkCommuteMedian":17697,"workHomeCommuteMedian":351},"geometry":{"type":"Polygon","coordinates":[[[13.578813185529674,49.6957177936356],[13.578813185529674,49.70471099727285],[13.58780638916692,49.70471099727285],[13.58780638916692,49.6957177936356],[13.578813185529674,49.6957177936356]]]}},{"type":"Feature","properties":{"jobs":2,"pop":23,"pointCount":3,"homeWorkCommuteMedian":2076,"workHomeCommuteMedian":2554},"geometry":{"type":"Polygon","coordinates":[[[13.578813185529674,49.72269740454734],[13.578813185529674,49.731690608184586],[13.58780638916692,49.731690608184586],[13.58780638916692,49.72269740454734],[13.578813185529674,49.72269740454734]]]}},{"type":"Feature","properties":{"jobs":18,"pop":927,"pointCount":9,"homeWorkCommuteMedian":10142,"workHomeCommuteMedian":435},"geometry":{"type":"Polygon","coordinates":[[[13.578813185529674,49.731690608184586],[13.578813185529674,49.74068381182183],[13.58780638916692,49.74068381182183],[13.58780638916692,49.731690608184586],[13.578813185529674,49.731690608184586]]]}},{"type":"Feature","properties":{"jobs":1484,"pop":270,"pointCount":7,"homeWorkCommuteMedian":4769,"workHomeCommuteMedian":7879},"geometry":{"type":"Polygon","coordinates":[[[13.578813185529674,49.74068381182183],[13.578813185529674,49.74967701545908],[13.58780638916692,49.74967701545908],[13.58780638916692,49.74068381182183],[13.578813185529674,49.74068381182183]]]}},{"type":"Feature","properties":{"jobs":15,"pop":0,"pointCount":1,"homeWorkCommuteMedian":-1,"workHomeCommuteMedian":4536},"geometry":{"type":"Polygon","coordinates":[[[13.578813185529674,49.74967701545908],[13.578813185529674,49.758670219096324],[13.58780638916692,49.758670219096324],[13.58780638916692,49.74967701545908],[13.578813185529674,49.74967701545908]]]}},{"type":"Feature","properties":{"jobs":0,"pop":12,"pointCount":1,"homeWorkCommuteMedian":19768,"workHomeCommuteMedian":-1},"geometry":{"type":"Polygon","coordinates":[[[13.578813185529674,49.76766342273357],[13.578813185529674,49.776656626370816],[13.58780638916692,49.776656626370816],[13.58780638916692,49.76766342273357],[13.578813185529674,49.76766342273357]]]}},{"type":"Feature","properties":{"jobs":0,"pop":15,"pointCount":1,"homeWorkCommuteMedian":1181,"workHomeCommuteMedian":-1},"geometry":{"type":"Polygon","coordinates":[[[13.578813185529674,49.776656626370816],[13.578813185529674,49.78564983000806],[13.58780638916692,49.78564983000806],[13.58780638916692,49.776656626370816],[13.578813185529674,49.776656626370816]]]}},{"type":"Feature","properties":{"jobs":0,"pop":46,"pointCount":3,"homeWorkCommuteMedian":10809,"workHomeCommuteMedian":-1},"geometry":{"type":"Polygon","coordinates":[[[13.578813185529674,49.8126294409198],[13.578813185529674,49.821622644557046],[13.58780638916692,49.821622644557046],[13.58780638916692,49.8126294409198],[13.578813185529674,49.8126294409198]]]}},{"type":"Feature","properties":{"jobs":48,"pop":93,"pointCount":7,"homeWorkCommuteMedian":17600,"workHomeCommuteMedian":4836},"geometry":{"type":"Polygon","coordinates":[[[13.578813185529674,49.821622644557046],[13.578813185529674,49.83061584819429],[13.58780638916692,49.83061584819429],[13.58780638916692,49.821622644557046],[13.578813185529674,49.821622644557046]]]}},{"type":"Feature","properties":{"jobs":136,"pop":304,"pointCount":14,"homeWorkCommuteMedian":12750,"workHomeCommuteMedian":2869},"geometry":{"type":"Polygon","coordinates":[[[13.578813185529674,49.83061584819429],[13.578813185529674,49.83960905183154],[13.58780638916692,49.83960905183154],[13.58780638916692,49.83061584819429],[13.578813185529674,49.83061584819429]]]}},{"type":"Feature","properties":{"jobs":12,"pop":75,"pointCount":4,"homeWorkCommuteMedian":8904,"workHomeCommuteMedian":2880},"geometry":{"type":"Polygon","coordinates":[[[13.578813185529674,49.83960905183154],[13.578813185529674,49.84860225546878],[13.58780638916692,49.84860225546878],[13.58780638916692,49.83960905183154],[13.578813185529674,49.83960905183154]]]}},{"type":"Feature","properties":{"jobs":0,"pop":20,"pointCount":2,"homeWorkCommuteMedian":29310,"workHomeCommuteMedian":-1},"geometry":{"type":"Polygon","coordinates":[[[13.578813185529674,49.88457507001777],[13.578813185529674,49.89356827365501],[13.58780638916692,49.89356827365501],[13.58780638916692,49.88457507001777],[13.578813185529674,49.88457507001777]]]}},{"type":"Feature","properties":{"jobs":0,"pop":4,"pointCount":1,"homeWorkCommuteMedian":36801,"workHomeCommuteMedian":-1},"geometry":{"type":"Polygon","coordinates":[[[13.578813185529674,49.89356827365501],[13.578813185529674,49.90256147729226],[13.58780638916692,49.90256147729226],[13.58780638916692,49.89356827365501],[13.578813185529674,49.89356827365501]]]}},{"type":"Feature","properties":{"jobs":0,"pop":20,"pointCount":1,"homeWorkCommuteMedian":41816,"workHomeCommuteMedian":-1},"geometry":{"type":"Polygon","coordinates":[[[13.578813185529674,49.956520699115735],[13.578813185529674,49.96551390275298],[13.58780638916692,49.96551390275298],[13.58780638916692,49.956520699115735],[13.578813185529674,49.956520699115735]]]}},{"type":"Feature","properties":{"jobs":143,"pop":123,"pointCount":6,"homeWorkCommuteMedian":13831,"workHomeCommuteMedian":7581},"geometry":{"type":"Polygon","coordinates":[[[13.58780638916692,49.4798809063417],[13.58780638916692,49.488874109978944],[13.596799592804166,49.488874109978944],[13.596799592804166,49.4798809063417],[13.58780638916692,49.4798809063417]]]}},{"type":"Feature","properties":{"jobs":112,"pop":218,"pointCount":14,"homeWorkCommuteMedian":8265,"workHomeCommuteMedian":2191},"geometry":{"type":"Polygon","coordinates":[[[13.58780638916692,49.488874109978944],[13.58780638916692,49.49786731361619],[13.596799592804166,49.49786731361619],[13.596799592804166,49.488874109978944],[13.58780638916692,49.488874109978944]]]}},{"type":"Feature","properties":{"jobs":0,"pop":11,"pointCount":1,"homeWorkCommuteMedian":34716,"workHomeCommuteMedian":-1},"geometry":{"type":"Polygon","coordinates":[[[13.58780638916692,49.51585372089068],[13.58780638916692,49.52484692452793],[13.596799592804166,49.52484692452793],[13.596799592804166,49.51585372089068],[13.58780638916692,49.51585372089068]]]}},{"type":"Feature","properties":{"jobs":4,"pop":4,"pointCount":2,"homeWorkCommuteMedian":18,"workHomeCommuteMedian":18},"geometry":{"type":"Polygon","coordinates":[[[13.58780638916692,49.596792553625896],[13.58780638916692,49.60578575726314],[13.596799592804166,49.60578575726314],[13.596799592804166,49.596792553625896],[13.58780638916692,49.596792553625896]]]}},{"type":"Feature","properties":{"jobs":0,"pop":41,"pointCount":2,"homeWorkCommuteMedian":24969,"workHomeCommuteMedian":-1},"geometry":{"type":"Polygon","coordinates":[[[13.58780638916692,49.60578575726314],[13.58780638916692,49.61477896090039],[13.596799592804166,49.61477896090039],[13.596799592804166,49.60578575726314],[13.58780638916692,49.60578575726314]]]}},{"type":"Feature","properties":{"jobs":34,"pop":93,"pointCount":5,"homeWorkCommuteMedian":23546,"workHomeCommuteMedian":8473},"geometry":{"type":"Polygon","coordinates":[[[13.58780638916692,49.65075177544937],[13.58780638916692,49.65974497908662],[13.596799592804166,49.65974497908662],[13.596799592804166,49.65075177544937],[13.58780638916692,49.65075177544937]]]}},{"type":"Feature","properties":{"jobs":0,"pop":10,"pointCount":1,"homeWorkCommuteMedian":21640,"workHomeCommuteMedian":-1},"geometry":{"type":"Polygon","coordinates":[[[13.58780638916692,49.65974497908662],[13.58780638916692,49.668738182723864],[13.596799592804166,49.668738182723864],[13.596799592804166,49.65974497908662],[13.58780638916692,49.65974497908662]]]}},{"type":"Feature","properties":{"jobs":364,"pop":0,"pointCount":4,"homeWorkCommuteMedian":-1,"workHomeCommuteMedian":12404},"geometry":{"type":"Polygon","coordinates":[[[13.58780638916692,49.72269740454734],[13.58780638916692,49.731690608184586],[13.596799592804166,49.731690608184586],[13.596799592804166,49.72269740454734],[13.58780638916692,49.72269740454734]]]}},{"type":"Feature","properties":{"jobs":492,"pop":1837,"pointCount":18,"homeWorkCommuteMedian":4619,"workHomeCommuteMedian":1841},"geometry":{"type":"Polygon","coordinates":[[[13.58780638916692,49.731690608184586],[13.58780638916692,49.74068381182183],[13.596799592804166,49.74068381182183],[13.596799592804166,49.731690608184586],[13.58780638916692,49.731690608184586]]]}},{"type":"Feature","properties":{"jobs":3347,"pop":1121,"pointCount":11,"homeWorkCommuteMedian":5779,"workHomeCommuteMedian":13286},"geometry":{"type":"Polygon","coordinates":[[[13.58780638916692,49.74068381182183],[13.58780638916692,49.74967701545908],[13.596799592804166,49.74967701545908],[13.596799592804166,49.74068381182183],[13.58780638916692,49.74068381182183]]]}},{"type":"Feature","properties":{"jobs":0,"pop":13,"pointCount":1,"homeWorkCommuteMedian":7781,"workHomeCommuteMedian":-1},"geometry":{"type":"Polygon","coordinates":[[[13.58780638916692,49.758670219096324],[13.58780638916692,49.76766342273357],[13.596799592804166,49.76766342273357],[13.596799592804166,49.758670219096324],[13.58780638916692,49.758670219096324]]]}},{"type":"Feature","properties":{"jobs":40,"pop":302,"pointCount":13,"homeWorkCommuteMedian":18355,"workHomeCommuteMedian":5532},"geometry":{"type":"Polygon","coordinates":[[[13.58780638916692,49.76766342273357],[13.58780638916692,49.776656626370816],[13.596799592804166,49.776656626370816],[13.596799592804166,49.76766342273357],[13.58780638916692,49.76766342273357]]]}},{"type":"Feature","properties":{"jobs":145,"pop":381,"pointCount":16,"homeWorkCommuteMedian":10530,"workHomeCommuteMedian":4769},"geometry":{"type":"Polygon","coordinates":[[[13.58780638916692,49.776656626370816],[13.58780638916692,49.78564983000806],[13.596799592804166,49.78564983000806],[13.596799592804166,49.776656626370816],[13.58780638916692,49.776656626370816]]]}},{"type":"Feature","properties":{"jobs":56,"pop":0,"pointCount":1,"homeWorkCommuteMedian":-1,"workHomeCommuteMedian":12747},"geometry":{"type":"Polygon","coordinates":[[[13.58780638916692,49.78564983000806],[13.58780638916692,49.79464303364531],[13.596799592804166,49.79464303364531],[13.596799592804166,49.78564983000806],[13.58780638916692,49.78564983000806]]]}},{"type":"Feature","properties":{"jobs":30,"pop":10,"pointCount":3,"homeWorkCommuteMedian":21770,"workHomeCommuteMedian":850},"geometry":{"type":"Polygon","coordinates":[[[13.58780638916692,49.803636237282554],[13.58780638916692,49.8126294409198],[13.596799592804166,49.8126294409198],[13.596799592804166,49.803636237282554],[13.58780638916692,49.803636237282554]]]}},{"type":"Feature","properties":{"jobs":6,"pop":91,"pointCount":4,"homeWorkCommuteMedian":15404,"workHomeCommuteMedian":190},"geometry":{"type":"Polygon","coordinates":[[[13.58780638916692,49.821622644557046],[13.58780638916692,49.83061584819429],[13.596799592804166,49.83061584819429],[13.596799592804166,49.821622644557046],[13.58780638916692,49.821622644557046]]]}},{"type":"Feature","properties":{"jobs":0,"pop":24,"pointCount":1,"homeWorkCommuteMedian":29706,"workHomeCommuteMedian":-1},"geometry":{"type":"Polygon","coordinates":[[[13.58780638916692,49.83061584819429],[13.58780638916692,49.83960905183154],[13.596799592804166,49.83960905183154],[13.596799592804166,49.83061584819429],[13.58780638916692,49.83061584819429]]]}},{"type":"Feature","properties":{"jobs":0,"pop":19,"pointCount":1,"homeWorkCommuteMedian":14908,"workHomeCommuteMedian":-1},"geometry":{"type":"Polygon","coordinates":[[[13.58780638916692,49.84860225546878],[13.58780638916692,49.85759545910603],[13.596799592804166,49.85759545910603],[13.596799592804166,49.84860225546878],[13.58780638916692,49.84860225546878]]]}},{"type":"Feature","properties":{"jobs":0,"pop":14,"pointCount":1,"homeWorkCommuteMedian":55746,"workHomeCommuteMedian":-1},"geometry":{"type":"Polygon","coordinates":[[[13.58780638916692,49.866588662743276],[13.58780638916692,49.87558186638052],[13.596799592804166,49.87558186638052],[13.596799592804166,49.866588662743276],[13.58780638916692,49.866588662743276]]]}},{"type":"Feature","properties":{"jobs":0,"pop":33,"pointCount":2,"homeWorkCommuteMedian":15271,"workHomeCommuteMedian":-1},"geometry":{"type":"Polygon","coordinates":[[[13.58780638916692,49.87558186638052],[13.58780638916692,49.88457507001777],[13.596799592804166,49.88457507001777],[13.596799592804166,49.87558186638052],[13.58780638916692,49.87558186638052]]]}},{"type":"Feature","properties":{"jobs":0,"pop":9,"pointCount":1,"homeWorkCommuteMedian":39197,"workHomeCommuteMedian":-1},"geometry":{"type":"Polygon","coordinates":[[[13.58780638916692,49.92054788456675],[13.58780638916692,49.929541088204],[13.596799592804166,49.929541088204],[13.596799592804166,49.92054788456675],[13.58780638916692,49.92054788456675]]]}},{"type":"Feature","properties":{"jobs":10,"pop":28,"pointCount":1,"homeWorkCommuteMedian":4191,"workHomeCommuteMedian":2530},"geometry":{"type":"Polygon","coordinates":[[[13.596799592804166,49.443908091792714],[13.596799592804166,49.45290129542996],[13.605792796441412,49.45290129542996],[13.605792796441412,49.443908091792714],[13.596799592804166,49.443908091792714]]]}},{"type":"Feature","properties":{"jobs":0,"pop":12,"pointCount":1,"homeWorkCommuteMedian":18673,"workHomeCommuteMedian":-1},"geometry":{"type":"Polygon","coordinates":[[[13.596799592804166,49.45290129542996],[13.596799592804166,49.461894499067206],[13.605792796441412,49.461894499067206],[13.605792796441412,49.45290129542996],[13.596799592804166,49.45290129542996]]]}},{"type":"Feature","properties":{"jobs":2,"pop":62,"pointCount":5,"homeWorkCommuteMedian":39647,"workHomeCommuteMedian":132},"geometry":{"type":"Polygon","coordinates":[[[13.596799592804166,49.461894499067206],[13.596799592804166,49.47088770270445],[13.605792796441412,49.47088770270445],[13.605792796441412,49.461894499067206],[13.596799592804166,49.461894499067206]]]}},{"type":"Feature","properties":{"jobs":36,"pop":125,"pointCount":6,"homeWorkCommuteMedian":38352,"workHomeCommuteMedian":2874},"geometry":{"type":"Polygon","coordinates":[[[13.596799592804166,49.488874109978944],[13.596799592804166,49.49786731361619],[13.605792796441412,49.49786731361619],[13.605792796441412,49.488874109978944],[13.596799592804166,49.488874109978944]]]}},{"type":"Feature","properties":{"jobs":39,"pop":0,"pointCount":1,"homeWorkCommuteMedian":-1,"workHomeCommuteMedian":2435},"geometry":{"type":"Polygon","coordinates":[[[13.596799592804166,49.49786731361619],[13.596799592804166,49.506860517253436],[13.605792796441412,49.506860517253436],[13.605792796441412,49.49786731361619],[13.596799592804166,49.49786731361619]]]}},{"type":"Feature","properties":{"jobs":9,"pop":66,"pointCount":2,"homeWorkCommuteMedian":27617,"workHomeCommuteMedian":134},"geometry":{"type":"Polygon","coordinates":[[[13.596799592804166,49.51585372089068],[13.596799592804166,49.52484692452793],[13.605792796441412,49.52484692452793],[13.605792796441412,49.51585372089068],[13.596799592804166,49.51585372089068]]]}},{"type":"Feature","properties":{"jobs":0,"pop":20,"pointCount":1,"homeWorkCommuteMedian":32885,"workHomeCommuteMedian":-1},"geometry":{"type":"Polygon","coordinates":[[[13.596799592804166,49.56081973907691],[13.596799592804166,49.56981294271416],[13.605792796441412,49.56981294271416],[13.605792796441412,49.56081973907691],[13.596799592804166,49.56081973907691]]]}},{"type":"Feature","properties":{"jobs":1,"pop":32,"pointCount":3,"homeWorkCommuteMedian":20009,"workHomeCommuteMedian":257},"geometry":{"type":"Polygon","coordinates":[[[13.596799592804166,49.58779934998865],[13.596799592804166,49.596792553625896],[13.605792796441412,49.596792553625896],[13.605792796441412,49.58779934998865],[13.596799592804166,49.58779934998865]]]}},{"type":"Feature","properties":{"jobs":67,"pop":138,"pointCount":8,"homeWorkCommuteMedian":23244,"workHomeCommuteMedian":5888},"geometry":{"type":"Polygon","coordinates":[[[13.596799592804166,49.60578575726314],[13.596799592804166,49.61477896090039],[13.605792796441412,49.61477896090039],[13.605792796441412,49.60578575726314],[13.596799592804166,49.60578575726314]]]}},{"type":"Feature","properties":{"jobs":33,"pop":100,"pointCount":3,"homeWorkCommuteMedian":16003,"workHomeCommuteMedian":3676},"geometry":{"type":"Polygon","coordinates":[[[13.596799592804166,49.61477896090039],[13.596799592804166,49.623772164537634],[13.605792796441412,49.623772164537634],[13.605792796441412,49.61477896090039],[13.596799592804166,49.61477896090039]]]}},{"type":"Feature","properties":{"jobs":10,"pop":73,"pointCount":4,"homeWorkCommuteMedian":15097,"workHomeCommuteMedian":320},"geometry":{"type":"Polygon","coordinates":[[[13.596799592804166,49.63276536817488],[13.596799592804166,49.641758571812126],[13.605792796441412,49.641758571812126],[13.605792796441412,49.63276536817488],[13.596799592804166,49.63276536817488]]]}},{"type":"Feature","properties":{"jobs":0,"pop":55,"pointCount":1,"homeWorkCommuteMedian":13230,"workHomeCommuteMedian":-1},"geometry":{"type":"Polygon","coordinates":[[[13.596799592804166,49.67773138636111],[13.596799592804166,49.686724589998356],[13.605792796441412,49.686724589998356],[13.605792796441412,49.67773138636111],[13.596799592804166,49.67773138636111]]]}},{"type":"Feature","properties":{"jobs":0,"pop":43,"pointCount":3,"homeWorkCommuteMedian":23124,"workHomeCommuteMedian":-1},"geometry":{"type":"Polygon","coordinates":[[[13.596799592804166,49.686724589998356],[13.596799592804166,49.6957177936356],[13.605792796441412,49.6957177936356],[13.605792796441412,49.686724589998356],[13.596799592804166,49.686724589998356]]]}},{"type":"Feature","properties":{"jobs":18,"pop":62,"pointCount":2,"homeWorkCommuteMedian":5785,"workHomeCommuteMedian":232},"geometry":{"type":"Polygon","coordinates":[[[13.596799592804166,49.6957177936356],[13.596799592804166,49.70471099727285],[13.605792796441412,49.70471099727285],[13.605792796441412,49.6957177936356],[13.596799592804166,49.6957177936356]]]}},{"type":"Feature","properties":{"jobs":1539,"pop":43,"pointCount":5,"homeWorkCommuteMedian":20771,"workHomeCommuteMedian":15334},"geometry":{"type":"Polygon","coordinates":[[[13.596799592804166,49.72269740454734],[13.596799592804166,49.731690608184586],[13.605792796441412,49.731690608184586],[13.605792796441412,49.72269740454734],[13.596799592804166,49.72269740454734]]]}},{"type":"Feature","properties":{"jobs":1784,"pop":539,"pointCount":13,"homeWorkCommuteMedian":6538,"workHomeCommuteMedian":16317},"geometry":{"type":"Polygon","coordinates":[[[13.596799592804166,49.731690608184586],[13.596799592804166,49.74068381182183],[13.605792796441412,49.74068381182183],[13.605792796441412,49.731690608184586],[13.596799592804166,49.731690608184586]]]}},{"type":"Feature","properties":{"jobs":885,"pop":2055,"pointCount":17,"homeWorkCommuteMedian":11857,"workHomeCommuteMedian":3407},"geometry":{"type":"Polygon","coordinates":[[[13.596799592804166,49.74068381182183],[13.596799592804166,49.74967701545908],[13.605792796441412,49.74967701545908],[13.605792796441412,49.74068381182183],[13.596799592804166,49.74068381182183]]]}},{"type":"Feature","properties":{"jobs":0,"pop":160,"pointCount":2,"homeWorkCommuteMedian":9156,"workHomeCommuteMedian":-1},"geometry":{"type":"Polygon","coordinates":[[[13.596799592804166,49.74967701545908],[13.596799592804166,49.758670219096324],[13.605792796441412,49.758670219096324],[13.605792796441412,49.74967701545908],[13.596799592804166,49.74967701545908]]]}},{"type":"Feature","properties":{"jobs":68,"pop":17,"pointCount":2,"homeWorkCommuteMedian":5978,"workHomeCommuteMedian":1181},"geometry":{"type":"Polygon","coordinates":[[[13.596799592804166,49.776656626370816],[13.596799592804166,49.78564983000806],[13.605792796441412,49.78564983000806],[13.605792796441412,49.776656626370816],[13.596799592804166,49.776656626370816]]]}},{"type":"Feature","properties":{"jobs":0,"pop":178,"pointCount":8,"homeWorkCommuteMedian":9159,"workHomeCommuteMedian":-1},"geometry":{"type":"Polygon","coordinates":[[[13.596799592804166,49.803636237282554],[13.596799592804166,49.8126294409198],[13.605792796441412,49.8126294409198],[13.605792796441412,49.803636237282554],[13.596799592804166,49.803636237282554]]]}},{"type":"Feature","properties":{"jobs":0,"pop":11,"pointCount":1,"homeWorkCommuteMedian":11761,"workHomeCommuteMedian":-1},"geometry":{"type":"Polygon","coordinates":[[[13.596799592804166,49.821622644557046],[13.596799592804166,49.83061584819429],[13.605792796441412,49.83061584819429],[13.605792796441412,49.821622644557046],[13.596799592804166,49.821622644557046]]]}},{"type":"Feature","properties":{"jobs":266,"pop":208,"pointCount":13,"homeWorkCommuteMedian":16572,"workHomeCommuteMedian":4385},"geometry":{"type":"Polygon","coordinates":[[[13.596799592804166,49.84860225546878],[13.596799592804166,49.85759545910603],[13.605792796441412,49.85759545910603],[13.605792796441412,49.84860225546878],[13.596799592804166,49.84860225546878]]]}},{"type":"Feature","properties":{"jobs":133,"pop":216,"pointCount":10,"homeWorkCommuteMedian":16353,"workHomeCommuteMedian":7033},"geometry":{"type":"Polygon","coordinates":[[[13.596799592804166,49.85759545910603],[13.596799592804166,49.866588662743276],[13.605792796441412,49.866588662743276],[13.605792796441412,49.85759545910603],[13.596799592804166,49.85759545910603]]]}},{"type":"Feature","properties":{"jobs":10,"pop":0,"pointCount":1,"homeWorkCommuteMedian":-1,"workHomeCommuteMedian":453},"geometry":{"type":"Polygon","coordinates":[[[13.596799592804166,49.87558186638052],[13.596799592804166,49.88457507001777],[13.605792796441412,49.88457507001777],[13.605792796441412,49.87558186638052],[13.596799592804166,49.87558186638052]]]}},{"type":"Feature","properties":{"jobs":6,"pop":0,"pointCount":1,"homeWorkCommuteMedian":-1,"workHomeCommuteMedian":1078},"geometry":{"type":"Polygon","coordinates":[[[13.605792796441412,49.443908091792714],[13.605792796441412,49.45290129542996],[13.614786000078658,49.45290129542996],[13.614786000078658,49.443908091792714],[13.605792796441412,49.443908091792714]]]}},{"type":"Feature","properties":{"jobs":0,"pop":56,"pointCount":2,"homeWorkCommuteMedian":37447,"workHomeCommuteMedian":-1},"geometry":{"type":"Polygon","coordinates":[[[13.605792796441412,49.4798809063417],[13.605792796441412,49.488874109978944],[13.614786000078658,49.488874109978944],[13.614786000078658,49.4798809063417],[13.605792796441412,49.4798809063417]]]}},{"type":"Feature","properties":{"jobs":270,"pop":150,"pointCount":9,"homeWorkCommuteMedian":3180,"workHomeCommuteMedian":5674},"geometry":{"type":"Polygon","coordinates":[[[13.605792796441412,49.488874109978944],[13.605792796441412,49.49786731361619],[13.614786000078658,49.49786731361619],[13.614786000078658,49.488874109978944],[13.605792796441412,49.488874109978944]]]}},{"type":"Feature","properties":{"jobs":236,"pop":126,"pointCount":8,"homeWorkCommuteMedian":31349,"workHomeCommuteMedian":3635},"geometry":{"type":"Polygon","coordinates":[[[13.605792796441412,49.49786731361619],[13.605792796441412,49.506860517253436],[13.614786000078658,49.506860517253436],[13.614786000078658,49.49786731361619],[13.605792796441412,49.49786731361619]]]}},{"type":"Feature","properties":{"jobs":0,"pop":20,"pointCount":1,"homeWorkCommuteMedian":28960,"workHomeCommuteMedian":-1},"geometry":{"type":"Polygon","coordinates":[[[13.605792796441412,49.56081973907691],[13.605792796441412,49.56981294271416],[13.614786000078658,49.56981294271416],[13.614786000078658,49.56081973907691],[13.605792796441412,49.56081973907691]]]}},{"type":"Feature","properties":{"jobs":78,"pop":409,"pointCount":18,"homeWorkCommuteMedian":22974,"workHomeCommuteMedian":3710},"geometry":{"type":"Polygon","coordinates":[[[13.605792796441412,49.60578575726314],[13.605792796441412,49.61477896090039],[13.614786000078658,49.61477896090039],[13.614786000078658,49.60578575726314],[13.605792796441412,49.60578575726314]]]}},{"type":"Feature","properties":{"jobs":190,"pop":135,"pointCount":7,"homeWorkCommuteMedian":25140,"workHomeCommuteMedian":4099},"geometry":{"type":"Polygon","coordinates":[[[13.605792796441412,49.61477896090039],[13.605792796441412,49.623772164537634],[13.614786000078658,49.623772164537634],[13.614786000078658,49.61477896090039],[13.605792796441412,49.61477896090039]]]}},{"type":"Feature","properties":{"jobs":1,"pop":93,"pointCount":5,"homeWorkCommuteMedian":13371,"workHomeCommuteMedian":151},"geometry":{"type":"Polygon","coordinates":[[[13.605792796441412,49.641758571812126],[13.605792796441412,49.65075177544937],[13.614786000078658,49.65075177544937],[13.614786000078658,49.641758571812126],[13.605792796441412,49.641758571812126]]]}},{"type":"Feature","properties":{"jobs":0,"pop":34,"pointCount":2,"homeWorkCommuteMedian":9018,"workHomeCommuteMedian":-1},"geometry":{"type":"Polygon","coordinates":[[[13.605792796441412,49.67773138636111],[13.605792796441412,49.686724589998356],[13.614786000078658,49.686724589998356],[13.614786000078658,49.67773138636111],[13.605792796441412,49.67773138636111]]]}},{"type":"Feature","properties":{"jobs":0,"pop":43,"pointCount":2,"homeWorkCommuteMedian":21801,"workHomeCommuteMedian":-1},"geometry":{"type":"Polygon","coordinates":[[[13.605792796441412,49.686724589998356],[13.605792796441412,49.6957177936356],[13.614786000078658,49.6957177936356],[13.614786000078658,49.686724589998356],[13.605792796441412,49.686724589998356]]]}},{"type":"Feature","properties":{"jobs":13,"pop":106,"pointCount":3,"homeWorkCommuteMedian":17490,"workHomeCommuteMedian":1120},"geometry":{"type":"Polygon","coordinates":[[[13.605792796441412,49.72269740454734],[13.605792796441412,49.731690608184586],[13.614786000078658,49.731690608184586],[13.614786000078658,49.72269740454734],[13.605792796441412,49.72269740454734]]]}},{"type":"Feature","properties":{"jobs":10,"pop":54,"pointCount":2,"homeWorkCommuteMedian":2825,"workHomeCommuteMedian":359},"geometry":{"type":"Polygon","coordinates":[[[13.605792796441412,49.731690608184586],[13.605792796441412,49.74068381182183],[13.614786000078658,49.74068381182183],[13.614786000078658,49.731690608184586],[13.605792796441412,49.731690608184586]]]}},{"type":"Feature","properties":{"jobs":84,"pop":215,"pointCount":4,"homeWorkCommuteMedian":2476,"workHomeCommuteMedian":2507},"geometry":{"type":"Polygon","coordinates":[[[13.605792796441412,49.74068381182183],[13.605792796441412,49.74967701545908],[13.614786000078658,49.74967701545908],[13.614786000078658,49.74068381182183],[13.605792796441412,49.74068381182183]]]}},{"type":"Feature","properties":{"jobs":0,"pop":1,"pointCount":1,"homeWorkCommuteMedian":2988,"workHomeCommuteMedian":-1},"geometry":{"type":"Polygon","coordinates":[[[13.605792796441412,49.74967701545908],[13.605792796441412,49.758670219096324],[13.614786000078658,49.758670219096324],[13.614786000078658,49.74967701545908],[13.605792796441412,49.74967701545908]]]}},{"type":"Feature","properties":{"jobs":13,"pop":96,"pointCount":4,"homeWorkCommuteMedian":14091,"workHomeCommuteMedian":315},"geometry":{"type":"Polygon","coordinates":[[[13.605792796441412,49.83061584819429],[13.605792796441412,49.83960905183154],[13.614786000078658,49.83960905183154],[13.614786000078658,49.83061584819429],[13.605792796441412,49.83061584819429]]]}},{"type":"Feature","properties":{"jobs":18,"pop":0,"pointCount":1,"homeWorkCommuteMedian":-1,"workHomeCommuteMedian":1513},"geometry":{"type":"Polygon","coordinates":[[[13.605792796441412,49.83960905183154],[13.605792796441412,49.84860225546878],[13.614786000078658,49.84860225546878],[13.614786000078658,49.83960905183154],[13.605792796441412,49.83960905183154]]]}},{"type":"Feature","properties":{"jobs":67,"pop":284,"pointCount":13,"homeWorkCommuteMedian":21382,"workHomeCommuteMedian":15210},"geometry":{"type":"Polygon","coordinates":[[[13.605792796441412,49.84860225546878],[13.605792796441412,49.85759545910603],[13.614786000078658,49.85759545910603],[13.614786000078658,49.84860225546878],[13.605792796441412,49.84860225546878]]]}},{"type":"Feature","properties":{"jobs":0,"pop":93,"pointCount":3,"homeWorkCommuteMedian":14480,"workHomeCommuteMedian":-1},"geometry":{"type":"Polygon","coordinates":[[[13.605792796441412,49.85759545910603],[13.605792796441412,49.866588662743276],[13.614786000078658,49.866588662743276],[13.614786000078658,49.85759545910603],[13.605792796441412,49.85759545910603]]]}},{"type":"Feature","properties":{"jobs":0,"pop":44,"pointCount":2,"homeWorkCommuteMedian":44326,"workHomeCommuteMedian":-1},"geometry":{"type":"Polygon","coordinates":[[[13.614786000078658,49.43491488815547],[13.614786000078658,49.443908091792714],[13.623779203715904,49.443908091792714],[13.623779203715904,49.43491488815547],[13.614786000078658,49.43491488815547]]]}},{"type":"Feature","properties":{"jobs":9,"pop":33,"pointCount":2,"homeWorkCommuteMedian":18599,"workHomeCommuteMedian":540},"geometry":{"type":"Polygon","coordinates":[[[13.614786000078658,49.45290129542996],[13.614786000078658,49.461894499067206],[13.623779203715904,49.461894499067206],[13.623779203715904,49.45290129542996],[13.614786000078658,49.45290129542996]]]}},{"type":"Feature","properties":{"jobs":0,"pop":15,"pointCount":1,"homeWorkCommuteMedian":32190,"workHomeCommuteMedian":-1},"geometry":{"type":"Polygon","coordinates":[[[13.614786000078658,49.4798809063417],[13.614786000078658,49.488874109978944],[13.623779203715904,49.488874109978944],[13.623779203715904,49.4798809063417],[13.614786000078658,49.4798809063417]]]}},{"type":"Feature","properties":{"jobs":8,"pop":0,"pointCount":1,"homeWorkCommuteMedian":-1,"workHomeCommuteMedian":835},"geometry":{"type":"Polygon","coordinates":[[[13.614786000078658,49.488874109978944],[13.614786000078658,49.49786731361619],[13.623779203715904,49.49786731361619],[13.623779203715904,49.488874109978944],[13.614786000078658,49.488874109978944]]]}},{"type":"Feature","properties":{"jobs":0,"pop":72,"pointCount":2,"homeWorkCommuteMedian":11783,"workHomeCommuteMedian":-1},"geometry":{"type":"Polygon","coordinates":[[[13.614786000078658,49.49786731361619],[13.614786000078658,49.506860517253436],[13.623779203715904,49.506860517253436],[13.623779203715904,49.49786731361619],[13.614786000078658,49.49786731361619]]]}},{"type":"Feature","properties":{"jobs":43,"pop":34,"pointCount":4,"homeWorkCommuteMedian":38926,"workHomeCommuteMedian":4317},"geometry":{"type":"Polygon","coordinates":[[[13.614786000078658,49.506860517253436],[13.614786000078658,49.51585372089068],[13.623779203715904,49.51585372089068],[13.623779203715904,49.506860517253436],[13.614786000078658,49.506860517253436]]]}},{"type":"Feature","properties":{"jobs":0,"pop":30,"pointCount":2,"homeWorkCommuteMedian":11356,"workHomeCommuteMedian":-1},"geometry":{"type":"Polygon","coordinates":[[[13.614786000078658,49.65075177544937],[13.614786000078658,49.65974497908662],[13.623779203715904,49.65974497908662],[13.623779203715904,49.65075177544937],[13.614786000078658,49.65075177544937]]]}},{"type":"Feature","properties":{"jobs":25,"pop":79,"pointCount":5,"homeWorkCommuteMedian":2665,"workHomeCommuteMedian":3362},"geometry":{"type":"Polygon","coordinates":[[[13.614786000078658,49.713704200910094],[13.614786000078658,49.72269740454734],[13.623779203715904,49.72269740454734],[13.623779203715904,49.713704200910094],[13.614786000078658,49.713704200910094]]]}},{"type":"Feature","properties":{"jobs":37,"pop":161,"pointCount":7,"homeWorkCommuteMedian":19868,"workHomeCommuteMedian":903},"geometry":{"type":"Polygon","coordinates":[[[13.614786000078658,49.72269740454734],[13.614786000078658,49.731690608184586],[13.623779203715904,49.731690608184586],[13.623779203715904,49.72269740454734],[13.614786000078658,49.72269740454734]]]}},{"type":"Feature","properties":{"jobs":0,"pop":40,"pointCount":2,"homeWorkCommuteMedian":3648,"workHomeCommuteMedian":-1},"geometry":{"type":"Polygon","coordinates":[[[13.614786000078658,49.74068381182183],[13.614786000078658,49.74967701545908],[13.623779203715904,49.74967701545908],[13.623779203715904,49.74068381182183],[13.614786000078658,49.74068381182183]]]}},{"type":"Feature","properties":{"jobs":0,"pop":101,"pointCount":3,"homeWorkCommuteMedian":20354,"workHomeCommuteMedian":-1},"geometry":{"type":"Polygon","coordinates":[[[13.614786000078658,49.74967701545908],[13.614786000078658,49.758670219096324],[13.623779203715904,49.758670219096324],[13.623779203715904,49.74967701545908],[13.614786000078658,49.74967701545908]]]}},{"type":"Feature","properties":{"jobs":249,"pop":208,"pointCount":12,"homeWorkCommuteMedian":18008,"workHomeCommuteMedian":10755},"geometry":{"type":"Polygon","coordinates":[[[13.614786000078658,49.76766342273357],[13.614786000078658,49.776656626370816],[13.623779203715904,49.776656626370816],[13.623779203715904,49.76766342273357],[13.614786000078658,49.76766342273357]]]}},{"type":"Feature","properties":{"jobs":68,"pop":74,"pointCount":5,"homeWorkCommuteMedian":7247,"workHomeCommuteMedian":23000},"geometry":{"type":"Polygon","coordinates":[[[13.614786000078658,49.776656626370816],[13.614786000078658,49.78564983000806],[13.623779203715904,49.78564983000806],[13.623779203715904,49.776656626370816],[13.614786000078658,49.776656626370816]]]}},{"type":"Feature","properties":{"jobs":0,"pop":11,"pointCount":1,"homeWorkCommuteMedian":1186,"workHomeCommuteMedian":-1},"geometry":{"type":"Polygon","coordinates":[[[13.614786000078658,49.84860225546878],[13.614786000078658,49.85759545910603],[13.623779203715904,49.85759545910603],[13.623779203715904,49.84860225546878],[13.614786000078658,49.84860225546878]]]}},{"type":"Feature","properties":{"jobs":2,"pop":22,"pointCount":3,"homeWorkCommuteMedian":6162,"workHomeCommuteMedian":240},"geometry":{"type":"Polygon","coordinates":[[[13.614786000078658,49.89356827365501],[13.614786000078658,49.90256147729226],[13.623779203715904,49.90256147729226],[13.623779203715904,49.89356827365501],[13.614786000078658,49.89356827365501]]]}},{"type":"Feature","properties":{"jobs":0,"pop":10,"pointCount":1,"homeWorkCommuteMedian":24701,"workHomeCommuteMedian":-1},"geometry":{"type":"Polygon","coordinates":[[[13.614786000078658,49.94752749547849],[13.614786000078658,49.956520699115735],[13.623779203715904,49.956520699115735],[13.623779203715904,49.94752749547849],[13.614786000078658,49.94752749547849]]]}},{"type":"Feature","properties":{"jobs":8,"pop":18,"pointCount":2,"homeWorkCommuteMedian":40273,"workHomeCommuteMedian":220},"geometry":{"type":"Polygon","coordinates":[[[13.614786000078658,49.96551390275298],[13.614786000078658,49.97450710639023],[13.623779203715904,49.97450710639023],[13.623779203715904,49.96551390275298],[13.614786000078658,49.96551390275298]]]}},{"type":"Feature","properties":{"jobs":0,"pop":38,"pointCount":2,"homeWorkCommuteMedian":22124,"workHomeCommuteMedian":-1},"geometry":{"type":"Polygon","coordinates":[[[13.623779203715904,49.42592168451822],[13.623779203715904,49.43491488815547],[13.63277240735315,49.43491488815547],[13.63277240735315,49.42592168451822],[13.623779203715904,49.42592168451822]]]}},{"type":"Feature","properties":{"jobs":13,"pop":11,"pointCount":2,"homeWorkCommuteMedian":9064,"workHomeCommuteMedian":421},"geometry":{"type":"Polygon","coordinates":[[[13.623779203715904,49.43491488815547],[13.623779203715904,49.443908091792714],[13.63277240735315,49.443908091792714],[13.63277240735315,49.43491488815547],[13.623779203715904,49.43491488815547]]]}},{"type":"Feature","properties":{"jobs":13,"pop":44,"pointCount":3,"homeWorkCommuteMedian":14268,"workHomeCommuteMedian":154},"geometry":{"type":"Polygon","coordinates":[[[13.623779203715904,49.488874109978944],[13.623779203715904,49.49786731361619],[13.63277240735315,49.49786731361619],[13.63277240735315,49.488874109978944],[13.623779203715904,49.488874109978944]]]}},{"type":"Feature","properties":{"jobs":0,"pop":50,"pointCount":2,"homeWorkCommuteMedian":31001,"workHomeCommuteMedian":-1},"geometry":{"type":"Polygon","coordinates":[[[13.623779203715904,49.506860517253436],[13.623779203715904,49.51585372089068],[13.63277240735315,49.51585372089068],[13.63277240735315,49.506860517253436],[13.623779203715904,49.506860517253436]]]}},{"type":"Feature","properties":{"jobs":0,"pop":40,"pointCount":2,"homeWorkCommuteMedian":38058,"workHomeCommuteMedian":-1},"geometry":{"type":"Polygon","coordinates":[[[13.623779203715904,49.52484692452793],[13.623779203715904,49.533840128165174],[13.63277240735315,49.533840128165174],[13.63277240735315,49.52484692452793],[13.623779203715904,49.52484692452793]]]}},{"type":"Feature","properties":{"jobs":0,"pop":33,"pointCount":1,"homeWorkCommuteMedian":9135,"workHomeCommuteMedian":-1},"geometry":{"type":"Polygon","coordinates":[[[13.623779203715904,49.623772164537634],[13.623779203715904,49.63276536817488],[13.63277240735315,49.63276536817488],[13.63277240735315,49.623772164537634],[13.623779203715904,49.623772164537634]]]}},{"type":"Feature","properties":{"jobs":10,"pop":44,"pointCount":4,"homeWorkCommuteMedian":28276,"workHomeCommuteMedian":118},"geometry":{"type":"Polygon","coordinates":[[[13.623779203715904,49.65974497908662],[13.623779203715904,49.668738182723864],[13.63277240735315,49.668738182723864],[13.63277240735315,49.65974497908662],[13.623779203715904,49.65974497908662]]]}},{"type":"Feature","properties":{"jobs":10,"pop":78,"pointCount":4,"homeWorkCommuteMedian":3868,"workHomeCommuteMedian":404},"geometry":{"type":"Polygon","coordinates":[[[13.623779203715904,49.713704200910094],[13.623779203715904,49.72269740454734],[13.63277240735315,49.72269740454734],[13.63277240735315,49.713704200910094],[13.623779203715904,49.713704200910094]]]}},{"type":"Feature","properties":{"jobs":16,"pop":13,"pointCount":1,"homeWorkCommuteMedian":6134,"workHomeCommuteMedian":1683},"geometry":{"type":"Polygon","coordinates":[[[13.623779203715904,49.72269740454734],[13.623779203715904,49.731690608184586],[13.63277240735315,49.731690608184586],[13.63277240735315,49.72269740454734],[13.623779203715904,49.72269740454734]]]}},{"type":"Feature","properties":{"jobs":14,"pop":46,"pointCount":3,"homeWorkCommuteMedian":17923,"workHomeCommuteMedian":337},"geometry":{"type":"Polygon","coordinates":[[[13.623779203715904,49.74068381182183],[13.623779203715904,49.74967701545908],[13.63277240735315,49.74967701545908],[13.63277240735315,49.74068381182183],[13.623779203715904,49.74068381182183]]]}},{"type":"Feature","properties":{"jobs":0,"pop":74,"pointCount":4,"homeWorkCommuteMedian":2930,"workHomeCommuteMedian":-1},"geometry":{"type":"Polygon","coordinates":[[[13.623779203715904,49.74967701545908],[13.623779203715904,49.758670219096324],[13.63277240735315,49.758670219096324],[13.63277240735315,49.74967701545908],[13.623779203715904,49.74967701545908]]]}},{"type":"Feature","properties":{"jobs":158,"pop":366,"pointCount":17,"homeWorkCommuteMedian":18149,"workHomeCommuteMedian":11316},"geometry":{"type":"Polygon","coordinates":[[[13.623779203715904,49.76766342273357],[13.623779203715904,49.776656626370816],[13.63277240735315,49.776656626370816],[13.63277240735315,49.76766342273357],[13.623779203715904,49.76766342273357]]]}},{"type":"Feature","properties":{"jobs":0,"pop":35,"pointCount":1,"homeWorkCommuteMedian":9782,"workHomeCommuteMedian":-1},"geometry":{"type":"Polygon","coordinates":[[[13.623779203715904,49.776656626370816],[13.623779203715904,49.78564983000806],[13.63277240735315,49.78564983000806],[13.63277240735315,49.776656626370816],[13.623779203715904,49.776656626370816]]]}},{"type":"Feature","properties":{"jobs":0,"pop":11,"pointCount":1,"homeWorkCommuteMedian":36773,"workHomeCommuteMedian":-1},"geometry":{"type":"Polygon","coordinates":[[[13.623779203715904,49.866588662743276],[13.623779203715904,49.87558186638052],[13.63277240735315,49.87558186638052],[13.63277240735315,49.866588662743276],[13.623779203715904,49.866588662743276]]]}},{"type":"Feature","properties":{"jobs":0,"pop":10,"pointCount":1,"homeWorkCommuteMedian":4598,"workHomeCommuteMedian":-1},"geometry":{"type":"Polygon","coordinates":[[[13.623779203715904,49.87558186638052],[13.623779203715904,49.88457507001777],[13.63277240735315,49.88457507001777],[13.63277240735315,49.87558186638052],[13.623779203715904,49.87558186638052]]]}},{"type":"Feature","properties":{"jobs":33,"pop":0,"pointCount":1,"homeWorkCommuteMedian":-1,"workHomeCommuteMedian":2446},"geometry":{"type":"Polygon","coordinates":[[[13.623779203715904,49.90256147729226],[13.623779203715904,49.911554680929505],[13.63277240735315,49.911554680929505],[13.63277240735315,49.90256147729226],[13.623779203715904,49.90256147729226]]]}},{"type":"Feature","properties":{"jobs":0,"pop":24,"pointCount":2,"homeWorkCommuteMedian":2362,"workHomeCommuteMedian":-1},"geometry":{"type":"Polygon","coordinates":[[[13.623779203715904,49.911554680929505],[13.623779203715904,49.92054788456675],[13.63277240735315,49.92054788456675],[13.63277240735315,49.911554680929505],[13.623779203715904,49.911554680929505]]]}},{"type":"Feature","properties":{"jobs":0,"pop":21,"pointCount":1,"homeWorkCommuteMedian":47999,"workHomeCommuteMedian":-1},"geometry":{"type":"Polygon","coordinates":[[[13.623779203715904,49.94752749547849],[13.623779203715904,49.956520699115735],[13.63277240735315,49.956520699115735],[13.63277240735315,49.94752749547849],[13.623779203715904,49.94752749547849]]]}},{"type":"Feature","properties":{"jobs":10,"pop":0,"pointCount":1,"homeWorkCommuteMedian":-1,"workHomeCommuteMedian":11965},"geometry":{"type":"Polygon","coordinates":[[[13.623779203715904,49.96551390275298],[13.623779203715904,49.97450710639023],[13.63277240735315,49.97450710639023],[13.63277240735315,49.96551390275298],[13.623779203715904,49.96551390275298]]]}},{"type":"Feature","properties":{"jobs":11,"pop":0,"pointCount":1,"homeWorkCommuteMedian":-1,"workHomeCommuteMedian":320},"geometry":{"type":"Polygon","coordinates":[[[13.623779203715904,49.98350031002747],[13.623779203715904,49.99249351366472],[13.63277240735315,49.99249351366472],[13.63277240735315,49.98350031002747],[13.623779203715904,49.98350031002747]]]}},{"type":"Feature","properties":{"jobs":10,"pop":30,"pointCount":2,"homeWorkCommuteMedian":37303,"workHomeCommuteMedian":183},"geometry":{"type":"Polygon","coordinates":[[[13.63277240735315,49.43491488815547],[13.63277240735315,49.443908091792714],[13.641765610990396,49.443908091792714],[13.641765610990396,49.43491488815547],[13.63277240735315,49.43491488815547]]]}},{"type":"Feature","properties":{"jobs":0,"pop":24,"pointCount":1,"homeWorkCommuteMedian":5084,"workHomeCommuteMedian":-1},"geometry":{"type":"Polygon","coordinates":[[[13.63277240735315,49.4798809063417],[13.63277240735315,49.488874109978944],[13.641765610990396,49.488874109978944],[13.641765610990396,49.4798809063417],[13.63277240735315,49.4798809063417]]]}},{"type":"Feature","properties":{"jobs":0,"pop":10,"pointCount":1,"homeWorkCommuteMedian":5022,"workHomeCommuteMedian":-1},"geometry":{"type":"Polygon","coordinates":[[[13.63277240735315,49.52484692452793],[13.63277240735315,49.533840128165174],[13.641765610990396,49.533840128165174],[13.641765610990396,49.52484692452793],[13.63277240735315,49.52484692452793]]]}},{"type":"Feature","properties":{"jobs":0,"pop":13,"pointCount":1,"homeWorkCommuteMedian":33052,"workHomeCommuteMedian":-1},"geometry":{"type":"Polygon","coordinates":[[[13.63277240735315,49.578806146351404],[13.63277240735315,49.58779934998865],[13.641765610990396,49.58779934998865],[13.641765610990396,49.578806146351404],[13.63277240735315,49.578806146351404]]]}},{"type":"Feature","properties":{"jobs":10,"pop":31,"pointCount":3,"homeWorkCommuteMedian":28671,"workHomeCommuteMedian":2916},"geometry":{"type":"Polygon","coordinates":[[[13.63277240735315,49.623772164537634],[13.63277240735315,49.63276536817488],[13.641765610990396,49.63276536817488],[13.641765610990396,49.623772164537634],[13.63277240735315,49.623772164537634]]]}},{"type":"Feature","properties":{"jobs":27,"pop":0,"pointCount":1,"homeWorkCommuteMedian":-1,"workHomeCommuteMedian":3629},"geometry":{"type":"Polygon","coordinates":[[[13.63277240735315,49.67773138636111],[13.63277240735315,49.686724589998356],[13.641765610990396,49.686724589998356],[13.641765610990396,49.67773138636111],[13.63277240735315,49.67773138636111]]]}},{"type":"Feature","properties":{"jobs":0,"pop":26,"pointCount":1,"homeWorkCommuteMedian":16595,"workHomeCommuteMedian":-1},"geometry":{"type":"Polygon","coordinates":[[[13.63277240735315,49.70471099727285],[13.63277240735315,49.713704200910094],[13.641765610990396,49.713704200910094],[13.641765610990396,49.70471099727285],[13.63277240735315,49.70471099727285]]]}},{"type":"Feature","properties":{"jobs":322,"pop":161,"pointCount":7,"homeWorkCommuteMedian":14045,"workHomeCommuteMedian":4619},"geometry":{"type":"Polygon","coordinates":[[[13.63277240735315,49.713704200910094],[13.63277240735315,49.72269740454734],[13.641765610990396,49.72269740454734],[13.641765610990396,49.713704200910094],[13.63277240735315,49.713704200910094]]]}},{"type":"Feature","properties":{"jobs":2,"pop":0,"pointCount":1,"homeWorkCommuteMedian":-1,"workHomeCommuteMedian":9337},"geometry":{"type":"Polygon","coordinates":[[[13.63277240735315,49.731690608184586],[13.63277240735315,49.74068381182183],[13.641765610990396,49.74068381182183],[13.641765610990396,49.731690608184586],[13.63277240735315,49.731690608184586]]]}},{"type":"Feature","properties":{"jobs":744,"pop":0,"pointCount":1,"homeWorkCommuteMedian":-1,"workHomeCommuteMedian":20779},"geometry":{"type":"Polygon","coordinates":[[[13.63277240735315,49.76766342273357],[13.63277240735315,49.776656626370816],[13.641765610990396,49.776656626370816],[13.641765610990396,49.76766342273357],[13.63277240735315,49.76766342273357]]]}},{"type":"Feature","properties":{"jobs":0,"pop":7,"pointCount":1,"homeWorkCommuteMedian":38944,"workHomeCommuteMedian":-1},"geometry":{"type":"Polygon","coordinates":[[[13.63277240735315,49.8126294409198],[13.63277240735315,49.821622644557046],[13.641765610990396,49.821622644557046],[13.641765610990396,49.8126294409198],[13.63277240735315,49.8126294409198]]]}},{"type":"Feature","properties":{"jobs":0,"pop":42,"pointCount":2,"homeWorkCommuteMedian":16043,"workHomeCommuteMedian":-1},"geometry":{"type":"Polygon","coordinates":[[[13.63277240735315,49.83960905183154],[13.63277240735315,49.84860225546878],[13.641765610990396,49.84860225546878],[13.641765610990396,49.83960905183154],[13.63277240735315,49.83960905183154]]]}},{"type":"Feature","properties":{"jobs":0,"pop":21,"pointCount":1,"homeWorkCommuteMedian":39984,"workHomeCommuteMedian":-1},"geometry":{"type":"Polygon","coordinates":[[[13.63277240735315,49.85759545910603],[13.63277240735315,49.866588662743276],[13.641765610990396,49.866588662743276],[13.641765610990396,49.85759545910603],[13.63277240735315,49.85759545910603]]]}},{"type":"Feature","properties":{"jobs":0,"pop":1,"pointCount":1,"homeWorkCommuteMedian":326,"workHomeCommuteMedian":-1},"geometry":{"type":"Polygon","coordinates":[[[13.63277240735315,49.90256147729226],[13.63277240735315,49.911554680929505],[13.641765610990396,49.911554680929505],[13.641765610990396,49.90256147729226],[13.63277240735315,49.90256147729226]]]}},{"type":"Feature","properties":{"jobs":2,"pop":41,"pointCount":3,"homeWorkCommuteMedian":26268,"workHomeCommuteMedian":629},"geometry":{"type":"Polygon","coordinates":[[[13.63277240735315,49.911554680929505],[13.63277240735315,49.92054788456675],[13.641765610990396,49.92054788456675],[13.641765610990396,49.911554680929505],[13.63277240735315,49.911554680929505]]]}},{"type":"Feature","properties":{"jobs":0,"pop":22,"pointCount":1,"homeWorkCommuteMedian":16669,"workHomeCommuteMedian":-1},"geometry":{"type":"Polygon","coordinates":[[[13.63277240735315,49.98350031002747],[13.63277240735315,49.99249351366472],[13.641765610990396,49.99249351366472],[13.641765610990396,49.98350031002747],[13.63277240735315,49.98350031002747]]]}},{"type":"Feature","properties":{"jobs":3,"pop":0,"pointCount":1,"homeWorkCommuteMedian":-1,"workHomeCommuteMedian":258},"geometry":{"type":"Polygon","coordinates":[[[13.641765610990396,49.4798809063417],[13.641765610990396,49.488874109978944],[13.650758814627642,49.488874109978944],[13.650758814627642,49.4798809063417],[13.641765610990396,49.4798809063417]]]}},{"type":"Feature","properties":{"jobs":2,"pop":11,"pointCount":2,"homeWorkCommuteMedian":38730,"workHomeCommuteMedian":1068},"geometry":{"type":"Polygon","coordinates":[[[13.641765610990396,49.52484692452793],[13.641765610990396,49.533840128165174],[13.650758814627642,49.533840128165174],[13.650758814627642,49.52484692452793],[13.641765610990396,49.52484692452793]]]}},{"type":"Feature","properties":{"jobs":0,"pop":43,"pointCount":3,"homeWorkCommuteMedian":10634,"workHomeCommuteMedian":-1},"geometry":{"type":"Polygon","coordinates":[[[13.641765610990396,49.551826535439666],[13.641765610990396,49.56081973907691],[13.650758814627642,49.56081973907691],[13.650758814627642,49.551826535439666],[13.641765610990396,49.551826535439666]]]}},{"type":"Feature","properties":{"jobs":2,"pop":0,"pointCount":1,"homeWorkCommuteMedian":-1,"workHomeCommuteMedian":749},"geometry":{"type":"Polygon","coordinates":[[[13.641765610990396,49.56081973907691],[13.641765610990396,49.56981294271416],[13.650758814627642,49.56981294271416],[13.650758814627642,49.56081973907691],[13.641765610990396,49.56081973907691]]]}},{"type":"Feature","properties":{"jobs":7,"pop":18,"pointCount":2,"homeWorkCommuteMedian":34136,"workHomeCommuteMedian":367},"geometry":{"type":"Polygon","coordinates":[[[13.641765610990396,49.578806146351404],[13.641765610990396,49.58779934998865],[13.650758814627642,49.58779934998865],[13.650758814627642,49.578806146351404],[13.641765610990396,49.578806146351404]]]}},{"type":"Feature","properties":{"jobs":12,"pop":66,"pointCount":2,"homeWorkCommuteMedian":25726,"workHomeCommuteMedian":4121},"geometry":{"type":"Polygon","coordinates":[[[13.641765610990396,49.60578575726314],[13.641765610990396,49.61477896090039],[13.650758814627642,49.61477896090039],[13.650758814627642,49.60578575726314],[13.641765610990396,49.60578575726314]]]}},{"type":"Feature","properties":{"jobs":0,"pop":34,"pointCount":1,"homeWorkCommuteMedian":22601,"workHomeCommuteMedian":-1},"geometry":{"type":"Polygon","coordinates":[[[13.641765610990396,49.63276536817488],[13.641765610990396,49.641758571812126],[13.650758814627642,49.641758571812126],[13.650758814627642,49.63276536817488],[13.641765610990396,49.63276536817488]]]}},{"type":"Feature","properties":{"jobs":0,"pop":28,"pointCount":1,"homeWorkCommuteMedian":12428,"workHomeCommuteMedian":-1},"geometry":{"type":"Polygon","coordinates":[[[13.641765610990396,49.65974497908662],[13.641765610990396,49.668738182723864],[13.650758814627642,49.668738182723864],[13.650758814627642,49.65974497908662],[13.641765610990396,49.65974497908662]]]}},{"type":"Feature","properties":{"jobs":0,"pop":11,"pointCount":1,"homeWorkCommuteMedian":17865,"workHomeCommuteMedian":-1},"geometry":{"type":"Polygon","coordinates":[[[13.641765610990396,49.686724589998356],[13.641765610990396,49.6957177936356],[13.650758814627642,49.6957177936356],[13.650758814627642,49.686724589998356],[13.641765610990396,49.686724589998356]]]}},{"type":"Feature","properties":{"jobs":127,"pop":836,"pointCount":23,"homeWorkCommuteMedian":7444,"workHomeCommuteMedian":5368},"geometry":{"type":"Polygon","coordinates":[[[13.641765610990396,49.70471099727285],[13.641765610990396,49.713704200910094],[13.650758814627642,49.713704200910094],[13.650758814627642,49.70471099727285],[13.641765610990396,49.70471099727285]]]}},{"type":"Feature","properties":{"jobs":371,"pop":181,"pointCount":6,"homeWorkCommuteMedian":21186,"workHomeCommuteMedian":6567},"geometry":{"type":"Polygon","coordinates":[[[13.641765610990396,49.713704200910094],[13.641765610990396,49.72269740454734],[13.650758814627642,49.72269740454734],[13.650758814627642,49.713704200910094],[13.641765610990396,49.713704200910094]]]}},{"type":"Feature","properties":{"jobs":0,"pop":41,"pointCount":1,"homeWorkCommuteMedian":5107,"workHomeCommuteMedian":-1},"geometry":{"type":"Polygon","coordinates":[[[13.641765610990396,49.74967701545908],[13.641765610990396,49.758670219096324],[13.650758814627642,49.758670219096324],[13.650758814627642,49.74967701545908],[13.641765610990396,49.74967701545908]]]}},{"type":"Feature","properties":{"jobs":127,"pop":198,"pointCount":10,"homeWorkCommuteMedian":13820,"workHomeCommuteMedian":23616},"geometry":{"type":"Polygon","coordinates":[[[13.641765610990396,49.758670219096324],[13.641765610990396,49.76766342273357],[13.650758814627642,49.76766342273357],[13.650758814627642,49.758670219096324],[13.641765610990396,49.758670219096324]]]}},{"type":"Feature","properties":{"jobs":244,"pop":0,"pointCount":1,"homeWorkCommuteMedian":-1,"workHomeCommuteMedian":9671},"geometry":{"type":"Polygon","coordinates":[[[13.641765610990396,49.76766342273357],[13.641765610990396,49.776656626370816],[13.650758814627642,49.776656626370816],[13.650758814627642,49.76766342273357],[13.641765610990396,49.76766342273357]]]}},{"type":"Feature","properties":{"jobs":13,"pop":49,"pointCount":3,"homeWorkCommuteMedian":16992,"workHomeCommuteMedian":3646},"geometry":{"type":"Polygon","coordinates":[[[13.641765610990396,49.83960905183154],[13.641765610990396,49.84860225546878],[13.650758814627642,49.84860225546878],[13.650758814627642,49.83960905183154],[13.641765610990396,49.83960905183154]]]}},{"type":"Feature","properties":{"jobs":17,"pop":0,"pointCount":1,"homeWorkCommuteMedian":-1,"workHomeCommuteMedian":845},"geometry":{"type":"Polygon","coordinates":[[[13.641765610990396,49.84860225546878],[13.641765610990396,49.85759545910603],[13.650758814627642,49.85759545910603],[13.650758814627642,49.84860225546878],[13.641765610990396,49.84860225546878]]]}},{"type":"Feature","properties":{"jobs":2,"pop":66,"pointCount":4,"homeWorkCommuteMedian":16679,"workHomeCommuteMedian":168},"geometry":{"type":"Polygon","coordinates":[[[13.641765610990396,49.88457507001777],[13.641765610990396,49.89356827365501],[13.650758814627642,49.89356827365501],[13.650758814627642,49.88457507001777],[13.641765610990396,49.88457507001777]]]}},{"type":"Feature","properties":{"jobs":11,"pop":10,"pointCount":2,"homeWorkCommuteMedian":47499,"workHomeCommuteMedian":1976},"geometry":{"type":"Polygon","coordinates":[[[13.641765610990396,49.93853429184124],[13.641765610990396,49.94752749547849],[13.650758814627642,49.94752749547849],[13.650758814627642,49.93853429184124],[13.641765610990396,49.93853429184124]]]}},{"type":"Feature","properties":{"jobs":5,"pop":16,"pointCount":2,"homeWorkCommuteMedian":42254,"workHomeCommuteMedian":130},"geometry":{"type":"Polygon","coordinates":[[[13.641765610990396,49.956520699115735],[13.641765610990396,49.96551390275298],[13.650758814627642,49.96551390275298],[13.650758814627642,49.956520699115735],[13.641765610990396,49.956520699115735]]]}},{"type":"Feature","properties":{"jobs":51,"pop":99,"pointCount":5,"homeWorkCommuteMedian":37029,"workHomeCommuteMedian":7187},"geometry":{"type":"Polygon","coordinates":[[[13.641765610990396,49.96551390275298],[13.641765610990396,49.97450710639023],[13.650758814627642,49.97450710639023],[13.650758814627642,49.96551390275298],[13.641765610990396,49.96551390275298]]]}},{"type":"Feature","properties":{"jobs":6,"pop":6,"pointCount":2,"homeWorkCommuteMedian":177,"workHomeCommuteMedian":177},"geometry":{"type":"Polygon","coordinates":[[[13.641765610990396,49.98350031002747],[13.641765610990396,49.99249351366472],[13.650758814627642,49.99249351366472],[13.650758814627642,49.98350031002747],[13.641765610990396,49.98350031002747]]]}},{"type":"Feature","properties":{"jobs":0,"pop":7,"pointCount":1,"homeWorkCommuteMedian":45505,"workHomeCommuteMedian":-1},"geometry":{"type":"Polygon","coordinates":[[[13.650758814627642,49.45290129542996],[13.650758814627642,49.461894499067206],[13.659752018264887,49.461894499067206],[13.659752018264887,49.45290129542996],[13.650758814627642,49.45290129542996]]]}},{"type":"Feature","properties":{"jobs":10,"pop":35,"pointCount":3,"homeWorkCommuteMedian":38412,"workHomeCommuteMedian":269},"geometry":{"type":"Polygon","coordinates":[[[13.650758814627642,49.4798809063417],[13.650758814627642,49.488874109978944],[13.659752018264887,49.488874109978944],[13.659752018264887,49.4798809063417],[13.650758814627642,49.4798809063417]]]}},{"type":"Feature","properties":{"jobs":4,"pop":0,"pointCount":1,"homeWorkCommuteMedian":-1,"workHomeCommuteMedian":179},"geometry":{"type":"Polygon","coordinates":[[[13.650758814627642,49.488874109978944],[13.650758814627642,49.49786731361619],[13.659752018264887,49.49786731361619],[13.659752018264887,49.488874109978944],[13.650758814627642,49.488874109978944]]]}},{"type":"Feature","properties":{"jobs":0,"pop":39,"pointCount":2,"homeWorkCommuteMedian":34918,"workHomeCommuteMedian":-1},"geometry":{"type":"Polygon","coordinates":[[[13.650758814627642,49.51585372089068],[13.650758814627642,49.52484692452793],[13.659752018264887,49.52484692452793],[13.659752018264887,49.51585372089068],[13.650758814627642,49.51585372089068]]]}},{"type":"Feature","properties":{"jobs":0,"pop":29,"pointCount":1,"homeWorkCommuteMedian":4099,"workHomeCommuteMedian":-1},"geometry":{"type":"Polygon","coordinates":[[[13.650758814627642,49.60578575726314],[13.650758814627642,49.61477896090039],[13.659752018264887,49.61477896090039],[13.659752018264887,49.60578575726314],[13.650758814627642,49.60578575726314]]]}},{"type":"Feature","properties":{"jobs":10,"pop":36,"pointCount":2,"homeWorkCommuteMedian":15530,"workHomeCommuteMedian":283},"geometry":{"type":"Polygon","coordinates":[[[13.650758814627642,49.63276536817488],[13.650758814627642,49.641758571812126],[13.659752018264887,49.641758571812126],[13.659752018264887,49.63276536817488],[13.650758814627642,49.63276536817488]]]}},{"type":"Feature","properties":{"jobs":30,"pop":67,"pointCount":3,"homeWorkCommuteMedian":31120,"workHomeCommuteMedian":1556},"geometry":{"type":"Polygon","coordinates":[[[13.650758814627642,49.65974497908662],[13.650758814627642,49.668738182723864],[13.659752018264887,49.668738182723864],[13.659752018264887,49.65974497908662],[13.650758814627642,49.65974497908662]]]}},{"type":"Feature","properties":{"jobs":0,"pop":10,"pointCount":1,"homeWorkCommuteMedian":28514,"workHomeCommuteMedian":-1},"geometry":{"type":"Polygon","coordinates":[[[13.650758814627642,49.668738182723864],[13.650758814627642,49.67773138636111],[13.659752018264887,49.67773138636111],[13.659752018264887,49.668738182723864],[13.650758814627642,49.668738182723864]]]}},{"type":"Feature","properties":{"jobs":65,"pop":75,"pointCount":5,"homeWorkCommuteMedian":9133,"workHomeCommuteMedian":14222},"geometry":{"type":"Polygon","coordinates":[[[13.650758814627642,49.67773138636111],[13.650758814627642,49.686724589998356],[13.659752018264887,49.686724589998356],[13.659752018264887,49.67773138636111],[13.650758814627642,49.67773138636111]]]}},{"type":"Feature","properties":{"jobs":148,"pop":198,"pointCount":12,"homeWorkCommuteMedian":22882,"workHomeCommuteMedian":8844},"geometry":{"type":"Polygon","coordinates":[[[13.650758814627642,49.686724589998356],[13.650758814627642,49.6957177936356],[13.659752018264887,49.6957177936356],[13.659752018264887,49.686724589998356],[13.650758814627642,49.686724589998356]]]}},{"type":"Feature","properties":{"jobs":0,"pop":21,"pointCount":1,"homeWorkCommuteMedian":7331,"workHomeCommuteMedian":-1},"geometry":{"type":"Polygon","coordinates":[[[13.650758814627642,49.6957177936356],[13.650758814627642,49.70471099727285],[13.659752018264887,49.70471099727285],[13.659752018264887,49.6957177936356],[13.650758814627642,49.6957177936356]]]}},{"type":"Feature","properties":{"jobs":2,"pop":226,"pointCount":10,"homeWorkCommuteMedian":12228,"workHomeCommuteMedian":1079},"geometry":{"type":"Polygon","coordinates":[[[13.650758814627642,49.70471099727285],[13.650758814627642,49.713704200910094],[13.659752018264887,49.713704200910094],[13.659752018264887,49.70471099727285],[13.650758814627642,49.70471099727285]]]}},{"type":"Feature","properties":{"jobs":0,"pop":19,"pointCount":1,"homeWorkCommuteMedian":985,"workHomeCommuteMedian":-1},"geometry":{"type":"Polygon","coordinates":[[[13.650758814627642,49.713704200910094],[13.650758814627642,49.72269740454734],[13.659752018264887,49.72269740454734],[13.659752018264887,49.713704200910094],[13.650758814627642,49.713704200910094]]]}},{"type":"Feature","properties":{"jobs":0,"pop":10,"pointCount":1,"homeWorkCommuteMedian":31783,"workHomeCommuteMedian":-1},"geometry":{"type":"Polygon","coordinates":[[[13.650758814627642,49.74967701545908],[13.650758814627642,49.758670219096324],[13.659752018264887,49.758670219096324],[13.659752018264887,49.74967701545908],[13.650758814627642,49.74967701545908]]]}},{"type":"Feature","properties":{"jobs":3,"pop":34,"pointCount":2,"homeWorkCommuteMedian":13839,"workHomeCommuteMedian":209},"geometry":{"type":"Polygon","coordinates":[[[13.650758814627642,49.85759545910603],[13.650758814627642,49.866588662743276],[13.659752018264887,49.866588662743276],[13.659752018264887,49.85759545910603],[13.650758814627642,49.85759545910603]]]}},{"type":"Feature","properties":{"jobs":6,"pop":79,"pointCount":4,"homeWorkCommuteMedian":13864,"workHomeCommuteMedian":785},"geometry":{"type":"Polygon","coordinates":[[[13.650758814627642,49.866588662743276],[13.650758814627642,49.87558186638052],[13.659752018264887,49.87558186638052],[13.659752018264887,49.866588662743276],[13.650758814627642,49.866588662743276]]]}},{"type":"Feature","properties":{"jobs":0,"pop":25,"pointCount":1,"homeWorkCommuteMedian":16457,"workHomeCommuteMedian":-1},"geometry":{"type":"Polygon","coordinates":[[[13.650758814627642,49.929541088204],[13.650758814627642,49.93853429184124],[13.659752018264887,49.93853429184124],[13.659752018264887,49.929541088204],[13.650758814627642,49.929541088204]]]}},{"type":"Feature","properties":{"jobs":111,"pop":0,"pointCount":1,"homeWorkCommuteMedian":-1,"workHomeCommuteMedian":45056},"geometry":{"type":"Polygon","coordinates":[[[13.650758814627642,49.94752749547849],[13.650758814627642,49.956520699115735],[13.659752018264887,49.956520699115735],[13.659752018264887,49.94752749547849],[13.650758814627642,49.94752749547849]]]}},{"type":"Feature","properties":{"jobs":0,"pop":10,"pointCount":1,"homeWorkCommuteMedian":44955,"workHomeCommuteMedian":-1},"geometry":{"type":"Polygon","coordinates":[[[13.659752018264887,49.43491488815547],[13.659752018264887,49.443908091792714],[13.668745221902133,49.443908091792714],[13.668745221902133,49.43491488815547],[13.659752018264887,49.43491488815547]]]}},{"type":"Feature","properties":{"jobs":18,"pop":18,"pointCount":2,"homeWorkCommuteMedian":196,"workHomeCommuteMedian":196},"geometry":{"type":"Polygon","coordinates":[[[13.659752018264887,49.47088770270445],[13.659752018264887,49.4798809063417],[13.668745221902133,49.4798809063417],[13.668745221902133,49.47088770270445],[13.659752018264887,49.47088770270445]]]}},{"type":"Feature","properties":{"jobs":0,"pop":30,"pointCount":2,"homeWorkCommuteMedian":6659,"workHomeCommuteMedian":-1},"geometry":{"type":"Polygon","coordinates":[[[13.659752018264887,49.488874109978944],[13.659752018264887,49.49786731361619],[13.668745221902133,49.49786731361619],[13.668745221902133,49.488874109978944],[13.659752018264887,49.488874109978944]]]}},{"type":"Feature","properties":{"jobs":8,"pop":23,"pointCount":3,"homeWorkCommuteMedian":9469,"workHomeCommuteMedian":458},"geometry":{"type":"Polygon","coordinates":[[[13.659752018264887,49.51585372089068],[13.659752018264887,49.52484692452793],[13.668745221902133,49.52484692452793],[13.668745221902133,49.51585372089068],[13.659752018264887,49.51585372089068]]]}},{"type":"Feature","properties":{"jobs":0,"pop":1,"pointCount":1,"homeWorkCommuteMedian":38472,"workHomeCommuteMedian":-1},"geometry":{"type":"Polygon","coordinates":[[[13.659752018264887,49.52484692452793],[13.659752018264887,49.533840128165174],[13.668745221902133,49.533840128165174],[13.668745221902133,49.52484692452793],[13.659752018264887,49.52484692452793]]]}},{"type":"Feature","properties":{"jobs":0,"pop":50,"pointCount":2,"homeWorkCommuteMedian":27311,"workHomeCommuteMedian":-1},"geometry":{"type":"Polygon","coordinates":[[[13.659752018264887,49.65974497908662],[13.659752018264887,49.668738182723864],[13.668745221902133,49.668738182723864],[13.668745221902133,49.65974497908662],[13.659752018264887,49.65974497908662]]]}},{"type":"Feature","properties":{"jobs":10,"pop":43,"pointCount":2,"homeWorkCommuteMedian":10377,"workHomeCommuteMedian":2389},"geometry":{"type":"Polygon","coordinates":[[[13.659752018264887,49.668738182723864],[13.659752018264887,49.67773138636111],[13.668745221902133,49.67773138636111],[13.668745221902133,49.668738182723864],[13.659752018264887,49.668738182723864]]]}},{"type":"Feature","properties":{"jobs":359,"pop":107,"pointCount":5,"homeWorkCommuteMedian":15419,"workHomeCommuteMedian":7893},"geometry":{"type":"Polygon","coordinates":[[[13.659752018264887,49.67773138636111],[13.659752018264887,49.686724589998356],[13.668745221902133,49.686724589998356],[13.668745221902133,49.67773138636111],[13.659752018264887,49.67773138636111]]]}},{"type":"Feature","properties":{"jobs":56,"pop":275,"pointCount":13,"homeWorkCommuteMedian":10224,"workHomeCommuteMedian":6870},"geometry":{"type":"Polygon","coordinates":[[[13.659752018264887,49.686724589998356],[13.659752018264887,49.6957177936356],[13.668745221902133,49.6957177936356],[13.668745221902133,49.686724589998356],[13.659752018264887,49.686724589998356]]]}},{"type":"Feature","properties":{"jobs":115,"pop":91,"pointCount":5,"homeWorkCommuteMedian":9296,"workHomeCommuteMedian":2853},"geometry":{"type":"Polygon","coordinates":[[[13.659752018264887,49.6957177936356],[13.659752018264887,49.70471099727285],[13.668745221902133,49.70471099727285],[13.668745221902133,49.6957177936356],[13.659752018264887,49.6957177936356]]]}},{"type":"Feature","properties":{"jobs":255,"pop":0,"pointCount":1,"homeWorkCommuteMedian":-1,"workHomeCommuteMedian":23011},"geometry":{"type":"Polygon","coordinates":[[[13.659752018264887,49.70471099727285],[13.659752018264887,49.713704200910094],[13.668745221902133,49.713704200910094],[13.668745221902133,49.70471099727285],[13.659752018264887,49.70471099727285]]]}},{"type":"Feature","properties":{"jobs":0,"pop":111,"pointCount":6,"homeWorkCommuteMedian":9337,"workHomeCommuteMedian":-1},"geometry":{"type":"Polygon","coordinates":[[[13.659752018264887,49.713704200910094],[13.659752018264887,49.72269740454734],[13.668745221902133,49.72269740454734],[13.668745221902133,49.713704200910094],[13.659752018264887,49.713704200910094]]]}},{"type":"Feature","properties":{"jobs":0,"pop":16,"pointCount":1,"homeWorkCommuteMedian":20303,"workHomeCommuteMedian":-1},"geometry":{"type":"Polygon","coordinates":[[[13.659752018264887,49.90256147729226],[13.659752018264887,49.911554680929505],[13.668745221902133,49.911554680929505],[13.668745221902133,49.90256147729226],[13.659752018264887,49.90256147729226]]]}},{"type":"Feature","properties":{"jobs":0,"pop":18,"pointCount":1,"homeWorkCommuteMedian":49493,"workHomeCommuteMedian":-1},"geometry":{"type":"Polygon","coordinates":[[[13.659752018264887,49.911554680929505],[13.659752018264887,49.92054788456675],[13.668745221902133,49.92054788456675],[13.668745221902133,49.911554680929505],[13.659752018264887,49.911554680929505]]]}},{"type":"Feature","properties":{"jobs":15,"pop":0,"pointCount":1,"homeWorkCommuteMedian":-1,"workHomeCommuteMedian":224},"geometry":{"type":"Polygon","coordinates":[[[13.659752018264887,49.929541088204],[13.659752018264887,49.93853429184124],[13.668745221902133,49.93853429184124],[13.668745221902133,49.929541088204],[13.659752018264887,49.929541088204]]]}},{"type":"Feature","properties":{"jobs":17,"pop":66,"pointCount":2,"homeWorkCommuteMedian":11692,"workHomeCommuteMedian":12008},"geometry":{"type":"Polygon","coordinates":[[[13.668745221902133,49.42592168451822],[13.668745221902133,49.43491488815547],[13.67773842553938,49.43491488815547],[13.67773842553938,49.42592168451822],[13.668745221902133,49.42592168451822]]]}},{"type":"Feature","properties":{"jobs":33,"pop":10,"pointCount":3,"homeWorkCommuteMedian":47001,"workHomeCommuteMedian":2183},"geometry":{"type":"Polygon","coordinates":[[[13.668745221902133,49.43491488815547],[13.668745221902133,49.443908091792714],[13.67773842553938,49.443908091792714],[13.67773842553938,49.43491488815547],[13.668745221902133,49.43491488815547]]]}},{"type":"Feature","properties":{"jobs":1,"pop":0,"pointCount":1,"homeWorkCommuteMedian":-1,"workHomeCommuteMedian":459},"geometry":{"type":"Polygon","coordinates":[[[13.668745221902133,49.443908091792714],[13.668745221902133,49.45290129542996],[13.67773842553938,49.45290129542996],[13.67773842553938,49.443908091792714],[13.668745221902133,49.443908091792714]]]}},{"type":"Feature","properties":{"jobs":0,"pop":18,"pointCount":1,"homeWorkCommuteMedian":47150,"workHomeCommuteMedian":-1},"geometry":{"type":"Polygon","coordinates":[[[13.668745221902133,49.49786731361619],[13.668745221902133,49.506860517253436],[13.67773842553938,49.506860517253436],[13.67773842553938,49.49786731361619],[13.668745221902133,49.49786731361619]]]}},{"type":"Feature","properties":{"jobs":11,"pop":11,"pointCount":1,"homeWorkCommuteMedian":510,"workHomeCommuteMedian":519},"geometry":{"type":"Polygon","coordinates":[[[13.668745221902133,49.551826535439666],[13.668745221902133,49.56081973907691],[13.67773842553938,49.56081973907691],[13.67773842553938,49.551826535439666],[13.668745221902133,49.551826535439666]]]}},{"type":"Feature","properties":{"jobs":11,"pop":51,"pointCount":2,"homeWorkCommuteMedian":13334,"workHomeCommuteMedian":510},"geometry":{"type":"Polygon","coordinates":[[[13.668745221902133,49.56081973907691],[13.668745221902133,49.56981294271416],[13.67773842553938,49.56981294271416],[13.67773842553938,49.56081973907691],[13.668745221902133,49.56081973907691]]]}},{"type":"Feature","properties":{"jobs":0,"pop":21,"pointCount":1,"homeWorkCommuteMedian":31551,"workHomeCommuteMedian":-1},"geometry":{"type":"Polygon","coordinates":[[[13.668745221902133,49.578806146351404],[13.668745221902133,49.58779934998865],[13.67773842553938,49.58779934998865],[13.67773842553938,49.578806146351404],[13.668745221902133,49.578806146351404]]]}},{"type":"Feature","properties":{"jobs":27,"pop":0,"pointCount":1,"homeWorkCommuteMedian":-1,"workHomeCommuteMedian":1946},"geometry":{"type":"Polygon","coordinates":[[[13.668745221902133,49.58779934998865],[13.668745221902133,49.596792553625896],[13.67773842553938,49.596792553625896],[13.67773842553938,49.58779934998865],[13.668745221902133,49.58779934998865]]]}},{"type":"Feature","properties":{"jobs":94,"pop":0,"pointCount":1,"homeWorkCommuteMedian":-1,"workHomeCommuteMedian":6412},"geometry":{"type":"Polygon","coordinates":[[[13.668745221902133,49.67773138636111],[13.668745221902133,49.686724589998356],[13.67773842553938,49.686724589998356],[13.67773842553938,49.67773138636111],[13.668745221902133,49.67773138636111]]]}},{"type":"Feature","properties":{"jobs":18,"pop":128,"pointCount":5,"homeWorkCommuteMedian":10533,"workHomeCommuteMedian":9281},"geometry":{"type":"Polygon","coordinates":[[[13.668745221902133,49.686724589998356],[13.668745221902133,49.6957177936356],[13.67773842553938,49.6957177936356],[13.67773842553938,49.686724589998356],[13.668745221902133,49.686724589998356]]]}},{"type":"Feature","properties":{"jobs":0,"pop":133,"pointCount":6,"homeWorkCommuteMedian":13230,"workHomeCommuteMedian":-1},"geometry":{"type":"Polygon","coordinates":[[[13.668745221902133,49.6957177936356],[13.668745221902133,49.70471099727285],[13.67773842553938,49.70471099727285],[13.67773842553938,49.6957177936356],[13.668745221902133,49.6957177936356]]]}},{"type":"Feature","properties":{"jobs":0,"pop":11,"pointCount":1,"homeWorkCommuteMedian":24002,"workHomeCommuteMedian":-1},"geometry":{"type":"Polygon","coordinates":[[[13.668745221902133,49.713704200910094],[13.668745221902133,49.72269740454734],[13.67773842553938,49.72269740454734],[13.67773842553938,49.713704200910094],[13.668745221902133,49.713704200910094]]]}},{"type":"Feature","properties":{"jobs":10,"pop":31,"pointCount":2,"homeWorkCommuteMedian":2603,"workHomeCommuteMedian":209},"geometry":{"type":"Polygon","coordinates":[[[13.668745221902133,49.89356827365501],[13.668745221902133,49.90256147729226],[13.67773842553938,49.90256147729226],[13.67773842553938,49.89356827365501],[13.668745221902133,49.89356827365501]]]}},{"type":"Feature","properties":{"jobs":111,"pop":0,"pointCount":1,"homeWorkCommuteMedian":-1,"workHomeCommuteMedian":43806},"geometry":{"type":"Polygon","coordinates":[[[13.668745221902133,49.94752749547849],[13.668745221902133,49.956520699115735],[13.67773842553938,49.956520699115735],[13.67773842553938,49.94752749547849],[13.668745221902133,49.94752749547849]]]}},{"type":"Feature","properties":{"jobs":0,"pop":27,"pointCount":2,"homeWorkCommuteMedian":8242,"workHomeCommuteMedian":-1},"geometry":{"type":"Polygon","coordinates":[[[13.67773842553938,49.443908091792714],[13.67773842553938,49.45290129542996],[13.686731629176625,49.45290129542996],[13.686731629176625,49.443908091792714],[13.67773842553938,49.443908091792714]]]}},{"type":"Feature","properties":{"jobs":0,"pop":21,"pointCount":1,"homeWorkCommuteMedian":23098,"workHomeCommuteMedian":-1},"geometry":{"type":"Polygon","coordinates":[[[13.67773842553938,49.45290129542996],[13.67773842553938,49.461894499067206],[13.686731629176625,49.461894499067206],[13.686731629176625,49.45290129542996],[13.67773842553938,49.45290129542996]]]}},{"type":"Feature","properties":{"jobs":7,"pop":20,"pointCount":2,"homeWorkCommuteMedian":23253,"workHomeCommuteMedian":577},"geometry":{"type":"Polygon","coordinates":[[[13.67773842553938,49.461894499067206],[13.67773842553938,49.47088770270445],[13.686731629176625,49.47088770270445],[13.686731629176625,49.461894499067206],[13.67773842553938,49.461894499067206]]]}},{"type":"Feature","properties":{"jobs":99,"pop":36,"pointCount":4,"homeWorkCommuteMedian":45203,"workHomeCommuteMedian":7455},"geometry":{"type":"Polygon","coordinates":[[[13.67773842553938,49.4798809063417],[13.67773842553938,49.488874109978944],[13.686731629176625,49.488874109978944],[13.686731629176625,49.4798809063417],[13.67773842553938,49.4798809063417]]]}},{"type":"Feature","properties":{"jobs":9,"pop":9,"pointCount":2,"homeWorkCommuteMedian":238,"workHomeCommuteMedian":238},"geometry":{"type":"Polygon","coordinates":[[[13.67773842553938,49.51585372089068],[13.67773842553938,49.52484692452793],[13.686731629176625,49.52484692452793],[13.686731629176625,49.51585372089068],[13.67773842553938,49.51585372089068]]]}},{"type":"Feature","properties":{"jobs":0,"pop":94,"pointCount":3,"homeWorkCommuteMedian":14454,"workHomeCommuteMedian":-1},"geometry":{"type":"Polygon","coordinates":[[[13.67773842553938,49.533840128165174],[13.67773842553938,49.54283333180242],[13.686731629176625,49.54283333180242],[13.686731629176625,49.533840128165174],[13.67773842553938,49.533840128165174]]]}},{"type":"Feature","properties":{"jobs":12,"pop":11,"pointCount":2,"homeWorkCommuteMedian":29606,"workHomeCommuteMedian":3263},"geometry":{"type":"Polygon","coordinates":[[[13.67773842553938,49.54283333180242],[13.67773842553938,49.551826535439666],[13.686731629176625,49.551826535439666],[13.686731629176625,49.54283333180242],[13.67773842553938,49.54283333180242]]]}},{"type":"Feature","properties":{"jobs":0,"pop":41,"pointCount":2,"homeWorkCommuteMedian":33659,"workHomeCommuteMedian":-1},"geometry":{"type":"Polygon","coordinates":[[[13.67773842553938,49.56981294271416],[13.67773842553938,49.578806146351404],[13.686731629176625,49.578806146351404],[13.686731629176625,49.56981294271416],[13.67773842553938,49.56981294271416]]]}},{"type":"Feature","properties":{"jobs":5,"pop":74,"pointCount":3,"homeWorkCommuteMedian":18197,"workHomeCommuteMedian":258},"geometry":{"type":"Polygon","coordinates":[[[13.67773842553938,49.578806146351404],[13.67773842553938,49.58779934998865],[13.686731629176625,49.58779934998865],[13.686731629176625,49.578806146351404],[13.67773842553938,49.578806146351404]]]}},{"type":"Feature","properties":{"jobs":0,"pop":69,"pointCount":3,"homeWorkCommuteMedian":26371,"workHomeCommuteMedian":-1},"geometry":{"type":"Polygon","coordinates":[[[13.67773842553938,49.623772164537634],[13.67773842553938,49.63276536817488],[13.686731629176625,49.63276536817488],[13.686731629176625,49.623772164537634],[13.67773842553938,49.623772164537634]]]}},{"type":"Feature","properties":{"jobs":1,"pop":0,"pointCount":1,"homeWorkCommuteMedian":-1,"workHomeCommuteMedian":421},"geometry":{"type":"Polygon","coordinates":[[[13.67773842553938,49.63276536817488],[13.67773842553938,49.641758571812126],[13.686731629176625,49.641758571812126],[13.686731629176625,49.63276536817488],[13.67773842553938,49.63276536817488]]]}},{"type":"Feature","properties":{"jobs":8,"pop":38,"pointCount":2,"homeWorkCommuteMedian":11935,"workHomeCommuteMedian":240},"geometry":{"type":"Polygon","coordinates":[[[13.67773842553938,49.65075177544937],[13.67773842553938,49.65974497908662],[13.686731629176625,49.65974497908662],[13.686731629176625,49.65075177544937],[13.67773842553938,49.65075177544937]]]}},{"type":"Feature","properties":{"jobs":4,"pop":25,"pointCount":2,"homeWorkCommuteMedian":11266,"workHomeCommuteMedian":187},"geometry":{"type":"Polygon","coordinates":[[[13.67773842553938,49.65974497908662],[13.67773842553938,49.668738182723864],[13.686731629176625,49.668738182723864],[13.686731629176625,49.65974497908662],[13.67773842553938,49.65974497908662]]]}},{"type":"Feature","properties":{"jobs":9,"pop":30,"pointCount":2,"homeWorkCommuteMedian":9917,"workHomeCommuteMedian":66},"geometry":{"type":"Polygon","coordinates":[[[13.67773842553938,49.668738182723864],[13.67773842553938,49.67773138636111],[13.686731629176625,49.67773138636111],[13.686731629176625,49.668738182723864],[13.67773842553938,49.668738182723864]]]}},{"type":"Feature","properties":{"jobs":32,"pop":163,"pointCount":7,"homeWorkCommuteMedian":9329,"workHomeCommuteMedian":1626},"geometry":{"type":"Polygon","coordinates":[[[13.67773842553938,49.70471099727285],[13.67773842553938,49.713704200910094],[13.686731629176625,49.713704200910094],[13.686731629176625,49.70471099727285],[13.67773842553938,49.70471099727285]]]}},{"type":"Feature","properties":{"jobs":25,"pop":42,"pointCount":3,"homeWorkCommuteMedian":14808,"workHomeCommuteMedian":6243},"geometry":{"type":"Polygon","coordinates":[[[13.67773842553938,49.713704200910094],[13.67773842553938,49.72269740454734],[13.686731629176625,49.72269740454734],[13.686731629176625,49.713704200910094],[13.67773842553938,49.713704200910094]]]}},{"type":"Feature","properties":{"jobs":13,"pop":89,"pointCount":3,"homeWorkCommuteMedian":12404,"workHomeCommuteMedian":170},"geometry":{"type":"Polygon","coordinates":[[[13.67773842553938,49.74068381182183],[13.67773842553938,49.74967701545908],[13.686731629176625,49.74967701545908],[13.686731629176625,49.74068381182183],[13.67773842553938,49.74068381182183]]]}},{"type":"Feature","properties":{"jobs":29,"pop":0,"pointCount":1,"homeWorkCommuteMedian":-1,"workHomeCommuteMedian":458},"geometry":{"type":"Polygon","coordinates":[[[13.67773842553938,49.76766342273357],[13.67773842553938,49.776656626370816],[13.686731629176625,49.776656626370816],[13.686731629176625,49.76766342273357],[13.67773842553938,49.76766342273357]]]}},{"type":"Feature","properties":{"jobs":9,"pop":9,"pointCount":2,"homeWorkCommuteMedian":47,"workHomeCommuteMedian":47},"geometry":{"type":"Polygon","coordinates":[[[13.67773842553938,49.866588662743276],[13.67773842553938,49.87558186638052],[13.686731629176625,49.87558186638052],[13.686731629176625,49.866588662743276],[13.67773842553938,49.866588662743276]]]}},{"type":"Feature","properties":{"jobs":0,"pop":16,"pointCount":1,"homeWorkCommuteMedian":11443,"workHomeCommuteMedian":-1},"geometry":{"type":"Polygon","coordinates":[[[13.67773842553938,49.88457507001777],[13.67773842553938,49.89356827365501],[13.686731629176625,49.89356827365501],[13.686731629176625,49.88457507001777],[13.67773842553938,49.88457507001777]]]}},{"type":"Feature","properties":{"jobs":0,"pop":32,"pointCount":1,"homeWorkCommuteMedian":44970,"workHomeCommuteMedian":-1},"geometry":{"type":"Polygon","coordinates":[[[13.67773842553938,49.94752749547849],[13.67773842553938,49.956520699115735],[13.686731629176625,49.956520699115735],[13.686731629176625,49.94752749547849],[13.67773842553938,49.94752749547849]]]}},{"type":"Feature","properties":{"jobs":0,"pop":4,"pointCount":1,"homeWorkCommuteMedian":38173,"workHomeCommuteMedian":-1},"geometry":{"type":"Polygon","coordinates":[[[13.686731629176625,49.596792553625896],[13.686731629176625,49.60578575726314],[13.695724832813871,49.60578575726314],[13.695724832813871,49.596792553625896],[13.686731629176625,49.596792553625896]]]}},{"type":"Feature","properties":{"jobs":5,"pop":35,"pointCount":3,"homeWorkCommuteMedian":32307,"workHomeCommuteMedian":528},"geometry":{"type":"Polygon","coordinates":[[[13.686731629176625,49.61477896090039],[13.686731629176625,49.623772164537634],[13.695724832813871,49.623772164537634],[13.695724832813871,49.61477896090039],[13.686731629176625,49.61477896090039]]]}},{"type":"Feature","properties":{"jobs":0,"pop":27,"pointCount":2,"homeWorkCommuteMedian":16645,"workHomeCommuteMedian":-1},"geometry":{"type":"Polygon","coordinates":[[[13.686731629176625,49.623772164537634],[13.686731629176625,49.63276536817488],[13.695724832813871,49.63276536817488],[13.695724832813871,49.623772164537634],[13.686731629176625,49.623772164537634]]]}},{"type":"Feature","properties":{"jobs":7,"pop":0,"pointCount":1,"homeWorkCommuteMedian":-1,"workHomeCommuteMedian":1542},"geometry":{"type":"Polygon","coordinates":[[[13.686731629176625,49.641758571812126],[13.686731629176625,49.65075177544937],[13.695724832813871,49.65075177544937],[13.695724832813871,49.641758571812126],[13.686731629176625,49.641758571812126]]]}},{"type":"Feature","properties":{"jobs":0,"pop":16,"pointCount":1,"homeWorkCommuteMedian":12035,"workHomeCommuteMedian":-1},"geometry":{"type":"Polygon","coordinates":[[[13.686731629176625,49.70471099727285],[13.686731629176625,49.713704200910094],[13.695724832813871,49.713704200910094],[13.695724832813871,49.70471099727285],[13.686731629176625,49.70471099727285]]]}},{"type":"Feature","properties":{"jobs":52,"pop":250,"pointCount":11,"homeWorkCommuteMedian":8847,"workHomeCommuteMedian":5015},"geometry":{"type":"Polygon","coordinates":[[[13.686731629176625,49.713704200910094],[13.686731629176625,49.72269740454734],[13.695724832813871,49.72269740454734],[13.695724832813871,49.713704200910094],[13.686731629176625,49.713704200910094]]]}},{"type":"Feature","properties":{"jobs":0,"pop":35,"pointCount":1,"homeWorkCommuteMedian":5138,"workHomeCommuteMedian":-1},"geometry":{"type":"Polygon","coordinates":[[[13.686731629176625,49.74068381182183],[13.686731629176625,49.74967701545908],[13.695724832813871,49.74967701545908],[13.695724832813871,49.74068381182183],[13.686731629176625,49.74068381182183]]]}},{"type":"Feature","properties":{"jobs":703,"pop":560,"pointCount":22,"homeWorkCommuteMedian":16029,"workHomeCommuteMedian":10863},"geometry":{"type":"Polygon","coordinates":[[[13.686731629176625,49.76766342273357],[13.686731629176625,49.776656626370816],[13.695724832813871,49.776656626370816],[13.695724832813871,49.76766342273357],[13.686731629176625,49.76766342273357]]]}},{"type":"Feature","properties":{"jobs":51,"pop":122,"pointCount":7,"homeWorkCommuteMedian":9948,"workHomeCommuteMedian":32486},"geometry":{"type":"Polygon","coordinates":[[[13.686731629176625,49.776656626370816],[13.686731629176625,49.78564983000806],[13.695724832813871,49.78564983000806],[13.695724832813871,49.776656626370816],[13.686731629176625,49.776656626370816]]]}},{"type":"Feature","properties":{"jobs":0,"pop":11,"pointCount":1,"homeWorkCommuteMedian":15508,"workHomeCommuteMedian":-1},"geometry":{"type":"Polygon","coordinates":[[[13.686731629176625,49.79464303364531],[13.686731629176625,49.803636237282554],[13.695724832813871,49.803636237282554],[13.695724832813871,49.79464303364531],[13.686731629176625,49.79464303364531]]]}},{"type":"Feature","properties":{"jobs":10,"pop":21,"pointCount":2,"homeWorkCommuteMedian":45568,"workHomeCommuteMedian":315},"geometry":{"type":"Polygon","coordinates":[[[13.686731629176625,49.866588662743276],[13.686731629176625,49.87558186638052],[13.695724832813871,49.87558186638052],[13.695724832813871,49.866588662743276],[13.686731629176625,49.866588662743276]]]}},{"type":"Feature","properties":{"jobs":0,"pop":23,"pointCount":1,"homeWorkCommuteMedian":23078,"workHomeCommuteMedian":-1},"geometry":{"type":"Polygon","coordinates":[[[13.686731629176625,49.911554680929505],[13.686731629176625,49.92054788456675],[13.695724832813871,49.92054788456675],[13.695724832813871,49.911554680929505],[13.686731629176625,49.911554680929505]]]}},{"type":"Feature","properties":{"jobs":0,"pop":10,"pointCount":1,"homeWorkCommuteMedian":28136,"workHomeCommuteMedian":-1},"geometry":{"type":"Polygon","coordinates":[[[13.686731629176625,49.92054788456675],[13.686731629176625,49.929541088204],[13.695724832813871,49.929541088204],[13.695724832813871,49.92054788456675],[13.686731629176625,49.92054788456675]]]}},{"type":"Feature","properties":{"jobs":38,"pop":32,"pointCount":2,"homeWorkCommuteMedian":17315,"workHomeCommuteMedian":2311},"geometry":{"type":"Polygon","coordinates":[[[13.686731629176625,49.94752749547849],[13.686731629176625,49.956520699115735],[13.695724832813871,49.956520699115735],[13.695724832813871,49.94752749547849],[13.686731629176625,49.94752749547849]]]}},{"type":"Feature","properties":{"jobs":8,"pop":8,"pointCount":2,"homeWorkCommuteMedian":56,"workHomeCommuteMedian":56},"geometry":{"type":"Polygon","coordinates":[[[13.686731629176625,49.956520699115735],[13.686731629176625,49.96551390275298],[13.695724832813871,49.96551390275298],[13.695724832813871,49.956520699115735],[13.686731629176625,49.956520699115735]]]}},{"type":"Feature","properties":{"jobs":7,"pop":7,"pointCount":2,"homeWorkCommuteMedian":376,"workHomeCommuteMedian":376},"geometry":{"type":"Polygon","coordinates":[[[13.695724832813871,49.416928480880976],[13.695724832813871,49.42592168451822],[13.704718036451117,49.42592168451822],[13.704718036451117,49.416928480880976],[13.695724832813871,49.416928480880976]]]}},{"type":"Feature","properties":{"jobs":0,"pop":6,"pointCount":1,"homeWorkCommuteMedian":49609,"workHomeCommuteMedian":-1},"geometry":{"type":"Polygon","coordinates":[[[13.695724832813871,49.443908091792714],[13.695724832813871,49.45290129542996],[13.704718036451117,49.45290129542996],[13.704718036451117,49.443908091792714],[13.695724832813871,49.443908091792714]]]}},{"type":"Feature","properties":{"jobs":0,"pop":4,"pointCount":1,"homeWorkCommuteMedian":64725,"workHomeCommuteMedian":-1},"geometry":{"type":"Polygon","coordinates":[[[13.695724832813871,49.488874109978944],[13.695724832813871,49.49786731361619],[13.704718036451117,49.49786731361619],[13.704718036451117,49.488874109978944],[13.695724832813871,49.488874109978944]]]}},{"type":"Feature","properties":{"jobs":0,"pop":62,"pointCount":1,"homeWorkCommuteMedian":37318,"workHomeCommuteMedian":-1},"geometry":{"type":"Polygon","coordinates":[[[13.695724832813871,49.51585372089068],[13.695724832813871,49.52484692452793],[13.704718036451117,49.52484692452793],[13.704718036451117,49.51585372089068],[13.695724832813871,49.51585372089068]]]}},{"type":"Feature","properties":{"jobs":0,"pop":13,"pointCount":1,"homeWorkCommuteMedian":11396,"workHomeCommuteMedian":-1},"geometry":{"type":"Polygon","coordinates":[[[13.695724832813871,49.52484692452793],[13.695724832813871,49.533840128165174],[13.704718036451117,49.533840128165174],[13.704718036451117,49.52484692452793],[13.695724832813871,49.52484692452793]]]}},{"type":"Feature","properties":{"jobs":0,"pop":37,"pointCount":2,"homeWorkCommuteMedian":15029,"workHomeCommuteMedian":-1},"geometry":{"type":"Polygon","coordinates":[[[13.695724832813871,49.641758571812126],[13.695724832813871,49.65075177544937],[13.704718036451117,49.65075177544937],[13.704718036451117,49.641758571812126],[13.695724832813871,49.641758571812126]]]}},{"type":"Feature","properties":{"jobs":0,"pop":11,"pointCount":1,"homeWorkCommuteMedian":14499,"workHomeCommuteMedian":-1},"geometry":{"type":"Polygon","coordinates":[[[13.695724832813871,49.65075177544937],[13.695724832813871,49.65974497908662],[13.704718036451117,49.65974497908662],[13.704718036451117,49.65075177544937],[13.695724832813871,49.65075177544937]]]}},{"type":"Feature","properties":{"jobs":6,"pop":73,"pointCount":3,"homeWorkCommuteMedian":21510,"workHomeCommuteMedian":498},"geometry":{"type":"Polygon","coordinates":[[[13.695724832813871,49.67773138636111],[13.695724832813871,49.686724589998356],[13.704718036451117,49.686724589998356],[13.704718036451117,49.67773138636111],[13.695724832813871,49.67773138636111]]]}},{"type":"Feature","properties":{"jobs":18,"pop":46,"pointCount":3,"homeWorkCommuteMedian":26922,"workHomeCommuteMedian":3492},"geometry":{"type":"Polygon","coordinates":[[[13.695724832813871,49.713704200910094],[13.695724832813871,49.72269740454734],[13.704718036451117,49.72269740454734],[13.704718036451117,49.713704200910094],[13.695724832813871,49.713704200910094]]]}},{"type":"Feature","properties":{"jobs":20,"pop":0,"pointCount":1,"homeWorkCommuteMedian":-1,"workHomeCommuteMedian":1908},"geometry":{"type":"Polygon","coordinates":[[[13.695724832813871,49.72269740454734],[13.695724832813871,49.731690608184586],[13.704718036451117,49.731690608184586],[13.704718036451117,49.72269740454734],[13.695724832813871,49.72269740454734]]]}},{"type":"Feature","properties":{"jobs":234,"pop":47,"pointCount":7,"homeWorkCommuteMedian":14897,"workHomeCommuteMedian":10131},"geometry":{"type":"Polygon","coordinates":[[[13.695724832813871,49.76766342273357],[13.695724832813871,49.776656626370816],[13.704718036451117,49.776656626370816],[13.704718036451117,49.76766342273357],[13.695724832813871,49.76766342273357]]]}},{"type":"Feature","properties":{"jobs":15,"pop":81,"pointCount":4,"homeWorkCommuteMedian":29261,"workHomeCommuteMedian":4132},"geometry":{"type":"Polygon","coordinates":[[[13.695724832813871,49.776656626370816],[13.695724832813871,49.78564983000806],[13.704718036451117,49.78564983000806],[13.704718036451117,49.776656626370816],[13.695724832813871,49.776656626370816]]]}},{"type":"Feature","properties":{"jobs":30,"pop":82,"pointCount":5,"homeWorkCommuteMedian":29688,"workHomeCommuteMedian":888},"geometry":{"type":"Polygon","coordinates":[[[13.695724832813871,49.79464303364531],[13.695724832813871,49.803636237282554],[13.704718036451117,49.803636237282554],[13.704718036451117,49.79464303364531],[13.695724832813871,49.79464303364531]]]}},{"type":"Feature","properties":{"jobs":0,"pop":71,"pointCount":3,"homeWorkCommuteMedian":12819,"workHomeCommuteMedian":-1},"geometry":{"type":"Polygon","coordinates":[[[13.695724832813871,49.803636237282554],[13.695724832813871,49.8126294409198],[13.704718036451117,49.8126294409198],[13.704718036451117,49.803636237282554],[13.695724832813871,49.803636237282554]]]}},{"type":"Feature","properties":{"jobs":38,"pop":71,"pointCount":5,"homeWorkCommuteMedian":36425,"workHomeCommuteMedian":2603},"geometry":{"type":"Polygon","coordinates":[[[13.695724832813871,49.89356827365501],[13.695724832813871,49.90256147729226],[13.704718036451117,49.90256147729226],[13.704718036451117,49.89356827365501],[13.695724832813871,49.89356827365501]]]}},{"type":"Feature","properties":{"jobs":0,"pop":4,"pointCount":1,"homeWorkCommuteMedian":19205,"workHomeCommuteMedian":-1},"geometry":{"type":"Polygon","coordinates":[[[13.695724832813871,49.90256147729226],[13.695724832813871,49.911554680929505],[13.704718036451117,49.911554680929505],[13.704718036451117,49.90256147729226],[13.695724832813871,49.90256147729226]]]}},{"type":"Feature","properties":{"jobs":16,"pop":20,"pointCount":3,"homeWorkCommuteMedian":42300,"workHomeCommuteMedian":64725},"geometry":{"type":"Polygon","coordinates":[[[13.695724832813871,49.911554680929505],[13.695724832813871,49.92054788456675],[13.704718036451117,49.92054788456675],[13.704718036451117,49.911554680929505],[13.695724832813871,49.911554680929505]]]}},{"type":"Feature","properties":{"jobs":20,"pop":51,"pointCount":2,"homeWorkCommuteMedian":41762,"workHomeCommuteMedian":142},"geometry":{"type":"Polygon","coordinates":[[[13.695724832813871,49.92054788456675],[13.695724832813871,49.929541088204],[13.704718036451117,49.929541088204],[13.704718036451117,49.92054788456675],[13.695724832813871,49.92054788456675]]]}},{"type":"Feature","properties":{"jobs":13,"pop":82,"pointCount":5,"homeWorkCommuteMedian":26475,"workHomeCommuteMedian":93},"geometry":{"type":"Polygon","coordinates":[[[13.695724832813871,49.93853429184124],[13.695724832813871,49.94752749547849],[13.704718036451117,49.94752749547849],[13.704718036451117,49.93853429184124],[13.695724832813871,49.93853429184124]]]}},{"type":"Feature","properties":{"jobs":10,"pop":40,"pointCount":3,"homeWorkCommuteMedian":51352,"workHomeCommuteMedian":448},"geometry":{"type":"Polygon","coordinates":[[[13.704718036451117,49.43491488815547],[13.704718036451117,49.443908091792714],[13.713711240088363,49.443908091792714],[13.713711240088363,49.43491488815547],[13.704718036451117,49.43491488815547]]]}},{"type":"Feature","properties":{"jobs":0,"pop":10,"pointCount":1,"homeWorkCommuteMedian":34005,"workHomeCommuteMedian":-1},"geometry":{"type":"Polygon","coordinates":[[[13.704718036451117,49.49786731361619],[13.704718036451117,49.506860517253436],[13.713711240088363,49.506860517253436],[13.713711240088363,49.49786731361619],[13.704718036451117,49.49786731361619]]]}},{"type":"Feature","properties":{"jobs":0,"pop":20,"pointCount":1,"homeWorkCommuteMedian":47932,"workHomeCommuteMedian":-1},"geometry":{"type":"Polygon","coordinates":[[[13.704718036451117,49.51585372089068],[13.704718036451117,49.52484692452793],[13.713711240088363,49.52484692452793],[13.713711240088363,49.51585372089068],[13.704718036451117,49.51585372089068]]]}},{"type":"Feature","properties":{"jobs":0,"pop":60,"pointCount":3,"homeWorkCommuteMedian":8276,"workHomeCommuteMedian":-1},"geometry":{"type":"Polygon","coordinates":[[[13.704718036451117,49.668738182723864],[13.704718036451117,49.67773138636111],[13.713711240088363,49.67773138636111],[13.713711240088363,49.668738182723864],[13.704718036451117,49.668738182723864]]]}},{"type":"Feature","properties":{"jobs":24,"pop":195,"pointCount":7,"homeWorkCommuteMedian":20039,"workHomeCommuteMedian":313},"geometry":{"type":"Polygon","coordinates":[[[13.704718036451117,49.821622644557046],[13.704718036451117,49.83061584819429],[13.713711240088363,49.83061584819429],[13.713711240088363,49.821622644557046],[13.704718036451117,49.821622644557046]]]}},{"type":"Feature","properties":{"jobs":0,"pop":30,"pointCount":1,"homeWorkCommuteMedian":53851,"workHomeCommuteMedian":-1},"geometry":{"type":"Polygon","coordinates":[[[13.704718036451117,49.93853429184124],[13.704718036451117,49.94752749547849],[13.713711240088363,49.94752749547849],[13.713711240088363,49.93853429184124],[13.704718036451117,49.93853429184124]]]}},{"type":"Feature","properties":{"jobs":12,"pop":0,"pointCount":1,"homeWorkCommuteMedian":-1,"workHomeCommuteMedian":6583},"geometry":{"type":"Polygon","coordinates":[[[13.713711240088363,49.461894499067206],[13.713711240088363,49.47088770270445],[13.72270444372561,49.47088770270445],[13.72270444372561,49.461894499067206],[13.713711240088363,49.461894499067206]]]}},{"type":"Feature","properties":{"jobs":0,"pop":22,"pointCount":1,"homeWorkCommuteMedian":46259,"workHomeCommuteMedian":-1},"geometry":{"type":"Polygon","coordinates":[[[13.713711240088363,49.49786731361619],[13.713711240088363,49.506860517253436],[13.72270444372561,49.506860517253436],[13.72270444372561,49.49786731361619],[13.713711240088363,49.49786731361619]]]}},{"type":"Feature","properties":{"jobs":1,"pop":1,"pointCount":2,"homeWorkCommuteMedian":144,"workHomeCommuteMedian":144},"geometry":{"type":"Polygon","coordinates":[[[13.713711240088363,49.668738182723864],[13.713711240088363,49.67773138636111],[13.72270444372561,49.67773138636111],[13.72270444372561,49.668738182723864],[13.713711240088363,49.668738182723864]]]}},{"type":"Feature","properties":{"jobs":0,"pop":42,"pointCount":1,"homeWorkCommuteMedian":16974,"workHomeCommuteMedian":-1},"geometry":{"type":"Polygon","coordinates":[[[13.713711240088363,49.758670219096324],[13.713711240088363,49.76766342273357],[13.72270444372561,49.76766342273357],[13.72270444372561,49.758670219096324],[13.713711240088363,49.758670219096324]]]}},{"type":"Feature","properties":{"jobs":0,"pop":74,"pointCount":4,"homeWorkCommuteMedian":28584,"workHomeCommuteMedian":-1},"geometry":{"type":"Polygon","coordinates":[[[13.713711240088363,49.76766342273357],[13.713711240088363,49.776656626370816],[13.72270444372561,49.776656626370816],[13.72270444372561,49.76766342273357],[13.713711240088363,49.76766342273357]]]}},{"type":"Feature","properties":{"jobs":315,"pop":0,"pointCount":1,"homeWorkCommuteMedian":-1,"workHomeCommuteMedian":13230},"geometry":{"type":"Polygon","coordinates":[[[13.713711240088363,49.776656626370816],[13.713711240088363,49.78564983000806],[13.72270444372561,49.78564983000806],[13.72270444372561,49.776656626370816],[13.713711240088363,49.776656626370816]]]}},{"type":"Feature","properties":{"jobs":12,"pop":0,"pointCount":1,"homeWorkCommuteMedian":-1,"workHomeCommuteMedian":8846},"geometry":{"type":"Polygon","coordinates":[[[13.713711240088363,49.821622644557046],[13.713711240088363,49.83061584819429],[13.72270444372561,49.83061584819429],[13.72270444372561,49.821622644557046],[13.713711240088363,49.821622644557046]]]}},{"type":"Feature","properties":{"jobs":0,"pop":17,"pointCount":1,"homeWorkCommuteMedian":49019,"workHomeCommuteMedian":-1},"geometry":{"type":"Polygon","coordinates":[[[13.713711240088363,49.88457507001777],[13.713711240088363,49.89356827365501],[13.72270444372561,49.89356827365501],[13.72270444372561,49.88457507001777],[13.713711240088363,49.88457507001777]]]}},{"type":"Feature","properties":{"jobs":11,"pop":11,"pointCount":2,"homeWorkCommuteMedian":282,"workHomeCommuteMedian":282},"geometry":{"type":"Polygon","coordinates":[[[13.713711240088363,49.956520699115735],[13.713711240088363,49.96551390275298],[13.72270444372561,49.96551390275298],[13.72270444372561,49.956520699115735],[13.713711240088363,49.956520699115735]]]}},{"type":"Feature","properties":{"jobs":0,"pop":47,"pointCount":2,"homeWorkCommuteMedian":51054,"workHomeCommuteMedian":-1},"geometry":{"type":"Polygon","coordinates":[[[13.72270444372561,49.42592168451822],[13.72270444372561,49.43491488815547],[13.731697647362855,49.43491488815547],[13.731697647362855,49.42592168451822],[13.72270444372561,49.42592168451822]]]}},{"type":"Feature","properties":{"jobs":0,"pop":10,"pointCount":1,"homeWorkCommuteMedian":43794,"workHomeCommuteMedian":-1},"geometry":{"type":"Polygon","coordinates":[[[13.72270444372561,49.443908091792714],[13.72270444372561,49.45290129542996],[13.731697647362855,49.45290129542996],[13.731697647362855,49.443908091792714],[13.72270444372561,49.443908091792714]]]}},{"type":"Feature","properties":{"jobs":0,"pop":18,"pointCount":1,"homeWorkCommuteMedian":50399,"workHomeCommuteMedian":-1},"geometry":{"type":"Polygon","coordinates":[[[13.72270444372561,49.45290129542996],[13.72270444372561,49.461894499067206],[13.731697647362855,49.461894499067206],[13.731697647362855,49.45290129542996],[13.72270444372561,49.45290129542996]]]}},{"type":"Feature","properties":{"jobs":10,"pop":30,"pointCount":3,"homeWorkCommuteMedian":43926,"workHomeCommuteMedian":524},"geometry":{"type":"Polygon","coordinates":[[[13.72270444372561,49.4798809063417],[13.72270444372561,49.488874109978944],[13.731697647362855,49.488874109978944],[13.731697647362855,49.4798809063417],[13.72270444372561,49.4798809063417]]]}},{"type":"Feature","properties":{"jobs":0,"pop":25,"pointCount":1,"homeWorkCommuteMedian":6354,"workHomeCommuteMedian":-1},"geometry":{"type":"Polygon","coordinates":[[[13.72270444372561,49.49786731361619],[13.72270444372561,49.506860517253436],[13.731697647362855,49.506860517253436],[13.731697647362855,49.49786731361619],[13.72270444372561,49.49786731361619]]]}},{"type":"Feature","properties":{"jobs":0,"pop":27,"pointCount":1,"homeWorkCommuteMedian":40047,"workHomeCommuteMedian":-1},"geometry":{"type":"Polygon","coordinates":[[[13.72270444372561,49.52484692452793],[13.72270444372561,49.533840128165174],[13.731697647362855,49.533840128165174],[13.731697647362855,49.52484692452793],[13.72270444372561,49.52484692452793]]]}},{"type":"Feature","properties":{"jobs":9,"pop":28,"pointCount":2,"homeWorkCommuteMedian":3756,"workHomeCommuteMedian":52},"geometry":{"type":"Polygon","coordinates":[[[13.72270444372561,49.533840128165174],[13.72270444372561,49.54283333180242],[13.731697647362855,49.54283333180242],[13.731697647362855,49.533840128165174],[13.72270444372561,49.533840128165174]]]}},{"type":"Feature","properties":{"jobs":10,"pop":52,"pointCount":3,"homeWorkCommuteMedian":20526,"workHomeCommuteMedian":486},"geometry":{"type":"Polygon","coordinates":[[[13.72270444372561,49.61477896090039],[13.72270444372561,49.623772164537634],[13.731697647362855,49.623772164537634],[13.731697647362855,49.61477896090039],[13.72270444372561,49.61477896090039]]]}},{"type":"Feature","properties":{"jobs":269,"pop":107,"pointCount":6,"homeWorkCommuteMedian":27296,"workHomeCommuteMedian":15899},"geometry":{"type":"Polygon","coordinates":[[[13.72270444372561,49.78564983000806],[13.72270444372561,49.79464303364531],[13.731697647362855,49.79464303364531],[13.731697647362855,49.78564983000806],[13.72270444372561,49.78564983000806]]]}},{"type":"Feature","properties":{"jobs":0,"pop":8,"pointCount":1,"homeWorkCommuteMedian":308,"workHomeCommuteMedian":-1},"geometry":{"type":"Polygon","coordinates":[[[13.72270444372561,49.84860225546878],[13.72270444372561,49.85759545910603],[13.731697647362855,49.85759545910603],[13.731697647362855,49.84860225546878],[13.72270444372561,49.84860225546878]]]}},{"type":"Feature","properties":{"jobs":8,"pop":0,"pointCount":1,"homeWorkCommuteMedian":-1,"workHomeCommuteMedian":308},"geometry":{"type":"Polygon","coordinates":[[[13.72270444372561,49.85759545910603],[13.72270444372561,49.866588662743276],[13.731697647362855,49.866588662743276],[13.731697647362855,49.85759545910603],[13.72270444372561,49.85759545910603]]]}},{"type":"Feature","properties":{"jobs":10,"pop":86,"pointCount":3,"homeWorkCommuteMedian":38794,"workHomeCommuteMedian":158},"geometry":{"type":"Polygon","coordinates":[[[13.72270444372561,49.87558186638052],[13.72270444372561,49.88457507001777],[13.731697647362855,49.88457507001777],[13.731697647362855,49.87558186638052],[13.72270444372561,49.87558186638052]]]}},{"type":"Feature","properties":{"jobs":7,"pop":0,"pointCount":1,"homeWorkCommuteMedian":-1,"workHomeCommuteMedian":173},"geometry":{"type":"Polygon","coordinates":[[[13.72270444372561,49.88457507001777],[13.72270444372561,49.89356827365501],[13.731697647362855,49.89356827365501],[13.731697647362855,49.88457507001777],[13.72270444372561,49.88457507001777]]]}},{"type":"Feature","properties":{"jobs":9,"pop":30,"pointCount":3,"homeWorkCommuteMedian":23682,"workHomeCommuteMedian":735},"geometry":{"type":"Polygon","coordinates":[[[13.72270444372561,49.90256147729226],[13.72270444372561,49.911554680929505],[13.731697647362855,49.911554680929505],[13.731697647362855,49.90256147729226],[13.72270444372561,49.90256147729226]]]}},{"type":"Feature","properties":{"jobs":7,"pop":24,"pointCount":3,"homeWorkCommuteMedian":28781,"workHomeCommuteMedian":82},"geometry":{"type":"Polygon","coordinates":[[[13.72270444372561,49.911554680929505],[13.72270444372561,49.92054788456675],[13.731697647362855,49.92054788456675],[13.731697647362855,49.911554680929505],[13.72270444372561,49.911554680929505]]]}},{"type":"Feature","properties":{"jobs":7,"pop":0,"pointCount":1,"homeWorkCommuteMedian":-1,"workHomeCommuteMedian":305},"geometry":{"type":"Polygon","coordinates":[[[13.731697647362855,49.416928480880976],[13.731697647362855,49.42592168451822],[13.740690851000101,49.42592168451822],[13.740690851000101,49.416928480880976],[13.731697647362855,49.416928480880976]]]}},{"type":"Feature","properties":{"jobs":12,"pop":0,"pointCount":1,"homeWorkCommuteMedian":-1,"workHomeCommuteMedian":6354},"geometry":{"type":"Polygon","coordinates":[[[13.731697647362855,49.45290129542996],[13.731697647362855,49.461894499067206],[13.740690851000101,49.461894499067206],[13.740690851000101,49.45290129542996],[13.731697647362855,49.45290129542996]]]}},{"type":"Feature","properties":{"jobs":73,"pop":257,"pointCount":12,"homeWorkCommuteMedian":47511,"workHomeCommuteMedian":7248},"geometry":{"type":"Polygon","coordinates":[[[13.731697647362855,49.461894499067206],[13.731697647362855,49.47088770270445],[13.740690851000101,49.47088770270445],[13.740690851000101,49.461894499067206],[13.731697647362855,49.461894499067206]]]}},{"type":"Feature","properties":{"jobs":62,"pop":50,"pointCount":3,"homeWorkCommuteMedian":34023,"workHomeCommuteMedian":3756},"geometry":{"type":"Polygon","coordinates":[[[13.731697647362855,49.49786731361619],[13.731697647362855,49.506860517253436],[13.740690851000101,49.506860517253436],[13.740690851000101,49.49786731361619],[13.731697647362855,49.49786731361619]]]}},{"type":"Feature","properties":{"jobs":0,"pop":20,"pointCount":2,"homeWorkCommuteMedian":43126,"workHomeCommuteMedian":-1},"geometry":{"type":"Polygon","coordinates":[[[13.731697647362855,49.506860517253436],[13.731697647362855,49.51585372089068],[13.740690851000101,49.51585372089068],[13.740690851000101,49.506860517253436],[13.731697647362855,49.506860517253436]]]}},{"type":"Feature","properties":{"jobs":78,"pop":268,"pointCount":10,"homeWorkCommuteMedian":25354,"workHomeCommuteMedian":18744},"geometry":{"type":"Polygon","coordinates":[[[13.731697647362855,49.776656626370816],[13.731697647362855,49.78564983000806],[13.740690851000101,49.78564983000806],[13.740690851000101,49.776656626370816],[13.731697647362855,49.776656626370816]]]}},{"type":"Feature","properties":{"jobs":510,"pop":308,"pointCount":19,"homeWorkCommuteMedian":16317,"workHomeCommuteMedian":11942},"geometry":{"type":"Polygon","coordinates":[[[13.731697647362855,49.78564983000806],[13.731697647362855,49.79464303364531],[13.740690851000101,49.79464303364531],[13.740690851000101,49.78564983000806],[13.731697647362855,49.78564983000806]]]}},{"type":"Feature","properties":{"jobs":0,"pop":80,"pointCount":4,"homeWorkCommuteMedian":11641,"workHomeCommuteMedian":-1},"geometry":{"type":"Polygon","coordinates":[[[13.731697647362855,49.8126294409198],[13.731697647362855,49.821622644557046],[13.740690851000101,49.821622644557046],[13.740690851000101,49.8126294409198],[13.731697647362855,49.8126294409198]]]}},{"type":"Feature","properties":{"jobs":15,"pop":59,"pointCount":4,"homeWorkCommuteMedian":23099,"workHomeCommuteMedian":572},"geometry":{"type":"Polygon","coordinates":[[[13.731697647362855,49.83960905183154],[13.731697647362855,49.84860225546878],[13.740690851000101,49.84860225546878],[13.740690851000101,49.83960905183154],[13.731697647362855,49.83960905183154]]]}},{"type":"Feature","properties":{"jobs":32,"pop":136,"pointCount":7,"homeWorkCommuteMedian":47779,"workHomeCommuteMedian":7814},"geometry":{"type":"Polygon","coordinates":[[[13.740690851000101,49.45290129542996],[13.740690851000101,49.461894499067206],[13.749684054637347,49.461894499067206],[13.749684054637347,49.45290129542996],[13.740690851000101,49.45290129542996]]]}},{"type":"Feature","properties":{"jobs":20,"pop":17,"pointCount":2,"homeWorkCommuteMedian":134,"workHomeCommuteMedian":7256},"geometry":{"type":"Polygon","coordinates":[[[13.740690851000101,49.461894499067206],[13.740690851000101,49.47088770270445],[13.749684054637347,49.47088770270445],[13.749684054637347,49.461894499067206],[13.740690851000101,49.461894499067206]]]}},{"type":"Feature","properties":{"jobs":30,"pop":28,"pointCount":2,"homeWorkCommuteMedian":49922,"workHomeCommuteMedian":3208},"geometry":{"type":"Polygon","coordinates":[[[13.740690851000101,49.47088770270445],[13.740690851000101,49.4798809063417],[13.749684054637347,49.4798809063417],[13.749684054637347,49.47088770270445],[13.740690851000101,49.47088770270445]]]}},{"type":"Feature","properties":{"jobs":13,"pop":0,"pointCount":1,"homeWorkCommuteMedian":-1,"workHomeCommuteMedian":7873},"geometry":{"type":"Polygon","coordinates":[[[13.740690851000101,49.4798809063417],[13.740690851000101,49.488874109978944],[13.749684054637347,49.488874109978944],[13.749684054637347,49.4798809063417],[13.740690851000101,49.4798809063417]]]}},{"type":"Feature","properties":{"jobs":14,"pop":49,"pointCount":3,"homeWorkCommuteMedian":14423,"workHomeCommuteMedian":2962},"geometry":{"type":"Polygon","coordinates":[[[13.740690851000101,49.52484692452793],[13.740690851000101,49.533840128165174],[13.749684054637347,49.533840128165174],[13.749684054637347,49.52484692452793],[13.740690851000101,49.52484692452793]]]}},{"type":"Feature","properties":{"jobs":0,"pop":43,"pointCount":3,"homeWorkCommuteMedian":12742,"workHomeCommuteMedian":-1},"geometry":{"type":"Polygon","coordinates":[[[13.740690851000101,49.72269740454734],[13.740690851000101,49.731690608184586],[13.749684054637347,49.731690608184586],[13.749684054637347,49.72269740454734],[13.740690851000101,49.72269740454734]]]}},{"type":"Feature","properties":{"jobs":0,"pop":44,"pointCount":2,"homeWorkCommuteMedian":15616,"workHomeCommuteMedian":-1},"geometry":{"type":"Polygon","coordinates":[[[13.740690851000101,49.78564983000806],[13.740690851000101,49.79464303364531],[13.749684054637347,49.79464303364531],[13.749684054637347,49.78564983000806],[13.740690851000101,49.78564983000806]]]}},{"type":"Feature","properties":{"jobs":10,"pop":0,"pointCount":1,"homeWorkCommuteMedian":-1,"workHomeCommuteMedian":1614},"geometry":{"type":"Polygon","coordinates":[[[13.740690851000101,49.821622644557046],[13.740690851000101,49.83061584819429],[13.749684054637347,49.83061584819429],[13.749684054637347,49.821622644557046],[13.740690851000101,49.821622644557046]]]}},{"type":"Feature","properties":{"jobs":13,"pop":56,"pointCount":4,"homeWorkCommuteMedian":51310,"workHomeCommuteMedian":494},"geometry":{"type":"Polygon","coordinates":[[[13.749684054637347,49.43491488815547],[13.749684054637347,49.443908091792714],[13.758677258274593,49.443908091792714],[13.758677258274593,49.43491488815547],[13.749684054637347,49.43491488815547]]]}},{"type":"Feature","properties":{"jobs":0,"pop":39,"pointCount":2,"homeWorkCommuteMedian":33548,"workHomeCommuteMedian":-1},"geometry":{"type":"Polygon","coordinates":[[[13.749684054637347,49.52484692452793],[13.749684054637347,49.533840128165174],[13.758677258274593,49.533840128165174],[13.758677258274593,49.52484692452793],[13.749684054637347,49.52484692452793]]]}},{"type":"Feature","properties":{"jobs":42,"pop":106,"pointCount":7,"homeWorkCommuteMedian":14509,"workHomeCommuteMedian":1015},"geometry":{"type":"Polygon","coordinates":[[[13.749684054637347,49.72269740454734],[13.749684054637347,49.731690608184586],[13.758677258274593,49.731690608184586],[13.758677258274593,49.72269740454734],[13.749684054637347,49.72269740454734]]]}},{"type":"Feature","properties":{"jobs":124,"pop":339,"pointCount":12,"homeWorkCommuteMedian":30476,"workHomeCommuteMedian":1900},"geometry":{"type":"Polygon","coordinates":[[[13.749684054637347,49.731690608184586],[13.749684054637347,49.74068381182183],[13.758677258274593,49.74068381182183],[13.758677258274593,49.731690608184586],[13.749684054637347,49.731690608184586]]]}},{"type":"Feature","properties":{"jobs":0,"pop":115,"pointCount":5,"homeWorkCommuteMedian":9111,"workHomeCommuteMedian":-1},"geometry":{"type":"Polygon","coordinates":[[[13.749684054637347,49.74068381182183],[13.749684054637347,49.74967701545908],[13.758677258274593,49.74967701545908],[13.758677258274593,49.74068381182183],[13.749684054637347,49.74068381182183]]]}},{"type":"Feature","properties":{"jobs":32,"pop":0,"pointCount":1,"homeWorkCommuteMedian":-1,"workHomeCommuteMedian":11506},"geometry":{"type":"Polygon","coordinates":[[[13.749684054637347,49.78564983000806],[13.749684054637347,49.79464303364531],[13.758677258274593,49.79464303364531],[13.758677258274593,49.78564983000806],[13.749684054637347,49.78564983000806]]]}},{"type":"Feature","properties":{"jobs":20,"pop":34,"pointCount":2,"homeWorkCommuteMedian":11284,"workHomeCommuteMedian":2439},"geometry":{"type":"Polygon","coordinates":[[[13.749684054637347,49.84860225546878],[13.749684054637347,49.85759545910603],[13.758677258274593,49.85759545910603],[13.758677258274593,49.84860225546878],[13.749684054637347,49.84860225546878]]]}},{"type":"Feature","properties":{"jobs":97,"pop":36,"pointCount":4,"homeWorkCommuteMedian":39984,"workHomeCommuteMedian":2173},"geometry":{"type":"Polygon","coordinates":[[[13.749684054637347,49.85759545910603],[13.749684054637347,49.866588662743276],[13.758677258274593,49.866588662743276],[13.758677258274593,49.85759545910603],[13.749684054637347,49.85759545910603]]]}},{"type":"Feature","properties":{"jobs":0,"pop":38,"pointCount":3,"homeWorkCommuteMedian":15342,"workHomeCommuteMedian":-1},"geometry":{"type":"Polygon","coordinates":[[[13.749684054637347,49.87558186638052],[13.749684054637347,49.88457507001777],[13.758677258274593,49.88457507001777],[13.758677258274593,49.87558186638052],[13.749684054637347,49.87558186638052]]]}},{"type":"Feature","properties":{"jobs":33,"pop":40,"pointCount":3,"homeWorkCommuteMedian":15877,"workHomeCommuteMedian":12221},"geometry":{"type":"Polygon","coordinates":[[[13.758677258274593,49.72269740454734],[13.758677258274593,49.731690608184586],[13.76767046191184,49.731690608184586],[13.76767046191184,49.72269740454734],[13.758677258274593,49.72269740454734]]]}},{"type":"Feature","properties":{"jobs":187,"pop":623,"pointCount":16,"homeWorkCommuteMedian":23129,"workHomeCommuteMedian":1433},"geometry":{"type":"Polygon","coordinates":[[[13.758677258274593,49.731690608184586],[13.758677258274593,49.74068381182183],[13.76767046191184,49.74068381182183],[13.76767046191184,49.731690608184586],[13.758677258274593,49.731690608184586]]]}},{"type":"Feature","properties":{"jobs":0,"pop":121,"pointCount":4,"homeWorkCommuteMedian":32519,"workHomeCommuteMedian":-1},"geometry":{"type":"Polygon","coordinates":[[[13.758677258274593,49.74068381182183],[13.758677258274593,49.74967701545908],[13.76767046191184,49.74967701545908],[13.76767046191184,49.74068381182183],[13.758677258274593,49.74068381182183]]]}},{"type":"Feature","properties":{"jobs":0,"pop":45,"pointCount":3,"homeWorkCommuteMedian":8361,"workHomeCommuteMedian":-1},"geometry":{"type":"Polygon","coordinates":[[[13.758677258274593,49.8126294409198],[13.758677258274593,49.821622644557046],[13.76767046191184,49.821622644557046],[13.76767046191184,49.8126294409198],[13.758677258274593,49.8126294409198]]]}},{"type":"Feature","properties":{"jobs":4,"pop":36,"pointCount":1,"homeWorkCommuteMedian":20614,"workHomeCommuteMedian":364},"geometry":{"type":"Polygon","coordinates":[[[13.758677258274593,49.821622644557046],[13.758677258274593,49.83061584819429],[13.76767046191184,49.83061584819429],[13.76767046191184,49.821622644557046],[13.758677258274593,49.821622644557046]]]}},{"type":"Feature","properties":{"jobs":10,"pop":60,"pointCount":3,"homeWorkCommuteMedian":1221,"workHomeCommuteMedian":5225},"geometry":{"type":"Polygon","coordinates":[[[13.758677258274593,49.84860225546878],[13.758677258274593,49.85759545910603],[13.76767046191184,49.85759545910603],[13.76767046191184,49.84860225546878],[13.758677258274593,49.84860225546878]]]}},{"type":"Feature","properties":{"jobs":205,"pop":112,"pointCount":6,"homeWorkCommuteMedian":14680,"workHomeCommuteMedian":40007},"geometry":{"type":"Polygon","coordinates":[[[13.758677258274593,49.85759545910603],[13.758677258274593,49.866588662743276],[13.76767046191184,49.866588662743276],[13.76767046191184,49.85759545910603],[13.758677258274593,49.85759545910603]]]}},{"type":"Feature","properties":{"jobs":59,"pop":84,"pointCount":5,"homeWorkCommuteMedian":27090,"workHomeCommuteMedian":1974},"geometry":{"type":"Polygon","coordinates":[[[13.758677258274593,49.866588662743276],[13.758677258274593,49.87558186638052],[13.76767046191184,49.87558186638052],[13.76767046191184,49.866588662743276],[13.758677258274593,49.866588662743276]]]}},{"type":"Feature","properties":{"jobs":7,"pop":0,"pointCount":1,"homeWorkCommuteMedian":-1,"workHomeCommuteMedian":73},"geometry":{"type":"Polygon","coordinates":[[[13.758677258274593,49.88457507001777],[13.758677258274593,49.89356827365501],[13.76767046191184,49.89356827365501],[13.76767046191184,49.88457507001777],[13.758677258274593,49.88457507001777]]]}},{"type":"Feature","properties":{"jobs":7,"pop":16,"pointCount":2,"homeWorkCommuteMedian":45564,"workHomeCommuteMedian":54},"geometry":{"type":"Polygon","coordinates":[[[13.76767046191184,49.74967701545908],[13.76767046191184,49.758670219096324],[13.776663665549085,49.758670219096324],[13.776663665549085,49.74967701545908],[13.76767046191184,49.74967701545908]]]}},{"type":"Feature","properties":{"jobs":0,"pop":25,"pointCount":2,"homeWorkCommuteMedian":16295,"workHomeCommuteMedian":-1},"geometry":{"type":"Polygon","coordinates":[[[13.76767046191184,49.776656626370816],[13.76767046191184,49.78564983000806],[13.776663665549085,49.78564983000806],[13.776663665549085,49.776656626370816],[13.76767046191184,49.776656626370816]]]}},{"type":"Feature","properties":{"jobs":14,"pop":62,"pointCount":3,"homeWorkCommuteMedian":20667,"workHomeCommuteMedian":418},"geometry":{"type":"Polygon","coordinates":[[[13.76767046191184,49.79464303364531],[13.76767046191184,49.803636237282554],[13.776663665549085,49.803636237282554],[13.776663665549085,49.79464303364531],[13.76767046191184,49.79464303364531]]]}},{"type":"Feature","properties":{"jobs":5,"pop":15,"pointCount":2,"homeWorkCommuteMedian":17618,"workHomeCommuteMedian":270},"geometry":{"type":"Polygon","coordinates":[[[13.76767046191184,49.83960905183154],[13.76767046191184,49.84860225546878],[13.776663665549085,49.84860225546878],[13.776663665549085,49.83960905183154],[13.76767046191184,49.83960905183154]]]}},{"type":"Feature","properties":{"jobs":131,"pop":131,"pointCount":10,"homeWorkCommuteMedian":33218,"workHomeCommuteMedian":10002},"geometry":{"type":"Polygon","coordinates":[[[13.76767046191184,49.84860225546878],[13.76767046191184,49.85759545910603],[13.776663665549085,49.85759545910603],[13.776663665549085,49.84860225546878],[13.76767046191184,49.84860225546878]]]}},{"type":"Feature","properties":{"jobs":334,"pop":725,"pointCount":25,"homeWorkCommuteMedian":34264,"workHomeCommuteMedian":5986},"geometry":{"type":"Polygon","coordinates":[[[13.76767046191184,49.85759545910603],[13.76767046191184,49.866588662743276],[13.776663665549085,49.866588662743276],[13.776663665549085,49.85759545910603],[13.76767046191184,49.85759545910603]]]}},{"type":"Feature","properties":{"jobs":0,"pop":55,"pointCount":3,"homeWorkCommuteMedian":29676,"workHomeCommuteMedian":-1},"geometry":{"type":"Polygon","coordinates":[[[13.776663665549085,49.76766342273357],[13.776663665549085,49.776656626370816],[13.785656869186331,49.776656626370816],[13.785656869186331,49.76766342273357],[13.776663665549085,49.76766342273357]]]}},{"type":"Feature","properties":{"jobs":53,"pop":306,"pointCount":11,"homeWorkCommuteMedian":31938,"workHomeCommuteMedian":509},"geometry":{"type":"Polygon","coordinates":[[[13.776663665549085,49.776656626370816],[13.776663665549085,49.78564983000806],[13.785656869186331,49.78564983000806],[13.785656869186331,49.776656626370816],[13.776663665549085,49.776656626370816]]]}},{"type":"Feature","properties":{"jobs":17,"pop":189,"pointCount":7,"homeWorkCommuteMedian":33551,"workHomeCommuteMedian":233},"geometry":{"type":"Polygon","coordinates":[[[13.776663665549085,49.8126294409198],[13.776663665549085,49.821622644557046],[13.785656869186331,49.821622644557046],[13.785656869186331,49.8126294409198],[13.776663665549085,49.8126294409198]]]}},{"type":"Feature","properties":{"jobs":10,"pop":94,"pointCount":4,"homeWorkCommuteMedian":20480,"workHomeCommuteMedian":6340},"geometry":{"type":"Polygon","coordinates":[[[13.776663665549085,49.821622644557046],[13.776663665549085,49.83061584819429],[13.785656869186331,49.83061584819429],[13.785656869186331,49.821622644557046],[13.776663665549085,49.821622644557046]]]}},{"type":"Feature","properties":{"jobs":30,"pop":78,"pointCount":5,"homeWorkCommuteMedian":13203,"workHomeCommuteMedian":3176},"geometry":{"type":"Polygon","coordinates":[[[13.776663665549085,49.83061584819429],[13.776663665549085,49.83960905183154],[13.785656869186331,49.83960905183154],[13.785656869186331,49.83061584819429],[13.776663665549085,49.83061584819429]]]}},{"type":"Feature","properties":{"jobs":29,"pop":0,"pointCount":1,"homeWorkCommuteMedian":-1,"workHomeCommuteMedian":11443},"geometry":{"type":"Polygon","coordinates":[[[13.776663665549085,49.84860225546878],[13.776663665549085,49.85759545910603],[13.785656869186331,49.85759545910603],[13.785656869186331,49.84860225546878],[13.776663665549085,49.84860225546878]]]}},{"type":"Feature","properties":{"jobs":0,"pop":63,"pointCount":4,"homeWorkCommuteMedian":38381,"workHomeCommuteMedian":-1},"geometry":{"type":"Polygon","coordinates":[[[13.776663665549085,49.85759545910603],[13.776663665549085,49.866588662743276],[13.785656869186331,49.866588662743276],[13.785656869186331,49.85759545910603],[13.776663665549085,49.85759545910603]]]}},{"type":"Feature","properties":{"jobs":5,"pop":0,"pointCount":1,"homeWorkCommuteMedian":-1,"workHomeCommuteMedian":68408},"geometry":{"type":"Polygon","coordinates":[[[13.785656869186331,49.70471099727285],[13.785656869186331,49.713704200910094],[13.794650072823577,49.713704200910094],[13.794650072823577,49.70471099727285],[13.785656869186331,49.70471099727285]]]}},{"type":"Feature","properties":{"jobs":0,"pop":30,"pointCount":2,"homeWorkCommuteMedian":34658,"workHomeCommuteMedian":-1},"geometry":{"type":"Polygon","coordinates":[[[13.785656869186331,49.74967701545908],[13.785656869186331,49.758670219096324],[13.794650072823577,49.758670219096324],[13.794650072823577,49.74967701545908],[13.785656869186331,49.74967701545908]]]}},{"type":"Feature","properties":{"jobs":18,"pop":73,"pointCount":4,"homeWorkCommuteMedian":8445,"workHomeCommuteMedian":430},"geometry":{"type":"Polygon","coordinates":[[[13.785656869186331,49.776656626370816],[13.785656869186331,49.78564983000806],[13.794650072823577,49.78564983000806],[13.794650072823577,49.776656626370816],[13.785656869186331,49.776656626370816]]]}},{"type":"Feature","properties":{"jobs":12,"pop":46,"pointCount":2,"homeWorkCommuteMedian":35803,"workHomeCommuteMedian":5857},"geometry":{"type":"Polygon","coordinates":[[[13.785656869186331,49.8126294409198],[13.785656869186331,49.821622644557046],[13.794650072823577,49.821622644557046],[13.794650072823577,49.8126294409198],[13.785656869186331,49.8126294409198]]]}},{"type":"Feature","properties":{"jobs":0,"pop":12,"pointCount":1,"homeWorkCommuteMedian":44014,"workHomeCommuteMedian":-1},"geometry":{"type":"Polygon","coordinates":[[[13.785656869186331,49.821622644557046],[13.785656869186331,49.83061584819429],[13.794650072823577,49.83061584819429],[13.794650072823577,49.821622644557046],[13.785656869186331,49.821622644557046]]]}},{"type":"Feature","properties":{"jobs":3,"pop":0,"pointCount":1,"homeWorkCommuteMedian":-1,"workHomeCommuteMedian":1108},"geometry":{"type":"Polygon","coordinates":[[[13.785656869186331,49.83061584819429],[13.785656869186331,49.83960905183154],[13.794650072823577,49.83960905183154],[13.794650072823577,49.83061584819429],[13.785656869186331,49.83061584819429]]]}},{"type":"Feature","properties":{"jobs":0,"pop":39,"pointCount":2,"homeWorkCommuteMedian":2957,"workHomeCommuteMedian":-1},"geometry":{"type":"Polygon","coordinates":[[[13.785656869186331,49.866588662743276],[13.785656869186331,49.87558186638052],[13.794650072823577,49.87558186638052],[13.794650072823577,49.866588662743276],[13.785656869186331,49.866588662743276]]]}},{"type":"Feature","properties":{"jobs":21,"pop":97,"pointCount":4,"homeWorkCommuteMedian":22082,"workHomeCommuteMedian":5568},"geometry":{"type":"Polygon","coordinates":[[[13.794650072823577,49.74967701545908],[13.794650072823577,49.758670219096324],[13.803643276460823,49.758670219096324],[13.803643276460823,49.74967701545908],[13.794650072823577,49.74967701545908]]]}},{"type":"Feature","properties":{"jobs":1,"pop":31,"pointCount":2,"homeWorkCommuteMedian":33844,"workHomeCommuteMedian":134},"geometry":{"type":"Polygon","coordinates":[[[13.794650072823577,49.8126294409198],[13.794650072823577,49.821622644557046],[13.803643276460823,49.821622644557046],[13.803643276460823,49.8126294409198],[13.794650072823577,49.8126294409198]]]}},{"type":"Feature","properties":{"jobs":14,"pop":77,"pointCount":5,"homeWorkCommuteMedian":39194,"workHomeCommuteMedian":821},"geometry":{"type":"Polygon","coordinates":[[[13.794650072823577,49.866588662743276],[13.794650072823577,49.87558186638052],[13.803643276460823,49.87558186638052],[13.803643276460823,49.866588662743276],[13.794650072823577,49.866588662743276]]]}},{"type":"Feature","properties":{"jobs":0,"pop":15,"pointCount":1,"homeWorkCommuteMedian":32170,"workHomeCommuteMedian":-1},"geometry":{"type":"Polygon","coordinates":[[[13.794650072823577,49.88457507001777],[13.794650072823577,49.89356827365501],[13.803643276460823,49.89356827365501],[13.803643276460823,49.88457507001777],[13.794650072823577,49.88457507001777]]]}}],"properties":{"residentWeightedNearestNeighborKm":{"p10":0.07008289712019604,"p25":0.08531169424097748,"p50":0.10605166282030759,"p75":0.13590602821336994,"p90":0.17432019758577896,"mean":0.1243980824341289},"workerWeightedNearestNeighborKm":{"p10":0.08478549504160056,"p25":0.10377970130389966,"p50":0.1351744145554646,"p75":0.21027037194830842,"p90":0.3069258509040534,"mean":0.17201322796597673},"commuteDistanceKm":{"p10":1451,"p25":3765,"p50":7731,"p75":18249,"p90":29893,"mean":12298.683043068957},"residentCellDensity":{"p10":11,"p25":22,"p50":47,"p75":115,"p90":366,"mean":177.1509705248023},"workerCellDensity":{"p10":6,"p25":10,"p50":22,"p75":95,"p90":474,"mean":237.4922928709056},"detail":{"radiusKm":0.11973082908912229,"expectedPointSpacingKm":0.4807807108763526,"normalizedRadius":0.24903417791217236,"activityPerPoint":34.882585938605175,"playableAreaKm2":3712,"playableAreaPerPointKm2":0.5251096336115434,"playableCatchmentRadiusKm":0.4088368717580429,"localityScore":1,"deaggregationScore":1,"score":1},"polycentrism":{"activity":{"score":0,"continuousScore":0.7613213655686402,"detectedCenterCount":1,"effectiveCenterCount":1,"largestCenterShare":1,"bandwidthKm":1.3,"reliabilityScore":1,"supportLevel":"high","usedFallback":false,"topCenters":[{"longitude":13.373521343101409,"latitude":49.732379905436844,"massShare":1,"assignedMass":493170,"assignedPointCount":7069,"prominenceRatio":1}],"debug":{"rawPeakCount":149,"mergedPeakCount":88,"filteredPeakCount":1,"prominenceThreshold":0.22,"minPointsPerCenter":10,"rejectedCenters":[{"longitude":13.608073646647723,"latitude":49.73813238109338,"massShare":0.0543483991321451,"assignedMass":26803,"assignedPointCount":363,"prominenceRatio":1,"strongestCompetitorDistanceKm":15.799910946096201,"strongestCompetitorPotential":96166.32637492445,"localConsolidatedShare":0.0543483991321451,"localConsolidatedMass":26803,"localContributorCount":1,"localContributorDistancesKm":[],"rejectionReasons":["below_secondary_share_floor"]},{"longitude":13.326615919116868,"latitude":49.57361213705422,"massShare":0.02632560780258329,"assignedMass":12983,"assignedPointCount":192,"prominenceRatio":1,"strongestCompetitorDistanceKm":19.042198782542254,"strongestCompetitorPotential":96166.32637492445,"localConsolidatedShare":0.05178741610398037,"localConsolidatedMass":25540,"localContributorCount":2,"localContributorDistancesKm":[9.106220487003407],"rejectionReasons":["below_secondary_share_floor"]},{"longitude":12.996621527163795,"latitude":49.75369534817009,"massShare":0.020808240566133382,"assignedMass":10262,"assignedPointCount":152,"prominenceRatio":1,"strongestCompetitorDistanceKm":27.29707185900736,"strongestCompetitorPotential":96166.32637492445,"localConsolidatedShare":0.020808240566133382,"localConsolidatedMass":10262,"localContributorCount":1,"localContributorDistancesKm":[],"rejectionReasons":["below_secondary_share_floor"]},{"longitude":13.306203760797166,"latitude":49.65322668853813,"massShare":0.025461808301397083,"assignedMass":12557,"assignedPointCount":286,"prominenceRatio":0.9999999999999993,"strongestCompetitorDistanceKm":11.276534758178636,"strongestCompetitorPotential":96166.32637492445,"localConsolidatedShare":0.025461808301397083,"localConsolidatedMass":12557,"localContributorCount":1,"localContributorDistancesKm":[],"rejectionReasons":["below_secondary_share_floor"]},{"longitude":13.15778631557373,"latitude":49.63992869769251,"massShare":0.013622077579739237,"assignedMass":6718,"assignedPointCount":136,"prominenceRatio":1,"strongestCompetitorDistanceKm":19.046606239625646,"strongestCompetitorPotential":96166.32637492445,"localConsolidatedShare":0.013622077579739237,"localConsolidatedMass":6718,"localContributorCount":1,"localContributorDistancesKm":[],"rejectionReasons":["below_secondary_share_floor"]},{"longitude":13.223619543287185,"latitude":49.71117662755464,"massShare":0.031181945373806193,"assignedMass":15378,"assignedPointCount":340,"prominenceRatio":1,"strongestCompetitorDistanceKm":12.540039683076502,"strongestCompetitorPotential":96166.32637492445,"localConsolidatedShare":0.031181945373806193,"localConsolidatedMass":15378,"localContributorCount":1,"localContributorDistancesKm":[],"rejectionReasons":["below_secondary_share_floor"]},{"longitude":13.100307497477969,"latitude":49.594471966497004,"massShare":0.011827564531500294,"assignedMass":5833,"assignedPointCount":132,"prominenceRatio":1,"strongestCompetitorDistanceKm":25.644636477266186,"strongestCompetitorPotential":96166.32637492445,"localConsolidatedShare":0.011827564531500294,"localConsolidatedMass":5833,"localContributorCount":1,"localContributorDistancesKm":[],"rejectionReasons":["below_secondary_share_floor"]},{"longitude":13.210962615890637,"latitude":49.657879064144545,"massShare":0.011308473751444736,"assignedMass":5577,"assignedPointCount":138,"prominenceRatio":1,"strongestCompetitorDistanceKm":15.905343911598196,"strongestCompetitorPotential":96166.32637492445,"localConsolidatedShare":0.011308473751444736,"localConsolidatedMass":5577,"localContributorCount":1,"localContributorDistancesKm":[],"rejectionReasons":["below_secondary_share_floor"]},{"longitude":13.459260823022268,"latitude":49.685915985428366,"massShare":0.035577995417401705,"assignedMass":17546,"assignedPointCount":464,"prominenceRatio":0.9999999978082789,"strongestCompetitorDistanceKm":8.85485300816343,"strongestCompetitorPotential":96166.32637492445,"localConsolidatedShare":0.035577995417401705,"localConsolidatedMass":17546,"localContributorCount":1,"localContributorDistancesKm":[],"rejectionReasons":["below_secondary_share_floor"]},{"longitude":13.531434551476627,"latitude":49.585465218469345,"massShare":0.012910355455522436,"assignedMass":6367,"assignedPointCount":190,"prominenceRatio":1,"strongestCompetitorDistanceKm":21.346906427525564,"strongestCompetitorPotential":96166.32637492445,"localConsolidatedShare":0.012910355455522436,"localConsolidatedMass":6367,"localContributorCount":1,"localContributorDistancesKm":[],"rejectionReasons":["below_secondary_share_floor"]},{"longitude":13.266461650327035,"latitude":49.765677051782795,"massShare":0.017732222154632278,"assignedMass":8745,"assignedPointCount":266,"prominenceRatio":0.9999999999889245,"strongestCompetitorDistanceKm":9.827614292522407,"strongestCompetitorPotential":96166.32637492445,"localConsolidatedShare":0.017732222154632278,"localConsolidatedMass":8745,"localContributorCount":1,"localContributorDistancesKm":[],"rejectionReasons":["below_secondary_share_floor"]},{"longitude":13.04728878211386,"latitude":49.70416275473199,"massShare":0.0110631222499341,"assignedMass":5456,"assignedPointCount":89,"prominenceRatio":1,"strongestCompetitorDistanceKm":24.743196416717744,"strongestCompetitorPotential":96166.32637492445,"localConsolidatedShare":0.0110631222499341,"localConsolidatedMass":5456,"localContributorCount":1,"localContributorDistancesKm":[],"rejectionReasons":["below_secondary_share_floor"]},{"longitude":13.49170449946845,"latitude":49.77352358046636,"massShare":0.018447999675568264,"assignedMass":9098,"assignedPointCount":234,"prominenceRatio":0.9999999985306389,"strongestCompetitorDistanceKm":8.968344209645661,"strongestCompetitorPotential":96166.32637492445,"localConsolidatedShare":0.018447999675568264,"localConsolidatedMass":9098,"localContributorCount":1,"localContributorDistancesKm":[],"rejectionReasons":["below_secondary_share_floor"]},{"longitude":13.49671838706789,"latitude":49.982385200716315,"massShare":0.009655899588377233,"assignedMass":4762,"assignedPointCount":98,"prominenceRatio":1,"strongestCompetitorDistanceKm":27.943199121683136,"strongestCompetitorPotential":96166.32637492445,"localConsolidatedShare":0.009655899588377233,"localConsolidatedMass":4762,"localContributorCount":1,"localContributorDistancesKm":[],"rejectionReasons":["below_secondary_share_floor"]},{"longitude":13.37996963127987,"latitude":49.824639002917365,"massShare":0.02726645984143399,"assignedMass":13447,"assignedPointCount":356,"prominenceRatio":0.9999999999999978,"strongestCompetitorDistanceKm":11.222652168896305,"strongestCompetitorPotential":96166.32637492445,"localConsolidatedShare":0.02726645984143399,"localConsolidatedMass":13447,"localContributorCount":1,"localContributorDistancesKm":[],"rejectionReasons":["below_secondary_share_floor"]},{"longitude":13.591268520046526,"latitude":49.49015000543886,"massShare":0.009564653162195591,"assignedMass":4717,"assignedPointCount":159,"prominenceRatio":1,"strongestCompetitorDistanceKm":31.883808537475762,"strongestCompetitorPotential":96166.32637492445,"localConsolidatedShare":0.009564653162195591,"localConsolidatedMass":4717,"localContributorCount":1,"localContributorDistancesKm":[],"rejectionReasons":["below_secondary_share_floor"]},{"longitude":13.379537399776533,"latitude":49.89438592689038,"massShare":0.00749234543869254,"assignedMass":3695,"assignedPointCount":105,"prominenceRatio":1,"strongestCompetitorDistanceKm":16.963170487788595,"strongestCompetitorPotential":96166.32637492445,"localConsolidatedShare":0.00749234543869254,"localConsolidatedMass":3695,"localContributorCount":1,"localContributorDistancesKm":[],"rejectionReasons":["below_secondary_share_floor"]},{"longitude":13.392744532686295,"latitude":49.9343003420797,"massShare":0.005227406371028246,"assignedMass":2578,"assignedPointCount":66,"prominenceRatio":1,"strongestCompetitorDistanceKm":21.21128666851058,"strongestCompetitorPotential":96166.32637492445,"localConsolidatedShare":0.005227406371028246,"localConsolidatedMass":2578,"localContributorCount":1,"localContributorDistancesKm":[],"rejectionReasons":["below_secondary_share_floor"]},{"longitude":13.694018406437563,"latitude":49.773535591561476,"massShare":0.004414299328831843,"assignedMass":2177,"assignedPointCount":54,"prominenceRatio":1,"strongestCompetitorDistanceKm":23.28153559939415,"strongestCompetitorPotential":96166.32637492445,"localConsolidatedShare":0.004414299328831843,"localConsolidatedMass":2177,"localContributorCount":1,"localContributorDistancesKm":[],"rejectionReasons":["below_secondary_share_floor"]},{"longitude":13.76653020880892,"latitude":49.85632269726188,"massShare":0.006997587038952086,"assignedMass":3451,"assignedPointCount":129,"prominenceRatio":1,"strongestCompetitorDistanceKm":31.041955248142564,"strongestCompetitorPotential":96166.32637492445,"localConsolidatedShare":0.006997587038952086,"localConsolidatedMass":3451,"localContributorCount":1,"localContributorDistancesKm":[],"rejectionReasons":["below_secondary_share_floor"]},{"longitude":13.742834774878142,"latitude":49.786823130507635,"massShare":0.005436259302066225,"assignedMass":2681,"assignedPointCount":69,"prominenceRatio":1,"strongestCompetitorDistanceKm":25.75585440255718,"strongestCompetitorPotential":96166.32637492445,"localConsolidatedShare":0.005436259302066225,"localConsolidatedMass":2681,"localContributorCount":1,"localContributorDistancesKm":[],"rejectionReasons":["below_secondary_share_floor"]},{"longitude":13.073332469556092,"latitude":49.54899761939062,"massShare":0.006772512521037371,"assignedMass":3340,"assignedPointCount":127,"prominenceRatio":1,"strongestCompetitorDistanceKm":30.320181035002243,"strongestCompetitorPotential":96166.32637492445,"localConsolidatedShare":0.006772512521037371,"localConsolidatedMass":3340,"localContributorCount":1,"localContributorDistancesKm":[],"rejectionReasons":["below_secondary_share_floor"]},{"longitude":13.743667044643084,"latitude":49.730876459436224,"massShare":0.005298375813613967,"assignedMass":2613,"assignedPointCount":85,"prominenceRatio":1,"strongestCompetitorDistanceKm":27.444593246618332,"strongestCompetitorPotential":96166.32637492445,"localConsolidatedShare":0.005298375813613967,"localConsolidatedMass":2613,"localContributorCount":1,"localContributorDistancesKm":[],"rejectionReasons":["below_secondary_share_floor"]},{"longitude":13.611290869856198,"latitude":49.86201396449587,"massShare":0.004175030922399983,"assignedMass":2059,"assignedPointCount":84,"prominenceRatio":1,"strongestCompetitorDistanceKm":20.49235433287408,"strongestCompetitorPotential":96166.32637492445,"localConsolidatedShare":0.004175030922399983,"localConsolidatedMass":2059,"localContributorCount":1,"localContributorDistancesKm":[],"rejectionReasons":["below_secondary_share_floor"]},{"longitude":13.577563939508861,"latitude":49.826236137901326,"massShare":0.004793478922075552,"assignedMass":2364,"assignedPointCount":99,"prominenceRatio":1,"strongestCompetitorDistanceKm":17.98116565875174,"strongestCompetitorPotential":96166.32637492445,"localConsolidatedShare":0.004793478922075552,"localConsolidatedMass":2364,"localContributorCount":1,"localContributorDistancesKm":[],"rejectionReasons":["below_secondary_share_floor"]},{"longitude":13.604795520201085,"latitude":49.623282836889864,"massShare":0.004229778778108969,"assignedMass":2086,"assignedPointCount":82,"prominenceRatio":1,"strongestCompetitorDistanceKm":21.84002978508077,"strongestCompetitorPotential":96166.32637492445,"localConsolidatedShare":0.004229778778108969,"localConsolidatedMass":2086,"localContributorCount":1,"localContributorDistancesKm":[],"rejectionReasons":["below_secondary_share_floor"]},{"longitude":13.237032095331863,"latitude":49.84144526141007,"massShare":0.004345357584605714,"assignedMass":2143,"assignedPointCount":82,"prominenceRatio":1,"strongestCompetitorDistanceKm":15.200502747331269,"strongestCompetitorPotential":96166.32637492445,"localConsolidatedShare":0.004345357584605714,"localConsolidatedMass":2143,"localContributorCount":1,"localContributorDistancesKm":[],"rejectionReasons":["below_secondary_share_floor"]},{"longitude":13.28343108610547,"latitude":49.49237532945081,"massShare":0.003353813086765213,"assignedMass":1654,"assignedPointCount":78,"prominenceRatio":1,"strongestCompetitorDistanceKm":29.791536465409738,"strongestCompetitorPotential":96166.32637492445,"localConsolidatedShare":0.003353813086765213,"localConsolidatedMass":1654,"localContributorCount":1,"localContributorDistancesKm":[],"rejectionReasons":["below_secondary_share_floor"]},{"longitude":12.974403973528581,"latitude":49.88883083093112,"massShare":0.0031064338868949854,"assignedMass":1532,"assignedPointCount":59,"prominenceRatio":1,"strongestCompetitorDistanceKm":33.076941113887706,"strongestCompetitorPotential":96166.32637492445,"localConsolidatedShare":0.0031064338868949854,"localConsolidatedMass":1532,"localContributorCount":1,"localContributorDistancesKm":[],"rejectionReasons":["below_secondary_share_floor"]},{"longitude":13.192187948083118,"latitude":49.556295164576426,"massShare":0.002751586673966381,"assignedMass":1357,"assignedPointCount":52,"prominenceRatio":1,"strongestCompetitorDistanceKm":23.779595085234064,"strongestCompetitorPotential":96166.32637492445,"localConsolidatedShare":0.002751586673966381,"localConsolidatedMass":1357,"localContributorCount":1,"localContributorDistancesKm":[],"rejectionReasons":["below_secondary_share_floor"]},{"longitude":13.37617173116876,"latitude":50.042257192014304,"massShare":0.0019709228055234504,"assignedMass":972,"assignedPointCount":40,"prominenceRatio":1,"strongestCompetitorDistanceKm":33.67816165076727,"strongestCompetitorPotential":96166.32637492445,"localConsolidatedShare":0.0019709228055234504,"localConsolidatedMass":972,"localContributorCount":1,"localContributorDistancesKm":[],"rejectionReasons":["below_secondary_share_floor"]},{"longitude":12.886192697608157,"latitude":49.8145020022337,"massShare":0.0017012389236977106,"assignedMass":839,"assignedPointCount":34,"prominenceRatio":1,"strongestCompetitorDistanceKm":36.19153610879833,"strongestCompetitorPotential":96166.32637492445,"localConsolidatedShare":0.0017012389236977106,"localConsolidatedMass":839,"localContributorCount":1,"localContributorDistancesKm":[],"rejectionReasons":["below_secondary_share_floor"]},{"longitude":13.28637880221075,"latitude":49.89215455479135,"massShare":0.0030172151590729364,"assignedMass":1488,"assignedPointCount":62,"prominenceRatio":1,"strongestCompetitorDistanceKm":17.920759656563884,"strongestCompetitorPotential":96166.32637492445,"localConsolidatedShare":0.0030172151590729364,"localConsolidatedMass":1488,"localContributorCount":1,"localContributorDistancesKm":[],"rejectionReasons":["below_secondary_share_floor"]},{"longitude":13.233007287026588,"latitude":49.99105097491542,"massShare":0.001494413691019324,"assignedMass":737,"assignedPointCount":31,"prominenceRatio":1,"strongestCompetitorDistanceKm":29.61027241702986,"strongestCompetitorPotential":96166.32637492445,"localConsolidatedShare":0.001494413691019324,"localConsolidatedMass":737,"localContributorCount":1,"localContributorDistancesKm":[],"rejectionReasons":["below_secondary_share_floor"]},{"longitude":13.732860730610843,"latitude":49.459983635525575,"massShare":0.0020702800251434597,"assignedMass":1021,"assignedPointCount":47,"prominenceRatio":1,"strongestCompetitorDistanceKm":40.573030156433134,"strongestCompetitorPotential":96166.32637492445,"localConsolidatedShare":0.0020702800251434597,"localConsolidatedMass":1021,"localContributorCount":1,"localContributorDistancesKm":[],"rejectionReasons":["below_secondary_share_floor"]},{"longitude":13.398725274219858,"latitude":49.483430778870286,"massShare":0.0017499036843279193,"assignedMass":863,"assignedPointCount":43,"prominenceRatio":1,"strongestCompetitorDistanceKm":29.246901217119074,"strongestCompetitorPotential":96166.32637492445,"localConsolidatedShare":0.0017499036843279193,"localConsolidatedMass":863,"localContributorCount":1,"localContributorDistancesKm":[],"rejectionReasons":["below_secondary_share_floor"]},{"longitude":13.49068231872028,"latitude":49.486304231262565,"massShare":0.001727599002372407,"assignedMass":852,"assignedPointCount":35,"prominenceRatio":1,"strongestCompetitorDistanceKm":29.830677849004854,"strongestCompetitorPotential":96166.32637492445,"localConsolidatedShare":0.001727599002372407,"localConsolidatedMass":852,"localContributorCount":1,"localContributorDistancesKm":[],"rejectionReasons":["below_secondary_share_floor"]},{"longitude":13.09635581405881,"latitude":49.84398768979636,"massShare":0.0009043534683780441,"assignedMass":446,"assignedPointCount":8,"prominenceRatio":1,"strongestCompetitorDistanceKm":23.108635150834605,"strongestCompetitorPotential":96166.32637492445,"localConsolidatedShare":0.0009043534683780441,"localConsolidatedMass":446,"localContributorCount":1,"localContributorDistancesKm":[],"rejectionReasons":["below_min_points_per_center"]},{"longitude":13.251501672378545,"latitude":49.583982393277644,"massShare":0.0022101912119553094,"assignedMass":1090,"assignedPointCount":40,"prominenceRatio":1,"strongestCompetitorDistanceKm":20.928784168058268,"strongestCompetitorPotential":96166.32637492445,"localConsolidatedShare":0.0022101912119553094,"localConsolidatedMass":1090,"localContributorCount":1,"localContributorDistancesKm":[],"rejectionReasons":["below_secondary_share_floor"]},{"longitude":13.538727143171066,"latitude":49.926455635873225,"massShare":0.0017580144777662875,"assignedMass":867,"assignedPointCount":43,"prominenceRatio":1,"strongestCompetitorDistanceKm":23.62147902964354,"strongestCompetitorPotential":96166.32637492445,"localConsolidatedShare":0.0017580144777662875,"localConsolidatedMass":867,"localContributorCount":1,"localContributorDistancesKm":[],"rejectionReasons":["below_secondary_share_floor"]},{"longitude":13.144836557414108,"latitude":49.87936588175884,"massShare":0.0013159762353752256,"assignedMass":649,"assignedPointCount":28,"prominenceRatio":1,"strongestCompetitorDistanceKm":22.745648197703584,"strongestCompetitorPotential":96166.32637492445,"localConsolidatedShare":0.0013159762353752256,"localConsolidatedMass":649,"localContributorCount":1,"localContributorDistancesKm":[],"rejectionReasons":["below_secondary_share_floor"]},{"longitude":13.43710454025141,"latitude":49.53506445241674,"massShare":0.0017519313826875114,"assignedMass":864,"assignedPointCount":39,"prominenceRatio":1,"strongestCompetitorDistanceKm":23.195545818996365,"strongestCompetitorPotential":96166.32637492445,"localConsolidatedShare":0.0017519313826875114,"localConsolidatedMass":864,"localContributorCount":1,"localContributorDistancesKm":[],"rejectionReasons":["below_secondary_share_floor"]},{"longitude":12.914973565841832,"latitude":49.76858925983606,"massShare":0.0008009408520388507,"assignedMass":395,"assignedPointCount":14,"prominenceRatio":1,"strongestCompetitorDistanceKm":33.473666679981584,"strongestCompetitorPotential":96166.32637492445,"localConsolidatedShare":0.0008009408520388507,"localConsolidatedMass":395,"localContributorCount":1,"localContributorDistancesKm":[],"rejectionReasons":["below_secondary_share_floor"]},{"longitude":13.149610893572268,"latitude":49.77572983148558,"massShare":0.0016241863860332138,"assignedMass":801,"assignedPointCount":40,"prominenceRatio":1,"strongestCompetitorDistanceKm":15.809187905118616,"strongestCompetitorPotential":96166.32637492445,"localConsolidatedShare":0.0016241863860332138,"localConsolidatedMass":801,"localContributorCount":1,"localContributorDistancesKm":[],"rejectionReasons":["below_secondary_share_floor"]},{"longitude":13.463726152025108,"latitude":49.860420467036136,"massShare":0.0018066792383964962,"assignedMass":891,"assignedPointCount":34,"prominenceRatio":1,"strongestCompetitorDistanceKm":17.010306913201223,"strongestCompetitorPotential":96166.32637492445,"localConsolidatedShare":0.0018066792383964962,"localConsolidatedMass":891,"localContributorCount":1,"localContributorDistancesKm":[],"rejectionReasons":["below_secondary_share_floor"]},{"longitude":13.669351041797947,"latitude":49.946118383056,"massShare":0.002244662084068374,"assignedMass":1107,"assignedPointCount":53,"prominenceRatio":1,"strongestCompetitorDistanceKm":31.54699694588257,"strongestCompetitorPotential":96166.32637492445,"localConsolidatedShare":0.002244662084068374,"localConsolidatedMass":1107,"localContributorCount":1,"localContributorDistancesKm":[],"rejectionReasons":["below_secondary_share_floor"]},{"longitude":13.420437668395465,"latitude":49.60136290038197,"massShare":0.0028022791329561816,"assignedMass":1382,"assignedPointCount":63,"prominenceRatio":1,"strongestCompetitorDistanceKm":18.085142237338694,"strongestCompetitorPotential":96166.32637492445,"localConsolidatedShare":0.0028022791329561816,"localConsolidatedMass":1382,"localContributorCount":1,"localContributorDistancesKm":[],"rejectionReasons":["below_secondary_share_floor"]},{"longitude":13.714679867941243,"latitude":49.82600926525171,"massShare":0.0005657278423261755,"assignedMass":279,"assignedPointCount":10,"prominenceRatio":1,"strongestCompetitorDistanceKm":25.821695652416032,"strongestCompetitorPotential":96166.32637492445,"localConsolidatedShare":0.0005657278423261755,"localConsolidatedMass":279,"localContributorCount":1,"localContributorDistancesKm":[],"rejectionReasons":["below_secondary_share_floor"]},{"longitude":13.36331985072694,"latitude":49.9873483595961,"massShare":0.0008779933897033477,"assignedMass":433,"assignedPointCount":23,"prominenceRatio":1,"strongestCompetitorDistanceKm":26.992115450404665,"strongestCompetitorPotential":96166.32637492445,"localConsolidatedShare":0.0008779933897033477,"localConsolidatedMass":433,"localContributorCount":1,"localContributorDistancesKm":[],"rejectionReasons":["below_secondary_share_floor"]},{"longitude":13.057981563739547,"latitude":49.990386608257595,"massShare":0.0005799217308433197,"assignedMass":286,"assignedPointCount":12,"prominenceRatio":1,"strongestCompetitorDistanceKm":36.19425637670804,"strongestCompetitorPotential":96166.32637492445,"localConsolidatedShare":0.0005799217308433197,"localConsolidatedMass":286,"localContributorCount":1,"localContributorDistancesKm":[],"rejectionReasons":["below_secondary_share_floor"]},{"longitude":13.159426559883787,"latitude":49.968795262869214,"massShare":0.0006407526816310805,"assignedMass":316,"assignedPointCount":17,"prominenceRatio":1,"strongestCompetitorDistanceKm":30.02043588408265,"strongestCompetitorPotential":96166.32637492445,"localConsolidatedShare":0.0006407526816310805,"localConsolidatedMass":316,"localContributorCount":1,"localContributorDistancesKm":[],"rejectionReasons":["below_secondary_share_floor"]},{"longitude":13.517809213133193,"latitude":49.44440506745481,"massShare":0.000525173875134335,"assignedMass":259,"assignedPointCount":14,"prominenceRatio":1,"strongestCompetitorDistanceKm":34.751896210405135,"strongestCompetitorPotential":96166.32637492445,"localConsolidatedShare":0.000525173875134335,"localConsolidatedMass":259,"localContributorCount":1,"localContributorDistancesKm":[],"rejectionReasons":["below_secondary_share_floor"]},{"longitude":13.721213543392782,"latitude":49.5012137271079,"massShare":0.00047650911450412636,"assignedMass":235,"assignedPointCount":10,"prominenceRatio":1,"strongestCompetitorDistanceKm":36.50980182861853,"strongestCompetitorPotential":96166.32637492445,"localConsolidatedShare":0.00047650911450412636,"localConsolidatedMass":235,"localContributorCount":1,"localContributorDistancesKm":[],"rejectionReasons":["below_secondary_share_floor"]},{"longitude":13.033437677253895,"latitude":49.809881954008304,"massShare":0.0008637995011862035,"assignedMass":426,"assignedPointCount":20,"prominenceRatio":1,"strongestCompetitorDistanceKm":25.651813973969244,"strongestCompetitorPotential":96166.32637492445,"localConsolidatedShare":0.0008637995011862035,"localConsolidatedMass":426,"localContributorCount":1,"localContributorDistancesKm":[],"rejectionReasons":["below_secondary_share_floor"]},{"longitude":13.001576124482229,"latitude":49.940491606813545,"massShare":0.00048259220958290247,"assignedMass":238,"assignedPointCount":12,"prominenceRatio":1,"strongestCompetitorDistanceKm":34.66271023480856,"strongestCompetitorPotential":96166.32637492445,"localConsolidatedShare":0.00048259220958290247,"localConsolidatedMass":238,"localContributorCount":1,"localContributorDistancesKm":[],"rejectionReasons":["below_secondary_share_floor"]},{"longitude":13.2731753470244,"latitude":49.937616512607065,"massShare":0.0005474785570898473,"assignedMass":270,"assignedPointCount":15,"prominenceRatio":1,"strongestCompetitorDistanceKm":22.599806320497617,"strongestCompetitorPotential":96166.32637492445,"localConsolidatedShare":0.0005474785570898473,"localConsolidatedMass":270,"localContributorCount":1,"localContributorDistancesKm":[],"rejectionReasons":["below_secondary_share_floor"]},{"longitude":13.672344161113847,"latitude":49.575862649778045,"massShare":0.0006204756980351603,"assignedMass":306,"assignedPointCount":16,"prominenceRatio":1,"strongestCompetitorDistanceKm":28.096890194947907,"strongestCompetitorPotential":96166.32637492445,"localConsolidatedShare":0.0006204756980351603,"localConsolidatedMass":306,"localContributorCount":1,"localContributorDistancesKm":[],"rejectionReasons":["below_secondary_share_floor"]},{"longitude":13.512014830718464,"latitude":49.85988273706533,"massShare":0.0007908023602408906,"assignedMass":390,"assignedPointCount":20,"prominenceRatio":1,"strongestCompetitorDistanceKm":17.06695892374994,"strongestCompetitorPotential":96166.32637492445,"localConsolidatedShare":0.0007908023602408906,"localConsolidatedMass":390,"localContributorCount":1,"localContributorDistancesKm":[],"rejectionReasons":["below_secondary_share_floor"]},{"longitude":12.872180973655137,"latitude":49.882571698877854,"massShare":0.0004967860981000467,"assignedMass":245,"assignedPointCount":13,"prominenceRatio":1,"strongestCompetitorDistanceKm":39.57416463726892,"strongestCompetitorPotential":96166.32637492445,"localConsolidatedShare":0.0004967860981000467,"localConsolidatedMass":245,"localContributorCount":1,"localContributorDistancesKm":[],"rejectionReasons":["below_secondary_share_floor"]},{"longitude":13.70669086751795,"latitude":49.52519803259699,"massShare":0.0003954011801204453,"assignedMass":195,"assignedPointCount":9,"prominenceRatio":1,"strongestCompetitorDistanceKm":33.64592663975534,"strongestCompetitorPotential":96166.32637492445,"localConsolidatedShare":0.0003954011801204453,"localConsolidatedMass":195,"localContributorCount":1,"localContributorDistancesKm":[],"rejectionReasons":["below_min_points_per_center"]},{"longitude":13.674849199167785,"latitude":49.44442782357293,"massShare":0.000525173875134335,"assignedMass":259,"assignedPointCount":17,"prominenceRatio":1,"strongestCompetitorDistanceKm":39.99051381946604,"strongestCompetitorPotential":96166.32637492445,"localConsolidatedShare":0.000525173875134335,"localConsolidatedMass":259,"localContributorCount":1,"localContributorDistancesKm":[],"rejectionReasons":["below_secondary_share_floor"]},{"longitude":12.962943439258364,"latitude":49.824645330210885,"massShare":0.000748220694689458,"assignedMass":369,"assignedPointCount":20,"prominenceRatio":1,"strongestCompetitorDistanceKm":30.3601450439782,"strongestCompetitorPotential":96166.32637492445,"localConsolidatedShare":0.000748220694689458,"localConsolidatedMass":369,"localContributorCount":1,"localContributorDistancesKm":[],"rejectionReasons":["below_secondary_share_floor"]},{"longitude":13.663389436963413,"latitude":49.53578198533071,"massShare":0.0005413954620110712,"assignedMass":267,"assignedPointCount":17,"prominenceRatio":1,"strongestCompetitorDistanceKm":31.31355386539232,"strongestCompetitorPotential":96166.32637492445,"localConsolidatedShare":0.0005413954620110712,"localConsolidatedMass":267,"localContributorCount":1,"localContributorDistancesKm":[],"rejectionReasons":["below_secondary_share_floor"]},{"longitude":13.67480881208029,"latitude":49.66727152459074,"massShare":0.00240079485775696,"assignedMass":1184,"assignedPointCount":40,"prominenceRatio":1,"strongestCompetitorDistanceKm":25.314721393110197,"strongestCompetitorPotential":96166.32637492445,"localConsolidatedShare":0.00240079485775696,"localConsolidatedMass":1184,"localContributorCount":1,"localContributorDistancesKm":[],"rejectionReasons":["below_secondary_share_floor"]},{"longitude":13.097699069939425,"latitude":50.00163915119897,"massShare":0.0003568749112881968,"assignedMass":176,"assignedPointCount":6,"prominenceRatio":1,"strongestCompetitorDistanceKm":34.75613994803996,"strongestCompetitorPotential":96166.32637492445,"localConsolidatedShare":0.0003568749112881968,"localConsolidatedMass":176,"localContributorCount":1,"localContributorDistancesKm":[],"rejectionReasons":["below_min_points_per_center"]},{"longitude":13.609379899421556,"latitude":49.43861502270548,"massShare":0.0004744814161445343,"assignedMass":234,"assignedPointCount":10,"prominenceRatio":1,"strongestCompetitorDistanceKm":38.51994417984434,"strongestCompetitorPotential":96166.32637492445,"localConsolidatedShare":0.0004744814161445343,"localConsolidatedMass":234,"localContributorCount":1,"localContributorDistancesKm":[],"rejectionReasons":["below_secondary_share_floor"]},{"longitude":13.114972341223572,"latitude":49.81188137719076,"massShare":0.0004744814161445343,"assignedMass":234,"assignedPointCount":10,"prominenceRatio":1,"strongestCompetitorDistanceKm":21.285749532062795,"strongestCompetitorPotential":96166.32637492445,"localConsolidatedShare":0.0004744814161445343,"localConsolidatedMass":234,"localContributorCount":1,"localContributorDistancesKm":[],"rejectionReasons":["below_secondary_share_floor"]},{"longitude":13.750058328908478,"latitude":49.52673262632291,"massShare":0.00020682523267838676,"assignedMass":102,"assignedPointCount":5,"prominenceRatio":1,"strongestCompetitorDistanceKm":35.88743548885846,"strongestCompetitorPotential":96166.32637492445,"localConsolidatedShare":0.00020682523267838676,"localConsolidatedMass":102,"localContributorCount":1,"localContributorDistancesKm":[],"rejectionReasons":["below_min_points_per_center"]},{"longitude":13.199550889171583,"latitude":49.5039415375686,"massShare":0.0008678548979053876,"assignedMass":428,"assignedPointCount":24,"prominenceRatio":1,"strongestCompetitorDistanceKm":29.56556187188519,"strongestCompetitorPotential":96166.32637492445,"localConsolidatedShare":0.0008678548979053876,"localConsolidatedMass":428,"localContributorCount":1,"localContributorDistancesKm":[],"rejectionReasons":["below_secondary_share_floor"]},{"longitude":13.06310086000725,"latitude":49.922859078040936,"massShare":0.0004643429243465742,"assignedMass":229,"assignedPointCount":14,"prominenceRatio":1,"strongestCompetitorDistanceKm":30.89088532043019,"strongestCompetitorPotential":96166.32637492445,"localConsolidatedShare":0.0004643429243465742,"localConsolidatedMass":229,"localContributorCount":1,"localContributorDistancesKm":[],"rejectionReasons":["below_secondary_share_floor"]},{"longitude":13.157131475126793,"latitude":50.013296900022766,"massShare":0.0003264594358943164,"assignedMass":161,"assignedPointCount":4,"prominenceRatio":1,"strongestCompetitorDistanceKm":34.24625908380811,"strongestCompetitorPotential":96166.32637492445,"localConsolidatedShare":0.0003264594358943164,"localConsolidatedMass":161,"localContributorCount":1,"localContributorDistancesKm":[],"rejectionReasons":["below_min_points_per_center"]},{"longitude":13.073330601797197,"latitude":49.87403860985029,"massShare":0.0002392684064318592,"assignedMass":118,"assignedPointCount":6,"prominenceRatio":1,"strongestCompetitorDistanceKm":26.063678407472654,"strongestCompetitorPotential":96166.32637492445,"localConsolidatedShare":0.0002392684064318592,"localConsolidatedMass":118,"localContributorCount":1,"localContributorDistancesKm":[],"rejectionReasons":["below_min_points_per_center"]},{"longitude":13.442988037398163,"latitude":50.01828119443777,"massShare":0.0003791795932437091,"assignedMass":187,"assignedPointCount":11,"prominenceRatio":1,"strongestCompetitorDistanceKm":31.57993243209192,"strongestCompetitorPotential":96166.32637492445,"localConsolidatedShare":0.0003791795932437091,"localConsolidatedMass":187,"localContributorCount":1,"localContributorDistancesKm":[],"rejectionReasons":["below_secondary_share_floor"]},{"longitude":13.314813878662441,"latitude":49.95927436708623,"massShare":0.0004440659407506539,"assignedMass":219,"assignedPointCount":11,"prominenceRatio":1,"strongestCompetitorDistanceKm":23.619807182693588,"strongestCompetitorPotential":96166.32637492445,"localConsolidatedShare":0.0004440659407506539,"localConsolidatedMass":219,"localContributorCount":1,"localContributorDistancesKm":[],"rejectionReasons":["below_secondary_share_floor"]},{"longitude":12.964220495122717,"latitude":49.62417362033839,"massShare":0.00031632094409635625,"assignedMass":156,"assignedPointCount":7,"prominenceRatio":1,"strongestCompetitorDistanceKm":32.64990568176092,"strongestCompetitorPotential":96166.32637492445,"localConsolidatedShare":0.00031632094409635625,"localConsolidatedMass":156,"localContributorCount":1,"localContributorDistancesKm":[],"rejectionReasons":["below_min_points_per_center"]},{"longitude":13.001159432397627,"latitude":49.60633332298083,"massShare":0.0003954011801204453,"assignedMass":195,"assignedPointCount":10,"prominenceRatio":1,"strongestCompetitorDistanceKm":30.697067788346846,"strongestCompetitorPotential":96166.32637492445,"localConsolidatedShare":0.0003954011801204453,"localConsolidatedMass":195,"localContributorCount":1,"localContributorDistancesKm":[],"rejectionReasons":["below_secondary_share_floor"]},{"longitude":12.898779914552142,"latitude":49.730619273321174,"massShare":0.00024940689822981933,"assignedMass":123,"assignedPointCount":6,"prominenceRatio":1,"strongestCompetitorDistanceKm":34.199363798337416,"strongestCompetitorPotential":96166.32637492445,"localConsolidatedShare":0.00024940689822981933,"localConsolidatedMass":123,"localContributorCount":1,"localContributorDistancesKm":[],"rejectionReasons":["below_min_points_per_center"]},{"longitude":12.985076903768253,"latitude":49.65526283735022,"massShare":0.00024940689822981933,"assignedMass":123,"assignedPointCount":8,"prominenceRatio":1,"strongestCompetitorDistanceKm":29.41977719167257,"strongestCompetitorPotential":96166.32637492445,"localConsolidatedShare":0.00024940689822981933,"localConsolidatedMass":123,"localContributorCount":1,"localContributorDistancesKm":[],"rejectionReasons":["below_min_points_per_center"]},{"longitude":12.908250570539096,"latitude":49.64224442853017,"massShare":0.00036295800636697284,"assignedMass":179,"assignedPointCount":9,"prominenceRatio":1,"strongestCompetitorDistanceKm":35.6702992304749,"strongestCompetitorPotential":96166.32637492445,"localConsolidatedShare":0.00036295800636697284,"localConsolidatedMass":179,"localContributorCount":1,"localContributorDistancesKm":[],"rejectionReasons":["below_min_points_per_center"]},{"longitude":13.048665518935444,"latitude":49.89687323925965,"massShare":0.00012571729829470568,"assignedMass":62,"assignedPointCount":5,"prominenceRatio":1,"strongestCompetitorDistanceKm":28.42653439347888,"strongestCompetitorPotential":96166.32637492445,"localConsolidatedShare":0.00012571729829470568,"localConsolidatedMass":62,"localContributorCount":1,"localContributorDistancesKm":[],"rejectionReasons":["below_min_points_per_center"]},{"longitude":13.727947688604562,"latitude":49.62087288863757,"massShare":0.00012571729829470568,"assignedMass":62,"assignedPointCount":3,"prominenceRatio":1,"strongestCompetitorDistanceKm":28.319128181885464,"strongestCompetitorPotential":96166.32637492445,"localConsolidatedShare":0.00012571729829470568,"localConsolidatedMass":62,"localContributorCount":1,"localContributorDistancesKm":[],"rejectionReasons":["below_min_points_per_center"]},{"longitude":13.344021529023927,"latitude":50.08306309882494,"massShare":0.00015004967860981,"assignedMass":74,"assignedPointCount":5,"prominenceRatio":1,"strongestCompetitorDistanceKm":38.15806129533426,"strongestCompetitorPotential":96166.32637492445,"localConsolidatedShare":0.00015004967860981,"localConsolidatedMass":74,"localContributorCount":1,"localContributorDistancesKm":[],"rejectionReasons":["below_min_points_per_center"]},{"longitude":12.93730724054827,"latitude":49.59540937780081,"massShare":0.00014599428189062595,"assignedMass":72,"assignedPointCount":4,"prominenceRatio":1,"strongestCompetitorDistanceKm":35.793949625851596,"strongestCompetitorPotential":96166.32637492445,"localConsolidatedShare":0.00014599428189062595,"localConsolidatedMass":72,"localContributorCount":1,"localContributorDistancesKm":[],"rejectionReasons":["below_min_points_per_center"]},{"longitude":13.25378525297258,"latitude":50.03350821889614,"massShare":0.00012166190157552162,"assignedMass":60,"assignedPointCount":4,"prominenceRatio":1,"strongestCompetitorDistanceKm":33.60736472964609,"strongestCompetitorPotential":96166.32637492445,"localConsolidatedShare":0.00012166190157552162,"localConsolidatedMass":60,"localContributorCount":1,"localContributorDistancesKm":[],"rejectionReasons":["below_min_points_per_center"]},{"longitude":12.935159468794813,"latitude":49.689598546078635,"massShare":0.00016424356712695418,"assignedMass":81,"assignedPointCount":5,"prominenceRatio":1,"strongestCompetitorDistanceKm":33.17291994107207,"strongestCompetitorPotential":96166.32637492445,"localConsolidatedShare":0.00016424356712695418,"localConsolidatedMass":81,"localContributorCount":1,"localContributorDistancesKm":[],"rejectionReasons":["below_min_points_per_center"]},{"longitude":13.307087174937303,"latitude":50.07198643580432,"massShare":0.00014396658353103391,"assignedMass":71,"assignedPointCount":4,"prominenceRatio":1,"strongestCompetitorDistanceKm":38.23119119260975,"strongestCompetitorPotential":96166.32637492445,"localConsolidatedShare":0.00014396658353103391,"localConsolidatedMass":71,"localContributorCount":1,"localContributorDistancesKm":[],"rejectionReasons":["below_min_points_per_center"]},{"longitude":13.289636754442531,"latitude":50.042231851164466,"massShare":0.00004258166555143257,"assignedMass":21,"assignedPointCount":2,"prominenceRatio":1,"strongestCompetitorDistanceKm":33.97469391181114,"strongestCompetitorPotential":96166.32637492445,"localConsolidatedShare":0.00004258166555143257,"localConsolidatedMass":21,"localContributorCount":1,"localContributorDistancesKm":[],"rejectionReasons":["below_min_points_per_center"]}]}}}}}
