{"type":"FeatureCollection","features":[{"type":"Feature","properties":{"jobs":22,"pop":0,"pointCount":1,"homeWorkCommuteMedian":-1,"workHomeCommuteMedian":4341},"geometry":{"type":"Polygon","coordinates":[[[16.776399736762432,49.54083059361322],[16.776399736762432,49.54982379725047],[16.785392940399678,49.54982379725047],[16.785392940399678,49.54083059361322],[16.776399736762432,49.54083059361322]]]}},{"type":"Feature","properties":{"jobs":27,"pop":196,"pointCount":9,"homeWorkCommuteMedian":28727,"workHomeCommuteMedian":475},"geometry":{"type":"Polygon","coordinates":[[[16.785392940399678,49.54083059361322],[16.785392940399678,49.54982379725047],[16.794386144036924,49.54982379725047],[16.794386144036924,49.54083059361322],[16.785392940399678,49.54083059361322]]]}},{"type":"Feature","properties":{"jobs":59,"pop":104,"pointCount":7,"homeWorkCommuteMedian":31340,"workHomeCommuteMedian":12195},"geometry":{"type":"Polygon","coordinates":[[[16.785392940399678,49.54982379725047],[16.785392940399678,49.558817000887714],[16.794386144036924,49.558817000887714],[16.794386144036924,49.54982379725047],[16.785392940399678,49.54982379725047]]]}},{"type":"Feature","properties":{"jobs":0,"pop":26,"pointCount":1,"homeWorkCommuteMedian":929,"workHomeCommuteMedian":-1},"geometry":{"type":"Polygon","coordinates":[[[16.794386144036924,49.54982379725047],[16.794386144036924,49.558817000887714],[16.80337934767417,49.558817000887714],[16.80337934767417,49.54982379725047],[16.794386144036924,49.54982379725047]]]}},{"type":"Feature","properties":{"jobs":8,"pop":70,"pointCount":3,"homeWorkCommuteMedian":47878,"workHomeCommuteMedian":319},"geometry":{"type":"Polygon","coordinates":[[[16.794386144036924,49.558817000887714],[16.794386144036924,49.56781020452496],[16.80337934767417,49.56781020452496],[16.80337934767417,49.558817000887714],[16.794386144036924,49.558817000887714]]]}},{"type":"Feature","properties":{"jobs":0,"pop":17,"pointCount":1,"homeWorkCommuteMedian":3762,"workHomeCommuteMedian":-1},"geometry":{"type":"Polygon","coordinates":[[[16.80337934767417,49.558817000887714],[16.80337934767417,49.56781020452496],[16.812372551311416,49.56781020452496],[16.812372551311416,49.558817000887714],[16.80337934767417,49.558817000887714]]]}},{"type":"Feature","properties":{"jobs":0,"pop":10,"pointCount":1,"homeWorkCommuteMedian":30158,"workHomeCommuteMedian":-1},"geometry":{"type":"Polygon","coordinates":[[[16.80337934767417,49.5947898154367],[16.80337934767417,49.603783019073944],[16.812372551311416,49.603783019073944],[16.812372551311416,49.5947898154367],[16.80337934767417,49.5947898154367]]]}},{"type":"Feature","properties":{"jobs":11,"pop":38,"pointCount":3,"homeWorkCommuteMedian":31605,"workHomeCommuteMedian":4027},"geometry":{"type":"Polygon","coordinates":[[[16.812372551311416,49.40593253905453],[16.812372551311416,49.41492574269178],[16.821365754948662,49.41492574269178],[16.821365754948662,49.40593253905453],[16.812372551311416,49.40593253905453]]]}},{"type":"Feature","properties":{"jobs":9,"pop":0,"pointCount":1,"homeWorkCommuteMedian":-1,"workHomeCommuteMedian":14581},"geometry":{"type":"Polygon","coordinates":[[[16.812372551311416,49.558817000887714],[16.812372551311416,49.56781020452496],[16.821365754948662,49.56781020452496],[16.821365754948662,49.558817000887714],[16.812372551311416,49.558817000887714]]]}},{"type":"Feature","properties":{"jobs":0,"pop":130,"pointCount":6,"homeWorkCommuteMedian":19492,"workHomeCommuteMedian":-1},"geometry":{"type":"Polygon","coordinates":[[[16.812372551311416,49.576803408162206],[16.812372551311416,49.58579661179945],[16.821365754948662,49.58579661179945],[16.821365754948662,49.576803408162206],[16.812372551311416,49.576803408162206]]]}},{"type":"Feature","properties":{"jobs":12,"pop":68,"pointCount":4,"homeWorkCommuteMedian":37354,"workHomeCommuteMedian":295},"geometry":{"type":"Polygon","coordinates":[[[16.812372551311416,49.5947898154367],[16.812372551311416,49.603783019073944],[16.821365754948662,49.603783019073944],[16.821365754948662,49.5947898154367],[16.812372551311416,49.5947898154367]]]}},{"type":"Feature","properties":{"jobs":0,"pop":28,"pointCount":1,"homeWorkCommuteMedian":7019,"workHomeCommuteMedian":-1},"geometry":{"type":"Polygon","coordinates":[[[16.812372551311416,49.61277622271119],[16.812372551311416,49.621769426348436],[16.821365754948662,49.621769426348436],[16.821365754948662,49.61277622271119],[16.812372551311416,49.61277622271119]]]}},{"type":"Feature","properties":{"jobs":7,"pop":0,"pointCount":1,"homeWorkCommuteMedian":-1,"workHomeCommuteMedian":317},"geometry":{"type":"Polygon","coordinates":[[[16.812372551311416,49.621769426348436],[16.812372551311416,49.63076262998568],[16.821365754948662,49.63076262998568],[16.821365754948662,49.621769426348436],[16.812372551311416,49.621769426348436]]]}},{"type":"Feature","properties":{"jobs":0,"pop":9,"pointCount":1,"homeWorkCommuteMedian":22241,"workHomeCommuteMedian":-1},"geometry":{"type":"Polygon","coordinates":[[[16.812372551311416,49.65774224089742],[16.812372551311416,49.666735444534666],[16.821365754948662,49.666735444534666],[16.821365754948662,49.65774224089742],[16.812372551311416,49.65774224089742]]]}},{"type":"Feature","properties":{"jobs":0,"pop":11,"pointCount":1,"homeWorkCommuteMedian":377,"workHomeCommuteMedian":-1},"geometry":{"type":"Polygon","coordinates":[[[16.812372551311416,49.756667480907126],[16.812372551311416,49.76566068454437],[16.821365754948662,49.76566068454437],[16.821365754948662,49.756667480907126],[16.812372551311416,49.756667480907126]]]}},{"type":"Feature","properties":{"jobs":37,"pop":57,"pointCount":3,"homeWorkCommuteMedian":12587,"workHomeCommuteMedian":255},"geometry":{"type":"Polygon","coordinates":[[[16.812372551311416,49.76566068454437],[16.812372551311416,49.77465388818162],[16.821365754948662,49.77465388818162],[16.821365754948662,49.76566068454437],[16.812372551311416,49.76566068454437]]]}},{"type":"Feature","properties":{"jobs":5,"pop":10,"pointCount":1,"homeWorkCommuteMedian":48687,"workHomeCommuteMedian":147},"geometry":{"type":"Polygon","coordinates":[[[16.821365754948662,49.40593253905453],[16.821365754948662,49.41492574269178],[16.830358958585908,49.41492574269178],[16.830358958585908,49.40593253905453],[16.821365754948662,49.40593253905453]]]}},{"type":"Feature","properties":{"jobs":17,"pop":0,"pointCount":1,"homeWorkCommuteMedian":-1,"workHomeCommuteMedian":1464},"geometry":{"type":"Polygon","coordinates":[[[16.821365754948662,49.468884964515254],[16.821365754948662,49.4778781681525],[16.830358958585908,49.4778781681525],[16.830358958585908,49.468884964515254],[16.821365754948662,49.468884964515254]]]}},{"type":"Feature","properties":{"jobs":27,"pop":106,"pointCount":5,"homeWorkCommuteMedian":27890,"workHomeCommuteMedian":368},"geometry":{"type":"Polygon","coordinates":[[[16.821365754948662,49.50485777906424],[16.821365754948662,49.513850982701484],[16.830358958585908,49.513850982701484],[16.830358958585908,49.50485777906424],[16.821365754948662,49.50485777906424]]]}},{"type":"Feature","properties":{"jobs":0,"pop":15,"pointCount":1,"homeWorkCommuteMedian":103,"workHomeCommuteMedian":-1},"geometry":{"type":"Polygon","coordinates":[[[16.821365754948662,49.54083059361322],[16.821365754948662,49.54982379725047],[16.830358958585908,49.54982379725047],[16.830358958585908,49.54083059361322],[16.821365754948662,49.54083059361322]]]}},{"type":"Feature","properties":{"jobs":26,"pop":102,"pointCount":5,"homeWorkCommuteMedian":30677,"workHomeCommuteMedian":5486},"geometry":{"type":"Polygon","coordinates":[[[16.821365754948662,49.54982379725047],[16.821365754948662,49.558817000887714],[16.830358958585908,49.558817000887714],[16.830358958585908,49.54982379725047],[16.821365754948662,49.54982379725047]]]}},{"type":"Feature","properties":{"jobs":0,"pop":32,"pointCount":2,"homeWorkCommuteMedian":44123,"workHomeCommuteMedian":-1},"geometry":{"type":"Polygon","coordinates":[[[16.821365754948662,49.58579661179945],[16.821365754948662,49.5947898154367],[16.830358958585908,49.5947898154367],[16.830358958585908,49.58579661179945],[16.821365754948662,49.58579661179945]]]}},{"type":"Feature","properties":{"jobs":0,"pop":24,"pointCount":1,"homeWorkCommuteMedian":1671,"workHomeCommuteMedian":-1},"geometry":{"type":"Polygon","coordinates":[[[16.821365754948662,49.648749037260174],[16.821365754948662,49.65774224089742],[16.830358958585908,49.65774224089742],[16.830358958585908,49.648749037260174],[16.821365754948662,49.648749037260174]]]}},{"type":"Feature","properties":{"jobs":0,"pop":10,"pointCount":1,"homeWorkCommuteMedian":30019,"workHomeCommuteMedian":-1},"geometry":{"type":"Polygon","coordinates":[[[16.830358958585908,49.38794613178004],[16.830358958585908,49.39693933541729],[16.839352162223154,49.39693933541729],[16.839352162223154,49.38794613178004],[16.830358958585908,49.38794613178004]]]}},{"type":"Feature","properties":{"jobs":15,"pop":0,"pointCount":1,"homeWorkCommuteMedian":-1,"workHomeCommuteMedian":674},"geometry":{"type":"Polygon","coordinates":[[[16.830358958585908,49.39693933541729],[16.830358958585908,49.40593253905453],[16.839352162223154,49.40593253905453],[16.839352162223154,49.39693933541729],[16.830358958585908,49.39693933541729]]]}},{"type":"Feature","properties":{"jobs":187,"pop":417,"pointCount":20,"homeWorkCommuteMedian":24698,"workHomeCommuteMedian":5335},"geometry":{"type":"Polygon","coordinates":[[[16.830358958585908,49.4778781681525],[16.830358958585908,49.486871371789746],[16.839352162223154,49.486871371789746],[16.839352162223154,49.4778781681525],[16.830358958585908,49.4778781681525]]]}},{"type":"Feature","properties":{"jobs":0,"pop":58,"pointCount":3,"homeWorkCommuteMedian":42780,"workHomeCommuteMedian":-1},"geometry":{"type":"Polygon","coordinates":[[[16.830358958585908,49.486871371789746],[16.830358958585908,49.49586457542699],[16.839352162223154,49.49586457542699],[16.839352162223154,49.486871371789746],[16.830358958585908,49.486871371789746]]]}},{"type":"Feature","properties":{"jobs":14,"pop":35,"pointCount":3,"homeWorkCommuteMedian":45623,"workHomeCommuteMedian":819},"geometry":{"type":"Polygon","coordinates":[[[16.830358958585908,49.50485777906424],[16.830358958585908,49.513850982701484],[16.839352162223154,49.513850982701484],[16.839352162223154,49.50485777906424],[16.830358958585908,49.50485777906424]]]}},{"type":"Feature","properties":{"jobs":182,"pop":118,"pointCount":3,"homeWorkCommuteMedian":39211,"workHomeCommuteMedian":7086},"geometry":{"type":"Polygon","coordinates":[[[16.830358958585908,49.54083059361322],[16.830358958585908,49.54982379725047],[16.839352162223154,49.54982379725047],[16.839352162223154,49.54083059361322],[16.830358958585908,49.54083059361322]]]}},{"type":"Feature","properties":{"jobs":87,"pop":0,"pointCount":1,"homeWorkCommuteMedian":-1,"workHomeCommuteMedian":4875},"geometry":{"type":"Polygon","coordinates":[[[16.830358958585908,49.576803408162206],[16.830358958585908,49.58579661179945],[16.839352162223154,49.58579661179945],[16.839352162223154,49.576803408162206],[16.830358958585908,49.576803408162206]]]}},{"type":"Feature","properties":{"jobs":0,"pop":8,"pointCount":1,"homeWorkCommuteMedian":13010,"workHomeCommuteMedian":-1},"geometry":{"type":"Polygon","coordinates":[[[16.830358958585908,49.621769426348436],[16.830358958585908,49.63076262998568],[16.839352162223154,49.63076262998568],[16.839352162223154,49.621769426348436],[16.830358958585908,49.621769426348436]]]}},{"type":"Feature","properties":{"jobs":22,"pop":38,"pointCount":3,"homeWorkCommuteMedian":19197,"workHomeCommuteMedian":1172},"geometry":{"type":"Polygon","coordinates":[[[16.830358958585908,49.648749037260174],[16.830358958585908,49.65774224089742],[16.839352162223154,49.65774224089742],[16.839352162223154,49.648749037260174],[16.830358958585908,49.648749037260174]]]}},{"type":"Feature","properties":{"jobs":0,"pop":11,"pointCount":1,"homeWorkCommuteMedian":42582,"workHomeCommuteMedian":-1},"geometry":{"type":"Polygon","coordinates":[[[16.830358958585908,49.79264029545611],[16.830358958585908,49.801633499093356],[16.839352162223154,49.801633499093356],[16.839352162223154,49.79264029545611],[16.830358958585908,49.79264029545611]]]}},{"type":"Feature","properties":{"jobs":0,"pop":55,"pointCount":2,"homeWorkCommuteMedian":43256,"workHomeCommuteMedian":-1},"geometry":{"type":"Polygon","coordinates":[[[16.839352162223154,49.38794613178004],[16.839352162223154,49.39693933541729],[16.8483453658604,49.39693933541729],[16.8483453658604,49.38794613178004],[16.839352162223154,49.38794613178004]]]}},{"type":"Feature","properties":{"jobs":0,"pop":110,"pointCount":5,"homeWorkCommuteMedian":46247,"workHomeCommuteMedian":-1},"geometry":{"type":"Polygon","coordinates":[[[16.839352162223154,49.39693933541729],[16.839352162223154,49.40593253905453],[16.8483453658604,49.40593253905453],[16.8483453658604,49.39693933541729],[16.839352162223154,49.39693933541729]]]}},{"type":"Feature","properties":{"jobs":0,"pop":25,"pointCount":1,"homeWorkCommuteMedian":37208,"workHomeCommuteMedian":-1},"geometry":{"type":"Polygon","coordinates":[[[16.839352162223154,49.44190535360352],[16.839352162223154,49.45089855724076],[16.8483453658604,49.45089855724076],[16.8483453658604,49.44190535360352],[16.839352162223154,49.44190535360352]]]}},{"type":"Feature","properties":{"jobs":68,"pop":0,"pointCount":1,"homeWorkCommuteMedian":-1,"workHomeCommuteMedian":5472},"geometry":{"type":"Polygon","coordinates":[[[16.839352162223154,49.4778781681525],[16.839352162223154,49.486871371789746],[16.8483453658604,49.486871371789746],[16.8483453658604,49.4778781681525],[16.839352162223154,49.4778781681525]]]}},{"type":"Feature","properties":{"jobs":0,"pop":62,"pointCount":2,"homeWorkCommuteMedian":48385,"workHomeCommuteMedian":-1},"geometry":{"type":"Polygon","coordinates":[[[16.839352162223154,49.486871371789746],[16.839352162223154,49.49586457542699],[16.8483453658604,49.49586457542699],[16.8483453658604,49.486871371789746],[16.839352162223154,49.486871371789746]]]}},{"type":"Feature","properties":{"jobs":14,"pop":82,"pointCount":5,"homeWorkCommuteMedian":31137,"workHomeCommuteMedian":3228},"geometry":{"type":"Polygon","coordinates":[[[16.839352162223154,49.54083059361322],[16.839352162223154,49.54982379725047],[16.8483453658604,49.54982379725047],[16.8483453658604,49.54083059361322],[16.839352162223154,49.54083059361322]]]}},{"type":"Feature","properties":{"jobs":5,"pop":0,"pointCount":1,"homeWorkCommuteMedian":-1,"workHomeCommuteMedian":4472},"geometry":{"type":"Polygon","coordinates":[[[16.839352162223154,49.56781020452496],[16.839352162223154,49.576803408162206],[16.8483453658604,49.576803408162206],[16.8483453658604,49.56781020452496],[16.839352162223154,49.56781020452496]]]}},{"type":"Feature","properties":{"jobs":33,"pop":67,"pointCount":3,"homeWorkCommuteMedian":27681,"workHomeCommuteMedian":4427},"geometry":{"type":"Polygon","coordinates":[[[16.839352162223154,49.61277622271119],[16.839352162223154,49.621769426348436],[16.8483453658604,49.621769426348436],[16.8483453658604,49.61277622271119],[16.839352162223154,49.61277622271119]]]}},{"type":"Feature","properties":{"jobs":24,"pop":33,"pointCount":2,"homeWorkCommuteMedian":35452,"workHomeCommuteMedian":1671},"geometry":{"type":"Polygon","coordinates":[[[16.839352162223154,49.63975583362293],[16.839352162223154,49.648749037260174],[16.8483453658604,49.648749037260174],[16.8483453658604,49.63975583362293],[16.839352162223154,49.63975583362293]]]}},{"type":"Feature","properties":{"jobs":0,"pop":42,"pointCount":2,"homeWorkCommuteMedian":30772,"workHomeCommuteMedian":-1},"geometry":{"type":"Polygon","coordinates":[[[16.839352162223154,49.648749037260174],[16.839352162223154,49.65774224089742],[16.8483453658604,49.65774224089742],[16.8483453658604,49.648749037260174],[16.839352162223154,49.648749037260174]]]}},{"type":"Feature","properties":{"jobs":8,"pop":32,"pointCount":2,"homeWorkCommuteMedian":8781,"workHomeCommuteMedian":165},"geometry":{"type":"Polygon","coordinates":[[[16.839352162223154,49.72968786999539],[16.839352162223154,49.738681073632634],[16.8483453658604,49.738681073632634],[16.8483453658604,49.72968786999539],[16.839352162223154,49.72968786999539]]]}},{"type":"Feature","properties":{"jobs":1,"pop":0,"pointCount":1,"homeWorkCommuteMedian":-1,"workHomeCommuteMedian":758},"geometry":{"type":"Polygon","coordinates":[[[16.839352162223154,49.783647091818864],[16.839352162223154,49.79264029545611],[16.8483453658604,49.79264029545611],[16.8483453658604,49.783647091818864],[16.839352162223154,49.783647091818864]]]}},{"type":"Feature","properties":{"jobs":65,"pop":124,"pointCount":8,"homeWorkCommuteMedian":10579,"workHomeCommuteMedian":666},"geometry":{"type":"Polygon","coordinates":[[[16.839352162223154,49.79264029545611],[16.839352162223154,49.801633499093356],[16.8483453658604,49.801633499093356],[16.8483453658604,49.79264029545611],[16.839352162223154,49.79264029545611]]]}},{"type":"Feature","properties":{"jobs":14,"pop":122,"pointCount":3,"homeWorkCommuteMedian":25813,"workHomeCommuteMedian":244},"geometry":{"type":"Polygon","coordinates":[[[16.8483453658604,49.39693933541729],[16.8483453658604,49.40593253905453],[16.857338569497646,49.40593253905453],[16.857338569497646,49.39693933541729],[16.8483453658604,49.39693933541729]]]}},{"type":"Feature","properties":{"jobs":45,"pop":128,"pointCount":7,"homeWorkCommuteMedian":24153,"workHomeCommuteMedian":4189},"geometry":{"type":"Polygon","coordinates":[[[16.8483453658604,49.44190535360352],[16.8483453658604,49.45089855724076],[16.857338569497646,49.45089855724076],[16.857338569497646,49.44190535360352],[16.8483453658604,49.44190535360352]]]}},{"type":"Feature","properties":{"jobs":10,"pop":26,"pointCount":2,"homeWorkCommuteMedian":1760,"workHomeCommuteMedian":1116},"geometry":{"type":"Polygon","coordinates":[[[16.8483453658604,49.54083059361322],[16.8483453658604,49.54982379725047],[16.857338569497646,49.54982379725047],[16.857338569497646,49.54083059361322],[16.8483453658604,49.54083059361322]]]}},{"type":"Feature","properties":{"jobs":0,"pop":11,"pointCount":1,"homeWorkCommuteMedian":10430,"workHomeCommuteMedian":-1},"geometry":{"type":"Polygon","coordinates":[[[16.8483453658604,49.54982379725047],[16.8483453658604,49.558817000887714],[16.857338569497646,49.558817000887714],[16.857338569497646,49.54982379725047],[16.8483453658604,49.54982379725047]]]}},{"type":"Feature","properties":{"jobs":0,"pop":28,"pointCount":2,"homeWorkCommuteMedian":26174,"workHomeCommuteMedian":-1},"geometry":{"type":"Polygon","coordinates":[[[16.8483453658604,49.603783019073944],[16.8483453658604,49.61277622271119],[16.857338569497646,49.61277622271119],[16.857338569497646,49.603783019073944],[16.8483453658604,49.603783019073944]]]}},{"type":"Feature","properties":{"jobs":0,"pop":22,"pointCount":1,"homeWorkCommuteMedian":43626,"workHomeCommuteMedian":-1},"geometry":{"type":"Polygon","coordinates":[[[16.8483453658604,49.61277622271119],[16.8483453658604,49.621769426348436],[16.857338569497646,49.621769426348436],[16.857338569497646,49.61277622271119],[16.8483453658604,49.61277622271119]]]}},{"type":"Feature","properties":{"jobs":0,"pop":22,"pointCount":2,"homeWorkCommuteMedian":32482,"workHomeCommuteMedian":-1},"geometry":{"type":"Polygon","coordinates":[[[16.8483453658604,49.63975583362293],[16.8483453658604,49.648749037260174],[16.857338569497646,49.648749037260174],[16.857338569497646,49.63975583362293],[16.8483453658604,49.63975583362293]]]}},{"type":"Feature","properties":{"jobs":0,"pop":8,"pointCount":1,"homeWorkCommuteMedian":8123,"workHomeCommuteMedian":-1},"geometry":{"type":"Polygon","coordinates":[[[16.8483453658604,49.738681073632634],[16.8483453658604,49.74767427726988],[16.857338569497646,49.74767427726988],[16.857338569497646,49.738681073632634],[16.8483453658604,49.738681073632634]]]}},{"type":"Feature","properties":{"jobs":21,"pop":309,"pointCount":10,"homeWorkCommuteMedian":10835,"workHomeCommuteMedian":8546},"geometry":{"type":"Polygon","coordinates":[[[16.8483453658604,49.79264029545611],[16.8483453658604,49.801633499093356],[16.857338569497646,49.801633499093356],[16.857338569497646,49.79264029545611],[16.8483453658604,49.79264029545611]]]}},{"type":"Feature","properties":{"jobs":15,"pop":0,"pointCount":1,"homeWorkCommuteMedian":-1,"workHomeCommuteMedian":3141},"geometry":{"type":"Polygon","coordinates":[[[16.857338569497646,49.43291214996627],[16.857338569497646,49.44190535360352],[16.866331773134892,49.44190535360352],[16.866331773134892,49.43291214996627],[16.857338569497646,49.43291214996627]]]}},{"type":"Feature","properties":{"jobs":0,"pop":87,"pointCount":3,"homeWorkCommuteMedian":25603,"workHomeCommuteMedian":-1},"geometry":{"type":"Polygon","coordinates":[[[16.857338569497646,49.513850982701484],[16.857338569497646,49.52284418633873],[16.866331773134892,49.52284418633873],[16.866331773134892,49.513850982701484],[16.857338569497646,49.513850982701484]]]}},{"type":"Feature","properties":{"jobs":34,"pop":87,"pointCount":6,"homeWorkCommuteMedian":23263,"workHomeCommuteMedian":1280},"geometry":{"type":"Polygon","coordinates":[[[16.857338569497646,49.52284418633873],[16.857338569497646,49.531837389975976],[16.866331773134892,49.531837389975976],[16.866331773134892,49.52284418633873],[16.857338569497646,49.52284418633873]]]}},{"type":"Feature","properties":{"jobs":0,"pop":26,"pointCount":2,"homeWorkCommuteMedian":8576,"workHomeCommuteMedian":-1},"geometry":{"type":"Polygon","coordinates":[[[16.857338569497646,49.54083059361322],[16.857338569497646,49.54982379725047],[16.866331773134892,49.54982379725047],[16.866331773134892,49.54083059361322],[16.857338569497646,49.54083059361322]]]}},{"type":"Feature","properties":{"jobs":0,"pop":25,"pointCount":1,"homeWorkCommuteMedian":6286,"workHomeCommuteMedian":-1},"geometry":{"type":"Polygon","coordinates":[[[16.857338569497646,49.54982379725047],[16.857338569497646,49.558817000887714],[16.866331773134892,49.558817000887714],[16.866331773134892,49.54982379725047],[16.857338569497646,49.54982379725047]]]}},{"type":"Feature","properties":{"jobs":47,"pop":115,"pointCount":5,"homeWorkCommuteMedian":28019,"workHomeCommuteMedian":1497},"geometry":{"type":"Polygon","coordinates":[[[16.857338569497646,49.603783019073944],[16.857338569497646,49.61277622271119],[16.866331773134892,49.61277622271119],[16.866331773134892,49.603783019073944],[16.857338569497646,49.603783019073944]]]}},{"type":"Feature","properties":{"jobs":0,"pop":13,"pointCount":1,"homeWorkCommuteMedian":11708,"workHomeCommuteMedian":-1},"geometry":{"type":"Polygon","coordinates":[[[16.857338569497646,49.65774224089742],[16.857338569497646,49.666735444534666],[16.866331773134892,49.666735444534666],[16.866331773134892,49.65774224089742],[16.857338569497646,49.65774224089742]]]}},{"type":"Feature","properties":{"jobs":0,"pop":17,"pointCount":1,"homeWorkCommuteMedian":34348,"workHomeCommuteMedian":-1},"geometry":{"type":"Polygon","coordinates":[[[16.857338569497646,49.666735444534666],[16.857338569497646,49.67572864817191],[16.866331773134892,49.67572864817191],[16.866331773134892,49.666735444534666],[16.857338569497646,49.666735444534666]]]}},{"type":"Feature","properties":{"jobs":0,"pop":12,"pointCount":1,"homeWorkCommuteMedian":67824,"workHomeCommuteMedian":-1},"geometry":{"type":"Polygon","coordinates":[[[16.857338569497646,49.68472185180916],[16.857338569497646,49.693715055446404],[16.866331773134892,49.693715055446404],[16.866331773134892,49.68472185180916],[16.857338569497646,49.68472185180916]]]}},{"type":"Feature","properties":{"jobs":11,"pop":42,"pointCount":3,"homeWorkCommuteMedian":8786,"workHomeCommuteMedian":4054},"geometry":{"type":"Polygon","coordinates":[[[16.857338569497646,49.70270825908365],[16.857338569497646,49.711701462720896],[16.866331773134892,49.711701462720896],[16.866331773134892,49.70270825908365],[16.857338569497646,49.70270825908365]]]}},{"type":"Feature","properties":{"jobs":4,"pop":12,"pointCount":1,"homeWorkCommuteMedian":6736,"workHomeCommuteMedian":98},"geometry":{"type":"Polygon","coordinates":[[[16.857338569497646,49.738681073632634],[16.857338569497646,49.74767427726988],[16.866331773134892,49.74767427726988],[16.866331773134892,49.738681073632634],[16.857338569497646,49.738681073632634]]]}},{"type":"Feature","properties":{"jobs":25,"pop":120,"pointCount":5,"homeWorkCommuteMedian":25294,"workHomeCommuteMedian":2785},"geometry":{"type":"Polygon","coordinates":[[[16.866331773134892,49.41492574269178],[16.866331773134892,49.423918946329024],[16.875324976772138,49.423918946329024],[16.875324976772138,49.41492574269178],[16.866331773134892,49.41492574269178]]]}},{"type":"Feature","properties":{"jobs":12,"pop":91,"pointCount":4,"homeWorkCommuteMedian":23661,"workHomeCommuteMedian":357},"geometry":{"type":"Polygon","coordinates":[[[16.866331773134892,49.486871371789746],[16.866331773134892,49.49586457542699],[16.875324976772138,49.49586457542699],[16.875324976772138,49.486871371789746],[16.866331773134892,49.486871371789746]]]}},{"type":"Feature","properties":{"jobs":1,"pop":0,"pointCount":1,"homeWorkCommuteMedian":-1,"workHomeCommuteMedian":1046},"geometry":{"type":"Polygon","coordinates":[[[16.866331773134892,49.513850982701484],[16.866331773134892,49.52284418633873],[16.875324976772138,49.52284418633873],[16.875324976772138,49.513850982701484],[16.866331773134892,49.513850982701484]]]}},{"type":"Feature","properties":{"jobs":21,"pop":106,"pointCount":4,"homeWorkCommuteMedian":17162,"workHomeCommuteMedian":1841},"geometry":{"type":"Polygon","coordinates":[[[16.866331773134892,49.531837389975976],[16.866331773134892,49.54083059361322],[16.875324976772138,49.54083059361322],[16.875324976772138,49.531837389975976],[16.866331773134892,49.531837389975976]]]}},{"type":"Feature","properties":{"jobs":0,"pop":11,"pointCount":1,"homeWorkCommuteMedian":36433,"workHomeCommuteMedian":-1},"geometry":{"type":"Polygon","coordinates":[[[16.866331773134892,49.54083059361322],[16.866331773134892,49.54982379725047],[16.875324976772138,49.54982379725047],[16.875324976772138,49.54083059361322],[16.866331773134892,49.54083059361322]]]}},{"type":"Feature","properties":{"jobs":0,"pop":14,"pointCount":1,"homeWorkCommuteMedian":28953,"workHomeCommuteMedian":-1},"geometry":{"type":"Polygon","coordinates":[[[16.866331773134892,49.56781020452496],[16.866331773134892,49.576803408162206],[16.875324976772138,49.576803408162206],[16.875324976772138,49.56781020452496],[16.866331773134892,49.56781020452496]]]}},{"type":"Feature","properties":{"jobs":11,"pop":27,"pointCount":2,"homeWorkCommuteMedian":37030,"workHomeCommuteMedian":2823},"geometry":{"type":"Polygon","coordinates":[[[16.866331773134892,49.63975583362293],[16.866331773134892,49.648749037260174],[16.875324976772138,49.648749037260174],[16.875324976772138,49.63975583362293],[16.866331773134892,49.63975583362293]]]}},{"type":"Feature","properties":{"jobs":10,"pop":0,"pointCount":1,"homeWorkCommuteMedian":-1,"workHomeCommuteMedian":537},"geometry":{"type":"Polygon","coordinates":[[[16.866331773134892,49.65774224089742],[16.866331773134892,49.666735444534666],[16.875324976772138,49.666735444534666],[16.875324976772138,49.65774224089742],[16.866331773134892,49.65774224089742]]]}},{"type":"Feature","properties":{"jobs":8,"pop":0,"pointCount":1,"homeWorkCommuteMedian":-1,"workHomeCommuteMedian":437},"geometry":{"type":"Polygon","coordinates":[[[16.866331773134892,49.70270825908365],[16.866331773134892,49.711701462720896],[16.875324976772138,49.711701462720896],[16.875324976772138,49.70270825908365],[16.866331773134892,49.70270825908365]]]}},{"type":"Feature","properties":{"jobs":0,"pop":20,"pointCount":1,"homeWorkCommuteMedian":39295,"workHomeCommuteMedian":-1},"geometry":{"type":"Polygon","coordinates":[[[16.866331773134892,49.711701462720896],[16.866331773134892,49.72069466635814],[16.875324976772138,49.72069466635814],[16.875324976772138,49.711701462720896],[16.866331773134892,49.711701462720896]]]}},{"type":"Feature","properties":{"jobs":0,"pop":12,"pointCount":1,"homeWorkCommuteMedian":219,"workHomeCommuteMedian":-1},"geometry":{"type":"Polygon","coordinates":[[[16.866331773134892,49.72069466635814],[16.866331773134892,49.72968786999539],[16.875324976772138,49.72968786999539],[16.875324976772138,49.72069466635814],[16.866331773134892,49.72069466635814]]]}},{"type":"Feature","properties":{"jobs":0,"pop":24,"pointCount":1,"homeWorkCommuteMedian":6217,"workHomeCommuteMedian":-1},"geometry":{"type":"Polygon","coordinates":[[[16.866331773134892,49.738681073632634],[16.866331773134892,49.74767427726988],[16.875324976772138,49.74767427726988],[16.875324976772138,49.738681073632634],[16.866331773134892,49.738681073632634]]]}},{"type":"Feature","properties":{"jobs":0,"pop":54,"pointCount":3,"homeWorkCommuteMedian":6413,"workHomeCommuteMedian":-1},"geometry":{"type":"Polygon","coordinates":[[[16.866331773134892,49.74767427726988],[16.866331773134892,49.756667480907126],[16.875324976772138,49.756667480907126],[16.875324976772138,49.74767427726988],[16.866331773134892,49.74767427726988]]]}},{"type":"Feature","properties":{"jobs":21,"pop":10,"pointCount":1,"homeWorkCommuteMedian":5934,"workHomeCommuteMedian":1579},"geometry":{"type":"Polygon","coordinates":[[[16.866331773134892,49.76566068454437],[16.866331773134892,49.77465388818162],[16.875324976772138,49.77465388818162],[16.875324976772138,49.76566068454437],[16.866331773134892,49.76566068454437]]]}},{"type":"Feature","properties":{"jobs":18,"pop":77,"pointCount":2,"homeWorkCommuteMedian":7131,"workHomeCommuteMedian":493},"geometry":{"type":"Polygon","coordinates":[[[16.866331773134892,49.801633499093356],[16.866331773134892,49.8106267027306],[16.875324976772138,49.8106267027306],[16.875324976772138,49.801633499093356],[16.866331773134892,49.801633499093356]]]}},{"type":"Feature","properties":{"jobs":0,"pop":14,"pointCount":1,"homeWorkCommuteMedian":83296,"workHomeCommuteMedian":-1},"geometry":{"type":"Polygon","coordinates":[[[16.875324976772138,49.45989176087801],[16.875324976772138,49.468884964515254],[16.884318180409384,49.468884964515254],[16.884318180409384,49.45989176087801],[16.875324976772138,49.45989176087801]]]}},{"type":"Feature","properties":{"jobs":22,"pop":71,"pointCount":4,"homeWorkCommuteMedian":20859,"workHomeCommuteMedian":219},"geometry":{"type":"Polygon","coordinates":[[[16.875324976772138,49.486871371789746],[16.875324976772138,49.49586457542699],[16.884318180409384,49.49586457542699],[16.884318180409384,49.486871371789746],[16.875324976772138,49.486871371789746]]]}},{"type":"Feature","properties":{"jobs":4,"pop":50,"pointCount":3,"homeWorkCommuteMedian":21221,"workHomeCommuteMedian":189},"geometry":{"type":"Polygon","coordinates":[[[16.875324976772138,49.513850982701484],[16.875324976772138,49.52284418633873],[16.884318180409384,49.52284418633873],[16.884318180409384,49.513850982701484],[16.875324976772138,49.513850982701484]]]}},{"type":"Feature","properties":{"jobs":10,"pop":77,"pointCount":5,"homeWorkCommuteMedian":7452,"workHomeCommuteMedian":138},"geometry":{"type":"Polygon","coordinates":[[[16.875324976772138,49.54083059361322],[16.875324976772138,49.54982379725047],[16.884318180409384,49.54982379725047],[16.884318180409384,49.54083059361322],[16.875324976772138,49.54083059361322]]]}},{"type":"Feature","properties":{"jobs":10,"pop":39,"pointCount":3,"homeWorkCommuteMedian":3094,"workHomeCommuteMedian":426},"geometry":{"type":"Polygon","coordinates":[[[16.875324976772138,49.56781020452496],[16.875324976772138,49.576803408162206],[16.884318180409384,49.576803408162206],[16.884318180409384,49.56781020452496],[16.875324976772138,49.56781020452496]]]}},{"type":"Feature","properties":{"jobs":26,"pop":164,"pointCount":7,"homeWorkCommuteMedian":39913,"workHomeCommuteMedian":2923},"geometry":{"type":"Polygon","coordinates":[[[16.875324976772138,49.58579661179945],[16.875324976772138,49.5947898154367],[16.884318180409384,49.5947898154367],[16.884318180409384,49.58579661179945],[16.875324976772138,49.58579661179945]]]}},{"type":"Feature","properties":{"jobs":34,"pop":102,"pointCount":5,"homeWorkCommuteMedian":24258,"workHomeCommuteMedian":1299},"geometry":{"type":"Polygon","coordinates":[[[16.875324976772138,49.5947898154367],[16.875324976772138,49.603783019073944],[16.884318180409384,49.603783019073944],[16.884318180409384,49.5947898154367],[16.875324976772138,49.5947898154367]]]}},{"type":"Feature","properties":{"jobs":0,"pop":41,"pointCount":3,"homeWorkCommuteMedian":27282,"workHomeCommuteMedian":-1},"geometry":{"type":"Polygon","coordinates":[[[16.875324976772138,49.603783019073944],[16.875324976772138,49.61277622271119],[16.884318180409384,49.61277622271119],[16.884318180409384,49.603783019073944],[16.875324976772138,49.603783019073944]]]}},{"type":"Feature","properties":{"jobs":12,"pop":11,"pointCount":2,"homeWorkCommuteMedian":2823,"workHomeCommuteMedian":378},"geometry":{"type":"Polygon","coordinates":[[[16.875324976772138,49.621769426348436],[16.875324976772138,49.63076262998568],[16.884318180409384,49.63076262998568],[16.884318180409384,49.621769426348436],[16.875324976772138,49.621769426348436]]]}},{"type":"Feature","properties":{"jobs":11,"pop":0,"pointCount":1,"homeWorkCommuteMedian":-1,"workHomeCommuteMedian":5915},"geometry":{"type":"Polygon","coordinates":[[[16.875324976772138,49.63076262998568],[16.875324976772138,49.63975583362293],[16.884318180409384,49.63975583362293],[16.884318180409384,49.63076262998568],[16.875324976772138,49.63076262998568]]]}},{"type":"Feature","properties":{"jobs":11,"pop":32,"pointCount":1,"homeWorkCommuteMedian":28717,"workHomeCommuteMedian":3288},"geometry":{"type":"Polygon","coordinates":[[[16.875324976772138,49.63975583362293],[16.875324976772138,49.648749037260174],[16.884318180409384,49.648749037260174],[16.884318180409384,49.63975583362293],[16.875324976772138,49.63975583362293]]]}},{"type":"Feature","properties":{"jobs":0,"pop":71,"pointCount":2,"homeWorkCommuteMedian":36115,"workHomeCommuteMedian":-1},"geometry":{"type":"Polygon","coordinates":[[[16.875324976772138,49.648749037260174],[16.875324976772138,49.65774224089742],[16.884318180409384,49.65774224089742],[16.884318180409384,49.648749037260174],[16.875324976772138,49.648749037260174]]]}},{"type":"Feature","properties":{"jobs":0,"pop":25,"pointCount":2,"homeWorkCommuteMedian":42034,"workHomeCommuteMedian":-1},"geometry":{"type":"Polygon","coordinates":[[[16.875324976772138,49.67572864817191],[16.875324976772138,49.68472185180916],[16.884318180409384,49.68472185180916],[16.884318180409384,49.67572864817191],[16.875324976772138,49.67572864817191]]]}},{"type":"Feature","properties":{"jobs":0,"pop":13,"pointCount":1,"homeWorkCommuteMedian":48512,"workHomeCommuteMedian":-1},"geometry":{"type":"Polygon","coordinates":[[[16.875324976772138,49.70270825908365],[16.875324976772138,49.711701462720896],[16.884318180409384,49.711701462720896],[16.884318180409384,49.70270825908365],[16.875324976772138,49.70270825908365]]]}},{"type":"Feature","properties":{"jobs":28,"pop":32,"pointCount":1,"homeWorkCommuteMedian":10041,"workHomeCommuteMedian":2791},"geometry":{"type":"Polygon","coordinates":[[[16.875324976772138,49.72069466635814],[16.875324976772138,49.72968786999539],[16.884318180409384,49.72968786999539],[16.884318180409384,49.72069466635814],[16.875324976772138,49.72069466635814]]]}},{"type":"Feature","properties":{"jobs":2,"pop":112,"pointCount":6,"homeWorkCommuteMedian":8001,"workHomeCommuteMedian":209},"geometry":{"type":"Polygon","coordinates":[[[16.875324976772138,49.738681073632634],[16.875324976772138,49.74767427726988],[16.884318180409384,49.74767427726988],[16.884318180409384,49.738681073632634],[16.875324976772138,49.738681073632634]]]}},{"type":"Feature","properties":{"jobs":0,"pop":81,"pointCount":4,"homeWorkCommuteMedian":5128,"workHomeCommuteMedian":-1},"geometry":{"type":"Polygon","coordinates":[[[16.875324976772138,49.74767427726988],[16.875324976772138,49.756667480907126],[16.884318180409384,49.756667480907126],[16.884318180409384,49.74767427726988],[16.875324976772138,49.74767427726988]]]}},{"type":"Feature","properties":{"jobs":0,"pop":67,"pointCount":3,"homeWorkCommuteMedian":5249,"workHomeCommuteMedian":-1},"geometry":{"type":"Polygon","coordinates":[[[16.875324976772138,49.76566068454437],[16.875324976772138,49.77465388818162],[16.884318180409384,49.77465388818162],[16.884318180409384,49.76566068454437],[16.875324976772138,49.76566068454437]]]}},{"type":"Feature","properties":{"jobs":0,"pop":16,"pointCount":1,"homeWorkCommuteMedian":22468,"workHomeCommuteMedian":-1},"geometry":{"type":"Polygon","coordinates":[[[16.884318180409384,49.43291214996627],[16.884318180409384,49.44190535360352],[16.89331138404663,49.44190535360352],[16.89331138404663,49.43291214996627],[16.884318180409384,49.43291214996627]]]}},{"type":"Feature","properties":{"jobs":3,"pop":61,"pointCount":3,"homeWorkCommuteMedian":22891,"workHomeCommuteMedian":333},"geometry":{"type":"Polygon","coordinates":[[[16.884318180409384,49.45089855724076],[16.884318180409384,49.45989176087801],[16.89331138404663,49.45989176087801],[16.89331138404663,49.45089855724076],[16.884318180409384,49.45089855724076]]]}},{"type":"Feature","properties":{"jobs":0,"pop":61,"pointCount":3,"homeWorkCommuteMedian":23256,"workHomeCommuteMedian":-1},"geometry":{"type":"Polygon","coordinates":[[[16.884318180409384,49.54083059361322],[16.884318180409384,49.54982379725047],[16.89331138404663,49.54982379725047],[16.89331138404663,49.54083059361322],[16.884318180409384,49.54083059361322]]]}},{"type":"Feature","properties":{"jobs":998,"pop":467,"pointCount":26,"homeWorkCommuteMedian":22354,"workHomeCommuteMedian":7735},"geometry":{"type":"Polygon","coordinates":[[[16.884318180409384,49.58579661179945],[16.884318180409384,49.5947898154367],[16.89331138404663,49.5947898154367],[16.89331138404663,49.58579661179945],[16.884318180409384,49.58579661179945]]]}},{"type":"Feature","properties":{"jobs":10,"pop":42,"pointCount":1,"homeWorkCommuteMedian":26020,"workHomeCommuteMedian":26475},"geometry":{"type":"Polygon","coordinates":[[[16.884318180409384,49.5947898154367],[16.884318180409384,49.603783019073944],[16.89331138404663,49.603783019073944],[16.89331138404663,49.5947898154367],[16.884318180409384,49.5947898154367]]]}},{"type":"Feature","properties":{"jobs":9,"pop":20,"pointCount":2,"homeWorkCommuteMedian":37419,"workHomeCommuteMedian":371},"geometry":{"type":"Polygon","coordinates":[[[16.884318180409384,49.603783019073944],[16.884318180409384,49.61277622271119],[16.89331138404663,49.61277622271119],[16.89331138404663,49.603783019073944],[16.884318180409384,49.603783019073944]]]}},{"type":"Feature","properties":{"jobs":0,"pop":50,"pointCount":2,"homeWorkCommuteMedian":27844,"workHomeCommuteMedian":-1},"geometry":{"type":"Polygon","coordinates":[[[16.884318180409384,49.621769426348436],[16.884318180409384,49.63076262998568],[16.89331138404663,49.63076262998568],[16.89331138404663,49.621769426348436],[16.884318180409384,49.621769426348436]]]}},{"type":"Feature","properties":{"jobs":0,"pop":19,"pointCount":1,"homeWorkCommuteMedian":36705,"workHomeCommuteMedian":-1},"geometry":{"type":"Polygon","coordinates":[[[16.884318180409384,49.648749037260174],[16.884318180409384,49.65774224089742],[16.89331138404663,49.65774224089742],[16.89331138404663,49.648749037260174],[16.884318180409384,49.648749037260174]]]}},{"type":"Feature","properties":{"jobs":0,"pop":82,"pointCount":2,"homeWorkCommuteMedian":33296,"workHomeCommuteMedian":-1},"geometry":{"type":"Polygon","coordinates":[[[16.884318180409384,49.693715055446404],[16.884318180409384,49.70270825908365],[16.89331138404663,49.70270825908365],[16.89331138404663,49.693715055446404],[16.884318180409384,49.693715055446404]]]}},{"type":"Feature","properties":{"jobs":319,"pop":76,"pointCount":4,"homeWorkCommuteMedian":34172,"workHomeCommuteMedian":13597},"geometry":{"type":"Polygon","coordinates":[[[16.884318180409384,49.70270825908365],[16.884318180409384,49.711701462720896],[16.89331138404663,49.711701462720896],[16.89331138404663,49.70270825908365],[16.884318180409384,49.70270825908365]]]}},{"type":"Feature","properties":{"jobs":0,"pop":31,"pointCount":1,"homeWorkCommuteMedian":8989,"workHomeCommuteMedian":-1},"geometry":{"type":"Polygon","coordinates":[[[16.884318180409384,49.72968786999539],[16.884318180409384,49.738681073632634],[16.89331138404663,49.738681073632634],[16.89331138404663,49.72968786999539],[16.884318180409384,49.72968786999539]]]}},{"type":"Feature","properties":{"jobs":0,"pop":12,"pointCount":1,"homeWorkCommuteMedian":8552,"workHomeCommuteMedian":-1},"geometry":{"type":"Polygon","coordinates":[[[16.884318180409384,49.738681073632634],[16.884318180409384,49.74767427726988],[16.89331138404663,49.74767427726988],[16.89331138404663,49.738681073632634],[16.884318180409384,49.738681073632634]]]}},{"type":"Feature","properties":{"jobs":11,"pop":153,"pointCount":7,"homeWorkCommuteMedian":4834,"workHomeCommuteMedian":581},"geometry":{"type":"Polygon","coordinates":[[[16.884318180409384,49.77465388818162],[16.884318180409384,49.783647091818864],[16.89331138404663,49.783647091818864],[16.89331138404663,49.77465388818162],[16.884318180409384,49.77465388818162]]]}},{"type":"Feature","properties":{"jobs":16,"pop":115,"pointCount":4,"homeWorkCommuteMedian":7283,"workHomeCommuteMedian":545},"geometry":{"type":"Polygon","coordinates":[[[16.884318180409384,49.783647091818864],[16.884318180409384,49.79264029545611],[16.89331138404663,49.79264029545611],[16.89331138404663,49.783647091818864],[16.884318180409384,49.783647091818864]]]}},{"type":"Feature","properties":{"jobs":24,"pop":134,"pointCount":8,"homeWorkCommuteMedian":23357,"workHomeCommuteMedian":286},"geometry":{"type":"Polygon","coordinates":[[[16.89331138404663,49.423918946329024],[16.89331138404663,49.43291214996627],[16.902304587683876,49.43291214996627],[16.902304587683876,49.423918946329024],[16.89331138404663,49.423918946329024]]]}},{"type":"Feature","properties":{"jobs":40,"pop":93,"pointCount":4,"homeWorkCommuteMedian":2785,"workHomeCommuteMedian":165},"geometry":{"type":"Polygon","coordinates":[[[16.89331138404663,49.43291214996627],[16.89331138404663,49.44190535360352],[16.902304587683876,49.44190535360352],[16.902304587683876,49.43291214996627],[16.89331138404663,49.43291214996627]]]}},{"type":"Feature","properties":{"jobs":0,"pop":7,"pointCount":1,"homeWorkCommuteMedian":38413,"workHomeCommuteMedian":-1},"geometry":{"type":"Polygon","coordinates":[[[16.89331138404663,49.49586457542699],[16.89331138404663,49.50485777906424],[16.902304587683876,49.50485777906424],[16.902304587683876,49.49586457542699],[16.89331138404663,49.49586457542699]]]}},{"type":"Feature","properties":{"jobs":30,"pop":87,"pointCount":6,"homeWorkCommuteMedian":12909,"workHomeCommuteMedian":426},"geometry":{"type":"Polygon","coordinates":[[[16.89331138404663,49.54083059361322],[16.89331138404663,49.54982379725047],[16.902304587683876,49.54982379725047],[16.902304587683876,49.54083059361322],[16.89331138404663,49.54083059361322]]]}},{"type":"Feature","properties":{"jobs":0,"pop":10,"pointCount":1,"homeWorkCommuteMedian":153,"workHomeCommuteMedian":-1},"geometry":{"type":"Polygon","coordinates":[[[16.89331138404663,49.56781020452496],[16.89331138404663,49.576803408162206],[16.902304587683876,49.576803408162206],[16.902304587683876,49.56781020452496],[16.89331138404663,49.56781020452496]]]}},{"type":"Feature","properties":{"jobs":13,"pop":0,"pointCount":1,"homeWorkCommuteMedian":-1,"workHomeCommuteMedian":787},"geometry":{"type":"Polygon","coordinates":[[[16.89331138404663,49.576803408162206],[16.89331138404663,49.58579661179945],[16.902304587683876,49.58579661179945],[16.902304587683876,49.576803408162206],[16.89331138404663,49.576803408162206]]]}},{"type":"Feature","properties":{"jobs":0,"pop":170,"pointCount":7,"homeWorkCommuteMedian":22930,"workHomeCommuteMedian":-1},"geometry":{"type":"Polygon","coordinates":[[[16.89331138404663,49.58579661179945],[16.89331138404663,49.5947898154367],[16.902304587683876,49.5947898154367],[16.902304587683876,49.58579661179945],[16.89331138404663,49.58579661179945]]]}},{"type":"Feature","properties":{"jobs":0,"pop":11,"pointCount":1,"homeWorkCommuteMedian":25796,"workHomeCommuteMedian":-1},"geometry":{"type":"Polygon","coordinates":[[[16.89331138404663,49.5947898154367],[16.89331138404663,49.603783019073944],[16.902304587683876,49.603783019073944],[16.902304587683876,49.5947898154367],[16.89331138404663,49.5947898154367]]]}},{"type":"Feature","properties":{"jobs":0,"pop":73,"pointCount":2,"homeWorkCommuteMedian":27957,"workHomeCommuteMedian":-1},"geometry":{"type":"Polygon","coordinates":[[[16.89331138404663,49.603783019073944],[16.89331138404663,49.61277622271119],[16.902304587683876,49.61277622271119],[16.902304587683876,49.603783019073944],[16.89331138404663,49.603783019073944]]]}},{"type":"Feature","properties":{"jobs":42,"pop":128,"pointCount":7,"homeWorkCommuteMedian":16951,"workHomeCommuteMedian":3948},"geometry":{"type":"Polygon","coordinates":[[[16.89331138404663,49.693715055446404],[16.89331138404663,49.70270825908365],[16.902304587683876,49.70270825908365],[16.902304587683876,49.693715055446404],[16.89331138404663,49.693715055446404]]]}},{"type":"Feature","properties":{"jobs":0,"pop":31,"pointCount":2,"homeWorkCommuteMedian":7858,"workHomeCommuteMedian":-1},"geometry":{"type":"Polygon","coordinates":[[[16.89331138404663,49.70270825908365],[16.89331138404663,49.711701462720896],[16.902304587683876,49.711701462720896],[16.902304587683876,49.70270825908365],[16.89331138404663,49.70270825908365]]]}},{"type":"Feature","properties":{"jobs":10,"pop":46,"pointCount":2,"homeWorkCommuteMedian":9410,"workHomeCommuteMedian":108},"geometry":{"type":"Polygon","coordinates":[[[16.89331138404663,49.711701462720896],[16.89331138404663,49.72069466635814],[16.902304587683876,49.72069466635814],[16.902304587683876,49.711701462720896],[16.89331138404663,49.711701462720896]]]}},{"type":"Feature","properties":{"jobs":10,"pop":0,"pointCount":1,"homeWorkCommuteMedian":-1,"workHomeCommuteMedian":2680},"geometry":{"type":"Polygon","coordinates":[[[16.89331138404663,49.72968786999539],[16.89331138404663,49.738681073632634],[16.902304587683876,49.738681073632634],[16.902304587683876,49.72968786999539],[16.89331138404663,49.72968786999539]]]}},{"type":"Feature","properties":{"jobs":0,"pop":17,"pointCount":1,"homeWorkCommuteMedian":4990,"workHomeCommuteMedian":-1},"geometry":{"type":"Polygon","coordinates":[[[16.89331138404663,49.756667480907126],[16.89331138404663,49.76566068454437],[16.902304587683876,49.76566068454437],[16.902304587683876,49.756667480907126],[16.89331138404663,49.756667480907126]]]}},{"type":"Feature","properties":{"jobs":0,"pop":52,"pointCount":2,"homeWorkCommuteMedian":34792,"workHomeCommuteMedian":-1},"geometry":{"type":"Polygon","coordinates":[[[16.89331138404663,49.77465388818162],[16.89331138404663,49.783647091818864],[16.902304587683876,49.783647091818864],[16.902304587683876,49.77465388818162],[16.89331138404663,49.77465388818162]]]}},{"type":"Feature","properties":{"jobs":12,"pop":67,"pointCount":4,"homeWorkCommuteMedian":7283,"workHomeCommuteMedian":4226},"geometry":{"type":"Polygon","coordinates":[[[16.89331138404663,49.801633499093356],[16.89331138404663,49.8106267027306],[16.902304587683876,49.8106267027306],[16.902304587683876,49.801633499093356],[16.89331138404663,49.801633499093356]]]}},{"type":"Feature","properties":{"jobs":0,"pop":51,"pointCount":2,"homeWorkCommuteMedian":21867,"workHomeCommuteMedian":-1},"geometry":{"type":"Polygon","coordinates":[[[16.902304587683876,49.558817000887714],[16.902304587683876,49.56781020452496],[16.91129779132112,49.56781020452496],[16.91129779132112,49.558817000887714],[16.902304587683876,49.558817000887714]]]}},{"type":"Feature","properties":{"jobs":10,"pop":41,"pointCount":3,"homeWorkCommuteMedian":25036,"workHomeCommuteMedian":153},"geometry":{"type":"Polygon","coordinates":[[[16.902304587683876,49.56781020452496],[16.902304587683876,49.576803408162206],[16.91129779132112,49.576803408162206],[16.91129779132112,49.56781020452496],[16.902304587683876,49.56781020452496]]]}},{"type":"Feature","properties":{"jobs":43,"pop":18,"pointCount":2,"homeWorkCommuteMedian":22103,"workHomeCommuteMedian":965},"geometry":{"type":"Polygon","coordinates":[[[16.902304587683876,49.58579661179945],[16.902304587683876,49.5947898154367],[16.91129779132112,49.5947898154367],[16.91129779132112,49.58579661179945],[16.902304587683876,49.58579661179945]]]}},{"type":"Feature","properties":{"jobs":0,"pop":105,"pointCount":5,"homeWorkCommuteMedian":26180,"workHomeCommuteMedian":-1},"geometry":{"type":"Polygon","coordinates":[[[16.902304587683876,49.63076262998568],[16.902304587683876,49.63975583362293],[16.91129779132112,49.63975583362293],[16.91129779132112,49.63076262998568],[16.902304587683876,49.63076262998568]]]}},{"type":"Feature","properties":{"jobs":9,"pop":39,"pointCount":2,"homeWorkCommuteMedian":24902,"workHomeCommuteMedian":181},"geometry":{"type":"Polygon","coordinates":[[[16.902304587683876,49.648749037260174],[16.902304587683876,49.65774224089742],[16.91129779132112,49.65774224089742],[16.91129779132112,49.648749037260174],[16.902304587683876,49.648749037260174]]]}},{"type":"Feature","properties":{"jobs":0,"pop":59,"pointCount":2,"homeWorkCommuteMedian":6962,"workHomeCommuteMedian":-1},"geometry":{"type":"Polygon","coordinates":[[[16.902304587683876,49.72968786999539],[16.902304587683876,49.738681073632634],[16.91129779132112,49.738681073632634],[16.91129779132112,49.72968786999539],[16.902304587683876,49.72968786999539]]]}},{"type":"Feature","properties":{"jobs":10,"pop":67,"pointCount":4,"homeWorkCommuteMedian":5967,"workHomeCommuteMedian":399},"geometry":{"type":"Polygon","coordinates":[[[16.902304587683876,49.738681073632634],[16.902304587683876,49.74767427726988],[16.91129779132112,49.74767427726988],[16.91129779132112,49.738681073632634],[16.902304587683876,49.738681073632634]]]}},{"type":"Feature","properties":{"jobs":28,"pop":84,"pointCount":6,"homeWorkCommuteMedian":4745,"workHomeCommuteMedian":4294},"geometry":{"type":"Polygon","coordinates":[[[16.902304587683876,49.756667480907126],[16.902304587683876,49.76566068454437],[16.91129779132112,49.76566068454437],[16.91129779132112,49.756667480907126],[16.902304587683876,49.756667480907126]]]}},{"type":"Feature","properties":{"jobs":90,"pop":162,"pointCount":7,"homeWorkCommuteMedian":3870,"workHomeCommuteMedian":3288},"geometry":{"type":"Polygon","coordinates":[[[16.902304587683876,49.77465388818162],[16.902304587683876,49.783647091818864],[16.91129779132112,49.783647091818864],[16.91129779132112,49.77465388818162],[16.902304587683876,49.77465388818162]]]}},{"type":"Feature","properties":{"jobs":0,"pop":4,"pointCount":1,"homeWorkCommuteMedian":30176,"workHomeCommuteMedian":-1},"geometry":{"type":"Polygon","coordinates":[[[16.91129779132112,49.54982379725047],[16.91129779132112,49.558817000887714],[16.920290994958368,49.558817000887714],[16.920290994958368,49.54982379725047],[16.91129779132112,49.54982379725047]]]}},{"type":"Feature","properties":{"jobs":10,"pop":24,"pointCount":1,"homeWorkCommuteMedian":3748,"workHomeCommuteMedian":139},"geometry":{"type":"Polygon","coordinates":[[[16.91129779132112,49.558817000887714],[16.91129779132112,49.56781020452496],[16.920290994958368,49.56781020452496],[16.920290994958368,49.558817000887714],[16.91129779132112,49.558817000887714]]]}},{"type":"Feature","properties":{"jobs":0,"pop":19,"pointCount":1,"homeWorkCommuteMedian":28721,"workHomeCommuteMedian":-1},"geometry":{"type":"Polygon","coordinates":[[[16.91129779132112,49.576803408162206],[16.91129779132112,49.58579661179945],[16.920290994958368,49.58579661179945],[16.920290994958368,49.576803408162206],[16.91129779132112,49.576803408162206]]]}},{"type":"Feature","properties":{"jobs":0,"pop":83,"pointCount":3,"homeWorkCommuteMedian":23977,"workHomeCommuteMedian":-1},"geometry":{"type":"Polygon","coordinates":[[[16.91129779132112,49.5947898154367],[16.91129779132112,49.603783019073944],[16.920290994958368,49.603783019073944],[16.920290994958368,49.5947898154367],[16.91129779132112,49.5947898154367]]]}},{"type":"Feature","properties":{"jobs":0,"pop":72,"pointCount":3,"homeWorkCommuteMedian":33837,"workHomeCommuteMedian":-1},"geometry":{"type":"Polygon","coordinates":[[[16.91129779132112,49.61277622271119],[16.91129779132112,49.621769426348436],[16.920290994958368,49.621769426348436],[16.920290994958368,49.61277622271119],[16.91129779132112,49.61277622271119]]]}},{"type":"Feature","properties":{"jobs":26,"pop":75,"pointCount":5,"homeWorkCommuteMedian":27349,"workHomeCommuteMedian":3222},"geometry":{"type":"Polygon","coordinates":[[[16.91129779132112,49.63076262998568],[16.91129779132112,49.63975583362293],[16.920290994958368,49.63975583362293],[16.920290994958368,49.63076262998568],[16.91129779132112,49.63076262998568]]]}},{"type":"Feature","properties":{"jobs":0,"pop":13,"pointCount":1,"homeWorkCommuteMedian":6466,"workHomeCommuteMedian":-1},"geometry":{"type":"Polygon","coordinates":[[[16.91129779132112,49.648749037260174],[16.91129779132112,49.65774224089742],[16.920290994958368,49.65774224089742],[16.920290994958368,49.648749037260174],[16.91129779132112,49.648749037260174]]]}},{"type":"Feature","properties":{"jobs":0,"pop":10,"pointCount":1,"homeWorkCommuteMedian":1323,"workHomeCommuteMedian":-1},"geometry":{"type":"Polygon","coordinates":[[[16.91129779132112,49.65774224089742],[16.91129779132112,49.666735444534666],[16.920290994958368,49.666735444534666],[16.920290994958368,49.65774224089742],[16.91129779132112,49.65774224089742]]]}},{"type":"Feature","properties":{"jobs":109,"pop":0,"pointCount":3,"homeWorkCommuteMedian":-1,"workHomeCommuteMedian":33031},"geometry":{"type":"Polygon","coordinates":[[[16.91129779132112,49.666735444534666],[16.91129779132112,49.67572864817191],[16.920290994958368,49.67572864817191],[16.920290994958368,49.666735444534666],[16.91129779132112,49.666735444534666]]]}},{"type":"Feature","properties":{"jobs":0,"pop":30,"pointCount":1,"homeWorkCommuteMedian":10535,"workHomeCommuteMedian":-1},"geometry":{"type":"Polygon","coordinates":[[[16.91129779132112,49.70270825908365],[16.91129779132112,49.711701462720896],[16.920290994958368,49.711701462720896],[16.920290994958368,49.70270825908365],[16.91129779132112,49.70270825908365]]]}},{"type":"Feature","properties":{"jobs":0,"pop":16,"pointCount":1,"homeWorkCommuteMedian":8173,"workHomeCommuteMedian":-1},"geometry":{"type":"Polygon","coordinates":[[[16.91129779132112,49.72968786999539],[16.91129779132112,49.738681073632634],[16.920290994958368,49.738681073632634],[16.920290994958368,49.72968786999539],[16.91129779132112,49.72968786999539]]]}},{"type":"Feature","properties":{"jobs":0,"pop":23,"pointCount":1,"homeWorkCommuteMedian":6462,"workHomeCommuteMedian":-1},"geometry":{"type":"Polygon","coordinates":[[[16.91129779132112,49.738681073632634],[16.91129779132112,49.74767427726988],[16.920290994958368,49.74767427726988],[16.920290994958368,49.738681073632634],[16.91129779132112,49.738681073632634]]]}},{"type":"Feature","properties":{"jobs":0,"pop":80,"pointCount":3,"homeWorkCommuteMedian":2933,"workHomeCommuteMedian":-1},"geometry":{"type":"Polygon","coordinates":[[[16.91129779132112,49.756667480907126],[16.91129779132112,49.76566068454437],[16.920290994958368,49.76566068454437],[16.920290994958368,49.756667480907126],[16.91129779132112,49.756667480907126]]]}},{"type":"Feature","properties":{"jobs":286,"pop":137,"pointCount":4,"homeWorkCommuteMedian":18471,"workHomeCommuteMedian":4755},"geometry":{"type":"Polygon","coordinates":[[[16.91129779132112,49.76566068454437],[16.91129779132112,49.77465388818162],[16.920290994958368,49.77465388818162],[16.920290994958368,49.76566068454437],[16.91129779132112,49.76566068454437]]]}},{"type":"Feature","properties":{"jobs":623,"pop":1357,"pointCount":10,"homeWorkCommuteMedian":4805,"workHomeCommuteMedian":4211},"geometry":{"type":"Polygon","coordinates":[[[16.91129779132112,49.77465388818162],[16.91129779132112,49.783647091818864],[16.920290994958368,49.783647091818864],[16.920290994958368,49.77465388818162],[16.91129779132112,49.77465388818162]]]}},{"type":"Feature","properties":{"jobs":11,"pop":106,"pointCount":6,"homeWorkCommuteMedian":3441,"workHomeCommuteMedian":3149},"geometry":{"type":"Polygon","coordinates":[[[16.91129779132112,49.79264029545611],[16.91129779132112,49.801633499093356],[16.920290994958368,49.801633499093356],[16.920290994958368,49.79264029545611],[16.91129779132112,49.79264029545611]]]}},{"type":"Feature","properties":{"jobs":12,"pop":16,"pointCount":2,"homeWorkCommuteMedian":18137,"workHomeCommuteMedian":771},"geometry":{"type":"Polygon","coordinates":[[[16.920290994958368,49.54083059361322],[16.920290994958368,49.54982379725047],[16.929284198595614,49.54982379725047],[16.929284198595614,49.54083059361322],[16.920290994958368,49.54083059361322]]]}},{"type":"Feature","properties":{"jobs":0,"pop":45,"pointCount":2,"homeWorkCommuteMedian":21300,"workHomeCommuteMedian":-1},"geometry":{"type":"Polygon","coordinates":[[[16.920290994958368,49.54982379725047],[16.920290994958368,49.558817000887714],[16.929284198595614,49.558817000887714],[16.929284198595614,49.54982379725047],[16.920290994958368,49.54982379725047]]]}},{"type":"Feature","properties":{"jobs":16,"pop":60,"pointCount":3,"homeWorkCommuteMedian":18458,"workHomeCommuteMedian":3012},"geometry":{"type":"Polygon","coordinates":[[[16.920290994958368,49.56781020452496],[16.920290994958368,49.576803408162206],[16.929284198595614,49.576803408162206],[16.929284198595614,49.56781020452496],[16.920290994958368,49.56781020452496]]]}},{"type":"Feature","properties":{"jobs":17,"pop":11,"pointCount":2,"homeWorkCommuteMedian":27370,"workHomeCommuteMedian":614},"geometry":{"type":"Polygon","coordinates":[[[16.920290994958368,49.576803408162206],[16.920290994958368,49.58579661179945],[16.929284198595614,49.58579661179945],[16.929284198595614,49.576803408162206],[16.920290994958368,49.576803408162206]]]}},{"type":"Feature","properties":{"jobs":14,"pop":104,"pointCount":5,"homeWorkCommuteMedian":22717,"workHomeCommuteMedian":7787},"geometry":{"type":"Polygon","coordinates":[[[16.920290994958368,49.58579661179945],[16.920290994958368,49.5947898154367],[16.929284198595614,49.5947898154367],[16.929284198595614,49.58579661179945],[16.920290994958368,49.58579661179945]]]}},{"type":"Feature","properties":{"jobs":11,"pop":0,"pointCount":1,"homeWorkCommuteMedian":-1,"workHomeCommuteMedian":466},"geometry":{"type":"Polygon","coordinates":[[[16.920290994958368,49.5947898154367],[16.920290994958368,49.603783019073944],[16.929284198595614,49.603783019073944],[16.929284198595614,49.5947898154367],[16.920290994958368,49.5947898154367]]]}},{"type":"Feature","properties":{"jobs":0,"pop":20,"pointCount":1,"homeWorkCommuteMedian":31044,"workHomeCommuteMedian":-1},"geometry":{"type":"Polygon","coordinates":[[[16.920290994958368,49.666735444534666],[16.920290994958368,49.67572864817191],[16.929284198595614,49.67572864817191],[16.929284198595614,49.666735444534666],[16.920290994958368,49.666735444534666]]]}},{"type":"Feature","properties":{"jobs":16,"pop":0,"pointCount":1,"homeWorkCommuteMedian":-1,"workHomeCommuteMedian":6105},"geometry":{"type":"Polygon","coordinates":[[[16.920290994958368,49.67572864817191],[16.920290994958368,49.68472185180916],[16.929284198595614,49.68472185180916],[16.929284198595614,49.67572864817191],[16.920290994958368,49.67572864817191]]]}},{"type":"Feature","properties":{"jobs":0,"pop":30,"pointCount":1,"homeWorkCommuteMedian":24346,"workHomeCommuteMedian":-1},"geometry":{"type":"Polygon","coordinates":[[[16.920290994958368,49.68472185180916],[16.920290994958368,49.693715055446404],[16.929284198595614,49.693715055446404],[16.929284198595614,49.68472185180916],[16.920290994958368,49.68472185180916]]]}},{"type":"Feature","properties":{"jobs":15,"pop":62,"pointCount":4,"homeWorkCommuteMedian":15008,"workHomeCommuteMedian":447},"geometry":{"type":"Polygon","coordinates":[[[16.920290994958368,49.70270825908365],[16.920290994958368,49.711701462720896],[16.929284198595614,49.711701462720896],[16.929284198595614,49.70270825908365],[16.920290994958368,49.70270825908365]]]}},{"type":"Feature","properties":{"jobs":646,"pop":555,"pointCount":26,"homeWorkCommuteMedian":4848,"workHomeCommuteMedian":10902},"geometry":{"type":"Polygon","coordinates":[[[16.920290994958368,49.738681073632634],[16.920290994958368,49.74767427726988],[16.929284198595614,49.74767427726988],[16.929284198595614,49.738681073632634],[16.920290994958368,49.738681073632634]]]}},{"type":"Feature","properties":{"jobs":40,"pop":665,"pointCount":5,"homeWorkCommuteMedian":4805,"workHomeCommuteMedian":1563},"geometry":{"type":"Polygon","coordinates":[[[16.920290994958368,49.76566068454437],[16.920290994958368,49.77465388818162],[16.929284198595614,49.77465388818162],[16.929284198595614,49.76566068454437],[16.920290994958368,49.76566068454437]]]}},{"type":"Feature","properties":{"jobs":402,"pop":1567,"pointCount":15,"homeWorkCommuteMedian":3162,"workHomeCommuteMedian":8001},"geometry":{"type":"Polygon","coordinates":[[[16.920290994958368,49.77465388818162],[16.920290994958368,49.783647091818864],[16.929284198595614,49.783647091818864],[16.929284198595614,49.77465388818162],[16.920290994958368,49.77465388818162]]]}},{"type":"Feature","properties":{"jobs":0,"pop":56,"pointCount":3,"homeWorkCommuteMedian":17029,"workHomeCommuteMedian":-1},"geometry":{"type":"Polygon","coordinates":[[[16.929284198595614,49.486871371789746],[16.929284198595614,49.49586457542699],[16.93827740223286,49.49586457542699],[16.93827740223286,49.486871371789746],[16.929284198595614,49.486871371789746]]]}},{"type":"Feature","properties":{"jobs":9,"pop":11,"pointCount":1,"homeWorkCommuteMedian":15517,"workHomeCommuteMedian":259},"geometry":{"type":"Polygon","coordinates":[[[16.929284198595614,49.49586457542699],[16.929284198595614,49.50485777906424],[16.93827740223286,49.50485777906424],[16.93827740223286,49.49586457542699],[16.929284198595614,49.49586457542699]]]}},{"type":"Feature","properties":{"jobs":0,"pop":12,"pointCount":1,"homeWorkCommuteMedian":771,"workHomeCommuteMedian":-1},"geometry":{"type":"Polygon","coordinates":[[[16.929284198595614,49.531837389975976],[16.929284198595614,49.54083059361322],[16.93827740223286,49.54083059361322],[16.93827740223286,49.531837389975976],[16.929284198595614,49.531837389975976]]]}},{"type":"Feature","properties":{"jobs":14,"pop":87,"pointCount":4,"homeWorkCommuteMedian":22013,"workHomeCommuteMedian":282},"geometry":{"type":"Polygon","coordinates":[[[16.929284198595614,49.54083059361322],[16.929284198595614,49.54982379725047],[16.93827740223286,49.54982379725047],[16.93827740223286,49.54083059361322],[16.929284198595614,49.54083059361322]]]}},{"type":"Feature","properties":{"jobs":0,"pop":66,"pointCount":1,"homeWorkCommuteMedian":18674,"workHomeCommuteMedian":-1},"geometry":{"type":"Polygon","coordinates":[[[16.929284198595614,49.56781020452496],[16.929284198595614,49.576803408162206],[16.93827740223286,49.576803408162206],[16.93827740223286,49.56781020452496],[16.929284198595614,49.56781020452496]]]}},{"type":"Feature","properties":{"jobs":0,"pop":22,"pointCount":1,"homeWorkCommuteMedian":20259,"workHomeCommuteMedian":-1},"geometry":{"type":"Polygon","coordinates":[[[16.929284198595614,49.576803408162206],[16.929284198595614,49.58579661179945],[16.93827740223286,49.58579661179945],[16.93827740223286,49.576803408162206],[16.929284198595614,49.576803408162206]]]}},{"type":"Feature","properties":{"jobs":0,"pop":41,"pointCount":2,"homeWorkCommuteMedian":5551,"workHomeCommuteMedian":-1},"geometry":{"type":"Polygon","coordinates":[[[16.929284198595614,49.603783019073944],[16.929284198595614,49.61277622271119],[16.93827740223286,49.61277622271119],[16.93827740223286,49.603783019073944],[16.929284198595614,49.603783019073944]]]}},{"type":"Feature","properties":{"jobs":0,"pop":44,"pointCount":2,"homeWorkCommuteMedian":35223,"workHomeCommuteMedian":-1},"geometry":{"type":"Polygon","coordinates":[[[16.929284198595614,49.621769426348436],[16.929284198595614,49.63076262998568],[16.93827740223286,49.63076262998568],[16.93827740223286,49.621769426348436],[16.929284198595614,49.621769426348436]]]}},{"type":"Feature","properties":{"jobs":0,"pop":12,"pointCount":1,"homeWorkCommuteMedian":34924,"workHomeCommuteMedian":-1},"geometry":{"type":"Polygon","coordinates":[[[16.929284198595614,49.666735444534666],[16.929284198595614,49.67572864817191],[16.93827740223286,49.67572864817191],[16.93827740223286,49.666735444534666],[16.929284198595614,49.666735444534666]]]}},{"type":"Feature","properties":{"jobs":0,"pop":36,"pointCount":2,"homeWorkCommuteMedian":21816,"workHomeCommuteMedian":-1},"geometry":{"type":"Polygon","coordinates":[[[16.929284198595614,49.67572864817191],[16.929284198595614,49.68472185180916],[16.93827740223286,49.68472185180916],[16.93827740223286,49.67572864817191],[16.929284198595614,49.67572864817191]]]}},{"type":"Feature","properties":{"jobs":29,"pop":30,"pointCount":2,"homeWorkCommuteMedian":2974,"workHomeCommuteMedian":3582},"geometry":{"type":"Polygon","coordinates":[[[16.929284198595614,49.68472185180916],[16.929284198595614,49.693715055446404],[16.93827740223286,49.693715055446404],[16.93827740223286,49.68472185180916],[16.929284198595614,49.68472185180916]]]}},{"type":"Feature","properties":{"jobs":1,"pop":70,"pointCount":3,"homeWorkCommuteMedian":9398,"workHomeCommuteMedian":25},"geometry":{"type":"Polygon","coordinates":[[[16.929284198595614,49.693715055446404],[16.929284198595614,49.70270825908365],[16.93827740223286,49.70270825908365],[16.93827740223286,49.693715055446404],[16.929284198595614,49.693715055446404]]]}},{"type":"Feature","properties":{"jobs":0,"pop":47,"pointCount":3,"homeWorkCommuteMedian":28283,"workHomeCommuteMedian":-1},"geometry":{"type":"Polygon","coordinates":[[[16.929284198595614,49.711701462720896],[16.929284198595614,49.72069466635814],[16.93827740223286,49.72069466635814],[16.93827740223286,49.711701462720896],[16.929284198595614,49.711701462720896]]]}},{"type":"Feature","properties":{"jobs":247,"pop":527,"pointCount":27,"homeWorkCommuteMedian":14042,"workHomeCommuteMedian":9281},"geometry":{"type":"Polygon","coordinates":[[[16.929284198595614,49.738681073632634],[16.929284198595614,49.74767427726988],[16.93827740223286,49.74767427726988],[16.93827740223286,49.738681073632634],[16.929284198595614,49.738681073632634]]]}},{"type":"Feature","properties":{"jobs":391,"pop":142,"pointCount":6,"homeWorkCommuteMedian":18714,"workHomeCommuteMedian":6549},"geometry":{"type":"Polygon","coordinates":[[[16.929284198595614,49.74767427726988],[16.929284198595614,49.756667480907126],[16.93827740223286,49.756667480907126],[16.93827740223286,49.74767427726988],[16.929284198595614,49.74767427726988]]]}},{"type":"Feature","properties":{"jobs":5139,"pop":14,"pointCount":5,"homeWorkCommuteMedian":33769,"workHomeCommuteMedian":26882},"geometry":{"type":"Polygon","coordinates":[[[16.929284198595614,49.76566068454437],[16.929284198595614,49.77465388818162],[16.93827740223286,49.77465388818162],[16.93827740223286,49.76566068454437],[16.929284198595614,49.76566068454437]]]}},{"type":"Feature","properties":{"jobs":2231,"pop":49,"pointCount":4,"homeWorkCommuteMedian":2113,"workHomeCommuteMedian":14137},"geometry":{"type":"Polygon","coordinates":[[[16.929284198595614,49.77465388818162],[16.929284198595614,49.783647091818864],[16.93827740223286,49.783647091818864],[16.93827740223286,49.77465388818162],[16.929284198595614,49.77465388818162]]]}},{"type":"Feature","properties":{"jobs":0,"pop":18,"pointCount":1,"homeWorkCommuteMedian":34691,"workHomeCommuteMedian":-1},"geometry":{"type":"Polygon","coordinates":[[[16.93827740223286,49.49586457542699],[16.93827740223286,49.50485777906424],[16.947270605870106,49.50485777906424],[16.947270605870106,49.49586457542699],[16.93827740223286,49.49586457542699]]]}},{"type":"Feature","properties":{"jobs":1,"pop":0,"pointCount":1,"homeWorkCommuteMedian":-1,"workHomeCommuteMedian":4027},"geometry":{"type":"Polygon","coordinates":[[[16.93827740223286,49.513850982701484],[16.93827740223286,49.52284418633873],[16.947270605870106,49.52284418633873],[16.947270605870106,49.513850982701484],[16.93827740223286,49.513850982701484]]]}},{"type":"Feature","properties":{"jobs":0,"pop":21,"pointCount":1,"homeWorkCommuteMedian":18024,"workHomeCommuteMedian":-1},"geometry":{"type":"Polygon","coordinates":[[[16.93827740223286,49.531837389975976],[16.93827740223286,49.54083059361322],[16.947270605870106,49.54083059361322],[16.947270605870106,49.531837389975976],[16.93827740223286,49.531837389975976]]]}},{"type":"Feature","properties":{"jobs":0,"pop":19,"pointCount":1,"homeWorkCommuteMedian":37787,"workHomeCommuteMedian":-1},"geometry":{"type":"Polygon","coordinates":[[[16.93827740223286,49.54083059361322],[16.93827740223286,49.54982379725047],[16.947270605870106,49.54982379725047],[16.947270605870106,49.54083059361322],[16.93827740223286,49.54083059361322]]]}},{"type":"Feature","properties":{"jobs":10,"pop":0,"pointCount":1,"homeWorkCommuteMedian":-1,"workHomeCommuteMedian":8481},"geometry":{"type":"Polygon","coordinates":[[[16.93827740223286,49.54982379725047],[16.93827740223286,49.558817000887714],[16.947270605870106,49.558817000887714],[16.947270605870106,49.54982379725047],[16.93827740223286,49.54982379725047]]]}},{"type":"Feature","properties":{"jobs":0,"pop":29,"pointCount":1,"homeWorkCommuteMedian":26226,"workHomeCommuteMedian":-1},"geometry":{"type":"Polygon","coordinates":[[[16.93827740223286,49.576803408162206],[16.93827740223286,49.58579661179945],[16.947270605870106,49.58579661179945],[16.947270605870106,49.576803408162206],[16.93827740223286,49.576803408162206]]]}},{"type":"Feature","properties":{"jobs":9,"pop":13,"pointCount":2,"homeWorkCommuteMedian":36070,"workHomeCommuteMedian":140},"geometry":{"type":"Polygon","coordinates":[[[16.93827740223286,49.603783019073944],[16.93827740223286,49.61277622271119],[16.947270605870106,49.61277622271119],[16.947270605870106,49.603783019073944],[16.93827740223286,49.603783019073944]]]}},{"type":"Feature","properties":{"jobs":10,"pop":13,"pointCount":1,"homeWorkCommuteMedian":29714,"workHomeCommuteMedian":357},"geometry":{"type":"Polygon","coordinates":[[[16.93827740223286,49.621769426348436],[16.93827740223286,49.63076262998568],[16.947270605870106,49.63076262998568],[16.947270605870106,49.621769426348436],[16.93827740223286,49.621769426348436]]]}},{"type":"Feature","properties":{"jobs":27,"pop":0,"pointCount":1,"homeWorkCommuteMedian":-1,"workHomeCommuteMedian":699},"geometry":{"type":"Polygon","coordinates":[[[16.93827740223286,49.63975583362293],[16.93827740223286,49.648749037260174],[16.947270605870106,49.648749037260174],[16.947270605870106,49.63975583362293],[16.93827740223286,49.63975583362293]]]}},{"type":"Feature","properties":{"jobs":10,"pop":23,"pointCount":3,"homeWorkCommuteMedian":44249,"workHomeCommuteMedian":3050},"geometry":{"type":"Polygon","coordinates":[[[16.93827740223286,49.648749037260174],[16.93827740223286,49.65774224089742],[16.947270605870106,49.65774224089742],[16.947270605870106,49.648749037260174],[16.93827740223286,49.648749037260174]]]}},{"type":"Feature","properties":{"jobs":0,"pop":10,"pointCount":1,"homeWorkCommuteMedian":44686,"workHomeCommuteMedian":-1},"geometry":{"type":"Polygon","coordinates":[[[16.93827740223286,49.72968786999539],[16.93827740223286,49.738681073632634],[16.947270605870106,49.738681073632634],[16.947270605870106,49.72968786999539],[16.93827740223286,49.72968786999539]]]}},{"type":"Feature","properties":{"jobs":101,"pop":63,"pointCount":4,"homeWorkCommuteMedian":17253,"workHomeCommuteMedian":7858},"geometry":{"type":"Polygon","coordinates":[[[16.93827740223286,49.738681073632634],[16.93827740223286,49.74767427726988],[16.947270605870106,49.74767427726988],[16.947270605870106,49.738681073632634],[16.93827740223286,49.738681073632634]]]}},{"type":"Feature","properties":{"jobs":234,"pop":0,"pointCount":1,"homeWorkCommuteMedian":-1,"workHomeCommuteMedian":35054},"geometry":{"type":"Polygon","coordinates":[[[16.93827740223286,49.76566068454437],[16.93827740223286,49.77465388818162],[16.947270605870106,49.77465388818162],[16.947270605870106,49.76566068454437],[16.93827740223286,49.76566068454437]]]}},{"type":"Feature","properties":{"jobs":0,"pop":62,"pointCount":3,"homeWorkCommuteMedian":13416,"workHomeCommuteMedian":-1},"geometry":{"type":"Polygon","coordinates":[[[16.947270605870106,49.4778781681525],[16.947270605870106,49.486871371789746],[16.95626380950735,49.486871371789746],[16.95626380950735,49.4778781681525],[16.947270605870106,49.4778781681525]]]}},{"type":"Feature","properties":{"jobs":0,"pop":87,"pointCount":4,"homeWorkCommuteMedian":16524,"workHomeCommuteMedian":-1},"geometry":{"type":"Polygon","coordinates":[[[16.947270605870106,49.486871371789746],[16.947270605870106,49.49586457542699],[16.95626380950735,49.49586457542699],[16.95626380950735,49.486871371789746],[16.947270605870106,49.486871371789746]]]}},{"type":"Feature","properties":{"jobs":0,"pop":86,"pointCount":3,"homeWorkCommuteMedian":18939,"workHomeCommuteMedian":-1},"geometry":{"type":"Polygon","coordinates":[[[16.947270605870106,49.531837389975976],[16.947270605870106,49.54083059361322],[16.95626380950735,49.54083059361322],[16.95626380950735,49.531837389975976],[16.947270605870106,49.531837389975976]]]}},{"type":"Feature","properties":{"jobs":64,"pop":253,"pointCount":11,"homeWorkCommuteMedian":16608,"workHomeCommuteMedian":7819},"geometry":{"type":"Polygon","coordinates":[[[16.947270605870106,49.54982379725047],[16.947270605870106,49.558817000887714],[16.95626380950735,49.558817000887714],[16.95626380950735,49.54982379725047],[16.947270605870106,49.54982379725047]]]}},{"type":"Feature","properties":{"jobs":11,"pop":130,"pointCount":5,"homeWorkCommuteMedian":26552,"workHomeCommuteMedian":530},"geometry":{"type":"Polygon","coordinates":[[[16.947270605870106,49.603783019073944],[16.947270605870106,49.61277622271119],[16.95626380950735,49.61277622271119],[16.95626380950735,49.603783019073944],[16.947270605870106,49.603783019073944]]]}},{"type":"Feature","properties":{"jobs":11,"pop":93,"pointCount":3,"homeWorkCommuteMedian":32835,"workHomeCommuteMedian":13163},"geometry":{"type":"Polygon","coordinates":[[[16.947270605870106,49.61277622271119],[16.947270605870106,49.621769426348436],[16.95626380950735,49.621769426348436],[16.95626380950735,49.61277622271119],[16.947270605870106,49.61277622271119]]]}},{"type":"Feature","properties":{"jobs":177,"pop":61,"pointCount":7,"homeWorkCommuteMedian":24532,"workHomeCommuteMedian":4710},"geometry":{"type":"Polygon","coordinates":[[[16.947270605870106,49.621769426348436],[16.947270605870106,49.63076262998568],[16.95626380950735,49.63076262998568],[16.95626380950735,49.621769426348436],[16.947270605870106,49.621769426348436]]]}},{"type":"Feature","properties":{"jobs":0,"pop":50,"pointCount":2,"homeWorkCommuteMedian":24056,"workHomeCommuteMedian":-1},"geometry":{"type":"Polygon","coordinates":[[[16.947270605870106,49.63076262998568],[16.947270605870106,49.63975583362293],[16.95626380950735,49.63975583362293],[16.95626380950735,49.63076262998568],[16.947270605870106,49.63076262998568]]]}},{"type":"Feature","properties":{"jobs":11,"pop":86,"pointCount":2,"homeWorkCommuteMedian":22598,"workHomeCommuteMedian":9874},"geometry":{"type":"Polygon","coordinates":[[[16.947270605870106,49.63975583362293],[16.947270605870106,49.648749037260174],[16.95626380950735,49.648749037260174],[16.95626380950735,49.63975583362293],[16.947270605870106,49.63975583362293]]]}},{"type":"Feature","properties":{"jobs":22,"pop":167,"pointCount":9,"homeWorkCommuteMedian":21761,"workHomeCommuteMedian":5497},"geometry":{"type":"Polygon","coordinates":[[[16.947270605870106,49.648749037260174],[16.947270605870106,49.65774224089742],[16.95626380950735,49.65774224089742],[16.95626380950735,49.648749037260174],[16.947270605870106,49.648749037260174]]]}},{"type":"Feature","properties":{"jobs":0,"pop":28,"pointCount":1,"homeWorkCommuteMedian":3050,"workHomeCommuteMedian":-1},"geometry":{"type":"Polygon","coordinates":[[[16.947270605870106,49.666735444534666],[16.947270605870106,49.67572864817191],[16.95626380950735,49.67572864817191],[16.95626380950735,49.666735444534666],[16.947270605870106,49.666735444534666]]]}},{"type":"Feature","properties":{"jobs":0,"pop":26,"pointCount":1,"homeWorkCommuteMedian":16044,"workHomeCommuteMedian":-1},"geometry":{"type":"Polygon","coordinates":[[[16.947270605870106,49.67572864817191],[16.947270605870106,49.68472185180916],[16.95626380950735,49.68472185180916],[16.95626380950735,49.67572864817191],[16.947270605870106,49.67572864817191]]]}},{"type":"Feature","properties":{"jobs":0,"pop":11,"pointCount":1,"homeWorkCommuteMedian":15273,"workHomeCommuteMedian":-1},"geometry":{"type":"Polygon","coordinates":[[[16.947270605870106,49.68472185180916],[16.947270605870106,49.693715055446404],[16.95626380950735,49.693715055446404],[16.95626380950735,49.68472185180916],[16.947270605870106,49.68472185180916]]]}},{"type":"Feature","properties":{"jobs":28,"pop":111,"pointCount":5,"homeWorkCommuteMedian":10975,"workHomeCommuteMedian":7190},"geometry":{"type":"Polygon","coordinates":[[[16.947270605870106,49.72069466635814],[16.947270605870106,49.72968786999539],[16.95626380950735,49.72968786999539],[16.95626380950735,49.72069466635814],[16.947270605870106,49.72069466635814]]]}},{"type":"Feature","properties":{"jobs":0,"pop":78,"pointCount":2,"homeWorkCommuteMedian":7607,"workHomeCommuteMedian":-1},"geometry":{"type":"Polygon","coordinates":[[[16.947270605870106,49.72968786999539],[16.947270605870106,49.738681073632634],[16.95626380950735,49.738681073632634],[16.95626380950735,49.72968786999539],[16.947270605870106,49.72968786999539]]]}},{"type":"Feature","properties":{"jobs":0,"pop":49,"pointCount":2,"homeWorkCommuteMedian":33156,"workHomeCommuteMedian":-1},"geometry":{"type":"Polygon","coordinates":[[[16.947270605870106,49.74767427726988],[16.947270605870106,49.756667480907126],[16.95626380950735,49.756667480907126],[16.95626380950735,49.74767427726988],[16.947270605870106,49.74767427726988]]]}},{"type":"Feature","properties":{"jobs":188,"pop":0,"pointCount":1,"homeWorkCommuteMedian":-1,"workHomeCommuteMedian":10262},"geometry":{"type":"Polygon","coordinates":[[[16.947270605870106,49.77465388818162],[16.947270605870106,49.783647091818864],[16.95626380950735,49.783647091818864],[16.95626380950735,49.77465388818162],[16.947270605870106,49.77465388818162]]]}},{"type":"Feature","properties":{"jobs":10,"pop":0,"pointCount":1,"homeWorkCommuteMedian":-1,"workHomeCommuteMedian":786},"geometry":{"type":"Polygon","coordinates":[[[16.95626380950735,49.468884964515254],[16.95626380950735,49.4778781681525],[16.965257013144598,49.4778781681525],[16.965257013144598,49.468884964515254],[16.95626380950735,49.468884964515254]]]}},{"type":"Feature","properties":{"jobs":0,"pop":64,"pointCount":2,"homeWorkCommuteMedian":30240,"workHomeCommuteMedian":-1},"geometry":{"type":"Polygon","coordinates":[[[16.95626380950735,49.4778781681525],[16.95626380950735,49.486871371789746],[16.965257013144598,49.486871371789746],[16.965257013144598,49.4778781681525],[16.95626380950735,49.4778781681525]]]}},{"type":"Feature","properties":{"jobs":57,"pop":80,"pointCount":6,"homeWorkCommuteMedian":11599,"workHomeCommuteMedian":932},"geometry":{"type":"Polygon","coordinates":[[[16.95626380950735,49.486871371789746],[16.95626380950735,49.49586457542699],[16.965257013144598,49.49586457542699],[16.965257013144598,49.486871371789746],[16.95626380950735,49.486871371789746]]]}},{"type":"Feature","properties":{"jobs":18,"pop":395,"pointCount":18,"homeWorkCommuteMedian":16060,"workHomeCommuteMedian":5538},"geometry":{"type":"Polygon","coordinates":[[[16.95626380950735,49.50485777906424],[16.95626380950735,49.513850982701484],[16.965257013144598,49.513850982701484],[16.965257013144598,49.50485777906424],[16.95626380950735,49.50485777906424]]]}},{"type":"Feature","properties":{"jobs":390,"pop":20,"pointCount":3,"homeWorkCommuteMedian":29538,"workHomeCommuteMedian":8576},"geometry":{"type":"Polygon","coordinates":[[[16.95626380950735,49.52284418633873],[16.95626380950735,49.531837389975976],[16.965257013144598,49.531837389975976],[16.965257013144598,49.52284418633873],[16.95626380950735,49.52284418633873]]]}},{"type":"Feature","properties":{"jobs":20,"pop":0,"pointCount":1,"homeWorkCommuteMedian":-1,"workHomeCommuteMedian":16908},"geometry":{"type":"Polygon","coordinates":[[[16.95626380950735,49.531837389975976],[16.95626380950735,49.54083059361322],[16.965257013144598,49.54083059361322],[16.965257013144598,49.531837389975976],[16.95626380950735,49.531837389975976]]]}},{"type":"Feature","properties":{"jobs":58,"pop":108,"pointCount":5,"homeWorkCommuteMedian":16372,"workHomeCommuteMedian":3285},"geometry":{"type":"Polygon","coordinates":[[[16.95626380950735,49.54982379725047],[16.95626380950735,49.558817000887714],[16.965257013144598,49.558817000887714],[16.965257013144598,49.54982379725047],[16.95626380950735,49.54982379725047]]]}},{"type":"Feature","properties":{"jobs":25,"pop":132,"pointCount":8,"homeWorkCommuteMedian":21870,"workHomeCommuteMedian":9377},"geometry":{"type":"Polygon","coordinates":[[[16.95626380950735,49.558817000887714],[16.95626380950735,49.56781020452496],[16.965257013144598,49.56781020452496],[16.965257013144598,49.558817000887714],[16.95626380950735,49.558817000887714]]]}},{"type":"Feature","properties":{"jobs":14,"pop":0,"pointCount":1,"homeWorkCommuteMedian":-1,"workHomeCommuteMedian":860},"geometry":{"type":"Polygon","coordinates":[[[16.95626380950735,49.603783019073944],[16.95626380950735,49.61277622271119],[16.965257013144598,49.61277622271119],[16.965257013144598,49.603783019073944],[16.95626380950735,49.603783019073944]]]}},{"type":"Feature","properties":{"jobs":54,"pop":63,"pointCount":3,"homeWorkCommuteMedian":17120,"workHomeCommuteMedian":8722},"geometry":{"type":"Polygon","coordinates":[[[16.95626380950735,49.61277622271119],[16.95626380950735,49.621769426348436],[16.965257013144598,49.621769426348436],[16.965257013144598,49.61277622271119],[16.95626380950735,49.61277622271119]]]}},{"type":"Feature","properties":{"jobs":0,"pop":19,"pointCount":1,"homeWorkCommuteMedian":21649,"workHomeCommuteMedian":-1},"geometry":{"type":"Polygon","coordinates":[[[16.95626380950735,49.65774224089742],[16.95626380950735,49.666735444534666],[16.965257013144598,49.666735444534666],[16.965257013144598,49.65774224089742],[16.95626380950735,49.65774224089742]]]}},{"type":"Feature","properties":{"jobs":9,"pop":82,"pointCount":5,"homeWorkCommuteMedian":19827,"workHomeCommuteMedian":220},"geometry":{"type":"Polygon","coordinates":[[[16.95626380950735,49.666735444534666],[16.95626380950735,49.67572864817191],[16.965257013144598,49.67572864817191],[16.965257013144598,49.666735444534666],[16.95626380950735,49.666735444534666]]]}},{"type":"Feature","properties":{"jobs":9,"pop":20,"pointCount":1,"homeWorkCommuteMedian":28023,"workHomeCommuteMedian":69},"geometry":{"type":"Polygon","coordinates":[[[16.95626380950735,49.70270825908365],[16.95626380950735,49.711701462720896],[16.965257013144598,49.711701462720896],[16.965257013144598,49.70270825908365],[16.95626380950735,49.70270825908365]]]}},{"type":"Feature","properties":{"jobs":0,"pop":56,"pointCount":3,"homeWorkCommuteMedian":10238,"workHomeCommuteMedian":-1},"geometry":{"type":"Polygon","coordinates":[[[16.95626380950735,49.711701462720896],[16.95626380950735,49.72069466635814],[16.965257013144598,49.72069466635814],[16.965257013144598,49.711701462720896],[16.95626380950735,49.711701462720896]]]}},{"type":"Feature","properties":{"jobs":70,"pop":197,"pointCount":11,"homeWorkCommuteMedian":4215,"workHomeCommuteMedian":3025},"geometry":{"type":"Polygon","coordinates":[[[16.95626380950735,49.74767427726988],[16.95626380950735,49.756667480907126],[16.965257013144598,49.756667480907126],[16.965257013144598,49.74767427726988],[16.95626380950735,49.74767427726988]]]}},{"type":"Feature","properties":{"jobs":49,"pop":196,"pointCount":6,"homeWorkCommuteMedian":18046,"workHomeCommuteMedian":3960},"geometry":{"type":"Polygon","coordinates":[[[16.95626380950735,49.756667480907126],[16.95626380950735,49.76566068454437],[16.965257013144598,49.76566068454437],[16.965257013144598,49.756667480907126],[16.95626380950735,49.756667480907126]]]}},{"type":"Feature","properties":{"jobs":0,"pop":69,"pointCount":4,"homeWorkCommuteMedian":13393,"workHomeCommuteMedian":-1},"geometry":{"type":"Polygon","coordinates":[[[16.965257013144598,49.468884964515254],[16.965257013144598,49.4778781681525],[16.974250216781844,49.4778781681525],[16.974250216781844,49.468884964515254],[16.965257013144598,49.468884964515254]]]}},{"type":"Feature","properties":{"jobs":10,"pop":0,"pointCount":1,"homeWorkCommuteMedian":-1,"workHomeCommuteMedian":2043},"geometry":{"type":"Polygon","coordinates":[[[16.965257013144598,49.513850982701484],[16.965257013144598,49.52284418633873],[16.974250216781844,49.52284418633873],[16.974250216781844,49.513850982701484],[16.965257013144598,49.513850982701484]]]}},{"type":"Feature","properties":{"jobs":0,"pop":49,"pointCount":2,"homeWorkCommuteMedian":7787,"workHomeCommuteMedian":-1},"geometry":{"type":"Polygon","coordinates":[[[16.965257013144598,49.558817000887714],[16.965257013144598,49.56781020452496],[16.974250216781844,49.56781020452496],[16.974250216781844,49.558817000887714],[16.965257013144598,49.558817000887714]]]}},{"type":"Feature","properties":{"jobs":24,"pop":32,"pointCount":2,"homeWorkCommuteMedian":18590,"workHomeCommuteMedian":3003},"geometry":{"type":"Polygon","coordinates":[[[16.965257013144598,49.666735444534666],[16.965257013144598,49.67572864817191],[16.974250216781844,49.67572864817191],[16.974250216781844,49.666735444534666],[16.965257013144598,49.666735444534666]]]}},{"type":"Feature","properties":{"jobs":10,"pop":24,"pointCount":3,"homeWorkCommuteMedian":12328,"workHomeCommuteMedian":233},"geometry":{"type":"Polygon","coordinates":[[[16.965257013144598,49.693715055446404],[16.965257013144598,49.70270825908365],[16.974250216781844,49.70270825908365],[16.974250216781844,49.693715055446404],[16.965257013144598,49.693715055446404]]]}},{"type":"Feature","properties":{"jobs":12,"pop":28,"pointCount":2,"homeWorkCommuteMedian":28000,"workHomeCommuteMedian":2044},"geometry":{"type":"Polygon","coordinates":[[[16.965257013144598,49.70270825908365],[16.965257013144598,49.711701462720896],[16.974250216781844,49.711701462720896],[16.974250216781844,49.70270825908365],[16.965257013144598,49.70270825908365]]]}},{"type":"Feature","properties":{"jobs":1,"pop":92,"pointCount":5,"homeWorkCommuteMedian":11094,"workHomeCommuteMedian":643},"geometry":{"type":"Polygon","coordinates":[[[16.965257013144598,49.711701462720896],[16.965257013144598,49.72069466635814],[16.974250216781844,49.72069466635814],[16.974250216781844,49.711701462720896],[16.965257013144598,49.711701462720896]]]}},{"type":"Feature","properties":{"jobs":18,"pop":85,"pointCount":4,"homeWorkCommuteMedian":4832,"workHomeCommuteMedian":5591},"geometry":{"type":"Polygon","coordinates":[[[16.965257013144598,49.74767427726988],[16.965257013144598,49.756667480907126],[16.974250216781844,49.756667480907126],[16.974250216781844,49.74767427726988],[16.965257013144598,49.74767427726988]]]}},{"type":"Feature","properties":{"jobs":10,"pop":17,"pointCount":1,"homeWorkCommuteMedian":261,"workHomeCommuteMedian":5016},"geometry":{"type":"Polygon","coordinates":[[[16.965257013144598,49.756667480907126],[16.965257013144598,49.76566068454437],[16.974250216781844,49.76566068454437],[16.974250216781844,49.756667480907126],[16.965257013144598,49.756667480907126]]]}},{"type":"Feature","properties":{"jobs":0,"pop":62,"pointCount":3,"homeWorkCommuteMedian":4894,"workHomeCommuteMedian":-1},"geometry":{"type":"Polygon","coordinates":[[[16.965257013144598,49.783647091818864],[16.965257013144598,49.79264029545611],[16.974250216781844,49.79264029545611],[16.974250216781844,49.783647091818864],[16.965257013144598,49.783647091818864]]]}},{"type":"Feature","properties":{"jobs":0,"pop":9,"pointCount":1,"homeWorkCommuteMedian":5690,"workHomeCommuteMedian":-1},"geometry":{"type":"Polygon","coordinates":[[[16.974250216781844,49.68472185180916],[16.974250216781844,49.693715055446404],[16.98324342041909,49.693715055446404],[16.98324342041909,49.68472185180916],[16.974250216781844,49.68472185180916]]]}},{"type":"Feature","properties":{"jobs":0,"pop":21,"pointCount":1,"homeWorkCommuteMedian":11428,"workHomeCommuteMedian":-1},"geometry":{"type":"Polygon","coordinates":[[[16.974250216781844,49.693715055446404],[16.974250216781844,49.70270825908365],[16.98324342041909,49.70270825908365],[16.98324342041909,49.693715055446404],[16.974250216781844,49.693715055446404]]]}},{"type":"Feature","properties":{"jobs":84,"pop":50,"pointCount":4,"homeWorkCommuteMedian":19988,"workHomeCommuteMedian":11700},"geometry":{"type":"Polygon","coordinates":[[[16.974250216781844,49.70270825908365],[16.974250216781844,49.711701462720896],[16.98324342041909,49.711701462720896],[16.98324342041909,49.70270825908365],[16.974250216781844,49.70270825908365]]]}},{"type":"Feature","properties":{"jobs":1,"pop":0,"pointCount":1,"homeWorkCommuteMedian":-1,"workHomeCommuteMedian":802},"geometry":{"type":"Polygon","coordinates":[[[16.974250216781844,49.72069466635814],[16.974250216781844,49.72968786999539],[16.98324342041909,49.72968786999539],[16.98324342041909,49.72069466635814],[16.974250216781844,49.72069466635814]]]}},{"type":"Feature","properties":{"jobs":31,"pop":101,"pointCount":4,"homeWorkCommuteMedian":5100,"workHomeCommuteMedian":2191},"geometry":{"type":"Polygon","coordinates":[[[16.974250216781844,49.738681073632634],[16.974250216781844,49.74767427726988],[16.98324342041909,49.74767427726988],[16.98324342041909,49.738681073632634],[16.974250216781844,49.738681073632634]]]}},{"type":"Feature","properties":{"jobs":0,"pop":22,"pointCount":1,"homeWorkCommuteMedian":5842,"workHomeCommuteMedian":-1},"geometry":{"type":"Polygon","coordinates":[[[16.974250216781844,49.74767427726988],[16.974250216781844,49.756667480907126],[16.98324342041909,49.756667480907126],[16.98324342041909,49.74767427726988],[16.974250216781844,49.74767427726988]]]}},{"type":"Feature","properties":{"jobs":1,"pop":0,"pointCount":1,"homeWorkCommuteMedian":-1,"workHomeCommuteMedian":10},"geometry":{"type":"Polygon","coordinates":[[[16.974250216781844,49.783647091818864],[16.974250216781844,49.79264029545611],[16.98324342041909,49.79264029545611],[16.98324342041909,49.783647091818864],[16.974250216781844,49.783647091818864]]]}},{"type":"Feature","properties":{"jobs":0,"pop":61,"pointCount":2,"homeWorkCommuteMedian":11809,"workHomeCommuteMedian":-1},"geometry":{"type":"Polygon","coordinates":[[[16.98324342041909,49.45089855724076],[16.98324342041909,49.45989176087801],[16.992236624056336,49.45989176087801],[16.992236624056336,49.45089855724076],[16.98324342041909,49.45089855724076]]]}},{"type":"Feature","properties":{"jobs":79,"pop":33,"pointCount":3,"homeWorkCommuteMedian":11284,"workHomeCommuteMedian":2884},"geometry":{"type":"Polygon","coordinates":[[[16.98324342041909,49.45989176087801],[16.98324342041909,49.468884964515254],[16.992236624056336,49.468884964515254],[16.992236624056336,49.45989176087801],[16.98324342041909,49.45989176087801]]]}},{"type":"Feature","properties":{"jobs":0,"pop":10,"pointCount":1,"homeWorkCommuteMedian":11655,"workHomeCommuteMedian":-1},"geometry":{"type":"Polygon","coordinates":[[[16.98324342041909,49.49586457542699],[16.98324342041909,49.50485777906424],[16.992236624056336,49.50485777906424],[16.992236624056336,49.49586457542699],[16.98324342041909,49.49586457542699]]]}},{"type":"Feature","properties":{"jobs":9,"pop":166,"pointCount":8,"homeWorkCommuteMedian":12499,"workHomeCommuteMedian":556},"geometry":{"type":"Polygon","coordinates":[[[16.98324342041909,49.50485777906424],[16.98324342041909,49.513850982701484],[16.992236624056336,49.513850982701484],[16.992236624056336,49.50485777906424],[16.98324342041909,49.50485777906424]]]}},{"type":"Feature","properties":{"jobs":20,"pop":0,"pointCount":1,"homeWorkCommuteMedian":-1,"workHomeCommuteMedian":3084},"geometry":{"type":"Polygon","coordinates":[[[16.98324342041909,49.52284418633873],[16.98324342041909,49.531837389975976],[16.992236624056336,49.531837389975976],[16.992236624056336,49.52284418633873],[16.98324342041909,49.52284418633873]]]}},{"type":"Feature","properties":{"jobs":0,"pop":12,"pointCount":1,"homeWorkCommuteMedian":3285,"workHomeCommuteMedian":-1},"geometry":{"type":"Polygon","coordinates":[[[16.98324342041909,49.54083059361322],[16.98324342041909,49.54982379725047],[16.992236624056336,49.54982379725047],[16.992236624056336,49.54083059361322],[16.98324342041909,49.54083059361322]]]}},{"type":"Feature","properties":{"jobs":0,"pop":47,"pointCount":2,"homeWorkCommuteMedian":16263,"workHomeCommuteMedian":-1},"geometry":{"type":"Polygon","coordinates":[[[16.98324342041909,49.56781020452496],[16.98324342041909,49.576803408162206],[16.992236624056336,49.576803408162206],[16.992236624056336,49.56781020452496],[16.98324342041909,49.56781020452496]]]}},{"type":"Feature","properties":{"jobs":0,"pop":31,"pointCount":1,"homeWorkCommuteMedian":20619,"workHomeCommuteMedian":-1},"geometry":{"type":"Polygon","coordinates":[[[16.98324342041909,49.576803408162206],[16.98324342041909,49.58579661179945],[16.992236624056336,49.58579661179945],[16.992236624056336,49.576803408162206],[16.98324342041909,49.576803408162206]]]}},{"type":"Feature","properties":{"jobs":8,"pop":42,"pointCount":4,"homeWorkCommuteMedian":16841,"workHomeCommuteMedian":589},"geometry":{"type":"Polygon","coordinates":[[[16.98324342041909,49.5947898154367],[16.98324342041909,49.603783019073944],[16.992236624056336,49.603783019073944],[16.992236624056336,49.5947898154367],[16.98324342041909,49.5947898154367]]]}},{"type":"Feature","properties":{"jobs":0,"pop":57,"pointCount":2,"homeWorkCommuteMedian":13638,"workHomeCommuteMedian":-1},"geometry":{"type":"Polygon","coordinates":[[[16.98324342041909,49.63076262998568],[16.98324342041909,49.63975583362293],[16.992236624056336,49.63975583362293],[16.992236624056336,49.63076262998568],[16.98324342041909,49.63076262998568]]]}},{"type":"Feature","properties":{"jobs":3,"pop":64,"pointCount":3,"homeWorkCommuteMedian":9866,"workHomeCommuteMedian":251},"geometry":{"type":"Polygon","coordinates":[[[16.98324342041909,49.666735444534666],[16.98324342041909,49.67572864817191],[16.992236624056336,49.67572864817191],[16.992236624056336,49.666735444534666],[16.98324342041909,49.666735444534666]]]}},{"type":"Feature","properties":{"jobs":0,"pop":59,"pointCount":2,"homeWorkCommuteMedian":15814,"workHomeCommuteMedian":-1},"geometry":{"type":"Polygon","coordinates":[[[16.98324342041909,49.693715055446404],[16.98324342041909,49.70270825908365],[16.992236624056336,49.70270825908365],[16.992236624056336,49.693715055446404],[16.98324342041909,49.693715055446404]]]}},{"type":"Feature","properties":{"jobs":7,"pop":59,"pointCount":3,"homeWorkCommuteMedian":9992,"workHomeCommuteMedian":100},"geometry":{"type":"Polygon","coordinates":[[[16.98324342041909,49.70270825908365],[16.98324342041909,49.711701462720896],[16.992236624056336,49.711701462720896],[16.992236624056336,49.70270825908365],[16.98324342041909,49.70270825908365]]]}},{"type":"Feature","properties":{"jobs":0,"pop":78,"pointCount":4,"homeWorkCommuteMedian":11425,"workHomeCommuteMedian":-1},"geometry":{"type":"Polygon","coordinates":[[[16.98324342041909,49.711701462720896],[16.98324342041909,49.72069466635814],[16.992236624056336,49.72069466635814],[16.992236624056336,49.711701462720896],[16.98324342041909,49.711701462720896]]]}},{"type":"Feature","properties":{"jobs":0,"pop":54,"pointCount":2,"homeWorkCommuteMedian":10792,"workHomeCommuteMedian":-1},"geometry":{"type":"Polygon","coordinates":[[[16.98324342041909,49.72069466635814],[16.98324342041909,49.72968786999539],[16.992236624056336,49.72968786999539],[16.992236624056336,49.72069466635814],[16.98324342041909,49.72069466635814]]]}},{"type":"Feature","properties":{"jobs":34,"pop":154,"pointCount":9,"homeWorkCommuteMedian":13356,"workHomeCommuteMedian":410},"geometry":{"type":"Polygon","coordinates":[[[16.992236624056336,49.423918946329024],[16.992236624056336,49.43291214996627],[17.00122982769358,49.43291214996627],[17.00122982769358,49.423918946329024],[16.992236624056336,49.423918946329024]]]}},{"type":"Feature","properties":{"jobs":11,"pop":139,"pointCount":6,"homeWorkCommuteMedian":12347,"workHomeCommuteMedian":431},"geometry":{"type":"Polygon","coordinates":[[[16.992236624056336,49.44190535360352],[16.992236624056336,49.45089855724076],[17.00122982769358,49.45089855724076],[17.00122982769358,49.44190535360352],[16.992236624056336,49.44190535360352]]]}},{"type":"Feature","properties":{"jobs":38,"pop":157,"pointCount":8,"homeWorkCommuteMedian":9429,"workHomeCommuteMedian":1729},"geometry":{"type":"Polygon","coordinates":[[[16.992236624056336,49.45989176087801],[16.992236624056336,49.468884964515254],[17.00122982769358,49.468884964515254],[17.00122982769358,49.45989176087801],[16.992236624056336,49.45989176087801]]]}},{"type":"Feature","properties":{"jobs":15,"pop":79,"pointCount":4,"homeWorkCommuteMedian":12308,"workHomeCommuteMedian":362},"geometry":{"type":"Polygon","coordinates":[[[16.992236624056336,49.531837389975976],[16.992236624056336,49.54083059361322],[17.00122982769358,49.54083059361322],[17.00122982769358,49.531837389975976],[16.992236624056336,49.531837389975976]]]}},{"type":"Feature","properties":{"jobs":13,"pop":90,"pointCount":4,"homeWorkCommuteMedian":16316,"workHomeCommuteMedian":436},"geometry":{"type":"Polygon","coordinates":[[[16.992236624056336,49.54083059361322],[16.992236624056336,49.54982379725047],[17.00122982769358,49.54982379725047],[17.00122982769358,49.54083059361322],[16.992236624056336,49.54083059361322]]]}},{"type":"Feature","properties":{"jobs":16,"pop":10,"pointCount":2,"homeWorkCommuteMedian":8481,"workHomeCommuteMedian":397},"geometry":{"type":"Polygon","coordinates":[[[16.992236624056336,49.576803408162206],[16.992236624056336,49.58579661179945],[17.00122982769358,49.58579661179945],[17.00122982769358,49.576803408162206],[16.992236624056336,49.576803408162206]]]}},{"type":"Feature","properties":{"jobs":0,"pop":15,"pointCount":1,"homeWorkCommuteMedian":3517,"workHomeCommuteMedian":-1},"geometry":{"type":"Polygon","coordinates":[[[16.992236624056336,49.58579661179945],[16.992236624056336,49.5947898154367],[17.00122982769358,49.5947898154367],[17.00122982769358,49.58579661179945],[16.992236624056336,49.58579661179945]]]}},{"type":"Feature","properties":{"jobs":0,"pop":76,"pointCount":4,"homeWorkCommuteMedian":22542,"workHomeCommuteMedian":-1},"geometry":{"type":"Polygon","coordinates":[[[16.992236624056336,49.61277622271119],[16.992236624056336,49.621769426348436],[17.00122982769358,49.621769426348436],[17.00122982769358,49.61277622271119],[16.992236624056336,49.61277622271119]]]}},{"type":"Feature","properties":{"jobs":46,"pop":166,"pointCount":10,"homeWorkCommuteMedian":26173,"workHomeCommuteMedian":2819},"geometry":{"type":"Polygon","coordinates":[[[16.992236624056336,49.63076262998568],[16.992236624056336,49.63975583362293],[17.00122982769358,49.63975583362293],[17.00122982769358,49.63076262998568],[16.992236624056336,49.63076262998568]]]}},{"type":"Feature","properties":{"jobs":0,"pop":44,"pointCount":1,"homeWorkCommuteMedian":20029,"workHomeCommuteMedian":-1},"geometry":{"type":"Polygon","coordinates":[[[16.992236624056336,49.68472185180916],[16.992236624056336,49.693715055446404],[17.00122982769358,49.693715055446404],[17.00122982769358,49.68472185180916],[16.992236624056336,49.68472185180916]]]}},{"type":"Feature","properties":{"jobs":18,"pop":11,"pointCount":1,"homeWorkCommuteMedian":18376,"workHomeCommuteMedian":516},"geometry":{"type":"Polygon","coordinates":[[[16.992236624056336,49.693715055446404],[16.992236624056336,49.70270825908365],[17.00122982769358,49.70270825908365],[17.00122982769358,49.693715055446404],[16.992236624056336,49.693715055446404]]]}},{"type":"Feature","properties":{"jobs":4,"pop":4,"pointCount":2,"homeWorkCommuteMedian":245,"workHomeCommuteMedian":245},"geometry":{"type":"Polygon","coordinates":[[[16.992236624056336,49.72968786999539],[16.992236624056336,49.738681073632634],[17.00122982769358,49.738681073632634],[17.00122982769358,49.72968786999539],[16.992236624056336,49.72968786999539]]]}},{"type":"Feature","properties":{"jobs":23,"pop":0,"pointCount":1,"homeWorkCommuteMedian":-1,"workHomeCommuteMedian":433},"geometry":{"type":"Polygon","coordinates":[[[17.00122982769358,49.423918946329024],[17.00122982769358,49.43291214996627],[17.010223031330828,49.43291214996627],[17.010223031330828,49.423918946329024],[17.00122982769358,49.423918946329024]]]}},{"type":"Feature","properties":{"jobs":47,"pop":121,"pointCount":6,"homeWorkCommuteMedian":11573,"workHomeCommuteMedian":291},"geometry":{"type":"Polygon","coordinates":[[[17.00122982769358,49.44190535360352],[17.00122982769358,49.45089855724076],[17.010223031330828,49.45089855724076],[17.010223031330828,49.44190535360352],[17.00122982769358,49.44190535360352]]]}},{"type":"Feature","properties":{"jobs":155,"pop":62,"pointCount":5,"homeWorkCommuteMedian":11702,"workHomeCommuteMedian":7637},"geometry":{"type":"Polygon","coordinates":[[[17.00122982769358,49.45989176087801],[17.00122982769358,49.468884964515254],[17.010223031330828,49.468884964515254],[17.010223031330828,49.45989176087801],[17.00122982769358,49.45989176087801]]]}},{"type":"Feature","properties":{"jobs":26,"pop":70,"pointCount":4,"homeWorkCommuteMedian":13980,"workHomeCommuteMedian":5278},"geometry":{"type":"Polygon","coordinates":[[[17.00122982769358,49.558817000887714],[17.00122982769358,49.56781020452496],[17.010223031330828,49.56781020452496],[17.010223031330828,49.558817000887714],[17.00122982769358,49.558817000887714]]]}},{"type":"Feature","properties":{"jobs":37,"pop":146,"pointCount":9,"homeWorkCommuteMedian":16932,"workHomeCommuteMedian":3297},"geometry":{"type":"Polygon","coordinates":[[[17.00122982769358,49.56781020452496],[17.00122982769358,49.576803408162206],[17.010223031330828,49.576803408162206],[17.010223031330828,49.56781020452496],[17.00122982769358,49.56781020452496]]]}},{"type":"Feature","properties":{"jobs":9,"pop":109,"pointCount":5,"homeWorkCommuteMedian":17497,"workHomeCommuteMedian":2316},"geometry":{"type":"Polygon","coordinates":[[[17.00122982769358,49.576803408162206],[17.00122982769358,49.58579661179945],[17.010223031330828,49.58579661179945],[17.010223031330828,49.576803408162206],[17.00122982769358,49.576803408162206]]]}},{"type":"Feature","properties":{"jobs":0,"pop":11,"pointCount":1,"homeWorkCommuteMedian":19629,"workHomeCommuteMedian":-1},"geometry":{"type":"Polygon","coordinates":[[[17.00122982769358,49.58579661179945],[17.00122982769358,49.5947898154367],[17.010223031330828,49.5947898154367],[17.010223031330828,49.58579661179945],[17.00122982769358,49.58579661179945]]]}},{"type":"Feature","properties":{"jobs":13,"pop":38,"pointCount":3,"homeWorkCommuteMedian":17651,"workHomeCommuteMedian":997},"geometry":{"type":"Polygon","coordinates":[[[17.00122982769358,49.61277622271119],[17.00122982769358,49.621769426348436],[17.010223031330828,49.621769426348436],[17.010223031330828,49.61277622271119],[17.00122982769358,49.61277622271119]]]}},{"type":"Feature","properties":{"jobs":0,"pop":13,"pointCount":1,"homeWorkCommuteMedian":26913,"workHomeCommuteMedian":-1},"geometry":{"type":"Polygon","coordinates":[[[17.00122982769358,49.65774224089742],[17.00122982769358,49.666735444534666],[17.010223031330828,49.666735444534666],[17.010223031330828,49.65774224089742],[17.00122982769358,49.65774224089742]]]}},{"type":"Feature","properties":{"jobs":0,"pop":75,"pointCount":3,"homeWorkCommuteMedian":15029,"workHomeCommuteMedian":-1},"geometry":{"type":"Polygon","coordinates":[[[17.00122982769358,49.68472185180916],[17.00122982769358,49.693715055446404],[17.010223031330828,49.693715055446404],[17.010223031330828,49.68472185180916],[17.00122982769358,49.68472185180916]]]}},{"type":"Feature","properties":{"jobs":23,"pop":0,"pointCount":1,"homeWorkCommuteMedian":-1,"workHomeCommuteMedian":1492},"geometry":{"type":"Polygon","coordinates":[[[17.00122982769358,49.70270825908365],[17.00122982769358,49.711701462720896],[17.010223031330828,49.711701462720896],[17.010223031330828,49.70270825908365],[17.00122982769358,49.70270825908365]]]}},{"type":"Feature","properties":{"jobs":0,"pop":57,"pointCount":2,"homeWorkCommuteMedian":12150,"workHomeCommuteMedian":-1},"geometry":{"type":"Polygon","coordinates":[[[17.010223031330828,49.41492574269178],[17.010223031330828,49.423918946329024],[17.019216234968074,49.423918946329024],[17.019216234968074,49.41492574269178],[17.010223031330828,49.41492574269178]]]}},{"type":"Feature","properties":{"jobs":285,"pop":611,"pointCount":27,"homeWorkCommuteMedian":9248,"workHomeCommuteMedian":8403},"geometry":{"type":"Polygon","coordinates":[[[17.010223031330828,49.45989176087801],[17.010223031330828,49.468884964515254],[17.019216234968074,49.468884964515254],[17.019216234968074,49.45989176087801],[17.010223031330828,49.45989176087801]]]}},{"type":"Feature","properties":{"jobs":105,"pop":98,"pointCount":6,"homeWorkCommuteMedian":27258,"workHomeCommuteMedian":4322},"geometry":{"type":"Polygon","coordinates":[[[17.010223031330828,49.468884964515254],[17.010223031330828,49.4778781681525],[17.019216234968074,49.4778781681525],[17.019216234968074,49.468884964515254],[17.010223031330828,49.468884964515254]]]}},{"type":"Feature","properties":{"jobs":0,"pop":52,"pointCount":2,"homeWorkCommuteMedian":10820,"workHomeCommuteMedian":-1},"geometry":{"type":"Polygon","coordinates":[[[17.010223031330828,49.4778781681525],[17.010223031330828,49.486871371789746],[17.019216234968074,49.486871371789746],[17.019216234968074,49.4778781681525],[17.010223031330828,49.4778781681525]]]}},{"type":"Feature","properties":{"jobs":0,"pop":20,"pointCount":2,"homeWorkCommuteMedian":10102,"workHomeCommuteMedian":-1},"geometry":{"type":"Polygon","coordinates":[[[17.010223031330828,49.486871371789746],[17.010223031330828,49.49586457542699],[17.019216234968074,49.49586457542699],[17.019216234968074,49.486871371789746],[17.010223031330828,49.486871371789746]]]}},{"type":"Feature","properties":{"jobs":16,"pop":110,"pointCount":5,"homeWorkCommuteMedian":19061,"workHomeCommuteMedian":661},"geometry":{"type":"Polygon","coordinates":[[[17.010223031330828,49.558817000887714],[17.010223031330828,49.56781020452496],[17.019216234968074,49.56781020452496],[17.019216234968074,49.558817000887714],[17.010223031330828,49.558817000887714]]]}},{"type":"Feature","properties":{"jobs":9,"pop":71,"pointCount":4,"homeWorkCommuteMedian":18417,"workHomeCommuteMedian":398},"geometry":{"type":"Polygon","coordinates":[[[17.010223031330828,49.648749037260174],[17.010223031330828,49.65774224089742],[17.019216234968074,49.65774224089742],[17.019216234968074,49.648749037260174],[17.010223031330828,49.648749037260174]]]}},{"type":"Feature","properties":{"jobs":0,"pop":12,"pointCount":1,"homeWorkCommuteMedian":22762,"workHomeCommuteMedian":-1},"geometry":{"type":"Polygon","coordinates":[[[17.010223031330828,49.65774224089742],[17.010223031330828,49.666735444534666],[17.019216234968074,49.666735444534666],[17.019216234968074,49.65774224089742],[17.010223031330828,49.65774224089742]]]}},{"type":"Feature","properties":{"jobs":10,"pop":102,"pointCount":3,"homeWorkCommuteMedian":8336,"workHomeCommuteMedian":297},"geometry":{"type":"Polygon","coordinates":[[[17.010223031330828,49.67572864817191],[17.010223031330828,49.68472185180916],[17.019216234968074,49.68472185180916],[17.019216234968074,49.67572864817191],[17.010223031330828,49.67572864817191]]]}},{"type":"Feature","properties":{"jobs":0,"pop":10,"pointCount":1,"homeWorkCommuteMedian":25731,"workHomeCommuteMedian":-1},"geometry":{"type":"Polygon","coordinates":[[[17.010223031330828,49.693715055446404],[17.010223031330828,49.70270825908365],[17.019216234968074,49.70270825908365],[17.019216234968074,49.693715055446404],[17.010223031330828,49.693715055446404]]]}},{"type":"Feature","properties":{"jobs":69,"pop":31,"pointCount":3,"homeWorkCommuteMedian":7691,"workHomeCommuteMedian":22924},"geometry":{"type":"Polygon","coordinates":[[[17.010223031330828,49.70270825908365],[17.010223031330828,49.711701462720896],[17.019216234968074,49.711701462720896],[17.019216234968074,49.70270825908365],[17.010223031330828,49.70270825908365]]]}},{"type":"Feature","properties":{"jobs":0,"pop":73,"pointCount":2,"homeWorkCommuteMedian":17264,"workHomeCommuteMedian":-1},"geometry":{"type":"Polygon","coordinates":[[[17.019216234968074,49.39693933541729],[17.019216234968074,49.40593253905453],[17.02820943860532,49.40593253905453],[17.02820943860532,49.39693933541729],[17.019216234968074,49.39693933541729]]]}},{"type":"Feature","properties":{"jobs":0,"pop":75,"pointCount":3,"homeWorkCommuteMedian":16733,"workHomeCommuteMedian":-1},"geometry":{"type":"Polygon","coordinates":[[[17.019216234968074,49.40593253905453],[17.019216234968074,49.41492574269178],[17.02820943860532,49.41492574269178],[17.02820943860532,49.40593253905453],[17.019216234968074,49.40593253905453]]]}},{"type":"Feature","properties":{"jobs":2,"pop":25,"pointCount":2,"homeWorkCommuteMedian":17706,"workHomeCommuteMedian":92},"geometry":{"type":"Polygon","coordinates":[[[17.019216234968074,49.41492574269178],[17.019216234968074,49.423918946329024],[17.02820943860532,49.423918946329024],[17.02820943860532,49.41492574269178],[17.019216234968074,49.41492574269178]]]}},{"type":"Feature","properties":{"jobs":0,"pop":64,"pointCount":2,"homeWorkCommuteMedian":10447,"workHomeCommuteMedian":-1},"geometry":{"type":"Polygon","coordinates":[[[17.019216234968074,49.45989176087801],[17.019216234968074,49.468884964515254],[17.02820943860532,49.468884964515254],[17.02820943860532,49.45989176087801],[17.019216234968074,49.45989176087801]]]}},{"type":"Feature","properties":{"jobs":0,"pop":105,"pointCount":3,"homeWorkCommuteMedian":17225,"workHomeCommuteMedian":-1},"geometry":{"type":"Polygon","coordinates":[[[17.019216234968074,49.4778781681525],[17.019216234968074,49.486871371789746],[17.02820943860532,49.486871371789746],[17.02820943860532,49.4778781681525],[17.019216234968074,49.4778781681525]]]}},{"type":"Feature","properties":{"jobs":0,"pop":97,"pointCount":3,"homeWorkCommuteMedian":9094,"workHomeCommuteMedian":-1},"geometry":{"type":"Polygon","coordinates":[[[17.019216234968074,49.486871371789746],[17.019216234968074,49.49586457542699],[17.02820943860532,49.49586457542699],[17.02820943860532,49.486871371789746],[17.019216234968074,49.486871371789746]]]}},{"type":"Feature","properties":{"jobs":27,"pop":194,"pointCount":9,"homeWorkCommuteMedian":9614,"workHomeCommuteMedian":3534},"geometry":{"type":"Polygon","coordinates":[[[17.019216234968074,49.49586457542699],[17.019216234968074,49.50485777906424],[17.02820943860532,49.50485777906424],[17.02820943860532,49.49586457542699],[17.019216234968074,49.49586457542699]]]}},{"type":"Feature","properties":{"jobs":0,"pop":63,"pointCount":3,"homeWorkCommuteMedian":15869,"workHomeCommuteMedian":-1},"geometry":{"type":"Polygon","coordinates":[[[17.019216234968074,49.54083059361322],[17.019216234968074,49.54982379725047],[17.02820943860532,49.54982379725047],[17.02820943860532,49.54083059361322],[17.019216234968074,49.54083059361322]]]}},{"type":"Feature","properties":{"jobs":0,"pop":72,"pointCount":4,"homeWorkCommuteMedian":12942,"workHomeCommuteMedian":-1},"geometry":{"type":"Polygon","coordinates":[[[17.019216234968074,49.54982379725047],[17.019216234968074,49.558817000887714],[17.02820943860532,49.558817000887714],[17.02820943860532,49.54982379725047],[17.019216234968074,49.54982379725047]]]}},{"type":"Feature","properties":{"jobs":10,"pop":71,"pointCount":4,"homeWorkCommuteMedian":23504,"workHomeCommuteMedian":552},"geometry":{"type":"Polygon","coordinates":[[[17.019216234968074,49.621769426348436],[17.019216234968074,49.63076262998568],[17.02820943860532,49.63076262998568],[17.02820943860532,49.621769426348436],[17.019216234968074,49.621769426348436]]]}},{"type":"Feature","properties":{"jobs":23,"pop":105,"pointCount":4,"homeWorkCommuteMedian":13597,"workHomeCommuteMedian":192},"geometry":{"type":"Polygon","coordinates":[[[17.019216234968074,49.63975583362293],[17.019216234968074,49.648749037260174],[17.02820943860532,49.648749037260174],[17.02820943860532,49.63975583362293],[17.019216234968074,49.63975583362293]]]}},{"type":"Feature","properties":{"jobs":0,"pop":199,"pointCount":8,"homeWorkCommuteMedian":9281,"workHomeCommuteMedian":-1},"geometry":{"type":"Polygon","coordinates":[[[17.019216234968074,49.70270825908365],[17.019216234968074,49.711701462720896],[17.02820943860532,49.711701462720896],[17.02820943860532,49.70270825908365],[17.019216234968074,49.70270825908365]]]}},{"type":"Feature","properties":{"jobs":10,"pop":0,"pointCount":1,"homeWorkCommuteMedian":-1,"workHomeCommuteMedian":326},"geometry":{"type":"Polygon","coordinates":[[[17.02820943860532,49.38794613178004],[17.02820943860532,49.39693933541729],[17.037202642242566,49.39693933541729],[17.037202642242566,49.38794613178004],[17.02820943860532,49.38794613178004]]]}},{"type":"Feature","properties":{"jobs":66,"pop":26,"pointCount":4,"homeWorkCommuteMedian":16003,"workHomeCommuteMedian":1735},"geometry":{"type":"Polygon","coordinates":[[[17.02820943860532,49.40593253905453],[17.02820943860532,49.41492574269178],[17.037202642242566,49.41492574269178],[17.037202642242566,49.40593253905453],[17.02820943860532,49.40593253905453]]]}},{"type":"Feature","properties":{"jobs":13,"pop":19,"pointCount":2,"homeWorkCommuteMedian":7875,"workHomeCommuteMedian":1024},"geometry":{"type":"Polygon","coordinates":[[[17.02820943860532,49.45989176087801],[17.02820943860532,49.468884964515254],[17.037202642242566,49.468884964515254],[17.037202642242566,49.45989176087801],[17.02820943860532,49.45989176087801]]]}},{"type":"Feature","properties":{"jobs":64,"pop":0,"pointCount":1,"homeWorkCommuteMedian":-1,"workHomeCommuteMedian":3240},"geometry":{"type":"Polygon","coordinates":[[[17.02820943860532,49.49586457542699],[17.02820943860532,49.50485777906424],[17.037202642242566,49.50485777906424],[17.037202642242566,49.49586457542699],[17.02820943860532,49.49586457542699]]]}},{"type":"Feature","properties":{"jobs":7,"pop":95,"pointCount":6,"homeWorkCommuteMedian":9543,"workHomeCommuteMedian":763},"geometry":{"type":"Polygon","coordinates":[[[17.02820943860532,49.513850982701484],[17.02820943860532,49.52284418633873],[17.037202642242566,49.52284418633873],[17.037202642242566,49.513850982701484],[17.02820943860532,49.513850982701484]]]}},{"type":"Feature","properties":{"jobs":0,"pop":10,"pointCount":1,"homeWorkCommuteMedian":24894,"workHomeCommuteMedian":-1},"geometry":{"type":"Polygon","coordinates":[[[17.02820943860532,49.54083059361322],[17.02820943860532,49.54982379725047],[17.037202642242566,49.54982379725047],[17.037202642242566,49.54083059361322],[17.02820943860532,49.54083059361322]]]}},{"type":"Feature","properties":{"jobs":116,"pop":190,"pointCount":8,"homeWorkCommuteMedian":12701,"workHomeCommuteMedian":5666},"geometry":{"type":"Polygon","coordinates":[[[17.02820943860532,49.54982379725047],[17.02820943860532,49.558817000887714],[17.037202642242566,49.558817000887714],[17.037202642242566,49.54982379725047],[17.02820943860532,49.54982379725047]]]}},{"type":"Feature","properties":{"jobs":0,"pop":43,"pointCount":2,"homeWorkCommuteMedian":24188,"workHomeCommuteMedian":-1},"geometry":{"type":"Polygon","coordinates":[[[17.02820943860532,49.621769426348436],[17.02820943860532,49.63076262998568],[17.037202642242566,49.63076262998568],[17.037202642242566,49.621769426348436],[17.02820943860532,49.621769426348436]]]}},{"type":"Feature","properties":{"jobs":5,"pop":28,"pointCount":3,"homeWorkCommuteMedian":3166,"workHomeCommuteMedian":509},"geometry":{"type":"Polygon","coordinates":[[[17.02820943860532,49.67572864817191],[17.02820943860532,49.68472185180916],[17.037202642242566,49.68472185180916],[17.037202642242566,49.67572864817191],[17.02820943860532,49.67572864817191]]]}},{"type":"Feature","properties":{"jobs":41,"pop":47,"pointCount":5,"homeWorkCommuteMedian":3485,"workHomeCommuteMedian":485},"geometry":{"type":"Polygon","coordinates":[[[17.02820943860532,49.68472185180916],[17.02820943860532,49.693715055446404],[17.037202642242566,49.693715055446404],[17.037202642242566,49.68472185180916],[17.02820943860532,49.68472185180916]]]}},{"type":"Feature","properties":{"jobs":25,"pop":75,"pointCount":6,"homeWorkCommuteMedian":16034,"workHomeCommuteMedian":317},"geometry":{"type":"Polygon","coordinates":[[[17.02820943860532,49.693715055446404],[17.02820943860532,49.70270825908365],[17.037202642242566,49.70270825908365],[17.037202642242566,49.693715055446404],[17.02820943860532,49.693715055446404]]]}},{"type":"Feature","properties":{"jobs":154,"pop":0,"pointCount":2,"homeWorkCommuteMedian":-1,"workHomeCommuteMedian":5281},"geometry":{"type":"Polygon","coordinates":[[[17.02820943860532,49.72069466635814],[17.02820943860532,49.72968786999539],[17.037202642242566,49.72968786999539],[17.037202642242566,49.72069466635814],[17.02820943860532,49.72069466635814]]]}},{"type":"Feature","properties":{"jobs":12,"pop":88,"pointCount":6,"homeWorkCommuteMedian":12378,"workHomeCommuteMedian":3266},"geometry":{"type":"Polygon","coordinates":[[[17.02820943860532,49.76566068454437],[17.02820943860532,49.77465388818162],[17.037202642242566,49.77465388818162],[17.037202642242566,49.76566068454437],[17.02820943860532,49.76566068454437]]]}},{"type":"Feature","properties":{"jobs":0,"pop":10,"pointCount":1,"homeWorkCommuteMedian":11621,"workHomeCommuteMedian":-1},"geometry":{"type":"Polygon","coordinates":[[[17.02820943860532,49.77465388818162],[17.02820943860532,49.783647091818864],[17.037202642242566,49.783647091818864],[17.037202642242566,49.77465388818162],[17.02820943860532,49.77465388818162]]]}},{"type":"Feature","properties":{"jobs":0,"pop":51,"pointCount":3,"homeWorkCommuteMedian":16745,"workHomeCommuteMedian":-1},"geometry":{"type":"Polygon","coordinates":[[[17.037202642242566,49.38794613178004],[17.037202642242566,49.39693933541729],[17.04619584587981,49.39693933541729],[17.04619584587981,49.38794613178004],[17.037202642242566,49.38794613178004]]]}},{"type":"Feature","properties":{"jobs":27,"pop":100,"pointCount":4,"homeWorkCommuteMedian":9559,"workHomeCommuteMedian":335},"geometry":{"type":"Polygon","coordinates":[[[17.037202642242566,49.41492574269178],[17.037202642242566,49.423918946329024],[17.04619584587981,49.423918946329024],[17.04619584587981,49.41492574269178],[17.037202642242566,49.41492574269178]]]}},{"type":"Feature","properties":{"jobs":0,"pop":35,"pointCount":2,"homeWorkCommuteMedian":10172,"workHomeCommuteMedian":-1},"geometry":{"type":"Polygon","coordinates":[[[17.037202642242566,49.423918946329024],[17.037202642242566,49.43291214996627],[17.04619584587981,49.43291214996627],[17.04619584587981,49.423918946329024],[17.037202642242566,49.423918946329024]]]}},{"type":"Feature","properties":{"jobs":0,"pop":10,"pointCount":1,"homeWorkCommuteMedian":8714,"workHomeCommuteMedian":-1},"geometry":{"type":"Polygon","coordinates":[[[17.037202642242566,49.45989176087801],[17.037202642242566,49.468884964515254],[17.04619584587981,49.468884964515254],[17.04619584587981,49.45989176087801],[17.037202642242566,49.45989176087801]]]}},{"type":"Feature","properties":{"jobs":20,"pop":395,"pointCount":14,"homeWorkCommuteMedian":6948,"workHomeCommuteMedian":7633},"geometry":{"type":"Polygon","coordinates":[[[17.037202642242566,49.468884964515254],[17.037202642242566,49.4778781681525],[17.04619584587981,49.4778781681525],[17.04619584587981,49.468884964515254],[17.037202642242566,49.468884964515254]]]}},{"type":"Feature","properties":{"jobs":16,"pop":0,"pointCount":1,"homeWorkCommuteMedian":-1,"workHomeCommuteMedian":3891},"geometry":{"type":"Polygon","coordinates":[[[17.037202642242566,49.4778781681525],[17.037202642242566,49.486871371789746],[17.04619584587981,49.486871371789746],[17.04619584587981,49.4778781681525],[17.037202642242566,49.4778781681525]]]}},{"type":"Feature","properties":{"jobs":9,"pop":192,"pointCount":7,"homeWorkCommuteMedian":7905,"workHomeCommuteMedian":476},"geometry":{"type":"Polygon","coordinates":[[[17.037202642242566,49.50485777906424],[17.037202642242566,49.513850982701484],[17.04619584587981,49.513850982701484],[17.04619584587981,49.50485777906424],[17.037202642242566,49.50485777906424]]]}},{"type":"Feature","properties":{"jobs":0,"pop":32,"pointCount":1,"homeWorkCommuteMedian":11920,"workHomeCommuteMedian":-1},"geometry":{"type":"Polygon","coordinates":[[[17.037202642242566,49.531837389975976],[17.037202642242566,49.54083059361322],[17.04619584587981,49.54083059361322],[17.04619584587981,49.531837389975976],[17.037202642242566,49.531837389975976]]]}},{"type":"Feature","properties":{"jobs":105,"pop":50,"pointCount":5,"homeWorkCommuteMedian":11170,"workHomeCommuteMedian":15862},"geometry":{"type":"Polygon","coordinates":[[[17.037202642242566,49.54083059361322],[17.037202642242566,49.54982379725047],[17.04619584587981,49.54982379725047],[17.04619584587981,49.54083059361322],[17.037202642242566,49.54083059361322]]]}},{"type":"Feature","properties":{"jobs":37,"pop":155,"pointCount":6,"homeWorkCommuteMedian":13911,"workHomeCommuteMedian":372},"geometry":{"type":"Polygon","coordinates":[[[17.037202642242566,49.54982379725047],[17.037202642242566,49.558817000887714],[17.04619584587981,49.558817000887714],[17.04619584587981,49.54982379725047],[17.037202642242566,49.54982379725047]]]}},{"type":"Feature","properties":{"jobs":10,"pop":59,"pointCount":3,"homeWorkCommuteMedian":12757,"workHomeCommuteMedian":74},"geometry":{"type":"Polygon","coordinates":[[[17.037202642242566,49.61277622271119],[17.037202642242566,49.621769426348436],[17.04619584587981,49.621769426348436],[17.04619584587981,49.61277622271119],[17.037202642242566,49.61277622271119]]]}},{"type":"Feature","properties":{"jobs":10,"pop":165,"pointCount":5,"homeWorkCommuteMedian":18025,"workHomeCommuteMedian":733},"geometry":{"type":"Polygon","coordinates":[[[17.037202642242566,49.666735444534666],[17.037202642242566,49.67572864817191],[17.04619584587981,49.67572864817191],[17.04619584587981,49.666735444534666],[17.037202642242566,49.666735444534666]]]}},{"type":"Feature","properties":{"jobs":94,"pop":116,"pointCount":9,"homeWorkCommuteMedian":5326,"workHomeCommuteMedian":5481},"geometry":{"type":"Polygon","coordinates":[[[17.037202642242566,49.67572864817191],[17.037202642242566,49.68472185180916],[17.04619584587981,49.68472185180916],[17.04619584587981,49.67572864817191],[17.037202642242566,49.67572864817191]]]}},{"type":"Feature","properties":{"jobs":0,"pop":92,"pointCount":2,"homeWorkCommuteMedian":20688,"workHomeCommuteMedian":-1},"geometry":{"type":"Polygon","coordinates":[[[17.037202642242566,49.68472185180916],[17.037202642242566,49.693715055446404],[17.04619584587981,49.693715055446404],[17.04619584587981,49.68472185180916],[17.037202642242566,49.68472185180916]]]}},{"type":"Feature","properties":{"jobs":0,"pop":28,"pointCount":1,"homeWorkCommuteMedian":15372,"workHomeCommuteMedian":-1},"geometry":{"type":"Polygon","coordinates":[[[17.037202642242566,49.693715055446404],[17.037202642242566,49.70270825908365],[17.04619584587981,49.70270825908365],[17.04619584587981,49.693715055446404],[17.037202642242566,49.693715055446404]]]}},{"type":"Feature","properties":{"jobs":0,"pop":34,"pointCount":1,"homeWorkCommuteMedian":2695,"workHomeCommuteMedian":-1},"geometry":{"type":"Polygon","coordinates":[[[17.037202642242566,49.76566068454437],[17.037202642242566,49.77465388818162],[17.04619584587981,49.77465388818162],[17.04619584587981,49.76566068454437],[17.037202642242566,49.76566068454437]]]}},{"type":"Feature","properties":{"jobs":9,"pop":78,"pointCount":4,"homeWorkCommuteMedian":11372,"workHomeCommuteMedian":510},"geometry":{"type":"Polygon","coordinates":[[[17.037202642242566,49.77465388818162],[17.037202642242566,49.783647091818864],[17.04619584587981,49.783647091818864],[17.04619584587981,49.77465388818162],[17.037202642242566,49.77465388818162]]]}},{"type":"Feature","properties":{"jobs":10,"pop":0,"pointCount":1,"homeWorkCommuteMedian":-1,"workHomeCommuteMedian":1282},"geometry":{"type":"Polygon","coordinates":[[[17.037202642242566,49.801633499093356],[17.037202642242566,49.8106267027306],[17.04619584587981,49.8106267027306],[17.04619584587981,49.801633499093356],[17.037202642242566,49.801633499093356]]]}},{"type":"Feature","properties":{"jobs":0,"pop":77,"pointCount":1,"homeWorkCommuteMedian":12630,"workHomeCommuteMedian":-1},"geometry":{"type":"Polygon","coordinates":[[[17.037202642242566,49.81961990636785],[17.037202642242566,49.828613110005094],[17.04619584587981,49.828613110005094],[17.04619584587981,49.81961990636785],[17.037202642242566,49.81961990636785]]]}},{"type":"Feature","properties":{"jobs":12,"pop":15,"pointCount":2,"homeWorkCommuteMedian":7940,"workHomeCommuteMedian":2414},"geometry":{"type":"Polygon","coordinates":[[[17.04619584587981,49.45989176087801],[17.04619584587981,49.468884964515254],[17.055189049517057,49.468884964515254],[17.055189049517057,49.45989176087801],[17.04619584587981,49.45989176087801]]]}},{"type":"Feature","properties":{"jobs":59,"pop":397,"pointCount":19,"homeWorkCommuteMedian":6388,"workHomeCommuteMedian":4636},"geometry":{"type":"Polygon","coordinates":[[[17.04619584587981,49.468884964515254],[17.04619584587981,49.4778781681525],[17.055189049517057,49.4778781681525],[17.055189049517057,49.468884964515254],[17.04619584587981,49.468884964515254]]]}},{"type":"Feature","properties":{"jobs":199,"pop":0,"pointCount":1,"homeWorkCommuteMedian":-1,"workHomeCommuteMedian":5565},"geometry":{"type":"Polygon","coordinates":[[[17.04619584587981,49.4778781681525],[17.04619584587981,49.486871371789746],[17.055189049517057,49.486871371789746],[17.055189049517057,49.4778781681525],[17.04619584587981,49.4778781681525]]]}},{"type":"Feature","properties":{"jobs":0,"pop":121,"pointCount":7,"homeWorkCommuteMedian":6970,"workHomeCommuteMedian":-1},"geometry":{"type":"Polygon","coordinates":[[[17.04619584587981,49.50485777906424],[17.04619584587981,49.513850982701484],[17.055189049517057,49.513850982701484],[17.055189049517057,49.50485777906424],[17.04619584587981,49.50485777906424]]]}},{"type":"Feature","properties":{"jobs":60,"pop":116,"pointCount":6,"homeWorkCommuteMedian":11507,"workHomeCommuteMedian":11994},"geometry":{"type":"Polygon","coordinates":[[[17.04619584587981,49.513850982701484],[17.04619584587981,49.52284418633873],[17.055189049517057,49.52284418633873],[17.055189049517057,49.513850982701484],[17.04619584587981,49.513850982701484]]]}},{"type":"Feature","properties":{"jobs":31,"pop":107,"pointCount":6,"homeWorkCommuteMedian":9572,"workHomeCommuteMedian":929},"geometry":{"type":"Polygon","coordinates":[[[17.04619584587981,49.531837389975976],[17.04619584587981,49.54083059361322],[17.055189049517057,49.54083059361322],[17.055189049517057,49.531837389975976],[17.04619584587981,49.531837389975976]]]}},{"type":"Feature","properties":{"jobs":11,"pop":59,"pointCount":4,"homeWorkCommuteMedian":11050,"workHomeCommuteMedian":230},"geometry":{"type":"Polygon","coordinates":[[[17.04619584587981,49.558817000887714],[17.04619584587981,49.56781020452496],[17.055189049517057,49.56781020452496],[17.055189049517057,49.558817000887714],[17.04619584587981,49.558817000887714]]]}},{"type":"Feature","properties":{"jobs":1,"pop":185,"pointCount":9,"homeWorkCommuteMedian":16224,"workHomeCommuteMedian":648},"geometry":{"type":"Polygon","coordinates":[[[17.04619584587981,49.576803408162206],[17.04619584587981,49.58579661179945],[17.055189049517057,49.58579661179945],[17.055189049517057,49.576803408162206],[17.04619584587981,49.576803408162206]]]}},{"type":"Feature","properties":{"jobs":22,"pop":0,"pointCount":1,"homeWorkCommuteMedian":-1,"workHomeCommuteMedian":1719},"geometry":{"type":"Polygon","coordinates":[[[17.04619584587981,49.5947898154367],[17.04619584587981,49.603783019073944],[17.055189049517057,49.603783019073944],[17.055189049517057,49.5947898154367],[17.04619584587981,49.5947898154367]]]}},{"type":"Feature","properties":{"jobs":0,"pop":45,"pointCount":2,"homeWorkCommuteMedian":23588,"workHomeCommuteMedian":-1},"geometry":{"type":"Polygon","coordinates":[[[17.04619584587981,49.63076262998568],[17.04619584587981,49.63975583362293],[17.055189049517057,49.63975583362293],[17.055189049517057,49.63076262998568],[17.04619584587981,49.63076262998568]]]}},{"type":"Feature","properties":{"jobs":20,"pop":184,"pointCount":7,"homeWorkCommuteMedian":16745,"workHomeCommuteMedian":57587},"geometry":{"type":"Polygon","coordinates":[[[17.04619584587981,49.648749037260174],[17.04619584587981,49.65774224089742],[17.055189049517057,49.65774224089742],[17.055189049517057,49.648749037260174],[17.04619584587981,49.648749037260174]]]}},{"type":"Feature","properties":{"jobs":26,"pop":56,"pointCount":4,"homeWorkCommuteMedian":25708,"workHomeCommuteMedian":337},"geometry":{"type":"Polygon","coordinates":[[[17.04619584587981,49.65774224089742],[17.04619584587981,49.666735444534666],[17.055189049517057,49.666735444534666],[17.055189049517057,49.65774224089742],[17.04619584587981,49.65774224089742]]]}},{"type":"Feature","properties":{"jobs":0,"pop":24,"pointCount":1,"homeWorkCommuteMedian":23749,"workHomeCommuteMedian":-1},"geometry":{"type":"Polygon","coordinates":[[[17.04619584587981,49.666735444534666],[17.04619584587981,49.67572864817191],[17.055189049517057,49.67572864817191],[17.055189049517057,49.666735444534666],[17.04619584587981,49.666735444534666]]]}},{"type":"Feature","properties":{"jobs":0,"pop":146,"pointCount":7,"homeWorkCommuteMedian":17936,"workHomeCommuteMedian":-1},"geometry":{"type":"Polygon","coordinates":[[[17.04619584587981,49.67572864817191],[17.04619584587981,49.68472185180916],[17.055189049517057,49.68472185180916],[17.055189049517057,49.67572864817191],[17.04619584587981,49.67572864817191]]]}},{"type":"Feature","properties":{"jobs":29,"pop":100,"pointCount":3,"homeWorkCommuteMedian":3613,"workHomeCommuteMedian":4002},"geometry":{"type":"Polygon","coordinates":[[[17.04619584587981,49.68472185180916],[17.04619584587981,49.693715055446404],[17.055189049517057,49.693715055446404],[17.055189049517057,49.68472185180916],[17.04619584587981,49.68472185180916]]]}},{"type":"Feature","properties":{"jobs":509,"pop":45,"pointCount":4,"homeWorkCommuteMedian":16246,"workHomeCommuteMedian":6978},"geometry":{"type":"Polygon","coordinates":[[[17.04619584587981,49.693715055446404],[17.04619584587981,49.70270825908365],[17.055189049517057,49.70270825908365],[17.055189049517057,49.693715055446404],[17.04619584587981,49.693715055446404]]]}},{"type":"Feature","properties":{"jobs":37,"pop":0,"pointCount":1,"homeWorkCommuteMedian":-1,"workHomeCommuteMedian":1850},"geometry":{"type":"Polygon","coordinates":[[[17.04619584587981,49.77465388818162],[17.04619584587981,49.783647091818864],[17.055189049517057,49.783647091818864],[17.055189049517057,49.77465388818162],[17.04619584587981,49.77465388818162]]]}},{"type":"Feature","properties":{"jobs":11,"pop":31,"pointCount":2,"homeWorkCommuteMedian":32166,"workHomeCommuteMedian":8862},"geometry":{"type":"Polygon","coordinates":[[[17.04619584587981,49.783647091818864],[17.04619584587981,49.79264029545611],[17.055189049517057,49.79264029545611],[17.055189049517057,49.783647091818864],[17.04619584587981,49.783647091818864]]]}},{"type":"Feature","properties":{"jobs":0,"pop":68,"pointCount":4,"homeWorkCommuteMedian":10866,"workHomeCommuteMedian":-1},"geometry":{"type":"Polygon","coordinates":[[[17.04619584587981,49.79264029545611],[17.04619584587981,49.801633499093356],[17.055189049517057,49.801633499093356],[17.055189049517057,49.79264029545611],[17.04619584587981,49.79264029545611]]]}},{"type":"Feature","properties":{"jobs":0,"pop":25,"pointCount":1,"homeWorkCommuteMedian":2647,"workHomeCommuteMedian":-1},"geometry":{"type":"Polygon","coordinates":[[[17.04619584587981,49.8106267027306],[17.04619584587981,49.81961990636785],[17.055189049517057,49.81961990636785],[17.055189049517057,49.8106267027306],[17.04619584587981,49.8106267027306]]]}},{"type":"Feature","properties":{"jobs":13,"pop":44,"pointCount":4,"homeWorkCommuteMedian":45207,"workHomeCommuteMedian":477},"geometry":{"type":"Polygon","coordinates":[[[17.04619584587981,49.81961990636785],[17.04619584587981,49.828613110005094],[17.055189049517057,49.828613110005094],[17.055189049517057,49.81961990636785],[17.04619584587981,49.81961990636785]]]}},{"type":"Feature","properties":{"jobs":11,"pop":63,"pointCount":3,"homeWorkCommuteMedian":15296,"workHomeCommuteMedian":205},"geometry":{"type":"Polygon","coordinates":[[[17.04619584587981,49.828613110005094],[17.04619584587981,49.83760631364234],[17.055189049517057,49.83760631364234],[17.055189049517057,49.828613110005094],[17.04619584587981,49.828613110005094]]]}},{"type":"Feature","properties":{"jobs":0,"pop":10,"pointCount":1,"homeWorkCommuteMedian":10418,"workHomeCommuteMedian":-1},"geometry":{"type":"Polygon","coordinates":[[[17.04619584587981,49.83760631364234],[17.04619584587981,49.846599517279586],[17.055189049517057,49.846599517279586],[17.055189049517057,49.83760631364234],[17.04619584587981,49.83760631364234]]]}},{"type":"Feature","properties":{"jobs":30,"pop":129,"pointCount":7,"homeWorkCommuteMedian":16129,"workHomeCommuteMedian":339},"geometry":{"type":"Polygon","coordinates":[[[17.055189049517057,49.3609665208683],[17.055189049517057,49.36995972450555],[17.064182253154303,49.36995972450555],[17.064182253154303,49.3609665208683],[17.055189049517057,49.3609665208683]]]}},{"type":"Feature","properties":{"jobs":0,"pop":41,"pointCount":1,"homeWorkCommuteMedian":1724,"workHomeCommuteMedian":-1},"geometry":{"type":"Polygon","coordinates":[[[17.055189049517057,49.36995972450555],[17.055189049517057,49.378952928142795],[17.064182253154303,49.378952928142795],[17.064182253154303,49.36995972450555],[17.055189049517057,49.36995972450555]]]}},{"type":"Feature","properties":{"jobs":0,"pop":56,"pointCount":2,"homeWorkCommuteMedian":13893,"workHomeCommuteMedian":-1},"geometry":{"type":"Polygon","coordinates":[[[17.055189049517057,49.38794613178004],[17.055189049517057,49.39693933541729],[17.064182253154303,49.39693933541729],[17.064182253154303,49.38794613178004],[17.055189049517057,49.38794613178004]]]}},{"type":"Feature","properties":{"jobs":1,"pop":37,"pointCount":2,"homeWorkCommuteMedian":14242,"workHomeCommuteMedian":348},"geometry":{"type":"Polygon","coordinates":[[[17.055189049517057,49.40593253905453],[17.055189049517057,49.41492574269178],[17.064182253154303,49.41492574269178],[17.064182253154303,49.40593253905453],[17.055189049517057,49.40593253905453]]]}},{"type":"Feature","properties":{"jobs":22,"pop":77,"pointCount":3,"homeWorkCommuteMedian":9194,"workHomeCommuteMedian":256},"geometry":{"type":"Polygon","coordinates":[[[17.055189049517057,49.43291214996627],[17.055189049517057,49.44190535360352],[17.064182253154303,49.44190535360352],[17.064182253154303,49.43291214996627],[17.055189049517057,49.43291214996627]]]}},{"type":"Feature","properties":{"jobs":0,"pop":37,"pointCount":1,"homeWorkCommuteMedian":5883,"workHomeCommuteMedian":-1},"geometry":{"type":"Polygon","coordinates":[[[17.055189049517057,49.44190535360352],[17.055189049517057,49.45089855724076],[17.064182253154303,49.45089855724076],[17.064182253154303,49.44190535360352],[17.055189049517057,49.44190535360352]]]}},{"type":"Feature","properties":{"jobs":10,"pop":1,"pointCount":2,"homeWorkCommuteMedian":281,"workHomeCommuteMedian":3080},"geometry":{"type":"Polygon","coordinates":[[[17.055189049517057,49.45989176087801],[17.055189049517057,49.468884964515254],[17.064182253154303,49.468884964515254],[17.064182253154303,49.45989176087801],[17.055189049517057,49.45989176087801]]]}},{"type":"Feature","properties":{"jobs":12,"pop":59,"pointCount":2,"homeWorkCommuteMedian":7934,"workHomeCommuteMedian":6570},"geometry":{"type":"Polygon","coordinates":[[[17.055189049517057,49.468884964515254],[17.055189049517057,49.4778781681525],[17.064182253154303,49.4778781681525],[17.064182253154303,49.468884964515254],[17.055189049517057,49.468884964515254]]]}},{"type":"Feature","properties":{"jobs":118,"pop":452,"pointCount":22,"homeWorkCommuteMedian":9099,"workHomeCommuteMedian":4010},"geometry":{"type":"Polygon","coordinates":[[[17.055189049517057,49.50485777906424],[17.055189049517057,49.513850982701484],[17.064182253154303,49.513850982701484],[17.064182253154303,49.50485777906424],[17.055189049517057,49.50485777906424]]]}},{"type":"Feature","properties":{"jobs":264,"pop":330,"pointCount":16,"homeWorkCommuteMedian":8153,"workHomeCommuteMedian":7393},"geometry":{"type":"Polygon","coordinates":[[[17.055189049517057,49.513850982701484],[17.055189049517057,49.52284418633873],[17.064182253154303,49.52284418633873],[17.064182253154303,49.513850982701484],[17.055189049517057,49.513850982701484]]]}},{"type":"Feature","properties":{"jobs":0,"pop":54,"pointCount":2,"homeWorkCommuteMedian":15248,"workHomeCommuteMedian":-1},"geometry":{"type":"Polygon","coordinates":[[[17.055189049517057,49.52284418633873],[17.055189049517057,49.531837389975976],[17.064182253154303,49.531837389975976],[17.064182253154303,49.52284418633873],[17.055189049517057,49.52284418633873]]]}},{"type":"Feature","properties":{"jobs":11,"pop":23,"pointCount":2,"homeWorkCommuteMedian":10629,"workHomeCommuteMedian":159},"geometry":{"type":"Polygon","coordinates":[[[17.055189049517057,49.531837389975976],[17.055189049517057,49.54083059361322],[17.064182253154303,49.54083059361322],[17.064182253154303,49.531837389975976],[17.055189049517057,49.531837389975976]]]}},{"type":"Feature","properties":{"jobs":0,"pop":21,"pointCount":2,"homeWorkCommuteMedian":17214,"workHomeCommuteMedian":-1},"geometry":{"type":"Polygon","coordinates":[[[17.055189049517057,49.56781020452496],[17.055189049517057,49.576803408162206],[17.064182253154303,49.576803408162206],[17.064182253154303,49.56781020452496],[17.055189049517057,49.56781020452496]]]}},{"type":"Feature","properties":{"jobs":1,"pop":149,"pointCount":6,"homeWorkCommuteMedian":17322,"workHomeCommuteMedian":218},"geometry":{"type":"Polygon","coordinates":[[[17.055189049517057,49.576803408162206],[17.055189049517057,49.58579661179945],[17.064182253154303,49.58579661179945],[17.064182253154303,49.576803408162206],[17.055189049517057,49.576803408162206]]]}},{"type":"Feature","properties":{"jobs":113,"pop":119,"pointCount":9,"homeWorkCommuteMedian":21268,"workHomeCommuteMedian":11502},"geometry":{"type":"Polygon","coordinates":[[[17.055189049517057,49.5947898154367],[17.055189049517057,49.603783019073944],[17.064182253154303,49.603783019073944],[17.064182253154303,49.5947898154367],[17.055189049517057,49.5947898154367]]]}},{"type":"Feature","properties":{"jobs":17,"pop":105,"pointCount":5,"homeWorkCommuteMedian":17388,"workHomeCommuteMedian":2698},"geometry":{"type":"Polygon","coordinates":[[[17.055189049517057,49.603783019073944],[17.055189049517057,49.61277622271119],[17.064182253154303,49.61277622271119],[17.064182253154303,49.603783019073944],[17.055189049517057,49.603783019073944]]]}},{"type":"Feature","properties":{"jobs":11,"pop":123,"pointCount":5,"homeWorkCommuteMedian":15128,"workHomeCommuteMedian":388},"geometry":{"type":"Polygon","coordinates":[[[17.055189049517057,49.63076262998568],[17.055189049517057,49.63975583362293],[17.064182253154303,49.63975583362293],[17.064182253154303,49.63076262998568],[17.055189049517057,49.63076262998568]]]}},{"type":"Feature","properties":{"jobs":10,"pop":120,"pointCount":5,"homeWorkCommuteMedian":20254,"workHomeCommuteMedian":244},"geometry":{"type":"Polygon","coordinates":[[[17.055189049517057,49.63975583362293],[17.055189049517057,49.648749037260174],[17.064182253154303,49.648749037260174],[17.064182253154303,49.63975583362293],[17.055189049517057,49.63975583362293]]]}},{"type":"Feature","properties":{"jobs":12,"pop":86,"pointCount":5,"homeWorkCommuteMedian":20191,"workHomeCommuteMedian":8839},"geometry":{"type":"Polygon","coordinates":[[[17.055189049517057,49.648749037260174],[17.055189049517057,49.65774224089742],[17.064182253154303,49.65774224089742],[17.064182253154303,49.648749037260174],[17.055189049517057,49.648749037260174]]]}},{"type":"Feature","properties":{"jobs":117,"pop":185,"pointCount":5,"homeWorkCommuteMedian":19316,"workHomeCommuteMedian":3468},"geometry":{"type":"Polygon","coordinates":[[[17.055189049517057,49.68472185180916],[17.055189049517057,49.693715055446404],[17.064182253154303,49.693715055446404],[17.064182253154303,49.68472185180916],[17.055189049517057,49.68472185180916]]]}},{"type":"Feature","properties":{"jobs":7,"pop":0,"pointCount":1,"homeWorkCommuteMedian":-1,"workHomeCommuteMedian":2031},"geometry":{"type":"Polygon","coordinates":[[[17.055189049517057,49.70270825908365],[17.055189049517057,49.711701462720896],[17.064182253154303,49.711701462720896],[17.064182253154303,49.70270825908365],[17.055189049517057,49.70270825908365]]]}},{"type":"Feature","properties":{"jobs":32,"pop":0,"pointCount":1,"homeWorkCommuteMedian":-1,"workHomeCommuteMedian":3858},"geometry":{"type":"Polygon","coordinates":[[[17.055189049517057,49.72069466635814],[17.055189049517057,49.72968786999539],[17.064182253154303,49.72968786999539],[17.064182253154303,49.72069466635814],[17.055189049517057,49.72069466635814]]]}},{"type":"Feature","properties":{"jobs":97,"pop":253,"pointCount":12,"homeWorkCommuteMedian":6345,"workHomeCommuteMedian":4266},"geometry":{"type":"Polygon","coordinates":[[[17.055189049517057,49.783647091818864],[17.055189049517057,49.79264029545611],[17.064182253154303,49.79264029545611],[17.064182253154303,49.783647091818864],[17.055189049517057,49.783647091818864]]]}},{"type":"Feature","properties":{"jobs":0,"pop":28,"pointCount":2,"homeWorkCommuteMedian":14522,"workHomeCommuteMedian":-1},"geometry":{"type":"Polygon","coordinates":[[[17.055189049517057,49.801633499093356],[17.055189049517057,49.8106267027306],[17.064182253154303,49.8106267027306],[17.064182253154303,49.801633499093356],[17.055189049517057,49.801633499093356]]]}},{"type":"Feature","properties":{"jobs":0,"pop":21,"pointCount":1,"homeWorkCommuteMedian":8837,"workHomeCommuteMedian":-1},"geometry":{"type":"Polygon","coordinates":[[[17.055189049517057,49.828613110005094],[17.055189049517057,49.83760631364234],[17.064182253154303,49.83760631364234],[17.064182253154303,49.828613110005094],[17.055189049517057,49.828613110005094]]]}},{"type":"Feature","properties":{"jobs":19,"pop":60,"pointCount":4,"homeWorkCommuteMedian":15543,"workHomeCommuteMedian":167},"geometry":{"type":"Polygon","coordinates":[[[17.064182253154303,49.3609665208683],[17.064182253154303,49.36995972450555],[17.07317545679155,49.36995972450555],[17.07317545679155,49.3609665208683],[17.064182253154303,49.3609665208683]]]}},{"type":"Feature","properties":{"jobs":48,"pop":223,"pointCount":11,"homeWorkCommuteMedian":14320,"workHomeCommuteMedian":322},"geometry":{"type":"Polygon","coordinates":[[[17.064182253154303,49.378952928142795],[17.064182253154303,49.38794613178004],[17.07317545679155,49.38794613178004],[17.07317545679155,49.378952928142795],[17.064182253154303,49.378952928142795]]]}},{"type":"Feature","properties":{"jobs":11,"pop":201,"pointCount":8,"homeWorkCommuteMedian":13681,"workHomeCommuteMedian":3604},"geometry":{"type":"Polygon","coordinates":[[[17.064182253154303,49.38794613178004],[17.064182253154303,49.39693933541729],[17.07317545679155,49.39693933541729],[17.07317545679155,49.38794613178004],[17.064182253154303,49.38794613178004]]]}},{"type":"Feature","properties":{"jobs":0,"pop":21,"pointCount":1,"homeWorkCommuteMedian":31249,"workHomeCommuteMedian":-1},"geometry":{"type":"Polygon","coordinates":[[[17.064182253154303,49.39693933541729],[17.064182253154303,49.40593253905453],[17.07317545679155,49.40593253905453],[17.07317545679155,49.39693933541729],[17.064182253154303,49.39693933541729]]]}},{"type":"Feature","properties":{"jobs":17,"pop":245,"pointCount":10,"homeWorkCommuteMedian":8438,"workHomeCommuteMedian":390},"geometry":{"type":"Polygon","coordinates":[[[17.064182253154303,49.423918946329024],[17.064182253154303,49.43291214996627],[17.07317545679155,49.43291214996627],[17.07317545679155,49.423918946329024],[17.064182253154303,49.423918946329024]]]}},{"type":"Feature","properties":{"jobs":0,"pop":87,"pointCount":4,"homeWorkCommuteMedian":8513,"workHomeCommuteMedian":-1},"geometry":{"type":"Polygon","coordinates":[[[17.064182253154303,49.43291214996627],[17.064182253154303,49.44190535360352],[17.07317545679155,49.44190535360352],[17.07317545679155,49.43291214996627],[17.064182253154303,49.43291214996627]]]}},{"type":"Feature","properties":{"jobs":0,"pop":57,"pointCount":3,"homeWorkCommuteMedian":5252,"workHomeCommuteMedian":-1},"geometry":{"type":"Polygon","coordinates":[[[17.064182253154303,49.44190535360352],[17.064182253154303,49.45089855724076],[17.07317545679155,49.45089855724076],[17.07317545679155,49.44190535360352],[17.064182253154303,49.44190535360352]]]}},{"type":"Feature","properties":{"jobs":90,"pop":318,"pointCount":7,"homeWorkCommuteMedian":6183,"workHomeCommuteMedian":2496},"geometry":{"type":"Polygon","coordinates":[[[17.064182253154303,49.45989176087801],[17.064182253154303,49.468884964515254],[17.07317545679155,49.468884964515254],[17.07317545679155,49.45989176087801],[17.064182253154303,49.45989176087801]]]}},{"type":"Feature","properties":{"jobs":0,"pop":325,"pointCount":2,"homeWorkCommuteMedian":4538,"workHomeCommuteMedian":-1},"geometry":{"type":"Polygon","coordinates":[[[17.064182253154303,49.468884964515254],[17.064182253154303,49.4778781681525],[17.07317545679155,49.4778781681525],[17.07317545679155,49.468884964515254],[17.064182253154303,49.468884964515254]]]}},{"type":"Feature","properties":{"jobs":141,"pop":55,"pointCount":4,"homeWorkCommuteMedian":6268,"workHomeCommuteMedian":6522},"geometry":{"type":"Polygon","coordinates":[[[17.064182253154303,49.50485777906424],[17.064182253154303,49.513850982701484],[17.07317545679155,49.513850982701484],[17.07317545679155,49.50485777906424],[17.064182253154303,49.50485777906424]]]}},{"type":"Feature","properties":{"jobs":182,"pop":307,"pointCount":7,"homeWorkCommuteMedian":10986,"workHomeCommuteMedian":9248},"geometry":{"type":"Polygon","coordinates":[[[17.064182253154303,49.513850982701484],[17.064182253154303,49.52284418633873],[17.07317545679155,49.52284418633873],[17.07317545679155,49.513850982701484],[17.064182253154303,49.513850982701484]]]}},{"type":"Feature","properties":{"jobs":0,"pop":46,"pointCount":2,"homeWorkCommuteMedian":16547,"workHomeCommuteMedian":-1},"geometry":{"type":"Polygon","coordinates":[[[17.064182253154303,49.576803408162206],[17.064182253154303,49.58579661179945],[17.07317545679155,49.58579661179945],[17.07317545679155,49.576803408162206],[17.064182253154303,49.576803408162206]]]}},{"type":"Feature","properties":{"jobs":66,"pop":389,"pointCount":14,"homeWorkCommuteMedian":17780,"workHomeCommuteMedian":1615},"geometry":{"type":"Polygon","coordinates":[[[17.064182253154303,49.5947898154367],[17.064182253154303,49.603783019073944],[17.07317545679155,49.603783019073944],[17.07317545679155,49.5947898154367],[17.064182253154303,49.5947898154367]]]}},{"type":"Feature","properties":{"jobs":37,"pop":256,"pointCount":10,"homeWorkCommuteMedian":18864,"workHomeCommuteMedian":2743},"geometry":{"type":"Polygon","coordinates":[[[17.064182253154303,49.603783019073944],[17.064182253154303,49.61277622271119],[17.07317545679155,49.61277622271119],[17.07317545679155,49.603783019073944],[17.064182253154303,49.603783019073944]]]}},{"type":"Feature","properties":{"jobs":11,"pop":0,"pointCount":1,"homeWorkCommuteMedian":-1,"workHomeCommuteMedian":1132},"geometry":{"type":"Polygon","coordinates":[[[17.064182253154303,49.63076262998568],[17.064182253154303,49.63975583362293],[17.07317545679155,49.63975583362293],[17.07317545679155,49.63076262998568],[17.064182253154303,49.63076262998568]]]}},{"type":"Feature","properties":{"jobs":252,"pop":32,"pointCount":5,"homeWorkCommuteMedian":2394,"workHomeCommuteMedian":2784},"geometry":{"type":"Polygon","coordinates":[[[17.064182253154303,49.68472185180916],[17.064182253154303,49.693715055446404],[17.07317545679155,49.693715055446404],[17.07317545679155,49.68472185180916],[17.064182253154303,49.68472185180916]]]}},{"type":"Feature","properties":{"jobs":0,"pop":23,"pointCount":1,"homeWorkCommuteMedian":10484,"workHomeCommuteMedian":-1},"geometry":{"type":"Polygon","coordinates":[[[17.064182253154303,49.693715055446404],[17.064182253154303,49.70270825908365],[17.07317545679155,49.70270825908365],[17.07317545679155,49.693715055446404],[17.064182253154303,49.693715055446404]]]}},{"type":"Feature","properties":{"jobs":53,"pop":83,"pointCount":5,"homeWorkCommuteMedian":1710,"workHomeCommuteMedian":1515},"geometry":{"type":"Polygon","coordinates":[[[17.064182253154303,49.70270825908365],[17.064182253154303,49.711701462720896],[17.07317545679155,49.711701462720896],[17.07317545679155,49.70270825908365],[17.064182253154303,49.70270825908365]]]}},{"type":"Feature","properties":{"jobs":0,"pop":12,"pointCount":1,"homeWorkCommuteMedian":23041,"workHomeCommuteMedian":-1},"geometry":{"type":"Polygon","coordinates":[[[17.064182253154303,49.72069466635814],[17.064182253154303,49.72968786999539],[17.07317545679155,49.72968786999539],[17.07317545679155,49.72069466635814],[17.064182253154303,49.72069466635814]]]}},{"type":"Feature","properties":{"jobs":10,"pop":10,"pointCount":1,"homeWorkCommuteMedian":30180,"workHomeCommuteMedian":404},"geometry":{"type":"Polygon","coordinates":[[[17.064182253154303,49.76566068454437],[17.064182253154303,49.77465388818162],[17.07317545679155,49.77465388818162],[17.07317545679155,49.76566068454437],[17.064182253154303,49.76566068454437]]]}},{"type":"Feature","properties":{"jobs":88,"pop":104,"pointCount":6,"homeWorkCommuteMedian":13023,"workHomeCommuteMedian":4320},"geometry":{"type":"Polygon","coordinates":[[[17.064182253154303,49.77465388818162],[17.064182253154303,49.783647091818864],[17.07317545679155,49.783647091818864],[17.07317545679155,49.77465388818162],[17.064182253154303,49.77465388818162]]]}},{"type":"Feature","properties":{"jobs":12,"pop":95,"pointCount":3,"homeWorkCommuteMedian":32343,"workHomeCommuteMedian":2566},"geometry":{"type":"Polygon","coordinates":[[[17.064182253154303,49.783647091818864],[17.064182253154303,49.79264029545611],[17.07317545679155,49.79264029545611],[17.07317545679155,49.783647091818864],[17.064182253154303,49.783647091818864]]]}},{"type":"Feature","properties":{"jobs":14,"pop":14,"pointCount":1,"homeWorkCommuteMedian":9274,"workHomeCommuteMedian":1026},"geometry":{"type":"Polygon","coordinates":[[[17.064182253154303,49.8106267027306],[17.064182253154303,49.81961990636785],[17.07317545679155,49.81961990636785],[17.07317545679155,49.8106267027306],[17.064182253154303,49.8106267027306]]]}},{"type":"Feature","properties":{"jobs":0,"pop":83,"pointCount":4,"homeWorkCommuteMedian":14827,"workHomeCommuteMedian":-1},"geometry":{"type":"Polygon","coordinates":[[[17.064182253154303,49.81961990636785],[17.064182253154303,49.828613110005094],[17.07317545679155,49.828613110005094],[17.07317545679155,49.81961990636785],[17.064182253154303,49.81961990636785]]]}},{"type":"Feature","properties":{"jobs":6,"pop":19,"pointCount":1,"homeWorkCommuteMedian":2752,"workHomeCommuteMedian":199},"geometry":{"type":"Polygon","coordinates":[[[17.064182253154303,49.828613110005094],[17.064182253154303,49.83760631364234],[17.07317545679155,49.83760631364234],[17.07317545679155,49.828613110005094],[17.064182253154303,49.828613110005094]]]}},{"type":"Feature","properties":{"jobs":90,"pop":99,"pointCount":7,"homeWorkCommuteMedian":12681,"workHomeCommuteMedian":903},"geometry":{"type":"Polygon","coordinates":[[[17.07317545679155,49.378952928142795],[17.07317545679155,49.38794613178004],[17.082168660428795,49.38794613178004],[17.082168660428795,49.378952928142795],[17.07317545679155,49.378952928142795]]]}},{"type":"Feature","properties":{"jobs":0,"pop":42,"pointCount":2,"homeWorkCommuteMedian":24088,"workHomeCommuteMedian":-1},"geometry":{"type":"Polygon","coordinates":[[[17.07317545679155,49.38794613178004],[17.07317545679155,49.39693933541729],[17.082168660428795,49.39693933541729],[17.082168660428795,49.38794613178004],[17.07317545679155,49.38794613178004]]]}},{"type":"Feature","properties":{"jobs":0,"pop":25,"pointCount":2,"homeWorkCommuteMedian":28957,"workHomeCommuteMedian":-1},"geometry":{"type":"Polygon","coordinates":[[[17.07317545679155,49.40593253905453],[17.07317545679155,49.41492574269178],[17.082168660428795,49.41492574269178],[17.082168660428795,49.40593253905453],[17.07317545679155,49.40593253905453]]]}},{"type":"Feature","properties":{"jobs":0,"pop":70,"pointCount":4,"homeWorkCommuteMedian":12104,"workHomeCommuteMedian":-1},"geometry":{"type":"Polygon","coordinates":[[[17.07317545679155,49.41492574269178],[17.07317545679155,49.423918946329024],[17.082168660428795,49.423918946329024],[17.082168660428795,49.41492574269178],[17.07317545679155,49.41492574269178]]]}},{"type":"Feature","properties":{"jobs":198,"pop":321,"pointCount":15,"homeWorkCommuteMedian":7104,"workHomeCommuteMedian":5325},"geometry":{"type":"Polygon","coordinates":[[[17.07317545679155,49.423918946329024],[17.07317545679155,49.43291214996627],[17.082168660428795,49.43291214996627],[17.082168660428795,49.423918946329024],[17.07317545679155,49.423918946329024]]]}},{"type":"Feature","properties":{"jobs":51,"pop":10,"pointCount":2,"homeWorkCommuteMedian":29450,"workHomeCommuteMedian":3413},"geometry":{"type":"Polygon","coordinates":[[[17.07317545679155,49.43291214996627],[17.07317545679155,49.44190535360352],[17.082168660428795,49.44190535360352],[17.082168660428795,49.43291214996627],[17.07317545679155,49.43291214996627]]]}},{"type":"Feature","properties":{"jobs":71,"pop":764,"pointCount":5,"homeWorkCommuteMedian":4652,"workHomeCommuteMedian":7480},"geometry":{"type":"Polygon","coordinates":[[[17.07317545679155,49.45989176087801],[17.07317545679155,49.468884964515254],[17.082168660428795,49.468884964515254],[17.082168660428795,49.45989176087801],[17.07317545679155,49.45989176087801]]]}},{"type":"Feature","properties":{"jobs":72,"pop":342,"pointCount":5,"homeWorkCommuteMedian":6169,"workHomeCommuteMedian":1696},"geometry":{"type":"Polygon","coordinates":[[[17.07317545679155,49.468884964515254],[17.07317545679155,49.4778781681525],[17.082168660428795,49.4778781681525],[17.082168660428795,49.468884964515254],[17.07317545679155,49.468884964515254]]]}},{"type":"Feature","properties":{"jobs":17,"pop":0,"pointCount":1,"homeWorkCommuteMedian":-1,"workHomeCommuteMedian":7119},"geometry":{"type":"Polygon","coordinates":[[[17.07317545679155,49.50485777906424],[17.07317545679155,49.513850982701484],[17.082168660428795,49.513850982701484],[17.082168660428795,49.50485777906424],[17.07317545679155,49.50485777906424]]]}},{"type":"Feature","properties":{"jobs":58,"pop":124,"pointCount":6,"homeWorkCommuteMedian":17056,"workHomeCommuteMedian":2362},"geometry":{"type":"Polygon","coordinates":[[[17.07317545679155,49.56781020452496],[17.07317545679155,49.576803408162206],[17.082168660428795,49.576803408162206],[17.082168660428795,49.56781020452496],[17.07317545679155,49.56781020452496]]]}},{"type":"Feature","properties":{"jobs":84,"pop":389,"pointCount":17,"homeWorkCommuteMedian":15572,"workHomeCommuteMedian":2708},"geometry":{"type":"Polygon","coordinates":[[[17.07317545679155,49.576803408162206],[17.07317545679155,49.58579661179945],[17.082168660428795,49.58579661179945],[17.082168660428795,49.576803408162206],[17.07317545679155,49.576803408162206]]]}},{"type":"Feature","properties":{"jobs":42,"pop":382,"pointCount":14,"homeWorkCommuteMedian":16081,"workHomeCommuteMedian":1408},"geometry":{"type":"Polygon","coordinates":[[[17.07317545679155,49.5947898154367],[17.07317545679155,49.603783019073944],[17.082168660428795,49.603783019073944],[17.082168660428795,49.5947898154367],[17.07317545679155,49.5947898154367]]]}},{"type":"Feature","properties":{"jobs":0,"pop":23,"pointCount":1,"homeWorkCommuteMedian":21081,"workHomeCommuteMedian":-1},"geometry":{"type":"Polygon","coordinates":[[[17.07317545679155,49.621769426348436],[17.07317545679155,49.63076262998568],[17.082168660428795,49.63076262998568],[17.082168660428795,49.621769426348436],[17.07317545679155,49.621769426348436]]]}},{"type":"Feature","properties":{"jobs":0,"pop":27,"pointCount":1,"homeWorkCommuteMedian":8678,"workHomeCommuteMedian":-1},"geometry":{"type":"Polygon","coordinates":[[[17.07317545679155,49.63975583362293],[17.07317545679155,49.648749037260174],[17.082168660428795,49.648749037260174],[17.082168660428795,49.63975583362293],[17.07317545679155,49.63975583362293]]]}},{"type":"Feature","properties":{"jobs":16,"pop":98,"pointCount":3,"homeWorkCommuteMedian":19049,"workHomeCommuteMedian":126},"geometry":{"type":"Polygon","coordinates":[[[17.07317545679155,49.648749037260174],[17.07317545679155,49.65774224089742],[17.082168660428795,49.65774224089742],[17.082168660428795,49.648749037260174],[17.07317545679155,49.648749037260174]]]}},{"type":"Feature","properties":{"jobs":224,"pop":242,"pointCount":8,"homeWorkCommuteMedian":4215,"workHomeCommuteMedian":4645},"geometry":{"type":"Polygon","coordinates":[[[17.07317545679155,49.68472185180916],[17.07317545679155,49.693715055446404],[17.082168660428795,49.693715055446404],[17.082168660428795,49.68472185180916],[17.07317545679155,49.68472185180916]]]}},{"type":"Feature","properties":{"jobs":1844,"pop":839,"pointCount":12,"homeWorkCommuteMedian":9774,"workHomeCommuteMedian":9010},"geometry":{"type":"Polygon","coordinates":[[[17.07317545679155,49.693715055446404],[17.07317545679155,49.70270825908365],[17.082168660428795,49.70270825908365],[17.082168660428795,49.693715055446404],[17.07317545679155,49.693715055446404]]]}},{"type":"Feature","properties":{"jobs":370,"pop":2016,"pointCount":16,"homeWorkCommuteMedian":10566,"workHomeCommuteMedian":3613},"geometry":{"type":"Polygon","coordinates":[[[17.07317545679155,49.70270825908365],[17.07317545679155,49.711701462720896],[17.082168660428795,49.711701462720896],[17.082168660428795,49.70270825908365],[17.07317545679155,49.70270825908365]]]}},{"type":"Feature","properties":{"jobs":254,"pop":123,"pointCount":7,"homeWorkCommuteMedian":20615,"workHomeCommuteMedian":3740},"geometry":{"type":"Polygon","coordinates":[[[17.07317545679155,49.711701462720896],[17.07317545679155,49.72069466635814],[17.082168660428795,49.72069466635814],[17.082168660428795,49.711701462720896],[17.07317545679155,49.711701462720896]]]}},{"type":"Feature","properties":{"jobs":63,"pop":123,"pointCount":8,"homeWorkCommuteMedian":21750,"workHomeCommuteMedian":14518},"geometry":{"type":"Polygon","coordinates":[[[17.07317545679155,49.72069466635814],[17.07317545679155,49.72968786999539],[17.082168660428795,49.72968786999539],[17.082168660428795,49.72069466635814],[17.07317545679155,49.72069466635814]]]}},{"type":"Feature","properties":{"jobs":0,"pop":61,"pointCount":2,"homeWorkCommuteMedian":5919,"workHomeCommuteMedian":-1},"geometry":{"type":"Polygon","coordinates":[[[17.07317545679155,49.756667480907126],[17.07317545679155,49.76566068454437],[17.082168660428795,49.76566068454437],[17.082168660428795,49.756667480907126],[17.07317545679155,49.756667480907126]]]}},{"type":"Feature","properties":{"jobs":0,"pop":29,"pointCount":2,"homeWorkCommuteMedian":27940,"workHomeCommuteMedian":-1},"geometry":{"type":"Polygon","coordinates":[[[17.07317545679155,49.76566068454437],[17.07317545679155,49.77465388818162],[17.082168660428795,49.77465388818162],[17.082168660428795,49.76566068454437],[17.07317545679155,49.76566068454437]]]}},{"type":"Feature","properties":{"jobs":190,"pop":305,"pointCount":14,"homeWorkCommuteMedian":15207,"workHomeCommuteMedian":3792},"geometry":{"type":"Polygon","coordinates":[[[17.07317545679155,49.8106267027306],[17.07317545679155,49.81961990636785],[17.082168660428795,49.81961990636785],[17.082168660428795,49.8106267027306],[17.07317545679155,49.8106267027306]]]}},{"type":"Feature","properties":{"jobs":0,"pop":82,"pointCount":3,"homeWorkCommuteMedian":17187,"workHomeCommuteMedian":-1},"geometry":{"type":"Polygon","coordinates":[[[17.07317545679155,49.828613110005094],[17.07317545679155,49.83760631364234],[17.082168660428795,49.83760631364234],[17.082168660428795,49.828613110005094],[17.07317545679155,49.828613110005094]]]}},{"type":"Feature","properties":{"jobs":0,"pop":12,"pointCount":1,"homeWorkCommuteMedian":16799,"workHomeCommuteMedian":-1},"geometry":{"type":"Polygon","coordinates":[[[17.082168660428795,49.34298011359381],[17.082168660428795,49.35197331723106],[17.09116186406604,49.35197331723106],[17.09116186406604,49.34298011359381],[17.082168660428795,49.34298011359381]]]}},{"type":"Feature","properties":{"jobs":168,"pop":192,"pointCount":10,"homeWorkCommuteMedian":13483,"workHomeCommuteMedian":2903},"geometry":{"type":"Polygon","coordinates":[[[17.082168660428795,49.3609665208683],[17.082168660428795,49.36995972450555],[17.09116186406604,49.36995972450555],[17.09116186406604,49.3609665208683],[17.082168660428795,49.3609665208683]]]}},{"type":"Feature","properties":{"jobs":39,"pop":121,"pointCount":6,"homeWorkCommuteMedian":12954,"workHomeCommuteMedian":668},"geometry":{"type":"Polygon","coordinates":[[[17.082168660428795,49.36995972450555],[17.082168660428795,49.378952928142795],[17.09116186406604,49.378952928142795],[17.09116186406604,49.36995972450555],[17.082168660428795,49.36995972450555]]]}},{"type":"Feature","properties":{"jobs":12,"pop":0,"pointCount":1,"homeWorkCommuteMedian":-1,"workHomeCommuteMedian":670},"geometry":{"type":"Polygon","coordinates":[[[17.082168660428795,49.40593253905453],[17.082168660428795,49.41492574269178],[17.09116186406604,49.41492574269178],[17.09116186406604,49.40593253905453],[17.082168660428795,49.40593253905453]]]}},{"type":"Feature","properties":{"jobs":15,"pop":158,"pointCount":5,"homeWorkCommuteMedian":11527,"workHomeCommuteMedian":505},"geometry":{"type":"Polygon","coordinates":[[[17.082168660428795,49.41492574269178],[17.082168660428795,49.423918946329024],[17.09116186406604,49.423918946329024],[17.09116186406604,49.41492574269178],[17.082168660428795,49.41492574269178]]]}},{"type":"Feature","properties":{"jobs":20,"pop":76,"pointCount":4,"homeWorkCommuteMedian":5377,"workHomeCommuteMedian":8469},"geometry":{"type":"Polygon","coordinates":[[[17.082168660428795,49.423918946329024],[17.082168660428795,49.43291214996627],[17.09116186406604,49.43291214996627],[17.09116186406604,49.423918946329024],[17.082168660428795,49.423918946329024]]]}},{"type":"Feature","properties":{"jobs":548,"pop":829,"pointCount":8,"homeWorkCommuteMedian":5020,"workHomeCommuteMedian":3121},"geometry":{"type":"Polygon","coordinates":[[[17.082168660428795,49.45989176087801],[17.082168660428795,49.468884964515254],[17.09116186406604,49.468884964515254],[17.09116186406604,49.45989176087801],[17.082168660428795,49.45989176087801]]]}},{"type":"Feature","properties":{"jobs":5055,"pop":1979,"pointCount":14,"homeWorkCommuteMedian":3921,"workHomeCommuteMedian":10267},"geometry":{"type":"Polygon","coordinates":[[[17.082168660428795,49.468884964515254],[17.082168660428795,49.4778781681525],[17.09116186406604,49.4778781681525],[17.09116186406604,49.468884964515254],[17.082168660428795,49.468884964515254]]]}},{"type":"Feature","properties":{"jobs":0,"pop":2,"pointCount":1,"homeWorkCommuteMedian":2498,"workHomeCommuteMedian":-1},"geometry":{"type":"Polygon","coordinates":[[[17.082168660428795,49.4778781681525],[17.082168660428795,49.486871371789746],[17.09116186406604,49.486871371789746],[17.09116186406604,49.4778781681525],[17.082168660428795,49.4778781681525]]]}},{"type":"Feature","properties":{"jobs":46,"pop":0,"pointCount":2,"homeWorkCommuteMedian":-1,"workHomeCommuteMedian":18885},"geometry":{"type":"Polygon","coordinates":[[[17.082168660428795,49.49586457542699],[17.082168660428795,49.50485777906424],[17.09116186406604,49.50485777906424],[17.09116186406604,49.49586457542699],[17.082168660428795,49.49586457542699]]]}},{"type":"Feature","properties":{"jobs":144,"pop":0,"pointCount":1,"homeWorkCommuteMedian":-1,"workHomeCommuteMedian":8175},"geometry":{"type":"Polygon","coordinates":[[[17.082168660428795,49.50485777906424],[17.082168660428795,49.513850982701484],[17.09116186406604,49.513850982701484],[17.09116186406604,49.50485777906424],[17.082168660428795,49.50485777906424]]]}},{"type":"Feature","properties":{"jobs":0,"pop":194,"pointCount":6,"homeWorkCommuteMedian":8271,"workHomeCommuteMedian":-1},"geometry":{"type":"Polygon","coordinates":[[[17.082168660428795,49.513850982701484],[17.082168660428795,49.52284418633873],[17.09116186406604,49.52284418633873],[17.09116186406604,49.513850982701484],[17.082168660428795,49.513850982701484]]]}},{"type":"Feature","properties":{"jobs":0,"pop":57,"pointCount":3,"homeWorkCommuteMedian":11422,"workHomeCommuteMedian":-1},"geometry":{"type":"Polygon","coordinates":[[[17.082168660428795,49.54083059361322],[17.082168660428795,49.54982379725047],[17.09116186406604,49.54982379725047],[17.09116186406604,49.54083059361322],[17.082168660428795,49.54083059361322]]]}},{"type":"Feature","properties":{"jobs":0,"pop":70,"pointCount":2,"homeWorkCommuteMedian":17272,"workHomeCommuteMedian":-1},"geometry":{"type":"Polygon","coordinates":[[[17.082168660428795,49.54982379725047],[17.082168660428795,49.558817000887714],[17.09116186406604,49.558817000887714],[17.09116186406604,49.54982379725047],[17.082168660428795,49.54982379725047]]]}},{"type":"Feature","properties":{"jobs":116,"pop":0,"pointCount":1,"homeWorkCommuteMedian":-1,"workHomeCommuteMedian":7351},"geometry":{"type":"Polygon","coordinates":[[[17.082168660428795,49.558817000887714],[17.082168660428795,49.56781020452496],[17.09116186406604,49.56781020452496],[17.09116186406604,49.558817000887714],[17.082168660428795,49.558817000887714]]]}},{"type":"Feature","properties":{"jobs":27,"pop":0,"pointCount":1,"homeWorkCommuteMedian":-1,"workHomeCommuteMedian":2228},"geometry":{"type":"Polygon","coordinates":[[[17.082168660428795,49.576803408162206],[17.082168660428795,49.58579661179945],[17.09116186406604,49.58579661179945],[17.09116186406604,49.576803408162206],[17.082168660428795,49.576803408162206]]]}},{"type":"Feature","properties":{"jobs":46,"pop":132,"pointCount":9,"homeWorkCommuteMedian":16493,"workHomeCommuteMedian":705},"geometry":{"type":"Polygon","coordinates":[[[17.082168660428795,49.5947898154367],[17.082168660428795,49.603783019073944],[17.09116186406604,49.603783019073944],[17.09116186406604,49.5947898154367],[17.082168660428795,49.5947898154367]]]}},{"type":"Feature","properties":{"jobs":11,"pop":45,"pointCount":3,"homeWorkCommuteMedian":20990,"workHomeCommuteMedian":822},"geometry":{"type":"Polygon","coordinates":[[[17.082168660428795,49.603783019073944],[17.082168660428795,49.61277622271119],[17.09116186406604,49.61277622271119],[17.09116186406604,49.603783019073944],[17.082168660428795,49.603783019073944]]]}},{"type":"Feature","properties":{"jobs":10,"pop":95,"pointCount":4,"homeWorkCommuteMedian":24931,"workHomeCommuteMedian":11071},"geometry":{"type":"Polygon","coordinates":[[[17.082168660428795,49.61277622271119],[17.082168660428795,49.621769426348436],[17.09116186406604,49.621769426348436],[17.09116186406604,49.61277622271119],[17.082168660428795,49.61277622271119]]]}},{"type":"Feature","properties":{"jobs":247,"pop":562,"pointCount":22,"homeWorkCommuteMedian":19841,"workHomeCommuteMedian":8597},"geometry":{"type":"Polygon","coordinates":[[[17.082168660428795,49.621769426348436],[17.082168660428795,49.63076262998568],[17.09116186406604,49.63076262998568],[17.09116186406604,49.621769426348436],[17.082168660428795,49.621769426348436]]]}},{"type":"Feature","properties":{"jobs":0,"pop":11,"pointCount":1,"homeWorkCommuteMedian":19788,"workHomeCommuteMedian":-1},"geometry":{"type":"Polygon","coordinates":[[[17.082168660428795,49.63975583362293],[17.082168660428795,49.648749037260174],[17.09116186406604,49.648749037260174],[17.09116186406604,49.63975583362293],[17.082168660428795,49.63975583362293]]]}},{"type":"Feature","properties":{"jobs":0,"pop":1,"pointCount":1,"homeWorkCommuteMedian":17930,"workHomeCommuteMedian":-1},"geometry":{"type":"Polygon","coordinates":[[[17.082168660428795,49.68472185180916],[17.082168660428795,49.693715055446404],[17.09116186406604,49.693715055446404],[17.09116186406604,49.68472185180916],[17.082168660428795,49.68472185180916]]]}},{"type":"Feature","properties":{"jobs":129,"pop":398,"pointCount":4,"homeWorkCommuteMedian":10303,"workHomeCommuteMedian":1822},"geometry":{"type":"Polygon","coordinates":[[[17.082168660428795,49.693715055446404],[17.082168660428795,49.70270825908365],[17.09116186406604,49.70270825908365],[17.09116186406604,49.693715055446404],[17.082168660428795,49.693715055446404]]]}},{"type":"Feature","properties":{"jobs":21,"pop":46,"pointCount":2,"homeWorkCommuteMedian":20268,"workHomeCommuteMedian":10416},"geometry":{"type":"Polygon","coordinates":[[[17.082168660428795,49.70270825908365],[17.082168660428795,49.711701462720896],[17.09116186406604,49.711701462720896],[17.09116186406604,49.70270825908365],[17.082168660428795,49.70270825908365]]]}},{"type":"Feature","properties":{"jobs":204,"pop":529,"pointCount":18,"homeWorkCommuteMedian":10523,"workHomeCommuteMedian":7975},"geometry":{"type":"Polygon","coordinates":[[[17.082168660428795,49.711701462720896],[17.082168660428795,49.72069466635814],[17.09116186406604,49.72069466635814],[17.09116186406604,49.711701462720896],[17.082168660428795,49.711701462720896]]]}},{"type":"Feature","properties":{"jobs":165,"pop":32,"pointCount":3,"homeWorkCommuteMedian":23512,"workHomeCommuteMedian":8962},"geometry":{"type":"Polygon","coordinates":[[[17.082168660428795,49.72069466635814],[17.082168660428795,49.72968786999539],[17.09116186406604,49.72968786999539],[17.09116186406604,49.72069466635814],[17.082168660428795,49.72069466635814]]]}},{"type":"Feature","properties":{"jobs":18,"pop":0,"pointCount":1,"homeWorkCommuteMedian":-1,"workHomeCommuteMedian":3201},"geometry":{"type":"Polygon","coordinates":[[[17.082168660428795,49.738681073632634],[17.082168660428795,49.74767427726988],[17.09116186406604,49.74767427726988],[17.09116186406604,49.738681073632634],[17.082168660428795,49.738681073632634]]]}},{"type":"Feature","properties":{"jobs":10,"pop":158,"pointCount":7,"homeWorkCommuteMedian":12296,"workHomeCommuteMedian":3732},"geometry":{"type":"Polygon","coordinates":[[[17.082168660428795,49.74767427726988],[17.082168660428795,49.756667480907126],[17.09116186406604,49.756667480907126],[17.09116186406604,49.74767427726988],[17.082168660428795,49.74767427726988]]]}},{"type":"Feature","properties":{"jobs":32,"pop":172,"pointCount":8,"homeWorkCommuteMedian":22606,"workHomeCommuteMedian":5571},"geometry":{"type":"Polygon","coordinates":[[[17.082168660428795,49.8106267027306],[17.082168660428795,49.81961990636785],[17.09116186406604,49.81961990636785],[17.09116186406604,49.8106267027306],[17.082168660428795,49.8106267027306]]]}},{"type":"Feature","properties":{"jobs":19,"pop":51,"pointCount":2,"homeWorkCommuteMedian":12936,"workHomeCommuteMedian":816},"geometry":{"type":"Polygon","coordinates":[[[17.082168660428795,49.828613110005094],[17.082168660428795,49.83760631364234],[17.09116186406604,49.83760631364234],[17.09116186406604,49.828613110005094],[17.082168660428795,49.828613110005094]]]}},{"type":"Feature","properties":{"jobs":0,"pop":72,"pointCount":2,"homeWorkCommuteMedian":21337,"workHomeCommuteMedian":-1},"geometry":{"type":"Polygon","coordinates":[[[17.082168660428795,49.83760631364234],[17.082168660428795,49.846599517279586],[17.09116186406604,49.846599517279586],[17.09116186406604,49.83760631364234],[17.082168660428795,49.83760631364234]]]}},{"type":"Feature","properties":{"jobs":24,"pop":144,"pointCount":8,"homeWorkCommuteMedian":16054,"workHomeCommuteMedian":562},"geometry":{"type":"Polygon","coordinates":[[[17.09116186406604,49.34298011359381],[17.09116186406604,49.35197331723106],[17.100155067703287,49.35197331723106],[17.100155067703287,49.34298011359381],[17.09116186406604,49.34298011359381]]]}},{"type":"Feature","properties":{"jobs":0,"pop":136,"pointCount":5,"homeWorkCommuteMedian":30143,"workHomeCommuteMedian":-1},"geometry":{"type":"Polygon","coordinates":[[[17.09116186406604,49.3609665208683],[17.09116186406604,49.36995972450555],[17.100155067703287,49.36995972450555],[17.100155067703287,49.3609665208683],[17.09116186406604,49.3609665208683]]]}},{"type":"Feature","properties":{"jobs":46,"pop":204,"pointCount":9,"homeWorkCommuteMedian":13661,"workHomeCommuteMedian":12407},"geometry":{"type":"Polygon","coordinates":[[[17.09116186406604,49.36995972450555],[17.09116186406604,49.378952928142795],[17.100155067703287,49.378952928142795],[17.100155067703287,49.36995972450555],[17.09116186406604,49.36995972450555]]]}},{"type":"Feature","properties":{"jobs":0,"pop":11,"pointCount":1,"homeWorkCommuteMedian":10912,"workHomeCommuteMedian":-1},"geometry":{"type":"Polygon","coordinates":[[[17.09116186406604,49.378952928142795],[17.09116186406604,49.38794613178004],[17.100155067703287,49.38794613178004],[17.100155067703287,49.378952928142795],[17.09116186406604,49.378952928142795]]]}},{"type":"Feature","properties":{"jobs":20,"pop":65,"pointCount":3,"homeWorkCommuteMedian":9336,"workHomeCommuteMedian":905},"geometry":{"type":"Polygon","coordinates":[[[17.09116186406604,49.39693933541729],[17.09116186406604,49.40593253905453],[17.100155067703287,49.40593253905453],[17.100155067703287,49.39693933541729],[17.09116186406604,49.39693933541729]]]}},{"type":"Feature","properties":{"jobs":41,"pop":0,"pointCount":1,"homeWorkCommuteMedian":-1,"workHomeCommuteMedian":3370},"geometry":{"type":"Polygon","coordinates":[[[17.09116186406604,49.45089855724076],[17.09116186406604,49.45989176087801],[17.100155067703287,49.45989176087801],[17.100155067703287,49.45089855724076],[17.09116186406604,49.45089855724076]]]}},{"type":"Feature","properties":{"jobs":186,"pop":1131,"pointCount":6,"homeWorkCommuteMedian":4435,"workHomeCommuteMedian":4309},"geometry":{"type":"Polygon","coordinates":[[[17.09116186406604,49.45989176087801],[17.09116186406604,49.468884964515254],[17.100155067703287,49.468884964515254],[17.100155067703287,49.45989176087801],[17.09116186406604,49.45989176087801]]]}},{"type":"Feature","properties":{"jobs":284,"pop":2992,"pointCount":16,"homeWorkCommuteMedian":4228,"workHomeCommuteMedian":2068},"geometry":{"type":"Polygon","coordinates":[[[17.09116186406604,49.468884964515254],[17.09116186406604,49.4778781681525],[17.100155067703287,49.4778781681525],[17.100155067703287,49.468884964515254],[17.09116186406604,49.468884964515254]]]}},{"type":"Feature","properties":{"jobs":79,"pop":200,"pointCount":6,"homeWorkCommuteMedian":5060,"workHomeCommuteMedian":3073},"geometry":{"type":"Polygon","coordinates":[[[17.09116186406604,49.4778781681525],[17.09116186406604,49.486871371789746],[17.100155067703287,49.486871371789746],[17.100155067703287,49.4778781681525],[17.09116186406604,49.4778781681525]]]}},{"type":"Feature","properties":{"jobs":0,"pop":117,"pointCount":4,"homeWorkCommuteMedian":7905,"workHomeCommuteMedian":-1},"geometry":{"type":"Polygon","coordinates":[[[17.09116186406604,49.49586457542699],[17.09116186406604,49.50485777906424],[17.100155067703287,49.50485777906424],[17.100155067703287,49.49586457542699],[17.09116186406604,49.49586457542699]]]}},{"type":"Feature","properties":{"jobs":17,"pop":94,"pointCount":4,"homeWorkCommuteMedian":8490,"workHomeCommuteMedian":1024},"geometry":{"type":"Polygon","coordinates":[[[17.09116186406604,49.50485777906424],[17.09116186406604,49.513850982701484],[17.100155067703287,49.513850982701484],[17.100155067703287,49.50485777906424],[17.09116186406604,49.50485777906424]]]}},{"type":"Feature","properties":{"jobs":46,"pop":152,"pointCount":9,"homeWorkCommuteMedian":8204,"workHomeCommuteMedian":644},"geometry":{"type":"Polygon","coordinates":[[[17.09116186406604,49.513850982701484],[17.09116186406604,49.52284418633873],[17.100155067703287,49.52284418633873],[17.100155067703287,49.513850982701484],[17.09116186406604,49.513850982701484]]]}},{"type":"Feature","properties":{"jobs":26,"pop":168,"pointCount":8,"homeWorkCommuteMedian":11455,"workHomeCommuteMedian":308},"geometry":{"type":"Polygon","coordinates":[[[17.09116186406604,49.54083059361322],[17.09116186406604,49.54982379725047],[17.100155067703287,49.54982379725047],[17.100155067703287,49.54083059361322],[17.09116186406604,49.54083059361322]]]}},{"type":"Feature","properties":{"jobs":345,"pop":202,"pointCount":11,"homeWorkCommuteMedian":15381,"workHomeCommuteMedian":12493},"geometry":{"type":"Polygon","coordinates":[[[17.09116186406604,49.558817000887714],[17.09116186406604,49.56781020452496],[17.100155067703287,49.56781020452496],[17.100155067703287,49.558817000887714],[17.09116186406604,49.558817000887714]]]}},{"type":"Feature","properties":{"jobs":51,"pop":0,"pointCount":1,"homeWorkCommuteMedian":-1,"workHomeCommuteMedian":3545},"geometry":{"type":"Polygon","coordinates":[[[17.09116186406604,49.61277622271119],[17.09116186406604,49.621769426348436],[17.100155067703287,49.621769426348436],[17.100155067703287,49.61277622271119],[17.09116186406604,49.61277622271119]]]}},{"type":"Feature","properties":{"jobs":21,"pop":73,"pointCount":3,"homeWorkCommuteMedian":22367,"workHomeCommuteMedian":434},"geometry":{"type":"Polygon","coordinates":[[[17.09116186406604,49.621769426348436],[17.09116186406604,49.63076262998568],[17.100155067703287,49.63076262998568],[17.100155067703287,49.621769426348436],[17.09116186406604,49.621769426348436]]]}},{"type":"Feature","properties":{"jobs":12,"pop":0,"pointCount":1,"homeWorkCommuteMedian":-1,"workHomeCommuteMedian":5144},"geometry":{"type":"Polygon","coordinates":[[[17.09116186406604,49.666735444534666],[17.09116186406604,49.67572864817191],[17.100155067703287,49.67572864817191],[17.100155067703287,49.666735444534666],[17.09116186406604,49.666735444534666]]]}},{"type":"Feature","properties":{"jobs":10,"pop":121,"pointCount":8,"homeWorkCommuteMedian":6826,"workHomeCommuteMedian":268},"geometry":{"type":"Polygon","coordinates":[[[17.09116186406604,49.67572864817191],[17.09116186406604,49.68472185180916],[17.100155067703287,49.68472185180916],[17.100155067703287,49.67572864817191],[17.09116186406604,49.67572864817191]]]}},{"type":"Feature","properties":{"jobs":76,"pop":0,"pointCount":1,"homeWorkCommuteMedian":-1,"workHomeCommuteMedian":11426},"geometry":{"type":"Polygon","coordinates":[[[17.09116186406604,49.711701462720896],[17.09116186406604,49.72069466635814],[17.100155067703287,49.72069466635814],[17.100155067703287,49.711701462720896],[17.09116186406604,49.711701462720896]]]}},{"type":"Feature","properties":{"jobs":127,"pop":14,"pointCount":4,"homeWorkCommuteMedian":18608,"workHomeCommuteMedian":6082},"geometry":{"type":"Polygon","coordinates":[[[17.09116186406604,49.72069466635814],[17.09116186406604,49.72968786999539],[17.100155067703287,49.72968786999539],[17.100155067703287,49.72069466635814],[17.09116186406604,49.72069466635814]]]}},{"type":"Feature","properties":{"jobs":13,"pop":53,"pointCount":3,"homeWorkCommuteMedian":6198,"workHomeCommuteMedian":2630},"geometry":{"type":"Polygon","coordinates":[[[17.09116186406604,49.74767427726988],[17.09116186406604,49.756667480907126],[17.100155067703287,49.756667480907126],[17.100155067703287,49.74767427726988],[17.09116186406604,49.74767427726988]]]}},{"type":"Feature","properties":{"jobs":10,"pop":12,"pointCount":2,"homeWorkCommuteMedian":16082,"workHomeCommuteMedian":140},"geometry":{"type":"Polygon","coordinates":[[[17.09116186406604,49.801633499093356],[17.09116186406604,49.8106267027306],[17.100155067703287,49.8106267027306],[17.100155067703287,49.801633499093356],[17.09116186406604,49.801633499093356]]]}},{"type":"Feature","properties":{"jobs":0,"pop":63,"pointCount":3,"homeWorkCommuteMedian":16144,"workHomeCommuteMedian":-1},"geometry":{"type":"Polygon","coordinates":[[[17.09116186406604,49.8106267027306],[17.09116186406604,49.81961990636785],[17.100155067703287,49.81961990636785],[17.100155067703287,49.8106267027306],[17.09116186406604,49.8106267027306]]]}},{"type":"Feature","properties":{"jobs":10,"pop":121,"pointCount":6,"homeWorkCommuteMedian":17937,"workHomeCommuteMedian":2145},"geometry":{"type":"Polygon","coordinates":[[[17.09116186406604,49.83760631364234],[17.09116186406604,49.846599517279586],[17.100155067703287,49.846599517279586],[17.100155067703287,49.83760631364234],[17.09116186406604,49.83760631364234]]]}},{"type":"Feature","properties":{"jobs":16,"pop":68,"pointCount":5,"homeWorkCommuteMedian":28958,"workHomeCommuteMedian":709},"geometry":{"type":"Polygon","coordinates":[[[17.100155067703287,49.34298011359381],[17.100155067703287,49.35197331723106],[17.109148271340533,49.35197331723106],[17.109148271340533,49.34298011359381],[17.100155067703287,49.34298011359381]]]}},{"type":"Feature","properties":{"jobs":21,"pop":170,"pointCount":7,"homeWorkCommuteMedian":12562,"workHomeCommuteMedian":310},"geometry":{"type":"Polygon","coordinates":[[[17.100155067703287,49.378952928142795],[17.100155067703287,49.38794613178004],[17.109148271340533,49.38794613178004],[17.109148271340533,49.378952928142795],[17.100155067703287,49.378952928142795]]]}},{"type":"Feature","properties":{"jobs":70,"pop":101,"pointCount":4,"homeWorkCommuteMedian":9250,"workHomeCommuteMedian":4321},"geometry":{"type":"Polygon","coordinates":[[[17.100155067703287,49.39693933541729],[17.100155067703287,49.40593253905453],[17.109148271340533,49.40593253905453],[17.109148271340533,49.39693933541729],[17.100155067703287,49.39693933541729]]]}},{"type":"Feature","properties":{"jobs":58,"pop":0,"pointCount":2,"homeWorkCommuteMedian":-1,"workHomeCommuteMedian":3466},"geometry":{"type":"Polygon","coordinates":[[[17.100155067703287,49.45089855724076],[17.100155067703287,49.45989176087801],[17.109148271340533,49.45989176087801],[17.109148271340533,49.45089855724076],[17.100155067703287,49.45089855724076]]]}},{"type":"Feature","properties":{"jobs":346,"pop":1328,"pointCount":11,"homeWorkCommuteMedian":3119,"workHomeCommuteMedian":2627},"geometry":{"type":"Polygon","coordinates":[[[17.100155067703287,49.45989176087801],[17.100155067703287,49.468884964515254],[17.109148271340533,49.468884964515254],[17.109148271340533,49.45989176087801],[17.100155067703287,49.45989176087801]]]}},{"type":"Feature","properties":{"jobs":2980,"pop":2420,"pointCount":12,"homeWorkCommuteMedian":3230,"workHomeCommuteMedian":6914},"geometry":{"type":"Polygon","coordinates":[[[17.100155067703287,49.468884964515254],[17.100155067703287,49.4778781681525],[17.109148271340533,49.4778781681525],[17.109148271340533,49.468884964515254],[17.100155067703287,49.468884964515254]]]}},{"type":"Feature","properties":{"jobs":558,"pop":415,"pointCount":8,"homeWorkCommuteMedian":3985,"workHomeCommuteMedian":3179},"geometry":{"type":"Polygon","coordinates":[[[17.100155067703287,49.4778781681525],[17.100155067703287,49.486871371789746],[17.109148271340533,49.486871371789746],[17.109148271340533,49.4778781681525],[17.100155067703287,49.4778781681525]]]}},{"type":"Feature","properties":{"jobs":105,"pop":347,"pointCount":17,"homeWorkCommuteMedian":6712,"workHomeCommuteMedian":5624},"geometry":{"type":"Polygon","coordinates":[[[17.100155067703287,49.49586457542699],[17.100155067703287,49.50485777906424],[17.109148271340533,49.50485777906424],[17.109148271340533,49.49586457542699],[17.100155067703287,49.49586457542699]]]}},{"type":"Feature","properties":{"jobs":149,"pop":252,"pointCount":9,"homeWorkCommuteMedian":6392,"workHomeCommuteMedian":6867},"geometry":{"type":"Polygon","coordinates":[[[17.100155067703287,49.50485777906424],[17.100155067703287,49.513850982701484],[17.109148271340533,49.513850982701484],[17.109148271340533,49.50485777906424],[17.100155067703287,49.50485777906424]]]}},{"type":"Feature","properties":{"jobs":222,"pop":130,"pointCount":7,"homeWorkCommuteMedian":8961,"workHomeCommuteMedian":6525},"geometry":{"type":"Polygon","coordinates":[[[17.100155067703287,49.513850982701484],[17.100155067703287,49.52284418633873],[17.109148271340533,49.52284418633873],[17.109148271340533,49.513850982701484],[17.100155067703287,49.513850982701484]]]}},{"type":"Feature","properties":{"jobs":1,"pop":55,"pointCount":3,"homeWorkCommuteMedian":8665,"workHomeCommuteMedian":93},"geometry":{"type":"Polygon","coordinates":[[[17.100155067703287,49.52284418633873],[17.100155067703287,49.531837389975976],[17.109148271340533,49.531837389975976],[17.109148271340533,49.52284418633873],[17.100155067703287,49.52284418633873]]]}},{"type":"Feature","properties":{"jobs":11,"pop":179,"pointCount":2,"homeWorkCommuteMedian":15640,"workHomeCommuteMedian":261},"geometry":{"type":"Polygon","coordinates":[[[17.100155067703287,49.54083059361322],[17.100155067703287,49.54982379725047],[17.109148271340533,49.54982379725047],[17.109148271340533,49.54083059361322],[17.100155067703287,49.54083059361322]]]}},{"type":"Feature","properties":{"jobs":58,"pop":42,"pointCount":3,"homeWorkCommuteMedian":10478,"workHomeCommuteMedian":6974},"geometry":{"type":"Polygon","coordinates":[[[17.100155067703287,49.54982379725047],[17.100155067703287,49.558817000887714],[17.109148271340533,49.558817000887714],[17.109148271340533,49.54982379725047],[17.100155067703287,49.54982379725047]]]}},{"type":"Feature","properties":{"jobs":47,"pop":459,"pointCount":16,"homeWorkCommuteMedian":12127,"workHomeCommuteMedian":2288},"geometry":{"type":"Polygon","coordinates":[[[17.100155067703287,49.558817000887714],[17.100155067703287,49.56781020452496],[17.109148271340533,49.56781020452496],[17.109148271340533,49.558817000887714],[17.100155067703287,49.558817000887714]]]}},{"type":"Feature","properties":{"jobs":139,"pop":0,"pointCount":1,"homeWorkCommuteMedian":-1,"workHomeCommuteMedian":8089},"geometry":{"type":"Polygon","coordinates":[[[17.100155067703287,49.621769426348436],[17.100155067703287,49.63076262998568],[17.109148271340533,49.63076262998568],[17.109148271340533,49.621769426348436],[17.100155067703287,49.621769426348436]]]}},{"type":"Feature","properties":{"jobs":87,"pop":77,"pointCount":8,"homeWorkCommuteMedian":15497,"workHomeCommuteMedian":5624},"geometry":{"type":"Polygon","coordinates":[[[17.100155067703287,49.65774224089742],[17.100155067703287,49.666735444534666],[17.109148271340533,49.666735444534666],[17.109148271340533,49.65774224089742],[17.100155067703287,49.65774224089742]]]}},{"type":"Feature","properties":{"jobs":0,"pop":77,"pointCount":3,"homeWorkCommuteMedian":15787,"workHomeCommuteMedian":-1},"geometry":{"type":"Polygon","coordinates":[[[17.100155067703287,49.666735444534666],[17.100155067703287,49.67572864817191],[17.109148271340533,49.67572864817191],[17.109148271340533,49.666735444534666],[17.100155067703287,49.666735444534666]]]}},{"type":"Feature","properties":{"jobs":460,"pop":126,"pointCount":9,"homeWorkCommuteMedian":4798,"workHomeCommuteMedian":7914},"geometry":{"type":"Polygon","coordinates":[[[17.100155067703287,49.711701462720896],[17.100155067703287,49.72069466635814],[17.109148271340533,49.72069466635814],[17.109148271340533,49.711701462720896],[17.100155067703287,49.711701462720896]]]}},{"type":"Feature","properties":{"jobs":14,"pop":19,"pointCount":2,"homeWorkCommuteMedian":6902,"workHomeCommuteMedian":5190},"geometry":{"type":"Polygon","coordinates":[[[17.100155067703287,49.72968786999539],[17.100155067703287,49.738681073632634],[17.109148271340533,49.738681073632634],[17.109148271340533,49.72968786999539],[17.100155067703287,49.72968786999539]]]}},{"type":"Feature","properties":{"jobs":0,"pop":112,"pointCount":3,"homeWorkCommuteMedian":24875,"workHomeCommuteMedian":-1},"geometry":{"type":"Polygon","coordinates":[[[17.100155067703287,49.738681073632634],[17.100155067703287,49.74767427726988],[17.109148271340533,49.74767427726988],[17.109148271340533,49.738681073632634],[17.100155067703287,49.738681073632634]]]}},{"type":"Feature","properties":{"jobs":33,"pop":0,"pointCount":1,"homeWorkCommuteMedian":-1,"workHomeCommuteMedian":29691},"geometry":{"type":"Polygon","coordinates":[[[17.100155067703287,49.756667480907126],[17.100155067703287,49.76566068454437],[17.109148271340533,49.76566068454437],[17.109148271340533,49.756667480907126],[17.100155067703287,49.756667480907126]]]}},{"type":"Feature","properties":{"jobs":1,"pop":0,"pointCount":1,"homeWorkCommuteMedian":-1,"workHomeCommuteMedian":1893},"geometry":{"type":"Polygon","coordinates":[[[17.100155067703287,49.77465388818162],[17.100155067703287,49.783647091818864],[17.109148271340533,49.783647091818864],[17.109148271340533,49.77465388818162],[17.100155067703287,49.77465388818162]]]}},{"type":"Feature","properties":{"jobs":0,"pop":31,"pointCount":3,"homeWorkCommuteMedian":33888,"workHomeCommuteMedian":-1},"geometry":{"type":"Polygon","coordinates":[[[17.100155067703287,49.79264029545611],[17.100155067703287,49.801633499093356],[17.109148271340533,49.801633499093356],[17.109148271340533,49.79264029545611],[17.100155067703287,49.79264029545611]]]}},{"type":"Feature","properties":{"jobs":0,"pop":87,"pointCount":3,"homeWorkCommuteMedian":4344,"workHomeCommuteMedian":-1},"geometry":{"type":"Polygon","coordinates":[[[17.100155067703287,49.801633499093356],[17.100155067703287,49.8106267027306],[17.109148271340533,49.8106267027306],[17.109148271340533,49.801633499093356],[17.100155067703287,49.801633499093356]]]}},{"type":"Feature","properties":{"jobs":0,"pop":35,"pointCount":2,"homeWorkCommuteMedian":15514,"workHomeCommuteMedian":-1},"geometry":{"type":"Polygon","coordinates":[[[17.109148271340533,49.3609665208683],[17.109148271340533,49.36995972450555],[17.11814147497778,49.36995972450555],[17.11814147497778,49.3609665208683],[17.109148271340533,49.3609665208683]]]}},{"type":"Feature","properties":{"jobs":14,"pop":44,"pointCount":3,"homeWorkCommuteMedian":32774,"workHomeCommuteMedian":489},"geometry":{"type":"Polygon","coordinates":[[[17.109148271340533,49.36995972450555],[17.109148271340533,49.378952928142795],[17.11814147497778,49.378952928142795],[17.11814147497778,49.36995972450555],[17.109148271340533,49.36995972450555]]]}},{"type":"Feature","properties":{"jobs":10,"pop":146,"pointCount":8,"homeWorkCommuteMedian":10280,"workHomeCommuteMedian":7244},"geometry":{"type":"Polygon","coordinates":[[[17.109148271340533,49.39693933541729],[17.109148271340533,49.40593253905453],[17.11814147497778,49.40593253905453],[17.11814147497778,49.39693933541729],[17.109148271340533,49.39693933541729]]]}},{"type":"Feature","properties":{"jobs":0,"pop":134,"pointCount":6,"homeWorkCommuteMedian":5321,"workHomeCommuteMedian":-1},"geometry":{"type":"Polygon","coordinates":[[[17.109148271340533,49.43291214996627],[17.109148271340533,49.44190535360352],[17.11814147497778,49.44190535360352],[17.11814147497778,49.43291214996627],[17.109148271340533,49.43291214996627]]]}},{"type":"Feature","properties":{"jobs":440,"pop":0,"pointCount":2,"homeWorkCommuteMedian":-1,"workHomeCommuteMedian":3202},"geometry":{"type":"Polygon","coordinates":[[[17.109148271340533,49.45089855724076],[17.109148271340533,49.45989176087801],[17.11814147497778,49.45989176087801],[17.11814147497778,49.45089855724076],[17.109148271340533,49.45089855724076]]]}},{"type":"Feature","properties":{"jobs":1441,"pop":2278,"pointCount":16,"homeWorkCommuteMedian":3090,"workHomeCommuteMedian":3754},"geometry":{"type":"Polygon","coordinates":[[[17.109148271340533,49.45989176087801],[17.109148271340533,49.468884964515254],[17.11814147497778,49.468884964515254],[17.11814147497778,49.45989176087801],[17.109148271340533,49.45989176087801]]]}},{"type":"Feature","properties":{"jobs":6335,"pop":2449,"pointCount":13,"homeWorkCommuteMedian":2764,"workHomeCommuteMedian":13430},"geometry":{"type":"Polygon","coordinates":[[[17.109148271340533,49.468884964515254],[17.109148271340533,49.4778781681525],[17.11814147497778,49.4778781681525],[17.11814147497778,49.468884964515254],[17.109148271340533,49.468884964515254]]]}},{"type":"Feature","properties":{"jobs":625,"pop":509,"pointCount":7,"homeWorkCommuteMedian":2652,"workHomeCommuteMedian":9719},"geometry":{"type":"Polygon","coordinates":[[[17.109148271340533,49.4778781681525],[17.109148271340533,49.486871371789746],[17.11814147497778,49.486871371789746],[17.11814147497778,49.4778781681525],[17.109148271340533,49.4778781681525]]]}},{"type":"Feature","properties":{"jobs":41,"pop":44,"pointCount":2,"homeWorkCommuteMedian":6034,"workHomeCommuteMedian":4215},"geometry":{"type":"Polygon","coordinates":[[[17.109148271340533,49.49586457542699],[17.109148271340533,49.50485777906424],[17.11814147497778,49.50485777906424],[17.11814147497778,49.49586457542699],[17.109148271340533,49.49586457542699]]]}},{"type":"Feature","properties":{"jobs":0,"pop":63,"pointCount":1,"homeWorkCommuteMedian":6649,"workHomeCommuteMedian":-1},"geometry":{"type":"Polygon","coordinates":[[[17.109148271340533,49.50485777906424],[17.109148271340533,49.513850982701484],[17.11814147497778,49.513850982701484],[17.11814147497778,49.50485777906424],[17.109148271340533,49.50485777906424]]]}},{"type":"Feature","properties":{"jobs":1,"pop":44,"pointCount":3,"homeWorkCommuteMedian":7953,"workHomeCommuteMedian":139},"geometry":{"type":"Polygon","coordinates":[[[17.109148271340533,49.513850982701484],[17.109148271340533,49.52284418633873],[17.11814147497778,49.52284418633873],[17.11814147497778,49.513850982701484],[17.109148271340533,49.513850982701484]]]}},{"type":"Feature","properties":{"jobs":82,"pop":166,"pointCount":8,"homeWorkCommuteMedian":13085,"workHomeCommuteMedian":2900},"geometry":{"type":"Polygon","coordinates":[[[17.109148271340533,49.54083059361322],[17.109148271340533,49.54982379725047],[17.11814147497778,49.54982379725047],[17.11814147497778,49.54083059361322],[17.109148271340533,49.54083059361322]]]}},{"type":"Feature","properties":{"jobs":23,"pop":117,"pointCount":6,"homeWorkCommuteMedian":10410,"workHomeCommuteMedian":12516},"geometry":{"type":"Polygon","coordinates":[[[17.109148271340533,49.54982379725047],[17.109148271340533,49.558817000887714],[17.11814147497778,49.558817000887714],[17.11814147497778,49.54982379725047],[17.109148271340533,49.54982379725047]]]}},{"type":"Feature","properties":{"jobs":29,"pop":0,"pointCount":1,"homeWorkCommuteMedian":-1,"workHomeCommuteMedian":14124},"geometry":{"type":"Polygon","coordinates":[[[17.109148271340533,49.558817000887714],[17.109148271340533,49.56781020452496],[17.11814147497778,49.56781020452496],[17.11814147497778,49.558817000887714],[17.109148271340533,49.558817000887714]]]}},{"type":"Feature","properties":{"jobs":29,"pop":200,"pointCount":8,"homeWorkCommuteMedian":12722,"workHomeCommuteMedian":900},"geometry":{"type":"Polygon","coordinates":[[[17.109148271340533,49.58579661179945],[17.109148271340533,49.5947898154367],[17.11814147497778,49.5947898154367],[17.11814147497778,49.58579661179945],[17.109148271340533,49.58579661179945]]]}},{"type":"Feature","properties":{"jobs":15,"pop":0,"pointCount":1,"homeWorkCommuteMedian":-1,"workHomeCommuteMedian":7132},"geometry":{"type":"Polygon","coordinates":[[[17.109148271340533,49.648749037260174],[17.109148271340533,49.65774224089742],[17.11814147497778,49.65774224089742],[17.11814147497778,49.648749037260174],[17.109148271340533,49.648749037260174]]]}},{"type":"Feature","properties":{"jobs":2,"pop":46,"pointCount":4,"homeWorkCommuteMedian":7080,"workHomeCommuteMedian":590},"geometry":{"type":"Polygon","coordinates":[[[17.109148271340533,49.65774224089742],[17.109148271340533,49.666735444534666],[17.11814147497778,49.666735444534666],[17.11814147497778,49.65774224089742],[17.109148271340533,49.65774224089742]]]}},{"type":"Feature","properties":{"jobs":11,"pop":0,"pointCount":1,"homeWorkCommuteMedian":-1,"workHomeCommuteMedian":21218},"geometry":{"type":"Polygon","coordinates":[[[17.109148271340533,49.666735444534666],[17.109148271340533,49.67572864817191],[17.11814147497778,49.67572864817191],[17.11814147497778,49.666735444534666],[17.109148271340533,49.666735444534666]]]}},{"type":"Feature","properties":{"jobs":0,"pop":52,"pointCount":2,"homeWorkCommuteMedian":9010,"workHomeCommuteMedian":-1},"geometry":{"type":"Polygon","coordinates":[[[17.109148271340533,49.67572864817191],[17.109148271340533,49.68472185180916],[17.11814147497778,49.68472185180916],[17.11814147497778,49.67572864817191],[17.109148271340533,49.67572864817191]]]}},{"type":"Feature","properties":{"jobs":10,"pop":0,"pointCount":1,"homeWorkCommuteMedian":-1,"workHomeCommuteMedian":8939},"geometry":{"type":"Polygon","coordinates":[[[17.109148271340533,49.711701462720896],[17.109148271340533,49.72069466635814],[17.11814147497778,49.72069466635814],[17.11814147497778,49.711701462720896],[17.109148271340533,49.711701462720896]]]}},{"type":"Feature","properties":{"jobs":47,"pop":0,"pointCount":1,"homeWorkCommuteMedian":-1,"workHomeCommuteMedian":6344},"geometry":{"type":"Polygon","coordinates":[[[17.109148271340533,49.756667480907126],[17.109148271340533,49.76566068454437],[17.11814147497778,49.76566068454437],[17.11814147497778,49.756667480907126],[17.109148271340533,49.756667480907126]]]}},{"type":"Feature","properties":{"jobs":254,"pop":1963,"pointCount":12,"homeWorkCommuteMedian":9309,"workHomeCommuteMedian":1159},"geometry":{"type":"Polygon","coordinates":[[[17.109148271340533,49.76566068454437],[17.109148271340533,49.77465388818162],[17.11814147497778,49.77465388818162],[17.11814147497778,49.76566068454437],[17.109148271340533,49.76566068454437]]]}},{"type":"Feature","properties":{"jobs":2339,"pop":519,"pointCount":6,"homeWorkCommuteMedian":7876,"workHomeCommuteMedian":17521},"geometry":{"type":"Polygon","coordinates":[[[17.109148271340533,49.77465388818162],[17.109148271340533,49.783647091818864],[17.11814147497778,49.783647091818864],[17.11814147497778,49.77465388818162],[17.109148271340533,49.77465388818162]]]}},{"type":"Feature","properties":{"jobs":0,"pop":13,"pointCount":1,"homeWorkCommuteMedian":36692,"workHomeCommuteMedian":-1},"geometry":{"type":"Polygon","coordinates":[[[17.109148271340533,49.81961990636785],[17.109148271340533,49.828613110005094],[17.11814147497778,49.828613110005094],[17.11814147497778,49.81961990636785],[17.109148271340533,49.81961990636785]]]}},{"type":"Feature","properties":{"jobs":22,"pop":0,"pointCount":1,"homeWorkCommuteMedian":-1,"workHomeCommuteMedian":5936},"geometry":{"type":"Polygon","coordinates":[[[17.11814147497778,49.39693933541729],[17.11814147497778,49.40593253905453],[17.127134678615025,49.40593253905453],[17.127134678615025,49.39693933541729],[17.11814147497778,49.39693933541729]]]}},{"type":"Feature","properties":{"jobs":20,"pop":32,"pointCount":3,"homeWorkCommuteMedian":6344,"workHomeCommuteMedian":5644},"geometry":{"type":"Polygon","coordinates":[[[17.11814147497778,49.43291214996627],[17.11814147497778,49.44190535360352],[17.127134678615025,49.44190535360352],[17.127134678615025,49.43291214996627],[17.11814147497778,49.43291214996627]]]}},{"type":"Feature","properties":{"jobs":740,"pop":1744,"pointCount":10,"homeWorkCommuteMedian":2532,"workHomeCommuteMedian":4200},"geometry":{"type":"Polygon","coordinates":[[[17.11814147497778,49.45989176087801],[17.11814147497778,49.468884964515254],[17.127134678615025,49.468884964515254],[17.127134678615025,49.45989176087801],[17.11814147497778,49.45989176087801]]]}},{"type":"Feature","properties":{"jobs":2849,"pop":1779,"pointCount":15,"homeWorkCommuteMedian":3019,"workHomeCommuteMedian":6948},"geometry":{"type":"Polygon","coordinates":[[[17.11814147497778,49.468884964515254],[17.11814147497778,49.4778781681525],[17.127134678615025,49.4778781681525],[17.127134678615025,49.468884964515254],[17.11814147497778,49.468884964515254]]]}},{"type":"Feature","properties":{"jobs":1862,"pop":747,"pointCount":11,"homeWorkCommuteMedian":3290,"workHomeCommuteMedian":5023},"geometry":{"type":"Polygon","coordinates":[[[17.11814147497778,49.4778781681525],[17.11814147497778,49.486871371789746],[17.127134678615025,49.486871371789746],[17.127134678615025,49.4778781681525],[17.11814147497778,49.4778781681525]]]}},{"type":"Feature","properties":{"jobs":0,"pop":99,"pointCount":3,"homeWorkCommuteMedian":13359,"workHomeCommuteMedian":-1},"geometry":{"type":"Polygon","coordinates":[[[17.11814147497778,49.486871371789746],[17.11814147497778,49.49586457542699],[17.127134678615025,49.49586457542699],[17.127134678615025,49.486871371789746],[17.11814147497778,49.486871371789746]]]}},{"type":"Feature","properties":{"jobs":10,"pop":82,"pointCount":4,"homeWorkCommuteMedian":8636,"workHomeCommuteMedian":14532},"geometry":{"type":"Polygon","coordinates":[[[17.11814147497778,49.54083059361322],[17.11814147497778,49.54982379725047],[17.127134678615025,49.54982379725047],[17.127134678615025,49.54083059361322],[17.11814147497778,49.54083059361322]]]}},{"type":"Feature","properties":{"jobs":50,"pop":233,"pointCount":10,"homeWorkCommuteMedian":10865,"workHomeCommuteMedian":390},"geometry":{"type":"Polygon","coordinates":[[[17.11814147497778,49.56781020452496],[17.11814147497778,49.576803408162206],[17.127134678615025,49.576803408162206],[17.127134678615025,49.56781020452496],[17.11814147497778,49.56781020452496]]]}},{"type":"Feature","properties":{"jobs":0,"pop":10,"pointCount":1,"homeWorkCommuteMedian":16490,"workHomeCommuteMedian":-1},"geometry":{"type":"Polygon","coordinates":[[[17.11814147497778,49.576803408162206],[17.11814147497778,49.58579661179945],[17.127134678615025,49.58579661179945],[17.127134678615025,49.576803408162206],[17.11814147497778,49.576803408162206]]]}},{"type":"Feature","properties":{"jobs":36,"pop":125,"pointCount":7,"homeWorkCommuteMedian":11631,"workHomeCommuteMedian":1598},"geometry":{"type":"Polygon","coordinates":[[[17.11814147497778,49.58579661179945],[17.11814147497778,49.5947898154367],[17.127134678615025,49.5947898154367],[17.127134678615025,49.58579661179945],[17.11814147497778,49.58579661179945]]]}},{"type":"Feature","properties":{"jobs":0,"pop":172,"pointCount":8,"homeWorkCommuteMedian":13566,"workHomeCommuteMedian":-1},"geometry":{"type":"Polygon","coordinates":[[[17.11814147497778,49.648749037260174],[17.11814147497778,49.65774224089742],[17.127134678615025,49.65774224089742],[17.127134678615025,49.648749037260174],[17.11814147497778,49.648749037260174]]]}},{"type":"Feature","properties":{"jobs":27,"pop":184,"pointCount":8,"homeWorkCommuteMedian":18253,"workHomeCommuteMedian":2051},"geometry":{"type":"Polygon","coordinates":[[[17.11814147497778,49.65774224089742],[17.11814147497778,49.666735444534666],[17.127134678615025,49.666735444534666],[17.127134678615025,49.65774224089742],[17.11814147497778,49.65774224089742]]]}},{"type":"Feature","properties":{"jobs":10,"pop":50,"pointCount":3,"homeWorkCommuteMedian":19265,"workHomeCommuteMedian":155},"geometry":{"type":"Polygon","coordinates":[[[17.11814147497778,49.67572864817191],[17.11814147497778,49.68472185180916],[17.127134678615025,49.68472185180916],[17.127134678615025,49.67572864817191],[17.11814147497778,49.67572864817191]]]}},{"type":"Feature","properties":{"jobs":23,"pop":60,"pointCount":4,"homeWorkCommuteMedian":8442,"workHomeCommuteMedian":520},"geometry":{"type":"Polygon","coordinates":[[[17.11814147497778,49.72968786999539],[17.11814147497778,49.738681073632634],[17.127134678615025,49.738681073632634],[17.127134678615025,49.72968786999539],[17.11814147497778,49.72968786999539]]]}},{"type":"Feature","properties":{"jobs":0,"pop":103,"pointCount":3,"homeWorkCommuteMedian":12905,"workHomeCommuteMedian":-1},"geometry":{"type":"Polygon","coordinates":[[[17.11814147497778,49.756667480907126],[17.11814147497778,49.76566068454437],[17.127134678615025,49.76566068454437],[17.127134678615025,49.756667480907126],[17.11814147497778,49.756667480907126]]]}},{"type":"Feature","properties":{"jobs":1054,"pop":1884,"pointCount":15,"homeWorkCommuteMedian":8100,"workHomeCommuteMedian":4954},"geometry":{"type":"Polygon","coordinates":[[[17.11814147497778,49.76566068454437],[17.11814147497778,49.77465388818162],[17.127134678615025,49.77465388818162],[17.127134678615025,49.76566068454437],[17.11814147497778,49.76566068454437]]]}},{"type":"Feature","properties":{"jobs":2017,"pop":290,"pointCount":7,"homeWorkCommuteMedian":5201,"workHomeCommuteMedian":17175},"geometry":{"type":"Polygon","coordinates":[[[17.11814147497778,49.77465388818162],[17.11814147497778,49.783647091818864],[17.127134678615025,49.783647091818864],[17.127134678615025,49.77465388818162],[17.11814147497778,49.77465388818162]]]}},{"type":"Feature","properties":{"jobs":52,"pop":55,"pointCount":4,"homeWorkCommuteMedian":3592,"workHomeCommuteMedian":4138},"geometry":{"type":"Polygon","coordinates":[[[17.11814147497778,49.79264029545611],[17.11814147497778,49.801633499093356],[17.127134678615025,49.801633499093356],[17.127134678615025,49.79264029545611],[17.11814147497778,49.79264029545611]]]}},{"type":"Feature","properties":{"jobs":14,"pop":0,"pointCount":1,"homeWorkCommuteMedian":-1,"workHomeCommuteMedian":3211},"geometry":{"type":"Polygon","coordinates":[[[17.11814147497778,49.801633499093356],[17.11814147497778,49.8106267027306],[17.127134678615025,49.8106267027306],[17.127134678615025,49.801633499093356],[17.11814147497778,49.801633499093356]]]}},{"type":"Feature","properties":{"jobs":27,"pop":0,"pointCount":1,"homeWorkCommuteMedian":-1,"workHomeCommuteMedian":4204},"geometry":{"type":"Polygon","coordinates":[[[17.11814147497778,49.8106267027306],[17.11814147497778,49.81961990636785],[17.127134678615025,49.81961990636785],[17.127134678615025,49.8106267027306],[17.11814147497778,49.8106267027306]]]}},{"type":"Feature","properties":{"jobs":13,"pop":40,"pointCount":2,"homeWorkCommuteMedian":5548,"workHomeCommuteMedian":9902},"geometry":{"type":"Polygon","coordinates":[[[17.11814147497778,49.81961990636785],[17.11814147497778,49.828613110005094],[17.127134678615025,49.828613110005094],[17.127134678615025,49.81961990636785],[17.11814147497778,49.81961990636785]]]}},{"type":"Feature","properties":{"jobs":15,"pop":32,"pointCount":2,"homeWorkCommuteMedian":19795,"workHomeCommuteMedian":1258},"geometry":{"type":"Polygon","coordinates":[[[17.11814147497778,49.828613110005094],[17.11814147497778,49.83760631364234],[17.127134678615025,49.83760631364234],[17.127134678615025,49.828613110005094],[17.11814147497778,49.828613110005094]]]}},{"type":"Feature","properties":{"jobs":24,"pop":103,"pointCount":5,"homeWorkCommuteMedian":16499,"workHomeCommuteMedian":145},"geometry":{"type":"Polygon","coordinates":[[[17.127134678615025,49.3609665208683],[17.127134678615025,49.36995972450555],[17.13612788225227,49.36995972450555],[17.13612788225227,49.3609665208683],[17.127134678615025,49.3609665208683]]]}},{"type":"Feature","properties":{"jobs":0,"pop":78,"pointCount":2,"homeWorkCommuteMedian":24953,"workHomeCommuteMedian":-1},"geometry":{"type":"Polygon","coordinates":[[[17.127134678615025,49.39693933541729],[17.127134678615025,49.40593253905453],[17.13612788225227,49.40593253905453],[17.13612788225227,49.39693933541729],[17.127134678615025,49.39693933541729]]]}},{"type":"Feature","properties":{"jobs":0,"pop":24,"pointCount":1,"homeWorkCommuteMedian":504,"workHomeCommuteMedian":-1},"geometry":{"type":"Polygon","coordinates":[[[17.127134678615025,49.41492574269178],[17.127134678615025,49.423918946329024],[17.13612788225227,49.423918946329024],[17.13612788225227,49.41492574269178],[17.127134678615025,49.41492574269178]]]}},{"type":"Feature","properties":{"jobs":17,"pop":0,"pointCount":1,"homeWorkCommuteMedian":-1,"workHomeCommuteMedian":4863},"geometry":{"type":"Polygon","coordinates":[[[17.127134678615025,49.44190535360352],[17.127134678615025,49.45089855724076],[17.13612788225227,49.45089855724076],[17.13612788225227,49.44190535360352],[17.127134678615025,49.44190535360352]]]}},{"type":"Feature","properties":{"jobs":361,"pop":0,"pointCount":4,"homeWorkCommuteMedian":-1,"workHomeCommuteMedian":4565},"geometry":{"type":"Polygon","coordinates":[[[17.127134678615025,49.45089855724076],[17.127134678615025,49.45989176087801],[17.13612788225227,49.45989176087801],[17.13612788225227,49.45089855724076],[17.127134678615025,49.45089855724076]]]}},{"type":"Feature","properties":{"jobs":3230,"pop":0,"pointCount":6,"homeWorkCommuteMedian":-1,"workHomeCommuteMedian":15026},"geometry":{"type":"Polygon","coordinates":[[[17.127134678615025,49.45989176087801],[17.127134678615025,49.468884964515254],[17.13612788225227,49.468884964515254],[17.13612788225227,49.45989176087801],[17.127134678615025,49.45989176087801]]]}},{"type":"Feature","properties":{"jobs":1457,"pop":133,"pointCount":3,"homeWorkCommuteMedian":6528,"workHomeCommuteMedian":16733},"geometry":{"type":"Polygon","coordinates":[[[17.127134678615025,49.468884964515254],[17.127134678615025,49.4778781681525],[17.13612788225227,49.4778781681525],[17.13612788225227,49.468884964515254],[17.127134678615025,49.468884964515254]]]}},{"type":"Feature","properties":{"jobs":291,"pop":409,"pointCount":4,"homeWorkCommuteMedian":3093,"workHomeCommuteMedian":7416},"geometry":{"type":"Polygon","coordinates":[[[17.127134678615025,49.4778781681525],[17.127134678615025,49.486871371789746],[17.13612788225227,49.486871371789746],[17.13612788225227,49.4778781681525],[17.127134678615025,49.4778781681525]]]}},{"type":"Feature","properties":{"jobs":94,"pop":529,"pointCount":25,"homeWorkCommuteMedian":5854,"workHomeCommuteMedian":4673},"geometry":{"type":"Polygon","coordinates":[[[17.127134678615025,49.486871371789746],[17.127134678615025,49.49586457542699],[17.13612788225227,49.49586457542699],[17.13612788225227,49.486871371789746],[17.127134678615025,49.486871371789746]]]}},{"type":"Feature","properties":{"jobs":63,"pop":202,"pointCount":10,"homeWorkCommuteMedian":15053,"workHomeCommuteMedian":3516},"geometry":{"type":"Polygon","coordinates":[[[17.127134678615025,49.54982379725047],[17.127134678615025,49.558817000887714],[17.13612788225227,49.558817000887714],[17.13612788225227,49.54982379725047],[17.127134678615025,49.54982379725047]]]}},{"type":"Feature","properties":{"jobs":15,"pop":0,"pointCount":1,"homeWorkCommuteMedian":-1,"workHomeCommuteMedian":774},"geometry":{"type":"Polygon","coordinates":[[[17.127134678615025,49.56781020452496],[17.127134678615025,49.576803408162206],[17.13612788225227,49.576803408162206],[17.13612788225227,49.56781020452496],[17.127134678615025,49.56781020452496]]]}},{"type":"Feature","properties":{"jobs":27,"pop":304,"pointCount":9,"homeWorkCommuteMedian":11776,"workHomeCommuteMedian":8604},"geometry":{"type":"Polygon","coordinates":[[[17.127134678615025,49.58579661179945],[17.127134678615025,49.5947898154367],[17.13612788225227,49.5947898154367],[17.13612788225227,49.58579661179945],[17.127134678615025,49.58579661179945]]]}},{"type":"Feature","properties":{"jobs":86,"pop":212,"pointCount":12,"homeWorkCommuteMedian":17839,"workHomeCommuteMedian":1296},"geometry":{"type":"Polygon","coordinates":[[[17.127134678615025,49.648749037260174],[17.127134678615025,49.65774224089742],[17.13612788225227,49.65774224089742],[17.13612788225227,49.648749037260174],[17.127134678615025,49.648749037260174]]]}},{"type":"Feature","properties":{"jobs":0,"pop":47,"pointCount":2,"homeWorkCommuteMedian":11851,"workHomeCommuteMedian":-1},"geometry":{"type":"Polygon","coordinates":[[[17.127134678615025,49.65774224089742],[17.127134678615025,49.666735444534666],[17.13612788225227,49.666735444534666],[17.13612788225227,49.65774224089742],[17.127134678615025,49.65774224089742]]]}},{"type":"Feature","properties":{"jobs":8,"pop":167,"pointCount":5,"homeWorkCommuteMedian":10526,"workHomeCommuteMedian":304},"geometry":{"type":"Polygon","coordinates":[[[17.127134678615025,49.76566068454437],[17.127134678615025,49.77465388818162],[17.13612788225227,49.77465388818162],[17.13612788225227,49.76566068454437],[17.127134678615025,49.76566068454437]]]}},{"type":"Feature","properties":{"jobs":30,"pop":98,"pointCount":6,"homeWorkCommuteMedian":2983,"workHomeCommuteMedian":438},"geometry":{"type":"Polygon","coordinates":[[[17.127134678615025,49.783647091818864],[17.127134678615025,49.79264029545611],[17.13612788225227,49.79264029545611],[17.13612788225227,49.783647091818864],[17.127134678615025,49.783647091818864]]]}},{"type":"Feature","properties":{"jobs":10,"pop":16,"pointCount":1,"homeWorkCommuteMedian":3519,"workHomeCommuteMedian":175},"geometry":{"type":"Polygon","coordinates":[[[17.127134678615025,49.801633499093356],[17.127134678615025,49.8106267027306],[17.13612788225227,49.8106267027306],[17.13612788225227,49.801633499093356],[17.127134678615025,49.801633499093356]]]}},{"type":"Feature","properties":{"jobs":0,"pop":111,"pointCount":4,"homeWorkCommuteMedian":17195,"workHomeCommuteMedian":-1},"geometry":{"type":"Polygon","coordinates":[[[17.127134678615025,49.81961990636785],[17.127134678615025,49.828613110005094],[17.13612788225227,49.828613110005094],[17.13612788225227,49.81961990636785],[17.127134678615025,49.81961990636785]]]}},{"type":"Feature","properties":{"jobs":37,"pop":349,"pointCount":14,"homeWorkCommuteMedian":9155,"workHomeCommuteMedian":1479},"geometry":{"type":"Polygon","coordinates":[[[17.127134678615025,49.828613110005094],[17.127134678615025,49.83760631364234],[17.13612788225227,49.83760631364234],[17.13612788225227,49.828613110005094],[17.127134678615025,49.828613110005094]]]}},{"type":"Feature","properties":{"jobs":11,"pop":136,"pointCount":6,"homeWorkCommuteMedian":22942,"workHomeCommuteMedian":841},"geometry":{"type":"Polygon","coordinates":[[[17.13612788225227,49.32499370631932],[17.13612788225227,49.333986909956565],[17.145121085889517,49.333986909956565],[17.145121085889517,49.32499370631932],[17.13612788225227,49.32499370631932]]]}},{"type":"Feature","properties":{"jobs":68,"pop":287,"pointCount":13,"homeWorkCommuteMedian":17488,"workHomeCommuteMedian":647},"geometry":{"type":"Polygon","coordinates":[[[17.13612788225227,49.35197331723106],[17.13612788225227,49.3609665208683],[17.145121085889517,49.3609665208683],[17.145121085889517,49.35197331723106],[17.13612788225227,49.35197331723106]]]}},{"type":"Feature","properties":{"jobs":15,"pop":0,"pointCount":1,"homeWorkCommuteMedian":-1,"workHomeCommuteMedian":794},"geometry":{"type":"Polygon","coordinates":[[[17.13612788225227,49.38794613178004],[17.13612788225227,49.39693933541729],[17.145121085889517,49.39693933541729],[17.145121085889517,49.38794613178004],[17.13612788225227,49.38794613178004]]]}},{"type":"Feature","properties":{"jobs":31,"pop":219,"pointCount":8,"homeWorkCommuteMedian":11820,"workHomeCommuteMedian":763},"geometry":{"type":"Polygon","coordinates":[[[17.13612788225227,49.39693933541729],[17.13612788225227,49.40593253905453],[17.145121085889517,49.40593253905453],[17.145121085889517,49.39693933541729],[17.13612788225227,49.39693933541729]]]}},{"type":"Feature","properties":{"jobs":0,"pop":76,"pointCount":4,"homeWorkCommuteMedian":8644,"workHomeCommuteMedian":-1},"geometry":{"type":"Polygon","coordinates":[[[17.13612788225227,49.40593253905453],[17.13612788225227,49.41492574269178],[17.145121085889517,49.41492574269178],[17.145121085889517,49.40593253905453],[17.13612788225227,49.40593253905453]]]}},{"type":"Feature","properties":{"jobs":56,"pop":152,"pointCount":7,"homeWorkCommuteMedian":8097,"workHomeCommuteMedian":504},"geometry":{"type":"Polygon","coordinates":[[[17.13612788225227,49.41492574269178],[17.13612788225227,49.423918946329024],[17.145121085889517,49.423918946329024],[17.145121085889517,49.41492574269178],[17.13612788225227,49.41492574269178]]]}},{"type":"Feature","properties":{"jobs":83,"pop":0,"pointCount":1,"homeWorkCommuteMedian":-1,"workHomeCommuteMedian":5515},"geometry":{"type":"Polygon","coordinates":[[[17.13612788225227,49.45089855724076],[17.13612788225227,49.45989176087801],[17.145121085889517,49.45989176087801],[17.145121085889517,49.45089855724076],[17.13612788225227,49.45089855724076]]]}},{"type":"Feature","properties":{"jobs":3256,"pop":0,"pointCount":4,"homeWorkCommuteMedian":-1,"workHomeCommuteMedian":18545},"geometry":{"type":"Polygon","coordinates":[[[17.13612788225227,49.45989176087801],[17.13612788225227,49.468884964515254],[17.145121085889517,49.468884964515254],[17.145121085889517,49.45989176087801],[17.13612788225227,49.45989176087801]]]}},{"type":"Feature","properties":{"jobs":2074,"pop":823,"pointCount":7,"homeWorkCommuteMedian":4170,"workHomeCommuteMedian":16582},"geometry":{"type":"Polygon","coordinates":[[[17.13612788225227,49.468884964515254],[17.13612788225227,49.4778781681525],[17.145121085889517,49.4778781681525],[17.145121085889517,49.468884964515254],[17.13612788225227,49.468884964515254]]]}},{"type":"Feature","properties":{"jobs":107,"pop":328,"pointCount":6,"homeWorkCommuteMedian":4863,"workHomeCommuteMedian":8510},"geometry":{"type":"Polygon","coordinates":[[[17.13612788225227,49.4778781681525],[17.13612788225227,49.486871371789746],[17.145121085889517,49.486871371789746],[17.145121085889517,49.4778781681525],[17.13612788225227,49.4778781681525]]]}},{"type":"Feature","properties":{"jobs":78,"pop":41,"pointCount":6,"homeWorkCommuteMedian":2810,"workHomeCommuteMedian":3907},"geometry":{"type":"Polygon","coordinates":[[[17.13612788225227,49.486871371789746],[17.13612788225227,49.49586457542699],[17.145121085889517,49.49586457542699],[17.145121085889517,49.486871371789746],[17.13612788225227,49.486871371789746]]]}},{"type":"Feature","properties":{"jobs":2955,"pop":391,"pointCount":16,"homeWorkCommuteMedian":12088,"workHomeCommuteMedian":15533},"geometry":{"type":"Polygon","coordinates":[[[17.13612788225227,49.54982379725047],[17.13612788225227,49.558817000887714],[17.145121085889517,49.558817000887714],[17.145121085889517,49.54982379725047],[17.13612788225227,49.54982379725047]]]}},{"type":"Feature","properties":{"jobs":12,"pop":159,"pointCount":5,"homeWorkCommuteMedian":9606,"workHomeCommuteMedian":10364},"geometry":{"type":"Polygon","coordinates":[[[17.13612788225227,49.558817000887714],[17.13612788225227,49.56781020452496],[17.145121085889517,49.56781020452496],[17.145121085889517,49.558817000887714],[17.13612788225227,49.558817000887714]]]}},{"type":"Feature","properties":{"jobs":1,"pop":206,"pointCount":10,"homeWorkCommuteMedian":9844,"workHomeCommuteMedian":470},"geometry":{"type":"Polygon","coordinates":[[[17.13612788225227,49.5947898154367],[17.13612788225227,49.603783019073944],[17.145121085889517,49.603783019073944],[17.145121085889517,49.5947898154367],[17.13612788225227,49.5947898154367]]]}},{"type":"Feature","properties":{"jobs":84,"pop":207,"pointCount":11,"homeWorkCommuteMedian":14008,"workHomeCommuteMedian":2188},"geometry":{"type":"Polygon","coordinates":[[[17.13612788225227,49.63975583362293],[17.13612788225227,49.648749037260174],[17.145121085889517,49.648749037260174],[17.145121085889517,49.63975583362293],[17.13612788225227,49.63975583362293]]]}},{"type":"Feature","properties":{"jobs":0,"pop":45,"pointCount":2,"homeWorkCommuteMedian":15473,"workHomeCommuteMedian":-1},"geometry":{"type":"Polygon","coordinates":[[[17.13612788225227,49.648749037260174],[17.13612788225227,49.65774224089742],[17.145121085889517,49.65774224089742],[17.145121085889517,49.648749037260174],[17.13612788225227,49.648749037260174]]]}},{"type":"Feature","properties":{"jobs":0,"pop":20,"pointCount":1,"homeWorkCommuteMedian":24860,"workHomeCommuteMedian":-1},"geometry":{"type":"Polygon","coordinates":[[[17.13612788225227,49.666735444534666],[17.13612788225227,49.67572864817191],[17.145121085889517,49.67572864817191],[17.145121085889517,49.666735444534666],[17.13612788225227,49.666735444534666]]]}},{"type":"Feature","properties":{"jobs":13,"pop":20,"pointCount":2,"homeWorkCommuteMedian":27047,"workHomeCommuteMedian":412},"geometry":{"type":"Polygon","coordinates":[[[17.13612788225227,49.67572864817191],[17.13612788225227,49.68472185180916],[17.145121085889517,49.68472185180916],[17.145121085889517,49.67572864817191],[17.13612788225227,49.67572864817191]]]}},{"type":"Feature","properties":{"jobs":0,"pop":143,"pointCount":6,"homeWorkCommuteMedian":13056,"workHomeCommuteMedian":-1},"geometry":{"type":"Polygon","coordinates":[[[17.13612788225227,49.74767427726988],[17.13612788225227,49.756667480907126],[17.145121085889517,49.756667480907126],[17.145121085889517,49.74767427726988],[17.13612788225227,49.74767427726988]]]}},{"type":"Feature","properties":{"jobs":129,"pop":146,"pointCount":8,"homeWorkCommuteMedian":10295,"workHomeCommuteMedian":2665},"geometry":{"type":"Polygon","coordinates":[[[17.13612788225227,49.76566068454437],[17.13612788225227,49.77465388818162],[17.145121085889517,49.77465388818162],[17.145121085889517,49.76566068454437],[17.13612788225227,49.76566068454437]]]}},{"type":"Feature","properties":{"jobs":0,"pop":12,"pointCount":1,"homeWorkCommuteMedian":2653,"workHomeCommuteMedian":-1},"geometry":{"type":"Polygon","coordinates":[[[17.13612788225227,49.783647091818864],[17.13612788225227,49.79264029545611],[17.145121085889517,49.79264029545611],[17.145121085889517,49.783647091818864],[17.13612788225227,49.783647091818864]]]}},{"type":"Feature","properties":{"jobs":0,"pop":25,"pointCount":1,"homeWorkCommuteMedian":19131,"workHomeCommuteMedian":-1},"geometry":{"type":"Polygon","coordinates":[[[17.13612788225227,49.79264029545611],[17.13612788225227,49.801633499093356],[17.145121085889517,49.801633499093356],[17.145121085889517,49.79264029545611],[17.13612788225227,49.79264029545611]]]}},{"type":"Feature","properties":{"jobs":0,"pop":42,"pointCount":2,"homeWorkCommuteMedian":4578,"workHomeCommuteMedian":-1},"geometry":{"type":"Polygon","coordinates":[[[17.13612788225227,49.801633499093356],[17.13612788225227,49.8106267027306],[17.145121085889517,49.8106267027306],[17.145121085889517,49.801633499093356],[17.13612788225227,49.801633499093356]]]}},{"type":"Feature","properties":{"jobs":32,"pop":0,"pointCount":1,"homeWorkCommuteMedian":-1,"workHomeCommuteMedian":4030},"geometry":{"type":"Polygon","coordinates":[[[17.13612788225227,49.81961990636785],[17.13612788225227,49.828613110005094],[17.145121085889517,49.828613110005094],[17.145121085889517,49.81961990636785],[17.13612788225227,49.81961990636785]]]}},{"type":"Feature","properties":{"jobs":0,"pop":25,"pointCount":1,"homeWorkCommuteMedian":32675,"workHomeCommuteMedian":-1},"geometry":{"type":"Polygon","coordinates":[[[17.13612788225227,49.828613110005094],[17.13612788225227,49.83760631364234],[17.145121085889517,49.83760631364234],[17.145121085889517,49.828613110005094],[17.13612788225227,49.828613110005094]]]}},{"type":"Feature","properties":{"jobs":0,"pop":92,"pointCount":6,"homeWorkCommuteMedian":19842,"workHomeCommuteMedian":-1},"geometry":{"type":"Polygon","coordinates":[[[17.13612788225227,49.83760631364234],[17.13612788225227,49.846599517279586],[17.145121085889517,49.846599517279586],[17.145121085889517,49.83760631364234],[17.13612788225227,49.83760631364234]]]}},{"type":"Feature","properties":{"jobs":20,"pop":97,"pointCount":5,"homeWorkCommuteMedian":22566,"workHomeCommuteMedian":509},"geometry":{"type":"Polygon","coordinates":[[[17.145121085889517,49.32499370631932],[17.145121085889517,49.333986909956565],[17.154114289526763,49.333986909956565],[17.154114289526763,49.32499370631932],[17.145121085889517,49.32499370631932]]]}},{"type":"Feature","properties":{"jobs":0,"pop":40,"pointCount":2,"homeWorkCommuteMedian":19111,"workHomeCommuteMedian":-1},"geometry":{"type":"Polygon","coordinates":[[[17.145121085889517,49.35197331723106],[17.145121085889517,49.3609665208683],[17.154114289526763,49.3609665208683],[17.154114289526763,49.35197331723106],[17.145121085889517,49.35197331723106]]]}},{"type":"Feature","properties":{"jobs":249,"pop":0,"pointCount":1,"homeWorkCommuteMedian":-1,"workHomeCommuteMedian":15553},"geometry":{"type":"Polygon","coordinates":[[[17.145121085889517,49.45989176087801],[17.145121085889517,49.468884964515254],[17.154114289526763,49.468884964515254],[17.154114289526763,49.45989176087801],[17.145121085889517,49.45989176087801]]]}},{"type":"Feature","properties":{"jobs":2084,"pop":20,"pointCount":3,"homeWorkCommuteMedian":3034,"workHomeCommuteMedian":12698},"geometry":{"type":"Polygon","coordinates":[[[17.145121085889517,49.468884964515254],[17.145121085889517,49.4778781681525],[17.154114289526763,49.4778781681525],[17.154114289526763,49.468884964515254],[17.145121085889517,49.468884964515254]]]}},{"type":"Feature","properties":{"jobs":268,"pop":305,"pointCount":8,"homeWorkCommuteMedian":5215,"workHomeCommuteMedian":7838},"geometry":{"type":"Polygon","coordinates":[[[17.145121085889517,49.4778781681525],[17.145121085889517,49.486871371789746],[17.154114289526763,49.486871371789746],[17.154114289526763,49.4778781681525],[17.145121085889517,49.4778781681525]]]}},{"type":"Feature","properties":{"jobs":26,"pop":0,"pointCount":1,"homeWorkCommuteMedian":-1,"workHomeCommuteMedian":4440},"geometry":{"type":"Polygon","coordinates":[[[17.145121085889517,49.486871371789746],[17.145121085889517,49.49586457542699],[17.154114289526763,49.49586457542699],[17.154114289526763,49.486871371789746],[17.145121085889517,49.486871371789746]]]}},{"type":"Feature","properties":{"jobs":0,"pop":37,"pointCount":1,"homeWorkCommuteMedian":14540,"workHomeCommuteMedian":-1},"geometry":{"type":"Polygon","coordinates":[[[17.145121085889517,49.531837389975976],[17.145121085889517,49.54083059361322],[17.154114289526763,49.54083059361322],[17.154114289526763,49.531837389975976],[17.145121085889517,49.531837389975976]]]}},{"type":"Feature","properties":{"jobs":48,"pop":487,"pointCount":10,"homeWorkCommuteMedian":11338,"workHomeCommuteMedian":11507},"geometry":{"type":"Polygon","coordinates":[[[17.145121085889517,49.54982379725047],[17.145121085889517,49.558817000887714],[17.154114289526763,49.558817000887714],[17.154114289526763,49.54982379725047],[17.145121085889517,49.54982379725047]]]}},{"type":"Feature","properties":{"jobs":0,"pop":35,"pointCount":2,"homeWorkCommuteMedian":10863,"workHomeCommuteMedian":-1},"geometry":{"type":"Polygon","coordinates":[[[17.145121085889517,49.558817000887714],[17.145121085889517,49.56781020452496],[17.154114289526763,49.56781020452496],[17.154114289526763,49.558817000887714],[17.145121085889517,49.558817000887714]]]}},{"type":"Feature","properties":{"jobs":0,"pop":24,"pointCount":2,"homeWorkCommuteMedian":11730,"workHomeCommuteMedian":-1},"geometry":{"type":"Polygon","coordinates":[[[17.145121085889517,49.58579661179945],[17.145121085889517,49.5947898154367],[17.154114289526763,49.5947898154367],[17.154114289526763,49.58579661179945],[17.145121085889517,49.58579661179945]]]}},{"type":"Feature","properties":{"jobs":10,"pop":66,"pointCount":4,"homeWorkCommuteMedian":9599,"workHomeCommuteMedian":3921},"geometry":{"type":"Polygon","coordinates":[[[17.145121085889517,49.63076262998568],[17.145121085889517,49.63975583362293],[17.154114289526763,49.63975583362293],[17.154114289526763,49.63076262998568],[17.145121085889517,49.63076262998568]]]}},{"type":"Feature","properties":{"jobs":10,"pop":246,"pointCount":8,"homeWorkCommuteMedian":12418,"workHomeCommuteMedian":429},"geometry":{"type":"Polygon","coordinates":[[[17.145121085889517,49.63975583362293],[17.145121085889517,49.648749037260174],[17.154114289526763,49.648749037260174],[17.154114289526763,49.63975583362293],[17.145121085889517,49.63975583362293]]]}},{"type":"Feature","properties":{"jobs":10,"pop":14,"pointCount":2,"homeWorkCommuteMedian":3714,"workHomeCommuteMedian":124},"geometry":{"type":"Polygon","coordinates":[[[17.145121085889517,49.666735444534666],[17.145121085889517,49.67572864817191],[17.154114289526763,49.67572864817191],[17.154114289526763,49.666735444534666],[17.145121085889517,49.666735444534666]]]}},{"type":"Feature","properties":{"jobs":14,"pop":46,"pointCount":3,"homeWorkCommuteMedian":17118,"workHomeCommuteMedian":645},"geometry":{"type":"Polygon","coordinates":[[[17.145121085889517,49.68472185180916],[17.145121085889517,49.693715055446404],[17.154114289526763,49.693715055446404],[17.154114289526763,49.68472185180916],[17.145121085889517,49.68472185180916]]]}},{"type":"Feature","properties":{"jobs":9,"pop":11,"pointCount":2,"homeWorkCommuteMedian":28932,"workHomeCommuteMedian":415},"geometry":{"type":"Polygon","coordinates":[[[17.145121085889517,49.74767427726988],[17.145121085889517,49.756667480907126],[17.154114289526763,49.756667480907126],[17.154114289526763,49.74767427726988],[17.145121085889517,49.74767427726988]]]}},{"type":"Feature","properties":{"jobs":753,"pop":0,"pointCount":1,"homeWorkCommuteMedian":-1,"workHomeCommuteMedian":9264},"geometry":{"type":"Polygon","coordinates":[[[17.145121085889517,49.77465388818162],[17.145121085889517,49.783647091818864],[17.154114289526763,49.783647091818864],[17.154114289526763,49.77465388818162],[17.145121085889517,49.77465388818162]]]}},{"type":"Feature","properties":{"jobs":21,"pop":0,"pointCount":1,"homeWorkCommuteMedian":-1,"workHomeCommuteMedian":12296},"geometry":{"type":"Polygon","coordinates":[[[17.145121085889517,49.81961990636785],[17.145121085889517,49.828613110005094],[17.154114289526763,49.828613110005094],[17.154114289526763,49.81961990636785],[17.145121085889517,49.81961990636785]]]}},{"type":"Feature","properties":{"jobs":13,"pop":67,"pointCount":2,"homeWorkCommuteMedian":22302,"workHomeCommuteMedian":3298},"geometry":{"type":"Polygon","coordinates":[[[17.145121085889517,49.846599517279586],[17.145121085889517,49.85559272091683],[17.154114289526763,49.85559272091683],[17.154114289526763,49.846599517279586],[17.145121085889517,49.846599517279586]]]}},{"type":"Feature","properties":{"jobs":20,"pop":0,"pointCount":1,"homeWorkCommuteMedian":-1,"workHomeCommuteMedian":1190},"geometry":{"type":"Polygon","coordinates":[[[17.154114289526763,49.29801409540758],[17.154114289526763,49.30700729904483],[17.16310749316401,49.30700729904483],[17.16310749316401,49.29801409540758],[17.154114289526763,49.29801409540758]]]}},{"type":"Feature","properties":{"jobs":0,"pop":63,"pointCount":2,"homeWorkCommuteMedian":6776,"workHomeCommuteMedian":-1},"geometry":{"type":"Polygon","coordinates":[[[17.154114289526763,49.30700729904483],[17.154114289526763,49.31600050268207],[17.16310749316401,49.31600050268207],[17.16310749316401,49.30700729904483],[17.154114289526763,49.30700729904483]]]}},{"type":"Feature","properties":{"jobs":8,"pop":28,"pointCount":2,"homeWorkCommuteMedian":23743,"workHomeCommuteMedian":134},"geometry":{"type":"Polygon","coordinates":[[[17.154114289526763,49.31600050268207],[17.154114289526763,49.32499370631932],[17.16310749316401,49.32499370631932],[17.16310749316401,49.31600050268207],[17.154114289526763,49.31600050268207]]]}},{"type":"Feature","properties":{"jobs":36,"pop":30,"pointCount":2,"homeWorkCommuteMedian":20096,"workHomeCommuteMedian":1481},"geometry":{"type":"Polygon","coordinates":[[[17.154114289526763,49.333986909956565],[17.154114289526763,49.34298011359381],[17.16310749316401,49.34298011359381],[17.16310749316401,49.333986909956565],[17.154114289526763,49.333986909956565]]]}},{"type":"Feature","properties":{"jobs":116,"pop":191,"pointCount":11,"homeWorkCommuteMedian":19381,"workHomeCommuteMedian":1180},"geometry":{"type":"Polygon","coordinates":[[[17.154114289526763,49.34298011359381],[17.154114289526763,49.35197331723106],[17.16310749316401,49.35197331723106],[17.16310749316401,49.34298011359381],[17.154114289526763,49.34298011359381]]]}},{"type":"Feature","properties":{"jobs":18,"pop":16,"pointCount":2,"homeWorkCommuteMedian":18823,"workHomeCommuteMedian":5046},"geometry":{"type":"Polygon","coordinates":[[[17.154114289526763,49.35197331723106],[17.154114289526763,49.3609665208683],[17.16310749316401,49.3609665208683],[17.16310749316401,49.35197331723106],[17.154114289526763,49.35197331723106]]]}},{"type":"Feature","properties":{"jobs":0,"pop":226,"pointCount":12,"homeWorkCommuteMedian":7467,"workHomeCommuteMedian":-1},"geometry":{"type":"Polygon","coordinates":[[[17.154114289526763,49.44190535360352],[17.154114289526763,49.45089855724076],[17.16310749316401,49.45089855724076],[17.16310749316401,49.44190535360352],[17.154114289526763,49.44190535360352]]]}},{"type":"Feature","properties":{"jobs":0,"pop":13,"pointCount":1,"homeWorkCommuteMedian":6020,"workHomeCommuteMedian":-1},"geometry":{"type":"Polygon","coordinates":[[[17.154114289526763,49.45089855724076],[17.154114289526763,49.45989176087801],[17.16310749316401,49.45989176087801],[17.16310749316401,49.45089855724076],[17.154114289526763,49.45089855724076]]]}},{"type":"Feature","properties":{"jobs":9,"pop":80,"pointCount":4,"homeWorkCommuteMedian":4917,"workHomeCommuteMedian":190},"geometry":{"type":"Polygon","coordinates":[[[17.154114289526763,49.468884964515254],[17.154114289526763,49.4778781681525],[17.16310749316401,49.4778781681525],[17.16310749316401,49.468884964515254],[17.154114289526763,49.468884964515254]]]}},{"type":"Feature","properties":{"jobs":40,"pop":12,"pointCount":1,"homeWorkCommuteMedian":4916,"workHomeCommuteMedian":7934},"geometry":{"type":"Polygon","coordinates":[[[17.154114289526763,49.4778781681525],[17.154114289526763,49.486871371789746],[17.16310749316401,49.486871371789746],[17.16310749316401,49.4778781681525],[17.154114289526763,49.4778781681525]]]}},{"type":"Feature","properties":{"jobs":198,"pop":486,"pointCount":22,"homeWorkCommuteMedian":11436,"workHomeCommuteMedian":11812},"geometry":{"type":"Polygon","coordinates":[[[17.154114289526763,49.531837389975976],[17.154114289526763,49.54083059361322],[17.16310749316401,49.54083059361322],[17.16310749316401,49.531837389975976],[17.154114289526763,49.531837389975976]]]}},{"type":"Feature","properties":{"jobs":28,"pop":34,"pointCount":1,"homeWorkCommuteMedian":9036,"workHomeCommuteMedian":448},"geometry":{"type":"Polygon","coordinates":[[[17.154114289526763,49.576803408162206],[17.154114289526763,49.58579661179945],[17.16310749316401,49.58579661179945],[17.16310749316401,49.576803408162206],[17.154114289526763,49.576803408162206]]]}},{"type":"Feature","properties":{"jobs":18,"pop":168,"pointCount":8,"homeWorkCommuteMedian":10869,"workHomeCommuteMedian":416},"geometry":{"type":"Polygon","coordinates":[[[17.154114289526763,49.58579661179945],[17.154114289526763,49.5947898154367],[17.16310749316401,49.5947898154367],[17.16310749316401,49.58579661179945],[17.154114289526763,49.58579661179945]]]}},{"type":"Feature","properties":{"jobs":54,"pop":0,"pointCount":1,"homeWorkCommuteMedian":-1,"workHomeCommuteMedian":1633},"geometry":{"type":"Polygon","coordinates":[[[17.154114289526763,49.63975583362293],[17.154114289526763,49.648749037260174],[17.16310749316401,49.648749037260174],[17.16310749316401,49.63975583362293],[17.154114289526763,49.63975583362293]]]}},{"type":"Feature","properties":{"jobs":0,"pop":141,"pointCount":6,"homeWorkCommuteMedian":17222,"workHomeCommuteMedian":-1},"geometry":{"type":"Polygon","coordinates":[[[17.154114289526763,49.68472185180916],[17.154114289526763,49.693715055446404],[17.16310749316401,49.693715055446404],[17.16310749316401,49.68472185180916],[17.154114289526763,49.68472185180916]]]}},{"type":"Feature","properties":{"jobs":17,"pop":93,"pointCount":5,"homeWorkCommuteMedian":19063,"workHomeCommuteMedian":276},"geometry":{"type":"Polygon","coordinates":[[[17.154114289526763,49.693715055446404],[17.154114289526763,49.70270825908365],[17.16310749316401,49.70270825908365],[17.16310749316401,49.693715055446404],[17.154114289526763,49.693715055446404]]]}},{"type":"Feature","properties":{"jobs":0,"pop":246,"pointCount":9,"homeWorkCommuteMedian":15378,"workHomeCommuteMedian":-1},"geometry":{"type":"Polygon","coordinates":[[[17.154114289526763,49.711701462720896],[17.154114289526763,49.72069466635814],[17.16310749316401,49.72069466635814],[17.16310749316401,49.711701462720896],[17.154114289526763,49.711701462720896]]]}},{"type":"Feature","properties":{"jobs":63,"pop":173,"pointCount":9,"homeWorkCommuteMedian":17454,"workHomeCommuteMedian":836},"geometry":{"type":"Polygon","coordinates":[[[17.154114289526763,49.72069466635814],[17.154114289526763,49.72968786999539],[17.16310749316401,49.72968786999539],[17.16310749316401,49.72069466635814],[17.154114289526763,49.72069466635814]]]}},{"type":"Feature","properties":{"jobs":34,"pop":26,"pointCount":4,"homeWorkCommuteMedian":28741,"workHomeCommuteMedian":1892},"geometry":{"type":"Polygon","coordinates":[[[17.154114289526763,49.72968786999539],[17.154114289526763,49.738681073632634],[17.16310749316401,49.738681073632634],[17.16310749316401,49.72968786999539],[17.154114289526763,49.72968786999539]]]}},{"type":"Feature","properties":{"jobs":488,"pop":0,"pointCount":1,"homeWorkCommuteMedian":-1,"workHomeCommuteMedian":9552},"geometry":{"type":"Polygon","coordinates":[[[17.154114289526763,49.77465388818162],[17.154114289526763,49.783647091818864],[17.16310749316401,49.783647091818864],[17.16310749316401,49.77465388818162],[17.154114289526763,49.77465388818162]]]}},{"type":"Feature","properties":{"jobs":0,"pop":43,"pointCount":1,"homeWorkCommuteMedian":79218,"workHomeCommuteMedian":-1},"geometry":{"type":"Polygon","coordinates":[[[17.154114289526763,49.8106267027306],[17.154114289526763,49.81961990636785],[17.16310749316401,49.81961990636785],[17.16310749316401,49.8106267027306],[17.154114289526763,49.8106267027306]]]}},{"type":"Feature","properties":{"jobs":3,"pop":70,"pointCount":4,"homeWorkCommuteMedian":31758,"workHomeCommuteMedian":768},"geometry":{"type":"Polygon","coordinates":[[[17.16310749316401,49.28002768813309],[17.16310749316401,49.289020891770335],[17.172100696801255,49.289020891770335],[17.172100696801255,49.28002768813309],[17.16310749316401,49.28002768813309]]]}},{"type":"Feature","properties":{"jobs":33,"pop":24,"pointCount":3,"homeWorkCommuteMedian":30174,"workHomeCommuteMedian":3389},"geometry":{"type":"Polygon","coordinates":[[[17.16310749316401,49.29801409540758],[17.16310749316401,49.30700729904483],[17.172100696801255,49.30700729904483],[17.172100696801255,49.29801409540758],[17.16310749316401,49.29801409540758]]]}},{"type":"Feature","properties":{"jobs":12,"pop":109,"pointCount":5,"homeWorkCommuteMedian":29439,"workHomeCommuteMedian":3316},"geometry":{"type":"Polygon","coordinates":[[[17.16310749316401,49.30700729904483],[17.16310749316401,49.31600050268207],[17.172100696801255,49.31600050268207],[17.172100696801255,49.30700729904483],[17.16310749316401,49.30700729904483]]]}},{"type":"Feature","properties":{"jobs":24,"pop":117,"pointCount":6,"homeWorkCommuteMedian":23070,"workHomeCommuteMedian":6056},"geometry":{"type":"Polygon","coordinates":[[[17.16310749316401,49.31600050268207],[17.16310749316401,49.32499370631932],[17.172100696801255,49.32499370631932],[17.172100696801255,49.31600050268207],[17.16310749316401,49.31600050268207]]]}},{"type":"Feature","properties":{"jobs":121,"pop":339,"pointCount":17,"homeWorkCommuteMedian":22367,"workHomeCommuteMedian":5757},"geometry":{"type":"Polygon","coordinates":[[[17.16310749316401,49.32499370631932],[17.16310749316401,49.333986909956565],[17.172100696801255,49.333986909956565],[17.172100696801255,49.32499370631932],[17.16310749316401,49.32499370631932]]]}},{"type":"Feature","properties":{"jobs":0,"pop":95,"pointCount":4,"homeWorkCommuteMedian":33568,"workHomeCommuteMedian":-1},"geometry":{"type":"Polygon","coordinates":[[[17.16310749316401,49.333986909956565],[17.16310749316401,49.34298011359381],[17.172100696801255,49.34298011359381],[17.172100696801255,49.333986909956565],[17.16310749316401,49.333986909956565]]]}},{"type":"Feature","properties":{"jobs":195,"pop":104,"pointCount":7,"homeWorkCommuteMedian":20468,"workHomeCommuteMedian":3272},"geometry":{"type":"Polygon","coordinates":[[[17.16310749316401,49.34298011359381],[17.16310749316401,49.35197331723106],[17.172100696801255,49.35197331723106],[17.172100696801255,49.34298011359381],[17.16310749316401,49.34298011359381]]]}},{"type":"Feature","properties":{"jobs":1,"pop":61,"pointCount":3,"homeWorkCommuteMedian":19364,"workHomeCommuteMedian":46},"geometry":{"type":"Polygon","coordinates":[[[17.16310749316401,49.35197331723106],[17.16310749316401,49.3609665208683],[17.172100696801255,49.3609665208683],[17.172100696801255,49.35197331723106],[17.16310749316401,49.35197331723106]]]}},{"type":"Feature","properties":{"jobs":0,"pop":124,"pointCount":5,"homeWorkCommuteMedian":9962,"workHomeCommuteMedian":-1},"geometry":{"type":"Polygon","coordinates":[[[17.16310749316401,49.39693933541729],[17.16310749316401,49.40593253905453],[17.172100696801255,49.40593253905453],[17.172100696801255,49.39693933541729],[17.16310749316401,49.39693933541729]]]}},{"type":"Feature","properties":{"jobs":0,"pop":11,"pointCount":1,"homeWorkCommuteMedian":11203,"workHomeCommuteMedian":-1},"geometry":{"type":"Polygon","coordinates":[[[17.16310749316401,49.40593253905453],[17.16310749316401,49.41492574269178],[17.172100696801255,49.41492574269178],[17.172100696801255,49.40593253905453],[17.16310749316401,49.40593253905453]]]}},{"type":"Feature","properties":{"jobs":0,"pop":20,"pointCount":1,"homeWorkCommuteMedian":19906,"workHomeCommuteMedian":-1},"geometry":{"type":"Polygon","coordinates":[[[17.16310749316401,49.423918946329024],[17.16310749316401,49.43291214996627],[17.172100696801255,49.43291214996627],[17.172100696801255,49.423918946329024],[17.16310749316401,49.423918946329024]]]}},{"type":"Feature","properties":{"jobs":0,"pop":26,"pointCount":1,"homeWorkCommuteMedian":808,"workHomeCommuteMedian":-1},"geometry":{"type":"Polygon","coordinates":[[[17.16310749316401,49.43291214996627],[17.16310749316401,49.44190535360352],[17.172100696801255,49.44190535360352],[17.172100696801255,49.43291214996627],[17.16310749316401,49.43291214996627]]]}},{"type":"Feature","properties":{"jobs":109,"pop":359,"pointCount":15,"homeWorkCommuteMedian":5781,"workHomeCommuteMedian":3137},"geometry":{"type":"Polygon","coordinates":[[[17.16310749316401,49.44190535360352],[17.16310749316401,49.45089855724076],[17.172100696801255,49.45089855724076],[17.172100696801255,49.44190535360352],[17.16310749316401,49.44190535360352]]]}},{"type":"Feature","properties":{"jobs":0,"pop":13,"pointCount":1,"homeWorkCommuteMedian":15830,"workHomeCommuteMedian":-1},"geometry":{"type":"Polygon","coordinates":[[[17.16310749316401,49.45989176087801],[17.16310749316401,49.468884964515254],[17.172100696801255,49.468884964515254],[17.172100696801255,49.45989176087801],[17.16310749316401,49.45989176087801]]]}},{"type":"Feature","properties":{"jobs":149,"pop":385,"pointCount":20,"homeWorkCommuteMedian":11421,"workHomeCommuteMedian":4129},"geometry":{"type":"Polygon","coordinates":[[[17.16310749316401,49.531837389975976],[17.16310749316401,49.54083059361322],[17.172100696801255,49.54083059361322],[17.172100696801255,49.531837389975976],[17.16310749316401,49.531837389975976]]]}},{"type":"Feature","properties":{"jobs":16,"pop":0,"pointCount":1,"homeWorkCommuteMedian":-1,"workHomeCommuteMedian":14410},"geometry":{"type":"Polygon","coordinates":[[[17.16310749316401,49.621769426348436],[17.16310749316401,49.63076262998568],[17.172100696801255,49.63076262998568],[17.172100696801255,49.621769426348436],[17.16310749316401,49.621769426348436]]]}},{"type":"Feature","properties":{"jobs":0,"pop":16,"pointCount":1,"homeWorkCommuteMedian":13484,"workHomeCommuteMedian":-1},"geometry":{"type":"Polygon","coordinates":[[[17.16310749316401,49.63975583362293],[17.16310749316401,49.648749037260174],[17.172100696801255,49.648749037260174],[17.172100696801255,49.63975583362293],[17.16310749316401,49.63975583362293]]]}},{"type":"Feature","properties":{"jobs":0,"pop":17,"pointCount":1,"homeWorkCommuteMedian":14271,"workHomeCommuteMedian":-1},"geometry":{"type":"Polygon","coordinates":[[[17.16310749316401,49.666735444534666],[17.16310749316401,49.67572864817191],[17.172100696801255,49.67572864817191],[17.172100696801255,49.666735444534666],[17.16310749316401,49.666735444534666]]]}},{"type":"Feature","properties":{"jobs":0,"pop":86,"pointCount":4,"homeWorkCommuteMedian":9132,"workHomeCommuteMedian":-1},"geometry":{"type":"Polygon","coordinates":[[[17.16310749316401,49.72069466635814],[17.16310749316401,49.72968786999539],[17.172100696801255,49.72968786999539],[17.172100696801255,49.72069466635814],[17.16310749316401,49.72069466635814]]]}},{"type":"Feature","properties":{"jobs":81,"pop":44,"pointCount":5,"homeWorkCommuteMedian":46766,"workHomeCommuteMedian":4170},"geometry":{"type":"Polygon","coordinates":[[[17.16310749316401,49.8106267027306],[17.16310749316401,49.81961990636785],[17.172100696801255,49.81961990636785],[17.172100696801255,49.8106267027306],[17.16310749316401,49.8106267027306]]]}},{"type":"Feature","properties":{"jobs":11,"pop":68,"pointCount":2,"homeWorkCommuteMedian":10358,"workHomeCommuteMedian":189},"geometry":{"type":"Polygon","coordinates":[[[17.16310749316401,49.828613110005094],[17.16310749316401,49.83760631364234],[17.172100696801255,49.83760631364234],[17.172100696801255,49.828613110005094],[17.16310749316401,49.828613110005094]]]}},{"type":"Feature","properties":{"jobs":0,"pop":20,"pointCount":1,"homeWorkCommuteMedian":9537,"workHomeCommuteMedian":-1},"geometry":{"type":"Polygon","coordinates":[[[17.16310749316401,49.83760631364234],[17.16310749316401,49.846599517279586],[17.172100696801255,49.846599517279586],[17.172100696801255,49.83760631364234],[17.16310749316401,49.83760631364234]]]}},{"type":"Feature","properties":{"jobs":0,"pop":14,"pointCount":1,"homeWorkCommuteMedian":14248,"workHomeCommuteMedian":-1},"geometry":{"type":"Polygon","coordinates":[[[17.172100696801255,49.31600050268207],[17.172100696801255,49.32499370631932],[17.1810939004385,49.32499370631932],[17.1810939004385,49.31600050268207],[17.172100696801255,49.31600050268207]]]}},{"type":"Feature","properties":{"jobs":128,"pop":74,"pointCount":4,"homeWorkCommuteMedian":21333,"workHomeCommuteMedian":2985},"geometry":{"type":"Polygon","coordinates":[[[17.172100696801255,49.32499370631932],[17.172100696801255,49.333986909956565],[17.1810939004385,49.333986909956565],[17.1810939004385,49.32499370631932],[17.172100696801255,49.32499370631932]]]}},{"type":"Feature","properties":{"jobs":13,"pop":78,"pointCount":3,"homeWorkCommuteMedian":21334,"workHomeCommuteMedian":7872},"geometry":{"type":"Polygon","coordinates":[[[17.172100696801255,49.34298011359381],[17.172100696801255,49.35197331723106],[17.1810939004385,49.35197331723106],[17.1810939004385,49.34298011359381],[17.172100696801255,49.34298011359381]]]}},{"type":"Feature","properties":{"jobs":0,"pop":115,"pointCount":3,"homeWorkCommuteMedian":12935,"workHomeCommuteMedian":-1},"geometry":{"type":"Polygon","coordinates":[[[17.172100696801255,49.378952928142795],[17.172100696801255,49.38794613178004],[17.1810939004385,49.38794613178004],[17.1810939004385,49.378952928142795],[17.172100696801255,49.378952928142795]]]}},{"type":"Feature","properties":{"jobs":14,"pop":0,"pointCount":1,"homeWorkCommuteMedian":-1,"workHomeCommuteMedian":114},"geometry":{"type":"Polygon","coordinates":[[[17.172100696801255,49.39693933541729],[17.172100696801255,49.40593253905453],[17.1810939004385,49.40593253905453],[17.1810939004385,49.39693933541729],[17.172100696801255,49.39693933541729]]]}},{"type":"Feature","properties":{"jobs":46,"pop":156,"pointCount":9,"homeWorkCommuteMedian":8719,"workHomeCommuteMedian":808},"geometry":{"type":"Polygon","coordinates":[[[17.172100696801255,49.423918946329024],[17.172100696801255,49.43291214996627],[17.1810939004385,49.43291214996627],[17.1810939004385,49.423918946329024],[17.172100696801255,49.423918946329024]]]}},{"type":"Feature","properties":{"jobs":12,"pop":37,"pointCount":2,"homeWorkCommuteMedian":6755,"workHomeCommuteMedian":384},"geometry":{"type":"Polygon","coordinates":[[[17.172100696801255,49.43291214996627],[17.172100696801255,49.44190535360352],[17.1810939004385,49.44190535360352],[17.1810939004385,49.43291214996627],[17.172100696801255,49.43291214996627]]]}},{"type":"Feature","properties":{"jobs":0,"pop":10,"pointCount":1,"homeWorkCommuteMedian":24189,"workHomeCommuteMedian":-1},"geometry":{"type":"Polygon","coordinates":[[[17.172100696801255,49.45089855724076],[17.172100696801255,49.45989176087801],[17.1810939004385,49.45989176087801],[17.1810939004385,49.45089855724076],[17.172100696801255,49.45089855724076]]]}},{"type":"Feature","properties":{"jobs":226,"pop":538,"pointCount":23,"homeWorkCommuteMedian":5172,"workHomeCommuteMedian":5472},"geometry":{"type":"Polygon","coordinates":[[[17.172100696801255,49.45989176087801],[17.172100696801255,49.468884964515254],[17.1810939004385,49.468884964515254],[17.1810939004385,49.45989176087801],[17.172100696801255,49.45989176087801]]]}},{"type":"Feature","properties":{"jobs":14,"pop":56,"pointCount":3,"homeWorkCommuteMedian":8128,"workHomeCommuteMedian":67},"geometry":{"type":"Polygon","coordinates":[[[17.172100696801255,49.52284418633873],[17.172100696801255,49.531837389975976],[17.1810939004385,49.531837389975976],[17.1810939004385,49.52284418633873],[17.172100696801255,49.52284418633873]]]}},{"type":"Feature","properties":{"jobs":0,"pop":11,"pointCount":1,"homeWorkCommuteMedian":6970,"workHomeCommuteMedian":-1},"geometry":{"type":"Polygon","coordinates":[[[17.172100696801255,49.558817000887714],[17.172100696801255,49.56781020452496],[17.1810939004385,49.56781020452496],[17.1810939004385,49.558817000887714],[17.172100696801255,49.558817000887714]]]}},{"type":"Feature","properties":{"jobs":177,"pop":719,"pointCount":28,"homeWorkCommuteMedian":8972,"workHomeCommuteMedian":15459},"geometry":{"type":"Polygon","coordinates":[[[17.172100696801255,49.56781020452496],[17.172100696801255,49.576803408162206],[17.1810939004385,49.576803408162206],[17.1810939004385,49.56781020452496],[17.172100696801255,49.56781020452496]]]}},{"type":"Feature","properties":{"jobs":32,"pop":136,"pointCount":6,"homeWorkCommuteMedian":8331,"workHomeCommuteMedian":325},"geometry":{"type":"Polygon","coordinates":[[[17.172100696801255,49.576803408162206],[17.172100696801255,49.58579661179945],[17.1810939004385,49.58579661179945],[17.1810939004385,49.576803408162206],[17.172100696801255,49.576803408162206]]]}},{"type":"Feature","properties":{"jobs":11,"pop":145,"pointCount":4,"homeWorkCommuteMedian":7665,"workHomeCommuteMedian":440},"geometry":{"type":"Polygon","coordinates":[[[17.172100696801255,49.58579661179945],[17.172100696801255,49.5947898154367],[17.1810939004385,49.5947898154367],[17.1810939004385,49.58579661179945],[17.172100696801255,49.58579661179945]]]}},{"type":"Feature","properties":{"jobs":0,"pop":31,"pointCount":1,"homeWorkCommuteMedian":10326,"workHomeCommuteMedian":-1},"geometry":{"type":"Polygon","coordinates":[[[17.172100696801255,49.61277622271119],[17.172100696801255,49.621769426348436],[17.1810939004385,49.621769426348436],[17.1810939004385,49.61277622271119],[17.172100696801255,49.61277622271119]]]}},{"type":"Feature","properties":{"jobs":25,"pop":71,"pointCount":4,"homeWorkCommuteMedian":6656,"workHomeCommuteMedian":2353},"geometry":{"type":"Polygon","coordinates":[[[17.172100696801255,49.621769426348436],[17.172100696801255,49.63076262998568],[17.1810939004385,49.63076262998568],[17.1810939004385,49.621769426348436],[17.172100696801255,49.621769426348436]]]}},{"type":"Feature","properties":{"jobs":0,"pop":94,"pointCount":6,"homeWorkCommuteMedian":11661,"workHomeCommuteMedian":-1},"geometry":{"type":"Polygon","coordinates":[[[17.172100696801255,49.63076262998568],[17.172100696801255,49.63975583362293],[17.1810939004385,49.63975583362293],[17.1810939004385,49.63076262998568],[17.172100696801255,49.63076262998568]]]}},{"type":"Feature","properties":{"jobs":68,"pop":478,"pointCount":20,"homeWorkCommuteMedian":12127,"workHomeCommuteMedian":1037},"geometry":{"type":"Polygon","coordinates":[[[17.172100696801255,49.63975583362293],[17.172100696801255,49.648749037260174],[17.1810939004385,49.648749037260174],[17.1810939004385,49.63975583362293],[17.172100696801255,49.63975583362293]]]}},{"type":"Feature","properties":{"jobs":10,"pop":183,"pointCount":8,"homeWorkCommuteMedian":16200,"workHomeCommuteMedian":297},"geometry":{"type":"Polygon","coordinates":[[[17.172100696801255,49.666735444534666],[17.172100696801255,49.67572864817191],[17.1810939004385,49.67572864817191],[17.1810939004385,49.666735444534666],[17.172100696801255,49.666735444534666]]]}},{"type":"Feature","properties":{"jobs":16,"pop":82,"pointCount":4,"homeWorkCommuteMedian":12657,"workHomeCommuteMedian":626},"geometry":{"type":"Polygon","coordinates":[[[17.172100696801255,49.72968786999539],[17.172100696801255,49.738681073632634],[17.1810939004385,49.738681073632634],[17.1810939004385,49.72968786999539],[17.172100696801255,49.72968786999539]]]}},{"type":"Feature","properties":{"jobs":51,"pop":99,"pointCount":5,"homeWorkCommuteMedian":7908,"workHomeCommuteMedian":4535},"geometry":{"type":"Polygon","coordinates":[[[17.172100696801255,49.756667480907126],[17.172100696801255,49.76566068454437],[17.1810939004385,49.76566068454437],[17.1810939004385,49.756667480907126],[17.172100696801255,49.756667480907126]]]}},{"type":"Feature","properties":{"jobs":30,"pop":11,"pointCount":2,"homeWorkCommuteMedian":5123,"workHomeCommuteMedian":3245},"geometry":{"type":"Polygon","coordinates":[[[17.172100696801255,49.76566068454437],[17.172100696801255,49.77465388818162],[17.1810939004385,49.77465388818162],[17.1810939004385,49.76566068454437],[17.172100696801255,49.76566068454437]]]}},{"type":"Feature","properties":{"jobs":49,"pop":123,"pointCount":6,"homeWorkCommuteMedian":7248,"workHomeCommuteMedian":1960},"geometry":{"type":"Polygon","coordinates":[[[17.172100696801255,49.8106267027306],[17.172100696801255,49.81961990636785],[17.1810939004385,49.81961990636785],[17.1810939004385,49.8106267027306],[17.172100696801255,49.8106267027306]]]}},{"type":"Feature","properties":{"jobs":0,"pop":10,"pointCount":1,"homeWorkCommuteMedian":39505,"workHomeCommuteMedian":-1},"geometry":{"type":"Polygon","coordinates":[[[17.172100696801255,49.83760631364234],[17.172100696801255,49.846599517279586],[17.1810939004385,49.846599517279586],[17.1810939004385,49.83760631364234],[17.172100696801255,49.83760631364234]]]}},{"type":"Feature","properties":{"jobs":56,"pop":310,"pointCount":14,"homeWorkCommuteMedian":13780,"workHomeCommuteMedian":597},"geometry":{"type":"Polygon","coordinates":[[[17.1810939004385,49.378952928142795],[17.1810939004385,49.38794613178004],[17.190087104075747,49.38794613178004],[17.190087104075747,49.378952928142795],[17.1810939004385,49.378952928142795]]]}},{"type":"Feature","properties":{"jobs":2,"pop":43,"pointCount":3,"homeWorkCommuteMedian":4751,"workHomeCommuteMedian":101},"geometry":{"type":"Polygon","coordinates":[[[17.1810939004385,49.43291214996627],[17.1810939004385,49.44190535360352],[17.190087104075747,49.44190535360352],[17.190087104075747,49.43291214996627],[17.1810939004385,49.43291214996627]]]}},{"type":"Feature","properties":{"jobs":0,"pop":35,"pointCount":2,"homeWorkCommuteMedian":6221,"workHomeCommuteMedian":-1},"geometry":{"type":"Polygon","coordinates":[[[17.1810939004385,49.44190535360352],[17.1810939004385,49.45089855724076],[17.190087104075747,49.45089855724076],[17.190087104075747,49.44190535360352],[17.1810939004385,49.44190535360352]]]}},{"type":"Feature","properties":{"jobs":0,"pop":73,"pointCount":2,"homeWorkCommuteMedian":7355,"workHomeCommuteMedian":-1},"geometry":{"type":"Polygon","coordinates":[[[17.1810939004385,49.45089855724076],[17.1810939004385,49.45989176087801],[17.190087104075747,49.45989176087801],[17.190087104075747,49.45089855724076],[17.1810939004385,49.45089855724076]]]}},{"type":"Feature","properties":{"jobs":143,"pop":169,"pointCount":10,"homeWorkCommuteMedian":5938,"workHomeCommuteMedian":8021},"geometry":{"type":"Polygon","coordinates":[[[17.1810939004385,49.45989176087801],[17.1810939004385,49.468884964515254],[17.190087104075747,49.468884964515254],[17.190087104075747,49.45989176087801],[17.1810939004385,49.45989176087801]]]}},{"type":"Feature","properties":{"jobs":10,"pop":81,"pointCount":3,"homeWorkCommuteMedian":5585,"workHomeCommuteMedian":146},"geometry":{"type":"Polygon","coordinates":[[[17.1810939004385,49.4778781681525],[17.1810939004385,49.486871371789746],[17.190087104075747,49.486871371789746],[17.190087104075747,49.4778781681525],[17.1810939004385,49.4778781681525]]]}},{"type":"Feature","properties":{"jobs":0,"pop":14,"pointCount":1,"homeWorkCommuteMedian":350,"workHomeCommuteMedian":-1},"geometry":{"type":"Polygon","coordinates":[[[17.1810939004385,49.50485777906424],[17.1810939004385,49.513850982701484],[17.190087104075747,49.513850982701484],[17.190087104075747,49.50485777906424],[17.1810939004385,49.50485777906424]]]}},{"type":"Feature","properties":{"jobs":4,"pop":44,"pointCount":1,"homeWorkCommuteMedian":15892,"workHomeCommuteMedian":490},"geometry":{"type":"Polygon","coordinates":[[[17.1810939004385,49.513850982701484],[17.1810939004385,49.52284418633873],[17.190087104075747,49.52284418633873],[17.190087104075747,49.513850982701484],[17.1810939004385,49.513850982701484]]]}},{"type":"Feature","properties":{"jobs":0,"pop":72,"pointCount":2,"homeWorkCommuteMedian":11492,"workHomeCommuteMedian":-1},"geometry":{"type":"Polygon","coordinates":[[[17.1810939004385,49.52284418633873],[17.1810939004385,49.531837389975976],[17.190087104075747,49.531837389975976],[17.190087104075747,49.52284418633873],[17.1810939004385,49.52284418633873]]]}},{"type":"Feature","properties":{"jobs":0,"pop":115,"pointCount":5,"homeWorkCommuteMedian":12294,"workHomeCommuteMedian":-1},"geometry":{"type":"Polygon","coordinates":[[[17.1810939004385,49.531837389975976],[17.1810939004385,49.54083059361322],[17.190087104075747,49.54083059361322],[17.190087104075747,49.531837389975976],[17.1810939004385,49.531837389975976]]]}},{"type":"Feature","properties":{"jobs":21,"pop":131,"pointCount":5,"homeWorkCommuteMedian":13547,"workHomeCommuteMedian":1345},"geometry":{"type":"Polygon","coordinates":[[[17.1810939004385,49.54083059361322],[17.1810939004385,49.54982379725047],[17.190087104075747,49.54982379725047],[17.190087104075747,49.54083059361322],[17.1810939004385,49.54083059361322]]]}},{"type":"Feature","properties":{"jobs":873,"pop":343,"pointCount":17,"homeWorkCommuteMedian":8642,"workHomeCommuteMedian":8555},"geometry":{"type":"Polygon","coordinates":[[[17.1810939004385,49.56781020452496],[17.1810939004385,49.576803408162206],[17.190087104075747,49.576803408162206],[17.190087104075747,49.56781020452496],[17.1810939004385,49.56781020452496]]]}},{"type":"Feature","properties":{"jobs":11,"pop":16,"pointCount":1,"homeWorkCommuteMedian":1671,"workHomeCommuteMedian":30262},"geometry":{"type":"Polygon","coordinates":[[[17.1810939004385,49.576803408162206],[17.1810939004385,49.58579661179945],[17.190087104075747,49.58579661179945],[17.190087104075747,49.576803408162206],[17.1810939004385,49.576803408162206]]]}},{"type":"Feature","properties":{"jobs":27,"pop":0,"pointCount":1,"homeWorkCommuteMedian":-1,"workHomeCommuteMedian":7454},"geometry":{"type":"Polygon","coordinates":[[[17.1810939004385,49.603783019073944],[17.1810939004385,49.61277622271119],[17.190087104075747,49.61277622271119],[17.190087104075747,49.603783019073944],[17.1810939004385,49.603783019073944]]]}},{"type":"Feature","properties":{"jobs":2,"pop":22,"pointCount":2,"homeWorkCommuteMedian":11481,"workHomeCommuteMedian":356},"geometry":{"type":"Polygon","coordinates":[[[17.1810939004385,49.621769426348436],[17.1810939004385,49.63076262998568],[17.190087104075747,49.63076262998568],[17.190087104075747,49.621769426348436],[17.1810939004385,49.621769426348436]]]}},{"type":"Feature","properties":{"jobs":25,"pop":138,"pointCount":7,"homeWorkCommuteMedian":9834,"workHomeCommuteMedian":589},"geometry":{"type":"Polygon","coordinates":[[[17.1810939004385,49.72069466635814],[17.1810939004385,49.72968786999539],[17.190087104075747,49.72968786999539],[17.190087104075747,49.72069466635814],[17.1810939004385,49.72069466635814]]]}},{"type":"Feature","properties":{"jobs":15,"pop":190,"pointCount":8,"homeWorkCommuteMedian":10958,"workHomeCommuteMedian":551},"geometry":{"type":"Polygon","coordinates":[[[17.1810939004385,49.756667480907126],[17.1810939004385,49.76566068454437],[17.190087104075747,49.76566068454437],[17.190087104075747,49.756667480907126],[17.1810939004385,49.756667480907126]]]}},{"type":"Feature","properties":{"jobs":18,"pop":224,"pointCount":9,"homeWorkCommuteMedian":14411,"workHomeCommuteMedian":1053},"geometry":{"type":"Polygon","coordinates":[[[17.1810939004385,49.76566068454437],[17.1810939004385,49.77465388818162],[17.190087104075747,49.77465388818162],[17.190087104075747,49.76566068454437],[17.1810939004385,49.76566068454437]]]}},{"type":"Feature","properties":{"jobs":8,"pop":0,"pointCount":1,"homeWorkCommuteMedian":-1,"workHomeCommuteMedian":455},"geometry":{"type":"Polygon","coordinates":[[[17.1810939004385,49.77465388818162],[17.1810939004385,49.783647091818864],[17.190087104075747,49.783647091818864],[17.190087104075747,49.77465388818162],[17.1810939004385,49.77465388818162]]]}},{"type":"Feature","properties":{"jobs":55,"pop":212,"pointCount":10,"homeWorkCommuteMedian":15020,"workHomeCommuteMedian":4441},"geometry":{"type":"Polygon","coordinates":[[[17.1810939004385,49.8106267027306],[17.1810939004385,49.81961990636785],[17.190087104075747,49.81961990636785],[17.190087104075747,49.8106267027306],[17.1810939004385,49.8106267027306]]]}},{"type":"Feature","properties":{"jobs":0,"pop":43,"pointCount":1,"homeWorkCommuteMedian":80945,"workHomeCommuteMedian":-1},"geometry":{"type":"Polygon","coordinates":[[[17.1810939004385,49.81961990636785],[17.1810939004385,49.828613110005094],[17.190087104075747,49.828613110005094],[17.190087104075747,49.81961990636785],[17.1810939004385,49.81961990636785]]]}},{"type":"Feature","properties":{"jobs":41,"pop":231,"pointCount":12,"homeWorkCommuteMedian":20607,"workHomeCommuteMedian":2695},"geometry":{"type":"Polygon","coordinates":[[[17.190087104075747,49.32499370631932],[17.190087104075747,49.333986909956565],[17.199080307712993,49.333986909956565],[17.199080307712993,49.32499370631932],[17.190087104075747,49.32499370631932]]]}},{"type":"Feature","properties":{"jobs":37,"pop":291,"pointCount":12,"homeWorkCommuteMedian":10301,"workHomeCommuteMedian":2098},"geometry":{"type":"Polygon","coordinates":[[[17.190087104075747,49.40593253905453],[17.190087104075747,49.41492574269178],[17.199080307712993,49.41492574269178],[17.199080307712993,49.40593253905453],[17.190087104075747,49.40593253905453]]]}},{"type":"Feature","properties":{"jobs":26,"pop":0,"pointCount":1,"homeWorkCommuteMedian":-1,"workHomeCommuteMedian":957},"geometry":{"type":"Polygon","coordinates":[[[17.190087104075747,49.41492574269178],[17.190087104075747,49.423918946329024],[17.199080307712993,49.423918946329024],[17.199080307712993,49.41492574269178],[17.190087104075747,49.41492574269178]]]}},{"type":"Feature","properties":{"jobs":70,"pop":235,"pointCount":12,"homeWorkCommuteMedian":7654,"workHomeCommuteMedian":2950},"geometry":{"type":"Polygon","coordinates":[[[17.190087104075747,49.44190535360352],[17.190087104075747,49.45089855724076],[17.199080307712993,49.45089855724076],[17.199080307712993,49.44190535360352],[17.190087104075747,49.44190535360352]]]}},{"type":"Feature","properties":{"jobs":0,"pop":56,"pointCount":4,"homeWorkCommuteMedian":8205,"workHomeCommuteMedian":-1},"geometry":{"type":"Polygon","coordinates":[[[17.190087104075747,49.45089855724076],[17.190087104075747,49.45989176087801],[17.199080307712993,49.45989176087801],[17.199080307712993,49.45089855724076],[17.190087104075747,49.45089855724076]]]}},{"type":"Feature","properties":{"jobs":26,"pop":78,"pointCount":4,"homeWorkCommuteMedian":8613,"workHomeCommuteMedian":1536},"geometry":{"type":"Polygon","coordinates":[[[17.190087104075747,49.50485777906424],[17.190087104075747,49.513850982701484],[17.199080307712993,49.513850982701484],[17.199080307712993,49.50485777906424],[17.190087104075747,49.50485777906424]]]}},{"type":"Feature","properties":{"jobs":0,"pop":264,"pointCount":9,"homeWorkCommuteMedian":12016,"workHomeCommuteMedian":-1},"geometry":{"type":"Polygon","coordinates":[[[17.190087104075747,49.513850982701484],[17.190087104075747,49.52284418633873],[17.199080307712993,49.52284418633873],[17.199080307712993,49.513850982701484],[17.190087104075747,49.513850982701484]]]}},{"type":"Feature","properties":{"jobs":27,"pop":246,"pointCount":12,"homeWorkCommuteMedian":10356,"workHomeCommuteMedian":784},"geometry":{"type":"Polygon","coordinates":[[[17.190087104075747,49.531837389975976],[17.190087104075747,49.54083059361322],[17.199080307712993,49.54083059361322],[17.199080307712993,49.531837389975976],[17.190087104075747,49.531837389975976]]]}},{"type":"Feature","properties":{"jobs":5,"pop":65,"pointCount":5,"homeWorkCommuteMedian":6182,"workHomeCommuteMedian":7617},"geometry":{"type":"Polygon","coordinates":[[[17.190087104075747,49.603783019073944],[17.190087104075747,49.61277622271119],[17.199080307712993,49.61277622271119],[17.199080307712993,49.603783019073944],[17.190087104075747,49.603783019073944]]]}},{"type":"Feature","properties":{"jobs":25,"pop":387,"pointCount":13,"homeWorkCommuteMedian":6740,"workHomeCommuteMedian":6047},"geometry":{"type":"Polygon","coordinates":[[[17.190087104075747,49.61277622271119],[17.190087104075747,49.621769426348436],[17.199080307712993,49.621769426348436],[17.199080307712993,49.61277622271119],[17.190087104075747,49.61277622271119]]]}},{"type":"Feature","properties":{"jobs":0,"pop":29,"pointCount":1,"homeWorkCommuteMedian":14223,"workHomeCommuteMedian":-1},"geometry":{"type":"Polygon","coordinates":[[[17.190087104075747,49.693715055446404],[17.190087104075747,49.70270825908365],[17.199080307712993,49.70270825908365],[17.199080307712993,49.693715055446404],[17.190087104075747,49.693715055446404]]]}},{"type":"Feature","properties":{"jobs":25,"pop":19,"pointCount":1,"homeWorkCommuteMedian":8883,"workHomeCommuteMedian":974},"geometry":{"type":"Polygon","coordinates":[[[17.190087104075747,49.711701462720896],[17.190087104075747,49.72069466635814],[17.199080307712993,49.72069466635814],[17.199080307712993,49.711701462720896],[17.190087104075747,49.711701462720896]]]}},{"type":"Feature","properties":{"jobs":0,"pop":57,"pointCount":3,"homeWorkCommuteMedian":18715,"workHomeCommuteMedian":-1},"geometry":{"type":"Polygon","coordinates":[[[17.190087104075747,49.72069466635814],[17.190087104075747,49.72968786999539],[17.199080307712993,49.72968786999539],[17.199080307712993,49.72069466635814],[17.190087104075747,49.72069466635814]]]}},{"type":"Feature","properties":{"jobs":15,"pop":110,"pointCount":4,"homeWorkCommuteMedian":11371,"workHomeCommuteMedian":1609},"geometry":{"type":"Polygon","coordinates":[[[17.190087104075747,49.76566068454437],[17.190087104075747,49.77465388818162],[17.199080307712993,49.77465388818162],[17.199080307712993,49.76566068454437],[17.190087104075747,49.76566068454437]]]}},{"type":"Feature","properties":{"jobs":0,"pop":79,"pointCount":4,"homeWorkCommuteMedian":14775,"workHomeCommuteMedian":-1},"geometry":{"type":"Polygon","coordinates":[[[17.190087104075747,49.77465388818162],[17.190087104075747,49.783647091818864],[17.199080307712993,49.783647091818864],[17.199080307712993,49.77465388818162],[17.190087104075747,49.77465388818162]]]}},{"type":"Feature","properties":{"jobs":24,"pop":105,"pointCount":7,"homeWorkCommuteMedian":8147,"workHomeCommuteMedian":868},"geometry":{"type":"Polygon","coordinates":[[[17.190087104075747,49.8106267027306],[17.190087104075747,49.81961990636785],[17.199080307712993,49.81961990636785],[17.199080307712993,49.8106267027306],[17.190087104075747,49.8106267027306]]]}},{"type":"Feature","properties":{"jobs":11,"pop":96,"pointCount":6,"homeWorkCommuteMedian":16141,"workHomeCommuteMedian":1494},"geometry":{"type":"Polygon","coordinates":[[[17.190087104075747,49.81961990636785],[17.190087104075747,49.828613110005094],[17.199080307712993,49.828613110005094],[17.199080307712993,49.81961990636785],[17.190087104075747,49.81961990636785]]]}},{"type":"Feature","properties":{"jobs":0,"pop":31,"pointCount":2,"homeWorkCommuteMedian":27125,"workHomeCommuteMedian":-1},"geometry":{"type":"Polygon","coordinates":[[[17.199080307712993,49.29801409540758],[17.199080307712993,49.30700729904483],[17.20807351135024,49.30700729904483],[17.20807351135024,49.29801409540758],[17.199080307712993,49.29801409540758]]]}},{"type":"Feature","properties":{"jobs":11,"pop":0,"pointCount":1,"homeWorkCommuteMedian":-1,"workHomeCommuteMedian":3099},"geometry":{"type":"Polygon","coordinates":[[[17.199080307712993,49.32499370631932],[17.199080307712993,49.333986909956565],[17.20807351135024,49.333986909956565],[17.20807351135024,49.32499370631932],[17.199080307712993,49.32499370631932]]]}},{"type":"Feature","properties":{"jobs":160,"pop":174,"pointCount":12,"homeWorkCommuteMedian":30718,"workHomeCommuteMedian":8115},"geometry":{"type":"Polygon","coordinates":[[[17.199080307712993,49.333986909956565],[17.199080307712993,49.34298011359381],[17.20807351135024,49.34298011359381],[17.20807351135024,49.333986909956565],[17.199080307712993,49.333986909956565]]]}},{"type":"Feature","properties":{"jobs":70,"pop":274,"pointCount":11,"homeWorkCommuteMedian":18639,"workHomeCommuteMedian":1619},"geometry":{"type":"Polygon","coordinates":[[[17.199080307712993,49.34298011359381],[17.199080307712993,49.35197331723106],[17.20807351135024,49.35197331723106],[17.20807351135024,49.34298011359381],[17.199080307712993,49.34298011359381]]]}},{"type":"Feature","properties":{"jobs":16,"pop":62,"pointCount":4,"homeWorkCommuteMedian":11221,"workHomeCommuteMedian":3974},"geometry":{"type":"Polygon","coordinates":[[[17.199080307712993,49.39693933541729],[17.199080307712993,49.40593253905453],[17.20807351135024,49.40593253905453],[17.20807351135024,49.39693933541729],[17.199080307712993,49.39693933541729]]]}},{"type":"Feature","properties":{"jobs":14,"pop":73,"pointCount":4,"homeWorkCommuteMedian":15934,"workHomeCommuteMedian":14226},"geometry":{"type":"Polygon","coordinates":[[[17.199080307712993,49.49586457542699],[17.199080307712993,49.50485777906424],[17.20807351135024,49.50485777906424],[17.20807351135024,49.49586457542699],[17.199080307712993,49.49586457542699]]]}},{"type":"Feature","properties":{"jobs":146,"pop":319,"pointCount":14,"homeWorkCommuteMedian":13861,"workHomeCommuteMedian":2322},"geometry":{"type":"Polygon","coordinates":[[[17.199080307712993,49.50485777906424],[17.199080307712993,49.513850982701484],[17.20807351135024,49.513850982701484],[17.20807351135024,49.50485777906424],[17.199080307712993,49.50485777906424]]]}},{"type":"Feature","properties":{"jobs":1136,"pop":0,"pointCount":3,"homeWorkCommuteMedian":-1,"workHomeCommuteMedian":14784},"geometry":{"type":"Polygon","coordinates":[[[17.199080307712993,49.558817000887714],[17.199080307712993,49.56781020452496],[17.20807351135024,49.56781020452496],[17.20807351135024,49.558817000887714],[17.199080307712993,49.558817000887714]]]}},{"type":"Feature","properties":{"jobs":961,"pop":0,"pointCount":2,"homeWorkCommuteMedian":-1,"workHomeCommuteMedian":15732},"geometry":{"type":"Polygon","coordinates":[[[17.199080307712993,49.56781020452496],[17.199080307712993,49.576803408162206],[17.20807351135024,49.576803408162206],[17.20807351135024,49.56781020452496],[17.199080307712993,49.56781020452496]]]}},{"type":"Feature","properties":{"jobs":0,"pop":208,"pointCount":7,"homeWorkCommuteMedian":6482,"workHomeCommuteMedian":-1},"geometry":{"type":"Polygon","coordinates":[[[17.199080307712993,49.603783019073944],[17.199080307712993,49.61277622271119],[17.20807351135024,49.61277622271119],[17.20807351135024,49.603783019073944],[17.199080307712993,49.603783019073944]]]}},{"type":"Feature","properties":{"jobs":68,"pop":273,"pointCount":12,"homeWorkCommuteMedian":6278,"workHomeCommuteMedian":530},"geometry":{"type":"Polygon","coordinates":[[[17.199080307712993,49.61277622271119],[17.199080307712993,49.621769426348436],[17.20807351135024,49.621769426348436],[17.20807351135024,49.61277622271119],[17.199080307712993,49.61277622271119]]]}},{"type":"Feature","properties":{"jobs":246,"pop":0,"pointCount":2,"homeWorkCommuteMedian":-1,"workHomeCommuteMedian":8534},"geometry":{"type":"Polygon","coordinates":[[[17.199080307712993,49.621769426348436],[17.199080307712993,49.63076262998568],[17.20807351135024,49.63076262998568],[17.20807351135024,49.621769426348436],[17.199080307712993,49.621769426348436]]]}},{"type":"Feature","properties":{"jobs":73,"pop":679,"pointCount":25,"homeWorkCommuteMedian":10184,"workHomeCommuteMedian":7246},"geometry":{"type":"Polygon","coordinates":[[[17.199080307712993,49.63076262998568],[17.199080307712993,49.63975583362293],[17.20807351135024,49.63975583362293],[17.20807351135024,49.63076262998568],[17.199080307712993,49.63076262998568]]]}},{"type":"Feature","properties":{"jobs":104,"pop":24,"pointCount":4,"homeWorkCommuteMedian":57212,"workHomeCommuteMedian":7592},"geometry":{"type":"Polygon","coordinates":[[[17.199080307712993,49.63975583362293],[17.199080307712993,49.648749037260174],[17.20807351135024,49.648749037260174],[17.20807351135024,49.63975583362293],[17.199080307712993,49.63975583362293]]]}},{"type":"Feature","properties":{"jobs":24,"pop":32,"pointCount":3,"homeWorkCommuteMedian":14155,"workHomeCommuteMedian":15356},"geometry":{"type":"Polygon","coordinates":[[[17.199080307712993,49.68472185180916],[17.199080307712993,49.693715055446404],[17.20807351135024,49.693715055446404],[17.20807351135024,49.68472185180916],[17.199080307712993,49.68472185180916]]]}},{"type":"Feature","properties":{"jobs":0,"pop":42,"pointCount":2,"homeWorkCommuteMedian":15564,"workHomeCommuteMedian":-1},"geometry":{"type":"Polygon","coordinates":[[[17.199080307712993,49.693715055446404],[17.199080307712993,49.70270825908365],[17.20807351135024,49.70270825908365],[17.20807351135024,49.693715055446404],[17.199080307712993,49.693715055446404]]]}},{"type":"Feature","properties":{"jobs":0,"pop":24,"pointCount":2,"homeWorkCommuteMedian":7224,"workHomeCommuteMedian":-1},"geometry":{"type":"Polygon","coordinates":[[[17.199080307712993,49.76566068454437],[17.199080307712993,49.77465388818162],[17.20807351135024,49.77465388818162],[17.20807351135024,49.76566068454437],[17.199080307712993,49.76566068454437]]]}},{"type":"Feature","properties":{"jobs":11,"pop":159,"pointCount":5,"homeWorkCommuteMedian":18545,"workHomeCommuteMedian":11260},"geometry":{"type":"Polygon","coordinates":[[[17.199080307712993,49.8106267027306],[17.199080307712993,49.81961990636785],[17.20807351135024,49.81961990636785],[17.20807351135024,49.8106267027306],[17.199080307712993,49.8106267027306]]]}},{"type":"Feature","properties":{"jobs":0,"pop":81,"pointCount":3,"homeWorkCommuteMedian":9113,"workHomeCommuteMedian":-1},"geometry":{"type":"Polygon","coordinates":[[[17.199080307712993,49.81961990636785],[17.199080307712993,49.828613110005094],[17.20807351135024,49.828613110005094],[17.20807351135024,49.81961990636785],[17.199080307712993,49.81961990636785]]]}},{"type":"Feature","properties":{"jobs":0,"pop":14,"pointCount":1,"homeWorkCommuteMedian":40313,"workHomeCommuteMedian":-1},"geometry":{"type":"Polygon","coordinates":[[[17.199080307712993,49.828613110005094],[17.199080307712993,49.83760631364234],[17.20807351135024,49.83760631364234],[17.20807351135024,49.828613110005094],[17.199080307712993,49.828613110005094]]]}},{"type":"Feature","properties":{"jobs":19,"pop":92,"pointCount":6,"homeWorkCommuteMedian":23358,"workHomeCommuteMedian":327},"geometry":{"type":"Polygon","coordinates":[[[17.20807351135024,49.29801409540758],[17.20807351135024,49.30700729904483],[17.217066714987485,49.30700729904483],[17.217066714987485,49.29801409540758],[17.20807351135024,49.29801409540758]]]}},{"type":"Feature","properties":{"jobs":0,"pop":21,"pointCount":1,"homeWorkCommuteMedian":64908,"workHomeCommuteMedian":-1},"geometry":{"type":"Polygon","coordinates":[[[17.20807351135024,49.32499370631932],[17.20807351135024,49.333986909956565],[17.217066714987485,49.333986909956565],[17.217066714987485,49.32499370631932],[17.20807351135024,49.32499370631932]]]}},{"type":"Feature","properties":{"jobs":181,"pop":296,"pointCount":14,"homeWorkCommuteMedian":17176,"workHomeCommuteMedian":10368},"geometry":{"type":"Polygon","coordinates":[[[17.20807351135024,49.333986909956565],[17.20807351135024,49.34298011359381],[17.217066714987485,49.34298011359381],[17.217066714987485,49.333986909956565],[17.20807351135024,49.333986909956565]]]}},{"type":"Feature","properties":{"jobs":161,"pop":152,"pointCount":6,"homeWorkCommuteMedian":20119,"workHomeCommuteMedian":6855},"geometry":{"type":"Polygon","coordinates":[[[17.20807351135024,49.34298011359381],[17.20807351135024,49.35197331723106],[17.217066714987485,49.35197331723106],[17.217066714987485,49.34298011359381],[17.20807351135024,49.34298011359381]]]}},{"type":"Feature","properties":{"jobs":281,"pop":365,"pointCount":18,"homeWorkCommuteMedian":12294,"workHomeCommuteMedian":4476},"geometry":{"type":"Polygon","coordinates":[[[17.20807351135024,49.39693933541729],[17.20807351135024,49.40593253905453],[17.217066714987485,49.40593253905453],[17.217066714987485,49.39693933541729],[17.20807351135024,49.39693933541729]]]}},{"type":"Feature","properties":{"jobs":0,"pop":50,"pointCount":2,"homeWorkCommuteMedian":9729,"workHomeCommuteMedian":-1},"geometry":{"type":"Polygon","coordinates":[[[17.20807351135024,49.486871371789746],[17.20807351135024,49.49586457542699],[17.217066714987485,49.49586457542699],[17.217066714987485,49.486871371789746],[17.20807351135024,49.486871371789746]]]}},{"type":"Feature","properties":{"jobs":17,"pop":59,"pointCount":4,"homeWorkCommuteMedian":13831,"workHomeCommuteMedian":2505},"geometry":{"type":"Polygon","coordinates":[[[17.20807351135024,49.49586457542699],[17.20807351135024,49.50485777906424],[17.217066714987485,49.50485777906424],[17.217066714987485,49.49586457542699],[17.20807351135024,49.49586457542699]]]}},{"type":"Feature","properties":{"jobs":38,"pop":279,"pointCount":11,"homeWorkCommuteMedian":7261,"workHomeCommuteMedian":3823},"geometry":{"type":"Polygon","coordinates":[[[17.20807351135024,49.54982379725047],[17.20807351135024,49.558817000887714],[17.217066714987485,49.558817000887714],[17.217066714987485,49.54982379725047],[17.20807351135024,49.54982379725047]]]}},{"type":"Feature","properties":{"jobs":1258,"pop":12,"pointCount":3,"homeWorkCommuteMedian":5148,"workHomeCommuteMedian":16031},"geometry":{"type":"Polygon","coordinates":[[[17.20807351135024,49.56781020452496],[17.20807351135024,49.576803408162206],[17.217066714987485,49.576803408162206],[17.217066714987485,49.56781020452496],[17.20807351135024,49.56781020452496]]]}},{"type":"Feature","properties":{"jobs":1295,"pop":252,"pointCount":9,"homeWorkCommuteMedian":4794,"workHomeCommuteMedian":4710},"geometry":{"type":"Polygon","coordinates":[[[17.20807351135024,49.58579661179945],[17.20807351135024,49.5947898154367],[17.217066714987485,49.5947898154367],[17.217066714987485,49.58579661179945],[17.20807351135024,49.58579661179945]]]}},{"type":"Feature","properties":{"jobs":23,"pop":0,"pointCount":1,"homeWorkCommuteMedian":-1,"workHomeCommuteMedian":10144},"geometry":{"type":"Polygon","coordinates":[[[17.20807351135024,49.61277622271119],[17.20807351135024,49.621769426348436],[17.217066714987485,49.621769426348436],[17.217066714987485,49.61277622271119],[17.20807351135024,49.61277622271119]]]}},{"type":"Feature","properties":{"jobs":280,"pop":223,"pointCount":12,"homeWorkCommuteMedian":8555,"workHomeCommuteMedian":8754},"geometry":{"type":"Polygon","coordinates":[[[17.20807351135024,49.63076262998568],[17.20807351135024,49.63975583362293],[17.217066714987485,49.63975583362293],[17.217066714987485,49.63076262998568],[17.20807351135024,49.63076262998568]]]}},{"type":"Feature","properties":{"jobs":10,"pop":144,"pointCount":6,"homeWorkCommuteMedian":8360,"workHomeCommuteMedian":16708},"geometry":{"type":"Polygon","coordinates":[[[17.20807351135024,49.63975583362293],[17.20807351135024,49.648749037260174],[17.217066714987485,49.648749037260174],[17.217066714987485,49.63975583362293],[17.20807351135024,49.63975583362293]]]}},{"type":"Feature","properties":{"jobs":0,"pop":48,"pointCount":3,"homeWorkCommuteMedian":14888,"workHomeCommuteMedian":-1},"geometry":{"type":"Polygon","coordinates":[[[17.20807351135024,49.68472185180916],[17.20807351135024,49.693715055446404],[17.217066714987485,49.693715055446404],[17.217066714987485,49.68472185180916],[17.20807351135024,49.68472185180916]]]}},{"type":"Feature","properties":{"jobs":0,"pop":43,"pointCount":3,"homeWorkCommuteMedian":4441,"workHomeCommuteMedian":-1},"geometry":{"type":"Polygon","coordinates":[[[17.20807351135024,49.79264029545611],[17.20807351135024,49.801633499093356],[17.217066714987485,49.801633499093356],[17.217066714987485,49.79264029545611],[17.20807351135024,49.79264029545611]]]}},{"type":"Feature","properties":{"jobs":0,"pop":20,"pointCount":1,"homeWorkCommuteMedian":41448,"workHomeCommuteMedian":-1},"geometry":{"type":"Polygon","coordinates":[[[17.20807351135024,49.828613110005094],[17.20807351135024,49.83760631364234],[17.217066714987485,49.83760631364234],[17.217066714987485,49.828613110005094],[17.20807351135024,49.828613110005094]]]}},{"type":"Feature","properties":{"jobs":23,"pop":226,"pointCount":9,"homeWorkCommuteMedian":20400,"workHomeCommuteMedian":990},"geometry":{"type":"Polygon","coordinates":[[[17.217066714987485,49.32499370631932],[17.217066714987485,49.333986909956565],[17.22605991862473,49.333986909956565],[17.22605991862473,49.32499370631932],[17.217066714987485,49.32499370631932]]]}},{"type":"Feature","properties":{"jobs":82,"pop":0,"pointCount":1,"homeWorkCommuteMedian":-1,"workHomeCommuteMedian":6491},"geometry":{"type":"Polygon","coordinates":[[[17.217066714987485,49.333986909956565],[17.217066714987485,49.34298011359381],[17.22605991862473,49.34298011359381],[17.22605991862473,49.333986909956565],[17.217066714987485,49.333986909956565]]]}},{"type":"Feature","properties":{"jobs":20,"pop":36,"pointCount":2,"homeWorkCommuteMedian":916,"workHomeCommuteMedian":259},"geometry":{"type":"Polygon","coordinates":[[[17.217066714987485,49.35197331723106],[17.217066714987485,49.3609665208683],[17.22605991862473,49.3609665208683],[17.22605991862473,49.35197331723106],[17.217066714987485,49.35197331723106]]]}},{"type":"Feature","properties":{"jobs":0,"pop":10,"pointCount":1,"homeWorkCommuteMedian":33470,"workHomeCommuteMedian":-1},"geometry":{"type":"Polygon","coordinates":[[[17.217066714987485,49.3609665208683],[17.217066714987485,49.36995972450555],[17.22605991862473,49.36995972450555],[17.22605991862473,49.3609665208683],[17.217066714987485,49.3609665208683]]]}},{"type":"Feature","properties":{"jobs":13,"pop":136,"pointCount":6,"homeWorkCommuteMedian":14139,"workHomeCommuteMedian":358},"geometry":{"type":"Polygon","coordinates":[[[17.217066714987485,49.36995972450555],[17.217066714987485,49.378952928142795],[17.22605991862473,49.378952928142795],[17.22605991862473,49.36995972450555],[17.217066714987485,49.36995972450555]]]}},{"type":"Feature","properties":{"jobs":12,"pop":29,"pointCount":2,"homeWorkCommuteMedian":31910,"workHomeCommuteMedian":206},"geometry":{"type":"Polygon","coordinates":[[[17.217066714987485,49.38794613178004],[17.217066714987485,49.39693933541729],[17.22605991862473,49.39693933541729],[17.22605991862473,49.38794613178004],[17.217066714987485,49.38794613178004]]]}},{"type":"Feature","properties":{"jobs":0,"pop":21,"pointCount":1,"homeWorkCommuteMedian":6782,"workHomeCommuteMedian":-1},"geometry":{"type":"Polygon","coordinates":[[[17.217066714987485,49.468884964515254],[17.217066714987485,49.4778781681525],[17.22605991862473,49.4778781681525],[17.22605991862473,49.468884964515254],[17.217066714987485,49.468884964515254]]]}},{"type":"Feature","properties":{"jobs":32,"pop":79,"pointCount":5,"homeWorkCommuteMedian":16876,"workHomeCommuteMedian":514},"geometry":{"type":"Polygon","coordinates":[[[17.217066714987485,49.4778781681525],[17.217066714987485,49.486871371789746],[17.22605991862473,49.486871371789746],[17.22605991862473,49.4778781681525],[17.217066714987485,49.4778781681525]]]}},{"type":"Feature","properties":{"jobs":1125,"pop":63,"pointCount":6,"homeWorkCommuteMedian":8632,"workHomeCommuteMedian":4504},"geometry":{"type":"Polygon","coordinates":[[[17.217066714987485,49.56781020452496],[17.217066714987485,49.576803408162206],[17.22605991862473,49.576803408162206],[17.22605991862473,49.56781020452496],[17.217066714987485,49.56781020452496]]]}},{"type":"Feature","properties":{"jobs":183,"pop":342,"pointCount":9,"homeWorkCommuteMedian":4459,"workHomeCommuteMedian":2682},"geometry":{"type":"Polygon","coordinates":[[[17.217066714987485,49.576803408162206],[17.217066714987485,49.58579661179945],[17.22605991862473,49.58579661179945],[17.22605991862473,49.576803408162206],[17.217066714987485,49.576803408162206]]]}},{"type":"Feature","properties":{"jobs":53,"pop":1957,"pointCount":18,"homeWorkCommuteMedian":4303,"workHomeCommuteMedian":1048},"geometry":{"type":"Polygon","coordinates":[[[17.217066714987485,49.58579661179945],[17.217066714987485,49.5947898154367],[17.22605991862473,49.5947898154367],[17.22605991862473,49.58579661179945],[17.217066714987485,49.58579661179945]]]}},{"type":"Feature","properties":{"jobs":1001,"pop":1947,"pointCount":10,"homeWorkCommuteMedian":5353,"workHomeCommuteMedian":5957},"geometry":{"type":"Polygon","coordinates":[[[17.217066714987485,49.5947898154367],[17.217066714987485,49.603783019073944],[17.22605991862473,49.603783019073944],[17.22605991862473,49.5947898154367],[17.217066714987485,49.5947898154367]]]}},{"type":"Feature","properties":{"jobs":82,"pop":0,"pointCount":1,"homeWorkCommuteMedian":-1,"workHomeCommuteMedian":3711},"geometry":{"type":"Polygon","coordinates":[[[17.217066714987485,49.61277622271119],[17.217066714987485,49.621769426348436],[17.22605991862473,49.621769426348436],[17.22605991862473,49.61277622271119],[17.217066714987485,49.61277622271119]]]}},{"type":"Feature","properties":{"jobs":0,"pop":24,"pointCount":1,"homeWorkCommuteMedian":12098,"workHomeCommuteMedian":-1},"geometry":{"type":"Polygon","coordinates":[[[17.217066714987485,49.63076262998568],[17.217066714987485,49.63975583362293],[17.22605991862473,49.63975583362293],[17.22605991862473,49.63076262998568],[17.217066714987485,49.63076262998568]]]}},{"type":"Feature","properties":{"jobs":13,"pop":261,"pointCount":10,"homeWorkCommuteMedian":8038,"workHomeCommuteMedian":1217},"geometry":{"type":"Polygon","coordinates":[[[17.217066714987485,49.63975583362293],[17.217066714987485,49.648749037260174],[17.22605991862473,49.648749037260174],[17.22605991862473,49.63975583362293],[17.217066714987485,49.63975583362293]]]}},{"type":"Feature","properties":{"jobs":454,"pop":716,"pointCount":16,"homeWorkCommuteMedian":11077,"workHomeCommuteMedian":10127},"geometry":{"type":"Polygon","coordinates":[[[17.217066714987485,49.666735444534666],[17.217066714987485,49.67572864817191],[17.22605991862473,49.67572864817191],[17.22605991862473,49.666735444534666],[17.217066714987485,49.666735444534666]]]}},{"type":"Feature","properties":{"jobs":36,"pop":92,"pointCount":8,"homeWorkCommuteMedian":17705,"workHomeCommuteMedian":12012},"geometry":{"type":"Polygon","coordinates":[[[17.217066714987485,49.67572864817191],[17.217066714987485,49.68472185180916],[17.22605991862473,49.68472185180916],[17.22605991862473,49.67572864817191],[17.217066714987485,49.67572864817191]]]}},{"type":"Feature","properties":{"jobs":60,"pop":194,"pointCount":10,"homeWorkCommuteMedian":15193,"workHomeCommuteMedian":3085},"geometry":{"type":"Polygon","coordinates":[[[17.217066714987485,49.68472185180916],[17.217066714987485,49.693715055446404],[17.22605991862473,49.693715055446404],[17.22605991862473,49.68472185180916],[17.217066714987485,49.68472185180916]]]}},{"type":"Feature","properties":{"jobs":51,"pop":269,"pointCount":12,"homeWorkCommuteMedian":14390,"workHomeCommuteMedian":705},"geometry":{"type":"Polygon","coordinates":[[[17.217066714987485,49.711701462720896],[17.217066714987485,49.72069466635814],[17.22605991862473,49.72069466635814],[17.22605991862473,49.711701462720896],[17.217066714987485,49.711701462720896]]]}},{"type":"Feature","properties":{"jobs":0,"pop":39,"pointCount":1,"homeWorkCommuteMedian":1292,"workHomeCommuteMedian":-1},"geometry":{"type":"Polygon","coordinates":[[[17.217066714987485,49.72968786999539],[17.217066714987485,49.738681073632634],[17.22605991862473,49.738681073632634],[17.22605991862473,49.72968786999539],[17.217066714987485,49.72968786999539]]]}},{"type":"Feature","properties":{"jobs":19,"pop":0,"pointCount":1,"homeWorkCommuteMedian":-1,"workHomeCommuteMedian":1292},"geometry":{"type":"Polygon","coordinates":[[[17.217066714987485,49.738681073632634],[17.217066714987485,49.74767427726988],[17.22605991862473,49.74767427726988],[17.22605991862473,49.738681073632634],[17.217066714987485,49.738681073632634]]]}},{"type":"Feature","properties":{"jobs":0,"pop":22,"pointCount":1,"homeWorkCommuteMedian":472,"workHomeCommuteMedian":-1},"geometry":{"type":"Polygon","coordinates":[[[17.217066714987485,49.74767427726988],[17.217066714987485,49.756667480907126],[17.22605991862473,49.756667480907126],[17.22605991862473,49.74767427726988],[17.217066714987485,49.74767427726988]]]}},{"type":"Feature","properties":{"jobs":11,"pop":158,"pointCount":6,"homeWorkCommuteMedian":26984,"workHomeCommuteMedian":2025},"geometry":{"type":"Polygon","coordinates":[[[17.217066714987485,49.79264029545611],[17.217066714987485,49.801633499093356],[17.22605991862473,49.801633499093356],[17.22605991862473,49.79264029545611],[17.217066714987485,49.79264029545611]]]}},{"type":"Feature","properties":{"jobs":10,"pop":150,"pointCount":5,"homeWorkCommuteMedian":12905,"workHomeCommuteMedian":7874},"geometry":{"type":"Polygon","coordinates":[[[17.217066714987485,49.801633499093356],[17.217066714987485,49.8106267027306],[17.22605991862473,49.8106267027306],[17.22605991862473,49.801633499093356],[17.217066714987485,49.801633499093356]]]}},{"type":"Feature","properties":{"jobs":0,"pop":19,"pointCount":1,"homeWorkCommuteMedian":10380,"workHomeCommuteMedian":-1},"geometry":{"type":"Polygon","coordinates":[[[17.217066714987485,49.8106267027306],[17.217066714987485,49.81961990636785],[17.22605991862473,49.81961990636785],[17.22605991862473,49.8106267027306],[17.217066714987485,49.8106267027306]]]}},{"type":"Feature","properties":{"jobs":10,"pop":34,"pointCount":3,"homeWorkCommuteMedian":22490,"workHomeCommuteMedian":227},"geometry":{"type":"Polygon","coordinates":[[[17.22605991862473,49.29801409540758],[17.22605991862473,49.30700729904483],[17.235053122261977,49.30700729904483],[17.235053122261977,49.29801409540758],[17.22605991862473,49.29801409540758]]]}},{"type":"Feature","properties":{"jobs":0,"pop":56,"pointCount":3,"homeWorkCommuteMedian":19452,"workHomeCommuteMedian":-1},"geometry":{"type":"Polygon","coordinates":[[[17.22605991862473,49.32499370631932],[17.22605991862473,49.333986909956565],[17.235053122261977,49.333986909956565],[17.235053122261977,49.32499370631932],[17.22605991862473,49.32499370631932]]]}},{"type":"Feature","properties":{"jobs":16,"pop":61,"pointCount":3,"homeWorkCommuteMedian":15981,"workHomeCommuteMedian":916},"geometry":{"type":"Polygon","coordinates":[[[17.22605991862473,49.35197331723106],[17.22605991862473,49.3609665208683],[17.235053122261977,49.3609665208683],[17.235053122261977,49.35197331723106],[17.22605991862473,49.35197331723106]]]}},{"type":"Feature","properties":{"jobs":0,"pop":77,"pointCount":3,"homeWorkCommuteMedian":12929,"workHomeCommuteMedian":-1},"geometry":{"type":"Polygon","coordinates":[[[17.22605991862473,49.38794613178004],[17.22605991862473,49.39693933541729],[17.235053122261977,49.39693933541729],[17.235053122261977,49.38794613178004],[17.22605991862473,49.38794613178004]]]}},{"type":"Feature","properties":{"jobs":22,"pop":0,"pointCount":1,"homeWorkCommuteMedian":-1,"workHomeCommuteMedian":475},"geometry":{"type":"Polygon","coordinates":[[[17.22605991862473,49.52284418633873],[17.22605991862473,49.531837389975976],[17.235053122261977,49.531837389975976],[17.235053122261977,49.52284418633873],[17.22605991862473,49.52284418633873]]]}},{"type":"Feature","properties":{"jobs":22,"pop":8,"pointCount":2,"homeWorkCommuteMedian":5266,"workHomeCommuteMedian":14720},"geometry":{"type":"Polygon","coordinates":[[[17.22605991862473,49.558817000887714],[17.22605991862473,49.56781020452496],[17.235053122261977,49.56781020452496],[17.235053122261977,49.558817000887714],[17.22605991862473,49.558817000887714]]]}},{"type":"Feature","properties":{"jobs":2349,"pop":516,"pointCount":9,"homeWorkCommuteMedian":4470,"workHomeCommuteMedian":10396},"geometry":{"type":"Polygon","coordinates":[[[17.22605991862473,49.56781020452496],[17.22605991862473,49.576803408162206],[17.235053122261977,49.576803408162206],[17.235053122261977,49.56781020452496],[17.22605991862473,49.56781020452496]]]}},{"type":"Feature","properties":{"jobs":1200,"pop":3172,"pointCount":14,"homeWorkCommuteMedian":4680,"workHomeCommuteMedian":16351},"geometry":{"type":"Polygon","coordinates":[[[17.22605991862473,49.576803408162206],[17.22605991862473,49.58579661179945],[17.235053122261977,49.58579661179945],[17.235053122261977,49.576803408162206],[17.22605991862473,49.576803408162206]]]}},{"type":"Feature","properties":{"jobs":448,"pop":5621,"pointCount":21,"homeWorkCommuteMedian":4120,"workHomeCommuteMedian":2615},"geometry":{"type":"Polygon","coordinates":[[[17.22605991862473,49.58579661179945],[17.22605991862473,49.5947898154367],[17.235053122261977,49.5947898154367],[17.235053122261977,49.58579661179945],[17.22605991862473,49.58579661179945]]]}},{"type":"Feature","properties":{"jobs":133,"pop":1034,"pointCount":9,"homeWorkCommuteMedian":3763,"workHomeCommuteMedian":2637},"geometry":{"type":"Polygon","coordinates":[[[17.22605991862473,49.5947898154367],[17.22605991862473,49.603783019073944],[17.235053122261977,49.603783019073944],[17.235053122261977,49.5947898154367],[17.22605991862473,49.5947898154367]]]}},{"type":"Feature","properties":{"jobs":473,"pop":651,"pointCount":9,"homeWorkCommuteMedian":4046,"workHomeCommuteMedian":5590},"geometry":{"type":"Polygon","coordinates":[[[17.22605991862473,49.603783019073944],[17.22605991862473,49.61277622271119],[17.235053122261977,49.61277622271119],[17.235053122261977,49.603783019073944],[17.22605991862473,49.603783019073944]]]}},{"type":"Feature","properties":{"jobs":255,"pop":0,"pointCount":1,"homeWorkCommuteMedian":-1,"workHomeCommuteMedian":4693},"geometry":{"type":"Polygon","coordinates":[[[17.22605991862473,49.61277622271119],[17.22605991862473,49.621769426348436],[17.235053122261977,49.621769426348436],[17.235053122261977,49.61277622271119],[17.22605991862473,49.61277622271119]]]}},{"type":"Feature","properties":{"jobs":46,"pop":316,"pointCount":11,"homeWorkCommuteMedian":7516,"workHomeCommuteMedian":4710},"geometry":{"type":"Polygon","coordinates":[[[17.22605991862473,49.63076262998568],[17.22605991862473,49.63975583362293],[17.235053122261977,49.63975583362293],[17.235053122261977,49.63076262998568],[17.22605991862473,49.63076262998568]]]}},{"type":"Feature","properties":{"jobs":53,"pop":190,"pointCount":9,"homeWorkCommuteMedian":9506,"workHomeCommuteMedian":7398},"geometry":{"type":"Polygon","coordinates":[[[17.22605991862473,49.63975583362293],[17.22605991862473,49.648749037260174],[17.235053122261977,49.648749037260174],[17.235053122261977,49.63975583362293],[17.22605991862473,49.63975583362293]]]}},{"type":"Feature","properties":{"jobs":11,"pop":355,"pointCount":15,"homeWorkCommuteMedian":12401,"workHomeCommuteMedian":11135},"geometry":{"type":"Polygon","coordinates":[[[17.22605991862473,49.666735444534666],[17.22605991862473,49.67572864817191],[17.235053122261977,49.67572864817191],[17.235053122261977,49.666735444534666],[17.22605991862473,49.666735444534666]]]}},{"type":"Feature","properties":{"jobs":120,"pop":36,"pointCount":4,"homeWorkCommuteMedian":12424,"workHomeCommuteMedian":14579},"geometry":{"type":"Polygon","coordinates":[[[17.22605991862473,49.67572864817191],[17.22605991862473,49.68472185180916],[17.235053122261977,49.68472185180916],[17.235053122261977,49.67572864817191],[17.22605991862473,49.67572864817191]]]}},{"type":"Feature","properties":{"jobs":0,"pop":77,"pointCount":3,"homeWorkCommuteMedian":10571,"workHomeCommuteMedian":-1},"geometry":{"type":"Polygon","coordinates":[[[17.22605991862473,49.68472185180916],[17.22605991862473,49.693715055446404],[17.235053122261977,49.693715055446404],[17.235053122261977,49.68472185180916],[17.22605991862473,49.68472185180916]]]}},{"type":"Feature","properties":{"jobs":13,"pop":82,"pointCount":5,"homeWorkCommuteMedian":12844,"workHomeCommuteMedian":689},"geometry":{"type":"Polygon","coordinates":[[[17.22605991862473,49.711701462720896],[17.22605991862473,49.72069466635814],[17.235053122261977,49.72069466635814],[17.235053122261977,49.711701462720896],[17.22605991862473,49.711701462720896]]]}},{"type":"Feature","properties":{"jobs":10,"pop":10,"pointCount":1,"homeWorkCommuteMedian":8719,"workHomeCommuteMedian":26},"geometry":{"type":"Polygon","coordinates":[[[17.22605991862473,49.72968786999539],[17.22605991862473,49.738681073632634],[17.235053122261977,49.738681073632634],[17.235053122261977,49.72968786999539],[17.22605991862473,49.72968786999539]]]}},{"type":"Feature","properties":{"jobs":33,"pop":242,"pointCount":10,"homeWorkCommuteMedian":10390,"workHomeCommuteMedian":6439},"geometry":{"type":"Polygon","coordinates":[[[17.22605991862473,49.74767427726988],[17.22605991862473,49.756667480907126],[17.235053122261977,49.756667480907126],[17.235053122261977,49.74767427726988],[17.22605991862473,49.74767427726988]]]}},{"type":"Feature","properties":{"jobs":0,"pop":24,"pointCount":1,"homeWorkCommuteMedian":25783,"workHomeCommuteMedian":-1},"geometry":{"type":"Polygon","coordinates":[[[17.22605991862473,49.756667480907126],[17.22605991862473,49.76566068454437],[17.235053122261977,49.76566068454437],[17.235053122261977,49.756667480907126],[17.22605991862473,49.756667480907126]]]}},{"type":"Feature","properties":{"jobs":14,"pop":0,"pointCount":1,"homeWorkCommuteMedian":-1,"workHomeCommuteMedian":1107},"geometry":{"type":"Polygon","coordinates":[[[17.22605991862473,49.783647091818864],[17.22605991862473,49.79264029545611],[17.235053122261977,49.79264029545611],[17.235053122261977,49.783647091818864],[17.22605991862473,49.783647091818864]]]}},{"type":"Feature","properties":{"jobs":17,"pop":149,"pointCount":5,"homeWorkCommuteMedian":16770,"workHomeCommuteMedian":5877},"geometry":{"type":"Polygon","coordinates":[[[17.22605991862473,49.79264029545611],[17.22605991862473,49.801633499093356],[17.235053122261977,49.801633499093356],[17.235053122261977,49.79264029545611],[17.22605991862473,49.79264029545611]]]}},{"type":"Feature","properties":{"jobs":1410,"pop":17,"pointCount":3,"homeWorkCommuteMedian":14296,"workHomeCommuteMedian":12905},"geometry":{"type":"Polygon","coordinates":[[[17.22605991862473,49.801633499093356],[17.22605991862473,49.8106267027306],[17.235053122261977,49.8106267027306],[17.235053122261977,49.801633499093356],[17.22605991862473,49.801633499093356]]]}},{"type":"Feature","properties":{"jobs":14,"pop":68,"pointCount":5,"homeWorkCommuteMedian":22156,"workHomeCommuteMedian":417},"geometry":{"type":"Polygon","coordinates":[[[17.235053122261977,49.30700729904483],[17.235053122261977,49.31600050268207],[17.244046325899223,49.31600050268207],[17.244046325899223,49.30700729904483],[17.235053122261977,49.30700729904483]]]}},{"type":"Feature","properties":{"jobs":14,"pop":30,"pointCount":1,"homeWorkCommuteMedian":37494,"workHomeCommuteMedian":122},"geometry":{"type":"Polygon","coordinates":[[[17.235053122261977,49.32499370631932],[17.235053122261977,49.333986909956565],[17.244046325899223,49.333986909956565],[17.244046325899223,49.32499370631932],[17.235053122261977,49.32499370631932]]]}},{"type":"Feature","properties":{"jobs":14,"pop":100,"pointCount":2,"homeWorkCommuteMedian":35026,"workHomeCommuteMedian":4883},"geometry":{"type":"Polygon","coordinates":[[[17.235053122261977,49.333986909956565],[17.235053122261977,49.34298011359381],[17.244046325899223,49.34298011359381],[17.244046325899223,49.333986909956565],[17.235053122261977,49.333986909956565]]]}},{"type":"Feature","properties":{"jobs":15,"pop":88,"pointCount":3,"homeWorkCommuteMedian":19829,"workHomeCommuteMedian":824},"geometry":{"type":"Polygon","coordinates":[[[17.235053122261977,49.45089855724076],[17.235053122261977,49.45989176087801],[17.244046325899223,49.45989176087801],[17.244046325899223,49.45089855724076],[17.235053122261977,49.45089855724076]]]}},{"type":"Feature","properties":{"jobs":0,"pop":62,"pointCount":4,"homeWorkCommuteMedian":10267,"workHomeCommuteMedian":-1},"geometry":{"type":"Polygon","coordinates":[[[17.235053122261977,49.45989176087801],[17.235053122261977,49.468884964515254],[17.244046325899223,49.468884964515254],[17.244046325899223,49.45989176087801],[17.235053122261977,49.45989176087801]]]}},{"type":"Feature","properties":{"jobs":21,"pop":374,"pointCount":14,"homeWorkCommuteMedian":10205,"workHomeCommuteMedian":2822},"geometry":{"type":"Polygon","coordinates":[[[17.235053122261977,49.52284418633873],[17.235053122261977,49.531837389975976],[17.244046325899223,49.531837389975976],[17.244046325899223,49.52284418633873],[17.235053122261977,49.52284418633873]]]}},{"type":"Feature","properties":{"jobs":20,"pop":264,"pointCount":5,"homeWorkCommuteMedian":5779,"workHomeCommuteMedian":21069},"geometry":{"type":"Polygon","coordinates":[[[17.235053122261977,49.558817000887714],[17.235053122261977,49.56781020452496],[17.244046325899223,49.56781020452496],[17.244046325899223,49.558817000887714],[17.235053122261977,49.558817000887714]]]}},{"type":"Feature","properties":{"jobs":30,"pop":937,"pointCount":8,"homeWorkCommuteMedian":4915,"workHomeCommuteMedian":8128},"geometry":{"type":"Polygon","coordinates":[[[17.235053122261977,49.56781020452496],[17.235053122261977,49.576803408162206],[17.244046325899223,49.576803408162206],[17.244046325899223,49.56781020452496],[17.235053122261977,49.56781020452496]]]}},{"type":"Feature","properties":{"jobs":6530,"pop":2708,"pointCount":13,"homeWorkCommuteMedian":4182,"workHomeCommuteMedian":14276},"geometry":{"type":"Polygon","coordinates":[[[17.235053122261977,49.576803408162206],[17.235053122261977,49.58579661179945],[17.244046325899223,49.58579661179945],[17.244046325899223,49.576803408162206],[17.235053122261977,49.576803408162206]]]}},{"type":"Feature","properties":{"jobs":2948,"pop":3269,"pointCount":15,"homeWorkCommuteMedian":3591,"workHomeCommuteMedian":3279},"geometry":{"type":"Polygon","coordinates":[[[17.235053122261977,49.58579661179945],[17.235053122261977,49.5947898154367],[17.244046325899223,49.5947898154367],[17.244046325899223,49.58579661179945],[17.235053122261977,49.58579661179945]]]}},{"type":"Feature","properties":{"jobs":3476,"pop":1273,"pointCount":14,"homeWorkCommuteMedian":3510,"workHomeCommuteMedian":5036},"geometry":{"type":"Polygon","coordinates":[[[17.235053122261977,49.5947898154367],[17.235053122261977,49.603783019073944],[17.244046325899223,49.603783019073944],[17.244046325899223,49.5947898154367],[17.235053122261977,49.5947898154367]]]}},{"type":"Feature","properties":{"jobs":690,"pop":1209,"pointCount":8,"homeWorkCommuteMedian":4326,"workHomeCommuteMedian":5044},"geometry":{"type":"Polygon","coordinates":[[[17.235053122261977,49.603783019073944],[17.235053122261977,49.61277622271119],[17.244046325899223,49.61277622271119],[17.244046325899223,49.603783019073944],[17.235053122261977,49.603783019073944]]]}},{"type":"Feature","properties":{"jobs":0,"pop":224,"pointCount":9,"homeWorkCommuteMedian":7838,"workHomeCommuteMedian":-1},"geometry":{"type":"Polygon","coordinates":[[[17.235053122261977,49.63076262998568],[17.235053122261977,49.63975583362293],[17.244046325899223,49.63975583362293],[17.244046325899223,49.63076262998568],[17.235053122261977,49.63076262998568]]]}},{"type":"Feature","properties":{"jobs":0,"pop":44,"pointCount":3,"homeWorkCommuteMedian":8287,"workHomeCommuteMedian":-1},"geometry":{"type":"Polygon","coordinates":[[[17.235053122261977,49.65774224089742],[17.235053122261977,49.666735444534666],[17.244046325899223,49.666735444534666],[17.244046325899223,49.65774224089742],[17.235053122261977,49.65774224089742]]]}},{"type":"Feature","properties":{"jobs":45,"pop":132,"pointCount":9,"homeWorkCommuteMedian":10746,"workHomeCommuteMedian":1306},"geometry":{"type":"Polygon","coordinates":[[[17.235053122261977,49.666735444534666],[17.235053122261977,49.67572864817191],[17.244046325899223,49.67572864817191],[17.244046325899223,49.666735444534666],[17.235053122261977,49.666735444534666]]]}},{"type":"Feature","properties":{"jobs":0,"pop":64,"pointCount":2,"homeWorkCommuteMedian":14671,"workHomeCommuteMedian":-1},"geometry":{"type":"Polygon","coordinates":[[[17.235053122261977,49.68472185180916],[17.235053122261977,49.693715055446404],[17.244046325899223,49.693715055446404],[17.244046325899223,49.68472185180916],[17.235053122261977,49.68472185180916]]]}},{"type":"Feature","properties":{"jobs":34,"pop":66,"pointCount":3,"homeWorkCommuteMedian":13666,"workHomeCommuteMedian":4203},"geometry":{"type":"Polygon","coordinates":[[[17.235053122261977,49.693715055446404],[17.235053122261977,49.70270825908365],[17.244046325899223,49.70270825908365],[17.244046325899223,49.693715055446404],[17.235053122261977,49.693715055446404]]]}},{"type":"Feature","properties":{"jobs":0,"pop":16,"pointCount":1,"homeWorkCommuteMedian":8385,"workHomeCommuteMedian":-1},"geometry":{"type":"Polygon","coordinates":[[[17.235053122261977,49.74767427726988],[17.235053122261977,49.756667480907126],[17.244046325899223,49.756667480907126],[17.244046325899223,49.74767427726988],[17.235053122261977,49.74767427726988]]]}},{"type":"Feature","properties":{"jobs":10,"pop":80,"pointCount":4,"homeWorkCommuteMedian":11956,"workHomeCommuteMedian":6158},"geometry":{"type":"Polygon","coordinates":[[[17.235053122261977,49.756667480907126],[17.235053122261977,49.76566068454437],[17.244046325899223,49.76566068454437],[17.244046325899223,49.756667480907126],[17.235053122261977,49.756667480907126]]]}},{"type":"Feature","properties":{"jobs":0,"pop":85,"pointCount":5,"homeWorkCommuteMedian":9429,"workHomeCommuteMedian":-1},"geometry":{"type":"Polygon","coordinates":[[[17.235053122261977,49.79264029545611],[17.235053122261977,49.801633499093356],[17.244046325899223,49.801633499093356],[17.244046325899223,49.79264029545611],[17.235053122261977,49.79264029545611]]]}},{"type":"Feature","properties":{"jobs":4,"pop":0,"pointCount":1,"homeWorkCommuteMedian":-1,"workHomeCommuteMedian":457},"geometry":{"type":"Polygon","coordinates":[[[17.235053122261977,49.8106267027306],[17.235053122261977,49.81961990636785],[17.244046325899223,49.81961990636785],[17.244046325899223,49.8106267027306],[17.235053122261977,49.8106267027306]]]}},{"type":"Feature","properties":{"jobs":0,"pop":60,"pointCount":3,"homeWorkCommuteMedian":6962,"workHomeCommuteMedian":-1},"geometry":{"type":"Polygon","coordinates":[[[17.244046325899223,49.32499370631932],[17.244046325899223,49.333986909956565],[17.25303952953647,49.333986909956565],[17.25303952953647,49.32499370631932],[17.244046325899223,49.32499370631932]]]}},{"type":"Feature","properties":{"jobs":43,"pop":117,"pointCount":8,"homeWorkCommuteMedian":18658,"workHomeCommuteMedian":458},"geometry":{"type":"Polygon","coordinates":[[[17.244046325899223,49.333986909956565],[17.244046325899223,49.34298011359381],[17.25303952953647,49.34298011359381],[17.25303952953647,49.333986909956565],[17.244046325899223,49.333986909956565]]]}},{"type":"Feature","properties":{"jobs":11,"pop":0,"pointCount":1,"homeWorkCommuteMedian":-1,"workHomeCommuteMedian":1019},"geometry":{"type":"Polygon","coordinates":[[[17.244046325899223,49.34298011359381],[17.244046325899223,49.35197331723106],[17.25303952953647,49.35197331723106],[17.25303952953647,49.34298011359381],[17.244046325899223,49.34298011359381]]]}},{"type":"Feature","properties":{"jobs":16,"pop":100,"pointCount":6,"homeWorkCommuteMedian":13912,"workHomeCommuteMedian":369},"geometry":{"type":"Polygon","coordinates":[[[17.244046325899223,49.41492574269178],[17.244046325899223,49.423918946329024],[17.25303952953647,49.423918946329024],[17.25303952953647,49.41492574269178],[17.244046325899223,49.41492574269178]]]}},{"type":"Feature","properties":{"jobs":14,"pop":91,"pointCount":3,"homeWorkCommuteMedian":4503,"workHomeCommuteMedian":113},"geometry":{"type":"Polygon","coordinates":[[[17.244046325899223,49.423918946329024],[17.244046325899223,49.43291214996627],[17.25303952953647,49.43291214996627],[17.25303952953647,49.423918946329024],[17.244046325899223,49.423918946329024]]]}},{"type":"Feature","properties":{"jobs":17,"pop":148,"pointCount":7,"homeWorkCommuteMedian":13867,"workHomeCommuteMedian":328},"geometry":{"type":"Polygon","coordinates":[[[17.244046325899223,49.44190535360352],[17.244046325899223,49.45089855724076],[17.25303952953647,49.45089855724076],[17.25303952953647,49.44190535360352],[17.244046325899223,49.44190535360352]]]}},{"type":"Feature","properties":{"jobs":34,"pop":104,"pointCount":6,"homeWorkCommuteMedian":10661,"workHomeCommuteMedian":1313},"geometry":{"type":"Polygon","coordinates":[[[17.244046325899223,49.50485777906424],[17.244046325899223,49.513850982701484],[17.25303952953647,49.513850982701484],[17.25303952953647,49.50485777906424],[17.244046325899223,49.50485777906424]]]}},{"type":"Feature","properties":{"jobs":13,"pop":37,"pointCount":4,"homeWorkCommuteMedian":11576,"workHomeCommuteMedian":470},"geometry":{"type":"Polygon","coordinates":[[[17.244046325899223,49.513850982701484],[17.244046325899223,49.52284418633873],[17.25303952953647,49.52284418633873],[17.25303952953647,49.513850982701484],[17.244046325899223,49.513850982701484]]]}},{"type":"Feature","properties":{"jobs":3,"pop":0,"pointCount":1,"homeWorkCommuteMedian":-1,"workHomeCommuteMedian":664},"geometry":{"type":"Polygon","coordinates":[[[17.244046325899223,49.52284418633873],[17.244046325899223,49.531837389975976],[17.25303952953647,49.531837389975976],[17.25303952953647,49.52284418633873],[17.244046325899223,49.52284418633873]]]}},{"type":"Feature","properties":{"jobs":32,"pop":174,"pointCount":6,"homeWorkCommuteMedian":8904,"workHomeCommuteMedian":984},"geometry":{"type":"Polygon","coordinates":[[[17.244046325899223,49.531837389975976],[17.244046325899223,49.54083059361322],[17.25303952953647,49.54083059361322],[17.25303952953647,49.531837389975976],[17.244046325899223,49.531837389975976]]]}},{"type":"Feature","properties":{"jobs":0,"pop":18,"pointCount":1,"homeWorkCommuteMedian":7905,"workHomeCommuteMedian":-1},"geometry":{"type":"Polygon","coordinates":[[[17.244046325899223,49.54083059361322],[17.244046325899223,49.54982379725047],[17.25303952953647,49.54982379725047],[17.25303952953647,49.54083059361322],[17.244046325899223,49.54083059361322]]]}},{"type":"Feature","properties":{"jobs":11,"pop":518,"pointCount":20,"homeWorkCommuteMedian":8068,"workHomeCommuteMedian":3718},"geometry":{"type":"Polygon","coordinates":[[[17.244046325899223,49.54982379725047],[17.244046325899223,49.558817000887714],[17.25303952953647,49.558817000887714],[17.25303952953647,49.54982379725047],[17.244046325899223,49.54982379725047]]]}},{"type":"Feature","properties":{"jobs":0,"pop":119,"pointCount":5,"homeWorkCommuteMedian":8173,"workHomeCommuteMedian":-1},"geometry":{"type":"Polygon","coordinates":[[[17.244046325899223,49.558817000887714],[17.244046325899223,49.56781020452496],[17.25303952953647,49.56781020452496],[17.25303952953647,49.558817000887714],[17.244046325899223,49.558817000887714]]]}},{"type":"Feature","properties":{"jobs":126,"pop":3468,"pointCount":16,"homeWorkCommuteMedian":4319,"workHomeCommuteMedian":2933},"geometry":{"type":"Polygon","coordinates":[[[17.244046325899223,49.56781020452496],[17.244046325899223,49.576803408162206],[17.25303952953647,49.576803408162206],[17.25303952953647,49.56781020452496],[17.244046325899223,49.56781020452496]]]}},{"type":"Feature","properties":{"jobs":850,"pop":5075,"pointCount":19,"homeWorkCommuteMedian":3711,"workHomeCommuteMedian":2953},"geometry":{"type":"Polygon","coordinates":[[[17.244046325899223,49.576803408162206],[17.244046325899223,49.58579661179945],[17.25303952953647,49.58579661179945],[17.25303952953647,49.576803408162206],[17.244046325899223,49.576803408162206]]]}},{"type":"Feature","properties":{"jobs":7576,"pop":3070,"pointCount":18,"homeWorkCommuteMedian":3280,"workHomeCommuteMedian":12960},"geometry":{"type":"Polygon","coordinates":[[[17.244046325899223,49.58579661179945],[17.244046325899223,49.5947898154367],[17.25303952953647,49.5947898154367],[17.25303952953647,49.58579661179945],[17.244046325899223,49.58579661179945]]]}},{"type":"Feature","properties":{"jobs":6880,"pop":2156,"pointCount":19,"homeWorkCommuteMedian":2894,"workHomeCommuteMedian":11215},"geometry":{"type":"Polygon","coordinates":[[[17.244046325899223,49.5947898154367],[17.244046325899223,49.603783019073944],[17.25303952953647,49.603783019073944],[17.25303952953647,49.5947898154367],[17.244046325899223,49.5947898154367]]]}},{"type":"Feature","properties":{"jobs":10,"pop":121,"pointCount":2,"homeWorkCommuteMedian":3176,"workHomeCommuteMedian":28169},"geometry":{"type":"Polygon","coordinates":[[[17.244046325899223,49.603783019073944],[17.244046325899223,49.61277622271119],[17.25303952953647,49.61277622271119],[17.25303952953647,49.603783019073944],[17.244046325899223,49.603783019073944]]]}},{"type":"Feature","properties":{"jobs":16,"pop":55,"pointCount":3,"homeWorkCommuteMedian":15670,"workHomeCommuteMedian":5533},"geometry":{"type":"Polygon","coordinates":[[[17.244046325899223,49.68472185180916],[17.244046325899223,49.693715055446404],[17.25303952953647,49.693715055446404],[17.25303952953647,49.68472185180916],[17.244046325899223,49.68472185180916]]]}},{"type":"Feature","properties":{"jobs":0,"pop":12,"pointCount":1,"homeWorkCommuteMedian":6314,"workHomeCommuteMedian":-1},"geometry":{"type":"Polygon","coordinates":[[[17.244046325899223,49.693715055446404],[17.244046325899223,49.70270825908365],[17.25303952953647,49.70270825908365],[17.25303952953647,49.693715055446404],[17.244046325899223,49.693715055446404]]]}},{"type":"Feature","properties":{"jobs":0,"pop":51,"pointCount":3,"homeWorkCommuteMedian":14846,"workHomeCommuteMedian":-1},"geometry":{"type":"Polygon","coordinates":[[[17.244046325899223,49.70270825908365],[17.244046325899223,49.711701462720896],[17.25303952953647,49.711701462720896],[17.25303952953647,49.70270825908365],[17.244046325899223,49.70270825908365]]]}},{"type":"Feature","properties":{"jobs":0,"pop":14,"pointCount":1,"homeWorkCommuteMedian":14551,"workHomeCommuteMedian":-1},"geometry":{"type":"Polygon","coordinates":[[[17.244046325899223,49.8106267027306],[17.244046325899223,49.81961990636785],[17.25303952953647,49.81961990636785],[17.25303952953647,49.8106267027306],[17.244046325899223,49.8106267027306]]]}},{"type":"Feature","properties":{"jobs":70,"pop":169,"pointCount":10,"homeWorkCommuteMedian":18128,"workHomeCommuteMedian":949},"geometry":{"type":"Polygon","coordinates":[[[17.25303952953647,49.38794613178004],[17.25303952953647,49.39693933541729],[17.262032733173715,49.39693933541729],[17.262032733173715,49.38794613178004],[17.25303952953647,49.38794613178004]]]}},{"type":"Feature","properties":{"jobs":23,"pop":99,"pointCount":4,"homeWorkCommuteMedian":14185,"workHomeCommuteMedian":94},"geometry":{"type":"Polygon","coordinates":[[[17.25303952953647,49.40593253905453],[17.25303952953647,49.41492574269178],[17.262032733173715,49.41492574269178],[17.262032733173715,49.40593253905453],[17.25303952953647,49.40593253905453]]]}},{"type":"Feature","properties":{"jobs":0,"pop":14,"pointCount":1,"homeWorkCommuteMedian":23063,"workHomeCommuteMedian":-1},"geometry":{"type":"Polygon","coordinates":[[[17.25303952953647,49.423918946329024],[17.25303952953647,49.43291214996627],[17.262032733173715,49.43291214996627],[17.262032733173715,49.423918946329024],[17.25303952953647,49.423918946329024]]]}},{"type":"Feature","properties":{"jobs":1,"pop":0,"pointCount":1,"homeWorkCommuteMedian":-1,"workHomeCommuteMedian":793},"geometry":{"type":"Polygon","coordinates":[[[17.25303952953647,49.49586457542699],[17.25303952953647,49.50485777906424],[17.262032733173715,49.50485777906424],[17.262032733173715,49.49586457542699],[17.25303952953647,49.49586457542699]]]}},{"type":"Feature","properties":{"jobs":3,"pop":166,"pointCount":6,"homeWorkCommuteMedian":10919,"workHomeCommuteMedian":209},"geometry":{"type":"Polygon","coordinates":[[[17.25303952953647,49.50485777906424],[17.25303952953647,49.513850982701484],[17.262032733173715,49.513850982701484],[17.262032733173715,49.50485777906424],[17.25303952953647,49.50485777906424]]]}},{"type":"Feature","properties":{"jobs":16,"pop":168,"pointCount":8,"homeWorkCommuteMedian":9659,"workHomeCommuteMedian":189},"geometry":{"type":"Polygon","coordinates":[[[17.25303952953647,49.513850982701484],[17.25303952953647,49.52284418633873],[17.262032733173715,49.52284418633873],[17.262032733173715,49.513850982701484],[17.25303952953647,49.513850982701484]]]}},{"type":"Feature","properties":{"jobs":22,"pop":33,"pointCount":1,"homeWorkCommuteMedian":9826,"workHomeCommuteMedian":1386},"geometry":{"type":"Polygon","coordinates":[[[17.25303952953647,49.52284418633873],[17.25303952953647,49.531837389975976],[17.262032733173715,49.531837389975976],[17.262032733173715,49.52284418633873],[17.25303952953647,49.52284418633873]]]}},{"type":"Feature","properties":{"jobs":30,"pop":313,"pointCount":13,"homeWorkCommuteMedian":8624,"workHomeCommuteMedian":746},"geometry":{"type":"Polygon","coordinates":[[[17.25303952953647,49.531837389975976],[17.25303952953647,49.54083059361322],[17.262032733173715,49.54083059361322],[17.262032733173715,49.531837389975976],[17.25303952953647,49.531837389975976]]]}},{"type":"Feature","properties":{"jobs":0,"pop":91,"pointCount":4,"homeWorkCommuteMedian":9264,"workHomeCommuteMedian":-1},"geometry":{"type":"Polygon","coordinates":[[[17.25303952953647,49.54982379725047],[17.25303952953647,49.558817000887714],[17.262032733173715,49.558817000887714],[17.262032733173715,49.54982379725047],[17.25303952953647,49.54982379725047]]]}},{"type":"Feature","properties":{"jobs":1261,"pop":21,"pointCount":5,"homeWorkCommuteMedian":40031,"workHomeCommuteMedian":7304},"geometry":{"type":"Polygon","coordinates":[[[17.25303952953647,49.558817000887714],[17.25303952953647,49.56781020452496],[17.262032733173715,49.56781020452496],[17.262032733173715,49.558817000887714],[17.25303952953647,49.558817000887714]]]}},{"type":"Feature","properties":{"jobs":220,"pop":2845,"pointCount":17,"homeWorkCommuteMedian":4469,"workHomeCommuteMedian":1932},"geometry":{"type":"Polygon","coordinates":[[[17.25303952953647,49.56781020452496],[17.25303952953647,49.576803408162206],[17.262032733173715,49.576803408162206],[17.262032733173715,49.56781020452496],[17.25303952953647,49.56781020452496]]]}},{"type":"Feature","properties":{"jobs":547,"pop":3734,"pointCount":14,"homeWorkCommuteMedian":3370,"workHomeCommuteMedian":3072},"geometry":{"type":"Polygon","coordinates":[[[17.25303952953647,49.576803408162206],[17.25303952953647,49.58579661179945],[17.262032733173715,49.58579661179945],[17.262032733173715,49.576803408162206],[17.25303952953647,49.576803408162206]]]}},{"type":"Feature","properties":{"jobs":9764,"pop":582,"pointCount":14,"homeWorkCommuteMedian":3199,"workHomeCommuteMedian":8570},"geometry":{"type":"Polygon","coordinates":[[[17.25303952953647,49.58579661179945],[17.25303952953647,49.5947898154367],[17.262032733173715,49.5947898154367],[17.262032733173715,49.58579661179945],[17.25303952953647,49.58579661179945]]]}},{"type":"Feature","properties":{"jobs":5124,"pop":1982,"pointCount":15,"homeWorkCommuteMedian":3978,"workHomeCommuteMedian":19743},"geometry":{"type":"Polygon","coordinates":[[[17.25303952953647,49.5947898154367],[17.25303952953647,49.603783019073944],[17.262032733173715,49.603783019073944],[17.262032733173715,49.5947898154367],[17.25303952953647,49.5947898154367]]]}},{"type":"Feature","properties":{"jobs":1399,"pop":1578,"pointCount":14,"homeWorkCommuteMedian":4710,"workHomeCommuteMedian":11439},"geometry":{"type":"Polygon","coordinates":[[[17.25303952953647,49.603783019073944],[17.25303952953647,49.61277622271119],[17.262032733173715,49.61277622271119],[17.262032733173715,49.603783019073944],[17.25303952953647,49.603783019073944]]]}},{"type":"Feature","properties":{"jobs":12,"pop":493,"pointCount":5,"homeWorkCommuteMedian":5060,"workHomeCommuteMedian":5127},"geometry":{"type":"Polygon","coordinates":[[[17.25303952953647,49.61277622271119],[17.25303952953647,49.621769426348436],[17.262032733173715,49.621769426348436],[17.262032733173715,49.61277622271119],[17.25303952953647,49.61277622271119]]]}},{"type":"Feature","properties":{"jobs":30,"pop":101,"pointCount":5,"homeWorkCommuteMedian":15447,"workHomeCommuteMedian":1050},"geometry":{"type":"Polygon","coordinates":[[[17.25303952953647,49.711701462720896],[17.25303952953647,49.72069466635814],[17.262032733173715,49.72069466635814],[17.262032733173715,49.711701462720896],[17.25303952953647,49.711701462720896]]]}},{"type":"Feature","properties":{"jobs":32,"pop":152,"pointCount":7,"homeWorkCommuteMedian":20335,"workHomeCommuteMedian":3933},"geometry":{"type":"Polygon","coordinates":[[[17.25303952953647,49.72968786999539],[17.25303952953647,49.738681073632634],[17.262032733173715,49.738681073632634],[17.262032733173715,49.72968786999539],[17.25303952953647,49.72968786999539]]]}},{"type":"Feature","properties":{"jobs":0,"pop":22,"pointCount":1,"homeWorkCommuteMedian":5857,"workHomeCommuteMedian":-1},"geometry":{"type":"Polygon","coordinates":[[[17.25303952953647,49.738681073632634],[17.25303952953647,49.74767427726988],[17.262032733173715,49.74767427726988],[17.262032733173715,49.738681073632634],[17.25303952953647,49.738681073632634]]]}},{"type":"Feature","properties":{"jobs":0,"pop":70,"pointCount":3,"homeWorkCommuteMedian":7619,"workHomeCommuteMedian":-1},"geometry":{"type":"Polygon","coordinates":[[[17.25303952953647,49.756667480907126],[17.25303952953647,49.76566068454437],[17.262032733173715,49.76566068454437],[17.262032733173715,49.756667480907126],[17.25303952953647,49.756667480907126]]]}},{"type":"Feature","properties":{"jobs":10,"pop":31,"pointCount":2,"homeWorkCommuteMedian":24178,"workHomeCommuteMedian":342},"geometry":{"type":"Polygon","coordinates":[[[17.25303952953647,49.76566068454437],[17.25303952953647,49.77465388818162],[17.262032733173715,49.77465388818162],[17.262032733173715,49.76566068454437],[17.25303952953647,49.76566068454437]]]}},{"type":"Feature","properties":{"jobs":0,"pop":69,"pointCount":3,"homeWorkCommuteMedian":21232,"workHomeCommuteMedian":-1},"geometry":{"type":"Polygon","coordinates":[[[17.262032733173715,49.32499370631932],[17.262032733173715,49.333986909956565],[17.27102593681096,49.333986909956565],[17.27102593681096,49.32499370631932],[17.262032733173715,49.32499370631932]]]}},{"type":"Feature","properties":{"jobs":0,"pop":71,"pointCount":3,"homeWorkCommuteMedian":16953,"workHomeCommuteMedian":-1},"geometry":{"type":"Polygon","coordinates":[[[17.262032733173715,49.38794613178004],[17.262032733173715,49.39693933541729],[17.27102593681096,49.39693933541729],[17.27102593681096,49.38794613178004],[17.262032733173715,49.38794613178004]]]}},{"type":"Feature","properties":{"jobs":16,"pop":55,"pointCount":4,"homeWorkCommuteMedian":24975,"workHomeCommuteMedian":775},"geometry":{"type":"Polygon","coordinates":[[[17.262032733173715,49.40593253905453],[17.262032733173715,49.41492574269178],[17.27102593681096,49.41492574269178],[17.27102593681096,49.40593253905453],[17.262032733173715,49.40593253905453]]]}},{"type":"Feature","properties":{"jobs":10,"pop":33,"pointCount":2,"homeWorkCommuteMedian":12319,"workHomeCommuteMedian":948},"geometry":{"type":"Polygon","coordinates":[[[17.262032733173715,49.486871371789746],[17.262032733173715,49.49586457542699],[17.27102593681096,49.49586457542699],[17.27102593681096,49.486871371789746],[17.262032733173715,49.486871371789746]]]}},{"type":"Feature","properties":{"jobs":0,"pop":131,"pointCount":4,"homeWorkCommuteMedian":13750,"workHomeCommuteMedian":-1},"geometry":{"type":"Polygon","coordinates":[[[17.262032733173715,49.49586457542699],[17.262032733173715,49.50485777906424],[17.27102593681096,49.50485777906424],[17.27102593681096,49.49586457542699],[17.262032733173715,49.49586457542699]]]}},{"type":"Feature","properties":{"jobs":53,"pop":17,"pointCount":2,"homeWorkCommuteMedian":4562,"workHomeCommuteMedian":4572},"geometry":{"type":"Polygon","coordinates":[[[17.262032733173715,49.558817000887714],[17.262032733173715,49.56781020452496],[17.27102593681096,49.56781020452496],[17.27102593681096,49.558817000887714],[17.262032733173715,49.558817000887714]]]}},{"type":"Feature","properties":{"jobs":0,"pop":238,"pointCount":3,"homeWorkCommuteMedian":3734,"workHomeCommuteMedian":-1},"geometry":{"type":"Polygon","coordinates":[[[17.262032733173715,49.56781020452496],[17.262032733173715,49.576803408162206],[17.27102593681096,49.576803408162206],[17.27102593681096,49.56781020452496],[17.262032733173715,49.56781020452496]]]}},{"type":"Feature","properties":{"jobs":492,"pop":97,"pointCount":4,"homeWorkCommuteMedian":3321,"workHomeCommuteMedian":6908},"geometry":{"type":"Polygon","coordinates":[[[17.262032733173715,49.576803408162206],[17.262032733173715,49.58579661179945],[17.27102593681096,49.58579661179945],[17.27102593681096,49.576803408162206],[17.262032733173715,49.576803408162206]]]}},{"type":"Feature","properties":{"jobs":11971,"pop":326,"pointCount":13,"homeWorkCommuteMedian":3672,"workHomeCommuteMedian":11558},"geometry":{"type":"Polygon","coordinates":[[[17.262032733173715,49.58579661179945],[17.262032733173715,49.5947898154367],[17.27102593681096,49.5947898154367],[17.27102593681096,49.58579661179945],[17.262032733173715,49.58579661179945]]]}},{"type":"Feature","properties":{"jobs":3762,"pop":3644,"pointCount":17,"homeWorkCommuteMedian":3644,"workHomeCommuteMedian":4046},"geometry":{"type":"Polygon","coordinates":[[[17.262032733173715,49.5947898154367],[17.262032733173715,49.603783019073944],[17.27102593681096,49.603783019073944],[17.27102593681096,49.5947898154367],[17.262032733173715,49.5947898154367]]]}},{"type":"Feature","properties":{"jobs":906,"pop":35,"pointCount":6,"homeWorkCommuteMedian":3495,"workHomeCommuteMedian":4956},"geometry":{"type":"Polygon","coordinates":[[[17.262032733173715,49.603783019073944],[17.262032733173715,49.61277622271119],[17.27102593681096,49.61277622271119],[17.27102593681096,49.603783019073944],[17.262032733173715,49.603783019073944]]]}},{"type":"Feature","properties":{"jobs":0,"pop":119,"pointCount":4,"homeWorkCommuteMedian":9555,"workHomeCommuteMedian":-1},"geometry":{"type":"Polygon","coordinates":[[[17.262032733173715,49.63076262998568],[17.262032733173715,49.63975583362293],[17.27102593681096,49.63975583362293],[17.27102593681096,49.63076262998568],[17.262032733173715,49.63076262998568]]]}},{"type":"Feature","properties":{"jobs":11,"pop":80,"pointCount":3,"homeWorkCommuteMedian":8340,"workHomeCommuteMedian":8374},"geometry":{"type":"Polygon","coordinates":[[[17.262032733173715,49.63975583362293],[17.262032733173715,49.648749037260174],[17.27102593681096,49.648749037260174],[17.27102593681096,49.63975583362293],[17.262032733173715,49.63975583362293]]]}},{"type":"Feature","properties":{"jobs":0,"pop":98,"pointCount":4,"homeWorkCommuteMedian":10509,"workHomeCommuteMedian":-1},"geometry":{"type":"Polygon","coordinates":[[[17.262032733173715,49.65774224089742],[17.262032733173715,49.666735444534666],[17.27102593681096,49.666735444534666],[17.27102593681096,49.65774224089742],[17.262032733173715,49.65774224089742]]]}},{"type":"Feature","properties":{"jobs":0,"pop":20,"pointCount":1,"homeWorkCommuteMedian":4906,"workHomeCommuteMedian":-1},"geometry":{"type":"Polygon","coordinates":[[[17.262032733173715,49.67572864817191],[17.262032733173715,49.68472185180916],[17.27102593681096,49.68472185180916],[17.27102593681096,49.67572864817191],[17.262032733173715,49.67572864817191]]]}},{"type":"Feature","properties":{"jobs":0,"pop":27,"pointCount":1,"homeWorkCommuteMedian":4312,"workHomeCommuteMedian":-1},"geometry":{"type":"Polygon","coordinates":[[[17.262032733173715,49.68472185180916],[17.262032733173715,49.693715055446404],[17.27102593681096,49.693715055446404],[17.27102593681096,49.68472185180916],[17.262032733173715,49.68472185180916]]]}},{"type":"Feature","properties":{"jobs":0,"pop":90,"pointCount":4,"homeWorkCommuteMedian":2874,"workHomeCommuteMedian":-1},"geometry":{"type":"Polygon","coordinates":[[[17.262032733173715,49.711701462720896],[17.262032733173715,49.72069466635814],[17.27102593681096,49.72069466635814],[17.27102593681096,49.711701462720896],[17.262032733173715,49.711701462720896]]]}},{"type":"Feature","properties":{"jobs":14,"pop":0,"pointCount":1,"homeWorkCommuteMedian":-1,"workHomeCommuteMedian":2209},"geometry":{"type":"Polygon","coordinates":[[[17.262032733173715,49.72069466635814],[17.262032733173715,49.72968786999539],[17.27102593681096,49.72968786999539],[17.27102593681096,49.72069466635814],[17.262032733173715,49.72069466635814]]]}},{"type":"Feature","properties":{"jobs":20,"pop":59,"pointCount":2,"homeWorkCommuteMedian":5189,"workHomeCommuteMedian":2920},"geometry":{"type":"Polygon","coordinates":[[[17.262032733173715,49.72968786999539],[17.262032733173715,49.738681073632634],[17.27102593681096,49.738681073632634],[17.27102593681096,49.72968786999539],[17.262032733173715,49.72968786999539]]]}},{"type":"Feature","properties":{"jobs":24,"pop":81,"pointCount":2,"homeWorkCommuteMedian":19920,"workHomeCommuteMedian":141},"geometry":{"type":"Polygon","coordinates":[[[17.262032733173715,49.738681073632634],[17.262032733173715,49.74767427726988],[17.27102593681096,49.74767427726988],[17.27102593681096,49.738681073632634],[17.262032733173715,49.738681073632634]]]}},{"type":"Feature","properties":{"jobs":0,"pop":44,"pointCount":2,"homeWorkCommuteMedian":20135,"workHomeCommuteMedian":-1},"geometry":{"type":"Polygon","coordinates":[[[17.262032733173715,49.74767427726988],[17.262032733173715,49.756667480907126],[17.27102593681096,49.756667480907126],[17.27102593681096,49.74767427726988],[17.262032733173715,49.74767427726988]]]}},{"type":"Feature","properties":{"jobs":101,"pop":158,"pointCount":8,"homeWorkCommuteMedian":32229,"workHomeCommuteMedian":4977},"geometry":{"type":"Polygon","coordinates":[[[17.27102593681096,49.32499370631932],[17.27102593681096,49.333986909956565],[17.280019140448207,49.333986909956565],[17.280019140448207,49.32499370631932],[17.27102593681096,49.32499370631932]]]}},{"type":"Feature","properties":{"jobs":0,"pop":89,"pointCount":5,"homeWorkCommuteMedian":21192,"workHomeCommuteMedian":-1},"geometry":{"type":"Polygon","coordinates":[[[17.27102593681096,49.423918946329024],[17.27102593681096,49.43291214996627],[17.280019140448207,49.43291214996627],[17.280019140448207,49.423918946329024],[17.27102593681096,49.423918946329024]]]}},{"type":"Feature","properties":{"jobs":201,"pop":433,"pointCount":21,"homeWorkCommuteMedian":14754,"workHomeCommuteMedian":1889},"geometry":{"type":"Polygon","coordinates":[[[17.27102593681096,49.4778781681525],[17.27102593681096,49.486871371789746],[17.280019140448207,49.486871371789746],[17.280019140448207,49.4778781681525],[17.27102593681096,49.4778781681525]]]}},{"type":"Feature","properties":{"jobs":0,"pop":164,"pointCount":9,"homeWorkCommuteMedian":13836,"workHomeCommuteMedian":-1},"geometry":{"type":"Polygon","coordinates":[[[17.27102593681096,49.486871371789746],[17.27102593681096,49.49586457542699],[17.280019140448207,49.49586457542699],[17.280019140448207,49.486871371789746],[17.27102593681096,49.486871371789746]]]}},{"type":"Feature","properties":{"jobs":3,"pop":36,"pointCount":2,"homeWorkCommuteMedian":7184,"workHomeCommuteMedian":154},"geometry":{"type":"Polygon","coordinates":[[[17.27102593681096,49.54083059361322],[17.27102593681096,49.54982379725047],[17.280019140448207,49.54982379725047],[17.280019140448207,49.54083059361322],[17.27102593681096,49.54083059361322]]]}},{"type":"Feature","properties":{"jobs":906,"pop":89,"pointCount":4,"homeWorkCommuteMedian":5172,"workHomeCommuteMedian":10356},"geometry":{"type":"Polygon","coordinates":[[[17.27102593681096,49.56781020452496],[17.27102593681096,49.576803408162206],[17.280019140448207,49.576803408162206],[17.280019140448207,49.56781020452496],[17.27102593681096,49.56781020452496]]]}},{"type":"Feature","properties":{"jobs":1813,"pop":1080,"pointCount":15,"homeWorkCommuteMedian":3962,"workHomeCommuteMedian":9554},"geometry":{"type":"Polygon","coordinates":[[[17.27102593681096,49.576803408162206],[17.27102593681096,49.58579661179945],[17.280019140448207,49.58579661179945],[17.280019140448207,49.576803408162206],[17.27102593681096,49.576803408162206]]]}},{"type":"Feature","properties":{"jobs":5902,"pop":2685,"pointCount":19,"homeWorkCommuteMedian":3720,"workHomeCommuteMedian":12127},"geometry":{"type":"Polygon","coordinates":[[[17.27102593681096,49.58579661179945],[17.27102593681096,49.5947898154367],[17.280019140448207,49.5947898154367],[17.280019140448207,49.58579661179945],[17.27102593681096,49.58579661179945]]]}},{"type":"Feature","properties":{"jobs":1469,"pop":374,"pointCount":12,"homeWorkCommuteMedian":3988,"workHomeCommuteMedian":4732},"geometry":{"type":"Polygon","coordinates":[[[17.27102593681096,49.5947898154367],[17.27102593681096,49.603783019073944],[17.280019140448207,49.603783019073944],[17.280019140448207,49.5947898154367],[17.27102593681096,49.5947898154367]]]}},{"type":"Feature","properties":{"jobs":138,"pop":79,"pointCount":5,"homeWorkCommuteMedian":3596,"workHomeCommuteMedian":4871},"geometry":{"type":"Polygon","coordinates":[[[17.27102593681096,49.603783019073944],[17.27102593681096,49.61277622271119],[17.280019140448207,49.61277622271119],[17.280019140448207,49.603783019073944],[17.27102593681096,49.603783019073944]]]}},{"type":"Feature","properties":{"jobs":60,"pop":351,"pointCount":14,"homeWorkCommuteMedian":8654,"workHomeCommuteMedian":900},"geometry":{"type":"Polygon","coordinates":[[[17.27102593681096,49.63076262998568],[17.27102593681096,49.63975583362293],[17.280019140448207,49.63975583362293],[17.280019140448207,49.63076262998568],[17.27102593681096,49.63076262998568]]]}},{"type":"Feature","properties":{"jobs":0,"pop":42,"pointCount":3,"homeWorkCommuteMedian":13670,"workHomeCommuteMedian":-1},"geometry":{"type":"Polygon","coordinates":[[[17.27102593681096,49.648749037260174],[17.27102593681096,49.65774224089742],[17.280019140448207,49.65774224089742],[17.280019140448207,49.648749037260174],[17.27102593681096,49.648749037260174]]]}},{"type":"Feature","properties":{"jobs":11,"pop":261,"pointCount":11,"homeWorkCommuteMedian":10021,"workHomeCommuteMedian":980},"geometry":{"type":"Polygon","coordinates":[[[17.27102593681096,49.65774224089742],[17.27102593681096,49.666735444534666],[17.280019140448207,49.666735444534666],[17.280019140448207,49.65774224089742],[17.27102593681096,49.65774224089742]]]}},{"type":"Feature","properties":{"jobs":32,"pop":65,"pointCount":3,"homeWorkCommuteMedian":17670,"workHomeCommuteMedian":928},"geometry":{"type":"Polygon","coordinates":[[[17.27102593681096,49.67572864817191],[17.27102593681096,49.68472185180916],[17.280019140448207,49.68472185180916],[17.280019140448207,49.67572864817191],[17.27102593681096,49.67572864817191]]]}},{"type":"Feature","properties":{"jobs":37,"pop":263,"pointCount":11,"homeWorkCommuteMedian":15456,"workHomeCommuteMedian":852},"geometry":{"type":"Polygon","coordinates":[[[17.27102593681096,49.68472185180916],[17.27102593681096,49.693715055446404],[17.280019140448207,49.693715055446404],[17.280019140448207,49.68472185180916],[17.27102593681096,49.68472185180916]]]}},{"type":"Feature","properties":{"jobs":0,"pop":10,"pointCount":1,"homeWorkCommuteMedian":15070,"workHomeCommuteMedian":-1},"geometry":{"type":"Polygon","coordinates":[[[17.27102593681096,49.711701462720896],[17.27102593681096,49.72069466635814],[17.280019140448207,49.72069466635814],[17.280019140448207,49.711701462720896],[17.27102593681096,49.711701462720896]]]}},{"type":"Feature","properties":{"jobs":99,"pop":123,"pointCount":9,"homeWorkCommuteMedian":5026,"workHomeCommuteMedian":20343},"geometry":{"type":"Polygon","coordinates":[[[17.27102593681096,49.72069466635814],[17.27102593681096,49.72968786999539],[17.280019140448207,49.72968786999539],[17.280019140448207,49.72069466635814],[17.27102593681096,49.72069466635814]]]}},{"type":"Feature","properties":{"jobs":0,"pop":10,"pointCount":1,"homeWorkCommuteMedian":54056,"workHomeCommuteMedian":-1},"geometry":{"type":"Polygon","coordinates":[[[17.280019140448207,49.30700729904483],[17.280019140448207,49.31600050268207],[17.289012344085453,49.31600050268207],[17.289012344085453,49.30700729904483],[17.280019140448207,49.30700729904483]]]}},{"type":"Feature","properties":{"jobs":71,"pop":0,"pointCount":2,"homeWorkCommuteMedian":-1,"workHomeCommuteMedian":13000},"geometry":{"type":"Polygon","coordinates":[[[17.280019140448207,49.34298011359381],[17.280019140448207,49.35197331723106],[17.289012344085453,49.35197331723106],[17.289012344085453,49.34298011359381],[17.280019140448207,49.34298011359381]]]}},{"type":"Feature","properties":{"jobs":49,"pop":0,"pointCount":1,"homeWorkCommuteMedian":-1,"workHomeCommuteMedian":10309},"geometry":{"type":"Polygon","coordinates":[[[17.280019140448207,49.35197331723106],[17.280019140448207,49.3609665208683],[17.289012344085453,49.3609665208683],[17.289012344085453,49.35197331723106],[17.280019140448207,49.35197331723106]]]}},{"type":"Feature","properties":{"jobs":22,"pop":23,"pointCount":2,"homeWorkCommuteMedian":31950,"workHomeCommuteMedian":852},"geometry":{"type":"Polygon","coordinates":[[[17.280019140448207,49.36995972450555],[17.280019140448207,49.378952928142795],[17.289012344085453,49.378952928142795],[17.289012344085453,49.36995972450555],[17.280019140448207,49.36995972450555]]]}},{"type":"Feature","properties":{"jobs":17,"pop":15,"pointCount":2,"homeWorkCommuteMedian":16295,"workHomeCommuteMedian":5002},"geometry":{"type":"Polygon","coordinates":[[[17.280019140448207,49.39693933541729],[17.280019140448207,49.40593253905453],[17.289012344085453,49.40593253905453],[17.289012344085453,49.39693933541729],[17.280019140448207,49.39693933541729]]]}},{"type":"Feature","properties":{"jobs":209,"pop":56,"pointCount":4,"homeWorkCommuteMedian":21400,"workHomeCommuteMedian":2360},"geometry":{"type":"Polygon","coordinates":[[[17.280019140448207,49.41492574269178],[17.280019140448207,49.423918946329024],[17.289012344085453,49.423918946329024],[17.289012344085453,49.41492574269178],[17.280019140448207,49.41492574269178]]]}},{"type":"Feature","properties":{"jobs":84,"pop":697,"pointCount":25,"homeWorkCommuteMedian":16427,"workHomeCommuteMedian":4540},"geometry":{"type":"Polygon","coordinates":[[[17.280019140448207,49.423918946329024],[17.280019140448207,49.43291214996627],[17.289012344085453,49.43291214996627],[17.289012344085453,49.423918946329024],[17.280019140448207,49.423918946329024]]]}},{"type":"Feature","properties":{"jobs":20,"pop":281,"pointCount":14,"homeWorkCommuteMedian":16662,"workHomeCommuteMedian":4999},"geometry":{"type":"Polygon","coordinates":[[[17.280019140448207,49.43291214996627],[17.280019140448207,49.44190535360352],[17.289012344085453,49.44190535360352],[17.289012344085453,49.43291214996627],[17.280019140448207,49.43291214996627]]]}},{"type":"Feature","properties":{"jobs":16,"pop":46,"pointCount":3,"homeWorkCommuteMedian":16371,"workHomeCommuteMedian":17329},"geometry":{"type":"Polygon","coordinates":[[[17.280019140448207,49.45089855724076],[17.280019140448207,49.45989176087801],[17.289012344085453,49.45989176087801],[17.289012344085453,49.45089855724076],[17.280019140448207,49.45089855724076]]]}},{"type":"Feature","properties":{"jobs":141,"pop":362,"pointCount":18,"homeWorkCommuteMedian":17070,"workHomeCommuteMedian":1732},"geometry":{"type":"Polygon","coordinates":[[[17.280019140448207,49.45989176087801],[17.280019140448207,49.468884964515254],[17.289012344085453,49.468884964515254],[17.289012344085453,49.45989176087801],[17.280019140448207,49.45989176087801]]]}},{"type":"Feature","properties":{"jobs":12,"pop":185,"pointCount":10,"homeWorkCommuteMedian":15633,"workHomeCommuteMedian":171},"geometry":{"type":"Polygon","coordinates":[[[17.280019140448207,49.468884964515254],[17.280019140448207,49.4778781681525],[17.289012344085453,49.4778781681525],[17.289012344085453,49.468884964515254],[17.280019140448207,49.468884964515254]]]}},{"type":"Feature","properties":{"jobs":14,"pop":41,"pointCount":2,"homeWorkCommuteMedian":16920,"workHomeCommuteMedian":6335},"geometry":{"type":"Polygon","coordinates":[[[17.280019140448207,49.4778781681525],[17.280019140448207,49.486871371789746],[17.289012344085453,49.486871371789746],[17.289012344085453,49.4778781681525],[17.280019140448207,49.4778781681525]]]}},{"type":"Feature","properties":{"jobs":1812,"pop":25,"pointCount":6,"homeWorkCommuteMedian":4751,"workHomeCommuteMedian":8784},"geometry":{"type":"Polygon","coordinates":[[[17.280019140448207,49.576803408162206],[17.280019140448207,49.58579661179945],[17.289012344085453,49.58579661179945],[17.289012344085453,49.576803408162206],[17.280019140448207,49.576803408162206]]]}},{"type":"Feature","properties":{"jobs":2230,"pop":1409,"pointCount":12,"homeWorkCommuteMedian":4116,"workHomeCommuteMedian":7294},"geometry":{"type":"Polygon","coordinates":[[[17.280019140448207,49.58579661179945],[17.280019140448207,49.5947898154367],[17.289012344085453,49.5947898154367],[17.289012344085453,49.58579661179945],[17.280019140448207,49.58579661179945]]]}},{"type":"Feature","properties":{"jobs":1584,"pop":986,"pointCount":10,"homeWorkCommuteMedian":4763,"workHomeCommuteMedian":11808},"geometry":{"type":"Polygon","coordinates":[[[17.280019140448207,49.5947898154367],[17.280019140448207,49.603783019073944],[17.289012344085453,49.603783019073944],[17.289012344085453,49.5947898154367],[17.280019140448207,49.5947898154367]]]}},{"type":"Feature","properties":{"jobs":1107,"pop":816,"pointCount":10,"homeWorkCommuteMedian":4420,"workHomeCommuteMedian":8443},"geometry":{"type":"Polygon","coordinates":[[[17.280019140448207,49.603783019073944],[17.280019140448207,49.61277622271119],[17.289012344085453,49.61277622271119],[17.289012344085453,49.603783019073944],[17.280019140448207,49.603783019073944]]]}},{"type":"Feature","properties":{"jobs":0,"pop":12,"pointCount":1,"homeWorkCommuteMedian":6156,"workHomeCommuteMedian":-1},"geometry":{"type":"Polygon","coordinates":[[[17.280019140448207,49.621769426348436],[17.280019140448207,49.63076262998568],[17.289012344085453,49.63076262998568],[17.289012344085453,49.621769426348436],[17.280019140448207,49.621769426348436]]]}},{"type":"Feature","properties":{"jobs":0,"pop":22,"pointCount":2,"homeWorkCommuteMedian":21016,"workHomeCommuteMedian":-1},"geometry":{"type":"Polygon","coordinates":[[[17.280019140448207,49.63076262998568],[17.280019140448207,49.63975583362293],[17.289012344085453,49.63975583362293],[17.289012344085453,49.63076262998568],[17.280019140448207,49.63076262998568]]]}},{"type":"Feature","properties":{"jobs":10,"pop":152,"pointCount":5,"homeWorkCommuteMedian":10298,"workHomeCommuteMedian":414},"geometry":{"type":"Polygon","coordinates":[[[17.280019140448207,49.648749037260174],[17.280019140448207,49.65774224089742],[17.289012344085453,49.65774224089742],[17.289012344085453,49.648749037260174],[17.280019140448207,49.648749037260174]]]}},{"type":"Feature","properties":{"jobs":269,"pop":439,"pointCount":19,"homeWorkCommuteMedian":11356,"workHomeCommuteMedian":3663},"geometry":{"type":"Polygon","coordinates":[[[17.280019140448207,49.65774224089742],[17.280019140448207,49.666735444534666],[17.289012344085453,49.666735444534666],[17.289012344085453,49.65774224089742],[17.280019140448207,49.65774224089742]]]}},{"type":"Feature","properties":{"jobs":64,"pop":0,"pointCount":1,"homeWorkCommuteMedian":-1,"workHomeCommuteMedian":10965},"geometry":{"type":"Polygon","coordinates":[[[17.280019140448207,49.666735444534666],[17.280019140448207,49.67572864817191],[17.289012344085453,49.67572864817191],[17.289012344085453,49.666735444534666],[17.280019140448207,49.666735444534666]]]}},{"type":"Feature","properties":{"jobs":0,"pop":37,"pointCount":1,"homeWorkCommuteMedian":852,"workHomeCommuteMedian":-1},"geometry":{"type":"Polygon","coordinates":[[[17.280019140448207,49.67572864817191],[17.280019140448207,49.68472185180916],[17.289012344085453,49.68472185180916],[17.289012344085453,49.67572864817191],[17.280019140448207,49.67572864817191]]]}},{"type":"Feature","properties":{"jobs":0,"pop":64,"pointCount":4,"homeWorkCommuteMedian":14515,"workHomeCommuteMedian":-1},"geometry":{"type":"Polygon","coordinates":[[[17.280019140448207,49.68472185180916],[17.280019140448207,49.693715055446404],[17.289012344085453,49.693715055446404],[17.289012344085453,49.68472185180916],[17.280019140448207,49.68472185180916]]]}},{"type":"Feature","properties":{"jobs":245,"pop":138,"pointCount":12,"homeWorkCommuteMedian":16414,"workHomeCommuteMedian":4373},"geometry":{"type":"Polygon","coordinates":[[[17.280019140448207,49.711701462720896],[17.280019140448207,49.72069466635814],[17.289012344085453,49.72069466635814],[17.289012344085453,49.711701462720896],[17.280019140448207,49.711701462720896]]]}},{"type":"Feature","properties":{"jobs":804,"pop":1012,"pointCount":12,"homeWorkCommuteMedian":8349,"workHomeCommuteMedian":10109},"geometry":{"type":"Polygon","coordinates":[[[17.280019140448207,49.72069466635814],[17.280019140448207,49.72968786999539],[17.289012344085453,49.72968786999539],[17.289012344085453,49.72069466635814],[17.280019140448207,49.72069466635814]]]}},{"type":"Feature","properties":{"jobs":0,"pop":22,"pointCount":1,"homeWorkCommuteMedian":18374,"workHomeCommuteMedian":-1},"geometry":{"type":"Polygon","coordinates":[[[17.280019140448207,49.72968786999539],[17.280019140448207,49.738681073632634],[17.289012344085453,49.738681073632634],[17.289012344085453,49.72968786999539],[17.280019140448207,49.72968786999539]]]}},{"type":"Feature","properties":{"jobs":0,"pop":54,"pointCount":1,"homeWorkCommuteMedian":28106,"workHomeCommuteMedian":-1},"geometry":{"type":"Polygon","coordinates":[[[17.280019140448207,49.801633499093356],[17.280019140448207,49.8106267027306],[17.289012344085453,49.8106267027306],[17.289012344085453,49.801633499093356],[17.280019140448207,49.801633499093356]]]}},{"type":"Feature","properties":{"jobs":10,"pop":57,"pointCount":4,"homeWorkCommuteMedian":25983,"workHomeCommuteMedian":400},"geometry":{"type":"Polygon","coordinates":[[[17.289012344085453,49.30700729904483],[17.289012344085453,49.31600050268207],[17.2980055477227,49.31600050268207],[17.2980055477227,49.30700729904483],[17.289012344085453,49.30700729904483]]]}},{"type":"Feature","properties":{"jobs":197,"pop":10,"pointCount":2,"homeWorkCommuteMedian":52474,"workHomeCommuteMedian":4970},"geometry":{"type":"Polygon","coordinates":[[[17.289012344085453,49.32499370631932],[17.289012344085453,49.333986909956565],[17.2980055477227,49.333986909956565],[17.2980055477227,49.32499370631932],[17.289012344085453,49.32499370631932]]]}},{"type":"Feature","properties":{"jobs":14,"pop":218,"pointCount":9,"homeWorkCommuteMedian":18788,"workHomeCommuteMedian":1401},"geometry":{"type":"Polygon","coordinates":[[[17.289012344085453,49.34298011359381],[17.289012344085453,49.35197331723106],[17.2980055477227,49.35197331723106],[17.2980055477227,49.34298011359381],[17.289012344085453,49.34298011359381]]]}},{"type":"Feature","properties":{"jobs":10,"pop":522,"pointCount":12,"homeWorkCommuteMedian":22577,"workHomeCommuteMedian":24002},"geometry":{"type":"Polygon","coordinates":[[[17.289012344085453,49.35197331723106],[17.289012344085453,49.3609665208683],[17.2980055477227,49.3609665208683],[17.2980055477227,49.35197331723106],[17.289012344085453,49.35197331723106]]]}},{"type":"Feature","properties":{"jobs":0,"pop":13,"pointCount":1,"homeWorkCommuteMedian":16058,"workHomeCommuteMedian":-1},"geometry":{"type":"Polygon","coordinates":[[[17.289012344085453,49.3609665208683],[17.289012344085453,49.36995972450555],[17.2980055477227,49.36995972450555],[17.2980055477227,49.3609665208683],[17.289012344085453,49.3609665208683]]]}},{"type":"Feature","properties":{"jobs":30,"pop":191,"pointCount":10,"homeWorkCommuteMedian":15450,"workHomeCommuteMedian":463},"geometry":{"type":"Polygon","coordinates":[[[17.289012344085453,49.36995972450555],[17.289012344085453,49.378952928142795],[17.2980055477227,49.378952928142795],[17.2980055477227,49.36995972450555],[17.289012344085453,49.36995972450555]]]}},{"type":"Feature","properties":{"jobs":17,"pop":164,"pointCount":8,"homeWorkCommuteMedian":16463,"workHomeCommuteMedian":1036},"geometry":{"type":"Polygon","coordinates":[[[17.289012344085453,49.38794613178004],[17.289012344085453,49.39693933541729],[17.2980055477227,49.39693933541729],[17.2980055477227,49.38794613178004],[17.289012344085453,49.38794613178004]]]}},{"type":"Feature","properties":{"jobs":50,"pop":148,"pointCount":8,"homeWorkCommuteMedian":17823,"workHomeCommuteMedian":978},"geometry":{"type":"Polygon","coordinates":[[[17.289012344085453,49.39693933541729],[17.289012344085453,49.40593253905453],[17.2980055477227,49.40593253905453],[17.2980055477227,49.39693933541729],[17.289012344085453,49.39693933541729]]]}},{"type":"Feature","properties":{"jobs":67,"pop":72,"pointCount":4,"homeWorkCommuteMedian":20070,"workHomeCommuteMedian":11866},"geometry":{"type":"Polygon","coordinates":[[[17.289012344085453,49.423918946329024],[17.289012344085453,49.43291214996627],[17.2980055477227,49.43291214996627],[17.2980055477227,49.423918946329024],[17.289012344085453,49.423918946329024]]]}},{"type":"Feature","properties":{"jobs":0,"pop":50,"pointCount":3,"homeWorkCommuteMedian":14102,"workHomeCommuteMedian":-1},"geometry":{"type":"Polygon","coordinates":[[[17.289012344085453,49.43291214996627],[17.289012344085453,49.44190535360352],[17.2980055477227,49.44190535360352],[17.2980055477227,49.43291214996627],[17.289012344085453,49.43291214996627]]]}},{"type":"Feature","properties":{"jobs":37,"pop":93,"pointCount":6,"homeWorkCommuteMedian":18044,"workHomeCommuteMedian":8756},"geometry":{"type":"Polygon","coordinates":[[[17.289012344085453,49.45989176087801],[17.289012344085453,49.468884964515254],[17.2980055477227,49.468884964515254],[17.2980055477227,49.45989176087801],[17.289012344085453,49.45989176087801]]]}},{"type":"Feature","properties":{"jobs":1573,"pop":1223,"pointCount":14,"homeWorkCommuteMedian":5315,"workHomeCommuteMedian":13544},"geometry":{"type":"Polygon","coordinates":[[[17.289012344085453,49.56781020452496],[17.289012344085453,49.576803408162206],[17.2980055477227,49.576803408162206],[17.2980055477227,49.56781020452496],[17.289012344085453,49.56781020452496]]]}},{"type":"Feature","properties":{"jobs":1790,"pop":905,"pointCount":19,"homeWorkCommuteMedian":5142,"workHomeCommuteMedian":17002},"geometry":{"type":"Polygon","coordinates":[[[17.289012344085453,49.576803408162206],[17.289012344085453,49.58579661179945],[17.2980055477227,49.58579661179945],[17.2980055477227,49.576803408162206],[17.289012344085453,49.576803408162206]]]}},{"type":"Feature","properties":{"jobs":1291,"pop":383,"pointCount":7,"homeWorkCommuteMedian":5130,"workHomeCommuteMedian":11034},"geometry":{"type":"Polygon","coordinates":[[[17.289012344085453,49.58579661179945],[17.289012344085453,49.5947898154367],[17.2980055477227,49.5947898154367],[17.2980055477227,49.58579661179945],[17.289012344085453,49.58579661179945]]]}},{"type":"Feature","properties":{"jobs":2440,"pop":0,"pointCount":6,"homeWorkCommuteMedian":-1,"workHomeCommuteMedian":10798},"geometry":{"type":"Polygon","coordinates":[[[17.289012344085453,49.5947898154367],[17.289012344085453,49.603783019073944],[17.2980055477227,49.603783019073944],[17.2980055477227,49.5947898154367],[17.289012344085453,49.5947898154367]]]}},{"type":"Feature","properties":{"jobs":2000,"pop":0,"pointCount":2,"homeWorkCommuteMedian":-1,"workHomeCommuteMedian":12313},"geometry":{"type":"Polygon","coordinates":[[[17.289012344085453,49.603783019073944],[17.289012344085453,49.61277622271119],[17.2980055477227,49.61277622271119],[17.2980055477227,49.603783019073944],[17.289012344085453,49.603783019073944]]]}},{"type":"Feature","properties":{"jobs":394,"pop":389,"pointCount":7,"homeWorkCommuteMedian":5464,"workHomeCommuteMedian":7017},"geometry":{"type":"Polygon","coordinates":[[[17.289012344085453,49.61277622271119],[17.289012344085453,49.621769426348436],[17.2980055477227,49.621769426348436],[17.2980055477227,49.61277622271119],[17.289012344085453,49.61277622271119]]]}},{"type":"Feature","properties":{"jobs":22,"pop":234,"pointCount":11,"homeWorkCommuteMedian":5904,"workHomeCommuteMedian":245},"geometry":{"type":"Polygon","coordinates":[[[17.289012344085453,49.621769426348436],[17.289012344085453,49.63076262998568],[17.2980055477227,49.63076262998568],[17.2980055477227,49.621769426348436],[17.289012344085453,49.621769426348436]]]}},{"type":"Feature","properties":{"jobs":0,"pop":11,"pointCount":1,"homeWorkCommuteMedian":14968,"workHomeCommuteMedian":-1},"geometry":{"type":"Polygon","coordinates":[[[17.289012344085453,49.648749037260174],[17.289012344085453,49.65774224089742],[17.2980055477227,49.65774224089742],[17.2980055477227,49.648749037260174],[17.289012344085453,49.648749037260174]]]}},{"type":"Feature","properties":{"jobs":122,"pop":323,"pointCount":17,"homeWorkCommuteMedian":12623,"workHomeCommuteMedian":7916},"geometry":{"type":"Polygon","coordinates":[[[17.289012344085453,49.65774224089742],[17.289012344085453,49.666735444534666],[17.2980055477227,49.666735444534666],[17.2980055477227,49.65774224089742],[17.289012344085453,49.65774224089742]]]}},{"type":"Feature","properties":{"jobs":29,"pop":6,"pointCount":1,"homeWorkCommuteMedian":352,"workHomeCommuteMedian":17273},"geometry":{"type":"Polygon","coordinates":[[[17.289012344085453,49.70270825908365],[17.289012344085453,49.711701462720896],[17.2980055477227,49.711701462720896],[17.2980055477227,49.70270825908365],[17.289012344085453,49.70270825908365]]]}},{"type":"Feature","properties":{"jobs":3939,"pop":77,"pointCount":8,"homeWorkCommuteMedian":1901,"workHomeCommuteMedian":11662},"geometry":{"type":"Polygon","coordinates":[[[17.289012344085453,49.711701462720896],[17.289012344085453,49.72069466635814],[17.2980055477227,49.72069466635814],[17.2980055477227,49.711701462720896],[17.289012344085453,49.711701462720896]]]}},{"type":"Feature","properties":{"jobs":1084,"pop":1992,"pointCount":16,"homeWorkCommuteMedian":15601,"workHomeCommuteMedian":4664},"geometry":{"type":"Polygon","coordinates":[[[17.289012344085453,49.72069466635814],[17.289012344085453,49.72968786999539],[17.2980055477227,49.72968786999539],[17.2980055477227,49.72069466635814],[17.289012344085453,49.72069466635814]]]}},{"type":"Feature","properties":{"jobs":99,"pop":1013,"pointCount":8,"homeWorkCommuteMedian":16663,"workHomeCommuteMedian":1886},"geometry":{"type":"Polygon","coordinates":[[[17.289012344085453,49.72968786999539],[17.289012344085453,49.738681073632634],[17.2980055477227,49.738681073632634],[17.2980055477227,49.72968786999539],[17.289012344085453,49.72968786999539]]]}},{"type":"Feature","properties":{"jobs":13,"pop":136,"pointCount":6,"homeWorkCommuteMedian":4860,"workHomeCommuteMedian":342},"geometry":{"type":"Polygon","coordinates":[[[17.289012344085453,49.74767427726988],[17.289012344085453,49.756667480907126],[17.2980055477227,49.756667480907126],[17.2980055477227,49.74767427726988],[17.289012344085453,49.74767427726988]]]}},{"type":"Feature","properties":{"jobs":10,"pop":27,"pointCount":2,"homeWorkCommuteMedian":6444,"workHomeCommuteMedian":110},"geometry":{"type":"Polygon","coordinates":[[[17.289012344085453,49.756667480907126],[17.289012344085453,49.76566068454437],[17.2980055477227,49.76566068454437],[17.2980055477227,49.756667480907126],[17.289012344085453,49.756667480907126]]]}},{"type":"Feature","properties":{"jobs":0,"pop":31,"pointCount":1,"homeWorkCommuteMedian":6818,"workHomeCommuteMedian":-1},"geometry":{"type":"Polygon","coordinates":[[[17.289012344085453,49.76566068454437],[17.289012344085453,49.77465388818162],[17.2980055477227,49.77465388818162],[17.2980055477227,49.76566068454437],[17.289012344085453,49.76566068454437]]]}},{"type":"Feature","properties":{"jobs":20,"pop":10,"pointCount":1,"homeWorkCommuteMedian":14267,"workHomeCommuteMedian":221},"geometry":{"type":"Polygon","coordinates":[[[17.289012344085453,49.8106267027306],[17.289012344085453,49.81961990636785],[17.2980055477227,49.81961990636785],[17.2980055477227,49.8106267027306],[17.289012344085453,49.8106267027306]]]}},{"type":"Feature","properties":{"jobs":0,"pop":15,"pointCount":1,"homeWorkCommuteMedian":112,"workHomeCommuteMedian":-1},"geometry":{"type":"Polygon","coordinates":[[[17.289012344085453,49.81961990636785],[17.289012344085453,49.828613110005094],[17.2980055477227,49.828613110005094],[17.2980055477227,49.81961990636785],[17.289012344085453,49.81961990636785]]]}},{"type":"Feature","properties":{"jobs":29,"pop":65,"pointCount":3,"homeWorkCommuteMedian":29099,"workHomeCommuteMedian":4291},"geometry":{"type":"Polygon","coordinates":[[[17.2980055477227,49.32499370631932],[17.2980055477227,49.333986909956565],[17.306998751359945,49.333986909956565],[17.306998751359945,49.32499370631932],[17.2980055477227,49.32499370631932]]]}},{"type":"Feature","properties":{"jobs":44,"pop":0,"pointCount":1,"homeWorkCommuteMedian":-1,"workHomeCommuteMedian":32612},"geometry":{"type":"Polygon","coordinates":[[[17.2980055477227,49.333986909956565],[17.2980055477227,49.34298011359381],[17.306998751359945,49.34298011359381],[17.306998751359945,49.333986909956565],[17.2980055477227,49.333986909956565]]]}},{"type":"Feature","properties":{"jobs":428,"pop":1172,"pointCount":41,"homeWorkCommuteMedian":29103,"workHomeCommuteMedian":7515},"geometry":{"type":"Polygon","coordinates":[[[17.2980055477227,49.34298011359381],[17.2980055477227,49.35197331723106],[17.306998751359945,49.35197331723106],[17.306998751359945,49.34298011359381],[17.2980055477227,49.34298011359381]]]}},{"type":"Feature","properties":{"jobs":242,"pop":654,"pointCount":31,"homeWorkCommuteMedian":30408,"workHomeCommuteMedian":2642},"geometry":{"type":"Polygon","coordinates":[[[17.2980055477227,49.35197331723106],[17.2980055477227,49.3609665208683],[17.306998751359945,49.3609665208683],[17.306998751359945,49.35197331723106],[17.2980055477227,49.35197331723106]]]}},{"type":"Feature","properties":{"jobs":17,"pop":0,"pointCount":1,"homeWorkCommuteMedian":-1,"workHomeCommuteMedian":916},"geometry":{"type":"Polygon","coordinates":[[[17.2980055477227,49.39693933541729],[17.2980055477227,49.40593253905453],[17.306998751359945,49.40593253905453],[17.306998751359945,49.39693933541729],[17.2980055477227,49.39693933541729]]]}},{"type":"Feature","properties":{"jobs":201,"pop":0,"pointCount":2,"homeWorkCommuteMedian":-1,"workHomeCommuteMedian":7035},"geometry":{"type":"Polygon","coordinates":[[[17.2980055477227,49.40593253905453],[17.2980055477227,49.41492574269178],[17.306998751359945,49.41492574269178],[17.306998751359945,49.40593253905453],[17.2980055477227,49.40593253905453]]]}},{"type":"Feature","properties":{"jobs":13,"pop":0,"pointCount":1,"homeWorkCommuteMedian":-1,"workHomeCommuteMedian":7598},"geometry":{"type":"Polygon","coordinates":[[[17.2980055477227,49.41492574269178],[17.2980055477227,49.423918946329024],[17.306998751359945,49.423918946329024],[17.306998751359945,49.41492574269178],[17.2980055477227,49.41492574269178]]]}},{"type":"Feature","properties":{"jobs":29,"pop":53,"pointCount":5,"homeWorkCommuteMedian":9589,"workHomeCommuteMedian":1090},"geometry":{"type":"Polygon","coordinates":[[[17.2980055477227,49.531837389975976],[17.2980055477227,49.54083059361322],[17.306998751359945,49.54083059361322],[17.306998751359945,49.531837389975976],[17.2980055477227,49.531837389975976]]]}},{"type":"Feature","properties":{"jobs":336,"pop":0,"pointCount":1,"homeWorkCommuteMedian":-1,"workHomeCommuteMedian":6427},"geometry":{"type":"Polygon","coordinates":[[[17.2980055477227,49.54982379725047],[17.2980055477227,49.558817000887714],[17.306998751359945,49.558817000887714],[17.306998751359945,49.54982379725047],[17.2980055477227,49.54982379725047]]]}},{"type":"Feature","properties":{"jobs":420,"pop":5,"pointCount":5,"homeWorkCommuteMedian":1952,"workHomeCommuteMedian":5894},"geometry":{"type":"Polygon","coordinates":[[[17.2980055477227,49.56781020452496],[17.2980055477227,49.576803408162206],[17.306998751359945,49.576803408162206],[17.306998751359945,49.56781020452496],[17.2980055477227,49.56781020452496]]]}},{"type":"Feature","properties":{"jobs":1099,"pop":262,"pointCount":5,"homeWorkCommuteMedian":4342,"workHomeCommuteMedian":18856},"geometry":{"type":"Polygon","coordinates":[[[17.2980055477227,49.576803408162206],[17.2980055477227,49.58579661179945],[17.306998751359945,49.58579661179945],[17.306998751359945,49.576803408162206],[17.2980055477227,49.576803408162206]]]}},{"type":"Feature","properties":{"jobs":214,"pop":0,"pointCount":3,"homeWorkCommuteMedian":-1,"workHomeCommuteMedian":8340},"geometry":{"type":"Polygon","coordinates":[[[17.2980055477227,49.58579661179945],[17.2980055477227,49.5947898154367],[17.306998751359945,49.5947898154367],[17.306998751359945,49.58579661179945],[17.2980055477227,49.58579661179945]]]}},{"type":"Feature","properties":{"jobs":710,"pop":0,"pointCount":3,"homeWorkCommuteMedian":-1,"workHomeCommuteMedian":14568},"geometry":{"type":"Polygon","coordinates":[[[17.2980055477227,49.5947898154367],[17.2980055477227,49.603783019073944],[17.306998751359945,49.603783019073944],[17.306998751359945,49.5947898154367],[17.2980055477227,49.5947898154367]]]}},{"type":"Feature","properties":{"jobs":528,"pop":917,"pointCount":10,"homeWorkCommuteMedian":9347,"workHomeCommuteMedian":1659},"geometry":{"type":"Polygon","coordinates":[[[17.2980055477227,49.72069466635814],[17.2980055477227,49.72968786999539],[17.306998751359945,49.72968786999539],[17.306998751359945,49.72069466635814],[17.2980055477227,49.72069466635814]]]}},{"type":"Feature","properties":{"jobs":891,"pop":1447,"pointCount":20,"homeWorkCommuteMedian":17150,"workHomeCommuteMedian":4882},"geometry":{"type":"Polygon","coordinates":[[[17.2980055477227,49.72968786999539],[17.2980055477227,49.738681073632634],[17.306998751359945,49.738681073632634],[17.306998751359945,49.72968786999539],[17.2980055477227,49.72968786999539]]]}},{"type":"Feature","properties":{"jobs":17,"pop":32,"pointCount":2,"homeWorkCommuteMedian":24292,"workHomeCommuteMedian":2611},"geometry":{"type":"Polygon","coordinates":[[[17.2980055477227,49.738681073632634],[17.2980055477227,49.74767427726988],[17.306998751359945,49.74767427726988],[17.306998751359945,49.738681073632634],[17.2980055477227,49.738681073632634]]]}},{"type":"Feature","properties":{"jobs":1,"pop":37,"pointCount":1,"homeWorkCommuteMedian":5547,"workHomeCommuteMedian":361},"geometry":{"type":"Polygon","coordinates":[[[17.2980055477227,49.74767427726988],[17.2980055477227,49.756667480907126],[17.306998751359945,49.756667480907126],[17.306998751359945,49.74767427726988],[17.2980055477227,49.74767427726988]]]}},{"type":"Feature","properties":{"jobs":0,"pop":12,"pointCount":1,"homeWorkCommuteMedian":4955,"workHomeCommuteMedian":-1},"geometry":{"type":"Polygon","coordinates":[[[17.2980055477227,49.76566068454437],[17.2980055477227,49.77465388818162],[17.306998751359945,49.77465388818162],[17.306998751359945,49.76566068454437],[17.2980055477227,49.76566068454437]]]}},{"type":"Feature","properties":{"jobs":0,"pop":122,"pointCount":4,"homeWorkCommuteMedian":31321,"workHomeCommuteMedian":-1},"geometry":{"type":"Polygon","coordinates":[[[17.2980055477227,49.8106267027306],[17.2980055477227,49.81961990636785],[17.306998751359945,49.81961990636785],[17.306998751359945,49.8106267027306],[17.2980055477227,49.8106267027306]]]}},{"type":"Feature","properties":{"jobs":26,"pop":52,"pointCount":4,"homeWorkCommuteMedian":17934,"workHomeCommuteMedian":5059},"geometry":{"type":"Polygon","coordinates":[[[17.2980055477227,49.81961990636785],[17.2980055477227,49.828613110005094],[17.306998751359945,49.828613110005094],[17.306998751359945,49.81961990636785],[17.2980055477227,49.81961990636785]]]}},{"type":"Feature","properties":{"jobs":416,"pop":0,"pointCount":1,"homeWorkCommuteMedian":-1,"workHomeCommuteMedian":17250},"geometry":{"type":"Polygon","coordinates":[[[17.306998751359945,49.333986909956565],[17.306998751359945,49.34298011359381],[17.31599195499719,49.34298011359381],[17.31599195499719,49.333986909956565],[17.306998751359945,49.333986909956565]]]}},{"type":"Feature","properties":{"jobs":85,"pop":60,"pointCount":5,"homeWorkCommuteMedian":18541,"workHomeCommuteMedian":33398},"geometry":{"type":"Polygon","coordinates":[[[17.306998751359945,49.34298011359381],[17.306998751359945,49.35197331723106],[17.31599195499719,49.35197331723106],[17.31599195499719,49.34298011359381],[17.306998751359945,49.34298011359381]]]}},{"type":"Feature","properties":{"jobs":10,"pop":20,"pointCount":2,"homeWorkCommuteMedian":22100,"workHomeCommuteMedian":23608},"geometry":{"type":"Polygon","coordinates":[[[17.306998751359945,49.35197331723106],[17.306998751359945,49.3609665208683],[17.31599195499719,49.3609665208683],[17.31599195499719,49.35197331723106],[17.306998751359945,49.35197331723106]]]}},{"type":"Feature","properties":{"jobs":74,"pop":0,"pointCount":1,"homeWorkCommuteMedian":-1,"workHomeCommuteMedian":8037},"geometry":{"type":"Polygon","coordinates":[[[17.306998751359945,49.44190535360352],[17.306998751359945,49.45089855724076],[17.31599195499719,49.45089855724076],[17.31599195499719,49.44190535360352],[17.306998751359945,49.44190535360352]]]}},{"type":"Feature","properties":{"jobs":71,"pop":0,"pointCount":6,"homeWorkCommuteMedian":-1,"workHomeCommuteMedian":7689},"geometry":{"type":"Polygon","coordinates":[[[17.306998751359945,49.52284418633873],[17.306998751359945,49.531837389975976],[17.31599195499719,49.531837389975976],[17.31599195499719,49.52284418633873],[17.306998751359945,49.52284418633873]]]}},{"type":"Feature","properties":{"jobs":51,"pop":789,"pointCount":25,"homeWorkCommuteMedian":10842,"workHomeCommuteMedian":10537},"geometry":{"type":"Polygon","coordinates":[[[17.306998751359945,49.531837389975976],[17.306998751359945,49.54083059361322],[17.31599195499719,49.54083059361322],[17.31599195499719,49.531837389975976],[17.306998751359945,49.531837389975976]]]}},{"type":"Feature","properties":{"jobs":25,"pop":0,"pointCount":1,"homeWorkCommuteMedian":-1,"workHomeCommuteMedian":25169},"geometry":{"type":"Polygon","coordinates":[[[17.306998751359945,49.54083059361322],[17.306998751359945,49.54982379725047],[17.31599195499719,49.54982379725047],[17.31599195499719,49.54083059361322],[17.306998751359945,49.54083059361322]]]}},{"type":"Feature","properties":{"jobs":58,"pop":147,"pointCount":7,"homeWorkCommuteMedian":7692,"workHomeCommuteMedian":18949},"geometry":{"type":"Polygon","coordinates":[[[17.306998751359945,49.54982379725047],[17.306998751359945,49.558817000887714],[17.31599195499719,49.558817000887714],[17.31599195499719,49.54982379725047],[17.306998751359945,49.54982379725047]]]}},{"type":"Feature","properties":{"jobs":559,"pop":0,"pointCount":2,"homeWorkCommuteMedian":-1,"workHomeCommuteMedian":7287},"geometry":{"type":"Polygon","coordinates":[[[17.306998751359945,49.558817000887714],[17.306998751359945,49.56781020452496],[17.31599195499719,49.56781020452496],[17.31599195499719,49.558817000887714],[17.306998751359945,49.558817000887714]]]}},{"type":"Feature","properties":{"jobs":934,"pop":0,"pointCount":2,"homeWorkCommuteMedian":-1,"workHomeCommuteMedian":16914},"geometry":{"type":"Polygon","coordinates":[[[17.306998751359945,49.576803408162206],[17.306998751359945,49.58579661179945],[17.31599195499719,49.58579661179945],[17.31599195499719,49.576803408162206],[17.306998751359945,49.576803408162206]]]}},{"type":"Feature","properties":{"jobs":1206,"pop":0,"pointCount":3,"homeWorkCommuteMedian":-1,"workHomeCommuteMedian":10379},"geometry":{"type":"Polygon","coordinates":[[[17.306998751359945,49.58579661179945],[17.306998751359945,49.5947898154367],[17.31599195499719,49.5947898154367],[17.31599195499719,49.58579661179945],[17.306998751359945,49.58579661179945]]]}},{"type":"Feature","properties":{"jobs":35,"pop":0,"pointCount":1,"homeWorkCommuteMedian":-1,"workHomeCommuteMedian":7371},"geometry":{"type":"Polygon","coordinates":[[[17.306998751359945,49.5947898154367],[17.306998751359945,49.603783019073944],[17.31599195499719,49.603783019073944],[17.31599195499719,49.5947898154367],[17.306998751359945,49.5947898154367]]]}},{"type":"Feature","properties":{"jobs":13,"pop":32,"pointCount":2,"homeWorkCommuteMedian":9669,"workHomeCommuteMedian":579},"geometry":{"type":"Polygon","coordinates":[[[17.306998751359945,49.63076262998568],[17.306998751359945,49.63975583362293],[17.31599195499719,49.63975583362293],[17.31599195499719,49.63076262998568],[17.306998751359945,49.63076262998568]]]}},{"type":"Feature","properties":{"jobs":0,"pop":141,"pointCount":6,"homeWorkCommuteMedian":9139,"workHomeCommuteMedian":-1},"geometry":{"type":"Polygon","coordinates":[[[17.306998751359945,49.648749037260174],[17.306998751359945,49.65774224089742],[17.31599195499719,49.65774224089742],[17.31599195499719,49.648749037260174],[17.306998751359945,49.648749037260174]]]}},{"type":"Feature","properties":{"jobs":39,"pop":26,"pointCount":3,"homeWorkCommuteMedian":9163,"workHomeCommuteMedian":1940},"geometry":{"type":"Polygon","coordinates":[[[17.306998751359945,49.65774224089742],[17.306998751359945,49.666735444534666],[17.31599195499719,49.666735444534666],[17.31599195499719,49.65774224089742],[17.306998751359945,49.65774224089742]]]}},{"type":"Feature","properties":{"jobs":24,"pop":145,"pointCount":7,"homeWorkCommuteMedian":11648,"workHomeCommuteMedian":675},"geometry":{"type":"Polygon","coordinates":[[[17.306998751359945,49.666735444534666],[17.306998751359945,49.67572864817191],[17.31599195499719,49.67572864817191],[17.31599195499719,49.666735444534666],[17.306998751359945,49.666735444534666]]]}},{"type":"Feature","properties":{"jobs":0,"pop":31,"pointCount":2,"homeWorkCommuteMedian":20113,"workHomeCommuteMedian":-1},"geometry":{"type":"Polygon","coordinates":[[[17.306998751359945,49.74767427726988],[17.306998751359945,49.756667480907126],[17.31599195499719,49.756667480907126],[17.31599195499719,49.74767427726988],[17.306998751359945,49.74767427726988]]]}},{"type":"Feature","properties":{"jobs":20,"pop":0,"pointCount":1,"homeWorkCommuteMedian":-1,"workHomeCommuteMedian":40477},"geometry":{"type":"Polygon","coordinates":[[[17.31599195499719,49.35197331723106],[17.31599195499719,49.3609665208683],[17.324985158634437,49.3609665208683],[17.324985158634437,49.35197331723106],[17.31599195499719,49.35197331723106]]]}},{"type":"Feature","properties":{"jobs":11,"pop":13,"pointCount":1,"homeWorkCommuteMedian":24933,"workHomeCommuteMedian":2211},"geometry":{"type":"Polygon","coordinates":[[[17.31599195499719,49.45989176087801],[17.31599195499719,49.468884964515254],[17.324985158634437,49.468884964515254],[17.324985158634437,49.45989176087801],[17.31599195499719,49.45989176087801]]]}},{"type":"Feature","properties":{"jobs":0,"pop":109,"pointCount":4,"homeWorkCommuteMedian":18849,"workHomeCommuteMedian":-1},"geometry":{"type":"Polygon","coordinates":[[[17.31599195499719,49.468884964515254],[17.31599195499719,49.4778781681525],[17.324985158634437,49.4778781681525],[17.324985158634437,49.468884964515254],[17.31599195499719,49.468884964515254]]]}},{"type":"Feature","properties":{"jobs":21,"pop":0,"pointCount":1,"homeWorkCommuteMedian":-1,"workHomeCommuteMedian":1160},"geometry":{"type":"Polygon","coordinates":[[[17.31599195499719,49.52284418633873],[17.31599195499719,49.531837389975976],[17.324985158634437,49.531837389975976],[17.324985158634437,49.52284418633873],[17.31599195499719,49.52284418633873]]]}},{"type":"Feature","properties":{"jobs":14,"pop":0,"pointCount":1,"homeWorkCommuteMedian":-1,"workHomeCommuteMedian":652},"geometry":{"type":"Polygon","coordinates":[[[17.31599195499719,49.531837389975976],[17.31599195499719,49.54083059361322],[17.324985158634437,49.54083059361322],[17.324985158634437,49.531837389975976],[17.31599195499719,49.531837389975976]]]}},{"type":"Feature","properties":{"jobs":0,"pop":83,"pointCount":2,"homeWorkCommuteMedian":8330,"workHomeCommuteMedian":-1},"geometry":{"type":"Polygon","coordinates":[[[17.31599195499719,49.54982379725047],[17.31599195499719,49.558817000887714],[17.324985158634437,49.558817000887714],[17.324985158634437,49.54982379725047],[17.31599195499719,49.54982379725047]]]}},{"type":"Feature","properties":{"jobs":43,"pop":238,"pointCount":8,"homeWorkCommuteMedian":7575,"workHomeCommuteMedian":8481},"geometry":{"type":"Polygon","coordinates":[[[17.31599195499719,49.58579661179945],[17.31599195499719,49.5947898154367],[17.324985158634437,49.5947898154367],[17.324985158634437,49.58579661179945],[17.31599195499719,49.58579661179945]]]}},{"type":"Feature","properties":{"jobs":89,"pop":172,"pointCount":9,"homeWorkCommuteMedian":6239,"workHomeCommuteMedian":16590},"geometry":{"type":"Polygon","coordinates":[[[17.31599195499719,49.5947898154367],[17.31599195499719,49.603783019073944],[17.324985158634437,49.603783019073944],[17.324985158634437,49.5947898154367],[17.31599195499719,49.5947898154367]]]}},{"type":"Feature","properties":{"jobs":0,"pop":140,"pointCount":6,"homeWorkCommuteMedian":10227,"workHomeCommuteMedian":-1},"geometry":{"type":"Polygon","coordinates":[[[17.31599195499719,49.63076262998568],[17.31599195499719,49.63975583362293],[17.324985158634437,49.63975583362293],[17.324985158634437,49.63076262998568],[17.31599195499719,49.63076262998568]]]}},{"type":"Feature","properties":{"jobs":70,"pop":648,"pointCount":19,"homeWorkCommuteMedian":9208,"workHomeCommuteMedian":710},"geometry":{"type":"Polygon","coordinates":[[[17.31599195499719,49.63975583362293],[17.31599195499719,49.648749037260174],[17.324985158634437,49.648749037260174],[17.324985158634437,49.63975583362293],[17.31599195499719,49.63975583362293]]]}},{"type":"Feature","properties":{"jobs":113,"pop":319,"pointCount":14,"homeWorkCommuteMedian":9918,"workHomeCommuteMedian":3056},"geometry":{"type":"Polygon","coordinates":[[[17.31599195499719,49.648749037260174],[17.31599195499719,49.65774224089742],[17.324985158634437,49.65774224089742],[17.324985158634437,49.648749037260174],[17.31599195499719,49.648749037260174]]]}},{"type":"Feature","properties":{"jobs":163,"pop":856,"pointCount":33,"homeWorkCommuteMedian":11880,"workHomeCommuteMedian":656},"geometry":{"type":"Polygon","coordinates":[[[17.31599195499719,49.666735444534666],[17.31599195499719,49.67572864817191],[17.324985158634437,49.67572864817191],[17.324985158634437,49.666735444534666],[17.31599195499719,49.666735444534666]]]}},{"type":"Feature","properties":{"jobs":0,"pop":11,"pointCount":1,"homeWorkCommuteMedian":12186,"workHomeCommuteMedian":-1},"geometry":{"type":"Polygon","coordinates":[[[17.31599195499719,49.67572864817191],[17.31599195499719,49.68472185180916],[17.324985158634437,49.68472185180916],[17.324985158634437,49.67572864817191],[17.31599195499719,49.67572864817191]]]}},{"type":"Feature","properties":{"jobs":3,"pop":66,"pointCount":3,"homeWorkCommuteMedian":5632,"workHomeCommuteMedian":243},"geometry":{"type":"Polygon","coordinates":[[[17.31599195499719,49.738681073632634],[17.31599195499719,49.74767427726988],[17.324985158634437,49.74767427726988],[17.324985158634437,49.738681073632634],[17.31599195499719,49.738681073632634]]]}},{"type":"Feature","properties":{"jobs":21,"pop":63,"pointCount":3,"homeWorkCommuteMedian":12270,"workHomeCommuteMedian":242},"geometry":{"type":"Polygon","coordinates":[[[17.324985158634437,49.45989176087801],[17.324985158634437,49.468884964515254],[17.333978362271683,49.468884964515254],[17.333978362271683,49.45989176087801],[17.324985158634437,49.45989176087801]]]}},{"type":"Feature","properties":{"jobs":17,"pop":61,"pointCount":4,"homeWorkCommuteMedian":18099,"workHomeCommuteMedian":714},"geometry":{"type":"Polygon","coordinates":[[[17.324985158634437,49.468884964515254],[17.324985158634437,49.4778781681525],[17.333978362271683,49.4778781681525],[17.333978362271683,49.468884964515254],[17.324985158634437,49.468884964515254]]]}},{"type":"Feature","properties":{"jobs":26,"pop":34,"pointCount":4,"homeWorkCommuteMedian":12333,"workHomeCommuteMedian":8691},"geometry":{"type":"Polygon","coordinates":[[[17.324985158634437,49.4778781681525],[17.324985158634437,49.486871371789746],[17.333978362271683,49.486871371789746],[17.333978362271683,49.4778781681525],[17.324985158634437,49.4778781681525]]]}},{"type":"Feature","properties":{"jobs":0,"pop":126,"pointCount":4,"homeWorkCommuteMedian":14512,"workHomeCommuteMedian":-1},"geometry":{"type":"Polygon","coordinates":[[[17.324985158634437,49.486871371789746],[17.324985158634437,49.49586457542699],[17.333978362271683,49.49586457542699],[17.333978362271683,49.486871371789746],[17.324985158634437,49.486871371789746]]]}},{"type":"Feature","properties":{"jobs":56,"pop":355,"pointCount":15,"homeWorkCommuteMedian":12871,"workHomeCommuteMedian":563},"geometry":{"type":"Polygon","coordinates":[[[17.324985158634437,49.49586457542699],[17.324985158634437,49.50485777906424],[17.333978362271683,49.50485777906424],[17.333978362271683,49.49586457542699],[17.324985158634437,49.49586457542699]]]}},{"type":"Feature","properties":{"jobs":26,"pop":0,"pointCount":1,"homeWorkCommuteMedian":-1,"workHomeCommuteMedian":6769},"geometry":{"type":"Polygon","coordinates":[[[17.324985158634437,49.513850982701484],[17.324985158634437,49.52284418633873],[17.333978362271683,49.52284418633873],[17.333978362271683,49.513850982701484],[17.324985158634437,49.513850982701484]]]}},{"type":"Feature","properties":{"jobs":29,"pop":155,"pointCount":7,"homeWorkCommuteMedian":9545,"workHomeCommuteMedian":7503},"geometry":{"type":"Polygon","coordinates":[[[17.324985158634437,49.54083059361322],[17.324985158634437,49.54982379725047],[17.333978362271683,49.54982379725047],[17.333978362271683,49.54083059361322],[17.324985158634437,49.54083059361322]]]}},{"type":"Feature","properties":{"jobs":75,"pop":188,"pointCount":10,"homeWorkCommuteMedian":7402,"workHomeCommuteMedian":8806},"geometry":{"type":"Polygon","coordinates":[[[17.324985158634437,49.54982379725047],[17.324985158634437,49.558817000887714],[17.333978362271683,49.558817000887714],[17.333978362271683,49.54982379725047],[17.324985158634437,49.54982379725047]]]}},{"type":"Feature","properties":{"jobs":331,"pop":31,"pointCount":3,"homeWorkCommuteMedian":3877,"workHomeCommuteMedian":14689},"geometry":{"type":"Polygon","coordinates":[[[17.324985158634437,49.58579661179945],[17.324985158634437,49.5947898154367],[17.333978362271683,49.5947898154367],[17.333978362271683,49.58579661179945],[17.324985158634437,49.58579661179945]]]}},{"type":"Feature","properties":{"jobs":89,"pop":86,"pointCount":6,"homeWorkCommuteMedian":6539,"workHomeCommuteMedian":14050},"geometry":{"type":"Polygon","coordinates":[[[17.324985158634437,49.5947898154367],[17.324985158634437,49.603783019073944],[17.333978362271683,49.603783019073944],[17.333978362271683,49.5947898154367],[17.324985158634437,49.5947898154367]]]}},{"type":"Feature","properties":{"jobs":0,"pop":28,"pointCount":2,"homeWorkCommuteMedian":7202,"workHomeCommuteMedian":-1},"geometry":{"type":"Polygon","coordinates":[[[17.324985158634437,49.603783019073944],[17.324985158634437,49.61277622271119],[17.333978362271683,49.61277622271119],[17.333978362271683,49.603783019073944],[17.324985158634437,49.603783019073944]]]}},{"type":"Feature","properties":{"jobs":283,"pop":420,"pointCount":19,"homeWorkCommuteMedian":8408,"workHomeCommuteMedian":7148},"geometry":{"type":"Polygon","coordinates":[[[17.324985158634437,49.61277622271119],[17.324985158634437,49.621769426348436],[17.333978362271683,49.621769426348436],[17.333978362271683,49.61277622271119],[17.324985158634437,49.61277622271119]]]}},{"type":"Feature","properties":{"jobs":43,"pop":270,"pointCount":9,"homeWorkCommuteMedian":7822,"workHomeCommuteMedian":311},"geometry":{"type":"Polygon","coordinates":[[[17.324985158634437,49.621769426348436],[17.324985158634437,49.63076262998568],[17.333978362271683,49.63076262998568],[17.333978362271683,49.621769426348436],[17.324985158634437,49.621769426348436]]]}},{"type":"Feature","properties":{"jobs":15,"pop":471,"pointCount":12,"homeWorkCommuteMedian":8646,"workHomeCommuteMedian":315},"geometry":{"type":"Polygon","coordinates":[[[17.324985158634437,49.63076262998568],[17.324985158634437,49.63975583362293],[17.333978362271683,49.63975583362293],[17.333978362271683,49.63076262998568],[17.324985158634437,49.63076262998568]]]}},{"type":"Feature","properties":{"jobs":37,"pop":176,"pointCount":9,"homeWorkCommuteMedian":9838,"workHomeCommuteMedian":1824},"geometry":{"type":"Polygon","coordinates":[[[17.324985158634437,49.63975583362293],[17.324985158634437,49.648749037260174],[17.333978362271683,49.648749037260174],[17.333978362271683,49.63975583362293],[17.324985158634437,49.63975583362293]]]}},{"type":"Feature","properties":{"jobs":14,"pop":209,"pointCount":10,"homeWorkCommuteMedian":10706,"workHomeCommuteMedian":5617},"geometry":{"type":"Polygon","coordinates":[[[17.324985158634437,49.648749037260174],[17.324985158634437,49.65774224089742],[17.333978362271683,49.65774224089742],[17.333978362271683,49.648749037260174],[17.324985158634437,49.648749037260174]]]}},{"type":"Feature","properties":{"jobs":0,"pop":367,"pointCount":11,"homeWorkCommuteMedian":12562,"workHomeCommuteMedian":-1},"geometry":{"type":"Polygon","coordinates":[[[17.324985158634437,49.666735444534666],[17.324985158634437,49.67572864817191],[17.333978362271683,49.67572864817191],[17.333978362271683,49.666735444534666],[17.324985158634437,49.666735444534666]]]}},{"type":"Feature","properties":{"jobs":4,"pop":25,"pointCount":3,"homeWorkCommuteMedian":6098,"workHomeCommuteMedian":387},"geometry":{"type":"Polygon","coordinates":[[[17.324985158634437,49.72968786999539],[17.324985158634437,49.738681073632634],[17.333978362271683,49.738681073632634],[17.333978362271683,49.72968786999539],[17.324985158634437,49.72968786999539]]]}},{"type":"Feature","properties":{"jobs":12,"pop":108,"pointCount":5,"homeWorkCommuteMedian":9522,"workHomeCommuteMedian":9970},"geometry":{"type":"Polygon","coordinates":[[[17.333978362271683,49.423918946329024],[17.333978362271683,49.43291214996627],[17.34297156590893,49.43291214996627],[17.34297156590893,49.423918946329024],[17.333978362271683,49.423918946329024]]]}},{"type":"Feature","properties":{"jobs":111,"pop":742,"pointCount":26,"homeWorkCommuteMedian":15791,"workHomeCommuteMedian":2719},"geometry":{"type":"Polygon","coordinates":[[[17.333978362271683,49.4778781681525],[17.333978362271683,49.486871371789746],[17.34297156590893,49.486871371789746],[17.34297156590893,49.4778781681525],[17.333978362271683,49.4778781681525]]]}},{"type":"Feature","properties":{"jobs":17,"pop":0,"pointCount":1,"homeWorkCommuteMedian":-1,"workHomeCommuteMedian":746},"geometry":{"type":"Polygon","coordinates":[[[17.333978362271683,49.486871371789746],[17.333978362271683,49.49586457542699],[17.34297156590893,49.49586457542699],[17.34297156590893,49.486871371789746],[17.333978362271683,49.486871371789746]]]}},{"type":"Feature","properties":{"jobs":11,"pop":106,"pointCount":5,"homeWorkCommuteMedian":13749,"workHomeCommuteMedian":762},"geometry":{"type":"Polygon","coordinates":[[[17.333978362271683,49.49586457542699],[17.333978362271683,49.50485777906424],[17.34297156590893,49.50485777906424],[17.34297156590893,49.49586457542699],[17.333978362271683,49.49586457542699]]]}},{"type":"Feature","properties":{"jobs":10,"pop":177,"pointCount":6,"homeWorkCommuteMedian":12078,"workHomeCommuteMedian":4293},"geometry":{"type":"Polygon","coordinates":[[[17.333978362271683,49.513850982701484],[17.333978362271683,49.52284418633873],[17.34297156590893,49.52284418633873],[17.34297156590893,49.513850982701484],[17.333978362271683,49.513850982701484]]]}},{"type":"Feature","properties":{"jobs":11,"pop":235,"pointCount":12,"homeWorkCommuteMedian":10220,"workHomeCommuteMedian":19370},"geometry":{"type":"Polygon","coordinates":[[[17.333978362271683,49.54083059361322],[17.333978362271683,49.54982379725047],[17.34297156590893,49.54982379725047],[17.34297156590893,49.54083059361322],[17.333978362271683,49.54083059361322]]]}},{"type":"Feature","properties":{"jobs":49,"pop":561,"pointCount":22,"homeWorkCommuteMedian":9804,"workHomeCommuteMedian":3020},"geometry":{"type":"Polygon","coordinates":[[[17.333978362271683,49.54982379725047],[17.333978362271683,49.558817000887714],[17.34297156590893,49.558817000887714],[17.34297156590893,49.54982379725047],[17.333978362271683,49.54982379725047]]]}},{"type":"Feature","properties":{"jobs":603,"pop":0,"pointCount":4,"homeWorkCommuteMedian":-1,"workHomeCommuteMedian":13151},"geometry":{"type":"Polygon","coordinates":[[[17.333978362271683,49.58579661179945],[17.333978362271683,49.5947898154367],[17.34297156590893,49.5947898154367],[17.34297156590893,49.58579661179945],[17.333978362271683,49.58579661179945]]]}},{"type":"Feature","properties":{"jobs":0,"pop":143,"pointCount":5,"homeWorkCommuteMedian":8692,"workHomeCommuteMedian":-1},"geometry":{"type":"Polygon","coordinates":[[[17.333978362271683,49.603783019073944],[17.333978362271683,49.61277622271119],[17.34297156590893,49.61277622271119],[17.34297156590893,49.603783019073944],[17.333978362271683,49.603783019073944]]]}},{"type":"Feature","properties":{"jobs":0,"pop":178,"pointCount":6,"homeWorkCommuteMedian":8520,"workHomeCommuteMedian":-1},"geometry":{"type":"Polygon","coordinates":[[[17.333978362271683,49.61277622271119],[17.333978362271683,49.621769426348436],[17.34297156590893,49.621769426348436],[17.34297156590893,49.61277622271119],[17.333978362271683,49.61277622271119]]]}},{"type":"Feature","properties":{"jobs":272,"pop":354,"pointCount":17,"homeWorkCommuteMedian":9986,"workHomeCommuteMedian":10532},"geometry":{"type":"Polygon","coordinates":[[[17.333978362271683,49.621769426348436],[17.333978362271683,49.63076262998568],[17.34297156590893,49.63076262998568],[17.34297156590893,49.621769426348436],[17.333978362271683,49.621769426348436]]]}},{"type":"Feature","properties":{"jobs":48,"pop":40,"pointCount":3,"homeWorkCommuteMedian":10184,"workHomeCommuteMedian":15022},"geometry":{"type":"Polygon","coordinates":[[[17.333978362271683,49.63076262998568],[17.333978362271683,49.63975583362293],[17.34297156590893,49.63975583362293],[17.34297156590893,49.63076262998568],[17.333978362271683,49.63076262998568]]]}},{"type":"Feature","properties":{"jobs":0,"pop":15,"pointCount":1,"homeWorkCommuteMedian":9567,"workHomeCommuteMedian":-1},"geometry":{"type":"Polygon","coordinates":[[[17.333978362271683,49.648749037260174],[17.333978362271683,49.65774224089742],[17.34297156590893,49.65774224089742],[17.34297156590893,49.648749037260174],[17.333978362271683,49.648749037260174]]]}},{"type":"Feature","properties":{"jobs":58,"pop":195,"pointCount":8,"homeWorkCommuteMedian":19364,"workHomeCommuteMedian":340},"geometry":{"type":"Polygon","coordinates":[[[17.333978362271683,49.70270825908365],[17.333978362271683,49.711701462720896],[17.34297156590893,49.711701462720896],[17.34297156590893,49.70270825908365],[17.333978362271683,49.70270825908365]]]}},{"type":"Feature","properties":{"jobs":0,"pop":35,"pointCount":1,"homeWorkCommuteMedian":26493,"workHomeCommuteMedian":-1},"geometry":{"type":"Polygon","coordinates":[[[17.333978362271683,49.77465388818162],[17.333978362271683,49.783647091818864],[17.34297156590893,49.783647091818864],[17.34297156590893,49.77465388818162],[17.333978362271683,49.77465388818162]]]}},{"type":"Feature","properties":{"jobs":0,"pop":22,"pointCount":2,"homeWorkCommuteMedian":9931,"workHomeCommuteMedian":-1},"geometry":{"type":"Polygon","coordinates":[[[17.333978362271683,49.783647091818864],[17.333978362271683,49.79264029545611],[17.34297156590893,49.79264029545611],[17.34297156590893,49.783647091818864],[17.333978362271683,49.783647091818864]]]}},{"type":"Feature","properties":{"jobs":0,"pop":7,"pointCount":1,"homeWorkCommuteMedian":37710,"workHomeCommuteMedian":-1},"geometry":{"type":"Polygon","coordinates":[[[17.333978362271683,49.846599517279586],[17.333978362271683,49.85559272091683],[17.34297156590893,49.85559272091683],[17.34297156590893,49.846599517279586],[17.333978362271683,49.846599517279586]]]}},{"type":"Feature","properties":{"jobs":80,"pop":570,"pointCount":28,"homeWorkCommuteMedian":13167,"workHomeCommuteMedian":5198},"geometry":{"type":"Polygon","coordinates":[[[17.34297156590893,49.423918946329024],[17.34297156590893,49.43291214996627],[17.351964769546175,49.43291214996627],[17.351964769546175,49.423918946329024],[17.34297156590893,49.423918946329024]]]}},{"type":"Feature","properties":{"jobs":18,"pop":87,"pointCount":5,"homeWorkCommuteMedian":11212,"workHomeCommuteMedian":1074},"geometry":{"type":"Polygon","coordinates":[[[17.34297156590893,49.45989176087801],[17.34297156590893,49.468884964515254],[17.351964769546175,49.468884964515254],[17.351964769546175,49.45989176087801],[17.34297156590893,49.45989176087801]]]}},{"type":"Feature","properties":{"jobs":0,"pop":10,"pointCount":1,"homeWorkCommuteMedian":16565,"workHomeCommuteMedian":-1},"geometry":{"type":"Polygon","coordinates":[[[17.34297156590893,49.468884964515254],[17.34297156590893,49.4778781681525],[17.351964769546175,49.4778781681525],[17.351964769546175,49.468884964515254],[17.34297156590893,49.468884964515254]]]}},{"type":"Feature","properties":{"jobs":32,"pop":241,"pointCount":12,"homeWorkCommuteMedian":17188,"workHomeCommuteMedian":833},"geometry":{"type":"Polygon","coordinates":[[[17.34297156590893,49.4778781681525],[17.34297156590893,49.486871371789746],[17.351964769546175,49.486871371789746],[17.351964769546175,49.4778781681525],[17.34297156590893,49.4778781681525]]]}},{"type":"Feature","properties":{"jobs":0,"pop":89,"pointCount":4,"homeWorkCommuteMedian":12903,"workHomeCommuteMedian":-1},"geometry":{"type":"Polygon","coordinates":[[[17.34297156590893,49.513850982701484],[17.34297156590893,49.52284418633873],[17.351964769546175,49.52284418633873],[17.351964769546175,49.513850982701484],[17.34297156590893,49.513850982701484]]]}},{"type":"Feature","properties":{"jobs":0,"pop":152,"pointCount":5,"homeWorkCommuteMedian":9362,"workHomeCommuteMedian":-1},"geometry":{"type":"Polygon","coordinates":[[[17.34297156590893,49.54083059361322],[17.34297156590893,49.54982379725047],[17.351964769546175,49.54982379725047],[17.351964769546175,49.54083059361322],[17.34297156590893,49.54083059361322]]]}},{"type":"Feature","properties":{"jobs":0,"pop":46,"pointCount":1,"homeWorkCommuteMedian":10140,"workHomeCommuteMedian":-1},"geometry":{"type":"Polygon","coordinates":[[[17.34297156590893,49.54982379725047],[17.34297156590893,49.558817000887714],[17.351964769546175,49.558817000887714],[17.351964769546175,49.54982379725047],[17.34297156590893,49.54982379725047]]]}},{"type":"Feature","properties":{"jobs":716,"pop":263,"pointCount":16,"homeWorkCommuteMedian":8019,"workHomeCommuteMedian":17715},"geometry":{"type":"Polygon","coordinates":[[[17.34297156590893,49.58579661179945],[17.34297156590893,49.5947898154367],[17.351964769546175,49.5947898154367],[17.351964769546175,49.58579661179945],[17.34297156590893,49.58579661179945]]]}},{"type":"Feature","properties":{"jobs":47,"pop":350,"pointCount":16,"homeWorkCommuteMedian":7790,"workHomeCommuteMedian":330},"geometry":{"type":"Polygon","coordinates":[[[17.34297156590893,49.603783019073944],[17.34297156590893,49.61277622271119],[17.351964769546175,49.61277622271119],[17.351964769546175,49.603783019073944],[17.34297156590893,49.603783019073944]]]}},{"type":"Feature","properties":{"jobs":16,"pop":141,"pointCount":5,"homeWorkCommuteMedian":10692,"workHomeCommuteMedian":2623},"geometry":{"type":"Polygon","coordinates":[[[17.34297156590893,49.621769426348436],[17.34297156590893,49.63076262998568],[17.351964769546175,49.63076262998568],[17.351964769546175,49.621769426348436],[17.34297156590893,49.621769426348436]]]}},{"type":"Feature","properties":{"jobs":1099,"pop":23,"pointCount":4,"homeWorkCommuteMedian":16197,"workHomeCommuteMedian":11937},"geometry":{"type":"Polygon","coordinates":[[[17.34297156590893,49.63076262998568],[17.34297156590893,49.63975583362293],[17.351964769546175,49.63975583362293],[17.351964769546175,49.63076262998568],[17.34297156590893,49.63076262998568]]]}},{"type":"Feature","properties":{"jobs":0,"pop":66,"pointCount":2,"homeWorkCommuteMedian":10854,"workHomeCommuteMedian":-1},"geometry":{"type":"Polygon","coordinates":[[[17.34297156590893,49.648749037260174],[17.34297156590893,49.65774224089742],[17.351964769546175,49.65774224089742],[17.351964769546175,49.648749037260174],[17.34297156590893,49.648749037260174]]]}},{"type":"Feature","properties":{"jobs":17,"pop":0,"pointCount":1,"homeWorkCommuteMedian":-1,"workHomeCommuteMedian":4325},"geometry":{"type":"Polygon","coordinates":[[[17.34297156590893,49.666735444534666],[17.34297156590893,49.67572864817191],[17.351964769546175,49.67572864817191],[17.351964769546175,49.666735444534666],[17.34297156590893,49.666735444534666]]]}},{"type":"Feature","properties":{"jobs":16,"pop":51,"pointCount":2,"homeWorkCommuteMedian":8384,"workHomeCommuteMedian":158},"geometry":{"type":"Polygon","coordinates":[[[17.34297156590893,49.72968786999539],[17.34297156590893,49.738681073632634],[17.351964769546175,49.738681073632634],[17.351964769546175,49.72968786999539],[17.34297156590893,49.72968786999539]]]}},{"type":"Feature","properties":{"jobs":10,"pop":201,"pointCount":12,"homeWorkCommuteMedian":10719,"workHomeCommuteMedian":11416},"geometry":{"type":"Polygon","coordinates":[[[17.351964769546175,49.423918946329024],[17.351964769546175,49.43291214996627],[17.36095797318342,49.43291214996627],[17.36095797318342,49.423918946329024],[17.351964769546175,49.423918946329024]]]}},{"type":"Feature","properties":{"jobs":51,"pop":26,"pointCount":2,"homeWorkCommuteMedian":397,"workHomeCommuteMedian":864},"geometry":{"type":"Polygon","coordinates":[[[17.351964769546175,49.43291214996627],[17.351964769546175,49.44190535360352],[17.36095797318342,49.44190535360352],[17.36095797318342,49.43291214996627],[17.351964769546175,49.43291214996627]]]}},{"type":"Feature","properties":{"jobs":0,"pop":69,"pointCount":3,"homeWorkCommuteMedian":9605,"workHomeCommuteMedian":-1},"geometry":{"type":"Polygon","coordinates":[[[17.351964769546175,49.45989176087801],[17.351964769546175,49.468884964515254],[17.36095797318342,49.468884964515254],[17.36095797318342,49.45989176087801],[17.351964769546175,49.45989176087801]]]}},{"type":"Feature","properties":{"jobs":0,"pop":155,"pointCount":5,"homeWorkCommuteMedian":10653,"workHomeCommuteMedian":-1},"geometry":{"type":"Polygon","coordinates":[[[17.351964769546175,49.54982379725047],[17.351964769546175,49.558817000887714],[17.36095797318342,49.558817000887714],[17.36095797318342,49.54982379725047],[17.351964769546175,49.54982379725047]]]}},{"type":"Feature","properties":{"jobs":13,"pop":0,"pointCount":1,"homeWorkCommuteMedian":-1,"workHomeCommuteMedian":651},"geometry":{"type":"Polygon","coordinates":[[[17.351964769546175,49.558817000887714],[17.351964769546175,49.56781020452496],[17.36095797318342,49.56781020452496],[17.36095797318342,49.558817000887714],[17.351964769546175,49.558817000887714]]]}},{"type":"Feature","properties":{"jobs":691,"pop":442,"pointCount":21,"homeWorkCommuteMedian":8345,"workHomeCommuteMedian":15565},"geometry":{"type":"Polygon","coordinates":[[[17.351964769546175,49.58579661179945],[17.351964769546175,49.5947898154367],[17.36095797318342,49.5947898154367],[17.36095797318342,49.58579661179945],[17.351964769546175,49.58579661179945]]]}},{"type":"Feature","properties":{"jobs":20,"pop":37,"pointCount":2,"homeWorkCommuteMedian":10827,"workHomeCommuteMedian":28744},"geometry":{"type":"Polygon","coordinates":[[[17.351964769546175,49.5947898154367],[17.351964769546175,49.603783019073944],[17.36095797318342,49.603783019073944],[17.36095797318342,49.5947898154367],[17.351964769546175,49.5947898154367]]]}},{"type":"Feature","properties":{"jobs":0,"pop":16,"pointCount":1,"homeWorkCommuteMedian":2541,"workHomeCommuteMedian":-1},"geometry":{"type":"Polygon","coordinates":[[[17.351964769546175,49.61277622271119],[17.351964769546175,49.621769426348436],[17.36095797318342,49.621769426348436],[17.36095797318342,49.61277622271119],[17.351964769546175,49.61277622271119]]]}},{"type":"Feature","properties":{"jobs":0,"pop":29,"pointCount":1,"homeWorkCommuteMedian":24018,"workHomeCommuteMedian":-1},"geometry":{"type":"Polygon","coordinates":[[[17.351964769546175,49.621769426348436],[17.351964769546175,49.63076262998568],[17.36095797318342,49.63076262998568],[17.36095797318342,49.621769426348436],[17.351964769546175,49.621769426348436]]]}},{"type":"Feature","properties":{"jobs":0,"pop":11,"pointCount":1,"homeWorkCommuteMedian":10366,"workHomeCommuteMedian":-1},"geometry":{"type":"Polygon","coordinates":[[[17.351964769546175,49.63076262998568],[17.351964769546175,49.63975583362293],[17.36095797318342,49.63975583362293],[17.36095797318342,49.63076262998568],[17.351964769546175,49.63076262998568]]]}},{"type":"Feature","properties":{"jobs":24,"pop":50,"pointCount":3,"homeWorkCommuteMedian":12585,"workHomeCommuteMedian":4627},"geometry":{"type":"Polygon","coordinates":[[[17.351964769546175,49.648749037260174],[17.351964769546175,49.65774224089742],[17.36095797318342,49.65774224089742],[17.36095797318342,49.648749037260174],[17.351964769546175,49.648749037260174]]]}},{"type":"Feature","properties":{"jobs":27,"pop":76,"pointCount":4,"homeWorkCommuteMedian":13544,"workHomeCommuteMedian":3651},"geometry":{"type":"Polygon","coordinates":[[[17.351964769546175,49.65774224089742],[17.351964769546175,49.666735444534666],[17.36095797318342,49.666735444534666],[17.36095797318342,49.65774224089742],[17.351964769546175,49.65774224089742]]]}},{"type":"Feature","properties":{"jobs":2,"pop":0,"pointCount":1,"homeWorkCommuteMedian":-1,"workHomeCommuteMedian":622},"geometry":{"type":"Polygon","coordinates":[[[17.351964769546175,49.72968786999539],[17.351964769546175,49.738681073632634],[17.36095797318342,49.738681073632634],[17.36095797318342,49.72968786999539],[17.351964769546175,49.72968786999539]]]}},{"type":"Feature","properties":{"jobs":12,"pop":0,"pointCount":1,"homeWorkCommuteMedian":-1,"workHomeCommuteMedian":2214},"geometry":{"type":"Polygon","coordinates":[[[17.351964769546175,49.756667480907126],[17.351964769546175,49.76566068454437],[17.36095797318342,49.76566068454437],[17.36095797318342,49.756667480907126],[17.351964769546175,49.756667480907126]]]}},{"type":"Feature","properties":{"jobs":10,"pop":51,"pointCount":3,"homeWorkCommuteMedian":23513,"workHomeCommuteMedian":280},"geometry":{"type":"Polygon","coordinates":[[[17.351964769546175,49.83760631364234],[17.351964769546175,49.846599517279586],[17.36095797318342,49.846599517279586],[17.36095797318342,49.83760631364234],[17.351964769546175,49.83760631364234]]]}},{"type":"Feature","properties":{"jobs":29,"pop":80,"pointCount":4,"homeWorkCommuteMedian":8767,"workHomeCommuteMedian":3100},"geometry":{"type":"Polygon","coordinates":[[[17.36095797318342,49.468884964515254],[17.36095797318342,49.4778781681525],[17.369951176820667,49.4778781681525],[17.369951176820667,49.468884964515254],[17.36095797318342,49.468884964515254]]]}},{"type":"Feature","properties":{"jobs":2,"pop":15,"pointCount":1,"homeWorkCommuteMedian":9286,"workHomeCommuteMedian":232},"geometry":{"type":"Polygon","coordinates":[[[17.36095797318342,49.4778781681525],[17.36095797318342,49.486871371789746],[17.369951176820667,49.486871371789746],[17.369951176820667,49.4778781681525],[17.36095797318342,49.4778781681525]]]}},{"type":"Feature","properties":{"jobs":34,"pop":0,"pointCount":1,"homeWorkCommuteMedian":-1,"workHomeCommuteMedian":6477},"geometry":{"type":"Polygon","coordinates":[[[17.36095797318342,49.486871371789746],[17.36095797318342,49.49586457542699],[17.369951176820667,49.49586457542699],[17.369951176820667,49.486871371789746],[17.36095797318342,49.486871371789746]]]}},{"type":"Feature","properties":{"jobs":0,"pop":1,"pointCount":1,"homeWorkCommuteMedian":234,"workHomeCommuteMedian":-1},"geometry":{"type":"Polygon","coordinates":[[[17.36095797318342,49.50485777906424],[17.36095797318342,49.513850982701484],[17.369951176820667,49.513850982701484],[17.369951176820667,49.50485777906424],[17.36095797318342,49.50485777906424]]]}},{"type":"Feature","properties":{"jobs":0,"pop":23,"pointCount":1,"homeWorkCommuteMedian":9655,"workHomeCommuteMedian":-1},"geometry":{"type":"Polygon","coordinates":[[[17.36095797318342,49.54982379725047],[17.36095797318342,49.558817000887714],[17.369951176820667,49.558817000887714],[17.369951176820667,49.54982379725047],[17.36095797318342,49.54982379725047]]]}},{"type":"Feature","properties":{"jobs":272,"pop":299,"pointCount":13,"homeWorkCommuteMedian":9598,"workHomeCommuteMedian":17188},"geometry":{"type":"Polygon","coordinates":[[[17.36095797318342,49.58579661179945],[17.36095797318342,49.5947898154367],[17.369951176820667,49.5947898154367],[17.369951176820667,49.58579661179945],[17.36095797318342,49.58579661179945]]]}},{"type":"Feature","properties":{"jobs":71,"pop":794,"pointCount":27,"homeWorkCommuteMedian":9480,"workHomeCommuteMedian":26125},"geometry":{"type":"Polygon","coordinates":[[[17.36095797318342,49.5947898154367],[17.36095797318342,49.603783019073944],[17.369951176820667,49.603783019073944],[17.369951176820667,49.5947898154367],[17.36095797318342,49.5947898154367]]]}},{"type":"Feature","properties":{"jobs":20,"pop":342,"pointCount":11,"homeWorkCommuteMedian":12326,"workHomeCommuteMedian":70},"geometry":{"type":"Polygon","coordinates":[[[17.36095797318342,49.61277622271119],[17.36095797318342,49.621769426348436],[17.369951176820667,49.621769426348436],[17.369951176820667,49.61277622271119],[17.36095797318342,49.61277622271119]]]}},{"type":"Feature","properties":{"jobs":0,"pop":22,"pointCount":2,"homeWorkCommuteMedian":16688,"workHomeCommuteMedian":-1},"geometry":{"type":"Polygon","coordinates":[[[17.36095797318342,49.621769426348436],[17.36095797318342,49.63076262998568],[17.369951176820667,49.63076262998568],[17.369951176820667,49.621769426348436],[17.36095797318342,49.621769426348436]]]}},{"type":"Feature","properties":{"jobs":10,"pop":235,"pointCount":8,"homeWorkCommuteMedian":10554,"workHomeCommuteMedian":282},"geometry":{"type":"Polygon","coordinates":[[[17.36095797318342,49.63076262998568],[17.36095797318342,49.63975583362293],[17.369951176820667,49.63975583362293],[17.369951176820667,49.63076262998568],[17.36095797318342,49.63076262998568]]]}},{"type":"Feature","properties":{"jobs":5,"pop":0,"pointCount":1,"homeWorkCommuteMedian":-1,"workHomeCommuteMedian":11723},"geometry":{"type":"Polygon","coordinates":[[[17.36095797318342,49.63975583362293],[17.36095797318342,49.648749037260174],[17.369951176820667,49.648749037260174],[17.369951176820667,49.63975583362293],[17.36095797318342,49.63975583362293]]]}},{"type":"Feature","properties":{"jobs":13,"pop":209,"pointCount":10,"homeWorkCommuteMedian":9577,"workHomeCommuteMedian":4135},"geometry":{"type":"Polygon","coordinates":[[[17.369951176820667,49.45989176087801],[17.369951176820667,49.468884964515254],[17.378944380457913,49.468884964515254],[17.378944380457913,49.45989176087801],[17.369951176820667,49.45989176087801]]]}},{"type":"Feature","properties":{"jobs":49,"pop":142,"pointCount":11,"homeWorkCommuteMedian":15275,"workHomeCommuteMedian":4837},"geometry":{"type":"Polygon","coordinates":[[[17.369951176820667,49.486871371789746],[17.369951176820667,49.49586457542699],[17.378944380457913,49.49586457542699],[17.378944380457913,49.486871371789746],[17.369951176820667,49.486871371789746]]]}},{"type":"Feature","properties":{"jobs":85,"pop":395,"pointCount":13,"homeWorkCommuteMedian":11506,"workHomeCommuteMedian":5675},"geometry":{"type":"Polygon","coordinates":[[[17.369951176820667,49.49586457542699],[17.369951176820667,49.50485777906424],[17.378944380457913,49.50485777906424],[17.378944380457913,49.49586457542699],[17.369951176820667,49.49586457542699]]]}},{"type":"Feature","properties":{"jobs":1,"pop":68,"pointCount":4,"homeWorkCommuteMedian":16619,"workHomeCommuteMedian":234},"geometry":{"type":"Polygon","coordinates":[[[17.369951176820667,49.50485777906424],[17.369951176820667,49.513850982701484],[17.378944380457913,49.513850982701484],[17.378944380457913,49.50485777906424],[17.369951176820667,49.50485777906424]]]}},{"type":"Feature","properties":{"jobs":10,"pop":67,"pointCount":4,"homeWorkCommuteMedian":14558,"workHomeCommuteMedian":309},"geometry":{"type":"Polygon","coordinates":[[[17.369951176820667,49.531837389975976],[17.369951176820667,49.54083059361322],[17.378944380457913,49.54083059361322],[17.378944380457913,49.531837389975976],[17.369951176820667,49.531837389975976]]]}},{"type":"Feature","properties":{"jobs":1,"pop":117,"pointCount":5,"homeWorkCommuteMedian":11035,"workHomeCommuteMedian":442},"geometry":{"type":"Polygon","coordinates":[[[17.369951176820667,49.54083059361322],[17.369951176820667,49.54982379725047],[17.378944380457913,49.54982379725047],[17.378944380457913,49.54083059361322],[17.369951176820667,49.54083059361322]]]}},{"type":"Feature","properties":{"jobs":34,"pop":0,"pointCount":2,"homeWorkCommuteMedian":-1,"workHomeCommuteMedian":383},"geometry":{"type":"Polygon","coordinates":[[[17.369951176820667,49.56781020452496],[17.369951176820667,49.576803408162206],[17.378944380457913,49.576803408162206],[17.378944380457913,49.56781020452496],[17.369951176820667,49.56781020452496]]]}},{"type":"Feature","properties":{"jobs":166,"pop":281,"pointCount":10,"homeWorkCommuteMedian":10501,"workHomeCommuteMedian":18863},"geometry":{"type":"Polygon","coordinates":[[[17.369951176820667,49.5947898154367],[17.369951176820667,49.603783019073944],[17.378944380457913,49.603783019073944],[17.378944380457913,49.5947898154367],[17.369951176820667,49.5947898154367]]]}},{"type":"Feature","properties":{"jobs":0,"pop":44,"pointCount":3,"homeWorkCommuteMedian":17509,"workHomeCommuteMedian":-1},"geometry":{"type":"Polygon","coordinates":[[[17.369951176820667,49.666735444534666],[17.369951176820667,49.67572864817191],[17.378944380457913,49.67572864817191],[17.378944380457913,49.666735444534666],[17.369951176820667,49.666735444534666]]]}},{"type":"Feature","properties":{"jobs":12,"pop":210,"pointCount":6,"homeWorkCommuteMedian":12319,"workHomeCommuteMedian":246},"geometry":{"type":"Polygon","coordinates":[[[17.369951176820667,49.76566068454437],[17.369951176820667,49.77465388818162],[17.378944380457913,49.77465388818162],[17.378944380457913,49.76566068454437],[17.369951176820667,49.76566068454437]]]}},{"type":"Feature","properties":{"jobs":15,"pop":0,"pointCount":1,"homeWorkCommuteMedian":-1,"workHomeCommuteMedian":531},"geometry":{"type":"Polygon","coordinates":[[[17.378944380457913,49.43291214996627],[17.378944380457913,49.44190535360352],[17.38793758409516,49.44190535360352],[17.38793758409516,49.43291214996627],[17.378944380457913,49.43291214996627]]]}},{"type":"Feature","properties":{"jobs":58,"pop":229,"pointCount":10,"homeWorkCommuteMedian":8756,"workHomeCommuteMedian":6066},"geometry":{"type":"Polygon","coordinates":[[[17.378944380457913,49.45989176087801],[17.378944380457913,49.468884964515254],[17.38793758409516,49.468884964515254],[17.38793758409516,49.45989176087801],[17.378944380457913,49.45989176087801]]]}},{"type":"Feature","properties":{"jobs":144,"pop":0,"pointCount":2,"homeWorkCommuteMedian":-1,"workHomeCommuteMedian":9322},"geometry":{"type":"Polygon","coordinates":[[[17.378944380457913,49.486871371789746],[17.378944380457913,49.49586457542699],[17.38793758409516,49.49586457542699],[17.38793758409516,49.486871371789746],[17.378944380457913,49.486871371789746]]]}},{"type":"Feature","properties":{"jobs":0,"pop":10,"pointCount":1,"homeWorkCommuteMedian":288,"workHomeCommuteMedian":-1},"geometry":{"type":"Polygon","coordinates":[[[17.378944380457913,49.50485777906424],[17.378944380457913,49.513850982701484],[17.38793758409516,49.513850982701484],[17.38793758409516,49.50485777906424],[17.378944380457913,49.50485777906424]]]}},{"type":"Feature","properties":{"jobs":34,"pop":68,"pointCount":5,"homeWorkCommuteMedian":12224,"workHomeCommuteMedian":642},"geometry":{"type":"Polygon","coordinates":[[[17.378944380457913,49.52284418633873],[17.378944380457913,49.531837389975976],[17.38793758409516,49.531837389975976],[17.38793758409516,49.52284418633873],[17.378944380457913,49.52284418633873]]]}},{"type":"Feature","properties":{"jobs":17,"pop":127,"pointCount":6,"homeWorkCommuteMedian":11277,"workHomeCommuteMedian":101},"geometry":{"type":"Polygon","coordinates":[[[17.378944380457913,49.56781020452496],[17.378944380457913,49.576803408162206],[17.38793758409516,49.576803408162206],[17.38793758409516,49.56781020452496],[17.378944380457913,49.56781020452496]]]}},{"type":"Feature","properties":{"jobs":0,"pop":78,"pointCount":5,"homeWorkCommuteMedian":12182,"workHomeCommuteMedian":-1},"geometry":{"type":"Polygon","coordinates":[[[17.378944380457913,49.576803408162206],[17.378944380457913,49.58579661179945],[17.38793758409516,49.58579661179945],[17.38793758409516,49.576803408162206],[17.378944380457913,49.576803408162206]]]}},{"type":"Feature","properties":{"jobs":33,"pop":224,"pointCount":9,"homeWorkCommuteMedian":10153,"workHomeCommuteMedian":2128},"geometry":{"type":"Polygon","coordinates":[[[17.378944380457913,49.58579661179945],[17.378944380457913,49.5947898154367],[17.38793758409516,49.5947898154367],[17.38793758409516,49.58579661179945],[17.378944380457913,49.58579661179945]]]}},{"type":"Feature","properties":{"jobs":13,"pop":11,"pointCount":1,"homeWorkCommuteMedian":17229,"workHomeCommuteMedian":6785},"geometry":{"type":"Polygon","coordinates":[[[17.378944380457913,49.666735444534666],[17.378944380457913,49.67572864817191],[17.38793758409516,49.67572864817191],[17.38793758409516,49.666735444534666],[17.378944380457913,49.666735444534666]]]}},{"type":"Feature","properties":{"jobs":0,"pop":94,"pointCount":3,"homeWorkCommuteMedian":16108,"workHomeCommuteMedian":-1},"geometry":{"type":"Polygon","coordinates":[[[17.378944380457913,49.67572864817191],[17.378944380457913,49.68472185180916],[17.38793758409516,49.68472185180916],[17.38793758409516,49.67572864817191],[17.378944380457913,49.67572864817191]]]}},{"type":"Feature","properties":{"jobs":0,"pop":15,"pointCount":1,"homeWorkCommuteMedian":20476,"workHomeCommuteMedian":-1},"geometry":{"type":"Polygon","coordinates":[[[17.378944380457913,49.693715055446404],[17.378944380457913,49.70270825908365],[17.38793758409516,49.70270825908365],[17.38793758409516,49.693715055446404],[17.378944380457913,49.693715055446404]]]}},{"type":"Feature","properties":{"jobs":0,"pop":30,"pointCount":1,"homeWorkCommuteMedian":40442,"workHomeCommuteMedian":-1},"geometry":{"type":"Polygon","coordinates":[[[17.378944380457913,49.70270825908365],[17.378944380457913,49.711701462720896],[17.38793758409516,49.711701462720896],[17.38793758409516,49.70270825908365],[17.378944380457913,49.70270825908365]]]}},{"type":"Feature","properties":{"jobs":14,"pop":0,"pointCount":1,"homeWorkCommuteMedian":-1,"workHomeCommuteMedian":1025},"geometry":{"type":"Polygon","coordinates":[[[17.378944380457913,49.76566068454437],[17.378944380457913,49.77465388818162],[17.38793758409516,49.77465388818162],[17.38793758409516,49.76566068454437],[17.378944380457913,49.76566068454437]]]}},{"type":"Feature","properties":{"jobs":28,"pop":206,"pointCount":10,"homeWorkCommuteMedian":5919,"workHomeCommuteMedian":183},"geometry":{"type":"Polygon","coordinates":[[[17.38793758409516,49.43291214996627],[17.38793758409516,49.44190535360352],[17.396930787732405,49.44190535360352],[17.396930787732405,49.43291214996627],[17.38793758409516,49.43291214996627]]]}},{"type":"Feature","properties":{"jobs":206,"pop":227,"pointCount":10,"homeWorkCommuteMedian":17575,"workHomeCommuteMedian":5176},"geometry":{"type":"Polygon","coordinates":[[[17.38793758409516,49.45989176087801],[17.38793758409516,49.468884964515254],[17.396930787732405,49.468884964515254],[17.396930787732405,49.45989176087801],[17.38793758409516,49.45989176087801]]]}},{"type":"Feature","properties":{"jobs":0,"pop":111,"pointCount":6,"homeWorkCommuteMedian":13330,"workHomeCommuteMedian":-1},"geometry":{"type":"Polygon","coordinates":[[[17.38793758409516,49.486871371789746],[17.38793758409516,49.49586457542699],[17.396930787732405,49.49586457542699],[17.396930787732405,49.486871371789746],[17.38793758409516,49.486871371789746]]]}},{"type":"Feature","properties":{"jobs":10,"pop":81,"pointCount":4,"homeWorkCommuteMedian":12802,"workHomeCommuteMedian":288},"geometry":{"type":"Polygon","coordinates":[[[17.38793758409516,49.50485777906424],[17.38793758409516,49.513850982701484],[17.396930787732405,49.513850982701484],[17.396930787732405,49.50485777906424],[17.38793758409516,49.50485777906424]]]}},{"type":"Feature","properties":{"jobs":10,"pop":76,"pointCount":4,"homeWorkCommuteMedian":10778,"workHomeCommuteMedian":277},"geometry":{"type":"Polygon","coordinates":[[[17.38793758409516,49.54083059361322],[17.38793758409516,49.54982379725047],[17.396930787732405,49.54982379725047],[17.396930787732405,49.54083059361322],[17.38793758409516,49.54083059361322]]]}},{"type":"Feature","properties":{"jobs":0,"pop":259,"pointCount":4,"homeWorkCommuteMedian":10152,"workHomeCommuteMedian":-1},"geometry":{"type":"Polygon","coordinates":[[[17.38793758409516,49.576803408162206],[17.38793758409516,49.58579661179945],[17.396930787732405,49.58579661179945],[17.396930787732405,49.576803408162206],[17.38793758409516,49.576803408162206]]]}},{"type":"Feature","properties":{"jobs":23,"pop":216,"pointCount":9,"homeWorkCommuteMedian":8327,"workHomeCommuteMedian":3343},"geometry":{"type":"Polygon","coordinates":[[[17.38793758409516,49.58579661179945],[17.38793758409516,49.5947898154367],[17.396930787732405,49.5947898154367],[17.396930787732405,49.58579661179945],[17.38793758409516,49.58579661179945]]]}},{"type":"Feature","properties":{"jobs":0,"pop":34,"pointCount":1,"homeWorkCommuteMedian":8278,"workHomeCommuteMedian":-1},"geometry":{"type":"Polygon","coordinates":[[[17.38793758409516,49.5947898154367],[17.38793758409516,49.603783019073944],[17.396930787732405,49.603783019073944],[17.396930787732405,49.5947898154367],[17.38793758409516,49.5947898154367]]]}},{"type":"Feature","properties":{"jobs":92,"pop":29,"pointCount":3,"homeWorkCommuteMedian":2467,"workHomeCommuteMedian":6923},"geometry":{"type":"Polygon","coordinates":[[[17.38793758409516,49.603783019073944],[17.38793758409516,49.61277622271119],[17.396930787732405,49.61277622271119],[17.396930787732405,49.603783019073944],[17.38793758409516,49.603783019073944]]]}},{"type":"Feature","properties":{"jobs":610,"pop":321,"pointCount":6,"homeWorkCommuteMedian":12737,"workHomeCommuteMedian":15403},"geometry":{"type":"Polygon","coordinates":[[[17.38793758409516,49.61277622271119],[17.38793758409516,49.621769426348436],[17.396930787732405,49.621769426348436],[17.396930787732405,49.61277622271119],[17.38793758409516,49.61277622271119]]]}},{"type":"Feature","properties":{"jobs":14,"pop":46,"pointCount":3,"homeWorkCommuteMedian":15573,"workHomeCommuteMedian":133},"geometry":{"type":"Polygon","coordinates":[[[17.38793758409516,49.63076262998568],[17.38793758409516,49.63975583362293],[17.396930787732405,49.63975583362293],[17.396930787732405,49.63076262998568],[17.38793758409516,49.63076262998568]]]}},{"type":"Feature","properties":{"jobs":46,"pop":225,"pointCount":9,"homeWorkCommuteMedian":18250,"workHomeCommuteMedian":274},"geometry":{"type":"Polygon","coordinates":[[[17.38793758409516,49.70270825908365],[17.38793758409516,49.711701462720896],[17.396930787732405,49.711701462720896],[17.396930787732405,49.70270825908365],[17.38793758409516,49.70270825908365]]]}},{"type":"Feature","properties":{"jobs":67,"pop":0,"pointCount":2,"homeWorkCommuteMedian":-1,"workHomeCommuteMedian":3190},"geometry":{"type":"Polygon","coordinates":[[[17.396930787732405,49.41492574269178],[17.396930787732405,49.423918946329024],[17.40592399136965,49.423918946329024],[17.40592399136965,49.41492574269178],[17.396930787732405,49.41492574269178]]]}},{"type":"Feature","properties":{"jobs":0,"pop":17,"pointCount":1,"homeWorkCommuteMedian":7532,"workHomeCommuteMedian":-1},"geometry":{"type":"Polygon","coordinates":[[[17.396930787732405,49.423918946329024],[17.396930787732405,49.43291214996627],[17.40592399136965,49.43291214996627],[17.40592399136965,49.423918946329024],[17.396930787732405,49.423918946329024]]]}},{"type":"Feature","properties":{"jobs":0,"pop":19,"pointCount":1,"homeWorkCommuteMedian":22753,"workHomeCommuteMedian":-1},"geometry":{"type":"Polygon","coordinates":[[[17.396930787732405,49.43291214996627],[17.396930787732405,49.44190535360352],[17.40592399136965,49.44190535360352],[17.40592399136965,49.43291214996627],[17.396930787732405,49.43291214996627]]]}},{"type":"Feature","properties":{"jobs":0,"pop":38,"pointCount":2,"homeWorkCommuteMedian":5654,"workHomeCommuteMedian":-1},"geometry":{"type":"Polygon","coordinates":[[[17.396930787732405,49.45989176087801],[17.396930787732405,49.468884964515254],[17.40592399136965,49.468884964515254],[17.40592399136965,49.45989176087801],[17.396930787732405,49.45989176087801]]]}},{"type":"Feature","properties":{"jobs":10,"pop":0,"pointCount":1,"homeWorkCommuteMedian":-1,"workHomeCommuteMedian":541},"geometry":{"type":"Polygon","coordinates":[[[17.396930787732405,49.468884964515254],[17.396930787732405,49.4778781681525],[17.40592399136965,49.4778781681525],[17.40592399136965,49.468884964515254],[17.396930787732405,49.468884964515254]]]}},{"type":"Feature","properties":{"jobs":0,"pop":21,"pointCount":1,"homeWorkCommuteMedian":8894,"workHomeCommuteMedian":-1},"geometry":{"type":"Polygon","coordinates":[[[17.396930787732405,49.4778781681525],[17.396930787732405,49.486871371789746],[17.40592399136965,49.486871371789746],[17.40592399136965,49.4778781681525],[17.396930787732405,49.4778781681525]]]}},{"type":"Feature","properties":{"jobs":11,"pop":161,"pointCount":7,"homeWorkCommuteMedian":9256,"workHomeCommuteMedian":253},"geometry":{"type":"Polygon","coordinates":[[[17.396930787732405,49.486871371789746],[17.396930787732405,49.49586457542699],[17.40592399136965,49.49586457542699],[17.40592399136965,49.486871371789746],[17.396930787732405,49.486871371789746]]]}},{"type":"Feature","properties":{"jobs":10,"pop":59,"pointCount":2,"homeWorkCommuteMedian":13590,"workHomeCommuteMedian":148},"geometry":{"type":"Polygon","coordinates":[[[17.396930787732405,49.52284418633873],[17.396930787732405,49.531837389975976],[17.40592399136965,49.531837389975976],[17.40592399136965,49.52284418633873],[17.396930787732405,49.52284418633873]]]}},{"type":"Feature","properties":{"jobs":17,"pop":208,"pointCount":8,"homeWorkCommuteMedian":11931,"workHomeCommuteMedian":734},"geometry":{"type":"Polygon","coordinates":[[[17.396930787732405,49.5947898154367],[17.396930787732405,49.603783019073944],[17.40592399136965,49.603783019073944],[17.40592399136965,49.5947898154367],[17.396930787732405,49.5947898154367]]]}},{"type":"Feature","properties":{"jobs":0,"pop":100,"pointCount":3,"homeWorkCommuteMedian":11937,"workHomeCommuteMedian":-1},"geometry":{"type":"Polygon","coordinates":[[[17.396930787732405,49.603783019073944],[17.396930787732405,49.61277622271119],[17.40592399136965,49.61277622271119],[17.40592399136965,49.603783019073944],[17.396930787732405,49.603783019073944]]]}},{"type":"Feature","properties":{"jobs":1619,"pop":213,"pointCount":5,"homeWorkCommuteMedian":13041,"workHomeCommuteMedian":14736},"geometry":{"type":"Polygon","coordinates":[[[17.396930787732405,49.61277622271119],[17.396930787732405,49.621769426348436],[17.40592399136965,49.621769426348436],[17.40592399136965,49.61277622271119],[17.396930787732405,49.61277622271119]]]}},{"type":"Feature","properties":{"jobs":51,"pop":609,"pointCount":12,"homeWorkCommuteMedian":11428,"workHomeCommuteMedian":1718},"geometry":{"type":"Polygon","coordinates":[[[17.396930787732405,49.621769426348436],[17.396930787732405,49.63076262998568],[17.40592399136965,49.63076262998568],[17.40592399136965,49.621769426348436],[17.396930787732405,49.621769426348436]]]}},{"type":"Feature","properties":{"jobs":2,"pop":57,"pointCount":2,"homeWorkCommuteMedian":13256,"workHomeCommuteMedian":1310},"geometry":{"type":"Polygon","coordinates":[[[17.396930787732405,49.63076262998568],[17.396930787732405,49.63975583362293],[17.40592399136965,49.63975583362293],[17.40592399136965,49.63076262998568],[17.396930787732405,49.63076262998568]]]}},{"type":"Feature","properties":{"jobs":0,"pop":53,"pointCount":2,"homeWorkCommuteMedian":17495,"workHomeCommuteMedian":-1},"geometry":{"type":"Polygon","coordinates":[[[17.396930787732405,49.70270825908365],[17.396930787732405,49.711701462720896],[17.40592399136965,49.711701462720896],[17.40592399136965,49.70270825908365],[17.396930787732405,49.70270825908365]]]}},{"type":"Feature","properties":{"jobs":8,"pop":59,"pointCount":3,"homeWorkCommuteMedian":19911,"workHomeCommuteMedian":96},"geometry":{"type":"Polygon","coordinates":[[[17.396930787732405,49.738681073632634],[17.396930787732405,49.74767427726988],[17.40592399136965,49.74767427726988],[17.40592399136965,49.738681073632634],[17.396930787732405,49.738681073632634]]]}},{"type":"Feature","properties":{"jobs":13,"pop":0,"pointCount":1,"homeWorkCommuteMedian":-1,"workHomeCommuteMedian":1042},"geometry":{"type":"Polygon","coordinates":[[[17.40592399136965,49.38794613178004],[17.40592399136965,49.39693933541729],[17.414917195006897,49.39693933541729],[17.414917195006897,49.38794613178004],[17.40592399136965,49.38794613178004]]]}},{"type":"Feature","properties":{"jobs":10,"pop":8,"pointCount":1,"homeWorkCommuteMedian":1055,"workHomeCommuteMedian":7040},"geometry":{"type":"Polygon","coordinates":[[[17.40592399136965,49.41492574269178],[17.40592399136965,49.423918946329024],[17.414917195006897,49.423918946329024],[17.414917195006897,49.41492574269178],[17.40592399136965,49.41492574269178]]]}},{"type":"Feature","properties":{"jobs":33,"pop":0,"pointCount":2,"homeWorkCommuteMedian":-1,"workHomeCommuteMedian":5542},"geometry":{"type":"Polygon","coordinates":[[[17.40592399136965,49.44190535360352],[17.40592399136965,49.45089855724076],[17.414917195006897,49.45089855724076],[17.414917195006897,49.44190535360352],[17.40592399136965,49.44190535360352]]]}},{"type":"Feature","properties":{"jobs":16,"pop":102,"pointCount":6,"homeWorkCommuteMedian":4622,"workHomeCommuteMedian":1870},"geometry":{"type":"Polygon","coordinates":[[[17.40592399136965,49.45089855724076],[17.40592399136965,49.45989176087801],[17.414917195006897,49.45989176087801],[17.414917195006897,49.45089855724076],[17.40592399136965,49.45089855724076]]]}},{"type":"Feature","properties":{"jobs":0,"pop":14,"pointCount":1,"homeWorkCommuteMedian":8426,"workHomeCommuteMedian":-1},"geometry":{"type":"Polygon","coordinates":[[[17.40592399136965,49.486871371789746],[17.40592399136965,49.49586457542699],[17.414917195006897,49.49586457542699],[17.414917195006897,49.486871371789746],[17.40592399136965,49.486871371789746]]]}},{"type":"Feature","properties":{"jobs":8,"pop":39,"pointCount":3,"homeWorkCommuteMedian":19896,"workHomeCommuteMedian":204},"geometry":{"type":"Polygon","coordinates":[[[17.40592399136965,49.49586457542699],[17.40592399136965,49.50485777906424],[17.414917195006897,49.50485777906424],[17.414917195006897,49.49586457542699],[17.40592399136965,49.49586457542699]]]}},{"type":"Feature","properties":{"jobs":12,"pop":441,"pointCount":17,"homeWorkCommuteMedian":15654,"workHomeCommuteMedian":3714},"geometry":{"type":"Polygon","coordinates":[[[17.40592399136965,49.558817000887714],[17.40592399136965,49.56781020452496],[17.414917195006897,49.56781020452496],[17.414917195006897,49.558817000887714],[17.40592399136965,49.558817000887714]]]}},{"type":"Feature","properties":{"jobs":59,"pop":76,"pointCount":4,"homeWorkCommuteMedian":13956,"workHomeCommuteMedian":1120},"geometry":{"type":"Polygon","coordinates":[[[17.40592399136965,49.56781020452496],[17.40592399136965,49.576803408162206],[17.414917195006897,49.576803408162206],[17.414917195006897,49.56781020452496],[17.40592399136965,49.56781020452496]]]}},{"type":"Feature","properties":{"jobs":170,"pop":26,"pointCount":3,"homeWorkCommuteMedian":7912,"workHomeCommuteMedian":5853},"geometry":{"type":"Polygon","coordinates":[[[17.40592399136965,49.576803408162206],[17.40592399136965,49.58579661179945],[17.414917195006897,49.58579661179945],[17.414917195006897,49.576803408162206],[17.40592399136965,49.576803408162206]]]}},{"type":"Feature","properties":{"jobs":0,"pop":23,"pointCount":1,"homeWorkCommuteMedian":33334,"workHomeCommuteMedian":-1},"geometry":{"type":"Polygon","coordinates":[[[17.40592399136965,49.621769426348436],[17.40592399136965,49.63076262998568],[17.414917195006897,49.63076262998568],[17.414917195006897,49.621769426348436],[17.40592399136965,49.621769426348436]]]}},{"type":"Feature","properties":{"jobs":0,"pop":785,"pointCount":24,"homeWorkCommuteMedian":14368,"workHomeCommuteMedian":-1},"geometry":{"type":"Polygon","coordinates":[[[17.40592399136965,49.63975583362293],[17.40592399136965,49.648749037260174],[17.414917195006897,49.648749037260174],[17.414917195006897,49.63975583362293],[17.40592399136965,49.63975583362293]]]}},{"type":"Feature","properties":{"jobs":34,"pop":0,"pointCount":2,"homeWorkCommuteMedian":-1,"workHomeCommuteMedian":3481},"geometry":{"type":"Polygon","coordinates":[[[17.40592399136965,49.648749037260174],[17.40592399136965,49.65774224089742],[17.414917195006897,49.65774224089742],[17.414917195006897,49.648749037260174],[17.40592399136965,49.648749037260174]]]}},{"type":"Feature","properties":{"jobs":25,"pop":10,"pointCount":2,"homeWorkCommuteMedian":17714,"workHomeCommuteMedian":4381},"geometry":{"type":"Polygon","coordinates":[[[17.40592399136965,49.65774224089742],[17.40592399136965,49.666735444534666],[17.414917195006897,49.666735444534666],[17.414917195006897,49.65774224089742],[17.40592399136965,49.65774224089742]]]}},{"type":"Feature","properties":{"jobs":21,"pop":233,"pointCount":11,"homeWorkCommuteMedian":10335,"workHomeCommuteMedian":288},"geometry":{"type":"Polygon","coordinates":[[[17.414917195006897,49.38794613178004],[17.414917195006897,49.39693933541729],[17.423910398644143,49.39693933541729],[17.423910398644143,49.38794613178004],[17.414917195006897,49.38794613178004]]]}},{"type":"Feature","properties":{"jobs":29,"pop":95,"pointCount":4,"homeWorkCommuteMedian":8430,"workHomeCommuteMedian":497},"geometry":{"type":"Polygon","coordinates":[[[17.414917195006897,49.39693933541729],[17.414917195006897,49.40593253905453],[17.423910398644143,49.40593253905453],[17.423910398644143,49.39693933541729],[17.414917195006897,49.39693933541729]]]}},{"type":"Feature","properties":{"jobs":0,"pop":18,"pointCount":1,"homeWorkCommuteMedian":497,"workHomeCommuteMedian":-1},"geometry":{"type":"Polygon","coordinates":[[[17.414917195006897,49.40593253905453],[17.414917195006897,49.41492574269178],[17.423910398644143,49.41492574269178],[17.423910398644143,49.40593253905453],[17.414917195006897,49.40593253905453]]]}},{"type":"Feature","properties":{"jobs":0,"pop":81,"pointCount":3,"homeWorkCommuteMedian":15316,"workHomeCommuteMedian":-1},"geometry":{"type":"Polygon","coordinates":[[[17.414917195006897,49.41492574269178],[17.414917195006897,49.423918946329024],[17.423910398644143,49.423918946329024],[17.423910398644143,49.41492574269178],[17.414917195006897,49.41492574269178]]]}},{"type":"Feature","properties":{"jobs":0,"pop":56,"pointCount":2,"homeWorkCommuteMedian":7766,"workHomeCommuteMedian":-1},"geometry":{"type":"Polygon","coordinates":[[[17.414917195006897,49.423918946329024],[17.414917195006897,49.43291214996627],[17.423910398644143,49.43291214996627],[17.423910398644143,49.423918946329024],[17.414917195006897,49.423918946329024]]]}},{"type":"Feature","properties":{"jobs":31,"pop":62,"pointCount":3,"homeWorkCommuteMedian":3580,"workHomeCommuteMedian":813},"geometry":{"type":"Polygon","coordinates":[[[17.414917195006897,49.45089855724076],[17.414917195006897,49.45989176087801],[17.423910398644143,49.45989176087801],[17.423910398644143,49.45089855724076],[17.414917195006897,49.45089855724076]]]}},{"type":"Feature","properties":{"jobs":0,"pop":23,"pointCount":1,"homeWorkCommuteMedian":1000,"workHomeCommuteMedian":-1},"geometry":{"type":"Polygon","coordinates":[[[17.414917195006897,49.486871371789746],[17.414917195006897,49.49586457542699],[17.423910398644143,49.49586457542699],[17.423910398644143,49.486871371789746],[17.414917195006897,49.486871371789746]]]}},{"type":"Feature","properties":{"jobs":0,"pop":56,"pointCount":2,"homeWorkCommuteMedian":20015,"workHomeCommuteMedian":-1},"geometry":{"type":"Polygon","coordinates":[[[17.414917195006897,49.49586457542699],[17.414917195006897,49.50485777906424],[17.423910398644143,49.50485777906424],[17.423910398644143,49.49586457542699],[17.414917195006897,49.49586457542699]]]}},{"type":"Feature","properties":{"jobs":11,"pop":134,"pointCount":7,"homeWorkCommuteMedian":9040,"workHomeCommuteMedian":465},"geometry":{"type":"Polygon","coordinates":[[[17.414917195006897,49.513850982701484],[17.414917195006897,49.52284418633873],[17.423910398644143,49.52284418633873],[17.423910398644143,49.513850982701484],[17.414917195006897,49.513850982701484]]]}},{"type":"Feature","properties":{"jobs":58,"pop":0,"pointCount":1,"homeWorkCommuteMedian":-1,"workHomeCommuteMedian":12080},"geometry":{"type":"Polygon","coordinates":[[[17.414917195006897,49.531837389975976],[17.414917195006897,49.54083059361322],[17.423910398644143,49.54083059361322],[17.423910398644143,49.531837389975976],[17.414917195006897,49.531837389975976]]]}},{"type":"Feature","properties":{"jobs":31,"pop":32,"pointCount":3,"homeWorkCommuteMedian":15738,"workHomeCommuteMedian":1149},"geometry":{"type":"Polygon","coordinates":[[[17.414917195006897,49.54083059361322],[17.414917195006897,49.54982379725047],[17.423910398644143,49.54982379725047],[17.423910398644143,49.54083059361322],[17.414917195006897,49.54083059361322]]]}},{"type":"Feature","properties":{"jobs":0,"pop":41,"pointCount":2,"homeWorkCommuteMedian":20217,"workHomeCommuteMedian":-1},"geometry":{"type":"Polygon","coordinates":[[[17.414917195006897,49.558817000887714],[17.414917195006897,49.56781020452496],[17.423910398644143,49.56781020452496],[17.423910398644143,49.558817000887714],[17.414917195006897,49.558817000887714]]]}},{"type":"Feature","properties":{"jobs":13,"pop":176,"pointCount":7,"homeWorkCommuteMedian":15014,"workHomeCommuteMedian":850},"geometry":{"type":"Polygon","coordinates":[[[17.414917195006897,49.56781020452496],[17.414917195006897,49.576803408162206],[17.423910398644143,49.576803408162206],[17.423910398644143,49.56781020452496],[17.414917195006897,49.56781020452496]]]}},{"type":"Feature","properties":{"jobs":840,"pop":0,"pointCount":2,"homeWorkCommuteMedian":-1,"workHomeCommuteMedian":15975},"geometry":{"type":"Polygon","coordinates":[[[17.414917195006897,49.58579661179945],[17.414917195006897,49.5947898154367],[17.423910398644143,49.5947898154367],[17.423910398644143,49.58579661179945],[17.414917195006897,49.58579661179945]]]}},{"type":"Feature","properties":{"jobs":0,"pop":70,"pointCount":2,"homeWorkCommuteMedian":17189,"workHomeCommuteMedian":-1},"geometry":{"type":"Polygon","coordinates":[[[17.414917195006897,49.666735444534666],[17.414917195006897,49.67572864817191],[17.423910398644143,49.67572864817191],[17.423910398644143,49.666735444534666],[17.414917195006897,49.666735444534666]]]}},{"type":"Feature","properties":{"jobs":0,"pop":25,"pointCount":2,"homeWorkCommuteMedian":35545,"workHomeCommuteMedian":-1},"geometry":{"type":"Polygon","coordinates":[[[17.423910398644143,49.38794613178004],[17.423910398644143,49.39693933541729],[17.43290360228139,49.39693933541729],[17.43290360228139,49.38794613178004],[17.423910398644143,49.38794613178004]]]}},{"type":"Feature","properties":{"jobs":0,"pop":40,"pointCount":3,"homeWorkCommuteMedian":10524,"workHomeCommuteMedian":-1},"geometry":{"type":"Polygon","coordinates":[[[17.423910398644143,49.39693933541729],[17.423910398644143,49.40593253905453],[17.43290360228139,49.40593253905453],[17.43290360228139,49.39693933541729],[17.423910398644143,49.39693933541729]]]}},{"type":"Feature","properties":{"jobs":91,"pop":243,"pointCount":13,"homeWorkCommuteMedian":7930,"workHomeCommuteMedian":6234},"geometry":{"type":"Polygon","coordinates":[[[17.423910398644143,49.41492574269178],[17.423910398644143,49.423918946329024],[17.43290360228139,49.423918946329024],[17.43290360228139,49.41492574269178],[17.423910398644143,49.41492574269178]]]}},{"type":"Feature","properties":{"jobs":0,"pop":152,"pointCount":4,"homeWorkCommuteMedian":7908,"workHomeCommuteMedian":-1},"geometry":{"type":"Polygon","coordinates":[[[17.423910398644143,49.423918946329024],[17.423910398644143,49.43291214996627],[17.43290360228139,49.43291214996627],[17.43290360228139,49.423918946329024],[17.423910398644143,49.423918946329024]]]}},{"type":"Feature","properties":{"jobs":654,"pop":0,"pointCount":2,"homeWorkCommuteMedian":-1,"workHomeCommuteMedian":19179},"geometry":{"type":"Polygon","coordinates":[[[17.423910398644143,49.43291214996627],[17.423910398644143,49.44190535360352],[17.43290360228139,49.44190535360352],[17.43290360228139,49.43291214996627],[17.423910398644143,49.43291214996627]]]}},{"type":"Feature","properties":{"jobs":1164,"pop":0,"pointCount":3,"homeWorkCommuteMedian":-1,"workHomeCommuteMedian":12270},"geometry":{"type":"Polygon","coordinates":[[[17.423910398644143,49.44190535360352],[17.423910398644143,49.45089855724076],[17.43290360228139,49.45089855724076],[17.43290360228139,49.44190535360352],[17.423910398644143,49.44190535360352]]]}},{"type":"Feature","properties":{"jobs":0,"pop":6,"pointCount":1,"homeWorkCommuteMedian":1327,"workHomeCommuteMedian":-1},"geometry":{"type":"Polygon","coordinates":[[[17.423910398644143,49.45989176087801],[17.423910398644143,49.468884964515254],[17.43290360228139,49.468884964515254],[17.43290360228139,49.45989176087801],[17.423910398644143,49.45989176087801]]]}},{"type":"Feature","properties":{"jobs":6,"pop":0,"pointCount":1,"homeWorkCommuteMedian":-1,"workHomeCommuteMedian":1327},"geometry":{"type":"Polygon","coordinates":[[[17.423910398644143,49.468884964515254],[17.423910398644143,49.4778781681525],[17.43290360228139,49.4778781681525],[17.43290360228139,49.468884964515254],[17.423910398644143,49.468884964515254]]]}},{"type":"Feature","properties":{"jobs":38,"pop":244,"pointCount":10,"homeWorkCommuteMedian":6167,"workHomeCommuteMedian":1000},"geometry":{"type":"Polygon","coordinates":[[[17.423910398644143,49.486871371789746],[17.423910398644143,49.49586457542699],[17.43290360228139,49.49586457542699],[17.43290360228139,49.486871371789746],[17.423910398644143,49.486871371789746]]]}},{"type":"Feature","properties":{"jobs":0,"pop":21,"pointCount":1,"homeWorkCommuteMedian":5238,"workHomeCommuteMedian":-1},"geometry":{"type":"Polygon","coordinates":[[[17.423910398644143,49.49586457542699],[17.423910398644143,49.50485777906424],[17.43290360228139,49.50485777906424],[17.43290360228139,49.49586457542699],[17.423910398644143,49.49586457542699]]]}},{"type":"Feature","properties":{"jobs":6,"pop":92,"pointCount":3,"homeWorkCommuteMedian":12322,"workHomeCommuteMedian":441},"geometry":{"type":"Polygon","coordinates":[[[17.423910398644143,49.50485777906424],[17.423910398644143,49.513850982701484],[17.43290360228139,49.513850982701484],[17.43290360228139,49.50485777906424],[17.423910398644143,49.50485777906424]]]}},{"type":"Feature","properties":{"jobs":123,"pop":147,"pointCount":7,"homeWorkCommuteMedian":18701,"workHomeCommuteMedian":9619},"geometry":{"type":"Polygon","coordinates":[[[17.423910398644143,49.531837389975976],[17.423910398644143,49.54083059361322],[17.43290360228139,49.54083059361322],[17.43290360228139,49.531837389975976],[17.423910398644143,49.531837389975976]]]}},{"type":"Feature","properties":{"jobs":178,"pop":426,"pointCount":16,"homeWorkCommuteMedian":17860,"workHomeCommuteMedian":9631},"geometry":{"type":"Polygon","coordinates":[[[17.423910398644143,49.54083059361322],[17.423910398644143,49.54982379725047],[17.43290360228139,49.54982379725047],[17.43290360228139,49.54083059361322],[17.423910398644143,49.54083059361322]]]}},{"type":"Feature","properties":{"jobs":94,"pop":36,"pointCount":3,"homeWorkCommuteMedian":32934,"workHomeCommuteMedian":1512},"geometry":{"type":"Polygon","coordinates":[[[17.423910398644143,49.783647091818864],[17.423910398644143,49.79264029545611],[17.43290360228139,49.79264029545611],[17.43290360228139,49.783647091818864],[17.423910398644143,49.783647091818864]]]}},{"type":"Feature","properties":{"jobs":698,"pop":0,"pointCount":2,"homeWorkCommuteMedian":-1,"workHomeCommuteMedian":21065},"geometry":{"type":"Polygon","coordinates":[[[17.43290360228139,49.43291214996627],[17.43290360228139,49.44190535360352],[17.441896805918635,49.44190535360352],[17.441896805918635,49.43291214996627],[17.43290360228139,49.43291214996627]]]}},{"type":"Feature","properties":{"jobs":1686,"pop":91,"pointCount":9,"homeWorkCommuteMedian":1612,"workHomeCommuteMedian":19785},"geometry":{"type":"Polygon","coordinates":[[[17.43290360228139,49.44190535360352],[17.43290360228139,49.45089855724076],[17.441896805918635,49.45089855724076],[17.441896805918635,49.44190535360352],[17.43290360228139,49.44190535360352]]]}},{"type":"Feature","properties":{"jobs":1924,"pop":737,"pointCount":7,"homeWorkCommuteMedian":3130,"workHomeCommuteMedian":7072},"geometry":{"type":"Polygon","coordinates":[[[17.43290360228139,49.45089855724076],[17.43290360228139,49.45989176087801],[17.441896805918635,49.45989176087801],[17.441896805918635,49.45089855724076],[17.43290360228139,49.45089855724076]]]}},{"type":"Feature","properties":{"jobs":432,"pop":1765,"pointCount":13,"homeWorkCommuteMedian":4504,"workHomeCommuteMedian":3598},"geometry":{"type":"Polygon","coordinates":[[[17.43290360228139,49.45989176087801],[17.43290360228139,49.468884964515254],[17.441896805918635,49.468884964515254],[17.441896805918635,49.45989176087801],[17.43290360228139,49.45989176087801]]]}},{"type":"Feature","properties":{"jobs":8,"pop":0,"pointCount":1,"homeWorkCommuteMedian":-1,"workHomeCommuteMedian":1095},"geometry":{"type":"Polygon","coordinates":[[[17.43290360228139,49.468884964515254],[17.43290360228139,49.4778781681525],[17.441896805918635,49.4778781681525],[17.441896805918635,49.468884964515254],[17.43290360228139,49.468884964515254]]]}},{"type":"Feature","properties":{"jobs":0,"pop":16,"pointCount":1,"homeWorkCommuteMedian":9606,"workHomeCommuteMedian":-1},"geometry":{"type":"Polygon","coordinates":[[[17.43290360228139,49.50485777906424],[17.43290360228139,49.513850982701484],[17.441896805918635,49.513850982701484],[17.441896805918635,49.50485777906424],[17.43290360228139,49.50485777906424]]]}},{"type":"Feature","properties":{"jobs":0,"pop":69,"pointCount":2,"homeWorkCommuteMedian":20423,"workHomeCommuteMedian":-1},"geometry":{"type":"Polygon","coordinates":[[[17.43290360228139,49.56781020452496],[17.43290360228139,49.576803408162206],[17.441896805918635,49.576803408162206],[17.441896805918635,49.56781020452496],[17.43290360228139,49.56781020452496]]]}},{"type":"Feature","properties":{"jobs":14,"pop":144,"pointCount":4,"homeWorkCommuteMedian":20145,"workHomeCommuteMedian":713},"geometry":{"type":"Polygon","coordinates":[[[17.43290360228139,49.576803408162206],[17.43290360228139,49.58579661179945],[17.441896805918635,49.58579661179945],[17.441896805918635,49.576803408162206],[17.43290360228139,49.576803408162206]]]}},{"type":"Feature","properties":{"jobs":41,"pop":20,"pointCount":2,"homeWorkCommuteMedian":41132,"workHomeCommuteMedian":5623},"geometry":{"type":"Polygon","coordinates":[[[17.43290360228139,49.666735444534666],[17.43290360228139,49.67572864817191],[17.441896805918635,49.67572864817191],[17.441896805918635,49.666735444534666],[17.43290360228139,49.666735444534666]]]}},{"type":"Feature","properties":{"jobs":0,"pop":42,"pointCount":1,"homeWorkCommuteMedian":34434,"workHomeCommuteMedian":-1},"geometry":{"type":"Polygon","coordinates":[[[17.43290360228139,49.77465388818162],[17.43290360228139,49.783647091818864],[17.441896805918635,49.783647091818864],[17.441896805918635,49.77465388818162],[17.43290360228139,49.77465388818162]]]}},{"type":"Feature","properties":{"jobs":27,"pop":188,"pointCount":9,"homeWorkCommuteMedian":33818,"workHomeCommuteMedian":16588},"geometry":{"type":"Polygon","coordinates":[[[17.43290360228139,49.783647091818864],[17.43290360228139,49.79264029545611],[17.441896805918635,49.79264029545611],[17.441896805918635,49.783647091818864],[17.43290360228139,49.783647091818864]]]}},{"type":"Feature","properties":{"jobs":41,"pop":123,"pointCount":5,"homeWorkCommuteMedian":17749,"workHomeCommuteMedian":8596},"geometry":{"type":"Polygon","coordinates":[[[17.43290360228139,49.79264029545611],[17.43290360228139,49.801633499093356],[17.441896805918635,49.801633499093356],[17.441896805918635,49.79264029545611],[17.43290360228139,49.79264029545611]]]}},{"type":"Feature","properties":{"jobs":40,"pop":107,"pointCount":7,"homeWorkCommuteMedian":9893,"workHomeCommuteMedian":170},"geometry":{"type":"Polygon","coordinates":[[[17.441896805918635,49.378952928142795],[17.441896805918635,49.38794613178004],[17.45089000955588,49.38794613178004],[17.45089000955588,49.378952928142795],[17.441896805918635,49.378952928142795]]]}},{"type":"Feature","properties":{"jobs":10,"pop":0,"pointCount":1,"homeWorkCommuteMedian":-1,"workHomeCommuteMedian":5716},"geometry":{"type":"Polygon","coordinates":[[[17.441896805918635,49.41492574269178],[17.441896805918635,49.423918946329024],[17.45089000955588,49.423918946329024],[17.45089000955588,49.41492574269178],[17.441896805918635,49.41492574269178]]]}},{"type":"Feature","properties":{"jobs":10,"pop":252,"pointCount":8,"homeWorkCommuteMedian":4546,"workHomeCommuteMedian":5088},"geometry":{"type":"Polygon","coordinates":[[[17.441896805918635,49.423918946329024],[17.441896805918635,49.43291214996627],[17.45089000955588,49.43291214996627],[17.45089000955588,49.423918946329024],[17.441896805918635,49.423918946329024]]]}},{"type":"Feature","properties":{"jobs":120,"pop":0,"pointCount":1,"homeWorkCommuteMedian":-1,"workHomeCommuteMedian":2857},"geometry":{"type":"Polygon","coordinates":[[[17.441896805918635,49.43291214996627],[17.441896805918635,49.44190535360352],[17.45089000955588,49.44190535360352],[17.45089000955588,49.43291214996627],[17.441896805918635,49.43291214996627]]]}},{"type":"Feature","properties":{"jobs":3163,"pop":307,"pointCount":11,"homeWorkCommuteMedian":1556,"workHomeCommuteMedian":9076},"geometry":{"type":"Polygon","coordinates":[[[17.441896805918635,49.44190535360352],[17.441896805918635,49.45089855724076],[17.45089000955588,49.45089855724076],[17.45089000955588,49.44190535360352],[17.441896805918635,49.44190535360352]]]}},{"type":"Feature","properties":{"jobs":2773,"pop":2641,"pointCount":17,"homeWorkCommuteMedian":2796,"workHomeCommuteMedian":4581},"geometry":{"type":"Polygon","coordinates":[[[17.441896805918635,49.45089855724076],[17.441896805918635,49.45989176087801],[17.45089000955588,49.45989176087801],[17.45089000955588,49.45089855724076],[17.441896805918635,49.45089855724076]]]}},{"type":"Feature","properties":{"jobs":1205,"pop":1307,"pointCount":12,"homeWorkCommuteMedian":3731,"workHomeCommuteMedian":4481},"geometry":{"type":"Polygon","coordinates":[[[17.441896805918635,49.45989176087801],[17.441896805918635,49.468884964515254],[17.45089000955588,49.468884964515254],[17.45089000955588,49.45989176087801],[17.441896805918635,49.45989176087801]]]}},{"type":"Feature","properties":{"jobs":114,"pop":128,"pointCount":8,"homeWorkCommuteMedian":6739,"workHomeCommuteMedian":4586},"geometry":{"type":"Polygon","coordinates":[[[17.441896805918635,49.468884964515254],[17.441896805918635,49.4778781681525],[17.45089000955588,49.4778781681525],[17.45089000955588,49.468884964515254],[17.441896805918635,49.468884964515254]]]}},{"type":"Feature","properties":{"jobs":19,"pop":268,"pointCount":12,"homeWorkCommuteMedian":6969,"workHomeCommuteMedian":515},"geometry":{"type":"Polygon","coordinates":[[[17.441896805918635,49.4778781681525],[17.441896805918635,49.486871371789746],[17.45089000955588,49.486871371789746],[17.45089000955588,49.4778781681525],[17.441896805918635,49.4778781681525]]]}},{"type":"Feature","properties":{"jobs":0,"pop":104,"pointCount":4,"homeWorkCommuteMedian":7126,"workHomeCommuteMedian":-1},"geometry":{"type":"Polygon","coordinates":[[[17.441896805918635,49.486871371789746],[17.441896805918635,49.49586457542699],[17.45089000955588,49.49586457542699],[17.45089000955588,49.486871371789746],[17.441896805918635,49.486871371789746]]]}},{"type":"Feature","properties":{"jobs":0,"pop":35,"pointCount":2,"homeWorkCommuteMedian":11178,"workHomeCommuteMedian":-1},"geometry":{"type":"Polygon","coordinates":[[[17.441896805918635,49.49586457542699],[17.441896805918635,49.50485777906424],[17.45089000955588,49.50485777906424],[17.45089000955588,49.49586457542699],[17.441896805918635,49.49586457542699]]]}},{"type":"Feature","properties":{"jobs":15,"pop":0,"pointCount":1,"homeWorkCommuteMedian":-1,"workHomeCommuteMedian":750},"geometry":{"type":"Polygon","coordinates":[[[17.441896805918635,49.50485777906424],[17.441896805918635,49.513850982701484],[17.45089000955588,49.513850982701484],[17.45089000955588,49.50485777906424],[17.441896805918635,49.50485777906424]]]}},{"type":"Feature","properties":{"jobs":0,"pop":41,"pointCount":3,"homeWorkCommuteMedian":22945,"workHomeCommuteMedian":-1},"geometry":{"type":"Polygon","coordinates":[[[17.441896805918635,49.54083059361322],[17.441896805918635,49.54982379725047],[17.45089000955588,49.54982379725047],[17.45089000955588,49.54083059361322],[17.441896805918635,49.54083059361322]]]}},{"type":"Feature","properties":{"jobs":30,"pop":111,"pointCount":4,"homeWorkCommuteMedian":17222,"workHomeCommuteMedian":2954},"geometry":{"type":"Polygon","coordinates":[[[17.441896805918635,49.576803408162206],[17.441896805918635,49.58579661179945],[17.45089000955588,49.58579661179945],[17.45089000955588,49.576803408162206],[17.441896805918635,49.576803408162206]]]}},{"type":"Feature","properties":{"jobs":0,"pop":26,"pointCount":1,"homeWorkCommuteMedian":20521,"workHomeCommuteMedian":-1},"geometry":{"type":"Polygon","coordinates":[[[17.441896805918635,49.666735444534666],[17.441896805918635,49.67572864817191],[17.45089000955588,49.67572864817191],[17.45089000955588,49.666735444534666],[17.441896805918635,49.666735444534666]]]}},{"type":"Feature","properties":{"jobs":0,"pop":16,"pointCount":1,"homeWorkCommuteMedian":9859,"workHomeCommuteMedian":-1},"geometry":{"type":"Polygon","coordinates":[[[17.441896805918635,49.67572864817191],[17.441896805918635,49.68472185180916],[17.45089000955588,49.68472185180916],[17.45089000955588,49.67572864817191],[17.441896805918635,49.67572864817191]]]}},{"type":"Feature","properties":{"jobs":41,"pop":200,"pointCount":8,"homeWorkCommuteMedian":24754,"workHomeCommuteMedian":526},"geometry":{"type":"Polygon","coordinates":[[[17.441896805918635,49.738681073632634],[17.441896805918635,49.74767427726988],[17.45089000955588,49.74767427726988],[17.45089000955588,49.738681073632634],[17.441896805918635,49.738681073632634]]]}},{"type":"Feature","properties":{"jobs":78,"pop":337,"pointCount":8,"homeWorkCommuteMedian":30988,"workHomeCommuteMedian":1161},"geometry":{"type":"Polygon","coordinates":[[[17.441896805918635,49.783647091818864],[17.441896805918635,49.79264029545611],[17.45089000955588,49.79264029545611],[17.45089000955588,49.783647091818864],[17.441896805918635,49.783647091818864]]]}},{"type":"Feature","properties":{"jobs":322,"pop":474,"pointCount":20,"homeWorkCommuteMedian":33733,"workHomeCommuteMedian":956},"geometry":{"type":"Polygon","coordinates":[[[17.441896805918635,49.79264029545611],[17.441896805918635,49.801633499093356],[17.45089000955588,49.801633499093356],[17.45089000955588,49.79264029545611],[17.441896805918635,49.79264029545611]]]}},{"type":"Feature","properties":{"jobs":0,"pop":102,"pointCount":3,"homeWorkCommuteMedian":13944,"workHomeCommuteMedian":-1},"geometry":{"type":"Polygon","coordinates":[[[17.45089000955588,49.378952928142795],[17.45089000955588,49.38794613178004],[17.459883213193127,49.38794613178004],[17.459883213193127,49.378952928142795],[17.45089000955588,49.378952928142795]]]}},{"type":"Feature","properties":{"jobs":43,"pop":171,"pointCount":9,"homeWorkCommuteMedian":4686,"workHomeCommuteMedian":9678},"geometry":{"type":"Polygon","coordinates":[[[17.45089000955588,49.40593253905453],[17.45089000955588,49.41492574269178],[17.459883213193127,49.41492574269178],[17.459883213193127,49.40593253905453],[17.45089000955588,49.40593253905453]]]}},{"type":"Feature","properties":{"jobs":16,"pop":185,"pointCount":8,"homeWorkCommuteMedian":5827,"workHomeCommuteMedian":28420},"geometry":{"type":"Polygon","coordinates":[[[17.45089000955588,49.41492574269178],[17.45089000955588,49.423918946329024],[17.459883213193127,49.423918946329024],[17.459883213193127,49.41492574269178],[17.45089000955588,49.41492574269178]]]}},{"type":"Feature","properties":{"jobs":392,"pop":2,"pointCount":3,"homeWorkCommuteMedian":3093,"workHomeCommuteMedian":4488},"geometry":{"type":"Polygon","coordinates":[[[17.45089000955588,49.423918946329024],[17.45089000955588,49.43291214996627],[17.459883213193127,49.43291214996627],[17.459883213193127,49.423918946329024],[17.45089000955588,49.423918946329024]]]}},{"type":"Feature","properties":{"jobs":422,"pop":36,"pointCount":6,"homeWorkCommuteMedian":1477,"workHomeCommuteMedian":3045},"geometry":{"type":"Polygon","coordinates":[[[17.45089000955588,49.43291214996627],[17.45089000955588,49.44190535360352],[17.459883213193127,49.44190535360352],[17.459883213193127,49.43291214996627],[17.45089000955588,49.43291214996627]]]}},{"type":"Feature","properties":{"jobs":2879,"pop":2778,"pointCount":17,"homeWorkCommuteMedian":2872,"workHomeCommuteMedian":9782},"geometry":{"type":"Polygon","coordinates":[[[17.45089000955588,49.44190535360352],[17.45089000955588,49.45089855724076],[17.459883213193127,49.45089855724076],[17.459883213193127,49.44190535360352],[17.45089000955588,49.44190535360352]]]}},{"type":"Feature","properties":{"jobs":1464,"pop":2197,"pointCount":10,"homeWorkCommuteMedian":3241,"workHomeCommuteMedian":2822},"geometry":{"type":"Polygon","coordinates":[[[17.45089000955588,49.45089855724076],[17.45089000955588,49.45989176087801],[17.459883213193127,49.45989176087801],[17.459883213193127,49.45089855724076],[17.45089000955588,49.45089855724076]]]}},{"type":"Feature","properties":{"jobs":679,"pop":395,"pointCount":6,"homeWorkCommuteMedian":2410,"workHomeCommuteMedian":3233},"geometry":{"type":"Polygon","coordinates":[[[17.45089000955588,49.45989176087801],[17.45089000955588,49.468884964515254],[17.459883213193127,49.468884964515254],[17.459883213193127,49.45989176087801],[17.45089000955588,49.45989176087801]]]}},{"type":"Feature","properties":{"jobs":0,"pop":37,"pointCount":2,"homeWorkCommuteMedian":3011,"workHomeCommuteMedian":-1},"geometry":{"type":"Polygon","coordinates":[[[17.45089000955588,49.468884964515254],[17.45089000955588,49.4778781681525],[17.459883213193127,49.4778781681525],[17.459883213193127,49.468884964515254],[17.45089000955588,49.468884964515254]]]}},{"type":"Feature","properties":{"jobs":38,"pop":85,"pointCount":6,"homeWorkCommuteMedian":4844,"workHomeCommuteMedian":315},"geometry":{"type":"Polygon","coordinates":[[[17.45089000955588,49.4778781681525],[17.45089000955588,49.486871371789746],[17.459883213193127,49.486871371789746],[17.459883213193127,49.4778781681525],[17.45089000955588,49.4778781681525]]]}},{"type":"Feature","properties":{"jobs":0,"pop":79,"pointCount":1,"homeWorkCommuteMedian":8541,"workHomeCommuteMedian":-1},"geometry":{"type":"Polygon","coordinates":[[[17.45089000955588,49.49586457542699],[17.45089000955588,49.50485777906424],[17.459883213193127,49.50485777906424],[17.459883213193127,49.49586457542699],[17.45089000955588,49.49586457542699]]]}},{"type":"Feature","properties":{"jobs":0,"pop":32,"pointCount":2,"homeWorkCommuteMedian":8428,"workHomeCommuteMedian":-1},"geometry":{"type":"Polygon","coordinates":[[[17.45089000955588,49.52284418633873],[17.45089000955588,49.531837389975976],[17.459883213193127,49.531837389975976],[17.459883213193127,49.52284418633873],[17.45089000955588,49.52284418633873]]]}},{"type":"Feature","properties":{"jobs":0,"pop":27,"pointCount":2,"homeWorkCommuteMedian":23634,"workHomeCommuteMedian":-1},"geometry":{"type":"Polygon","coordinates":[[[17.45089000955588,49.54083059361322],[17.45089000955588,49.54982379725047],[17.459883213193127,49.54982379725047],[17.459883213193127,49.54083059361322],[17.45089000955588,49.54083059361322]]]}},{"type":"Feature","properties":{"jobs":0,"pop":108,"pointCount":3,"homeWorkCommuteMedian":22100,"workHomeCommuteMedian":-1},"geometry":{"type":"Polygon","coordinates":[[[17.45089000955588,49.576803408162206],[17.45089000955588,49.58579661179945],[17.459883213193127,49.58579661179945],[17.459883213193127,49.576803408162206],[17.45089000955588,49.576803408162206]]]}},{"type":"Feature","properties":{"jobs":0,"pop":33,"pointCount":1,"homeWorkCommuteMedian":18472,"workHomeCommuteMedian":-1},"geometry":{"type":"Polygon","coordinates":[[[17.45089000955588,49.79264029545611],[17.45089000955588,49.801633499093356],[17.459883213193127,49.801633499093356],[17.459883213193127,49.79264029545611],[17.45089000955588,49.79264029545611]]]}},{"type":"Feature","properties":{"jobs":280,"pop":256,"pointCount":13,"homeWorkCommuteMedian":7040,"workHomeCommuteMedian":5832},"geometry":{"type":"Polygon","coordinates":[[[17.459883213193127,49.40593253905453],[17.459883213193127,49.41492574269178],[17.468876416830373,49.41492574269178],[17.468876416830373,49.40593253905453],[17.459883213193127,49.40593253905453]]]}},{"type":"Feature","properties":{"jobs":36,"pop":268,"pointCount":9,"homeWorkCommuteMedian":5340,"workHomeCommuteMedian":5568},"geometry":{"type":"Polygon","coordinates":[[[17.459883213193127,49.41492574269178],[17.459883213193127,49.423918946329024],[17.468876416830373,49.423918946329024],[17.468876416830373,49.41492574269178],[17.459883213193127,49.41492574269178]]]}},{"type":"Feature","properties":{"jobs":0,"pop":16,"pointCount":1,"homeWorkCommuteMedian":3751,"workHomeCommuteMedian":-1},"geometry":{"type":"Polygon","coordinates":[[[17.459883213193127,49.423918946329024],[17.459883213193127,49.43291214996627],[17.468876416830373,49.43291214996627],[17.468876416830373,49.423918946329024],[17.459883213193127,49.423918946329024]]]}},{"type":"Feature","properties":{"jobs":170,"pop":49,"pointCount":5,"homeWorkCommuteMedian":4532,"workHomeCommuteMedian":2854},"geometry":{"type":"Polygon","coordinates":[[[17.459883213193127,49.43291214996627],[17.459883213193127,49.44190535360352],[17.468876416830373,49.44190535360352],[17.468876416830373,49.43291214996627],[17.459883213193127,49.43291214996627]]]}},{"type":"Feature","properties":{"jobs":450,"pop":849,"pointCount":8,"homeWorkCommuteMedian":3233,"workHomeCommuteMedian":2760},"geometry":{"type":"Polygon","coordinates":[[[17.459883213193127,49.44190535360352],[17.459883213193127,49.45089855724076],[17.468876416830373,49.45089855724076],[17.468876416830373,49.44190535360352],[17.459883213193127,49.44190535360352]]]}},{"type":"Feature","properties":{"jobs":472,"pop":3372,"pointCount":17,"homeWorkCommuteMedian":3782,"workHomeCommuteMedian":2796},"geometry":{"type":"Polygon","coordinates":[[[17.459883213193127,49.45089855724076],[17.459883213193127,49.45989176087801],[17.468876416830373,49.45989176087801],[17.468876416830373,49.45089855724076],[17.459883213193127,49.45089855724076]]]}},{"type":"Feature","properties":{"jobs":38,"pop":0,"pointCount":2,"homeWorkCommuteMedian":-1,"workHomeCommuteMedian":3204},"geometry":{"type":"Polygon","coordinates":[[[17.459883213193127,49.45989176087801],[17.459883213193127,49.468884964515254],[17.468876416830373,49.468884964515254],[17.468876416830373,49.45989176087801],[17.459883213193127,49.45989176087801]]]}},{"type":"Feature","properties":{"jobs":0,"pop":41,"pointCount":1,"homeWorkCommuteMedian":9344,"workHomeCommuteMedian":-1},"geometry":{"type":"Polygon","coordinates":[[[17.459883213193127,49.49586457542699],[17.459883213193127,49.50485777906424],[17.468876416830373,49.50485777906424],[17.468876416830373,49.49586457542699],[17.459883213193127,49.49586457542699]]]}},{"type":"Feature","properties":{"jobs":0,"pop":20,"pointCount":1,"homeWorkCommuteMedian":27239,"workHomeCommuteMedian":-1},"geometry":{"type":"Polygon","coordinates":[[[17.459883213193127,49.50485777906424],[17.459883213193127,49.513850982701484],[17.468876416830373,49.513850982701484],[17.468876416830373,49.50485777906424],[17.459883213193127,49.50485777906424]]]}},{"type":"Feature","properties":{"jobs":0,"pop":49,"pointCount":1,"homeWorkCommuteMedian":11919,"workHomeCommuteMedian":-1},"geometry":{"type":"Polygon","coordinates":[[[17.459883213193127,49.513850982701484],[17.459883213193127,49.52284418633873],[17.468876416830373,49.52284418633873],[17.468876416830373,49.513850982701484],[17.459883213193127,49.513850982701484]]]}},{"type":"Feature","properties":{"jobs":28,"pop":214,"pointCount":10,"homeWorkCommuteMedian":14996,"workHomeCommuteMedian":390},"geometry":{"type":"Polygon","coordinates":[[[17.459883213193127,49.52284418633873],[17.459883213193127,49.531837389975976],[17.468876416830373,49.531837389975976],[17.468876416830373,49.52284418633873],[17.459883213193127,49.52284418633873]]]}},{"type":"Feature","properties":{"jobs":5,"pop":137,"pointCount":3,"homeWorkCommuteMedian":14733,"workHomeCommuteMedian":584},"geometry":{"type":"Polygon","coordinates":[[[17.459883213193127,49.54083059361322],[17.459883213193127,49.54982379725047],[17.468876416830373,49.54982379725047],[17.468876416830373,49.54083059361322],[17.459883213193127,49.54083059361322]]]}},{"type":"Feature","properties":{"jobs":163,"pop":0,"pointCount":1,"homeWorkCommuteMedian":-1,"workHomeCommuteMedian":40676},"geometry":{"type":"Polygon","coordinates":[[[17.459883213193127,49.828613110005094],[17.459883213193127,49.83760631364234],[17.468876416830373,49.83760631364234],[17.468876416830373,49.828613110005094],[17.459883213193127,49.828613110005094]]]}},{"type":"Feature","properties":{"jobs":0,"pop":22,"pointCount":1,"homeWorkCommuteMedian":33827,"workHomeCommuteMedian":-1},"geometry":{"type":"Polygon","coordinates":[[[17.468876416830373,49.38794613178004],[17.468876416830373,49.39693933541729],[17.47786962046762,49.39693933541729],[17.47786962046762,49.38794613178004],[17.468876416830373,49.38794613178004]]]}},{"type":"Feature","properties":{"jobs":31,"pop":266,"pointCount":9,"homeWorkCommuteMedian":5937,"workHomeCommuteMedian":283},"geometry":{"type":"Polygon","coordinates":[[[17.468876416830373,49.423918946329024],[17.468876416830373,49.43291214996627],[17.47786962046762,49.43291214996627],[17.47786962046762,49.423918946329024],[17.468876416830373,49.423918946329024]]]}},{"type":"Feature","properties":{"jobs":12,"pop":80,"pointCount":4,"homeWorkCommuteMedian":3322,"workHomeCommuteMedian":452},"geometry":{"type":"Polygon","coordinates":[[[17.468876416830373,49.43291214996627],[17.468876416830373,49.44190535360352],[17.47786962046762,49.44190535360352],[17.47786962046762,49.43291214996627],[17.468876416830373,49.43291214996627]]]}},{"type":"Feature","properties":{"jobs":198,"pop":171,"pointCount":4,"homeWorkCommuteMedian":8125,"workHomeCommuteMedian":2227},"geometry":{"type":"Polygon","coordinates":[[[17.468876416830373,49.44190535360352],[17.468876416830373,49.45089855724076],[17.47786962046762,49.45089855724076],[17.47786962046762,49.44190535360352],[17.468876416830373,49.44190535360352]]]}},{"type":"Feature","properties":{"jobs":3806,"pop":1668,"pointCount":10,"homeWorkCommuteMedian":3839,"workHomeCommuteMedian":7532},"geometry":{"type":"Polygon","coordinates":[[[17.468876416830373,49.45089855724076],[17.468876416830373,49.45989176087801],[17.47786962046762,49.45989176087801],[17.47786962046762,49.45089855724076],[17.468876416830373,49.45089855724076]]]}},{"type":"Feature","properties":{"jobs":22,"pop":69,"pointCount":5,"homeWorkCommuteMedian":8366,"workHomeCommuteMedian":138},"geometry":{"type":"Polygon","coordinates":[[[17.468876416830373,49.49586457542699],[17.468876416830373,49.50485777906424],[17.47786962046762,49.50485777906424],[17.47786962046762,49.49586457542699],[17.468876416830373,49.49586457542699]]]}},{"type":"Feature","properties":{"jobs":21,"pop":126,"pointCount":6,"homeWorkCommuteMedian":10893,"workHomeCommuteMedian":695},"geometry":{"type":"Polygon","coordinates":[[[17.468876416830373,49.50485777906424],[17.468876416830373,49.513850982701484],[17.47786962046762,49.513850982701484],[17.47786962046762,49.50485777906424],[17.468876416830373,49.50485777906424]]]}},{"type":"Feature","properties":{"jobs":0,"pop":14,"pointCount":1,"homeWorkCommuteMedian":25650,"workHomeCommuteMedian":-1},"geometry":{"type":"Polygon","coordinates":[[[17.468876416830373,49.52284418633873],[17.468876416830373,49.531837389975976],[17.47786962046762,49.531837389975976],[17.47786962046762,49.52284418633873],[17.468876416830373,49.52284418633873]]]}},{"type":"Feature","properties":{"jobs":0,"pop":9,"pointCount":1,"homeWorkCommuteMedian":749,"workHomeCommuteMedian":-1},"geometry":{"type":"Polygon","coordinates":[[[17.468876416830373,49.54083059361322],[17.468876416830373,49.54982379725047],[17.47786962046762,49.54982379725047],[17.47786962046762,49.54083059361322],[17.468876416830373,49.54083059361322]]]}},{"type":"Feature","properties":{"jobs":28,"pop":152,"pointCount":7,"homeWorkCommuteMedian":20269,"workHomeCommuteMedian":742},"geometry":{"type":"Polygon","coordinates":[[[17.468876416830373,49.54982379725047],[17.468876416830373,49.558817000887714],[17.47786962046762,49.558817000887714],[17.47786962046762,49.54982379725047],[17.468876416830373,49.54982379725047]]]}},{"type":"Feature","properties":{"jobs":0,"pop":69,"pointCount":1,"homeWorkCommuteMedian":10014,"workHomeCommuteMedian":-1},"geometry":{"type":"Polygon","coordinates":[[[17.468876416830373,49.576803408162206],[17.468876416830373,49.58579661179945],[17.47786962046762,49.58579661179945],[17.47786962046762,49.576803408162206],[17.468876416830373,49.576803408162206]]]}},{"type":"Feature","properties":{"jobs":5,"pop":13,"pointCount":2,"homeWorkCommuteMedian":38428,"workHomeCommuteMedian":346},"geometry":{"type":"Polygon","coordinates":[[[17.468876416830373,49.801633499093356],[17.468876416830373,49.8106267027306],[17.47786962046762,49.8106267027306],[17.47786962046762,49.801633499093356],[17.468876416830373,49.801633499093356]]]}},{"type":"Feature","properties":{"jobs":0,"pop":10,"pointCount":1,"homeWorkCommuteMedian":39214,"workHomeCommuteMedian":-1},"geometry":{"type":"Polygon","coordinates":[[[17.468876416830373,49.83760631364234],[17.468876416830373,49.846599517279586],[17.47786962046762,49.846599517279586],[17.47786962046762,49.83760631364234],[17.468876416830373,49.83760631364234]]]}},{"type":"Feature","properties":{"jobs":0,"pop":91,"pointCount":3,"homeWorkCommuteMedian":30656,"workHomeCommuteMedian":-1},"geometry":{"type":"Polygon","coordinates":[[[17.47786962046762,49.36995972450555],[17.47786962046762,49.378952928142795],[17.486862824104865,49.378952928142795],[17.486862824104865,49.36995972450555],[17.47786962046762,49.36995972450555]]]}},{"type":"Feature","properties":{"jobs":0,"pop":32,"pointCount":1,"homeWorkCommuteMedian":30166,"workHomeCommuteMedian":-1},"geometry":{"type":"Polygon","coordinates":[[[17.47786962046762,49.378952928142795],[17.47786962046762,49.38794613178004],[17.486862824104865,49.38794613178004],[17.486862824104865,49.378952928142795],[17.47786962046762,49.378952928142795]]]}},{"type":"Feature","properties":{"jobs":22,"pop":101,"pointCount":7,"homeWorkCommuteMedian":9337,"workHomeCommuteMedian":375},"geometry":{"type":"Polygon","coordinates":[[[17.47786962046762,49.38794613178004],[17.47786962046762,49.39693933541729],[17.486862824104865,49.39693933541729],[17.486862824104865,49.38794613178004],[17.47786962046762,49.38794613178004]]]}},{"type":"Feature","properties":{"jobs":17,"pop":104,"pointCount":5,"homeWorkCommuteMedian":8328,"workHomeCommuteMedian":119},"geometry":{"type":"Polygon","coordinates":[[[17.47786962046762,49.39693933541729],[17.47786962046762,49.40593253905453],[17.486862824104865,49.40593253905453],[17.486862824104865,49.39693933541729],[17.47786962046762,49.39693933541729]]]}},{"type":"Feature","properties":{"jobs":0,"pop":131,"pointCount":2,"homeWorkCommuteMedian":4869,"workHomeCommuteMedian":-1},"geometry":{"type":"Polygon","coordinates":[[[17.47786962046762,49.45989176087801],[17.47786962046762,49.468884964515254],[17.486862824104865,49.468884964515254],[17.486862824104865,49.45989176087801],[17.47786962046762,49.45989176087801]]]}},{"type":"Feature","properties":{"jobs":0,"pop":10,"pointCount":1,"homeWorkCommuteMedian":24389,"workHomeCommuteMedian":-1},"geometry":{"type":"Polygon","coordinates":[[[17.47786962046762,49.4778781681525],[17.47786962046762,49.486871371789746],[17.486862824104865,49.486871371789746],[17.486862824104865,49.4778781681525],[17.47786962046762,49.4778781681525]]]}},{"type":"Feature","properties":{"jobs":19,"pop":289,"pointCount":12,"homeWorkCommuteMedian":7246,"workHomeCommuteMedian":925},"geometry":{"type":"Polygon","coordinates":[[[17.47786962046762,49.486871371789746],[17.47786962046762,49.49586457542699],[17.486862824104865,49.49586457542699],[17.486862824104865,49.486871371789746],[17.47786962046762,49.486871371789746]]]}},{"type":"Feature","properties":{"jobs":13,"pop":29,"pointCount":3,"homeWorkCommuteMedian":1526,"workHomeCommuteMedian":50},"geometry":{"type":"Polygon","coordinates":[[[17.47786962046762,49.49586457542699],[17.47786962046762,49.50485777906424],[17.486862824104865,49.50485777906424],[17.486862824104865,49.49586457542699],[17.47786962046762,49.49586457542699]]]}},{"type":"Feature","properties":{"jobs":15,"pop":66,"pointCount":4,"homeWorkCommuteMedian":9521,"workHomeCommuteMedian":375},"geometry":{"type":"Polygon","coordinates":[[[17.47786962046762,49.50485777906424],[17.47786962046762,49.513850982701484],[17.486862824104865,49.513850982701484],[17.486862824104865,49.50485777906424],[17.47786962046762,49.50485777906424]]]}},{"type":"Feature","properties":{"jobs":0,"pop":11,"pointCount":1,"homeWorkCommuteMedian":30163,"workHomeCommuteMedian":-1},"geometry":{"type":"Polygon","coordinates":[[[17.47786962046762,49.52284418633873],[17.47786962046762,49.531837389975976],[17.486862824104865,49.531837389975976],[17.486862824104865,49.52284418633873],[17.47786962046762,49.52284418633873]]]}},{"type":"Feature","properties":{"jobs":9,"pop":0,"pointCount":1,"homeWorkCommuteMedian":-1,"workHomeCommuteMedian":749},"geometry":{"type":"Polygon","coordinates":[[[17.47786962046762,49.54083059361322],[17.47786962046762,49.54982379725047],[17.486862824104865,49.54982379725047],[17.486862824104865,49.54083059361322],[17.47786962046762,49.54083059361322]]]}},{"type":"Feature","properties":{"jobs":0,"pop":277,"pointCount":10,"homeWorkCommuteMedian":21713,"workHomeCommuteMedian":-1},"geometry":{"type":"Polygon","coordinates":[[[17.47786962046762,49.56781020452496],[17.47786962046762,49.576803408162206],[17.486862824104865,49.576803408162206],[17.486862824104865,49.56781020452496],[17.47786962046762,49.56781020452496]]]}},{"type":"Feature","properties":{"jobs":125,"pop":312,"pointCount":18,"homeWorkCommuteMedian":21006,"workHomeCommuteMedian":676},"geometry":{"type":"Polygon","coordinates":[[[17.47786962046762,49.576803408162206],[17.47786962046762,49.58579661179945],[17.486862824104865,49.58579661179945],[17.486862824104865,49.576803408162206],[17.47786962046762,49.576803408162206]]]}},{"type":"Feature","properties":{"jobs":0,"pop":13,"pointCount":1,"homeWorkCommuteMedian":3654,"workHomeCommuteMedian":-1},"geometry":{"type":"Polygon","coordinates":[[[17.47786962046762,49.72968786999539],[17.47786962046762,49.738681073632634],[17.486862824104865,49.738681073632634],[17.486862824104865,49.72968786999539],[17.47786962046762,49.72968786999539]]]}},{"type":"Feature","properties":{"jobs":28,"pop":43,"pointCount":4,"homeWorkCommuteMedian":9628,"workHomeCommuteMedian":641},"geometry":{"type":"Polygon","coordinates":[[[17.486862824104865,49.36995972450555],[17.486862824104865,49.378952928142795],[17.49585602774211,49.378952928142795],[17.49585602774211,49.36995972450555],[17.486862824104865,49.36995972450555]]]}},{"type":"Feature","properties":{"jobs":11,"pop":129,"pointCount":8,"homeWorkCommuteMedian":16061,"workHomeCommuteMedian":11986},"geometry":{"type":"Polygon","coordinates":[[[17.486862824104865,49.378952928142795],[17.486862824104865,49.38794613178004],[17.49585602774211,49.38794613178004],[17.49585602774211,49.378952928142795],[17.486862824104865,49.378952928142795]]]}},{"type":"Feature","properties":{"jobs":10,"pop":147,"pointCount":3,"homeWorkCommuteMedian":5827,"workHomeCommuteMedian":2866},"geometry":{"type":"Polygon","coordinates":[[[17.486862824104865,49.45989176087801],[17.486862824104865,49.468884964515254],[17.49585602774211,49.468884964515254],[17.49585602774211,49.45989176087801],[17.486862824104865,49.45989176087801]]]}},{"type":"Feature","properties":{"jobs":110,"pop":98,"pointCount":7,"homeWorkCommuteMedian":19950,"workHomeCommuteMedian":6570},"geometry":{"type":"Polygon","coordinates":[[[17.486862824104865,49.486871371789746],[17.486862824104865,49.49586457542699],[17.49585602774211,49.49586457542699],[17.49585602774211,49.486871371789746],[17.486862824104865,49.486871371789746]]]}},{"type":"Feature","properties":{"jobs":10,"pop":0,"pointCount":1,"homeWorkCommuteMedian":-1,"workHomeCommuteMedian":8406},"geometry":{"type":"Polygon","coordinates":[[[17.486862824104865,49.49586457542699],[17.486862824104865,49.50485777906424],[17.49585602774211,49.50485777906424],[17.49585602774211,49.49586457542699],[17.486862824104865,49.49586457542699]]]}},{"type":"Feature","properties":{"jobs":0,"pop":28,"pointCount":1,"homeWorkCommuteMedian":22005,"workHomeCommuteMedian":-1},"geometry":{"type":"Polygon","coordinates":[[[17.486862824104865,49.56781020452496],[17.486862824104865,49.576803408162206],[17.49585602774211,49.576803408162206],[17.49585602774211,49.56781020452496],[17.486862824104865,49.56781020452496]]]}},{"type":"Feature","properties":{"jobs":10,"pop":34,"pointCount":2,"homeWorkCommuteMedian":3544,"workHomeCommuteMedian":142},"geometry":{"type":"Polygon","coordinates":[[[17.486862824104865,49.72968786999539],[17.486862824104865,49.738681073632634],[17.49585602774211,49.738681073632634],[17.49585602774211,49.72968786999539],[17.486862824104865,49.72968786999539]]]}},{"type":"Feature","properties":{"jobs":0,"pop":20,"pointCount":1,"homeWorkCommuteMedian":17783,"workHomeCommuteMedian":-1},"geometry":{"type":"Polygon","coordinates":[[[17.49585602774211,49.40593253905453],[17.49585602774211,49.41492574269178],[17.504849231379357,49.41492574269178],[17.504849231379357,49.40593253905453],[17.49585602774211,49.40593253905453]]]}},{"type":"Feature","properties":{"jobs":52,"pop":235,"pointCount":12,"homeWorkCommuteMedian":8150,"workHomeCommuteMedian":400},"geometry":{"type":"Polygon","coordinates":[[[17.49585602774211,49.41492574269178],[17.49585602774211,49.423918946329024],[17.504849231379357,49.423918946329024],[17.504849231379357,49.41492574269178],[17.49585602774211,49.41492574269178]]]}},{"type":"Feature","properties":{"jobs":10,"pop":0,"pointCount":1,"homeWorkCommuteMedian":-1,"workHomeCommuteMedian":4351},"geometry":{"type":"Polygon","coordinates":[[[17.49585602774211,49.43291214996627],[17.49585602774211,49.44190535360352],[17.504849231379357,49.44190535360352],[17.504849231379357,49.43291214996627],[17.49585602774211,49.43291214996627]]]}},{"type":"Feature","properties":{"jobs":35,"pop":208,"pointCount":8,"homeWorkCommuteMedian":5906,"workHomeCommuteMedian":3725},"geometry":{"type":"Polygon","coordinates":[[[17.49585602774211,49.44190535360352],[17.49585602774211,49.45089855724076],[17.504849231379357,49.45089855724076],[17.504849231379357,49.44190535360352],[17.49585602774211,49.44190535360352]]]}},{"type":"Feature","properties":{"jobs":9,"pop":78,"pointCount":4,"homeWorkCommuteMedian":27639,"workHomeCommuteMedian":260},"geometry":{"type":"Polygon","coordinates":[[[17.49585602774211,49.4778781681525],[17.49585602774211,49.486871371789746],[17.504849231379357,49.486871371789746],[17.504849231379357,49.4778781681525],[17.49585602774211,49.4778781681525]]]}},{"type":"Feature","properties":{"jobs":20,"pop":88,"pointCount":3,"homeWorkCommuteMedian":13912,"workHomeCommuteMedian":814},"geometry":{"type":"Polygon","coordinates":[[[17.49585602774211,49.52284418633873],[17.49585602774211,49.531837389975976],[17.504849231379357,49.531837389975976],[17.504849231379357,49.52284418633873],[17.49585602774211,49.52284418633873]]]}},{"type":"Feature","properties":{"jobs":0,"pop":78,"pointCount":4,"homeWorkCommuteMedian":20229,"workHomeCommuteMedian":-1},"geometry":{"type":"Polygon","coordinates":[[[17.49585602774211,49.54982379725047],[17.49585602774211,49.558817000887714],[17.504849231379357,49.558817000887714],[17.504849231379357,49.54982379725047],[17.49585602774211,49.54982379725047]]]}},{"type":"Feature","properties":{"jobs":0,"pop":20,"pointCount":1,"homeWorkCommuteMedian":42668,"workHomeCommuteMedian":-1},"geometry":{"type":"Polygon","coordinates":[[[17.49585602774211,49.76566068454437],[17.49585602774211,49.77465388818162],[17.504849231379357,49.77465388818162],[17.504849231379357,49.76566068454437],[17.49585602774211,49.76566068454437]]]}},{"type":"Feature","properties":{"jobs":10,"pop":50,"pointCount":4,"homeWorkCommuteMedian":38243,"workHomeCommuteMedian":706},"geometry":{"type":"Polygon","coordinates":[[[17.49585602774211,49.77465388818162],[17.49585602774211,49.783647091818864],[17.504849231379357,49.783647091818864],[17.504849231379357,49.77465388818162],[17.49585602774211,49.77465388818162]]]}},{"type":"Feature","properties":{"jobs":0,"pop":14,"pointCount":1,"homeWorkCommuteMedian":9333,"workHomeCommuteMedian":-1},"geometry":{"type":"Polygon","coordinates":[[[17.504849231379357,49.41492574269178],[17.504849231379357,49.423918946329024],[17.513842435016603,49.423918946329024],[17.513842435016603,49.41492574269178],[17.504849231379357,49.41492574269178]]]}},{"type":"Feature","properties":{"jobs":142,"pop":47,"pointCount":5,"homeWorkCommuteMedian":7196,"workHomeCommuteMedian":4948},"geometry":{"type":"Polygon","coordinates":[[[17.504849231379357,49.44190535360352],[17.504849231379357,49.45089855724076],[17.513842435016603,49.45089855724076],[17.513842435016603,49.44190535360352],[17.504849231379357,49.44190535360352]]]}},{"type":"Feature","properties":{"jobs":0,"pop":57,"pointCount":4,"homeWorkCommuteMedian":5008,"workHomeCommuteMedian":-1},"geometry":{"type":"Polygon","coordinates":[[[17.504849231379357,49.45089855724076],[17.504849231379357,49.45989176087801],[17.513842435016603,49.45989176087801],[17.513842435016603,49.45089855724076],[17.504849231379357,49.45089855724076]]]}},{"type":"Feature","properties":{"jobs":10,"pop":240,"pointCount":9,"homeWorkCommuteMedian":7702,"workHomeCommuteMedian":4757},"geometry":{"type":"Polygon","coordinates":[[[17.504849231379357,49.468884964515254],[17.504849231379357,49.4778781681525],[17.513842435016603,49.4778781681525],[17.513842435016603,49.468884964515254],[17.504849231379357,49.468884964515254]]]}},{"type":"Feature","properties":{"jobs":0,"pop":72,"pointCount":4,"homeWorkCommuteMedian":5546,"workHomeCommuteMedian":-1},"geometry":{"type":"Polygon","coordinates":[[[17.504849231379357,49.4778781681525],[17.504849231379357,49.486871371789746],[17.513842435016603,49.486871371789746],[17.513842435016603,49.4778781681525],[17.504849231379357,49.4778781681525]]]}},{"type":"Feature","properties":{"jobs":0,"pop":72,"pointCount":2,"homeWorkCommuteMedian":10050,"workHomeCommuteMedian":-1},"geometry":{"type":"Polygon","coordinates":[[[17.504849231379357,49.50485777906424],[17.504849231379357,49.513850982701484],[17.513842435016603,49.513850982701484],[17.513842435016603,49.50485777906424],[17.504849231379357,49.50485777906424]]]}},{"type":"Feature","properties":{"jobs":17,"pop":189,"pointCount":9,"homeWorkCommuteMedian":11885,"workHomeCommuteMedian":498},"geometry":{"type":"Polygon","coordinates":[[[17.504849231379357,49.52284418633873],[17.504849231379357,49.531837389975976],[17.513842435016603,49.531837389975976],[17.513842435016603,49.52284418633873],[17.504849231379357,49.52284418633873]]]}},{"type":"Feature","properties":{"jobs":13,"pop":72,"pointCount":4,"homeWorkCommuteMedian":12688,"workHomeCommuteMedian":164},"geometry":{"type":"Polygon","coordinates":[[[17.504849231379357,49.531837389975976],[17.504849231379357,49.54083059361322],[17.513842435016603,49.54083059361322],[17.513842435016603,49.531837389975976],[17.504849231379357,49.531837389975976]]]}},{"type":"Feature","properties":{"jobs":0,"pop":22,"pointCount":2,"homeWorkCommuteMedian":7755,"workHomeCommuteMedian":-1},"geometry":{"type":"Polygon","coordinates":[[[17.504849231379357,49.54982379725047],[17.504849231379357,49.558817000887714],[17.513842435016603,49.558817000887714],[17.513842435016603,49.54982379725047],[17.504849231379357,49.54982379725047]]]}},{"type":"Feature","properties":{"jobs":1,"pop":46,"pointCount":2,"homeWorkCommuteMedian":21065,"workHomeCommuteMedian":173},"geometry":{"type":"Polygon","coordinates":[[[17.504849231379357,49.558817000887714],[17.504849231379357,49.56781020452496],[17.513842435016603,49.56781020452496],[17.513842435016603,49.558817000887714],[17.504849231379357,49.558817000887714]]]}},{"type":"Feature","properties":{"jobs":5,"pop":54,"pointCount":5,"homeWorkCommuteMedian":8596,"workHomeCommuteMedian":358},"geometry":{"type":"Polygon","coordinates":[[[17.504849231379357,49.74767427726988],[17.504849231379357,49.756667480907126],[17.513842435016603,49.756667480907126],[17.513842435016603,49.74767427726988],[17.504849231379357,49.74767427726988]]]}},{"type":"Feature","properties":{"jobs":10,"pop":40,"pointCount":2,"homeWorkCommuteMedian":8104,"workHomeCommuteMedian":149},"geometry":{"type":"Polygon","coordinates":[[[17.513842435016603,49.423918946329024],[17.513842435016603,49.43291214996627],[17.52283563865385,49.43291214996627],[17.52283563865385,49.423918946329024],[17.513842435016603,49.423918946329024]]]}},{"type":"Feature","properties":{"jobs":13,"pop":146,"pointCount":6,"homeWorkCommuteMedian":7846,"workHomeCommuteMedian":498},"geometry":{"type":"Polygon","coordinates":[[[17.513842435016603,49.45089855724076],[17.513842435016603,49.45989176087801],[17.52283563865385,49.45989176087801],[17.52283563865385,49.45089855724076],[17.513842435016603,49.45089855724076]]]}},{"type":"Feature","properties":{"jobs":46,"pop":129,"pointCount":8,"homeWorkCommuteMedian":6179,"workHomeCommuteMedian":854},"geometry":{"type":"Polygon","coordinates":[[[17.513842435016603,49.468884964515254],[17.513842435016603,49.4778781681525],[17.52283563865385,49.4778781681525],[17.52283563865385,49.468884964515254],[17.513842435016603,49.468884964515254]]]}},{"type":"Feature","properties":{"jobs":45,"pop":103,"pointCount":7,"homeWorkCommuteMedian":28003,"workHomeCommuteMedian":5458},"geometry":{"type":"Polygon","coordinates":[[[17.513842435016603,49.4778781681525],[17.513842435016603,49.486871371789746],[17.52283563865385,49.486871371789746],[17.52283563865385,49.4778781681525],[17.513842435016603,49.4778781681525]]]}},{"type":"Feature","properties":{"jobs":21,"pop":0,"pointCount":1,"homeWorkCommuteMedian":-1,"workHomeCommuteMedian":8841},"geometry":{"type":"Polygon","coordinates":[[[17.513842435016603,49.49586457542699],[17.513842435016603,49.50485777906424],[17.52283563865385,49.50485777906424],[17.52283563865385,49.49586457542699],[17.513842435016603,49.49586457542699]]]}},{"type":"Feature","properties":{"jobs":42,"pop":223,"pointCount":10,"homeWorkCommuteMedian":15042,"workHomeCommuteMedian":5923},"geometry":{"type":"Polygon","coordinates":[[[17.513842435016603,49.50485777906424],[17.513842435016603,49.513850982701484],[17.52283563865385,49.513850982701484],[17.52283563865385,49.50485777906424],[17.513842435016603,49.50485777906424]]]}},{"type":"Feature","properties":{"jobs":33,"pop":82,"pointCount":5,"homeWorkCommuteMedian":21488,"workHomeCommuteMedian":1632},"geometry":{"type":"Polygon","coordinates":[[[17.513842435016603,49.531837389975976],[17.513842435016603,49.54083059361322],[17.52283563865385,49.54083059361322],[17.52283563865385,49.531837389975976],[17.513842435016603,49.531837389975976]]]}},{"type":"Feature","properties":{"jobs":41,"pop":39,"pointCount":3,"homeWorkCommuteMedian":29537,"workHomeCommuteMedian":4524},"geometry":{"type":"Polygon","coordinates":[[[17.513842435016603,49.711701462720896],[17.513842435016603,49.72069466635814],[17.52283563865385,49.72069466635814],[17.52283563865385,49.711701462720896],[17.513842435016603,49.711701462720896]]]}},{"type":"Feature","properties":{"jobs":91,"pop":10,"pointCount":3,"homeWorkCommuteMedian":33843,"workHomeCommuteMedian":923},"geometry":{"type":"Polygon","coordinates":[[[17.513842435016603,49.72069466635814],[17.513842435016603,49.72968786999539],[17.52283563865385,49.72968786999539],[17.52283563865385,49.72069466635814],[17.513842435016603,49.72069466635814]]]}},{"type":"Feature","properties":{"jobs":0,"pop":38,"pointCount":2,"homeWorkCommuteMedian":9732,"workHomeCommuteMedian":-1},"geometry":{"type":"Polygon","coordinates":[[[17.52283563865385,49.423918946329024],[17.52283563865385,49.43291214996627],[17.531828842291095,49.43291214996627],[17.531828842291095,49.423918946329024],[17.52283563865385,49.423918946329024]]]}},{"type":"Feature","properties":{"jobs":10,"pop":50,"pointCount":2,"homeWorkCommuteMedian":7934,"workHomeCommuteMedian":145},"geometry":{"type":"Polygon","coordinates":[[[17.52283563865385,49.44190535360352],[17.52283563865385,49.45089855724076],[17.531828842291095,49.45089855724076],[17.531828842291095,49.44190535360352],[17.52283563865385,49.44190535360352]]]}},{"type":"Feature","properties":{"jobs":180,"pop":238,"pointCount":11,"homeWorkCommuteMedian":10786,"workHomeCommuteMedian":4737},"geometry":{"type":"Polygon","coordinates":[[[17.52283563865385,49.50485777906424],[17.52283563865385,49.513850982701484],[17.531828842291095,49.513850982701484],[17.531828842291095,49.50485777906424],[17.52283563865385,49.50485777906424]]]}},{"type":"Feature","properties":{"jobs":0,"pop":11,"pointCount":1,"homeWorkCommuteMedian":7096,"workHomeCommuteMedian":-1},"geometry":{"type":"Polygon","coordinates":[[[17.52283563865385,49.531837389975976],[17.52283563865385,49.54083059361322],[17.531828842291095,49.54083059361322],[17.531828842291095,49.531837389975976],[17.52283563865385,49.531837389975976]]]}},{"type":"Feature","properties":{"jobs":0,"pop":44,"pointCount":1,"homeWorkCommuteMedian":21567,"workHomeCommuteMedian":-1},"geometry":{"type":"Polygon","coordinates":[[[17.52283563865385,49.54083059361322],[17.52283563865385,49.54982379725047],[17.531828842291095,49.54982379725047],[17.531828842291095,49.54083059361322],[17.52283563865385,49.54083059361322]]]}},{"type":"Feature","properties":{"jobs":10,"pop":124,"pointCount":6,"homeWorkCommuteMedian":15246,"workHomeCommuteMedian":322},"geometry":{"type":"Polygon","coordinates":[[[17.52283563865385,49.54982379725047],[17.52283563865385,49.558817000887714],[17.531828842291095,49.558817000887714],[17.531828842291095,49.54982379725047],[17.52283563865385,49.54982379725047]]]}},{"type":"Feature","properties":{"jobs":0,"pop":48,"pointCount":2,"homeWorkCommuteMedian":32642,"workHomeCommuteMedian":-1},"geometry":{"type":"Polygon","coordinates":[[[17.52283563865385,49.711701462720896],[17.52283563865385,49.72069466635814],[17.531828842291095,49.72069466635814],[17.531828842291095,49.711701462720896],[17.52283563865385,49.711701462720896]]]}},{"type":"Feature","properties":{"jobs":40,"pop":181,"pointCount":4,"homeWorkCommuteMedian":32171,"workHomeCommuteMedian":3654},"geometry":{"type":"Polygon","coordinates":[[[17.52283563865385,49.72069466635814],[17.52283563865385,49.72968786999539],[17.531828842291095,49.72968786999539],[17.531828842291095,49.72069466635814],[17.52283563865385,49.72069466635814]]]}},{"type":"Feature","properties":{"jobs":32,"pop":93,"pointCount":5,"homeWorkCommuteMedian":7291,"workHomeCommuteMedian":650},"geometry":{"type":"Polygon","coordinates":[[[17.531828842291095,49.423918946329024],[17.531828842291095,49.43291214996627],[17.54082204592834,49.43291214996627],[17.54082204592834,49.423918946329024],[17.531828842291095,49.423918946329024]]]}},{"type":"Feature","properties":{"jobs":6,"pop":41,"pointCount":3,"homeWorkCommuteMedian":6686,"workHomeCommuteMedian":89},"geometry":{"type":"Polygon","coordinates":[[[17.531828842291095,49.44190535360352],[17.531828842291095,49.45089855724076],[17.54082204592834,49.45089855724076],[17.54082204592834,49.44190535360352],[17.531828842291095,49.44190535360352]]]}},{"type":"Feature","properties":{"jobs":24,"pop":110,"pointCount":6,"homeWorkCommuteMedian":8611,"workHomeCommuteMedian":170},"geometry":{"type":"Polygon","coordinates":[[[17.531828842291095,49.4778781681525],[17.531828842291095,49.486871371789746],[17.54082204592834,49.486871371789746],[17.54082204592834,49.4778781681525],[17.531828842291095,49.4778781681525]]]}},{"type":"Feature","properties":{"jobs":1,"pop":58,"pointCount":2,"homeWorkCommuteMedian":11601,"workHomeCommuteMedian":210},"geometry":{"type":"Polygon","coordinates":[[[17.531828842291095,49.49586457542699],[17.531828842291095,49.50485777906424],[17.54082204592834,49.50485777906424],[17.54082204592834,49.49586457542699],[17.531828842291095,49.49586457542699]]]}},{"type":"Feature","properties":{"jobs":11,"pop":154,"pointCount":6,"homeWorkCommuteMedian":11168,"workHomeCommuteMedian":3966},"geometry":{"type":"Polygon","coordinates":[[[17.531828842291095,49.50485777906424],[17.531828842291095,49.513850982701484],[17.54082204592834,49.513850982701484],[17.54082204592834,49.50485777906424],[17.531828842291095,49.50485777906424]]]}},{"type":"Feature","properties":{"jobs":0,"pop":12,"pointCount":1,"homeWorkCommuteMedian":11105,"workHomeCommuteMedian":-1},"geometry":{"type":"Polygon","coordinates":[[[17.531828842291095,49.513850982701484],[17.531828842291095,49.52284418633873],[17.54082204592834,49.52284418633873],[17.54082204592834,49.513850982701484],[17.531828842291095,49.513850982701484]]]}},{"type":"Feature","properties":{"jobs":62,"pop":349,"pointCount":12,"homeWorkCommuteMedian":18815,"workHomeCommuteMedian":5044},"geometry":{"type":"Polygon","coordinates":[[[17.531828842291095,49.54083059361322],[17.531828842291095,49.54982379725047],[17.54082204592834,49.54982379725047],[17.54082204592834,49.54083059361322],[17.531828842291095,49.54083059361322]]]}},{"type":"Feature","properties":{"jobs":5,"pop":10,"pointCount":2,"homeWorkCommuteMedian":29626,"workHomeCommuteMedian":858},"geometry":{"type":"Polygon","coordinates":[[[17.531828842291095,49.5947898154367],[17.531828842291095,49.603783019073944],[17.54082204592834,49.603783019073944],[17.54082204592834,49.5947898154367],[17.531828842291095,49.5947898154367]]]}},{"type":"Feature","properties":{"jobs":0,"pop":82,"pointCount":3,"homeWorkCommuteMedian":19958,"workHomeCommuteMedian":-1},"geometry":{"type":"Polygon","coordinates":[[[17.531828842291095,49.603783019073944],[17.531828842291095,49.61277622271119],[17.54082204592834,49.61277622271119],[17.54082204592834,49.603783019073944],[17.531828842291095,49.603783019073944]]]}},{"type":"Feature","properties":{"jobs":20,"pop":137,"pointCount":5,"homeWorkCommuteMedian":12231,"workHomeCommuteMedian":380},"geometry":{"type":"Polygon","coordinates":[[[17.54082204592834,49.40593253905453],[17.54082204592834,49.41492574269178],[17.549815249565587,49.41492574269178],[17.549815249565587,49.40593253905453],[17.54082204592834,49.40593253905453]]]}},{"type":"Feature","properties":{"jobs":0,"pop":13,"pointCount":1,"homeWorkCommuteMedian":7204,"workHomeCommuteMedian":-1},"geometry":{"type":"Polygon","coordinates":[[[17.54082204592834,49.41492574269178],[17.54082204592834,49.423918946329024],[17.549815249565587,49.423918946329024],[17.549815249565587,49.41492574269178],[17.54082204592834,49.41492574269178]]]}},{"type":"Feature","properties":{"jobs":26,"pop":252,"pointCount":8,"homeWorkCommuteMedian":9857,"workHomeCommuteMedian":345},"geometry":{"type":"Polygon","coordinates":[[[17.54082204592834,49.423918946329024],[17.54082204592834,49.43291214996627],[17.549815249565587,49.43291214996627],[17.549815249565587,49.423918946329024],[17.54082204592834,49.423918946329024]]]}},{"type":"Feature","properties":{"jobs":0,"pop":12,"pointCount":1,"homeWorkCommuteMedian":724,"workHomeCommuteMedian":-1},"geometry":{"type":"Polygon","coordinates":[[[17.54082204592834,49.45989176087801],[17.54082204592834,49.468884964515254],[17.549815249565587,49.468884964515254],[17.549815249565587,49.45989176087801],[17.54082204592834,49.45989176087801]]]}},{"type":"Feature","properties":{"jobs":10,"pop":242,"pointCount":9,"homeWorkCommuteMedian":9976,"workHomeCommuteMedian":10265},"geometry":{"type":"Polygon","coordinates":[[[17.54082204592834,49.468884964515254],[17.54082204592834,49.4778781681525],[17.549815249565587,49.4778781681525],[17.549815249565587,49.468884964515254],[17.54082204592834,49.468884964515254]]]}},{"type":"Feature","properties":{"jobs":0,"pop":56,"pointCount":2,"homeWorkCommuteMedian":8400,"workHomeCommuteMedian":-1},"geometry":{"type":"Polygon","coordinates":[[[17.54082204592834,49.4778781681525],[17.54082204592834,49.486871371789746],[17.549815249565587,49.486871371789746],[17.549815249565587,49.4778781681525],[17.54082204592834,49.4778781681525]]]}},{"type":"Feature","properties":{"jobs":89,"pop":0,"pointCount":1,"homeWorkCommuteMedian":-1,"workHomeCommuteMedian":4450},"geometry":{"type":"Polygon","coordinates":[[[17.54082204592834,49.54083059361322],[17.54082204592834,49.54982379725047],[17.549815249565587,49.54982379725047],[17.549815249565587,49.54083059361322],[17.54082204592834,49.54083059361322]]]}},{"type":"Feature","properties":{"jobs":13,"pop":13,"pointCount":2,"homeWorkCommuteMedian":380,"workHomeCommuteMedian":380},"geometry":{"type":"Polygon","coordinates":[[[17.549815249565587,49.40593253905453],[17.549815249565587,49.41492574269178],[17.558808453202833,49.41492574269178],[17.558808453202833,49.40593253905453],[17.549815249565587,49.40593253905453]]]}},{"type":"Feature","properties":{"jobs":16,"pop":0,"pointCount":1,"homeWorkCommuteMedian":-1,"workHomeCommuteMedian":3335},"geometry":{"type":"Polygon","coordinates":[[[17.549815249565587,49.423918946329024],[17.549815249565587,49.43291214996627],[17.558808453202833,49.43291214996627],[17.558808453202833,49.423918946329024],[17.549815249565587,49.423918946329024]]]}},{"type":"Feature","properties":{"jobs":29,"pop":13,"pointCount":1,"homeWorkCommuteMedian":6508,"workHomeCommuteMedian":2755},"geometry":{"type":"Polygon","coordinates":[[[17.549815249565587,49.45989176087801],[17.549815249565587,49.468884964515254],[17.558808453202833,49.468884964515254],[17.558808453202833,49.45989176087801],[17.549815249565587,49.45989176087801]]]}},{"type":"Feature","properties":{"jobs":72,"pop":46,"pointCount":5,"homeWorkCommuteMedian":11791,"workHomeCommuteMedian":6017},"geometry":{"type":"Polygon","coordinates":[[[17.549815249565587,49.468884964515254],[17.549815249565587,49.4778781681525],[17.558808453202833,49.4778781681525],[17.558808453202833,49.468884964515254],[17.549815249565587,49.468884964515254]]]}},{"type":"Feature","properties":{"jobs":34,"pop":55,"pointCount":4,"homeWorkCommuteMedian":2928,"workHomeCommuteMedian":355},"geometry":{"type":"Polygon","coordinates":[[[17.549815249565587,49.531837389975976],[17.549815249565587,49.54083059361322],[17.558808453202833,49.54083059361322],[17.558808453202833,49.531837389975976],[17.549815249565587,49.531837389975976]]]}},{"type":"Feature","properties":{"jobs":0,"pop":40,"pointCount":2,"homeWorkCommuteMedian":12132,"workHomeCommuteMedian":-1},"geometry":{"type":"Polygon","coordinates":[[[17.558808453202833,49.468884964515254],[17.558808453202833,49.4778781681525],[17.56780165684008,49.4778781681525],[17.56780165684008,49.468884964515254],[17.558808453202833,49.468884964515254]]]}},{"type":"Feature","properties":{"jobs":11,"pop":0,"pointCount":1,"homeWorkCommuteMedian":-1,"workHomeCommuteMedian":1205},"geometry":{"type":"Polygon","coordinates":[[[17.558808453202833,49.52284418633873],[17.558808453202833,49.531837389975976],[17.56780165684008,49.531837389975976],[17.56780165684008,49.52284418633873],[17.558808453202833,49.52284418633873]]]}},{"type":"Feature","properties":{"jobs":0,"pop":110,"pointCount":4,"homeWorkCommuteMedian":19731,"workHomeCommuteMedian":-1},"geometry":{"type":"Polygon","coordinates":[[[17.558808453202833,49.54982379725047],[17.558808453202833,49.558817000887714],[17.56780165684008,49.558817000887714],[17.56780165684008,49.54982379725047],[17.558808453202833,49.54982379725047]]]}},{"type":"Feature","properties":{"jobs":0,"pop":69,"pointCount":2,"homeWorkCommuteMedian":19254,"workHomeCommuteMedian":-1},"geometry":{"type":"Polygon","coordinates":[[[17.558808453202833,49.576803408162206],[17.558808453202833,49.58579661179945],[17.56780165684008,49.58579661179945],[17.56780165684008,49.576803408162206],[17.558808453202833,49.576803408162206]]]}},{"type":"Feature","properties":{"jobs":7,"pop":0,"pointCount":1,"homeWorkCommuteMedian":-1,"workHomeCommuteMedian":273},"geometry":{"type":"Polygon","coordinates":[[[17.558808453202833,49.58579661179945],[17.558808453202833,49.5947898154367],[17.56780165684008,49.5947898154367],[17.56780165684008,49.58579661179945],[17.558808453202833,49.58579661179945]]]}},{"type":"Feature","properties":{"jobs":16,"pop":11,"pointCount":2,"homeWorkCommuteMedian":12695,"workHomeCommuteMedian":284},"geometry":{"type":"Polygon","coordinates":[[[17.56780165684008,49.44190535360352],[17.56780165684008,49.45089855724076],[17.576794860477325,49.45089855724076],[17.576794860477325,49.44190535360352],[17.56780165684008,49.44190535360352]]]}},{"type":"Feature","properties":{"jobs":14,"pop":123,"pointCount":5,"homeWorkCommuteMedian":11748,"workHomeCommuteMedian":293},"geometry":{"type":"Polygon","coordinates":[[[17.56780165684008,49.45089855724076],[17.56780165684008,49.45989176087801],[17.576794860477325,49.45989176087801],[17.576794860477325,49.45089855724076],[17.56780165684008,49.45089855724076]]]}},{"type":"Feature","properties":{"jobs":10,"pop":85,"pointCount":5,"homeWorkCommuteMedian":10244,"workHomeCommuteMedian":289},"geometry":{"type":"Polygon","coordinates":[[[17.56780165684008,49.49586457542699],[17.56780165684008,49.50485777906424],[17.576794860477325,49.50485777906424],[17.576794860477325,49.49586457542699],[17.56780165684008,49.49586457542699]]]}},{"type":"Feature","properties":{"jobs":0,"pop":21,"pointCount":2,"homeWorkCommuteMedian":13134,"workHomeCommuteMedian":-1},"geometry":{"type":"Polygon","coordinates":[[[17.56780165684008,49.50485777906424],[17.56780165684008,49.513850982701484],[17.576794860477325,49.513850982701484],[17.576794860477325,49.50485777906424],[17.56780165684008,49.50485777906424]]]}},{"type":"Feature","properties":{"jobs":27,"pop":0,"pointCount":1,"homeWorkCommuteMedian":-1,"workHomeCommuteMedian":23444},"geometry":{"type":"Polygon","coordinates":[[[17.56780165684008,49.513850982701484],[17.56780165684008,49.52284418633873],[17.576794860477325,49.52284418633873],[17.576794860477325,49.513850982701484],[17.56780165684008,49.513850982701484]]]}},{"type":"Feature","properties":{"jobs":631,"pop":240,"pointCount":9,"homeWorkCommuteMedian":17243,"workHomeCommuteMedian":9083},"geometry":{"type":"Polygon","coordinates":[[[17.56780165684008,49.52284418633873],[17.56780165684008,49.531837389975976],[17.576794860477325,49.531837389975976],[17.576794860477325,49.52284418633873],[17.56780165684008,49.52284418633873]]]}},{"type":"Feature","properties":{"jobs":7,"pop":0,"pointCount":1,"homeWorkCommuteMedian":-1,"workHomeCommuteMedian":2086},"geometry":{"type":"Polygon","coordinates":[[[17.56780165684008,49.531837389975976],[17.56780165684008,49.54083059361322],[17.576794860477325,49.54083059361322],[17.576794860477325,49.531837389975976],[17.56780165684008,49.531837389975976]]]}},{"type":"Feature","properties":{"jobs":28,"pop":89,"pointCount":4,"homeWorkCommuteMedian":22203,"workHomeCommuteMedian":394},"geometry":{"type":"Polygon","coordinates":[[[17.56780165684008,49.54982379725047],[17.56780165684008,49.558817000887714],[17.576794860477325,49.558817000887714],[17.576794860477325,49.54982379725047],[17.56780165684008,49.54982379725047]]]}},{"type":"Feature","properties":{"jobs":0,"pop":85,"pointCount":4,"homeWorkCommuteMedian":12613,"workHomeCommuteMedian":-1},"geometry":{"type":"Polygon","coordinates":[[[17.576794860477325,49.41492574269178],[17.576794860477325,49.423918946329024],[17.58578806411457,49.423918946329024],[17.58578806411457,49.41492574269178],[17.576794860477325,49.41492574269178]]]}},{"type":"Feature","properties":{"jobs":71,"pop":88,"pointCount":6,"homeWorkCommuteMedian":11318,"workHomeCommuteMedian":1871},"geometry":{"type":"Polygon","coordinates":[[[17.576794860477325,49.423918946329024],[17.576794860477325,49.43291214996627],[17.58578806411457,49.43291214996627],[17.58578806411457,49.423918946329024],[17.576794860477325,49.423918946329024]]]}},{"type":"Feature","properties":{"jobs":0,"pop":63,"pointCount":4,"homeWorkCommuteMedian":13886,"workHomeCommuteMedian":-1},"geometry":{"type":"Polygon","coordinates":[[[17.576794860477325,49.43291214996627],[17.576794860477325,49.44190535360352],[17.58578806411457,49.44190535360352],[17.58578806411457,49.43291214996627],[17.576794860477325,49.43291214996627]]]}},{"type":"Feature","properties":{"jobs":10,"pop":99,"pointCount":5,"homeWorkCommuteMedian":14143,"workHomeCommuteMedian":232},"geometry":{"type":"Polygon","coordinates":[[[17.576794860477325,49.486871371789746],[17.576794860477325,49.49586457542699],[17.58578806411457,49.49586457542699],[17.58578806411457,49.486871371789746],[17.576794860477325,49.486871371789746]]]}},{"type":"Feature","properties":{"jobs":151,"pop":400,"pointCount":5,"homeWorkCommuteMedian":14233,"workHomeCommuteMedian":5939},"geometry":{"type":"Polygon","coordinates":[[[17.576794860477325,49.513850982701484],[17.576794860477325,49.52284418633873],[17.58578806411457,49.52284418633873],[17.58578806411457,49.513850982701484],[17.576794860477325,49.513850982701484]]]}},{"type":"Feature","properties":{"jobs":660,"pop":1124,"pointCount":13,"homeWorkCommuteMedian":14142,"workHomeCommuteMedian":9657},"geometry":{"type":"Polygon","coordinates":[[[17.576794860477325,49.52284418633873],[17.576794860477325,49.531837389975976],[17.58578806411457,49.531837389975976],[17.58578806411457,49.52284418633873],[17.576794860477325,49.52284418633873]]]}},{"type":"Feature","properties":{"jobs":0,"pop":28,"pointCount":1,"homeWorkCommuteMedian":33800,"workHomeCommuteMedian":-1},"geometry":{"type":"Polygon","coordinates":[[[17.58578806411457,49.41492574269178],[17.58578806411457,49.423918946329024],[17.594781267751817,49.423918946329024],[17.594781267751817,49.41492574269178],[17.58578806411457,49.41492574269178]]]}},{"type":"Feature","properties":{"jobs":209,"pop":354,"pointCount":15,"homeWorkCommuteMedian":14475,"workHomeCommuteMedian":7489},"geometry":{"type":"Polygon","coordinates":[[[17.58578806411457,49.423918946329024],[17.58578806411457,49.43291214996627],[17.594781267751817,49.43291214996627],[17.594781267751817,49.423918946329024],[17.58578806411457,49.423918946329024]]]}},{"type":"Feature","properties":{"jobs":0,"pop":84,"pointCount":5,"homeWorkCommuteMedian":14126,"workHomeCommuteMedian":-1},"geometry":{"type":"Polygon","coordinates":[[[17.58578806411457,49.45989176087801],[17.58578806411457,49.468884964515254],[17.594781267751817,49.468884964515254],[17.594781267751817,49.45989176087801],[17.58578806411457,49.45989176087801]]]}},{"type":"Feature","properties":{"jobs":0,"pop":18,"pointCount":1,"homeWorkCommuteMedian":16527,"workHomeCommuteMedian":-1},"geometry":{"type":"Polygon","coordinates":[[[17.58578806411457,49.50485777906424],[17.58578806411457,49.513850982701484],[17.594781267751817,49.513850982701484],[17.594781267751817,49.50485777906424],[17.58578806411457,49.50485777906424]]]}},{"type":"Feature","properties":{"jobs":339,"pop":453,"pointCount":2,"homeWorkCommuteMedian":13026,"workHomeCommuteMedian":17783},"geometry":{"type":"Polygon","coordinates":[[[17.58578806411457,49.513850982701484],[17.58578806411457,49.52284418633873],[17.594781267751817,49.52284418633873],[17.594781267751817,49.513850982701484],[17.58578806411457,49.513850982701484]]]}},{"type":"Feature","properties":{"jobs":1711,"pop":808,"pointCount":12,"homeWorkCommuteMedian":16951,"workHomeCommuteMedian":14786},"geometry":{"type":"Polygon","coordinates":[[[17.58578806411457,49.52284418633873],[17.58578806411457,49.531837389975976],[17.594781267751817,49.531837389975976],[17.594781267751817,49.52284418633873],[17.58578806411457,49.52284418633873]]]}},{"type":"Feature","properties":{"jobs":49,"pop":221,"pointCount":12,"homeWorkCommuteMedian":17104,"workHomeCommuteMedian":3860},"geometry":{"type":"Polygon","coordinates":[[[17.58578806411457,49.54982379725047],[17.58578806411457,49.558817000887714],[17.594781267751817,49.558817000887714],[17.594781267751817,49.54982379725047],[17.58578806411457,49.54982379725047]]]}},{"type":"Feature","properties":{"jobs":73,"pop":110,"pointCount":5,"homeWorkCommuteMedian":30955,"workHomeCommuteMedian":11198},"geometry":{"type":"Polygon","coordinates":[[[17.594781267751817,49.41492574269178],[17.594781267751817,49.423918946329024],[17.603774471389062,49.423918946329024],[17.603774471389062,49.41492574269178],[17.594781267751817,49.41492574269178]]]}},{"type":"Feature","properties":{"jobs":86,"pop":140,"pointCount":8,"homeWorkCommuteMedian":14877,"workHomeCommuteMedian":12321},"geometry":{"type":"Polygon","coordinates":[[[17.594781267751817,49.423918946329024],[17.594781267751817,49.43291214996627],[17.603774471389062,49.43291214996627],[17.603774471389062,49.423918946329024],[17.594781267751817,49.423918946329024]]]}},{"type":"Feature","properties":{"jobs":0,"pop":54,"pointCount":3,"homeWorkCommuteMedian":13052,"workHomeCommuteMedian":-1},"geometry":{"type":"Polygon","coordinates":[[[17.594781267751817,49.4778781681525],[17.594781267751817,49.486871371789746],[17.603774471389062,49.486871371789746],[17.603774471389062,49.4778781681525],[17.594781267751817,49.4778781681525]]]}},{"type":"Feature","properties":{"jobs":10,"pop":7,"pointCount":1,"homeWorkCommuteMedian":3477,"workHomeCommuteMedian":1318},"geometry":{"type":"Polygon","coordinates":[[[17.594781267751817,49.50485777906424],[17.594781267751817,49.513850982701484],[17.603774471389062,49.513850982701484],[17.603774471389062,49.50485777906424],[17.594781267751817,49.50485777906424]]]}},{"type":"Feature","properties":{"jobs":1092,"pop":308,"pointCount":5,"homeWorkCommuteMedian":11469,"workHomeCommuteMedian":17867},"geometry":{"type":"Polygon","coordinates":[[[17.594781267751817,49.52284418633873],[17.594781267751817,49.531837389975976],[17.603774471389062,49.531837389975976],[17.603774471389062,49.52284418633873],[17.594781267751817,49.52284418633873]]]}},{"type":"Feature","properties":{"jobs":15,"pop":59,"pointCount":4,"homeWorkCommuteMedian":13176,"workHomeCommuteMedian":528},"geometry":{"type":"Polygon","coordinates":[[[17.603774471389062,49.40593253905453],[17.603774471389062,49.41492574269178],[17.61276767502631,49.41492574269178],[17.61276767502631,49.40593253905453],[17.603774471389062,49.40593253905453]]]}},{"type":"Feature","properties":{"jobs":15,"pop":110,"pointCount":5,"homeWorkCommuteMedian":13650,"workHomeCommuteMedian":284},"geometry":{"type":"Polygon","coordinates":[[[17.603774471389062,49.45989176087801],[17.603774471389062,49.468884964515254],[17.61276767502631,49.468884964515254],[17.61276767502631,49.45989176087801],[17.603774471389062,49.45989176087801]]]}},{"type":"Feature","properties":{"jobs":11,"pop":0,"pointCount":1,"homeWorkCommuteMedian":-1,"workHomeCommuteMedian":744},"geometry":{"type":"Polygon","coordinates":[[[17.603774471389062,49.4778781681525],[17.603774471389062,49.486871371789746],[17.61276767502631,49.486871371789746],[17.61276767502631,49.4778781681525],[17.603774471389062,49.4778781681525]]]}},{"type":"Feature","properties":{"jobs":0,"pop":23,"pointCount":1,"homeWorkCommuteMedian":35772,"workHomeCommuteMedian":-1},"geometry":{"type":"Polygon","coordinates":[[[17.603774471389062,49.49586457542699],[17.603774471389062,49.50485777906424],[17.61276767502631,49.50485777906424],[17.61276767502631,49.49586457542699],[17.603774471389062,49.49586457542699]]]}},{"type":"Feature","properties":{"jobs":11,"pop":0,"pointCount":1,"homeWorkCommuteMedian":-1,"workHomeCommuteMedian":1040},"geometry":{"type":"Polygon","coordinates":[[[17.603774471389062,49.513850982701484],[17.603774471389062,49.52284418633873],[17.61276767502631,49.52284418633873],[17.61276767502631,49.513850982701484],[17.603774471389062,49.513850982701484]]]}},{"type":"Feature","properties":{"jobs":162,"pop":0,"pointCount":2,"homeWorkCommuteMedian":-1,"workHomeCommuteMedian":6684},"geometry":{"type":"Polygon","coordinates":[[[17.603774471389062,49.52284418633873],[17.603774471389062,49.531837389975976],[17.61276767502631,49.531837389975976],[17.61276767502631,49.52284418633873],[17.603774471389062,49.52284418633873]]]}},{"type":"Feature","properties":{"jobs":12,"pop":68,"pointCount":3,"homeWorkCommuteMedian":16806,"workHomeCommuteMedian":302},"geometry":{"type":"Polygon","coordinates":[[[17.61276767502631,49.40593253905453],[17.61276767502631,49.41492574269178],[17.621760878663554,49.41492574269178],[17.621760878663554,49.40593253905453],[17.61276767502631,49.40593253905453]]]}},{"type":"Feature","properties":{"jobs":6,"pop":99,"pointCount":5,"homeWorkCommuteMedian":14632,"workHomeCommuteMedian":88},"geometry":{"type":"Polygon","coordinates":[[[17.61276767502631,49.43291214996627],[17.61276767502631,49.44190535360352],[17.621760878663554,49.44190535360352],[17.621760878663554,49.43291214996627],[17.61276767502631,49.43291214996627]]]}},{"type":"Feature","properties":{"jobs":22,"pop":0,"pointCount":2,"homeWorkCommuteMedian":-1,"workHomeCommuteMedian":13530},"geometry":{"type":"Polygon","coordinates":[[[17.61276767502631,49.44190535360352],[17.61276767502631,49.45089855724076],[17.621760878663554,49.45089855724076],[17.621760878663554,49.44190535360352],[17.61276767502631,49.44190535360352]]]}},{"type":"Feature","properties":{"jobs":1,"pop":0,"pointCount":1,"homeWorkCommuteMedian":-1,"workHomeCommuteMedian":292},"geometry":{"type":"Polygon","coordinates":[[[17.61276767502631,49.45989176087801],[17.61276767502631,49.468884964515254],[17.621760878663554,49.468884964515254],[17.621760878663554,49.45989176087801],[17.61276767502631,49.45989176087801]]]}},{"type":"Feature","properties":{"jobs":0,"pop":44,"pointCount":2,"homeWorkCommuteMedian":17277,"workHomeCommuteMedian":-1},"geometry":{"type":"Polygon","coordinates":[[[17.61276767502631,49.468884964515254],[17.61276767502631,49.4778781681525],[17.621760878663554,49.4778781681525],[17.621760878663554,49.468884964515254],[17.61276767502631,49.468884964515254]]]}},{"type":"Feature","properties":{"jobs":0,"pop":51,"pointCount":3,"homeWorkCommuteMedian":16131,"workHomeCommuteMedian":-1},"geometry":{"type":"Polygon","coordinates":[[[17.61276767502631,49.486871371789746],[17.61276767502631,49.49586457542699],[17.621760878663554,49.49586457542699],[17.621760878663554,49.486871371789746],[17.61276767502631,49.486871371789746]]]}},{"type":"Feature","properties":{"jobs":0,"pop":59,"pointCount":3,"homeWorkCommuteMedian":7753,"workHomeCommuteMedian":-1},"geometry":{"type":"Polygon","coordinates":[[[17.61276767502631,49.49586457542699],[17.61276767502631,49.50485777906424],[17.621760878663554,49.50485777906424],[17.621760878663554,49.49586457542699],[17.61276767502631,49.49586457542699]]]}},{"type":"Feature","properties":{"jobs":54,"pop":375,"pointCount":15,"homeWorkCommuteMedian":14888,"workHomeCommuteMedian":374},"geometry":{"type":"Polygon","coordinates":[[[17.61276767502631,49.513850982701484],[17.61276767502631,49.52284418633873],[17.621760878663554,49.52284418633873],[17.621760878663554,49.513850982701484],[17.61276767502631,49.513850982701484]]]}},{"type":"Feature","properties":{"jobs":108,"pop":0,"pointCount":1,"homeWorkCommuteMedian":-1,"workHomeCommuteMedian":5451},"geometry":{"type":"Polygon","coordinates":[[[17.61276767502631,49.52284418633873],[17.61276767502631,49.531837389975976],[17.621760878663554,49.531837389975976],[17.621760878663554,49.52284418633873],[17.61276767502631,49.52284418633873]]]}},{"type":"Feature","properties":{"jobs":13,"pop":0,"pointCount":1,"homeWorkCommuteMedian":-1,"workHomeCommuteMedian":5856},"geometry":{"type":"Polygon","coordinates":[[[17.61276767502631,49.531837389975976],[17.61276767502631,49.54083059361322],[17.621760878663554,49.54083059361322],[17.621760878663554,49.531837389975976],[17.61276767502631,49.531837389975976]]]}},{"type":"Feature","properties":{"jobs":0,"pop":48,"pointCount":2,"homeWorkCommuteMedian":21569,"workHomeCommuteMedian":-1},"geometry":{"type":"Polygon","coordinates":[[[17.61276767502631,49.621769426348436],[17.61276767502631,49.63076262998568],[17.621760878663554,49.63076262998568],[17.621760878663554,49.621769426348436],[17.61276767502631,49.621769426348436]]]}},{"type":"Feature","properties":{"jobs":7,"pop":175,"pointCount":6,"homeWorkCommuteMedian":18618,"workHomeCommuteMedian":262},"geometry":{"type":"Polygon","coordinates":[[[17.621760878663554,49.40593253905453],[17.621760878663554,49.41492574269178],[17.6307540823008,49.41492574269178],[17.6307540823008,49.40593253905453],[17.621760878663554,49.40593253905453]]]}},{"type":"Feature","properties":{"jobs":0,"pop":21,"pointCount":1,"homeWorkCommuteMedian":3525,"workHomeCommuteMedian":-1},"geometry":{"type":"Polygon","coordinates":[[[17.621760878663554,49.43291214996627],[17.621760878663554,49.44190535360352],[17.6307540823008,49.44190535360352],[17.6307540823008,49.43291214996627],[17.621760878663554,49.43291214996627]]]}},{"type":"Feature","properties":{"jobs":22,"pop":43,"pointCount":2,"homeWorkCommuteMedian":22949,"workHomeCommuteMedian":421},"geometry":{"type":"Polygon","coordinates":[[[17.621760878663554,49.4778781681525],[17.621760878663554,49.486871371789746],[17.6307540823008,49.486871371789746],[17.6307540823008,49.4778781681525],[17.621760878663554,49.4778781681525]]]}},{"type":"Feature","properties":{"jobs":265,"pop":54,"pointCount":4,"homeWorkCommuteMedian":19343,"workHomeCommuteMedian":24469},"geometry":{"type":"Polygon","coordinates":[[[17.621760878663554,49.513850982701484],[17.621760878663554,49.52284418633873],[17.6307540823008,49.52284418633873],[17.6307540823008,49.513850982701484],[17.621760878663554,49.513850982701484]]]}},{"type":"Feature","properties":{"jobs":0,"pop":48,"pointCount":2,"homeWorkCommuteMedian":7161,"workHomeCommuteMedian":-1},"geometry":{"type":"Polygon","coordinates":[[[17.621760878663554,49.531837389975976],[17.621760878663554,49.54083059361322],[17.6307540823008,49.54083059361322],[17.6307540823008,49.531837389975976],[17.621760878663554,49.531837389975976]]]}},{"type":"Feature","properties":{"jobs":40,"pop":219,"pointCount":13,"homeWorkCommuteMedian":12959,"workHomeCommuteMedian":1113},"geometry":{"type":"Polygon","coordinates":[[[17.621760878663554,49.54083059361322],[17.621760878663554,49.54982379725047],[17.6307540823008,49.54982379725047],[17.6307540823008,49.54083059361322],[17.621760878663554,49.54083059361322]]]}},{"type":"Feature","properties":{"jobs":0,"pop":19,"pointCount":1,"homeWorkCommuteMedian":4884,"workHomeCommuteMedian":-1},"geometry":{"type":"Polygon","coordinates":[[[17.621760878663554,49.54982379725047],[17.621760878663554,49.558817000887714],[17.6307540823008,49.558817000887714],[17.6307540823008,49.54982379725047],[17.621760878663554,49.54982379725047]]]}},{"type":"Feature","properties":{"jobs":1,"pop":118,"pointCount":6,"homeWorkCommuteMedian":8466,"workHomeCommuteMedian":1236},"geometry":{"type":"Polygon","coordinates":[[[17.621760878663554,49.56781020452496],[17.621760878663554,49.576803408162206],[17.6307540823008,49.576803408162206],[17.6307540823008,49.56781020452496],[17.621760878663554,49.56781020452496]]]}},{"type":"Feature","properties":{"jobs":0,"pop":38,"pointCount":2,"homeWorkCommuteMedian":23325,"workHomeCommuteMedian":-1},"geometry":{"type":"Polygon","coordinates":[[[17.6307540823008,49.40593253905453],[17.6307540823008,49.41492574269178],[17.639747285938046,49.41492574269178],[17.639747285938046,49.40593253905453],[17.6307540823008,49.40593253905453]]]}},{"type":"Feature","properties":{"jobs":116,"pop":0,"pointCount":1,"homeWorkCommuteMedian":-1,"workHomeCommuteMedian":4893},"geometry":{"type":"Polygon","coordinates":[[[17.6307540823008,49.45089855724076],[17.6307540823008,49.45989176087801],[17.639747285938046,49.45989176087801],[17.639747285938046,49.45089855724076],[17.6307540823008,49.45089855724076]]]}},{"type":"Feature","properties":{"jobs":11,"pop":52,"pointCount":3,"homeWorkCommuteMedian":16807,"workHomeCommuteMedian":105},"geometry":{"type":"Polygon","coordinates":[[[17.6307540823008,49.4778781681525],[17.6307540823008,49.486871371789746],[17.639747285938046,49.486871371789746],[17.639747285938046,49.4778781681525],[17.6307540823008,49.4778781681525]]]}},{"type":"Feature","properties":{"jobs":0,"pop":44,"pointCount":2,"homeWorkCommuteMedian":10631,"workHomeCommuteMedian":-1},"geometry":{"type":"Polygon","coordinates":[[[17.6307540823008,49.531837389975976],[17.6307540823008,49.54083059361322],[17.639747285938046,49.54083059361322],[17.639747285938046,49.531837389975976],[17.6307540823008,49.531837389975976]]]}},{"type":"Feature","properties":{"jobs":0,"pop":30,"pointCount":2,"homeWorkCommuteMedian":9627,"workHomeCommuteMedian":-1},"geometry":{"type":"Polygon","coordinates":[[[17.6307540823008,49.56781020452496],[17.6307540823008,49.576803408162206],[17.639747285938046,49.576803408162206],[17.639747285938046,49.56781020452496],[17.6307540823008,49.56781020452496]]]}},{"type":"Feature","properties":{"jobs":0,"pop":35,"pointCount":2,"homeWorkCommuteMedian":32229,"workHomeCommuteMedian":-1},"geometry":{"type":"Polygon","coordinates":[[[17.6307540823008,49.5947898154367],[17.6307540823008,49.603783019073944],[17.639747285938046,49.603783019073944],[17.639747285938046,49.5947898154367],[17.6307540823008,49.5947898154367]]]}},{"type":"Feature","properties":{"jobs":10,"pop":0,"pointCount":1,"homeWorkCommuteMedian":-1,"workHomeCommuteMedian":244},"geometry":{"type":"Polygon","coordinates":[[[17.639747285938046,49.531837389975976],[17.639747285938046,49.54083059361322],[17.648740489575292,49.54083059361322],[17.648740489575292,49.531837389975976],[17.639747285938046,49.531837389975976]]]}},{"type":"Feature","properties":{"jobs":49,"pop":44,"pointCount":4,"homeWorkCommuteMedian":1431,"workHomeCommuteMedian":433},"geometry":{"type":"Polygon","coordinates":[[[17.639747285938046,49.63076262998568],[17.639747285938046,49.63975583362293],[17.648740489575292,49.63975583362293],[17.648740489575292,49.63076262998568],[17.639747285938046,49.63076262998568]]]}},{"type":"Feature","properties":{"jobs":4,"pop":0,"pointCount":1,"homeWorkCommuteMedian":-1,"workHomeCommuteMedian":479},"geometry":{"type":"Polygon","coordinates":[[[17.648740489575292,49.45089855724076],[17.648740489575292,49.45989176087801],[17.65773369321254,49.45989176087801],[17.65773369321254,49.45089855724076],[17.648740489575292,49.45089855724076]]]}},{"type":"Feature","properties":{"jobs":22,"pop":39,"pointCount":4,"homeWorkCommuteMedian":11046,"workHomeCommuteMedian":3325},"geometry":{"type":"Polygon","coordinates":[[[17.648740489575292,49.468884964515254],[17.648740489575292,49.4778781681525],[17.65773369321254,49.4778781681525],[17.65773369321254,49.468884964515254],[17.648740489575292,49.468884964515254]]]}},{"type":"Feature","properties":{"jobs":26,"pop":259,"pointCount":13,"homeWorkCommuteMedian":18212,"workHomeCommuteMedian":1252},"geometry":{"type":"Polygon","coordinates":[[[17.648740489575292,49.4778781681525],[17.648740489575292,49.486871371789746],[17.65773369321254,49.486871371789746],[17.65773369321254,49.4778781681525],[17.648740489575292,49.4778781681525]]]}},{"type":"Feature","properties":{"jobs":0,"pop":22,"pointCount":1,"homeWorkCommuteMedian":10225,"workHomeCommuteMedian":-1},"geometry":{"type":"Polygon","coordinates":[[[17.648740489575292,49.52284418633873],[17.648740489575292,49.531837389975976],[17.65773369321254,49.531837389975976],[17.65773369321254,49.52284418633873],[17.648740489575292,49.52284418633873]]]}},{"type":"Feature","properties":{"jobs":84,"pop":0,"pointCount":2,"homeWorkCommuteMedian":-1,"workHomeCommuteMedian":6408},"geometry":{"type":"Polygon","coordinates":[[[17.648740489575292,49.531837389975976],[17.648740489575292,49.54083059361322],[17.65773369321254,49.54083059361322],[17.65773369321254,49.531837389975976],[17.648740489575292,49.531837389975976]]]}},{"type":"Feature","properties":{"jobs":22,"pop":125,"pointCount":5,"homeWorkCommuteMedian":8552,"workHomeCommuteMedian":8602},"geometry":{"type":"Polygon","coordinates":[[[17.648740489575292,49.54083059361322],[17.648740489575292,49.54982379725047],[17.65773369321254,49.54982379725047],[17.65773369321254,49.54083059361322],[17.648740489575292,49.54083059361322]]]}},{"type":"Feature","properties":{"jobs":0,"pop":27,"pointCount":2,"homeWorkCommuteMedian":11359,"workHomeCommuteMedian":-1},"geometry":{"type":"Polygon","coordinates":[[[17.648740489575292,49.58579661179945],[17.648740489575292,49.5947898154367],[17.65773369321254,49.5947898154367],[17.65773369321254,49.58579661179945],[17.648740489575292,49.58579661179945]]]}},{"type":"Feature","properties":{"jobs":45,"pop":300,"pointCount":10,"homeWorkCommuteMedian":19187,"workHomeCommuteMedian":2986},"geometry":{"type":"Polygon","coordinates":[[[17.648740489575292,49.63076262998568],[17.648740489575292,49.63975583362293],[17.65773369321254,49.63975583362293],[17.65773369321254,49.63076262998568],[17.648740489575292,49.63076262998568]]]}},{"type":"Feature","properties":{"jobs":34,"pop":25,"pointCount":4,"homeWorkCommuteMedian":34726,"workHomeCommuteMedian":3195},"geometry":{"type":"Polygon","coordinates":[[[17.648740489575292,49.63975583362293],[17.648740489575292,49.648749037260174],[17.65773369321254,49.648749037260174],[17.65773369321254,49.63975583362293],[17.648740489575292,49.63975583362293]]]}},{"type":"Feature","properties":{"jobs":13,"pop":53,"pointCount":3,"homeWorkCommuteMedian":15783,"workHomeCommuteMedian":2270},"geometry":{"type":"Polygon","coordinates":[[[17.648740489575292,49.648749037260174],[17.648740489575292,49.65774224089742],[17.65773369321254,49.65774224089742],[17.65773369321254,49.648749037260174],[17.648740489575292,49.648749037260174]]]}},{"type":"Feature","properties":{"jobs":0,"pop":108,"pointCount":5,"homeWorkCommuteMedian":18264,"workHomeCommuteMedian":-1},"geometry":{"type":"Polygon","coordinates":[[[17.65773369321254,49.45089855724076],[17.65773369321254,49.45989176087801],[17.666726896849784,49.45989176087801],[17.666726896849784,49.45089855724076],[17.65773369321254,49.45089855724076]]]}},{"type":"Feature","properties":{"jobs":143,"pop":145,"pointCount":7,"homeWorkCommuteMedian":7943,"workHomeCommuteMedian":6612},"geometry":{"type":"Polygon","coordinates":[[[17.65773369321254,49.558817000887714],[17.65773369321254,49.56781020452496],[17.666726896849784,49.56781020452496],[17.666726896849784,49.558817000887714],[17.65773369321254,49.558817000887714]]]}},{"type":"Feature","properties":{"jobs":10,"pop":31,"pointCount":2,"homeWorkCommuteMedian":10365,"workHomeCommuteMedian":13762},"geometry":{"type":"Polygon","coordinates":[[[17.65773369321254,49.56781020452496],[17.65773369321254,49.576803408162206],[17.666726896849784,49.576803408162206],[17.666726896849784,49.56781020452496],[17.65773369321254,49.56781020452496]]]}},{"type":"Feature","properties":{"jobs":0,"pop":10,"pointCount":1,"homeWorkCommuteMedian":40213,"workHomeCommuteMedian":-1},"geometry":{"type":"Polygon","coordinates":[[[17.65773369321254,49.621769426348436],[17.65773369321254,49.63076262998568],[17.666726896849784,49.63076262998568],[17.666726896849784,49.621769426348436],[17.65773369321254,49.621769426348436]]]}},{"type":"Feature","properties":{"jobs":0,"pop":63,"pointCount":2,"homeWorkCommuteMedian":34536,"workHomeCommuteMedian":-1},"geometry":{"type":"Polygon","coordinates":[[[17.65773369321254,49.68472185180916],[17.65773369321254,49.693715055446404],[17.666726896849784,49.693715055446404],[17.666726896849784,49.68472185180916],[17.65773369321254,49.68472185180916]]]}},{"type":"Feature","properties":{"jobs":30,"pop":59,"pointCount":4,"homeWorkCommuteMedian":12871,"workHomeCommuteMedian":520},"geometry":{"type":"Polygon","coordinates":[[[17.666726896849784,49.468884964515254],[17.666726896849784,49.4778781681525],[17.67572010048703,49.4778781681525],[17.67572010048703,49.468884964515254],[17.666726896849784,49.468884964515254]]]}},{"type":"Feature","properties":{"jobs":0,"pop":63,"pointCount":4,"homeWorkCommuteMedian":10669,"workHomeCommuteMedian":-1},"geometry":{"type":"Polygon","coordinates":[[[17.666726896849784,49.558817000887714],[17.666726896849784,49.56781020452496],[17.67572010048703,49.56781020452496],[17.67572010048703,49.558817000887714],[17.666726896849784,49.558817000887714]]]}},{"type":"Feature","properties":{"jobs":12,"pop":47,"pointCount":3,"homeWorkCommuteMedian":15389,"workHomeCommuteMedian":200},"geometry":{"type":"Polygon","coordinates":[[[17.666726896849784,49.5947898154367],[17.666726896849784,49.603783019073944],[17.67572010048703,49.603783019073944],[17.67572010048703,49.5947898154367],[17.666726896849784,49.5947898154367]]]}},{"type":"Feature","properties":{"jobs":10,"pop":34,"pointCount":3,"homeWorkCommuteMedian":17728,"workHomeCommuteMedian":775},"geometry":{"type":"Polygon","coordinates":[[[17.666726896849784,49.63076262998568],[17.666726896849784,49.63975583362293],[17.67572010048703,49.63975583362293],[17.67572010048703,49.63076262998568],[17.666726896849784,49.63076262998568]]]}},{"type":"Feature","properties":{"jobs":11,"pop":0,"pointCount":1,"homeWorkCommuteMedian":-1,"workHomeCommuteMedian":305},"geometry":{"type":"Polygon","coordinates":[[[17.666726896849784,49.68472185180916],[17.666726896849784,49.693715055446404],[17.67572010048703,49.693715055446404],[17.67572010048703,49.68472185180916],[17.666726896849784,49.68472185180916]]]}},{"type":"Feature","properties":{"jobs":0,"pop":10,"pointCount":1,"homeWorkCommuteMedian":24155,"workHomeCommuteMedian":-1},"geometry":{"type":"Polygon","coordinates":[[[17.67572010048703,49.45989176087801],[17.67572010048703,49.468884964515254],[17.684713304124276,49.468884964515254],[17.684713304124276,49.45989176087801],[17.67572010048703,49.45989176087801]]]}},{"type":"Feature","properties":{"jobs":9,"pop":57,"pointCount":2,"homeWorkCommuteMedian":23200,"workHomeCommuteMedian":391},"geometry":{"type":"Polygon","coordinates":[[[17.67572010048703,49.468884964515254],[17.67572010048703,49.4778781681525],[17.684713304124276,49.4778781681525],[17.684713304124276,49.468884964515254],[17.67572010048703,49.468884964515254]]]}},{"type":"Feature","properties":{"jobs":0,"pop":56,"pointCount":3,"homeWorkCommuteMedian":16448,"workHomeCommuteMedian":-1},"geometry":{"type":"Polygon","coordinates":[[[17.67572010048703,49.4778781681525],[17.67572010048703,49.486871371789746],[17.684713304124276,49.486871371789746],[17.684713304124276,49.4778781681525],[17.67572010048703,49.4778781681525]]]}},{"type":"Feature","properties":{"jobs":21,"pop":44,"pointCount":3,"homeWorkCommuteMedian":6995,"workHomeCommuteMedian":7188},"geometry":{"type":"Polygon","coordinates":[[[17.67572010048703,49.54083059361322],[17.67572010048703,49.54982379725047],[17.684713304124276,49.54982379725047],[17.684713304124276,49.54083059361322],[17.67572010048703,49.54083059361322]]]}},{"type":"Feature","properties":{"jobs":0,"pop":10,"pointCount":1,"homeWorkCommuteMedian":26838,"workHomeCommuteMedian":-1},"geometry":{"type":"Polygon","coordinates":[[[17.67572010048703,49.54982379725047],[17.67572010048703,49.558817000887714],[17.684713304124276,49.558817000887714],[17.684713304124276,49.54982379725047],[17.67572010048703,49.54982379725047]]]}},{"type":"Feature","properties":{"jobs":13,"pop":155,"pointCount":6,"homeWorkCommuteMedian":5435,"workHomeCommuteMedian":376},"geometry":{"type":"Polygon","coordinates":[[[17.67572010048703,49.558817000887714],[17.67572010048703,49.56781020452496],[17.684713304124276,49.56781020452496],[17.684713304124276,49.558817000887714],[17.67572010048703,49.558817000887714]]]}},{"type":"Feature","properties":{"jobs":14,"pop":0,"pointCount":1,"homeWorkCommuteMedian":-1,"workHomeCommuteMedian":235},"geometry":{"type":"Polygon","coordinates":[[[17.67572010048703,49.576803408162206],[17.67572010048703,49.58579661179945],[17.684713304124276,49.58579661179945],[17.684713304124276,49.576803408162206],[17.67572010048703,49.576803408162206]]]}},{"type":"Feature","properties":{"jobs":0,"pop":34,"pointCount":1,"homeWorkCommuteMedian":9274,"workHomeCommuteMedian":-1},"geometry":{"type":"Polygon","coordinates":[[[17.67572010048703,49.5947898154367],[17.67572010048703,49.603783019073944],[17.684713304124276,49.603783019073944],[17.684713304124276,49.5947898154367],[17.67572010048703,49.5947898154367]]]}},{"type":"Feature","properties":{"jobs":0,"pop":17,"pointCount":1,"homeWorkCommuteMedian":9154,"workHomeCommuteMedian":-1},"geometry":{"type":"Polygon","coordinates":[[[17.67572010048703,49.603783019073944],[17.67572010048703,49.61277622271119],[17.684713304124276,49.61277622271119],[17.684713304124276,49.603783019073944],[17.67572010048703,49.603783019073944]]]}},{"type":"Feature","properties":{"jobs":0,"pop":33,"pointCount":1,"homeWorkCommuteMedian":17038,"workHomeCommuteMedian":-1},"geometry":{"type":"Polygon","coordinates":[[[17.67572010048703,49.63076262998568],[17.67572010048703,49.63975583362293],[17.684713304124276,49.63975583362293],[17.684713304124276,49.63076262998568],[17.67572010048703,49.63076262998568]]]}},{"type":"Feature","properties":{"jobs":0,"pop":53,"pointCount":3,"homeWorkCommuteMedian":15216,"workHomeCommuteMedian":-1},"geometry":{"type":"Polygon","coordinates":[[[17.684713304124276,49.468884964515254],[17.684713304124276,49.4778781681525],[17.693706507761522,49.4778781681525],[17.693706507761522,49.468884964515254],[17.684713304124276,49.468884964515254]]]}},{"type":"Feature","properties":{"jobs":2,"pop":12,"pointCount":2,"homeWorkCommuteMedian":7086,"workHomeCommuteMedian":76},"geometry":{"type":"Polygon","coordinates":[[[17.684713304124276,49.531837389975976],[17.684713304124276,49.54083059361322],[17.693706507761522,49.54083059361322],[17.693706507761522,49.531837389975976],[17.684713304124276,49.531837389975976]]]}},{"type":"Feature","properties":{"jobs":157,"pop":123,"pointCount":6,"homeWorkCommuteMedian":7191,"workHomeCommuteMedian":8703},"geometry":{"type":"Polygon","coordinates":[[[17.684713304124276,49.54083059361322],[17.684713304124276,49.54982379725047],[17.693706507761522,49.54982379725047],[17.693706507761522,49.54083059361322],[17.684713304124276,49.54083059361322]]]}},{"type":"Feature","properties":{"jobs":12,"pop":278,"pointCount":12,"homeWorkCommuteMedian":10438,"workHomeCommuteMedian":9840},"geometry":{"type":"Polygon","coordinates":[[[17.684713304124276,49.54982379725047],[17.684713304124276,49.558817000887714],[17.693706507761522,49.558817000887714],[17.693706507761522,49.54982379725047],[17.684713304124276,49.54982379725047]]]}},{"type":"Feature","properties":{"jobs":0,"pop":10,"pointCount":1,"homeWorkCommuteMedian":6511,"workHomeCommuteMedian":-1},"geometry":{"type":"Polygon","coordinates":[[[17.684713304124276,49.56781020452496],[17.684713304124276,49.576803408162206],[17.693706507761522,49.576803408162206],[17.693706507761522,49.56781020452496],[17.684713304124276,49.56781020452496]]]}},{"type":"Feature","properties":{"jobs":16,"pop":104,"pointCount":4,"homeWorkCommuteMedian":7198,"workHomeCommuteMedian":410},"geometry":{"type":"Polygon","coordinates":[[[17.684713304124276,49.576803408162206],[17.684713304124276,49.58579661179945],[17.693706507761522,49.58579661179945],[17.693706507761522,49.576803408162206],[17.684713304124276,49.576803408162206]]]}},{"type":"Feature","properties":{"jobs":4,"pop":0,"pointCount":1,"homeWorkCommuteMedian":-1,"workHomeCommuteMedian":433},"geometry":{"type":"Polygon","coordinates":[[[17.684713304124276,49.603783019073944],[17.684713304124276,49.61277622271119],[17.693706507761522,49.61277622271119],[17.693706507761522,49.603783019073944],[17.684713304124276,49.603783019073944]]]}},{"type":"Feature","properties":{"jobs":0,"pop":47,"pointCount":1,"homeWorkCommuteMedian":31196,"workHomeCommuteMedian":-1},"geometry":{"type":"Polygon","coordinates":[[[17.684713304124276,49.666735444534666],[17.684713304124276,49.67572864817191],[17.693706507761522,49.67572864817191],[17.693706507761522,49.666735444534666],[17.684713304124276,49.666735444534666]]]}},{"type":"Feature","properties":{"jobs":0,"pop":10,"pointCount":1,"homeWorkCommuteMedian":50436,"workHomeCommuteMedian":-1},"geometry":{"type":"Polygon","coordinates":[[[17.693706507761522,49.486871371789746],[17.693706507761522,49.49586457542699],[17.70269971139877,49.49586457542699],[17.70269971139877,49.486871371789746],[17.693706507761522,49.486871371789746]]]}},{"type":"Feature","properties":{"jobs":51,"pop":82,"pointCount":4,"homeWorkCommuteMedian":5994,"workHomeCommuteMedian":3710},"geometry":{"type":"Polygon","coordinates":[[[17.693706507761522,49.54083059361322],[17.693706507761522,49.54982379725047],[17.70269971139877,49.54982379725047],[17.70269971139877,49.54083059361322],[17.693706507761522,49.54083059361322]]]}},{"type":"Feature","properties":{"jobs":79,"pop":113,"pointCount":5,"homeWorkCommuteMedian":4491,"workHomeCommuteMedian":3726},"geometry":{"type":"Polygon","coordinates":[[[17.693706507761522,49.54982379725047],[17.693706507761522,49.558817000887714],[17.70269971139877,49.558817000887714],[17.70269971139877,49.54982379725047],[17.693706507761522,49.54982379725047]]]}},{"type":"Feature","properties":{"jobs":62,"pop":0,"pointCount":2,"homeWorkCommuteMedian":-1,"workHomeCommuteMedian":28913},"geometry":{"type":"Polygon","coordinates":[[[17.693706507761522,49.558817000887714],[17.693706507761522,49.56781020452496],[17.70269971139877,49.56781020452496],[17.70269971139877,49.558817000887714],[17.693706507761522,49.558817000887714]]]}},{"type":"Feature","properties":{"jobs":0,"pop":11,"pointCount":1,"homeWorkCommuteMedian":4703,"workHomeCommuteMedian":-1},"geometry":{"type":"Polygon","coordinates":[[[17.693706507761522,49.56781020452496],[17.693706507761522,49.576803408162206],[17.70269971139877,49.576803408162206],[17.70269971139877,49.56781020452496],[17.693706507761522,49.56781020452496]]]}},{"type":"Feature","properties":{"jobs":0,"pop":23,"pointCount":1,"homeWorkCommuteMedian":40670,"workHomeCommuteMedian":-1},"geometry":{"type":"Polygon","coordinates":[[[17.693706507761522,49.576803408162206],[17.693706507761522,49.58579661179945],[17.70269971139877,49.58579661179945],[17.70269971139877,49.576803408162206],[17.693706507761522,49.576803408162206]]]}},{"type":"Feature","properties":{"jobs":0,"pop":16,"pointCount":1,"homeWorkCommuteMedian":10710,"workHomeCommuteMedian":-1},"geometry":{"type":"Polygon","coordinates":[[[17.693706507761522,49.621769426348436],[17.693706507761522,49.63076262998568],[17.70269971139877,49.63076262998568],[17.70269971139877,49.621769426348436],[17.693706507761522,49.621769426348436]]]}},{"type":"Feature","properties":{"jobs":32,"pop":0,"pointCount":1,"homeWorkCommuteMedian":-1,"workHomeCommuteMedian":1174},"geometry":{"type":"Polygon","coordinates":[[[17.693706507761522,49.63076262998568],[17.693706507761522,49.63975583362293],[17.70269971139877,49.63975583362293],[17.70269971139877,49.63076262998568],[17.693706507761522,49.63076262998568]]]}},{"type":"Feature","properties":{"jobs":0,"pop":11,"pointCount":1,"homeWorkCommuteMedian":4361,"workHomeCommuteMedian":-1},"geometry":{"type":"Polygon","coordinates":[[[17.70269971139877,49.45989176087801],[17.70269971139877,49.468884964515254],[17.711692915036014,49.468884964515254],[17.711692915036014,49.45989176087801],[17.70269971139877,49.45989176087801]]]}},{"type":"Feature","properties":{"jobs":29,"pop":239,"pointCount":9,"homeWorkCommuteMedian":13337,"workHomeCommuteMedian":563},"geometry":{"type":"Polygon","coordinates":[[[17.70269971139877,49.486871371789746],[17.70269971139877,49.49586457542699],[17.711692915036014,49.49586457542699],[17.711692915036014,49.486871371789746],[17.70269971139877,49.486871371789746]]]}},{"type":"Feature","properties":{"jobs":55,"pop":210,"pointCount":9,"homeWorkCommuteMedian":11716,"workHomeCommuteMedian":395},"geometry":{"type":"Polygon","coordinates":[[[17.70269971139877,49.49586457542699],[17.70269971139877,49.50485777906424],[17.711692915036014,49.50485777906424],[17.711692915036014,49.49586457542699],[17.70269971139877,49.49586457542699]]]}},{"type":"Feature","properties":{"jobs":10,"pop":66,"pointCount":4,"homeWorkCommuteMedian":9633,"workHomeCommuteMedian":117},"geometry":{"type":"Polygon","coordinates":[[[17.70269971139877,49.513850982701484],[17.70269971139877,49.52284418633873],[17.711692915036014,49.52284418633873],[17.711692915036014,49.513850982701484],[17.70269971139877,49.513850982701484]]]}},{"type":"Feature","properties":{"jobs":0,"pop":16,"pointCount":1,"homeWorkCommuteMedian":2969,"workHomeCommuteMedian":-1},"geometry":{"type":"Polygon","coordinates":[[[17.70269971139877,49.531837389975976],[17.70269971139877,49.54083059361322],[17.711692915036014,49.54083059361322],[17.711692915036014,49.531837389975976],[17.70269971139877,49.531837389975976]]]}},{"type":"Feature","properties":{"jobs":20,"pop":0,"pointCount":1,"homeWorkCommuteMedian":-1,"workHomeCommuteMedian":3840},"geometry":{"type":"Polygon","coordinates":[[[17.70269971139877,49.54083059361322],[17.70269971139877,49.54982379725047],[17.711692915036014,49.54982379725047],[17.711692915036014,49.54083059361322],[17.70269971139877,49.54083059361322]]]}},{"type":"Feature","properties":{"jobs":18,"pop":55,"pointCount":3,"homeWorkCommuteMedian":5171,"workHomeCommuteMedian":15216},"geometry":{"type":"Polygon","coordinates":[[[17.70269971139877,49.54982379725047],[17.70269971139877,49.558817000887714],[17.711692915036014,49.558817000887714],[17.711692915036014,49.54982379725047],[17.70269971139877,49.54982379725047]]]}},{"type":"Feature","properties":{"jobs":9,"pop":58,"pointCount":3,"homeWorkCommuteMedian":6566,"workHomeCommuteMedian":151},"geometry":{"type":"Polygon","coordinates":[[[17.70269971139877,49.58579661179945],[17.70269971139877,49.5947898154367],[17.711692915036014,49.5947898154367],[17.711692915036014,49.58579661179945],[17.70269971139877,49.58579661179945]]]}},{"type":"Feature","properties":{"jobs":0,"pop":109,"pointCount":5,"homeWorkCommuteMedian":10650,"workHomeCommuteMedian":-1},"geometry":{"type":"Polygon","coordinates":[[[17.70269971139877,49.621769426348436],[17.70269971139877,49.63076262998568],[17.711692915036014,49.63076262998568],[17.711692915036014,49.621769426348436],[17.70269971139877,49.621769426348436]]]}},{"type":"Feature","properties":{"jobs":16,"pop":95,"pointCount":4,"homeWorkCommuteMedian":11378,"workHomeCommuteMedian":530},"geometry":{"type":"Polygon","coordinates":[[[17.70269971139877,49.63076262998568],[17.70269971139877,49.63975583362293],[17.711692915036014,49.63975583362293],[17.711692915036014,49.63076262998568],[17.70269971139877,49.63076262998568]]]}},{"type":"Feature","properties":{"jobs":34,"pop":154,"pointCount":8,"homeWorkCommuteMedian":14194,"workHomeCommuteMedian":486},"geometry":{"type":"Polygon","coordinates":[[[17.711692915036014,49.45989176087801],[17.711692915036014,49.468884964515254],[17.72068611867326,49.468884964515254],[17.72068611867326,49.45989176087801],[17.711692915036014,49.45989176087801]]]}},{"type":"Feature","properties":{"jobs":0,"pop":15,"pointCount":1,"homeWorkCommuteMedian":272,"workHomeCommuteMedian":-1},"geometry":{"type":"Polygon","coordinates":[[[17.711692915036014,49.468884964515254],[17.711692915036014,49.4778781681525],[17.72068611867326,49.4778781681525],[17.72068611867326,49.468884964515254],[17.711692915036014,49.468884964515254]]]}},{"type":"Feature","properties":{"jobs":0,"pop":38,"pointCount":1,"homeWorkCommuteMedian":11580,"workHomeCommuteMedian":-1},"geometry":{"type":"Polygon","coordinates":[[[17.711692915036014,49.49586457542699],[17.711692915036014,49.50485777906424],[17.72068611867326,49.50485777906424],[17.72068611867326,49.49586457542699],[17.711692915036014,49.49586457542699]]]}},{"type":"Feature","properties":{"jobs":5,"pop":45,"pointCount":2,"homeWorkCommuteMedian":40511,"workHomeCommuteMedian":576},"geometry":{"type":"Polygon","coordinates":[[[17.711692915036014,49.531837389975976],[17.711692915036014,49.54083059361322],[17.72068611867326,49.54083059361322],[17.72068611867326,49.531837389975976],[17.711692915036014,49.531837389975976]]]}},{"type":"Feature","properties":{"jobs":10,"pop":0,"pointCount":1,"homeWorkCommuteMedian":-1,"workHomeCommuteMedian":3042},"geometry":{"type":"Polygon","coordinates":[[[17.711692915036014,49.54083059361322],[17.711692915036014,49.54982379725047],[17.72068611867326,49.54982379725047],[17.72068611867326,49.54083059361322],[17.711692915036014,49.54083059361322]]]}},{"type":"Feature","properties":{"jobs":1257,"pop":35,"pointCount":7,"homeWorkCommuteMedian":4498,"workHomeCommuteMedian":10250},"geometry":{"type":"Polygon","coordinates":[[[17.711692915036014,49.54982379725047],[17.711692915036014,49.558817000887714],[17.72068611867326,49.558817000887714],[17.72068611867326,49.54982379725047],[17.711692915036014,49.54982379725047]]]}},{"type":"Feature","properties":{"jobs":23,"pop":94,"pointCount":5,"homeWorkCommuteMedian":4309,"workHomeCommuteMedian":360},"geometry":{"type":"Polygon","coordinates":[[[17.711692915036014,49.56781020452496],[17.711692915036014,49.576803408162206],[17.72068611867326,49.576803408162206],[17.72068611867326,49.56781020452496],[17.711692915036014,49.56781020452496]]]}},{"type":"Feature","properties":{"jobs":40,"pop":233,"pointCount":13,"homeWorkCommuteMedian":6012,"workHomeCommuteMedian":2361},"geometry":{"type":"Polygon","coordinates":[[[17.711692915036014,49.58579661179945],[17.711692915036014,49.5947898154367],[17.72068611867326,49.5947898154367],[17.72068611867326,49.58579661179945],[17.711692915036014,49.58579661179945]]]}},{"type":"Feature","properties":{"jobs":15,"pop":0,"pointCount":1,"homeWorkCommuteMedian":-1,"workHomeCommuteMedian":705},"geometry":{"type":"Polygon","coordinates":[[[17.711692915036014,49.5947898154367],[17.711692915036014,49.603783019073944],[17.72068611867326,49.603783019073944],[17.72068611867326,49.5947898154367],[17.711692915036014,49.5947898154367]]]}},{"type":"Feature","properties":{"jobs":0,"pop":16,"pointCount":1,"homeWorkCommuteMedian":530,"workHomeCommuteMedian":-1},"geometry":{"type":"Polygon","coordinates":[[[17.711692915036014,49.63076262998568],[17.711692915036014,49.63975583362293],[17.72068611867326,49.63975583362293],[17.72068611867326,49.63076262998568],[17.711692915036014,49.63076262998568]]]}},{"type":"Feature","properties":{"jobs":10,"pop":94,"pointCount":5,"homeWorkCommuteMedian":24642,"workHomeCommuteMedian":262},"geometry":{"type":"Polygon","coordinates":[[[17.72068611867326,49.44190535360352],[17.72068611867326,49.45089855724076],[17.729679322310506,49.45089855724076],[17.729679322310506,49.44190535360352],[17.72068611867326,49.44190535360352]]]}},{"type":"Feature","properties":{"jobs":0,"pop":37,"pointCount":2,"homeWorkCommuteMedian":2060,"workHomeCommuteMedian":-1},"geometry":{"type":"Polygon","coordinates":[[[17.72068611867326,49.531837389975976],[17.72068611867326,49.54083059361322],[17.729679322310506,49.54083059361322],[17.729679322310506,49.531837389975976],[17.72068611867326,49.531837389975976]]]}},{"type":"Feature","properties":{"jobs":648,"pop":390,"pointCount":9,"homeWorkCommuteMedian":4158,"workHomeCommuteMedian":11888},"geometry":{"type":"Polygon","coordinates":[[[17.72068611867326,49.54083059361322],[17.72068611867326,49.54982379725047],[17.729679322310506,49.54982379725047],[17.729679322310506,49.54083059361322],[17.72068611867326,49.54083059361322]]]}},{"type":"Feature","properties":{"jobs":1175,"pop":690,"pointCount":6,"homeWorkCommuteMedian":3498,"workHomeCommuteMedian":11257},"geometry":{"type":"Polygon","coordinates":[[[17.72068611867326,49.54982379725047],[17.72068611867326,49.558817000887714],[17.729679322310506,49.558817000887714],[17.729679322310506,49.54982379725047],[17.72068611867326,49.54982379725047]]]}},{"type":"Feature","properties":{"jobs":10,"pop":123,"pointCount":7,"homeWorkCommuteMedian":3734,"workHomeCommuteMedian":7641},"geometry":{"type":"Polygon","coordinates":[[[17.72068611867326,49.56781020452496],[17.72068611867326,49.576803408162206],[17.729679322310506,49.576803408162206],[17.729679322310506,49.56781020452496],[17.72068611867326,49.56781020452496]]]}},{"type":"Feature","properties":{"jobs":0,"pop":151,"pointCount":4,"homeWorkCommuteMedian":14780,"workHomeCommuteMedian":-1},"geometry":{"type":"Polygon","coordinates":[[[17.729679322310506,49.44190535360352],[17.729679322310506,49.45089855724076],[17.738672525947752,49.45089855724076],[17.738672525947752,49.44190535360352],[17.729679322310506,49.44190535360352]]]}},{"type":"Feature","properties":{"jobs":0,"pop":40,"pointCount":1,"homeWorkCommuteMedian":10527,"workHomeCommuteMedian":-1},"geometry":{"type":"Polygon","coordinates":[[[17.729679322310506,49.486871371789746],[17.729679322310506,49.49586457542699],[17.738672525947752,49.49586457542699],[17.738672525947752,49.486871371789746],[17.729679322310506,49.486871371789746]]]}},{"type":"Feature","properties":{"jobs":64,"pop":185,"pointCount":9,"homeWorkCommuteMedian":10448,"workHomeCommuteMedian":6248},"geometry":{"type":"Polygon","coordinates":[[[17.729679322310506,49.49586457542699],[17.729679322310506,49.50485777906424],[17.738672525947752,49.50485777906424],[17.738672525947752,49.49586457542699],[17.729679322310506,49.49586457542699]]]}},{"type":"Feature","properties":{"jobs":22,"pop":50,"pointCount":3,"homeWorkCommuteMedian":7138,"workHomeCommuteMedian":4722},"geometry":{"type":"Polygon","coordinates":[[[17.729679322310506,49.52284418633873],[17.729679322310506,49.531837389975976],[17.738672525947752,49.531837389975976],[17.738672525947752,49.52284418633873],[17.729679322310506,49.52284418633873]]]}},{"type":"Feature","properties":{"jobs":0,"pop":92,"pointCount":5,"homeWorkCommuteMedian":7295,"workHomeCommuteMedian":-1},"geometry":{"type":"Polygon","coordinates":[[[17.729679322310506,49.531837389975976],[17.729679322310506,49.54083059361322],[17.738672525947752,49.54083059361322],[17.738672525947752,49.531837389975976],[17.729679322310506,49.531837389975976]]]}},{"type":"Feature","properties":{"jobs":1071,"pop":734,"pointCount":11,"homeWorkCommuteMedian":3406,"workHomeCommuteMedian":6714},"geometry":{"type":"Polygon","coordinates":[[[17.729679322310506,49.54083059361322],[17.729679322310506,49.54982379725047],[17.738672525947752,49.54982379725047],[17.738672525947752,49.54083059361322],[17.729679322310506,49.54083059361322]]]}},{"type":"Feature","properties":{"jobs":1182,"pop":2497,"pointCount":14,"homeWorkCommuteMedian":3227,"workHomeCommuteMedian":4331},"geometry":{"type":"Polygon","coordinates":[[[17.729679322310506,49.54982379725047],[17.729679322310506,49.558817000887714],[17.738672525947752,49.558817000887714],[17.738672525947752,49.54982379725047],[17.729679322310506,49.54982379725047]]]}},{"type":"Feature","properties":{"jobs":670,"pop":576,"pointCount":9,"homeWorkCommuteMedian":2508,"workHomeCommuteMedian":3841},"geometry":{"type":"Polygon","coordinates":[[[17.729679322310506,49.558817000887714],[17.729679322310506,49.56781020452496],[17.738672525947752,49.56781020452496],[17.738672525947752,49.558817000887714],[17.729679322310506,49.558817000887714]]]}},{"type":"Feature","properties":{"jobs":26,"pop":213,"pointCount":6,"homeWorkCommuteMedian":6390,"workHomeCommuteMedian":826},"geometry":{"type":"Polygon","coordinates":[[[17.729679322310506,49.5947898154367],[17.729679322310506,49.603783019073944],[17.738672525947752,49.603783019073944],[17.738672525947752,49.5947898154367],[17.729679322310506,49.5947898154367]]]}},{"type":"Feature","properties":{"jobs":23,"pop":121,"pointCount":6,"homeWorkCommuteMedian":7833,"workHomeCommuteMedian":7255},"geometry":{"type":"Polygon","coordinates":[[[17.729679322310506,49.603783019073944],[17.729679322310506,49.61277622271119],[17.738672525947752,49.61277622271119],[17.738672525947752,49.603783019073944],[17.729679322310506,49.603783019073944]]]}},{"type":"Feature","properties":{"jobs":25,"pop":0,"pointCount":1,"homeWorkCommuteMedian":-1,"workHomeCommuteMedian":1257},"geometry":{"type":"Polygon","coordinates":[[[17.738672525947752,49.486871371789746],[17.738672525947752,49.49586457542699],[17.747665729584998,49.49586457542699],[17.747665729584998,49.486871371789746],[17.738672525947752,49.486871371789746]]]}},{"type":"Feature","properties":{"jobs":25,"pop":182,"pointCount":9,"homeWorkCommuteMedian":9840,"workHomeCommuteMedian":7302},"geometry":{"type":"Polygon","coordinates":[[[17.738672525947752,49.49586457542699],[17.738672525947752,49.50485777906424],[17.747665729584998,49.50485777906424],[17.747665729584998,49.49586457542699],[17.738672525947752,49.49586457542699]]]}},{"type":"Feature","properties":{"jobs":0,"pop":10,"pointCount":1,"homeWorkCommuteMedian":8023,"workHomeCommuteMedian":-1},"geometry":{"type":"Polygon","coordinates":[[[17.738672525947752,49.50485777906424],[17.738672525947752,49.513850982701484],[17.747665729584998,49.513850982701484],[17.747665729584998,49.50485777906424],[17.738672525947752,49.50485777906424]]]}},{"type":"Feature","properties":{"jobs":619,"pop":166,"pointCount":10,"homeWorkCommuteMedian":8128,"workHomeCommuteMedian":8809},"geometry":{"type":"Polygon","coordinates":[[[17.738672525947752,49.52284418633873],[17.738672525947752,49.531837389975976],[17.747665729584998,49.531837389975976],[17.747665729584998,49.52284418633873],[17.738672525947752,49.52284418633873]]]}},{"type":"Feature","properties":{"jobs":294,"pop":1,"pointCount":4,"homeWorkCommuteMedian":187,"workHomeCommuteMedian":26005},"geometry":{"type":"Polygon","coordinates":[[[17.738672525947752,49.531837389975976],[17.738672525947752,49.54083059361322],[17.747665729584998,49.54083059361322],[17.747665729584998,49.531837389975976],[17.738672525947752,49.531837389975976]]]}},{"type":"Feature","properties":{"jobs":148,"pop":418,"pointCount":16,"homeWorkCommuteMedian":4220,"workHomeCommuteMedian":2833},"geometry":{"type":"Polygon","coordinates":[[[17.738672525947752,49.54083059361322],[17.738672525947752,49.54982379725047],[17.747665729584998,49.54982379725047],[17.747665729584998,49.54083059361322],[17.738672525947752,49.54083059361322]]]}},{"type":"Feature","properties":{"jobs":770,"pop":1668,"pointCount":13,"homeWorkCommuteMedian":3782,"workHomeCommuteMedian":2638},"geometry":{"type":"Polygon","coordinates":[[[17.738672525947752,49.54982379725047],[17.738672525947752,49.558817000887714],[17.747665729584998,49.558817000887714],[17.747665729584998,49.54982379725047],[17.738672525947752,49.54982379725047]]]}},{"type":"Feature","properties":{"jobs":329,"pop":57,"pointCount":4,"homeWorkCommuteMedian":7875,"workHomeCommuteMedian":2601},"geometry":{"type":"Polygon","coordinates":[[[17.738672525947752,49.558817000887714],[17.738672525947752,49.56781020452496],[17.747665729584998,49.56781020452496],[17.747665729584998,49.558817000887714],[17.738672525947752,49.558817000887714]]]}},{"type":"Feature","properties":{"jobs":0,"pop":69,"pointCount":3,"homeWorkCommuteMedian":7256,"workHomeCommuteMedian":-1},"geometry":{"type":"Polygon","coordinates":[[[17.738672525947752,49.5947898154367],[17.738672525947752,49.603783019073944],[17.747665729584998,49.603783019073944],[17.747665729584998,49.5947898154367],[17.738672525947752,49.5947898154367]]]}},{"type":"Feature","properties":{"jobs":43,"pop":41,"pointCount":4,"homeWorkCommuteMedian":35546,"workHomeCommuteMedian":5748},"geometry":{"type":"Polygon","coordinates":[[[17.738672525947752,49.603783019073944],[17.738672525947752,49.61277622271119],[17.747665729584998,49.61277622271119],[17.747665729584998,49.603783019073944],[17.738672525947752,49.603783019073944]]]}},{"type":"Feature","properties":{"jobs":0,"pop":11,"pointCount":1,"homeWorkCommuteMedian":9663,"workHomeCommuteMedian":-1},"geometry":{"type":"Polygon","coordinates":[[[17.738672525947752,49.61277622271119],[17.738672525947752,49.621769426348436],[17.747665729584998,49.621769426348436],[17.747665729584998,49.61277622271119],[17.738672525947752,49.61277622271119]]]}},{"type":"Feature","properties":{"jobs":19,"pop":0,"pointCount":1,"homeWorkCommuteMedian":-1,"workHomeCommuteMedian":1659},"geometry":{"type":"Polygon","coordinates":[[[17.738672525947752,49.63975583362293],[17.738672525947752,49.648749037260174],[17.747665729584998,49.648749037260174],[17.747665729584998,49.63975583362293],[17.738672525947752,49.63975583362293]]]}},{"type":"Feature","properties":{"jobs":0,"pop":43,"pointCount":2,"homeWorkCommuteMedian":13784,"workHomeCommuteMedian":-1},"geometry":{"type":"Polygon","coordinates":[[[17.738672525947752,49.648749037260174],[17.738672525947752,49.65774224089742],[17.747665729584998,49.65774224089742],[17.747665729584998,49.648749037260174],[17.738672525947752,49.648749037260174]]]}},{"type":"Feature","properties":{"jobs":32,"pop":0,"pointCount":1,"homeWorkCommuteMedian":-1,"workHomeCommuteMedian":2317},"geometry":{"type":"Polygon","coordinates":[[[17.747665729584998,49.44190535360352],[17.747665729584998,49.45089855724076],[17.756658933222244,49.45089855724076],[17.756658933222244,49.44190535360352],[17.747665729584998,49.44190535360352]]]}},{"type":"Feature","properties":{"jobs":0,"pop":81,"pointCount":3,"homeWorkCommuteMedian":16924,"workHomeCommuteMedian":-1},"geometry":{"type":"Polygon","coordinates":[[[17.747665729584998,49.45089855724076],[17.747665729584998,49.45989176087801],[17.756658933222244,49.45989176087801],[17.756658933222244,49.45089855724076],[17.747665729584998,49.45089855724076]]]}},{"type":"Feature","properties":{"jobs":0,"pop":83,"pointCount":3,"homeWorkCommuteMedian":14741,"workHomeCommuteMedian":-1},"geometry":{"type":"Polygon","coordinates":[[[17.747665729584998,49.45989176087801],[17.747665729584998,49.468884964515254],[17.756658933222244,49.468884964515254],[17.756658933222244,49.45989176087801],[17.747665729584998,49.45989176087801]]]}},{"type":"Feature","properties":{"jobs":23,"pop":0,"pointCount":1,"homeWorkCommuteMedian":-1,"workHomeCommuteMedian":622},"geometry":{"type":"Polygon","coordinates":[[[17.747665729584998,49.4778781681525],[17.747665729584998,49.486871371789746],[17.756658933222244,49.486871371789746],[17.756658933222244,49.4778781681525],[17.747665729584998,49.4778781681525]]]}},{"type":"Feature","properties":{"jobs":10,"pop":0,"pointCount":1,"homeWorkCommuteMedian":-1,"workHomeCommuteMedian":1632},"geometry":{"type":"Polygon","coordinates":[[[17.747665729584998,49.52284418633873],[17.747665729584998,49.531837389975976],[17.756658933222244,49.531837389975976],[17.756658933222244,49.52284418633873],[17.747665729584998,49.52284418633873]]]}},{"type":"Feature","properties":{"jobs":39,"pop":139,"pointCount":9,"homeWorkCommuteMedian":2668,"workHomeCommuteMedian":2599},"geometry":{"type":"Polygon","coordinates":[[[17.747665729584998,49.54083059361322],[17.747665729584998,49.54982379725047],[17.756658933222244,49.54982379725047],[17.756658933222244,49.54083059361322],[17.747665729584998,49.54083059361322]]]}},{"type":"Feature","properties":{"jobs":127,"pop":234,"pointCount":5,"homeWorkCommuteMedian":3019,"workHomeCommuteMedian":3321},"geometry":{"type":"Polygon","coordinates":[[[17.747665729584998,49.54982379725047],[17.747665729584998,49.558817000887714],[17.756658933222244,49.558817000887714],[17.756658933222244,49.54982379725047],[17.747665729584998,49.54982379725047]]]}},{"type":"Feature","properties":{"jobs":387,"pop":417,"pointCount":5,"homeWorkCommuteMedian":9522,"workHomeCommuteMedian":7069},"geometry":{"type":"Polygon","coordinates":[[[17.747665729584998,49.558817000887714],[17.747665729584998,49.56781020452496],[17.756658933222244,49.56781020452496],[17.756658933222244,49.558817000887714],[17.747665729584998,49.558817000887714]]]}},{"type":"Feature","properties":{"jobs":3657,"pop":0,"pointCount":4,"homeWorkCommuteMedian":-1,"workHomeCommuteMedian":16700},"geometry":{"type":"Polygon","coordinates":[[[17.747665729584998,49.56781020452496],[17.747665729584998,49.576803408162206],[17.756658933222244,49.576803408162206],[17.756658933222244,49.56781020452496],[17.747665729584998,49.56781020452496]]]}},{"type":"Feature","properties":{"jobs":0,"pop":31,"pointCount":2,"homeWorkCommuteMedian":8746,"workHomeCommuteMedian":-1},"geometry":{"type":"Polygon","coordinates":[[[17.747665729584998,49.61277622271119],[17.747665729584998,49.621769426348436],[17.756658933222244,49.621769426348436],[17.756658933222244,49.61277622271119],[17.747665729584998,49.61277622271119]]]}},{"type":"Feature","properties":{"jobs":0,"pop":61,"pointCount":3,"homeWorkCommuteMedian":11644,"workHomeCommuteMedian":-1},"geometry":{"type":"Polygon","coordinates":[[[17.747665729584998,49.63076262998568],[17.747665729584998,49.63975583362293],[17.756658933222244,49.63975583362293],[17.756658933222244,49.63076262998568],[17.747665729584998,49.63076262998568]]]}},{"type":"Feature","properties":{"jobs":10,"pop":117,"pointCount":4,"homeWorkCommuteMedian":12607,"workHomeCommuteMedian":327},"geometry":{"type":"Polygon","coordinates":[[[17.747665729584998,49.63975583362293],[17.747665729584998,49.648749037260174],[17.756658933222244,49.648749037260174],[17.756658933222244,49.63975583362293],[17.747665729584998,49.63975583362293]]]}},{"type":"Feature","properties":{"jobs":21,"pop":148,"pointCount":9,"homeWorkCommuteMedian":14892,"workHomeCommuteMedian":14874},"geometry":{"type":"Polygon","coordinates":[[[17.756658933222244,49.45089855724076],[17.756658933222244,49.45989176087801],[17.76565213685949,49.45989176087801],[17.76565213685949,49.45089855724076],[17.756658933222244,49.45089855724076]]]}},{"type":"Feature","properties":{"jobs":143,"pop":129,"pointCount":8,"homeWorkCommuteMedian":16618,"workHomeCommuteMedian":4361},"geometry":{"type":"Polygon","coordinates":[[[17.756658933222244,49.45989176087801],[17.756658933222244,49.468884964515254],[17.76565213685949,49.468884964515254],[17.76565213685949,49.45989176087801],[17.756658933222244,49.45989176087801]]]}},{"type":"Feature","properties":{"jobs":0,"pop":96,"pointCount":3,"homeWorkCommuteMedian":11074,"workHomeCommuteMedian":-1},"geometry":{"type":"Polygon","coordinates":[[[17.756658933222244,49.4778781681525],[17.756658933222244,49.486871371789746],[17.76565213685949,49.486871371789746],[17.76565213685949,49.4778781681525],[17.756658933222244,49.4778781681525]]]}},{"type":"Feature","properties":{"jobs":21,"pop":150,"pointCount":6,"homeWorkCommuteMedian":12168,"workHomeCommuteMedian":399},"geometry":{"type":"Polygon","coordinates":[[[17.756658933222244,49.486871371789746],[17.756658933222244,49.49586457542699],[17.76565213685949,49.49586457542699],[17.76565213685949,49.486871371789746],[17.756658933222244,49.486871371789746]]]}},{"type":"Feature","properties":{"jobs":25,"pop":96,"pointCount":5,"homeWorkCommuteMedian":6870,"workHomeCommuteMedian":566},"geometry":{"type":"Polygon","coordinates":[[[17.756658933222244,49.513850982701484],[17.756658933222244,49.52284418633873],[17.76565213685949,49.52284418633873],[17.76565213685949,49.513850982701484],[17.756658933222244,49.513850982701484]]]}},{"type":"Feature","properties":{"jobs":41,"pop":0,"pointCount":1,"homeWorkCommuteMedian":-1,"workHomeCommuteMedian":15072},"geometry":{"type":"Polygon","coordinates":[[[17.756658933222244,49.54982379725047],[17.756658933222244,49.558817000887714],[17.76565213685949,49.558817000887714],[17.76565213685949,49.54982379725047],[17.756658933222244,49.54982379725047]]]}},{"type":"Feature","properties":{"jobs":937,"pop":0,"pointCount":3,"homeWorkCommuteMedian":-1,"workHomeCommuteMedian":7256},"geometry":{"type":"Polygon","coordinates":[[[17.756658933222244,49.558817000887714],[17.756658933222244,49.56781020452496],[17.76565213685949,49.56781020452496],[17.76565213685949,49.558817000887714],[17.756658933222244,49.558817000887714]]]}},{"type":"Feature","properties":{"jobs":0,"pop":10,"pointCount":1,"homeWorkCommuteMedian":44334,"workHomeCommuteMedian":-1},"geometry":{"type":"Polygon","coordinates":[[[17.756658933222244,49.63076262998568],[17.756658933222244,49.63975583362293],[17.76565213685949,49.63975583362293],[17.76565213685949,49.63076262998568],[17.756658933222244,49.63076262998568]]]}},{"type":"Feature","properties":{"jobs":0,"pop":20,"pointCount":1,"homeWorkCommuteMedian":57012,"workHomeCommuteMedian":-1},"geometry":{"type":"Polygon","coordinates":[[[17.76565213685949,49.44190535360352],[17.76565213685949,49.45089855724076],[17.774645340496736,49.45089855724076],[17.774645340496736,49.44190535360352],[17.76565213685949,49.44190535360352]]]}},{"type":"Feature","properties":{"jobs":1,"pop":44,"pointCount":2,"homeWorkCommuteMedian":17760,"workHomeCommuteMedian":208},"geometry":{"type":"Polygon","coordinates":[[[17.76565213685949,49.45089855724076],[17.76565213685949,49.45989176087801],[17.774645340496736,49.45989176087801],[17.774645340496736,49.45089855724076],[17.76565213685949,49.45089855724076]]]}},{"type":"Feature","properties":{"jobs":17,"pop":166,"pointCount":8,"homeWorkCommuteMedian":8287,"workHomeCommuteMedian":351},"geometry":{"type":"Polygon","coordinates":[[[17.76565213685949,49.513850982701484],[17.76565213685949,49.52284418633873],[17.774645340496736,49.52284418633873],[17.774645340496736,49.513850982701484],[17.76565213685949,49.513850982701484]]]}},{"type":"Feature","properties":{"jobs":35,"pop":102,"pointCount":3,"homeWorkCommuteMedian":5795,"workHomeCommuteMedian":2032},"geometry":{"type":"Polygon","coordinates":[[[17.76565213685949,49.52284418633873],[17.76565213685949,49.531837389975976],[17.774645340496736,49.531837389975976],[17.774645340496736,49.52284418633873],[17.76565213685949,49.52284418633873]]]}},{"type":"Feature","properties":{"jobs":0,"pop":155,"pointCount":7,"homeWorkCommuteMedian":10444,"workHomeCommuteMedian":-1},"geometry":{"type":"Polygon","coordinates":[[[17.76565213685949,49.531837389975976],[17.76565213685949,49.54083059361322],[17.774645340496736,49.54083059361322],[17.774645340496736,49.531837389975976],[17.76565213685949,49.531837389975976]]]}},{"type":"Feature","properties":{"jobs":627,"pop":0,"pointCount":1,"homeWorkCommuteMedian":-1,"workHomeCommuteMedian":7280},"geometry":{"type":"Polygon","coordinates":[[[17.76565213685949,49.54982379725047],[17.76565213685949,49.558817000887714],[17.774645340496736,49.558817000887714],[17.774645340496736,49.54982379725047],[17.76565213685949,49.54982379725047]]]}},{"type":"Feature","properties":{"jobs":33,"pop":131,"pointCount":6,"homeWorkCommuteMedian":13156,"workHomeCommuteMedian":251},"geometry":{"type":"Polygon","coordinates":[[[17.774645340496736,49.468884964515254],[17.774645340496736,49.4778781681525],[17.783638544133982,49.4778781681525],[17.783638544133982,49.468884964515254],[17.774645340496736,49.468884964515254]]]}},{"type":"Feature","properties":{"jobs":0,"pop":71,"pointCount":2,"homeWorkCommuteMedian":8436,"workHomeCommuteMedian":-1},"geometry":{"type":"Polygon","coordinates":[[[17.774645340496736,49.531837389975976],[17.774645340496736,49.54083059361322],[17.783638544133982,49.54083059361322],[17.783638544133982,49.531837389975976],[17.774645340496736,49.531837389975976]]]}},{"type":"Feature","properties":{"jobs":1,"pop":74,"pointCount":4,"homeWorkCommuteMedian":7085,"workHomeCommuteMedian":153},"geometry":{"type":"Polygon","coordinates":[[[17.774645340496736,49.54083059361322],[17.774645340496736,49.54982379725047],[17.783638544133982,49.54982379725047],[17.783638544133982,49.54083059361322],[17.774645340496736,49.54083059361322]]]}},{"type":"Feature","properties":{"jobs":0,"pop":31,"pointCount":1,"homeWorkCommuteMedian":7815,"workHomeCommuteMedian":-1},"geometry":{"type":"Polygon","coordinates":[[[17.774645340496736,49.576803408162206],[17.774645340496736,49.58579661179945],[17.783638544133982,49.58579661179945],[17.783638544133982,49.576803408162206],[17.774645340496736,49.576803408162206]]]}},{"type":"Feature","properties":{"jobs":10,"pop":0,"pointCount":1,"homeWorkCommuteMedian":-1,"workHomeCommuteMedian":340},"geometry":{"type":"Polygon","coordinates":[[[17.774645340496736,49.603783019073944],[17.774645340496736,49.61277622271119],[17.783638544133982,49.61277622271119],[17.783638544133982,49.603783019073944],[17.774645340496736,49.603783019073944]]]}},{"type":"Feature","properties":{"jobs":0,"pop":39,"pointCount":2,"homeWorkCommuteMedian":11893,"workHomeCommuteMedian":-1},"geometry":{"type":"Polygon","coordinates":[[[17.774645340496736,49.61277622271119],[17.774645340496736,49.621769426348436],[17.783638544133982,49.621769426348436],[17.783638544133982,49.61277622271119],[17.774645340496736,49.61277622271119]]]}},{"type":"Feature","properties":{"jobs":0,"pop":73,"pointCount":3,"homeWorkCommuteMedian":11865,"workHomeCommuteMedian":-1},"geometry":{"type":"Polygon","coordinates":[[[17.783638544133982,49.486871371789746],[17.783638544133982,49.49586457542699],[17.792631747771228,49.49586457542699],[17.792631747771228,49.486871371789746],[17.783638544133982,49.486871371789746]]]}},{"type":"Feature","properties":{"jobs":22,"pop":66,"pointCount":3,"homeWorkCommuteMedian":51252,"workHomeCommuteMedian":10438},"geometry":{"type":"Polygon","coordinates":[[[17.783638544133982,49.576803408162206],[17.783638544133982,49.58579661179945],[17.792631747771228,49.58579661179945],[17.792631747771228,49.576803408162206],[17.783638544133982,49.576803408162206]]]}},{"type":"Feature","properties":{"jobs":0,"pop":50,"pointCount":1,"homeWorkCommuteMedian":10684,"workHomeCommuteMedian":-1},"geometry":{"type":"Polygon","coordinates":[[[17.783638544133982,49.603783019073944],[17.783638544133982,49.61277622271119],[17.792631747771228,49.61277622271119],[17.792631747771228,49.603783019073944],[17.783638544133982,49.603783019073944]]]}},{"type":"Feature","properties":{"jobs":0,"pop":112,"pointCount":4,"homeWorkCommuteMedian":38192,"workHomeCommuteMedian":-1},"geometry":{"type":"Polygon","coordinates":[[[17.792631747771228,49.50485777906424],[17.792631747771228,49.513850982701484],[17.801624951408474,49.513850982701484],[17.801624951408474,49.50485777906424],[17.792631747771228,49.50485777906424]]]}},{"type":"Feature","properties":{"jobs":96,"pop":168,"pointCount":10,"homeWorkCommuteMedian":8724,"workHomeCommuteMedian":7830},"geometry":{"type":"Polygon","coordinates":[[[17.792631747771228,49.513850982701484],[17.792631747771228,49.52284418633873],[17.801624951408474,49.52284418633873],[17.801624951408474,49.513850982701484],[17.792631747771228,49.513850982701484]]]}},{"type":"Feature","properties":{"jobs":0,"pop":126,"pointCount":3,"homeWorkCommuteMedian":9056,"workHomeCommuteMedian":-1},"geometry":{"type":"Polygon","coordinates":[[[17.792631747771228,49.558817000887714],[17.792631747771228,49.56781020452496],[17.801624951408474,49.56781020452496],[17.801624951408474,49.558817000887714],[17.792631747771228,49.558817000887714]]]}},{"type":"Feature","properties":{"jobs":33,"pop":17,"pointCount":2,"homeWorkCommuteMedian":3675,"workHomeCommuteMedian":2616},"geometry":{"type":"Polygon","coordinates":[[[17.792631747771228,49.56781020452496],[17.792631747771228,49.576803408162206],[17.801624951408474,49.576803408162206],[17.801624951408474,49.56781020452496],[17.792631747771228,49.56781020452496]]]}},{"type":"Feature","properties":{"jobs":44,"pop":150,"pointCount":6,"homeWorkCommuteMedian":22879,"workHomeCommuteMedian":16867},"geometry":{"type":"Polygon","coordinates":[[[17.792631747771228,49.576803408162206],[17.792631747771228,49.58579661179945],[17.801624951408474,49.58579661179945],[17.801624951408474,49.576803408162206],[17.792631747771228,49.576803408162206]]]}},{"type":"Feature","properties":{"jobs":110,"pop":98,"pointCount":5,"homeWorkCommuteMedian":7641,"workHomeCommuteMedian":6071},"geometry":{"type":"Polygon","coordinates":[[[17.792631747771228,49.58579661179945],[17.792631747771228,49.5947898154367],[17.801624951408474,49.5947898154367],[17.801624951408474,49.58579661179945],[17.792631747771228,49.58579661179945]]]}},{"type":"Feature","properties":{"jobs":0,"pop":31,"pointCount":2,"homeWorkCommuteMedian":13967,"workHomeCommuteMedian":-1},"geometry":{"type":"Polygon","coordinates":[[[17.801624951408474,49.486871371789746],[17.801624951408474,49.49586457542699],[17.81061815504572,49.49586457542699],[17.81061815504572,49.486871371789746],[17.801624951408474,49.486871371789746]]]}},{"type":"Feature","properties":{"jobs":1,"pop":0,"pointCount":1,"homeWorkCommuteMedian":-1,"workHomeCommuteMedian":672},"geometry":{"type":"Polygon","coordinates":[[[17.801624951408474,49.49586457542699],[17.801624951408474,49.50485777906424],[17.81061815504572,49.50485777906424],[17.81061815504572,49.49586457542699],[17.801624951408474,49.49586457542699]]]}},{"type":"Feature","properties":{"jobs":0,"pop":4,"pointCount":1,"homeWorkCommuteMedian":39747,"workHomeCommuteMedian":-1},"geometry":{"type":"Polygon","coordinates":[[[17.801624951408474,49.52284418633873],[17.801624951408474,49.531837389975976],[17.81061815504572,49.531837389975976],[17.81061815504572,49.52284418633873],[17.801624951408474,49.52284418633873]]]}},{"type":"Feature","properties":{"jobs":0,"pop":88,"pointCount":4,"homeWorkCommuteMedian":9132,"workHomeCommuteMedian":-1},"geometry":{"type":"Polygon","coordinates":[[[17.801624951408474,49.54083059361322],[17.801624951408474,49.54982379725047],[17.81061815504572,49.54982379725047],[17.81061815504572,49.54083059361322],[17.801624951408474,49.54083059361322]]]}},{"type":"Feature","properties":{"jobs":12,"pop":38,"pointCount":2,"homeWorkCommuteMedian":10957,"workHomeCommuteMedian":564},"geometry":{"type":"Polygon","coordinates":[[[17.801624951408474,49.54982379725047],[17.801624951408474,49.558817000887714],[17.81061815504572,49.558817000887714],[17.81061815504572,49.54982379725047],[17.801624951408474,49.54982379725047]]]}},{"type":"Feature","properties":{"jobs":0,"pop":35,"pointCount":2,"homeWorkCommuteMedian":7524,"workHomeCommuteMedian":-1},"geometry":{"type":"Polygon","coordinates":[[[17.801624951408474,49.558817000887714],[17.801624951408474,49.56781020452496],[17.81061815504572,49.56781020452496],[17.81061815504572,49.558817000887714],[17.801624951408474,49.558817000887714]]]}},{"type":"Feature","properties":{"jobs":195,"pop":260,"pointCount":9,"homeWorkCommuteMedian":10734,"workHomeCommuteMedian":8748},"geometry":{"type":"Polygon","coordinates":[[[17.801624951408474,49.58579661179945],[17.801624951408474,49.5947898154367],[17.81061815504572,49.5947898154367],[17.81061815504572,49.58579661179945],[17.801624951408474,49.58579661179945]]]}},{"type":"Feature","properties":{"jobs":136,"pop":44,"pointCount":3,"homeWorkCommuteMedian":39067,"workHomeCommuteMedian":12055},"geometry":{"type":"Polygon","coordinates":[[[17.801624951408474,49.5947898154367],[17.801624951408474,49.603783019073944],[17.81061815504572,49.603783019073944],[17.81061815504572,49.5947898154367],[17.801624951408474,49.5947898154367]]]}},{"type":"Feature","properties":{"jobs":41,"pop":28,"pointCount":2,"homeWorkCommuteMedian":10174,"workHomeCommuteMedian":10430},"geometry":{"type":"Polygon","coordinates":[[[17.801624951408474,49.603783019073944],[17.801624951408474,49.61277622271119],[17.81061815504572,49.61277622271119],[17.81061815504572,49.603783019073944],[17.801624951408474,49.603783019073944]]]}},{"type":"Feature","properties":{"jobs":0,"pop":30,"pointCount":1,"homeWorkCommuteMedian":14046,"workHomeCommuteMedian":-1},"geometry":{"type":"Polygon","coordinates":[[[17.819611358682966,49.49586457542699],[17.819611358682966,49.50485777906424],[17.828604562320212,49.50485777906424],[17.828604562320212,49.49586457542699],[17.819611358682966,49.49586457542699]]]}},{"type":"Feature","properties":{"jobs":28,"pop":42,"pointCount":3,"homeWorkCommuteMedian":22387,"workHomeCommuteMedian":739},"geometry":{"type":"Polygon","coordinates":[[[17.819611358682966,49.50485777906424],[17.819611358682966,49.513850982701484],[17.828604562320212,49.513850982701484],[17.828604562320212,49.50485777906424],[17.819611358682966,49.50485777906424]]]}},{"type":"Feature","properties":{"jobs":0,"pop":28,"pointCount":2,"homeWorkCommuteMedian":739,"workHomeCommuteMedian":-1},"geometry":{"type":"Polygon","coordinates":[[[17.828604562320212,49.50485777906424],[17.828604562320212,49.513850982701484],[17.837597765957458,49.513850982701484],[17.837597765957458,49.50485777906424],[17.828604562320212,49.50485777906424]]]}},{"type":"Feature","properties":{"jobs":44,"pop":38,"pointCount":2,"homeWorkCommuteMedian":10162,"workHomeCommuteMedian":9925},"geometry":{"type":"Polygon","coordinates":[[[17.828604562320212,49.531837389975976],[17.828604562320212,49.54083059361322],[17.837597765957458,49.54083059361322],[17.837597765957458,49.531837389975976],[17.828604562320212,49.531837389975976]]]}},{"type":"Feature","properties":{"jobs":0,"pop":54,"pointCount":2,"homeWorkCommuteMedian":10973,"workHomeCommuteMedian":-1},"geometry":{"type":"Polygon","coordinates":[[[17.828604562320212,49.58579661179945],[17.828604562320212,49.5947898154367],[17.837597765957458,49.5947898154367],[17.837597765957458,49.58579661179945],[17.828604562320212,49.58579661179945]]]}},{"type":"Feature","properties":{"jobs":10,"pop":0,"pointCount":1,"homeWorkCommuteMedian":-1,"workHomeCommuteMedian":154},"geometry":{"type":"Polygon","coordinates":[[[17.828604562320212,49.5947898154367],[17.828604562320212,49.603783019073944],[17.837597765957458,49.603783019073944],[17.837597765957458,49.5947898154367],[17.828604562320212,49.5947898154367]]]}},{"type":"Feature","properties":{"jobs":196,"pop":117,"pointCount":8,"homeWorkCommuteMedian":21926,"workHomeCommuteMedian":11224},"geometry":{"type":"Polygon","coordinates":[[[17.837597765957458,49.531837389975976],[17.837597765957458,49.54083059361322],[17.846590969594704,49.54083059361322],[17.846590969594704,49.531837389975976],[17.837597765957458,49.531837389975976]]]}},{"type":"Feature","properties":{"jobs":0,"pop":9,"pointCount":1,"homeWorkCommuteMedian":58307,"workHomeCommuteMedian":-1},"geometry":{"type":"Polygon","coordinates":[[[17.837597765957458,49.54083059361322],[17.837597765957458,49.54982379725047],[17.846590969594704,49.54982379725047],[17.846590969594704,49.54083059361322],[17.837597765957458,49.54083059361322]]]}},{"type":"Feature","properties":{"jobs":9,"pop":19,"pointCount":2,"homeWorkCommuteMedian":4637,"workHomeCommuteMedian":215},"geometry":{"type":"Polygon","coordinates":[[[17.837597765957458,49.54982379725047],[17.837597765957458,49.558817000887714],[17.846590969594704,49.558817000887714],[17.846590969594704,49.54982379725047],[17.837597765957458,49.54982379725047]]]}},{"type":"Feature","properties":{"jobs":0,"pop":23,"pointCount":1,"homeWorkCommuteMedian":11443,"workHomeCommuteMedian":-1},"geometry":{"type":"Polygon","coordinates":[[[17.837597765957458,49.56781020452496],[17.837597765957458,49.576803408162206],[17.846590969594704,49.576803408162206],[17.846590969594704,49.56781020452496],[17.837597765957458,49.56781020452496]]]}},{"type":"Feature","properties":{"jobs":31,"pop":0,"pointCount":1,"homeWorkCommuteMedian":-1,"workHomeCommuteMedian":4182},"geometry":{"type":"Polygon","coordinates":[[[17.837597765957458,49.576803408162206],[17.837597765957458,49.58579661179945],[17.846590969594704,49.58579661179945],[17.846590969594704,49.576803408162206],[17.837597765957458,49.576803408162206]]]}},{"type":"Feature","properties":{"jobs":0,"pop":86,"pointCount":1,"homeWorkCommuteMedian":12064,"workHomeCommuteMedian":-1},"geometry":{"type":"Polygon","coordinates":[[[17.846590969594704,49.56781020452496],[17.846590969594704,49.576803408162206],[17.85558417323195,49.576803408162206],[17.85558417323195,49.56781020452496],[17.846590969594704,49.56781020452496]]]}},{"type":"Feature","properties":{"jobs":0,"pop":30,"pointCount":1,"homeWorkCommuteMedian":10877,"workHomeCommuteMedian":-1},"geometry":{"type":"Polygon","coordinates":[[[17.846590969594704,49.576803408162206],[17.846590969594704,49.58579661179945],[17.85558417323195,49.58579661179945],[17.85558417323195,49.576803408162206],[17.846590969594704,49.576803408162206]]]}},{"type":"Feature","properties":{"jobs":11,"pop":0,"pointCount":1,"homeWorkCommuteMedian":-1,"workHomeCommuteMedian":13137},"geometry":{"type":"Polygon","coordinates":[[[17.85558417323195,49.52284418633873],[17.85558417323195,49.531837389975976],[17.864577376869196,49.531837389975976],[17.864577376869196,49.52284418633873],[17.85558417323195,49.52284418633873]]]}},{"type":"Feature","properties":{"jobs":50,"pop":106,"pointCount":6,"homeWorkCommuteMedian":14907,"workHomeCommuteMedian":4637},"geometry":{"type":"Polygon","coordinates":[[[17.864577376869196,49.52284418633873],[17.864577376869196,49.531837389975976],[17.873570580506442,49.531837389975976],[17.873570580506442,49.52284418633873],[17.864577376869196,49.52284418633873]]]}},{"type":"Feature","properties":{"jobs":85,"pop":211,"pointCount":12,"homeWorkCommuteMedian":16274,"workHomeCommuteMedian":2561},"geometry":{"type":"Polygon","coordinates":[[[17.864577376869196,49.531837389975976],[17.864577376869196,49.54083059361322],[17.873570580506442,49.54083059361322],[17.873570580506442,49.531837389975976],[17.864577376869196,49.531837389975976]]]}},{"type":"Feature","properties":{"jobs":106,"pop":144,"pointCount":8,"homeWorkCommuteMedian":50578,"workHomeCommuteMedian":12497},"geometry":{"type":"Polygon","coordinates":[[[17.873570580506442,49.52284418633873],[17.873570580506442,49.531837389975976],[17.882563784143688,49.531837389975976],[17.882563784143688,49.52284418633873],[17.873570580506442,49.52284418633873]]]}},{"type":"Feature","properties":{"jobs":0,"pop":122,"pointCount":3,"homeWorkCommuteMedian":16510,"workHomeCommuteMedian":-1},"geometry":{"type":"Polygon","coordinates":[[[17.873570580506442,49.531837389975976],[17.873570580506442,49.54083059361322],[17.882563784143688,49.54083059361322],[17.882563784143688,49.531837389975976],[17.873570580506442,49.531837389975976]]]}},{"type":"Feature","properties":{"jobs":10,"pop":88,"pointCount":4,"homeWorkCommuteMedian":18628,"workHomeCommuteMedian":122},"geometry":{"type":"Polygon","coordinates":[[[17.873570580506442,49.54982379725047],[17.873570580506442,49.558817000887714],[17.882563784143688,49.558817000887714],[17.882563784143688,49.54982379725047],[17.873570580506442,49.54982379725047]]]}},{"type":"Feature","properties":{"jobs":10,"pop":0,"pointCount":1,"homeWorkCommuteMedian":-1,"workHomeCommuteMedian":15698},"geometry":{"type":"Polygon","coordinates":[[[17.882563784143688,49.513850982701484],[17.882563784143688,49.52284418633873],[17.891556987780934,49.52284418633873],[17.891556987780934,49.513850982701484],[17.882563784143688,49.513850982701484]]]}},{"type":"Feature","properties":{"jobs":17,"pop":83,"pointCount":3,"homeWorkCommuteMedian":56345,"workHomeCommuteMedian":2963},"geometry":{"type":"Polygon","coordinates":[[[17.891556987780934,49.531837389975976],[17.891556987780934,49.54083059361322],[17.90055019141818,49.54083059361322],[17.90055019141818,49.531837389975976],[17.891556987780934,49.531837389975976]]]}}],"properties":{"residentWeightedNearestNeighborKm":{"p10":0.07157590385948519,"p25":0.08837649901927751,"p50":0.11341731330139822,"p75":0.1440754035619321,"p90":0.1840034719846248,"mean":0.1238524327096202},"workerWeightedNearestNeighborKm":{"p10":0.08311829798551022,"p25":0.10366577832746565,"p50":0.14555106349034078,"p75":0.2075244788594764,"p90":0.2744327622279729,"mean":0.16936565217873664},"commuteDistanceKm":{"p10":1304,"p25":3031,"p50":8215,"p75":19902,"p90":32229,"mean":13014.528839991455},"residentCellDensity":{"p10":14,"p25":32,"p50":75,"p75":161,"p90":365,"mean":196.73741794310723},"workerCellDensity":{"p10":10,"p25":12,"p50":27,"p75":94,"p90":547,"mean":253.00937207122774},"detail":{"radiusKm":0.12848350310150983,"expectedPointSpacingKm":0.4555789197266342,"normalizedRadius":0.2820224938823006,"activityPerPoint":35.64523369421706,"playableAreaKm2":2948,"playableAreaPerPointKm2":0.3892263005017164,"playableCatchmentRadiusKm":0.3519866182292152,"localityScore":1,"deaggregationScore":1,"score":1},"polycentrism":{"activity":{"score":0,"continuousScore":0.9449289717981909,"detectedCenterCount":1,"effectiveCenterCount":1,"largestCenterShare":1,"bandwidthKm":1.3,"reliabilityScore":1,"supportLevel":"high","usedFallback":false,"topCenters":[{"longitude":17.267262628182685,"latitude":49.56774755348777,"massShare":1,"assignedMass":539954,"assignedPointCount":7574,"prominenceRatio":1}],"debug":{"rawPeakCount":118,"mergedPeakCount":68,"filteredPeakCount":1,"prominenceThreshold":0.22,"minPointsPerCenter":10,"rejectedCenters":[{"longitude":17.112227869580703,"latitude":49.47081974748622,"massShare":0.1340521599988147,"assignedMass":72382,"assignedPointCount":559,"prominenceRatio":1,"strongestCompetitorDistanceKm":16.685754750707044,"strongestCompetitorPotential":86846.58092830043,"localConsolidatedShare":0.1340521599988147,"localConsolidatedMass":72382,"localContributorCount":1,"localContributorDistancesKm":[],"rejectionReasons":["below_relative_share_floor"]},{"longitude":17.452283746139102,"latitude":49.451404313301886,"massShare":0.09591557799368094,"assignedMass":51790,"assignedPointCount":489,"prominenceRatio":1,"strongestCompetitorDistanceKm":20.901285711936627,"strongestCompetitorPotential":86846.58092830043,"localConsolidatedShare":0.11717109235231149,"localConsolidatedMass":63267,"localContributorCount":2,"localContributorDistancesKm":[12.793744988267028],"rejectionReasons":["below_relative_share_floor"]},{"longitude":17.73982135936559,"latitude":49.55775930576863,"massShare":0.050913596343392216,"assignedMass":27491,"assignedPointCount":326,"prominenceRatio":1,"strongestCompetitorDistanceKm":34.95251193111201,"strongestCompetitorPotential":86846.58092830043,"localConsolidatedShare":0.07216911070202277,"localConsolidatedMass":38968,"localContributorCount":2,"localContributorDistancesKm":[11.185705319239336],"rejectionReasons":["below_relative_share_floor"]},{"longitude":17.289207073455227,"latitude":49.725004349915736,"massShare":0.032239783388955355,"assignedMass":17408,"assignedPointCount":215,"prominenceRatio":1,"strongestCompetitorDistanceKm":15.10647401332345,"strongestCompetitorPotential":86846.58092830043,"localConsolidatedShare":0.060116232123477185,"localConsolidatedMass":32460,"localContributorCount":2,"localContributorDistancesKm":[13.623287498073767],"rejectionReasons":["below_relative_share_floor"]},{"longitude":16.927970262884628,"latitude":49.76932005086102,"massShare":0.03351581801412713,"assignedMass":18097,"assignedPointCount":209,"prominenceRatio":1,"strongestCompetitorDistanceKm":31.088343753262503,"strongestCompetitorPotential":86846.58092830043,"localConsolidatedShare":0.08359045400163717,"localConsolidatedMass":45135,"localContributorCount":3,"localContributorDistancesKm":[13.204392452985125,13.63807938456132],"rejectionReasons":["below_relative_share_floor"]},{"longitude":17.11982996789148,"latitude":49.77482562698477,"massShare":0.02787644873452183,"assignedMass":15052,"assignedPointCount":179,"prominenceRatio":1,"strongestCompetitorDistanceKm":22.658433493352426,"strongestCompetitorPotential":86846.58092830043,"localConsolidatedShare":0.02787644873452183,"localConsolidatedMass":15052,"localContributorCount":1,"localContributorDistancesKm":[],"rejectionReasons":["below_secondary_share_floor"]},{"longitude":17.590100248713817,"latitude":49.5287999208206,"massShare":0.02125551435863055,"assignedMass":11477,"assignedPointCount":175,"prominenceRatio":1,"strongestCompetitorDistanceKm":25.02637554489825,"strongestCompetitorPotential":86846.58092830043,"localConsolidatedShare":0.02125551435863055,"localConsolidatedMass":11477,"localContributorCount":1,"localContributorDistancesKm":[],"rejectionReasons":["below_secondary_share_floor"]},{"longitude":17.072092925695948,"latitude":49.70128262062842,"massShare":0.02219818725298822,"assignedMass":11986,"assignedPointCount":204,"prominenceRatio":1,"strongestCompetitorDistanceKm":17.952882407724523,"strongestCompetitorPotential":86846.58092830043,"localConsolidatedShare":0.02219818725298822,"localConsolidatedMass":11986,"localContributorCount":1,"localContributorDistancesKm":[],"rejectionReasons":["below_secondary_share_floor"]},{"longitude":17.14793678977181,"latitude":49.5568023622495,"massShare":0.023513114080088302,"assignedMass":12696,"assignedPointCount":297,"prominenceRatio":0.9999999994777611,"strongestCompetitorDistanceKm":9.058520643627782,"strongestCompetitorPotential":86846.58092830043,"localConsolidatedShare":0.023513114080088302,"localConsolidatedMass":12696,"localContributorCount":1,"localContributorDistancesKm":[],"rejectionReasons":["below_secondary_share_floor"]},{"longitude":17.386620070365854,"latitude":49.60660009937178,"massShare":0.020379513810435703,"assignedMass":11004,"assignedPointCount":210,"prominenceRatio":0.9999999999998889,"strongestCompetitorDistanceKm":10.550595099909485,"strongestCompetitorPotential":86846.58092830043,"localConsolidatedShare":0.020379513810435703,"localConsolidatedMass":11004,"localContributorCount":1,"localContributorDistancesKm":[],"rejectionReasons":["below_secondary_share_floor"]},{"longitude":17.32917932066194,"latitude":49.63740010616179,"massShare":0.01905162291602618,"assignedMass":10287,"assignedPointCount":279,"prominenceRatio":0.9999980197062169,"strongestCompetitorDistanceKm":7.412747132444126,"strongestCompetitorPotential":86846.58092830043,"localConsolidatedShare":0.01905162291602618,"localConsolidatedMass":10287,"localContributorCount":1,"localContributorDistancesKm":[],"rejectionReasons":["below_secondary_share_floor"]},{"longitude":17.299270051252428,"latitude":49.348042030009054,"massShare":0.0092970882704823,"assignedMass":5020,"assignedPointCount":140,"prominenceRatio":1,"strongestCompetitorDistanceKm":27.040867779734697,"strongestCompetitorPotential":86846.58092830043,"localConsolidatedShare":0.0092970882704823,"localConsolidatedMass":5020,"localContributorCount":1,"localContributorDistancesKm":[],"rejectionReasons":["below_secondary_share_floor"]},{"longitude":17.05728312863039,"latitude":49.50937584749708,"massShare":0.008063649866470107,"assignedMass":4354,"assignedPointCount":143,"prominenceRatio":1,"strongestCompetitorDistanceKm":16.188382479798932,"strongestCompetitorPotential":86846.58092830043,"localConsolidatedShare":0.008063649866470107,"localConsolidatedMass":4354,"localContributorCount":1,"localContributorDistancesKm":[],"rejectionReasons":["below_secondary_share_floor"]},{"longitude":16.88828707625899,"latitude":49.59677712882015,"massShare":0.006678346673975931,"assignedMass":3606,"assignedPointCount":117,"prominenceRatio":1,"strongestCompetitorDistanceKm":26.36082644322539,"strongestCompetitorPotential":86846.58092830043,"localConsolidatedShare":0.006678346673975931,"localConsolidatedMass":3606,"localContributorCount":1,"localContributorDistancesKm":[],"rejectionReasons":["below_secondary_share_floor"]},{"longitude":17.230928134793206,"latitude":49.66504229853704,"massShare":0.010136048626364469,"assignedMass":5473,"assignedPointCount":178,"prominenceRatio":0.9999999999470178,"strongestCompetitorDistanceKm":9.61820182610608,"strongestCompetitorPotential":86846.58092830043,"localConsolidatedShare":0.010136048626364469,"localConsolidatedMass":5473,"localContributorCount":1,"localContributorDistancesKm":[],"rejectionReasons":["below_secondary_share_floor"]},{"longitude":17.192540889494193,"latitude":49.33413342404693,"massShare":0.010161976760983344,"assignedMass":5487,"assignedPointCount":201,"prominenceRatio":1,"strongestCompetitorDistanceKm":28.05617839118851,"strongestCompetitorPotential":86846.58092830043,"localConsolidatedShare":0.010161976760983344,"localConsolidatedMass":5487,"localContributorCount":1,"localContributorDistancesKm":[],"rejectionReasons":["below_secondary_share_floor"]},{"longitude":17.21459559808116,"latitude":49.8082181413613,"massShare":0.00611163173159195,"assignedMass":3300,"assignedPointCount":78,"prominenceRatio":1,"strongestCompetitorDistanceKm":24.340895441781775,"strongestCompetitorPotential":86846.58092830043,"localConsolidatedShare":0.00611163173159195,"localConsolidatedMass":3300,"localContributorCount":1,"localContributorDistancesKm":[],"rejectionReasons":["below_secondary_share_floor"]},{"longitude":17.076196197479234,"latitude":49.60445177701648,"massShare":0.008748893424254658,"assignedMass":4724,"assignedPointCount":165,"prominenceRatio":1,"strongestCompetitorDistanceKm":13.289584345427205,"strongestCompetitorPotential":86846.58092830043,"localConsolidatedShare":0.008748893424254658,"localConsolidatedMass":4724,"localContributorCount":1,"localContributorDistancesKm":[],"rejectionReasons":["below_secondary_share_floor"]},{"longitude":17.34787667983195,"latitude":49.493497629790426,"massShare":0.008454423895368865,"assignedMass":4565,"assignedPointCount":176,"prominenceRatio":1,"strongestCompetitorDistanceKm":13.049081101243353,"strongestCompetitorPotential":86846.58092830043,"localConsolidatedShare":0.008454423895368865,"localConsolidatedMass":4565,"localContributorCount":1,"localContributorDistancesKm":[],"rejectionReasons":["below_secondary_share_floor"]},{"longitude":17.44550733701711,"latitude":49.7923540112365,"massShare":0.003505854202395019,"assignedMass":1893,"assignedPointCount":54,"prominenceRatio":1,"strongestCompetitorDistanceKm":26.34696429067581,"strongestCompetitorPotential":86846.58092830043,"localConsolidatedShare":0.003505854202395019,"localConsolidatedMass":1893,"localContributorCount":1,"localContributorDistancesKm":[],"rejectionReasons":["below_secondary_share_floor"]},{"longitude":17.28133591207979,"latitude":49.42198378726073,"massShare":0.005611589135370791,"assignedMass":3030,"assignedPointCount":107,"prominenceRatio":1,"strongestCompetitorDistanceKm":18.217365123989133,"strongestCompetitorPotential":86846.58092830043,"localConsolidatedShare":0.005611589135370791,"localConsolidatedMass":3030,"localContributorCount":1,"localContributorDistancesKm":[],"rejectionReasons":["below_secondary_share_floor"]},{"longitude":17.089151528647264,"latitude":49.38222958619206,"massShare":0.00809328202032025,"assignedMass":4370,"assignedPointCount":171,"prominenceRatio":1,"strongestCompetitorDistanceKm":27.14518950230111,"strongestCompetitorPotential":86846.58092830043,"localConsolidatedShare":0.00809328202032025,"localConsolidatedMass":4370,"localContributorCount":1,"localContributorDistancesKm":[],"rejectionReasons":["below_secondary_share_floor"]},{"longitude":17.596650707299894,"latitude":49.42819582007333,"massShare":0.003911444308218848,"assignedMass":2112,"assignedPointCount":80,"prominenceRatio":1,"strongestCompetitorDistanceKm":30.43684888832524,"strongestCompetitorPotential":86846.58092830043,"localConsolidatedShare":0.003911444308218848,"localConsolidatedMass":2112,"localContributorCount":1,"localContributorDistancesKm":[],"rejectionReasons":["below_secondary_share_floor"]},{"longitude":17.266242564304008,"latitude":49.483842213618836,"massShare":0.005454168318041908,"assignedMass":2945,"assignedPointCount":121,"prominenceRatio":1,"strongestCompetitorDistanceKm":13.030729452247675,"strongestCompetitorPotential":86846.58092830043,"localConsolidatedShare":0.005454168318041908,"localConsolidatedMass":2945,"localContributorCount":1,"localContributorDistancesKm":[],"rejectionReasons":["below_secondary_share_floor"]},{"longitude":17.14135569188799,"latitude":49.65012666316104,"massShare":0.005241187212244006,"assignedMass":2830,"assignedPointCount":119,"prominenceRatio":0.9999999999999962,"strongestCompetitorDistanceKm":11.264600519300863,"strongestCompetitorPotential":86846.58092830043,"localConsolidatedShare":0.005241187212244006,"localConsolidatedMass":2830,"localContributorCount":1,"localContributorDistancesKm":[],"rejectionReasons":["below_secondary_share_floor"]},{"longitude":17.41483412506304,"latitude":49.544883810849406,"massShare":0.006557966048959726,"assignedMass":3541,"assignedPointCount":129,"prominenceRatio":1,"strongestCompetitorDistanceKm":13.51021963196342,"strongestCompetitorPotential":86846.58092830043,"localConsolidatedShare":0.006557966048959726,"localConsolidatedMass":3541,"localContributorCount":1,"localContributorDistancesKm":[],"rejectionReasons":["below_secondary_share_floor"]},{"longitude":17.195271795882586,"latitude":49.40310951299706,"massShare":0.005213407068009497,"assignedMass":2815,"assignedPointCount":108,"prominenceRatio":1,"strongestCompetitorDistanceKm":21.071602157786145,"strongestCompetitorPotential":86846.58092830043,"localConsolidatedShare":0.005213407068009497,"localConsolidatedMass":2815,"localContributorCount":1,"localContributorDistancesKm":[],"rejectionReasons":["below_secondary_share_floor"]},{"longitude":17.516442332058357,"latitude":49.50470917791768,"massShare":0.005081914385299488,"assignedMass":2744,"assignedPointCount":105,"prominenceRatio":1,"strongestCompetitorDistanceKm":21.28149864779033,"strongestCompetitorPotential":86846.58092830043,"localConsolidatedShare":0.005081914385299488,"localConsolidatedMass":2744,"localContributorCount":1,"localContributorDistancesKm":[],"rejectionReasons":["below_secondary_share_floor"]},{"longitude":17.349668257410702,"latitude":49.42904529673972,"massShare":0.002011282442578442,"assignedMass":1086,"assignedPointCount":49,"prominenceRatio":1,"strongestCompetitorDistanceKm":19.125037546851715,"strongestCompetitorPotential":86846.58092830043,"localConsolidatedShare":0.002011282442578442,"localConsolidatedMass":1086,"localContributorCount":1,"localContributorDistancesKm":[],"rejectionReasons":["below_secondary_share_floor"]},{"longitude":17.0747996910305,"latitude":49.82206220637345,"massShare":0.0030465558177178056,"assignedMass":1645,"assignedPointCount":64,"prominenceRatio":1,"strongestCompetitorDistanceKm":28.20959865025521,"strongestCompetitorPotential":86846.58092830043,"localConsolidatedShare":0.0030465558177178056,"localConsolidatedMass":1645,"localContributorCount":1,"localContributorDistancesKm":[],"rejectionReasons":["below_secondary_share_floor"]},{"longitude":17.86174685820231,"latitude":49.53849319656331,"massShare":0.0035465984139389653,"assignedMass":1915,"assignedPointCount":69,"prominenceRatio":1,"strongestCompetitorDistanceKm":44.82774899939995,"strongestCompetitorPotential":86846.58092830043,"localConsolidatedShare":0.0035465984139389653,"localConsolidatedMass":1915,"localContributorCount":1,"localContributorDistancesKm":[],"rejectionReasons":["below_secondary_share_floor"]},{"longitude":17.473750585085504,"latitude":49.5727952887525,"massShare":0.0030465558177178056,"assignedMass":1645,"assignedPointCount":60,"prominenceRatio":1,"strongestCompetitorDistanceKm":16.19012454666047,"strongestCompetitorPotential":86846.58092830043,"localConsolidatedShare":0.0030465558177178056,"localConsolidatedMass":1645,"localContributorCount":1,"localContributorDistancesKm":[],"rejectionReasons":["below_secondary_share_floor"]},{"longitude":17.02232947155521,"latitude":49.55721885107954,"massShare":0.0030743359619523143,"assignedMass":1660,"assignedPointCount":66,"prominenceRatio":1,"strongestCompetitorDistanceKm":16.483160728374873,"strongestCompetitorPotential":86846.58092830043,"localConsolidatedShare":0.0030743359619523143,"localConsolidatedMass":1660,"localContributorCount":1,"localContributorDistancesKm":[],"rejectionReasons":["below_secondary_share_floor"]},{"longitude":16.842331353345134,"latitude":49.488500223844675,"massShare":0.0022390796253014145,"assignedMass":1209,"assignedPointCount":46,"prominenceRatio":1,"strongestCompetitorDistanceKm":32.44607644325589,"strongestCompetitorPotential":86846.58092830043,"localConsolidatedShare":0.0022390796253014145,"localConsolidatedMass":1209,"localContributorCount":1,"localContributorDistancesKm":[],"rejectionReasons":["below_secondary_share_floor"]},{"longitude":16.895782960143123,"latitude":49.696923125214134,"massShare":0.0030521118465647074,"assignedMass":1648,"assignedPointCount":62,"prominenceRatio":1,"strongestCompetitorDistanceKm":29.062889301492635,"strongestCompetitorPotential":86846.58092830043,"localConsolidatedShare":0.0030521118465647074,"localConsolidatedMass":1648,"localContributorCount":1,"localContributorDistancesKm":[],"rejectionReasons":["below_secondary_share_floor"]},{"longitude":17.74522604473488,"latitude":49.50024509952194,"massShare":0.003698463202420947,"assignedMass":1997,"assignedPointCount":76,"prominenceRatio":1,"strongestCompetitorDistanceKm":36.22284739189521,"strongestCompetitorPotential":86846.58092830043,"localConsolidatedShare":0.003698463202420947,"localConsolidatedMass":1997,"localContributorCount":1,"localContributorDistancesKm":[],"rejectionReasons":["below_secondary_share_floor"]},{"longitude":17.757738089560807,"latitude":49.45880214739997,"massShare":0.0020353585675816827,"assignedMass":1099,"assignedPointCount":42,"prominenceRatio":1,"strongestCompetitorDistanceKm":39.198285674368194,"strongestCompetitorPotential":86846.58092830043,"localConsolidatedShare":0.0020353585675816827,"localConsolidatedMass":1099,"localContributorCount":1,"localContributorDistancesKm":[],"rejectionReasons":["below_secondary_share_floor"]},{"longitude":17.14372976242517,"latitude":49.832096857011166,"massShare":0.002327976086851843,"assignedMass":1257,"assignedPointCount":50,"prominenceRatio":1,"strongestCompetitorDistanceKm":27.983853966571726,"strongestCompetitorPotential":86846.58092830043,"localConsolidatedShare":0.002327976086851843,"localConsolidatedMass":1257,"localContributorCount":1,"localContributorDistancesKm":[],"rejectionReasons":["below_secondary_share_floor"]},{"longitude":16.9492158718206,"latitude":49.55583944663333,"massShare":0.002248339673379584,"assignedMass":1214,"assignedPointCount":51,"prominenceRatio":1,"strongestCompetitorDistanceKm":22.12759962379139,"strongestCompetitorPotential":86846.58092830043,"localConsolidatedShare":0.002248339673379584,"localConsolidatedMass":1214,"localContributorCount":1,"localContributorDistancesKm":[],"rejectionReasons":["below_secondary_share_floor"]},{"longitude":17.16563949006408,"latitude":49.71603948350401,"massShare":0.0023909444137833963,"assignedMass":1291,"assignedPointCount":54,"prominenceRatio":1,"strongestCompetitorDistanceKm":16.03179767004903,"strongestCompetitorPotential":86846.58092830043,"localConsolidatedShare":0.0023909444137833963,"localConsolidatedMass":1291,"localContributorCount":1,"localContributorDistancesKm":[],"rejectionReasons":["below_secondary_share_floor"]},{"longitude":16.961364266119578,"latitude":49.50869017709766,"massShare":0.0031280442408056983,"assignedMass":1689,"assignedPointCount":63,"prominenceRatio":1,"strongestCompetitorDistanceKm":22.582539421843745,"strongestCompetitorPotential":86846.58092830043,"localConsolidatedShare":0.0031280442408056983,"localConsolidatedMass":1689,"localContributorCount":1,"localContributorDistancesKm":[],"rejectionReasons":["below_secondary_share_floor"]},{"longitude":16.94376222885933,"latitude":49.629281497375075,"massShare":0.0026983780099786277,"assignedMass":1457,"assignedPointCount":60,"prominenceRatio":1,"strongestCompetitorDistanceKm":21.977087256559454,"strongestCompetitorPotential":86846.58092830043,"localConsolidatedShare":0.0026983780099786277,"localConsolidatedMass":1457,"localContributorCount":1,"localContributorDistancesKm":[],"rejectionReasons":["below_secondary_share_floor"]},{"longitude":17.52714388423666,"latitude":49.41972203560847,"massShare":0.002503917000337066,"assignedMass":1352,"assignedPointCount":55,"prominenceRatio":1,"strongestCompetitorDistanceKm":27.51395709105443,"strongestCompetitorPotential":86846.58092830043,"localConsolidatedShare":0.002503917000337066,"localConsolidatedMass":1352,"localContributorCount":1,"localContributorDistancesKm":[],"rejectionReasons":["below_secondary_share_floor"]},{"longitude":16.85219789266709,"latitude":49.54158147358038,"massShare":0.0021649992406760576,"assignedMass":1169,"assignedPointCount":46,"prominenceRatio":1,"strongestCompetitorDistanceKm":30.789363433266434,"strongestCompetitorPotential":86846.58092830043,"localConsolidatedShare":0.0021649992406760576,"localConsolidatedMass":1169,"localContributorCount":1,"localContributorDistancesKm":[],"rejectionReasons":["below_secondary_share_floor"]},{"longitude":16.973506701016415,"latitude":49.705091672387205,"massShare":0.0026076295388125655,"assignedMass":1408,"assignedPointCount":64,"prominenceRatio":1,"strongestCompetitorDistanceKm":24.186701548313472,"strongestCompetitorPotential":86846.58092830043,"localConsolidatedShare":0.0026076295388125655,"localConsolidatedMass":1408,"localContributorCount":1,"localContributorDistancesKm":[],"rejectionReasons":["below_secondary_share_floor"]},{"longitude":16.846787378177698,"latitude":49.79420385534334,"massShare":0.0013538190290283986,"assignedMass":731,"assignedPointCount":26,"prominenceRatio":1,"strongestCompetitorDistanceKm":37.14856956597283,"strongestCompetitorPotential":86846.58092830043,"localConsolidatedShare":0.0013538190290283986,"localConsolidatedMass":731,"localContributorCount":1,"localContributorDistancesKm":[],"rejectionReasons":["below_secondary_share_floor"]},{"longitude":17.662233853802938,"latitude":49.631104941697515,"massShare":0.001885345788715335,"assignedMass":1018,"assignedPointCount":43,"prominenceRatio":1,"strongestCompetitorDistanceKm":29.116905750394785,"strongestCompetitorPotential":86846.58092830043,"localConsolidatedShare":0.001885345788715335,"localConsolidatedMass":1018,"localContributorCount":1,"localContributorDistancesKm":[],"rejectionReasons":["below_secondary_share_floor"]},{"longitude":17.650025427679587,"latitude":49.470998663407435,"massShare":0.002027950529119147,"assignedMass":1095,"assignedPointCount":47,"prominenceRatio":1,"strongestCompetitorDistanceKm":31.379925619250795,"strongestCompetitorPotential":86846.58092830043,"localConsolidatedShare":0.002027950529119147,"localConsolidatedMass":1095,"localContributorCount":1,"localContributorDistancesKm":[],"rejectionReasons":["below_secondary_share_floor"]},{"longitude":16.789274518473484,"latitude":49.55115944588503,"massShare":0.00107601758668331,"assignedMass":581,"assignedPointCount":25,"prominenceRatio":1,"strongestCompetitorDistanceKm":33.68498452567701,"strongestCompetitorPotential":86846.58092830043,"localConsolidatedShare":0.00107601758668331,"localConsolidatedMass":581,"localContributorCount":1,"localContributorDistancesKm":[],"rejectionReasons":["below_secondary_share_floor"]},{"longitude":17.518309006693862,"latitude":49.72674404730286,"massShare":0.0010241613174455603,"assignedMass":553,"assignedPointCount":19,"prominenceRatio":1,"strongestCompetitorDistanceKm":24.357644390932496,"strongestCompetitorPotential":86846.58092830043,"localConsolidatedShare":0.0010241613174455603,"localConsolidatedMass":553,"localContributorCount":1,"localContributorDistancesKm":[],"rejectionReasons":["below_secondary_share_floor"]},{"longitude":17.008122779809398,"latitude":49.63610579233454,"massShare":0.0014797556828915056,"assignedMass":799,"assignedPointCount":37,"prominenceRatio":1,"strongestCompetitorDistanceKm":19.002653365953147,"strongestCompetitorPotential":86846.58092830043,"localConsolidatedShare":0.0014797556828915056,"localConsolidatedMass":799,"localContributorCount":1,"localContributorDistancesKm":[],"rejectionReasons":["below_secondary_share_floor"]},{"longitude":17.714607558212283,"latitude":49.46523794919466,"massShare":0.0004870785289117221,"assignedMass":263,"assignedPointCount":12,"prominenceRatio":1,"strongestCompetitorDistanceKm":36.09145230266797,"strongestCompetitorPotential":86846.58092830043,"localConsolidatedShare":0.0004870785289117221,"localConsolidatedMass":263,"localContributorCount":1,"localContributorDistancesKm":[],"rejectionReasons":["below_secondary_share_floor"]},{"longitude":17.398405632151345,"latitude":49.69237795080486,"massShare":0.0012167703174714884,"assignedMass":657,"assignedPointCount":25,"prominenceRatio":1,"strongestCompetitorDistanceKm":16.205349042610138,"strongestCompetitorPotential":86846.58092830043,"localConsolidatedShare":0.0012167703174714884,"localConsolidatedMass":657,"localContributorCount":1,"localContributorDistancesKm":[],"rejectionReasons":["below_secondary_share_floor"]},{"longitude":16.934372043773617,"latitude":49.436901852852365,"massShare":0.001639028509836023,"assignedMass":885,"assignedPointCount":35,"prominenceRatio":1,"strongestCompetitorDistanceKm":31.42448375452588,"strongestCompetitorPotential":86846.58092830043,"localConsolidatedShare":0.001639028509836023,"localConsolidatedMass":885,"localContributorCount":1,"localContributorDistancesKm":[],"rejectionReasons":["below_secondary_share_floor"]},{"longitude":16.84297626350346,"latitude":49.40020988686202,"massShare":0.0007500638943317393,"assignedMass":405,"assignedPointCount":17,"prominenceRatio":1,"strongestCompetitorDistanceKm":36.307964241499185,"strongestCompetitorPotential":86846.58092830043,"localConsolidatedShare":0.0007500638943317393,"localConsolidatedMass":405,"localContributorCount":1,"localContributorDistancesKm":[],"rejectionReasons":["below_secondary_share_floor"]},{"longitude":17.29676023708642,"latitude":49.81634643813005,"massShare":0.0005537508750745434,"assignedMass":299,"assignedPointCount":11,"prominenceRatio":1,"strongestCompetitorDistanceKm":25.560487513715707,"strongestCompetitorPotential":86846.58092830043,"localConsolidatedShare":0.0005537508750745434,"localConsolidatedMass":299,"localContributorCount":1,"localContributorDistancesKm":[],"rejectionReasons":["below_secondary_share_floor"]},{"longitude":16.82061965051735,"latitude":49.58993566370102,"massShare":0.0006926515962470877,"assignedMass":374,"assignedPointCount":16,"prominenceRatio":1,"strongestCompetitorDistanceKm":31.41236792040655,"strongestCompetitorPotential":86846.58092830043,"localConsolidatedShare":0.0006926515962470877,"localConsolidatedMass":374,"localContributorCount":1,"localContributorDistancesKm":[],"rejectionReasons":["below_secondary_share_floor"]},{"longitude":17.751280036979818,"latitude":49.62780151340228,"massShare":0.001151949980924301,"assignedMass":622,"assignedPointCount":28,"prominenceRatio":1,"strongestCompetitorDistanceKm":35.95688701333771,"strongestCompetitorPotential":86846.58092830043,"localConsolidatedShare":0.001151949980924301,"localConsolidatedMass":622,"localContributorCount":1,"localContributorDistancesKm":[],"rejectionReasons":["below_secondary_share_floor"]},{"longitude":17.448799255515667,"latitude":49.74222988110464,"massShare":0.0004704104423710168,"assignedMass":254,"assignedPointCount":9,"prominenceRatio":1,"strongestCompetitorDistanceKm":21.85769896251515,"strongestCompetitorPotential":86846.58092830043,"localConsolidatedShare":0.0004704104423710168,"localConsolidatedMass":254,"localContributorCount":1,"localContributorDistancesKm":[],"rejectionReasons":["below_min_points_per_center"]},{"longitude":16.852903517791596,"latitude":49.44450975016074,"massShare":0.00039447804813002587,"assignedMass":213,"assignedPointCount":9,"prominenceRatio":1,"strongestCompetitorDistanceKm":33.09354732355065,"strongestCompetitorPotential":86846.58092830043,"localConsolidatedShare":0.00039447804813002587,"localConsolidatedMass":213,"localContributorCount":1,"localContributorDistancesKm":[],"rejectionReasons":["below_min_points_per_center"]},{"longitude":17.365677623247922,"latitude":49.77334894013144,"massShare":0.0005648629327683469,"assignedMass":305,"assignedPointCount":11,"prominenceRatio":1,"strongestCompetitorDistanceKm":21.801901461687038,"strongestCompetitorPotential":86846.58092830043,"localConsolidatedShare":0.0005648629327683469,"localConsolidatedMass":305,"localContributorCount":1,"localContributorDistancesKm":[],"rejectionReasons":["below_secondary_share_floor"]},{"longitude":17.46520873338141,"latitude":49.83767665217503,"massShare":0.0003203976635046689,"assignedMass":173,"assignedPointCount":2,"prominenceRatio":1,"strongestCompetitorDistanceKm":31.333639384884282,"strongestCompetitorPotential":86846.58092830043,"localConsolidatedShare":0.0003203976635046689,"localConsolidatedMass":173,"localContributorCount":1,"localContributorDistancesKm":[],"rejectionReasons":["below_min_points_per_center"]},{"longitude":17.550426660681207,"latitude":49.59690704160134,"massShare":0.0003203976635046689,"assignedMass":173,"assignedPointCount":8,"prominenceRatio":1,"strongestCompetitorDistanceKm":20.60361807222293,"strongestCompetitorPotential":86846.58092830043,"localConsolidatedShare":0.0003203976635046689,"localConsolidatedMass":173,"localContributorCount":1,"localContributorDistancesKm":[],"rejectionReasons":["below_min_points_per_center"]},{"longitude":17.403437740723565,"latitude":49.73984748549832,"massShare":0.00012408464424747294,"assignedMass":67,"assignedPointCount":3,"prominenceRatio":1,"strongestCompetitorDistanceKm":19.733989527139,"strongestCompetitorPotential":86846.58092830043,"localConsolidatedShare":0.00012408464424747294,"localConsolidatedMass":67,"localContributorCount":1,"localContributorDistancesKm":[],"rejectionReasons":["below_min_points_per_center"]},{"longitude":17.664425144203197,"latitude":49.68918566996512,"massShare":0.0001370487115569104,"assignedMass":74,"assignedPointCount":3,"prominenceRatio":1,"strongestCompetitorDistanceKm":31.693045319878596,"strongestCompetitorPotential":86846.58092830043,"localConsolidatedShare":0.0001370487115569104,"localConsolidatedMass":74,"localContributorCount":1,"localContributorDistancesKm":[],"rejectionReasons":["below_min_points_per_center"]},{"longitude":17.351714220714232,"latitude":49.84555075081147,"massShare":0.00012593665386310686,"assignedMass":68,"assignedPointCount":4,"prominenceRatio":1,"strongestCompetitorDistanceKm":29.17770030741652,"strongestCompetitorPotential":86846.58092830043,"localConsolidatedShare":0.00012593665386310686,"localConsolidatedMass":68,"localContributorCount":1,"localContributorDistancesKm":[],"rejectionReasons":["below_min_points_per_center"]},{"longitude":17.689517249120797,"latitude":49.67113309559895,"massShare":0.00008704445193479444,"assignedMass":47,"assignedPointCount":1,"prominenceRatio":1,"strongestCompetitorDistanceKm":32.59480375349058,"strongestCompetitorPotential":86846.58092830043,"localConsolidatedShare":0.00008704445193479444,"localConsolidatedMass":47,"localContributorCount":1,"localContributorDistancesKm":[],"rejectionReasons":["below_min_points_per_center"]}]}}}}}
