{"type":"FeatureCollection","features":[{"type":"Feature","properties":{"jobs":861,"pop":0,"pointCount":1,"homeWorkCommuteMedian":-1,"workHomeCommuteMedian":28149},"geometry":{"type":"Polygon","coordinates":[[[-101.17659845802926,25.224267522690955],[-101.17659845802926,25.2332607263282],[-101.16760525439202,25.2332607263282],[-101.16760525439202,25.224267522690955],[-101.17659845802926,25.224267522690955]]]}},{"type":"Feature","properties":{"jobs":3757,"pop":0,"pointCount":2,"homeWorkCommuteMedian":-1,"workHomeCommuteMedian":26847},"geometry":{"type":"Polygon","coordinates":[[[-101.17659845802926,25.2332607263282],[-101.17659845802926,25.242253929965447],[-101.16760525439202,25.242253929965447],[-101.16760525439202,25.2332607263282],[-101.17659845802926,25.2332607263282]]]}},{"type":"Feature","properties":{"jobs":2914,"pop":0,"pointCount":1,"homeWorkCommuteMedian":-1,"workHomeCommuteMedian":26947},"geometry":{"type":"Polygon","coordinates":[[[-101.15861205075477,25.2332607263282],[-101.15861205075477,25.242253929965447],[-101.14961884711752,25.242253929965447],[-101.14961884711752,25.2332607263282],[-101.15861205075477,25.2332607263282]]]}},{"type":"Feature","properties":{"jobs":3,"pop":0,"pointCount":1,"homeWorkCommuteMedian":-1,"workHomeCommuteMedian":18196},"geometry":{"type":"Polygon","coordinates":[[[-101.15861205075477,25.449097613622104],[-101.15861205075477,25.45809081725935],[-101.14961884711752,25.45809081725935],[-101.14961884711752,25.449097613622104],[-101.15861205075477,25.449097613622104]]]}},{"type":"Feature","properties":{"jobs":23,"pop":0,"pointCount":1,"homeWorkCommuteMedian":-1,"workHomeCommuteMedian":18162},"geometry":{"type":"Polygon","coordinates":[[[-101.13163243984303,25.45809081725935],[-101.13163243984303,25.467084020896596],[-101.12263923620579,25.467084020896596],[-101.12263923620579,25.45809081725935],[-101.13163243984303,25.45809081725935]]]}},{"type":"Feature","properties":{"jobs":4933,"pop":0,"pointCount":1,"homeWorkCommuteMedian":-1,"workHomeCommuteMedian":25056},"geometry":{"type":"Polygon","coordinates":[[[-101.12263923620579,25.251247133602693],[-101.12263923620579,25.26024033723994],[-101.11364603256854,25.26024033723994],[-101.11364603256854,25.251247133602693],[-101.12263923620579,25.251247133602693]]]}},{"type":"Feature","properties":{"jobs":6248,"pop":0,"pointCount":2,"homeWorkCommuteMedian":-1,"workHomeCommuteMedian":23291},"geometry":{"type":"Polygon","coordinates":[[[-101.1046528289313,25.251247133602693],[-101.1046528289313,25.26024033723994],[-101.09565962529405,25.26024033723994],[-101.09565962529405,25.251247133602693],[-101.1046528289313,25.251247133602693]]]}},{"type":"Feature","properties":{"jobs":4667,"pop":0,"pointCount":2,"homeWorkCommuteMedian":-1,"workHomeCommuteMedian":21047},"geometry":{"type":"Polygon","coordinates":[[[-101.1046528289313,25.26024033723994],[-101.1046528289313,25.269233540877185],[-101.09565962529405,25.269233540877185],[-101.09565962529405,25.26024033723994],[-101.1046528289313,25.26024033723994]]]}},{"type":"Feature","properties":{"jobs":67,"pop":0,"pointCount":1,"homeWorkCommuteMedian":-1,"workHomeCommuteMedian":18194},"geometry":{"type":"Polygon","coordinates":[[[-101.1046528289313,25.269233540877185],[-101.1046528289313,25.27822674451443],[-101.09565962529405,25.27822674451443],[-101.09565962529405,25.269233540877185],[-101.1046528289313,25.269233540877185]]]}},{"type":"Feature","properties":{"jobs":17,"pop":0,"pointCount":1,"homeWorkCommuteMedian":-1,"workHomeCommuteMedian":15429},"geometry":{"type":"Polygon","coordinates":[[[-101.1046528289313,25.449097613622104],[-101.1046528289313,25.45809081725935],[-101.09565962529405,25.45809081725935],[-101.09565962529405,25.449097613622104],[-101.1046528289313,25.449097613622104]]]}},{"type":"Feature","properties":{"jobs":1,"pop":0,"pointCount":1,"homeWorkCommuteMedian":-1,"workHomeCommuteMedian":28023},"geometry":{"type":"Polygon","coordinates":[[[-101.09565962529405,25.224267522690955],[-101.09565962529405,25.2332607263282],[-101.0866664216568,25.2332607263282],[-101.0866664216568,25.224267522690955],[-101.09565962529405,25.224267522690955]]]}},{"type":"Feature","properties":{"jobs":1970,"pop":0,"pointCount":2,"homeWorkCommuteMedian":-1,"workHomeCommuteMedian":19513},"geometry":{"type":"Polygon","coordinates":[[[-101.09565962529405,25.26024033723994],[-101.09565962529405,25.269233540877185],[-101.0866664216568,25.269233540877185],[-101.0866664216568,25.26024033723994],[-101.09565962529405,25.26024033723994]]]}},{"type":"Feature","properties":{"jobs":0,"pop":0,"pointCount":1,"homeWorkCommuteMedian":-1,"workHomeCommuteMedian":-1},"geometry":{"type":"Polygon","coordinates":[[[-101.0866664216568,25.27822674451443],[-101.0866664216568,25.287219948151677],[-101.07767321801956,25.287219948151677],[-101.07767321801956,25.27822674451443],[-101.0866664216568,25.27822674451443]]]}},{"type":"Feature","properties":{"jobs":139,"pop":0,"pointCount":1,"homeWorkCommuteMedian":-1,"workHomeCommuteMedian":13420},"geometry":{"type":"Polygon","coordinates":[[[-101.06868001438231,25.45809081725935],[-101.06868001438231,25.467084020896596],[-101.05968681074506,25.467084020896596],[-101.05968681074506,25.45809081725935],[-101.06868001438231,25.45809081725935]]]}},{"type":"Feature","properties":{"jobs":194,"pop":0,"pointCount":1,"homeWorkCommuteMedian":-1,"workHomeCommuteMedian":9940},"geometry":{"type":"Polygon","coordinates":[[[-101.05968681074506,25.449097613622104],[-101.05968681074506,25.45809081725935],[-101.05069360710782,25.45809081725935],[-101.05069360710782,25.449097613622104],[-101.05968681074506,25.449097613622104]]]}},{"type":"Feature","properties":{"jobs":121,"pop":0,"pointCount":1,"homeWorkCommuteMedian":-1,"workHomeCommuteMedian":7474},"geometry":{"type":"Polygon","coordinates":[[[-101.05069360710782,25.332185966337907],[-101.05069360710782,25.341179169975153],[-101.04170040347057,25.341179169975153],[-101.04170040347057,25.332185966337907],[-101.05069360710782,25.332185966337907]]]}},{"type":"Feature","properties":{"jobs":102,"pop":0,"pointCount":1,"homeWorkCommuteMedian":-1,"workHomeCommuteMedian":24291},"geometry":{"type":"Polygon","coordinates":[[[-101.05069360710782,25.341179169975153],[-101.05069360710782,25.3501723736124],[-101.04170040347057,25.3501723736124],[-101.04170040347057,25.341179169975153],[-101.05069360710782,25.341179169975153]]]}},{"type":"Feature","properties":{"jobs":111,"pop":0,"pointCount":1,"homeWorkCommuteMedian":-1,"workHomeCommuteMedian":6623},"geometry":{"type":"Polygon","coordinates":[[[-101.05069360710782,25.386145188161382],[-101.05069360710782,25.39513839179863],[-101.04170040347057,25.39513839179863],[-101.04170040347057,25.386145188161382],[-101.05069360710782,25.386145188161382]]]}},{"type":"Feature","properties":{"jobs":0,"pop":39,"pointCount":1,"homeWorkCommuteMedian":8045,"workHomeCommuteMedian":-1},"geometry":{"type":"Polygon","coordinates":[[[-101.05069360710782,25.404131595435874],[-101.05069360710782,25.41312479907312],[-101.04170040347057,25.41312479907312],[-101.04170040347057,25.404131595435874],[-101.05069360710782,25.404131595435874]]]}},{"type":"Feature","properties":{"jobs":206,"pop":55,"pointCount":2,"homeWorkCommuteMedian":4054,"workHomeCommuteMedian":11483},"geometry":{"type":"Polygon","coordinates":[[[-101.05069360710782,25.422118002710366],[-101.05069360710782,25.431111206347612],[-101.04170040347057,25.431111206347612],[-101.04170040347057,25.422118002710366],[-101.05069360710782,25.422118002710366]]]}},{"type":"Feature","properties":{"jobs":43,"pop":0,"pointCount":1,"homeWorkCommuteMedian":-1,"workHomeCommuteMedian":2682},"geometry":{"type":"Polygon","coordinates":[[[-101.04170040347057,25.341179169975153],[-101.04170040347057,25.3501723736124],[-101.03270719983333,25.3501723736124],[-101.03270719983333,25.341179169975153],[-101.04170040347057,25.341179169975153]]]}},{"type":"Feature","properties":{"jobs":1072,"pop":3715,"pointCount":4,"homeWorkCommuteMedian":8344,"workHomeCommuteMedian":7602},"geometry":{"type":"Polygon","coordinates":[[[-101.04170040347057,25.359165577249644],[-101.04170040347057,25.36815878088689],[-101.03270719983333,25.36815878088689],[-101.03270719983333,25.359165577249644],[-101.04170040347057,25.359165577249644]]]}},{"type":"Feature","properties":{"jobs":8,"pop":87,"pointCount":1,"homeWorkCommuteMedian":7793,"workHomeCommuteMedian":21755},"geometry":{"type":"Polygon","coordinates":[[[-101.04170040347057,25.377151984524136],[-101.04170040347057,25.386145188161382],[-101.03270719983333,25.386145188161382],[-101.03270719983333,25.377151984524136],[-101.04170040347057,25.377151984524136]]]}},{"type":"Feature","properties":{"jobs":284,"pop":769,"pointCount":2,"homeWorkCommuteMedian":10318,"workHomeCommuteMedian":2378},"geometry":{"type":"Polygon","coordinates":[[[-101.04170040347057,25.386145188161382],[-101.04170040347057,25.39513839179863],[-101.03270719983333,25.39513839179863],[-101.03270719983333,25.386145188161382],[-101.04170040347057,25.386145188161382]]]}},{"type":"Feature","properties":{"jobs":226,"pop":1058,"pointCount":1,"homeWorkCommuteMedian":6667,"workHomeCommuteMedian":2303},"geometry":{"type":"Polygon","coordinates":[[[-101.04170040347057,25.39513839179863],[-101.04170040347057,25.404131595435874],[-101.03270719983333,25.404131595435874],[-101.03270719983333,25.39513839179863],[-101.04170040347057,25.39513839179863]]]}},{"type":"Feature","properties":{"jobs":1314,"pop":4249,"pointCount":5,"homeWorkCommuteMedian":4988,"workHomeCommuteMedian":5474},"geometry":{"type":"Polygon","coordinates":[[[-101.04170040347057,25.404131595435874],[-101.04170040347057,25.41312479907312],[-101.03270719983333,25.41312479907312],[-101.03270719983333,25.404131595435874],[-101.04170040347057,25.404131595435874]]]}},{"type":"Feature","properties":{"jobs":758,"pop":1832,"pointCount":5,"homeWorkCommuteMedian":6330,"workHomeCommuteMedian":5315},"geometry":{"type":"Polygon","coordinates":[[[-101.04170040347057,25.422118002710366],[-101.04170040347057,25.431111206347612],[-101.03270719983333,25.431111206347612],[-101.03270719983333,25.422118002710366],[-101.04170040347057,25.422118002710366]]]}},{"type":"Feature","properties":{"jobs":729,"pop":2660,"pointCount":2,"homeWorkCommuteMedian":7071,"workHomeCommuteMedian":4774},"geometry":{"type":"Polygon","coordinates":[[[-101.04170040347057,25.431111206347612],[-101.04170040347057,25.44010440998486],[-101.03270719983333,25.44010440998486],[-101.03270719983333,25.431111206347612],[-101.04170040347057,25.431111206347612]]]}},{"type":"Feature","properties":{"jobs":3206,"pop":99,"pointCount":1,"homeWorkCommuteMedian":8398,"workHomeCommuteMedian":5203},"geometry":{"type":"Polygon","coordinates":[[[-101.04170040347057,25.449097613622104],[-101.04170040347057,25.45809081725935],[-101.03270719983333,25.45809081725935],[-101.03270719983333,25.449097613622104],[-101.04170040347057,25.449097613622104]]]}},{"type":"Feature","properties":{"jobs":1196,"pop":3699,"pointCount":4,"homeWorkCommuteMedian":7425,"workHomeCommuteMedian":8563},"geometry":{"type":"Polygon","coordinates":[[[-101.04170040347057,25.45809081725935],[-101.04170040347057,25.467084020896596],[-101.03270719983333,25.467084020896596],[-101.03270719983333,25.45809081725935],[-101.04170040347057,25.45809081725935]]]}},{"type":"Feature","properties":{"jobs":5253,"pop":911,"pointCount":3,"homeWorkCommuteMedian":5663,"workHomeCommuteMedian":4764},"geometry":{"type":"Polygon","coordinates":[[[-101.03270719983333,25.3501723736124],[-101.03270719983333,25.359165577249644],[-101.02371399619608,25.359165577249644],[-101.02371399619608,25.3501723736124],[-101.03270719983333,25.3501723736124]]]}},{"type":"Feature","properties":{"jobs":2238,"pop":831,"pointCount":3,"homeWorkCommuteMedian":7677,"workHomeCommuteMedian":5128},"geometry":{"type":"Polygon","coordinates":[[[-101.03270719983333,25.359165577249644],[-101.03270719983333,25.36815878088689],[-101.02371399619608,25.36815878088689],[-101.02371399619608,25.359165577249644],[-101.03270719983333,25.359165577249644]]]}},{"type":"Feature","properties":{"jobs":1193,"pop":3464,"pointCount":4,"homeWorkCommuteMedian":8716,"workHomeCommuteMedian":5349},"geometry":{"type":"Polygon","coordinates":[[[-101.03270719983333,25.377151984524136],[-101.03270719983333,25.386145188161382],[-101.02371399619608,25.386145188161382],[-101.02371399619608,25.377151984524136],[-101.03270719983333,25.377151984524136]]]}},{"type":"Feature","properties":{"jobs":2158,"pop":8757,"pointCount":8,"homeWorkCommuteMedian":6200,"workHomeCommuteMedian":4473},"geometry":{"type":"Polygon","coordinates":[[[-101.03270719983333,25.386145188161382],[-101.03270719983333,25.39513839179863],[-101.02371399619608,25.39513839179863],[-101.02371399619608,25.386145188161382],[-101.03270719983333,25.386145188161382]]]}},{"type":"Feature","properties":{"jobs":1466,"pop":3578,"pointCount":7,"homeWorkCommuteMedian":6367,"workHomeCommuteMedian":4253},"geometry":{"type":"Polygon","coordinates":[[[-101.03270719983333,25.39513839179863],[-101.03270719983333,25.404131595435874],[-101.02371399619608,25.404131595435874],[-101.02371399619608,25.39513839179863],[-101.03270719983333,25.39513839179863]]]}},{"type":"Feature","properties":{"jobs":1346,"pop":3236,"pointCount":6,"homeWorkCommuteMedian":5838,"workHomeCommuteMedian":5374},"geometry":{"type":"Polygon","coordinates":[[[-101.03270719983333,25.404131595435874],[-101.03270719983333,25.41312479907312],[-101.02371399619608,25.41312479907312],[-101.02371399619608,25.404131595435874],[-101.03270719983333,25.404131595435874]]]}},{"type":"Feature","properties":{"jobs":1471,"pop":4114,"pointCount":7,"homeWorkCommuteMedian":6166,"workHomeCommuteMedian":6052},"geometry":{"type":"Polygon","coordinates":[[[-101.03270719983333,25.41312479907312],[-101.03270719983333,25.422118002710366],[-101.02371399619608,25.422118002710366],[-101.02371399619608,25.41312479907312],[-101.03270719983333,25.41312479907312]]]}},{"type":"Feature","properties":{"jobs":1391,"pop":4353,"pointCount":5,"homeWorkCommuteMedian":5109,"workHomeCommuteMedian":5242},"geometry":{"type":"Polygon","coordinates":[[[-101.03270719983333,25.422118002710366],[-101.03270719983333,25.431111206347612],[-101.02371399619608,25.431111206347612],[-101.02371399619608,25.422118002710366],[-101.03270719983333,25.422118002710366]]]}},{"type":"Feature","properties":{"jobs":378,"pop":1296,"pointCount":1,"homeWorkCommuteMedian":4510,"workHomeCommuteMedian":4404},"geometry":{"type":"Polygon","coordinates":[[[-101.03270719983333,25.431111206347612],[-101.03270719983333,25.44010440998486],[-101.02371399619608,25.44010440998486],[-101.02371399619608,25.431111206347612],[-101.03270719983333,25.431111206347612]]]}},{"type":"Feature","properties":{"jobs":143,"pop":0,"pointCount":1,"homeWorkCommuteMedian":-1,"workHomeCommuteMedian":4019},"geometry":{"type":"Polygon","coordinates":[[[-101.03270719983333,25.44010440998486],[-101.03270719983333,25.449097613622104],[-101.02371399619608,25.449097613622104],[-101.02371399619608,25.44010440998486],[-101.03270719983333,25.44010440998486]]]}},{"type":"Feature","properties":{"jobs":1256,"pop":2642,"pointCount":5,"homeWorkCommuteMedian":6967,"workHomeCommuteMedian":4976},"geometry":{"type":"Polygon","coordinates":[[[-101.03270719983333,25.449097613622104],[-101.03270719983333,25.45809081725935],[-101.02371399619608,25.45809081725935],[-101.02371399619608,25.449097613622104],[-101.03270719983333,25.449097613622104]]]}},{"type":"Feature","properties":{"jobs":1908,"pop":5450,"pointCount":6,"homeWorkCommuteMedian":6839,"workHomeCommuteMedian":6356},"geometry":{"type":"Polygon","coordinates":[[[-101.03270719983333,25.45809081725935],[-101.03270719983333,25.467084020896596],[-101.02371399619608,25.467084020896596],[-101.02371399619608,25.45809081725935],[-101.03270719983333,25.45809081725935]]]}},{"type":"Feature","properties":{"jobs":1451,"pop":4173,"pointCount":6,"homeWorkCommuteMedian":6026,"workHomeCommuteMedian":9115},"geometry":{"type":"Polygon","coordinates":[[[-101.03270719983333,25.467084020896596],[-101.03270719983333,25.476077224533842],[-101.02371399619608,25.476077224533842],[-101.02371399619608,25.467084020896596],[-101.03270719983333,25.467084020896596]]]}},{"type":"Feature","properties":{"jobs":1072,"pop":3383,"pointCount":4,"homeWorkCommuteMedian":7192,"workHomeCommuteMedian":6185},"geometry":{"type":"Polygon","coordinates":[[[-101.03270719983333,25.476077224533842],[-101.03270719983333,25.48507042817109],[-101.02371399619608,25.48507042817109],[-101.02371399619608,25.476077224533842],[-101.03270719983333,25.476077224533842]]]}},{"type":"Feature","properties":{"jobs":620,"pop":2088,"pointCount":2,"homeWorkCommuteMedian":9922,"workHomeCommuteMedian":12278},"geometry":{"type":"Polygon","coordinates":[[[-101.02371399619608,25.341179169975153],[-101.02371399619608,25.3501723736124],[-101.01472079255883,25.3501723736124],[-101.01472079255883,25.341179169975153],[-101.02371399619608,25.341179169975153]]]}},{"type":"Feature","properties":{"jobs":1101,"pop":4307,"pointCount":5,"homeWorkCommuteMedian":8277,"workHomeCommuteMedian":6883},"geometry":{"type":"Polygon","coordinates":[[[-101.02371399619608,25.3501723736124],[-101.02371399619608,25.359165577249644],[-101.01472079255883,25.359165577249644],[-101.01472079255883,25.3501723736124],[-101.02371399619608,25.3501723736124]]]}},{"type":"Feature","properties":{"jobs":4890,"pop":159,"pointCount":6,"homeWorkCommuteMedian":4722,"workHomeCommuteMedian":6083},"geometry":{"type":"Polygon","coordinates":[[[-101.02371399619608,25.359165577249644],[-101.02371399619608,25.36815878088689],[-101.01472079255883,25.36815878088689],[-101.01472079255883,25.359165577249644],[-101.02371399619608,25.359165577249644]]]}},{"type":"Feature","properties":{"jobs":2275,"pop":853,"pointCount":2,"homeWorkCommuteMedian":4719,"workHomeCommuteMedian":3528},"geometry":{"type":"Polygon","coordinates":[[[-101.02371399619608,25.36815878088689],[-101.02371399619608,25.377151984524136],[-101.01472079255883,25.377151984524136],[-101.01472079255883,25.36815878088689],[-101.02371399619608,25.36815878088689]]]}},{"type":"Feature","properties":{"jobs":278,"pop":0,"pointCount":3,"homeWorkCommuteMedian":-1,"workHomeCommuteMedian":4621},"geometry":{"type":"Polygon","coordinates":[[[-101.02371399619608,25.377151984524136],[-101.02371399619608,25.386145188161382],[-101.01472079255883,25.386145188161382],[-101.01472079255883,25.377151984524136],[-101.02371399619608,25.377151984524136]]]}},{"type":"Feature","properties":{"jobs":3101,"pop":7296,"pointCount":8,"homeWorkCommuteMedian":5867,"workHomeCommuteMedian":3984},"geometry":{"type":"Polygon","coordinates":[[[-101.02371399619608,25.386145188161382],[-101.02371399619608,25.39513839179863],[-101.01472079255883,25.39513839179863],[-101.01472079255883,25.386145188161382],[-101.02371399619608,25.386145188161382]]]}},{"type":"Feature","properties":{"jobs":2926,"pop":4279,"pointCount":8,"homeWorkCommuteMedian":4961,"workHomeCommuteMedian":4256},"geometry":{"type":"Polygon","coordinates":[[[-101.02371399619608,25.39513839179863],[-101.02371399619608,25.404131595435874],[-101.01472079255883,25.404131595435874],[-101.01472079255883,25.39513839179863],[-101.02371399619608,25.39513839179863]]]}},{"type":"Feature","properties":{"jobs":579,"pop":1231,"pointCount":3,"homeWorkCommuteMedian":2609,"workHomeCommuteMedian":4543},"geometry":{"type":"Polygon","coordinates":[[[-101.02371399619608,25.404131595435874],[-101.02371399619608,25.41312479907312],[-101.01472079255883,25.41312479907312],[-101.01472079255883,25.404131595435874],[-101.02371399619608,25.404131595435874]]]}},{"type":"Feature","properties":{"jobs":1454,"pop":2530,"pointCount":6,"homeWorkCommuteMedian":5843,"workHomeCommuteMedian":5038},"geometry":{"type":"Polygon","coordinates":[[[-101.02371399619608,25.41312479907312],[-101.02371399619608,25.422118002710366],[-101.01472079255883,25.422118002710366],[-101.01472079255883,25.41312479907312],[-101.02371399619608,25.41312479907312]]]}},{"type":"Feature","properties":{"jobs":2346,"pop":3542,"pointCount":9,"homeWorkCommuteMedian":4087,"workHomeCommuteMedian":3871},"geometry":{"type":"Polygon","coordinates":[[[-101.02371399619608,25.422118002710366],[-101.02371399619608,25.431111206347612],[-101.01472079255883,25.431111206347612],[-101.01472079255883,25.422118002710366],[-101.02371399619608,25.422118002710366]]]}},{"type":"Feature","properties":{"jobs":1619,"pop":5101,"pointCount":6,"homeWorkCommuteMedian":4906,"workHomeCommuteMedian":5083},"geometry":{"type":"Polygon","coordinates":[[[-101.02371399619608,25.431111206347612],[-101.02371399619608,25.44010440998486],[-101.01472079255883,25.44010440998486],[-101.01472079255883,25.431111206347612],[-101.02371399619608,25.431111206347612]]]}},{"type":"Feature","properties":{"jobs":2195,"pop":5993,"pointCount":8,"homeWorkCommuteMedian":5629,"workHomeCommuteMedian":6606},"geometry":{"type":"Polygon","coordinates":[[[-101.02371399619608,25.44010440998486],[-101.02371399619608,25.449097613622104],[-101.01472079255883,25.449097613622104],[-101.01472079255883,25.44010440998486],[-101.02371399619608,25.44010440998486]]]}},{"type":"Feature","properties":{"jobs":3238,"pop":5812,"pointCount":7,"homeWorkCommuteMedian":6078,"workHomeCommuteMedian":5156},"geometry":{"type":"Polygon","coordinates":[[[-101.02371399619608,25.449097613622104],[-101.02371399619608,25.45809081725935],[-101.01472079255883,25.45809081725935],[-101.01472079255883,25.449097613622104],[-101.02371399619608,25.449097613622104]]]}},{"type":"Feature","properties":{"jobs":3411,"pop":10425,"pointCount":10,"homeWorkCommuteMedian":5392,"workHomeCommuteMedian":6367},"geometry":{"type":"Polygon","coordinates":[[[-101.02371399619608,25.45809081725935],[-101.02371399619608,25.467084020896596],[-101.01472079255883,25.467084020896596],[-101.01472079255883,25.45809081725935],[-101.02371399619608,25.45809081725935]]]}},{"type":"Feature","properties":{"jobs":1063,"pop":2696,"pointCount":5,"homeWorkCommuteMedian":5774,"workHomeCommuteMedian":4736},"geometry":{"type":"Polygon","coordinates":[[[-101.02371399619608,25.467084020896596],[-101.02371399619608,25.476077224533842],[-101.01472079255883,25.476077224533842],[-101.01472079255883,25.467084020896596],[-101.02371399619608,25.467084020896596]]]}},{"type":"Feature","properties":{"jobs":900,"pop":2408,"pointCount":4,"homeWorkCommuteMedian":10125,"workHomeCommuteMedian":8936},"geometry":{"type":"Polygon","coordinates":[[[-101.02371399619608,25.476077224533842],[-101.02371399619608,25.48507042817109],[-101.01472079255883,25.48507042817109],[-101.01472079255883,25.476077224533842],[-101.02371399619608,25.476077224533842]]]}},{"type":"Feature","properties":{"jobs":144,"pop":0,"pointCount":1,"homeWorkCommuteMedian":-1,"workHomeCommuteMedian":17860},"geometry":{"type":"Polygon","coordinates":[[[-101.02371399619608,25.530036446357318],[-101.02371399619608,25.539029649994564],[-101.01472079255883,25.539029649994564],[-101.01472079255883,25.530036446357318],[-101.02371399619608,25.530036446357318]]]}},{"type":"Feature","properties":{"jobs":605,"pop":2149,"pointCount":2,"homeWorkCommuteMedian":8296,"workHomeCommuteMedian":6239},"geometry":{"type":"Polygon","coordinates":[[[-101.01472079255883,25.341179169975153],[-101.01472079255883,25.3501723736124],[-101.00572758892159,25.3501723736124],[-101.00572758892159,25.341179169975153],[-101.01472079255883,25.341179169975153]]]}},{"type":"Feature","properties":{"jobs":2214,"pop":8063,"pointCount":7,"homeWorkCommuteMedian":9528,"workHomeCommuteMedian":6142},"geometry":{"type":"Polygon","coordinates":[[[-101.01472079255883,25.3501723736124],[-101.01472079255883,25.359165577249644],[-101.00572758892159,25.359165577249644],[-101.00572758892159,25.3501723736124],[-101.01472079255883,25.3501723736124]]]}},{"type":"Feature","properties":{"jobs":2761,"pop":8991,"pointCount":8,"homeWorkCommuteMedian":8595,"workHomeCommuteMedian":4844},"geometry":{"type":"Polygon","coordinates":[[[-101.01472079255883,25.359165577249644],[-101.01472079255883,25.36815878088689],[-101.00572758892159,25.36815878088689],[-101.00572758892159,25.359165577249644],[-101.01472079255883,25.359165577249644]]]}},{"type":"Feature","properties":{"jobs":684,"pop":907,"pointCount":3,"homeWorkCommuteMedian":7048,"workHomeCommuteMedian":5368},"geometry":{"type":"Polygon","coordinates":[[[-101.01472079255883,25.36815878088689],[-101.01472079255883,25.377151984524136],[-101.00572758892159,25.377151984524136],[-101.00572758892159,25.36815878088689],[-101.01472079255883,25.36815878088689]]]}},{"type":"Feature","properties":{"jobs":3612,"pop":3423,"pointCount":7,"homeWorkCommuteMedian":7656,"workHomeCommuteMedian":3215},"geometry":{"type":"Polygon","coordinates":[[[-101.01472079255883,25.377151984524136],[-101.01472079255883,25.386145188161382],[-101.00572758892159,25.386145188161382],[-101.00572758892159,25.377151984524136],[-101.01472079255883,25.377151984524136]]]}},{"type":"Feature","properties":{"jobs":2169,"pop":3586,"pointCount":5,"homeWorkCommuteMedian":4609,"workHomeCommuteMedian":4304},"geometry":{"type":"Polygon","coordinates":[[[-101.01472079255883,25.386145188161382],[-101.01472079255883,25.39513839179863],[-101.00572758892159,25.39513839179863],[-101.00572758892159,25.386145188161382],[-101.01472079255883,25.386145188161382]]]}},{"type":"Feature","properties":{"jobs":6402,"pop":7266,"pointCount":9,"homeWorkCommuteMedian":4403,"workHomeCommuteMedian":3077},"geometry":{"type":"Polygon","coordinates":[[[-101.01472079255883,25.39513839179863],[-101.01472079255883,25.404131595435874],[-101.00572758892159,25.404131595435874],[-101.00572758892159,25.39513839179863],[-101.01472079255883,25.39513839179863]]]}},{"type":"Feature","properties":{"jobs":2020,"pop":4989,"pointCount":7,"homeWorkCommuteMedian":5658,"workHomeCommuteMedian":4919},"geometry":{"type":"Polygon","coordinates":[[[-101.01472079255883,25.404131595435874],[-101.01472079255883,25.41312479907312],[-101.00572758892159,25.41312479907312],[-101.00572758892159,25.404131595435874],[-101.01472079255883,25.404131595435874]]]}},{"type":"Feature","properties":{"jobs":2758,"pop":1310,"pointCount":10,"homeWorkCommuteMedian":3571,"workHomeCommuteMedian":3985},"geometry":{"type":"Polygon","coordinates":[[[-101.01472079255883,25.41312479907312],[-101.01472079255883,25.422118002710366],[-101.00572758892159,25.422118002710366],[-101.00572758892159,25.41312479907312],[-101.01472079255883,25.41312479907312]]]}},{"type":"Feature","properties":{"jobs":9093,"pop":3965,"pointCount":9,"homeWorkCommuteMedian":4281,"workHomeCommuteMedian":4162},"geometry":{"type":"Polygon","coordinates":[[[-101.01472079255883,25.422118002710366],[-101.01472079255883,25.431111206347612],[-101.00572758892159,25.431111206347612],[-101.00572758892159,25.422118002710366],[-101.01472079255883,25.422118002710366]]]}},{"type":"Feature","properties":{"jobs":1746,"pop":2625,"pointCount":9,"homeWorkCommuteMedian":6349,"workHomeCommuteMedian":5235},"geometry":{"type":"Polygon","coordinates":[[[-101.01472079255883,25.431111206347612],[-101.01472079255883,25.44010440998486],[-101.00572758892159,25.44010440998486],[-101.00572758892159,25.431111206347612],[-101.01472079255883,25.431111206347612]]]}},{"type":"Feature","properties":{"jobs":2729,"pop":10436,"pointCount":8,"homeWorkCommuteMedian":3910,"workHomeCommuteMedian":4769},"geometry":{"type":"Polygon","coordinates":[[[-101.01472079255883,25.44010440998486],[-101.01472079255883,25.449097613622104],[-101.00572758892159,25.449097613622104],[-101.00572758892159,25.44010440998486],[-101.01472079255883,25.44010440998486]]]}},{"type":"Feature","properties":{"jobs":2439,"pop":1306,"pointCount":7,"homeWorkCommuteMedian":5753,"workHomeCommuteMedian":5322},"geometry":{"type":"Polygon","coordinates":[[[-101.01472079255883,25.449097613622104],[-101.01472079255883,25.45809081725935],[-101.00572758892159,25.45809081725935],[-101.00572758892159,25.449097613622104],[-101.01472079255883,25.449097613622104]]]}},{"type":"Feature","properties":{"jobs":589,"pop":1785,"pointCount":5,"homeWorkCommuteMedian":6811,"workHomeCommuteMedian":4370},"geometry":{"type":"Polygon","coordinates":[[[-101.01472079255883,25.45809081725935],[-101.01472079255883,25.467084020896596],[-101.00572758892159,25.467084020896596],[-101.00572758892159,25.45809081725935],[-101.01472079255883,25.45809081725935]]]}},{"type":"Feature","properties":{"jobs":657,"pop":3018,"pointCount":2,"homeWorkCommuteMedian":4873,"workHomeCommuteMedian":6040},"geometry":{"type":"Polygon","coordinates":[[[-101.01472079255883,25.467084020896596],[-101.01472079255883,25.476077224533842],[-101.00572758892159,25.476077224533842],[-101.00572758892159,25.467084020896596],[-101.01472079255883,25.467084020896596]]]}},{"type":"Feature","properties":{"jobs":175,"pop":910,"pointCount":1,"homeWorkCommuteMedian":9988,"workHomeCommuteMedian":9705},"geometry":{"type":"Polygon","coordinates":[[[-101.01472079255883,25.476077224533842],[-101.01472079255883,25.48507042817109],[-101.00572758892159,25.48507042817109],[-101.00572758892159,25.476077224533842],[-101.01472079255883,25.476077224533842]]]}},{"type":"Feature","properties":{"jobs":1897,"pop":6804,"pointCount":5,"homeWorkCommuteMedian":8071,"workHomeCommuteMedian":5503},"geometry":{"type":"Polygon","coordinates":[[[-101.00572758892159,25.3501723736124],[-101.00572758892159,25.359165577249644],[-100.99673438528434,25.359165577249644],[-100.99673438528434,25.3501723736124],[-101.00572758892159,25.3501723736124]]]}},{"type":"Feature","properties":{"jobs":815,"pop":3333,"pointCount":4,"homeWorkCommuteMedian":9165,"workHomeCommuteMedian":3030},"geometry":{"type":"Polygon","coordinates":[[[-101.00572758892159,25.359165577249644],[-101.00572758892159,25.36815878088689],[-100.99673438528434,25.36815878088689],[-100.99673438528434,25.359165577249644],[-101.00572758892159,25.359165577249644]]]}},{"type":"Feature","properties":{"jobs":1021,"pop":4154,"pointCount":5,"homeWorkCommuteMedian":7227,"workHomeCommuteMedian":6171},"geometry":{"type":"Polygon","coordinates":[[[-101.00572758892159,25.36815878088689],[-101.00572758892159,25.377151984524136],[-100.99673438528434,25.377151984524136],[-100.99673438528434,25.36815878088689],[-101.00572758892159,25.36815878088689]]]}},{"type":"Feature","properties":{"jobs":3791,"pop":5748,"pointCount":6,"homeWorkCommuteMedian":5170,"workHomeCommuteMedian":3102},"geometry":{"type":"Polygon","coordinates":[[[-101.00572758892159,25.377151984524136],[-101.00572758892159,25.386145188161382],[-100.99673438528434,25.386145188161382],[-100.99673438528434,25.377151984524136],[-101.00572758892159,25.377151984524136]]]}},{"type":"Feature","properties":{"jobs":3635,"pop":1091,"pointCount":6,"homeWorkCommuteMedian":5235,"workHomeCommuteMedian":4474},"geometry":{"type":"Polygon","coordinates":[[[-101.00572758892159,25.386145188161382],[-101.00572758892159,25.39513839179863],[-100.99673438528434,25.39513839179863],[-100.99673438528434,25.386145188161382],[-101.00572758892159,25.386145188161382]]]}},{"type":"Feature","properties":{"jobs":3874,"pop":7204,"pointCount":9,"homeWorkCommuteMedian":4245,"workHomeCommuteMedian":3400},"geometry":{"type":"Polygon","coordinates":[[[-101.00572758892159,25.39513839179863],[-101.00572758892159,25.404131595435874],[-100.99673438528434,25.404131595435874],[-100.99673438528434,25.39513839179863],[-101.00572758892159,25.39513839179863]]]}},{"type":"Feature","properties":{"jobs":1798,"pop":5567,"pointCount":7,"homeWorkCommuteMedian":5364,"workHomeCommuteMedian":3225},"geometry":{"type":"Polygon","coordinates":[[[-101.00572758892159,25.404131595435874],[-101.00572758892159,25.41312479907312],[-100.99673438528434,25.41312479907312],[-100.99673438528434,25.404131595435874],[-101.00572758892159,25.404131595435874]]]}},{"type":"Feature","properties":{"jobs":5778,"pop":4315,"pointCount":11,"homeWorkCommuteMedian":3584,"workHomeCommuteMedian":3971},"geometry":{"type":"Polygon","coordinates":[[[-101.00572758892159,25.41312479907312],[-101.00572758892159,25.422118002710366],[-100.99673438528434,25.422118002710366],[-100.99673438528434,25.41312479907312],[-101.00572758892159,25.41312479907312]]]}},{"type":"Feature","properties":{"jobs":11001,"pop":2910,"pointCount":10,"homeWorkCommuteMedian":4604,"workHomeCommuteMedian":4322},"geometry":{"type":"Polygon","coordinates":[[[-101.00572758892159,25.422118002710366],[-101.00572758892159,25.431111206347612],[-100.99673438528434,25.431111206347612],[-100.99673438528434,25.422118002710366],[-101.00572758892159,25.422118002710366]]]}},{"type":"Feature","properties":{"jobs":6817,"pop":1402,"pointCount":7,"homeWorkCommuteMedian":3981,"workHomeCommuteMedian":4856},"geometry":{"type":"Polygon","coordinates":[[[-101.00572758892159,25.431111206347612],[-101.00572758892159,25.44010440998486],[-100.99673438528434,25.44010440998486],[-100.99673438528434,25.431111206347612],[-101.00572758892159,25.431111206347612]]]}},{"type":"Feature","properties":{"jobs":5200,"pop":3047,"pointCount":6,"homeWorkCommuteMedian":3057,"workHomeCommuteMedian":5400},"geometry":{"type":"Polygon","coordinates":[[[-101.00572758892159,25.44010440998486],[-101.00572758892159,25.449097613622104],[-100.99673438528434,25.449097613622104],[-100.99673438528434,25.44010440998486],[-101.00572758892159,25.44010440998486]]]}},{"type":"Feature","properties":{"jobs":1566,"pop":449,"pointCount":2,"homeWorkCommuteMedian":4181,"workHomeCommuteMedian":6000},"geometry":{"type":"Polygon","coordinates":[[[-101.00572758892159,25.449097613622104],[-101.00572758892159,25.45809081725935],[-100.99673438528434,25.45809081725935],[-100.99673438528434,25.449097613622104],[-101.00572758892159,25.449097613622104]]]}},{"type":"Feature","properties":{"jobs":4150,"pop":2953,"pointCount":9,"homeWorkCommuteMedian":6497,"workHomeCommuteMedian":6904},"geometry":{"type":"Polygon","coordinates":[[[-101.00572758892159,25.45809081725935],[-101.00572758892159,25.467084020896596],[-100.99673438528434,25.467084020896596],[-100.99673438528434,25.45809081725935],[-101.00572758892159,25.45809081725935]]]}},{"type":"Feature","properties":{"jobs":660,"pop":2151,"pointCount":3,"homeWorkCommuteMedian":7614,"workHomeCommuteMedian":5286},"geometry":{"type":"Polygon","coordinates":[[[-101.00572758892159,25.467084020896596],[-101.00572758892159,25.476077224533842],[-100.99673438528434,25.476077224533842],[-100.99673438528434,25.467084020896596],[-101.00572758892159,25.467084020896596]]]}},{"type":"Feature","properties":{"jobs":264,"pop":1035,"pointCount":3,"homeWorkCommuteMedian":6624,"workHomeCommuteMedian":6277},"geometry":{"type":"Polygon","coordinates":[[[-100.99673438528434,25.359165577249644],[-100.99673438528434,25.36815878088689],[-100.9877411816471,25.36815878088689],[-100.9877411816471,25.359165577249644],[-100.99673438528434,25.359165577249644]]]}},{"type":"Feature","properties":{"jobs":199,"pop":0,"pointCount":2,"homeWorkCommuteMedian":-1,"workHomeCommuteMedian":6242},"geometry":{"type":"Polygon","coordinates":[[[-100.99673438528434,25.36815878088689],[-100.99673438528434,25.377151984524136],[-100.9877411816471,25.377151984524136],[-100.9877411816471,25.36815878088689],[-100.99673438528434,25.36815878088689]]]}},{"type":"Feature","properties":{"jobs":1015,"pop":673,"pointCount":6,"homeWorkCommuteMedian":8385,"workHomeCommuteMedian":4909},"geometry":{"type":"Polygon","coordinates":[[[-100.99673438528434,25.377151984524136],[-100.99673438528434,25.386145188161382],[-100.9877411816471,25.386145188161382],[-100.9877411816471,25.377151984524136],[-100.99673438528434,25.377151984524136]]]}},{"type":"Feature","properties":{"jobs":2834,"pop":3608,"pointCount":7,"homeWorkCommuteMedian":5385,"workHomeCommuteMedian":3704},"geometry":{"type":"Polygon","coordinates":[[[-100.99673438528434,25.386145188161382],[-100.99673438528434,25.39513839179863],[-100.9877411816471,25.39513839179863],[-100.9877411816471,25.386145188161382],[-100.99673438528434,25.386145188161382]]]}},{"type":"Feature","properties":{"jobs":2966,"pop":8431,"pointCount":9,"homeWorkCommuteMedian":4659,"workHomeCommuteMedian":4546},"geometry":{"type":"Polygon","coordinates":[[[-100.99673438528434,25.39513839179863],[-100.99673438528434,25.404131595435874],[-100.9877411816471,25.404131595435874],[-100.9877411816471,25.39513839179863],[-100.99673438528434,25.39513839179863]]]}},{"type":"Feature","properties":{"jobs":1916,"pop":5679,"pointCount":7,"homeWorkCommuteMedian":5105,"workHomeCommuteMedian":3731},"geometry":{"type":"Polygon","coordinates":[[[-100.99673438528434,25.404131595435874],[-100.99673438528434,25.41312479907312],[-100.9877411816471,25.41312479907312],[-100.9877411816471,25.404131595435874],[-100.99673438528434,25.404131595435874]]]}},{"type":"Feature","properties":{"jobs":2608,"pop":3907,"pointCount":7,"homeWorkCommuteMedian":4558,"workHomeCommuteMedian":4422},"geometry":{"type":"Polygon","coordinates":[[[-100.99673438528434,25.41312479907312],[-100.99673438528434,25.422118002710366],[-100.9877411816471,25.422118002710366],[-100.9877411816471,25.41312479907312],[-100.99673438528434,25.41312479907312]]]}},{"type":"Feature","properties":{"jobs":4791,"pop":4059,"pointCount":7,"homeWorkCommuteMedian":4304,"workHomeCommuteMedian":4007},"geometry":{"type":"Polygon","coordinates":[[[-100.99673438528434,25.422118002710366],[-100.99673438528434,25.431111206347612],[-100.9877411816471,25.431111206347612],[-100.9877411816471,25.422118002710366],[-100.99673438528434,25.422118002710366]]]}},{"type":"Feature","properties":{"jobs":7974,"pop":2339,"pointCount":7,"homeWorkCommuteMedian":2990,"workHomeCommuteMedian":5251},"geometry":{"type":"Polygon","coordinates":[[[-100.99673438528434,25.431111206347612],[-100.99673438528434,25.44010440998486],[-100.9877411816471,25.44010440998486],[-100.9877411816471,25.431111206347612],[-100.99673438528434,25.431111206347612]]]}},{"type":"Feature","properties":{"jobs":14247,"pop":1391,"pointCount":8,"homeWorkCommuteMedian":4015,"workHomeCommuteMedian":4437},"geometry":{"type":"Polygon","coordinates":[[[-100.99673438528434,25.44010440998486],[-100.99673438528434,25.449097613622104],[-100.9877411816471,25.449097613622104],[-100.9877411816471,25.44010440998486],[-100.99673438528434,25.44010440998486]]]}},{"type":"Feature","properties":{"jobs":3084,"pop":194,"pointCount":5,"homeWorkCommuteMedian":4784,"workHomeCommuteMedian":3855},"geometry":{"type":"Polygon","coordinates":[[[-100.99673438528434,25.449097613622104],[-100.99673438528434,25.45809081725935],[-100.9877411816471,25.45809081725935],[-100.9877411816471,25.449097613622104],[-100.99673438528434,25.449097613622104]]]}},{"type":"Feature","properties":{"jobs":5826,"pop":1833,"pointCount":5,"homeWorkCommuteMedian":4600,"workHomeCommuteMedian":6348},"geometry":{"type":"Polygon","coordinates":[[[-100.99673438528434,25.45809081725935],[-100.99673438528434,25.467084020896596],[-100.9877411816471,25.467084020896596],[-100.9877411816471,25.45809081725935],[-100.99673438528434,25.45809081725935]]]}},{"type":"Feature","properties":{"jobs":7034,"pop":165,"pointCount":6,"homeWorkCommuteMedian":5232,"workHomeCommuteMedian":5933},"geometry":{"type":"Polygon","coordinates":[[[-100.99673438528434,25.467084020896596],[-100.99673438528434,25.476077224533842],[-100.9877411816471,25.476077224533842],[-100.9877411816471,25.467084020896596],[-100.99673438528434,25.467084020896596]]]}},{"type":"Feature","properties":{"jobs":4288,"pop":3629,"pointCount":7,"homeWorkCommuteMedian":4386,"workHomeCommuteMedian":6567},"geometry":{"type":"Polygon","coordinates":[[[-100.99673438528434,25.476077224533842],[-100.99673438528434,25.48507042817109],[-100.9877411816471,25.48507042817109],[-100.9877411816471,25.476077224533842],[-100.99673438528434,25.476077224533842]]]}},{"type":"Feature","properties":{"jobs":1472,"pop":0,"pointCount":1,"homeWorkCommuteMedian":-1,"workHomeCommuteMedian":6880},"geometry":{"type":"Polygon","coordinates":[[[-100.99673438528434,25.48507042817109],[-100.99673438528434,25.494063631808334],[-100.9877411816471,25.494063631808334],[-100.9877411816471,25.48507042817109],[-100.99673438528434,25.48507042817109]]]}},{"type":"Feature","properties":{"jobs":4375,"pop":0,"pointCount":3,"homeWorkCommuteMedian":-1,"workHomeCommuteMedian":7534},"geometry":{"type":"Polygon","coordinates":[[[-100.99673438528434,25.512050039082826],[-100.99673438528434,25.521043242720072],[-100.9877411816471,25.521043242720072],[-100.9877411816471,25.512050039082826],[-100.99673438528434,25.512050039082826]]]}},{"type":"Feature","properties":{"jobs":295,"pop":1064,"pointCount":2,"homeWorkCommuteMedian":6285,"workHomeCommuteMedian":6269},"geometry":{"type":"Polygon","coordinates":[[[-100.9877411816471,25.359165577249644],[-100.9877411816471,25.36815878088689],[-100.97874797800985,25.36815878088689],[-100.97874797800985,25.359165577249644],[-100.9877411816471,25.359165577249644]]]}},{"type":"Feature","properties":{"jobs":344,"pop":939,"pointCount":4,"homeWorkCommuteMedian":10447,"workHomeCommuteMedian":4659},"geometry":{"type":"Polygon","coordinates":[[[-100.9877411816471,25.36815878088689],[-100.9877411816471,25.377151984524136],[-100.97874797800985,25.377151984524136],[-100.97874797800985,25.36815878088689],[-100.9877411816471,25.36815878088689]]]}},{"type":"Feature","properties":{"jobs":1776,"pop":5790,"pointCount":6,"homeWorkCommuteMedian":6822,"workHomeCommuteMedian":4650},"geometry":{"type":"Polygon","coordinates":[[[-100.9877411816471,25.377151984524136],[-100.9877411816471,25.386145188161382],[-100.97874797800985,25.386145188161382],[-100.97874797800985,25.377151984524136],[-100.9877411816471,25.377151984524136]]]}},{"type":"Feature","properties":{"jobs":3045,"pop":7600,"pointCount":9,"homeWorkCommuteMedian":4649,"workHomeCommuteMedian":4083},"geometry":{"type":"Polygon","coordinates":[[[-100.9877411816471,25.386145188161382],[-100.9877411816471,25.39513839179863],[-100.97874797800985,25.39513839179863],[-100.97874797800985,25.386145188161382],[-100.9877411816471,25.386145188161382]]]}},{"type":"Feature","properties":{"jobs":1240,"pop":4231,"pointCount":5,"homeWorkCommuteMedian":4321,"workHomeCommuteMedian":4784},"geometry":{"type":"Polygon","coordinates":[[[-100.9877411816471,25.39513839179863],[-100.9877411816471,25.404131595435874],[-100.97874797800985,25.404131595435874],[-100.97874797800985,25.39513839179863],[-100.9877411816471,25.39513839179863]]]}},{"type":"Feature","properties":{"jobs":2614,"pop":6385,"pointCount":8,"homeWorkCommuteMedian":5196,"workHomeCommuteMedian":3506},"geometry":{"type":"Polygon","coordinates":[[[-100.9877411816471,25.404131595435874],[-100.9877411816471,25.41312479907312],[-100.97874797800985,25.41312479907312],[-100.97874797800985,25.404131595435874],[-100.9877411816471,25.404131595435874]]]}},{"type":"Feature","properties":{"jobs":2807,"pop":7372,"pointCount":9,"homeWorkCommuteMedian":4492,"workHomeCommuteMedian":4270},"geometry":{"type":"Polygon","coordinates":[[[-100.9877411816471,25.41312479907312],[-100.9877411816471,25.422118002710366],[-100.97874797800985,25.422118002710366],[-100.97874797800985,25.41312479907312],[-100.9877411816471,25.41312479907312]]]}},{"type":"Feature","properties":{"jobs":3139,"pop":2035,"pointCount":7,"homeWorkCommuteMedian":4276,"workHomeCommuteMedian":4568},"geometry":{"type":"Polygon","coordinates":[[[-100.9877411816471,25.422118002710366],[-100.9877411816471,25.431111206347612],[-100.97874797800985,25.431111206347612],[-100.97874797800985,25.422118002710366],[-100.9877411816471,25.422118002710366]]]}},{"type":"Feature","properties":{"jobs":6232,"pop":6767,"pointCount":9,"homeWorkCommuteMedian":4212,"workHomeCommuteMedian":4107},"geometry":{"type":"Polygon","coordinates":[[[-100.9877411816471,25.431111206347612],[-100.9877411816471,25.44010440998486],[-100.97874797800985,25.44010440998486],[-100.97874797800985,25.431111206347612],[-100.9877411816471,25.431111206347612]]]}},{"type":"Feature","properties":{"jobs":5175,"pop":3035,"pointCount":7,"homeWorkCommuteMedian":5128,"workHomeCommuteMedian":4894},"geometry":{"type":"Polygon","coordinates":[[[-100.9877411816471,25.44010440998486],[-100.9877411816471,25.449097613622104],[-100.97874797800985,25.449097613622104],[-100.97874797800985,25.44010440998486],[-100.9877411816471,25.44010440998486]]]}},{"type":"Feature","properties":{"jobs":5076,"pop":1878,"pointCount":6,"homeWorkCommuteMedian":4433,"workHomeCommuteMedian":5221},"geometry":{"type":"Polygon","coordinates":[[[-100.9877411816471,25.449097613622104],[-100.9877411816471,25.45809081725935],[-100.97874797800985,25.45809081725935],[-100.97874797800985,25.449097613622104],[-100.9877411816471,25.449097613622104]]]}},{"type":"Feature","properties":{"jobs":7738,"pop":2406,"pointCount":10,"homeWorkCommuteMedian":4452,"workHomeCommuteMedian":5931},"geometry":{"type":"Polygon","coordinates":[[[-100.9877411816471,25.45809081725935],[-100.9877411816471,25.467084020896596],[-100.97874797800985,25.467084020896596],[-100.97874797800985,25.45809081725935],[-100.9877411816471,25.45809081725935]]]}},{"type":"Feature","properties":{"jobs":3680,"pop":3033,"pointCount":7,"homeWorkCommuteMedian":4081,"workHomeCommuteMedian":6890},"geometry":{"type":"Polygon","coordinates":[[[-100.9877411816471,25.467084020896596],[-100.9877411816471,25.476077224533842],[-100.97874797800985,25.476077224533842],[-100.97874797800985,25.467084020896596],[-100.9877411816471,25.467084020896596]]]}},{"type":"Feature","properties":{"jobs":3771,"pop":48,"pointCount":6,"homeWorkCommuteMedian":3647,"workHomeCommuteMedian":6422},"geometry":{"type":"Polygon","coordinates":[[[-100.9877411816471,25.476077224533842],[-100.9877411816471,25.48507042817109],[-100.97874797800985,25.48507042817109],[-100.97874797800985,25.476077224533842],[-100.9877411816471,25.476077224533842]]]}},{"type":"Feature","properties":{"jobs":1280,"pop":4739,"pointCount":5,"homeWorkCommuteMedian":5776,"workHomeCommuteMedian":7029},"geometry":{"type":"Polygon","coordinates":[[[-100.9877411816471,25.48507042817109],[-100.9877411816471,25.494063631808334],[-100.97874797800985,25.494063631808334],[-100.97874797800985,25.48507042817109],[-100.9877411816471,25.48507042817109]]]}},{"type":"Feature","properties":{"jobs":265,"pop":8,"pointCount":1,"homeWorkCommuteMedian":6673,"workHomeCommuteMedian":6799},"geometry":{"type":"Polygon","coordinates":[[[-100.9877411816471,25.494063631808334],[-100.9877411816471,25.50305683544558],[-100.97874797800985,25.50305683544558],[-100.97874797800985,25.494063631808334],[-100.9877411816471,25.494063631808334]]]}},{"type":"Feature","properties":{"jobs":1496,"pop":0,"pointCount":1,"homeWorkCommuteMedian":-1,"workHomeCommuteMedian":7909},"geometry":{"type":"Polygon","coordinates":[[[-100.9877411816471,25.512050039082826],[-100.9877411816471,25.521043242720072],[-100.97874797800985,25.521043242720072],[-100.97874797800985,25.512050039082826],[-100.9877411816471,25.512050039082826]]]}},{"type":"Feature","properties":{"jobs":418,"pop":1766,"pointCount":2,"homeWorkCommuteMedian":9568,"workHomeCommuteMedian":4681},"geometry":{"type":"Polygon","coordinates":[[[-100.9877411816471,25.530036446357318],[-100.9877411816471,25.539029649994564],[-100.97874797800985,25.539029649994564],[-100.97874797800985,25.530036446357318],[-100.9877411816471,25.530036446357318]]]}},{"type":"Feature","properties":{"jobs":266,"pop":1048,"pointCount":1,"homeWorkCommuteMedian":6009,"workHomeCommuteMedian":3602},"geometry":{"type":"Polygon","coordinates":[[[-100.97874797800985,25.36815878088689],[-100.97874797800985,25.377151984524136],[-100.9697547743726,25.377151984524136],[-100.9697547743726,25.36815878088689],[-100.97874797800985,25.36815878088689]]]}},{"type":"Feature","properties":{"jobs":1008,"pop":2863,"pointCount":4,"homeWorkCommuteMedian":6190,"workHomeCommuteMedian":5269},"geometry":{"type":"Polygon","coordinates":[[[-100.97874797800985,25.377151984524136],[-100.97874797800985,25.386145188161382],[-100.9697547743726,25.386145188161382],[-100.9697547743726,25.377151984524136],[-100.97874797800985,25.377151984524136]]]}},{"type":"Feature","properties":{"jobs":1013,"pop":3217,"pointCount":5,"homeWorkCommuteMedian":6642,"workHomeCommuteMedian":6084},"geometry":{"type":"Polygon","coordinates":[[[-100.97874797800985,25.386145188161382],[-100.97874797800985,25.39513839179863],[-100.9697547743726,25.39513839179863],[-100.9697547743726,25.386145188161382],[-100.97874797800985,25.386145188161382]]]}},{"type":"Feature","properties":{"jobs":2408,"pop":4554,"pointCount":6,"homeWorkCommuteMedian":4184,"workHomeCommuteMedian":4505},"geometry":{"type":"Polygon","coordinates":[[[-100.97874797800985,25.39513839179863],[-100.97874797800985,25.404131595435874],[-100.9697547743726,25.404131595435874],[-100.9697547743726,25.39513839179863],[-100.97874797800985,25.39513839179863]]]}},{"type":"Feature","properties":{"jobs":2055,"pop":4409,"pointCount":6,"homeWorkCommuteMedian":4736,"workHomeCommuteMedian":2962},"geometry":{"type":"Polygon","coordinates":[[[-100.97874797800985,25.404131595435874],[-100.97874797800985,25.41312479907312],[-100.9697547743726,25.41312479907312],[-100.9697547743726,25.404131595435874],[-100.97874797800985,25.404131595435874]]]}},{"type":"Feature","properties":{"jobs":2002,"pop":4264,"pointCount":5,"homeWorkCommuteMedian":4052,"workHomeCommuteMedian":5000},"geometry":{"type":"Polygon","coordinates":[[[-100.97874797800985,25.41312479907312],[-100.97874797800985,25.422118002710366],[-100.9697547743726,25.422118002710366],[-100.9697547743726,25.41312479907312],[-100.97874797800985,25.41312479907312]]]}},{"type":"Feature","properties":{"jobs":8349,"pop":1444,"pointCount":8,"homeWorkCommuteMedian":4889,"workHomeCommuteMedian":4429},"geometry":{"type":"Polygon","coordinates":[[[-100.97874797800985,25.422118002710366],[-100.97874797800985,25.431111206347612],[-100.9697547743726,25.431111206347612],[-100.9697547743726,25.422118002710366],[-100.97874797800985,25.422118002710366]]]}},{"type":"Feature","properties":{"jobs":4174,"pop":1530,"pointCount":7,"homeWorkCommuteMedian":3130,"workHomeCommuteMedian":5107},"geometry":{"type":"Polygon","coordinates":[[[-100.97874797800985,25.431111206347612],[-100.97874797800985,25.44010440998486],[-100.9697547743726,25.44010440998486],[-100.9697547743726,25.431111206347612],[-100.97874797800985,25.431111206347612]]]}},{"type":"Feature","properties":{"jobs":1898,"pop":84,"pointCount":5,"homeWorkCommuteMedian":6158,"workHomeCommuteMedian":5399},"geometry":{"type":"Polygon","coordinates":[[[-100.97874797800985,25.44010440998486],[-100.97874797800985,25.449097613622104],[-100.9697547743726,25.449097613622104],[-100.9697547743726,25.44010440998486],[-100.97874797800985,25.44010440998486]]]}},{"type":"Feature","properties":{"jobs":2322,"pop":1137,"pointCount":6,"homeWorkCommuteMedian":6256,"workHomeCommuteMedian":6359},"geometry":{"type":"Polygon","coordinates":[[[-100.97874797800985,25.449097613622104],[-100.97874797800985,25.45809081725935],[-100.9697547743726,25.45809081725935],[-100.9697547743726,25.449097613622104],[-100.97874797800985,25.449097613622104]]]}},{"type":"Feature","properties":{"jobs":1550,"pop":422,"pointCount":7,"homeWorkCommuteMedian":4122,"workHomeCommuteMedian":5578},"geometry":{"type":"Polygon","coordinates":[[[-100.97874797800985,25.45809081725935],[-100.97874797800985,25.467084020896596],[-100.9697547743726,25.467084020896596],[-100.9697547743726,25.45809081725935],[-100.97874797800985,25.45809081725935]]]}},{"type":"Feature","properties":{"jobs":2661,"pop":492,"pointCount":5,"homeWorkCommuteMedian":5428,"workHomeCommuteMedian":5928},"geometry":{"type":"Polygon","coordinates":[[[-100.97874797800985,25.467084020896596],[-100.97874797800985,25.476077224533842],[-100.9697547743726,25.476077224533842],[-100.9697547743726,25.467084020896596],[-100.97874797800985,25.467084020896596]]]}},{"type":"Feature","properties":{"jobs":2967,"pop":19,"pointCount":5,"homeWorkCommuteMedian":2722,"workHomeCommuteMedian":7804},"geometry":{"type":"Polygon","coordinates":[[[-100.97874797800985,25.476077224533842],[-100.97874797800985,25.48507042817109],[-100.9697547743726,25.48507042817109],[-100.9697547743726,25.476077224533842],[-100.97874797800985,25.476077224533842]]]}},{"type":"Feature","properties":{"jobs":661,"pop":2227,"pointCount":5,"homeWorkCommuteMedian":7058,"workHomeCommuteMedian":8440},"geometry":{"type":"Polygon","coordinates":[[[-100.97874797800985,25.48507042817109],[-100.97874797800985,25.494063631808334],[-100.9697547743726,25.494063631808334],[-100.9697547743726,25.48507042817109],[-100.97874797800985,25.48507042817109]]]}},{"type":"Feature","properties":{"jobs":113,"pop":742,"pointCount":1,"homeWorkCommuteMedian":6869,"workHomeCommuteMedian":7588},"geometry":{"type":"Polygon","coordinates":[[[-100.97874797800985,25.494063631808334],[-100.97874797800985,25.50305683544558],[-100.9697547743726,25.50305683544558],[-100.9697547743726,25.494063631808334],[-100.97874797800985,25.494063631808334]]]}},{"type":"Feature","properties":{"jobs":2240,"pop":0,"pointCount":1,"homeWorkCommuteMedian":-1,"workHomeCommuteMedian":9392},"geometry":{"type":"Polygon","coordinates":[[[-100.97874797800985,25.50305683544558],[-100.97874797800985,25.512050039082826],[-100.9697547743726,25.512050039082826],[-100.9697547743726,25.50305683544558],[-100.97874797800985,25.50305683544558]]]}},{"type":"Feature","properties":{"jobs":4051,"pop":0,"pointCount":2,"homeWorkCommuteMedian":-1,"workHomeCommuteMedian":9777},"geometry":{"type":"Polygon","coordinates":[[[-100.97874797800985,25.512050039082826],[-100.97874797800985,25.521043242720072],[-100.9697547743726,25.521043242720072],[-100.9697547743726,25.512050039082826],[-100.97874797800985,25.512050039082826]]]}},{"type":"Feature","properties":{"jobs":789,"pop":3155,"pointCount":3,"homeWorkCommuteMedian":6297,"workHomeCommuteMedian":10431},"geometry":{"type":"Polygon","coordinates":[[[-100.97874797800985,25.530036446357318],[-100.97874797800985,25.539029649994564],[-100.9697547743726,25.539029649994564],[-100.9697547743726,25.530036446357318],[-100.97874797800985,25.530036446357318]]]}},{"type":"Feature","properties":{"jobs":750,"pop":2070,"pointCount":5,"homeWorkCommuteMedian":4931,"workHomeCommuteMedian":3634},"geometry":{"type":"Polygon","coordinates":[[[-100.97874797800985,25.539029649994564],[-100.97874797800985,25.54802285363181],[-100.9697547743726,25.54802285363181],[-100.9697547743726,25.539029649994564],[-100.97874797800985,25.539029649994564]]]}},{"type":"Feature","properties":{"jobs":775,"pop":1854,"pointCount":3,"homeWorkCommuteMedian":5478,"workHomeCommuteMedian":12348},"geometry":{"type":"Polygon","coordinates":[[[-100.97874797800985,25.54802285363181],[-100.97874797800985,25.557016057269056],[-100.9697547743726,25.557016057269056],[-100.9697547743726,25.54802285363181],[-100.97874797800985,25.54802285363181]]]}},{"type":"Feature","properties":{"jobs":1346,"pop":4006,"pointCount":6,"homeWorkCommuteMedian":5662,"workHomeCommuteMedian":4819},"geometry":{"type":"Polygon","coordinates":[[[-100.9697547743726,25.386145188161382],[-100.9697547743726,25.39513839179863],[-100.96076157073536,25.39513839179863],[-100.96076157073536,25.386145188161382],[-100.9697547743726,25.386145188161382]]]}},{"type":"Feature","properties":{"jobs":2724,"pop":7941,"pointCount":8,"homeWorkCommuteMedian":4950,"workHomeCommuteMedian":5505},"geometry":{"type":"Polygon","coordinates":[[[-100.9697547743726,25.39513839179863],[-100.9697547743726,25.404131595435874],[-100.96076157073536,25.404131595435874],[-100.96076157073536,25.39513839179863],[-100.9697547743726,25.39513839179863]]]}},{"type":"Feature","properties":{"jobs":1013,"pop":3146,"pointCount":4,"homeWorkCommuteMedian":4614,"workHomeCommuteMedian":3560},"geometry":{"type":"Polygon","coordinates":[[[-100.9697547743726,25.404131595435874],[-100.9697547743726,25.41312479907312],[-100.96076157073536,25.41312479907312],[-100.96076157073536,25.404131595435874],[-100.9697547743726,25.404131595435874]]]}},{"type":"Feature","properties":{"jobs":5424,"pop":0,"pointCount":5,"homeWorkCommuteMedian":-1,"workHomeCommuteMedian":3994},"geometry":{"type":"Polygon","coordinates":[[[-100.9697547743726,25.41312479907312],[-100.9697547743726,25.422118002710366],[-100.96076157073536,25.422118002710366],[-100.96076157073536,25.41312479907312],[-100.9697547743726,25.41312479907312]]]}},{"type":"Feature","properties":{"jobs":1530,"pop":100,"pointCount":4,"homeWorkCommuteMedian":5660,"workHomeCommuteMedian":4870},"geometry":{"type":"Polygon","coordinates":[[[-100.9697547743726,25.422118002710366],[-100.9697547743726,25.431111206347612],[-100.96076157073536,25.431111206347612],[-100.96076157073536,25.422118002710366],[-100.9697547743726,25.422118002710366]]]}},{"type":"Feature","properties":{"jobs":1003,"pop":2099,"pointCount":4,"homeWorkCommuteMedian":3931,"workHomeCommuteMedian":4243},"geometry":{"type":"Polygon","coordinates":[[[-100.9697547743726,25.431111206347612],[-100.9697547743726,25.44010440998486],[-100.96076157073536,25.44010440998486],[-100.96076157073536,25.431111206347612],[-100.9697547743726,25.431111206347612]]]}},{"type":"Feature","properties":{"jobs":1717,"pop":6523,"pointCount":8,"homeWorkCommuteMedian":3749,"workHomeCommuteMedian":4717},"geometry":{"type":"Polygon","coordinates":[[[-100.9697547743726,25.44010440998486],[-100.9697547743726,25.449097613622104],[-100.96076157073536,25.449097613622104],[-100.96076157073536,25.44010440998486],[-100.9697547743726,25.44010440998486]]]}},{"type":"Feature","properties":{"jobs":1613,"pop":3409,"pointCount":8,"homeWorkCommuteMedian":3630,"workHomeCommuteMedian":5819},"geometry":{"type":"Polygon","coordinates":[[[-100.9697547743726,25.449097613622104],[-100.9697547743726,25.45809081725935],[-100.96076157073536,25.45809081725935],[-100.96076157073536,25.449097613622104],[-100.9697547743726,25.449097613622104]]]}},{"type":"Feature","properties":{"jobs":2952,"pop":1047,"pointCount":6,"homeWorkCommuteMedian":4007,"workHomeCommuteMedian":6261},"geometry":{"type":"Polygon","coordinates":[[[-100.9697547743726,25.45809081725935],[-100.9697547743726,25.467084020896596],[-100.96076157073536,25.467084020896596],[-100.96076157073536,25.45809081725935],[-100.9697547743726,25.45809081725935]]]}},{"type":"Feature","properties":{"jobs":945,"pop":775,"pointCount":4,"homeWorkCommuteMedian":7963,"workHomeCommuteMedian":6452},"geometry":{"type":"Polygon","coordinates":[[[-100.9697547743726,25.467084020896596],[-100.9697547743726,25.476077224533842],[-100.96076157073536,25.476077224533842],[-100.96076157073536,25.467084020896596],[-100.9697547743726,25.467084020896596]]]}},{"type":"Feature","properties":{"jobs":1056,"pop":0,"pointCount":5,"homeWorkCommuteMedian":-1,"workHomeCommuteMedian":5506},"geometry":{"type":"Polygon","coordinates":[[[-100.9697547743726,25.476077224533842],[-100.9697547743726,25.48507042817109],[-100.96076157073536,25.48507042817109],[-100.96076157073536,25.476077224533842],[-100.9697547743726,25.476077224533842]]]}},{"type":"Feature","properties":{"jobs":1885,"pop":236,"pointCount":5,"homeWorkCommuteMedian":7220,"workHomeCommuteMedian":6344},"geometry":{"type":"Polygon","coordinates":[[[-100.9697547743726,25.48507042817109],[-100.9697547743726,25.494063631808334],[-100.96076157073536,25.494063631808334],[-100.96076157073536,25.48507042817109],[-100.9697547743726,25.48507042817109]]]}},{"type":"Feature","properties":{"jobs":2217,"pop":91,"pointCount":1,"homeWorkCommuteMedian":7760,"workHomeCommuteMedian":7381},"geometry":{"type":"Polygon","coordinates":[[[-100.9697547743726,25.494063631808334],[-100.9697547743726,25.50305683544558],[-100.96076157073536,25.50305683544558],[-100.96076157073536,25.494063631808334],[-100.9697547743726,25.494063631808334]]]}},{"type":"Feature","properties":{"jobs":2064,"pop":0,"pointCount":1,"homeWorkCommuteMedian":-1,"workHomeCommuteMedian":6129},"geometry":{"type":"Polygon","coordinates":[[[-100.9697547743726,25.50305683544558],[-100.9697547743726,25.512050039082826],[-100.96076157073536,25.512050039082826],[-100.96076157073536,25.50305683544558],[-100.9697547743726,25.50305683544558]]]}},{"type":"Feature","properties":{"jobs":3292,"pop":35,"pointCount":1,"homeWorkCommuteMedian":6873,"workHomeCommuteMedian":7683},"geometry":{"type":"Polygon","coordinates":[[[-100.9697547743726,25.512050039082826],[-100.9697547743726,25.521043242720072],[-100.96076157073536,25.521043242720072],[-100.96076157073536,25.512050039082826],[-100.9697547743726,25.512050039082826]]]}},{"type":"Feature","properties":{"jobs":862,"pop":150,"pointCount":5,"homeWorkCommuteMedian":6567,"workHomeCommuteMedian":8976},"geometry":{"type":"Polygon","coordinates":[[[-100.9697547743726,25.530036446357318],[-100.9697547743726,25.539029649994564],[-100.96076157073536,25.539029649994564],[-100.96076157073536,25.530036446357318],[-100.9697547743726,25.530036446357318]]]}},{"type":"Feature","properties":{"jobs":726,"pop":2072,"pointCount":4,"homeWorkCommuteMedian":4853,"workHomeCommuteMedian":9552},"geometry":{"type":"Polygon","coordinates":[[[-100.9697547743726,25.539029649994564],[-100.9697547743726,25.54802285363181],[-100.96076157073536,25.54802285363181],[-100.96076157073536,25.539029649994564],[-100.9697547743726,25.539029649994564]]]}},{"type":"Feature","properties":{"jobs":1358,"pop":5169,"pointCount":7,"homeWorkCommuteMedian":4385,"workHomeCommuteMedian":12306},"geometry":{"type":"Polygon","coordinates":[[[-100.9697547743726,25.54802285363181],[-100.9697547743726,25.557016057269056],[-100.96076157073536,25.557016057269056],[-100.96076157073536,25.54802285363181],[-100.9697547743726,25.54802285363181]]]}},{"type":"Feature","properties":{"jobs":543,"pop":1691,"pointCount":3,"homeWorkCommuteMedian":5109,"workHomeCommuteMedian":9828},"geometry":{"type":"Polygon","coordinates":[[[-100.9697547743726,25.557016057269056],[-100.9697547743726,25.566009260906302],[-100.96076157073536,25.566009260906302],[-100.96076157073536,25.557016057269056],[-100.9697547743726,25.557016057269056]]]}},{"type":"Feature","properties":{"jobs":186,"pop":0,"pointCount":1,"homeWorkCommuteMedian":-1,"workHomeCommuteMedian":7224},"geometry":{"type":"Polygon","coordinates":[[[-100.96076157073536,25.377151984524136],[-100.96076157073536,25.386145188161382],[-100.95176836709811,25.386145188161382],[-100.95176836709811,25.377151984524136],[-100.96076157073536,25.377151984524136]]]}},{"type":"Feature","properties":{"jobs":1485,"pop":4001,"pointCount":3,"homeWorkCommuteMedian":7590,"workHomeCommuteMedian":4794},"geometry":{"type":"Polygon","coordinates":[[[-100.96076157073536,25.386145188161382],[-100.96076157073536,25.39513839179863],[-100.95176836709811,25.39513839179863],[-100.95176836709811,25.386145188161382],[-100.96076157073536,25.386145188161382]]]}},{"type":"Feature","properties":{"jobs":2915,"pop":6648,"pointCount":9,"homeWorkCommuteMedian":5404,"workHomeCommuteMedian":3963},"geometry":{"type":"Polygon","coordinates":[[[-100.96076157073536,25.39513839179863],[-100.96076157073536,25.404131595435874],[-100.95176836709811,25.404131595435874],[-100.95176836709811,25.39513839179863],[-100.96076157073536,25.39513839179863]]]}},{"type":"Feature","properties":{"jobs":5095,"pop":2525,"pointCount":8,"homeWorkCommuteMedian":5843,"workHomeCommuteMedian":3772},"geometry":{"type":"Polygon","coordinates":[[[-100.96076157073536,25.404131595435874],[-100.96076157073536,25.41312479907312],[-100.95176836709811,25.41312479907312],[-100.95176836709811,25.404131595435874],[-100.96076157073536,25.404131595435874]]]}},{"type":"Feature","properties":{"jobs":3097,"pop":5004,"pointCount":8,"homeWorkCommuteMedian":5036,"workHomeCommuteMedian":3130},"geometry":{"type":"Polygon","coordinates":[[[-100.96076157073536,25.41312479907312],[-100.96076157073536,25.422118002710366],[-100.95176836709811,25.422118002710366],[-100.95176836709811,25.41312479907312],[-100.96076157073536,25.41312479907312]]]}},{"type":"Feature","properties":{"jobs":3828,"pop":2371,"pointCount":7,"homeWorkCommuteMedian":5524,"workHomeCommuteMedian":4276},"geometry":{"type":"Polygon","coordinates":[[[-100.96076157073536,25.422118002710366],[-100.96076157073536,25.431111206347612],[-100.95176836709811,25.431111206347612],[-100.95176836709811,25.422118002710366],[-100.96076157073536,25.422118002710366]]]}},{"type":"Feature","properties":{"jobs":2703,"pop":7885,"pointCount":7,"homeWorkCommuteMedian":4535,"workHomeCommuteMedian":3926},"geometry":{"type":"Polygon","coordinates":[[[-100.96076157073536,25.431111206347612],[-100.96076157073536,25.44010440998486],[-100.95176836709811,25.44010440998486],[-100.95176836709811,25.431111206347612],[-100.96076157073536,25.431111206347612]]]}},{"type":"Feature","properties":{"jobs":7516,"pop":2091,"pointCount":7,"homeWorkCommuteMedian":4990,"workHomeCommuteMedian":5015},"geometry":{"type":"Polygon","coordinates":[[[-100.96076157073536,25.44010440998486],[-100.96076157073536,25.449097613622104],[-100.95176836709811,25.449097613622104],[-100.95176836709811,25.44010440998486],[-100.96076157073536,25.44010440998486]]]}},{"type":"Feature","properties":{"jobs":1774,"pop":1230,"pointCount":7,"homeWorkCommuteMedian":6535,"workHomeCommuteMedian":5885},"geometry":{"type":"Polygon","coordinates":[[[-100.96076157073536,25.449097613622104],[-100.96076157073536,25.45809081725935],[-100.95176836709811,25.45809081725935],[-100.95176836709811,25.449097613622104],[-100.96076157073536,25.449097613622104]]]}},{"type":"Feature","properties":{"jobs":1371,"pop":776,"pointCount":4,"homeWorkCommuteMedian":4568,"workHomeCommuteMedian":5791},"geometry":{"type":"Polygon","coordinates":[[[-100.96076157073536,25.45809081725935],[-100.96076157073536,25.467084020896596],[-100.95176836709811,25.467084020896596],[-100.95176836709811,25.45809081725935],[-100.96076157073536,25.45809081725935]]]}},{"type":"Feature","properties":{"jobs":1034,"pop":464,"pointCount":4,"homeWorkCommuteMedian":4756,"workHomeCommuteMedian":7330},"geometry":{"type":"Polygon","coordinates":[[[-100.96076157073536,25.467084020896596],[-100.96076157073536,25.476077224533842],[-100.95176836709811,25.476077224533842],[-100.95176836709811,25.467084020896596],[-100.96076157073536,25.467084020896596]]]}},{"type":"Feature","properties":{"jobs":84,"pop":70,"pointCount":3,"homeWorkCommuteMedian":8525,"workHomeCommuteMedian":5059},"geometry":{"type":"Polygon","coordinates":[[[-100.96076157073536,25.476077224533842],[-100.96076157073536,25.48507042817109],[-100.95176836709811,25.48507042817109],[-100.95176836709811,25.476077224533842],[-100.96076157073536,25.476077224533842]]]}},{"type":"Feature","properties":{"jobs":22,"pop":0,"pointCount":2,"homeWorkCommuteMedian":-1,"workHomeCommuteMedian":9379},"geometry":{"type":"Polygon","coordinates":[[[-100.96076157073536,25.48507042817109],[-100.96076157073536,25.494063631808334],[-100.95176836709811,25.494063631808334],[-100.95176836709811,25.48507042817109],[-100.96076157073536,25.48507042817109]]]}},{"type":"Feature","properties":{"jobs":210,"pop":116,"pointCount":4,"homeWorkCommuteMedian":7465,"workHomeCommuteMedian":7996},"geometry":{"type":"Polygon","coordinates":[[[-100.96076157073536,25.494063631808334],[-100.96076157073536,25.50305683544558],[-100.95176836709811,25.50305683544558],[-100.95176836709811,25.494063631808334],[-100.96076157073536,25.494063631808334]]]}},{"type":"Feature","properties":{"jobs":1528,"pop":9,"pointCount":2,"homeWorkCommuteMedian":3934,"workHomeCommuteMedian":6707},"geometry":{"type":"Polygon","coordinates":[[[-100.96076157073536,25.512050039082826],[-100.96076157073536,25.521043242720072],[-100.95176836709811,25.521043242720072],[-100.95176836709811,25.512050039082826],[-100.96076157073536,25.512050039082826]]]}},{"type":"Feature","properties":{"jobs":333,"pop":44,"pointCount":3,"homeWorkCommuteMedian":7113,"workHomeCommuteMedian":12697},"geometry":{"type":"Polygon","coordinates":[[[-100.96076157073536,25.521043242720072],[-100.96076157073536,25.530036446357318],[-100.95176836709811,25.530036446357318],[-100.95176836709811,25.521043242720072],[-100.96076157073536,25.521043242720072]]]}},{"type":"Feature","properties":{"jobs":2638,"pop":1198,"pointCount":6,"homeWorkCommuteMedian":7179,"workHomeCommuteMedian":10846},"geometry":{"type":"Polygon","coordinates":[[[-100.96076157073536,25.530036446357318],[-100.96076157073536,25.539029649994564],[-100.95176836709811,25.539029649994564],[-100.95176836709811,25.530036446357318],[-100.96076157073536,25.530036446357318]]]}},{"type":"Feature","properties":{"jobs":949,"pop":2432,"pointCount":5,"homeWorkCommuteMedian":3892,"workHomeCommuteMedian":13167},"geometry":{"type":"Polygon","coordinates":[[[-100.96076157073536,25.539029649994564],[-100.96076157073536,25.54802285363181],[-100.95176836709811,25.54802285363181],[-100.95176836709811,25.539029649994564],[-100.96076157073536,25.539029649994564]]]}},{"type":"Feature","properties":{"jobs":2091,"pop":4116,"pointCount":5,"homeWorkCommuteMedian":4380,"workHomeCommuteMedian":12927},"geometry":{"type":"Polygon","coordinates":[[[-100.96076157073536,25.54802285363181],[-100.96076157073536,25.557016057269056],[-100.95176836709811,25.557016057269056],[-100.95176836709811,25.54802285363181],[-100.96076157073536,25.54802285363181]]]}},{"type":"Feature","properties":{"jobs":2421,"pop":5987,"pointCount":8,"homeWorkCommuteMedian":4146,"workHomeCommuteMedian":7736},"geometry":{"type":"Polygon","coordinates":[[[-100.96076157073536,25.557016057269056],[-100.96076157073536,25.566009260906302],[-100.95176836709811,25.566009260906302],[-100.95176836709811,25.557016057269056],[-100.96076157073536,25.557016057269056]]]}},{"type":"Feature","properties":{"jobs":213,"pop":33,"pointCount":2,"homeWorkCommuteMedian":869,"workHomeCommuteMedian":13224},"geometry":{"type":"Polygon","coordinates":[[[-100.96076157073536,25.566009260906302],[-100.96076157073536,25.575002464543548],[-100.95176836709811,25.575002464543548],[-100.95176836709811,25.566009260906302],[-100.96076157073536,25.566009260906302]]]}},{"type":"Feature","properties":{"jobs":514,"pop":766,"pointCount":2,"homeWorkCommuteMedian":9483,"workHomeCommuteMedian":7135},"geometry":{"type":"Polygon","coordinates":[[[-100.95176836709811,25.386145188161382],[-100.95176836709811,25.39513839179863],[-100.94277516346087,25.39513839179863],[-100.94277516346087,25.386145188161382],[-100.95176836709811,25.386145188161382]]]}},{"type":"Feature","properties":{"jobs":2072,"pop":6126,"pointCount":6,"homeWorkCommuteMedian":5615,"workHomeCommuteMedian":4288},"geometry":{"type":"Polygon","coordinates":[[[-100.95176836709811,25.39513839179863],[-100.95176836709811,25.404131595435874],[-100.94277516346087,25.404131595435874],[-100.94277516346087,25.39513839179863],[-100.95176836709811,25.39513839179863]]]}},{"type":"Feature","properties":{"jobs":3130,"pop":8154,"pointCount":8,"homeWorkCommuteMedian":5701,"workHomeCommuteMedian":4778},"geometry":{"type":"Polygon","coordinates":[[[-100.95176836709811,25.404131595435874],[-100.95176836709811,25.41312479907312],[-100.94277516346087,25.41312479907312],[-100.94277516346087,25.404131595435874],[-100.95176836709811,25.404131595435874]]]}},{"type":"Feature","properties":{"jobs":2192,"pop":6207,"pointCount":7,"homeWorkCommuteMedian":5751,"workHomeCommuteMedian":3827},"geometry":{"type":"Polygon","coordinates":[[[-100.95176836709811,25.41312479907312],[-100.95176836709811,25.422118002710366],[-100.94277516346087,25.422118002710366],[-100.94277516346087,25.41312479907312],[-100.95176836709811,25.41312479907312]]]}},{"type":"Feature","properties":{"jobs":1556,"pop":2861,"pointCount":6,"homeWorkCommuteMedian":4770,"workHomeCommuteMedian":5078},"geometry":{"type":"Polygon","coordinates":[[[-100.95176836709811,25.422118002710366],[-100.95176836709811,25.431111206347612],[-100.94277516346087,25.431111206347612],[-100.94277516346087,25.422118002710366],[-100.95176836709811,25.422118002710366]]]}},{"type":"Feature","properties":{"jobs":656,"pop":1957,"pointCount":4,"homeWorkCommuteMedian":5793,"workHomeCommuteMedian":5705},"geometry":{"type":"Polygon","coordinates":[[[-100.95176836709811,25.431111206347612],[-100.95176836709811,25.44010440998486],[-100.94277516346087,25.44010440998486],[-100.94277516346087,25.431111206347612],[-100.95176836709811,25.431111206347612]]]}},{"type":"Feature","properties":{"jobs":1943,"pop":2472,"pointCount":9,"homeWorkCommuteMedian":4399,"workHomeCommuteMedian":5686},"geometry":{"type":"Polygon","coordinates":[[[-100.95176836709811,25.44010440998486],[-100.95176836709811,25.449097613622104],[-100.94277516346087,25.449097613622104],[-100.94277516346087,25.44010440998486],[-100.95176836709811,25.44010440998486]]]}},{"type":"Feature","properties":{"jobs":1386,"pop":5087,"pointCount":7,"homeWorkCommuteMedian":5655,"workHomeCommuteMedian":7211},"geometry":{"type":"Polygon","coordinates":[[[-100.95176836709811,25.449097613622104],[-100.95176836709811,25.45809081725935],[-100.94277516346087,25.45809081725935],[-100.94277516346087,25.449097613622104],[-100.95176836709811,25.449097613622104]]]}},{"type":"Feature","properties":{"jobs":1063,"pop":85,"pointCount":5,"homeWorkCommuteMedian":7735,"workHomeCommuteMedian":4890},"geometry":{"type":"Polygon","coordinates":[[[-100.95176836709811,25.45809081725935],[-100.95176836709811,25.467084020896596],[-100.94277516346087,25.467084020896596],[-100.94277516346087,25.45809081725935],[-100.95176836709811,25.45809081725935]]]}},{"type":"Feature","properties":{"jobs":1087,"pop":410,"pointCount":3,"homeWorkCommuteMedian":5303,"workHomeCommuteMedian":7034},"geometry":{"type":"Polygon","coordinates":[[[-100.95176836709811,25.467084020896596],[-100.95176836709811,25.476077224533842],[-100.94277516346087,25.476077224533842],[-100.94277516346087,25.467084020896596],[-100.95176836709811,25.467084020896596]]]}},{"type":"Feature","properties":{"jobs":377,"pop":0,"pointCount":2,"homeWorkCommuteMedian":-1,"workHomeCommuteMedian":6413},"geometry":{"type":"Polygon","coordinates":[[[-100.95176836709811,25.476077224533842],[-100.95176836709811,25.48507042817109],[-100.94277516346087,25.48507042817109],[-100.94277516346087,25.476077224533842],[-100.95176836709811,25.476077224533842]]]}},{"type":"Feature","properties":{"jobs":140,"pop":41,"pointCount":1,"homeWorkCommuteMedian":2407,"workHomeCommuteMedian":8450},"geometry":{"type":"Polygon","coordinates":[[[-100.95176836709811,25.48507042817109],[-100.95176836709811,25.494063631808334],[-100.94277516346087,25.494063631808334],[-100.94277516346087,25.48507042817109],[-100.95176836709811,25.48507042817109]]]}},{"type":"Feature","properties":{"jobs":44,"pop":282,"pointCount":2,"homeWorkCommuteMedian":7252,"workHomeCommuteMedian":8882},"geometry":{"type":"Polygon","coordinates":[[[-100.95176836709811,25.494063631808334],[-100.95176836709811,25.50305683544558],[-100.94277516346087,25.50305683544558],[-100.94277516346087,25.494063631808334],[-100.95176836709811,25.494063631808334]]]}},{"type":"Feature","properties":{"jobs":704,"pop":1432,"pointCount":3,"homeWorkCommuteMedian":5213,"workHomeCommuteMedian":11689},"geometry":{"type":"Polygon","coordinates":[[[-100.95176836709811,25.512050039082826],[-100.95176836709811,25.521043242720072],[-100.94277516346087,25.521043242720072],[-100.94277516346087,25.512050039082826],[-100.95176836709811,25.512050039082826]]]}},{"type":"Feature","properties":{"jobs":1385,"pop":151,"pointCount":5,"homeWorkCommuteMedian":3634,"workHomeCommuteMedian":10588},"geometry":{"type":"Polygon","coordinates":[[[-100.95176836709811,25.521043242720072],[-100.95176836709811,25.530036446357318],[-100.94277516346087,25.530036446357318],[-100.94277516346087,25.521043242720072],[-100.95176836709811,25.521043242720072]]]}},{"type":"Feature","properties":{"jobs":4332,"pop":586,"pointCount":6,"homeWorkCommuteMedian":3538,"workHomeCommuteMedian":11380},"geometry":{"type":"Polygon","coordinates":[[[-100.95176836709811,25.530036446357318],[-100.95176836709811,25.539029649994564],[-100.94277516346087,25.539029649994564],[-100.94277516346087,25.530036446357318],[-100.95176836709811,25.530036446357318]]]}},{"type":"Feature","properties":{"jobs":4914,"pop":2612,"pointCount":8,"homeWorkCommuteMedian":5246,"workHomeCommuteMedian":3662},"geometry":{"type":"Polygon","coordinates":[[[-100.95176836709811,25.539029649994564],[-100.95176836709811,25.54802285363181],[-100.94277516346087,25.54802285363181],[-100.94277516346087,25.539029649994564],[-100.95176836709811,25.539029649994564]]]}},{"type":"Feature","properties":{"jobs":1691,"pop":1640,"pointCount":4,"homeWorkCommuteMedian":5332,"workHomeCommuteMedian":9988},"geometry":{"type":"Polygon","coordinates":[[[-100.95176836709811,25.54802285363181],[-100.95176836709811,25.557016057269056],[-100.94277516346087,25.557016057269056],[-100.94277516346087,25.54802285363181],[-100.95176836709811,25.54802285363181]]]}},{"type":"Feature","properties":{"jobs":1019,"pop":3261,"pointCount":4,"homeWorkCommuteMedian":5139,"workHomeCommuteMedian":12156},"geometry":{"type":"Polygon","coordinates":[[[-100.95176836709811,25.557016057269056],[-100.95176836709811,25.566009260906302],[-100.94277516346087,25.566009260906302],[-100.94277516346087,25.557016057269056],[-100.95176836709811,25.557016057269056]]]}},{"type":"Feature","properties":{"jobs":131,"pop":0,"pointCount":1,"homeWorkCommuteMedian":-1,"workHomeCommuteMedian":5350},"geometry":{"type":"Polygon","coordinates":[[[-100.95176836709811,25.566009260906302],[-100.95176836709811,25.575002464543548],[-100.94277516346087,25.575002464543548],[-100.94277516346087,25.566009260906302],[-100.95176836709811,25.566009260906302]]]}},{"type":"Feature","properties":{"jobs":2758,"pop":1039,"pointCount":4,"homeWorkCommuteMedian":5746,"workHomeCommuteMedian":5146},"geometry":{"type":"Polygon","coordinates":[[[-100.94277516346087,25.386145188161382],[-100.94277516346087,25.39513839179863],[-100.93378195982362,25.39513839179863],[-100.93378195982362,25.386145188161382],[-100.94277516346087,25.386145188161382]]]}},{"type":"Feature","properties":{"jobs":3815,"pop":4533,"pointCount":6,"homeWorkCommuteMedian":6502,"workHomeCommuteMedian":4105},"geometry":{"type":"Polygon","coordinates":[[[-100.94277516346087,25.39513839179863],[-100.94277516346087,25.404131595435874],[-100.93378195982362,25.404131595435874],[-100.93378195982362,25.39513839179863],[-100.94277516346087,25.39513839179863]]]}},{"type":"Feature","properties":{"jobs":1027,"pop":3541,"pointCount":4,"homeWorkCommuteMedian":6257,"workHomeCommuteMedian":4710},"geometry":{"type":"Polygon","coordinates":[[[-100.94277516346087,25.404131595435874],[-100.94277516346087,25.41312479907312],[-100.93378195982362,25.41312479907312],[-100.93378195982362,25.404131595435874],[-100.94277516346087,25.404131595435874]]]}},{"type":"Feature","properties":{"jobs":1087,"pop":3432,"pointCount":5,"homeWorkCommuteMedian":6506,"workHomeCommuteMedian":6009},"geometry":{"type":"Polygon","coordinates":[[[-100.94277516346087,25.41312479907312],[-100.94277516346087,25.422118002710366],[-100.93378195982362,25.422118002710366],[-100.93378195982362,25.41312479907312],[-100.94277516346087,25.41312479907312]]]}},{"type":"Feature","properties":{"jobs":1523,"pop":3274,"pointCount":3,"homeWorkCommuteMedian":5577,"workHomeCommuteMedian":6632},"geometry":{"type":"Polygon","coordinates":[[[-100.94277516346087,25.422118002710366],[-100.94277516346087,25.431111206347612],[-100.93378195982362,25.431111206347612],[-100.93378195982362,25.422118002710366],[-100.94277516346087,25.422118002710366]]]}},{"type":"Feature","properties":{"jobs":469,"pop":12,"pointCount":4,"homeWorkCommuteMedian":1434,"workHomeCommuteMedian":7150},"geometry":{"type":"Polygon","coordinates":[[[-100.94277516346087,25.431111206347612],[-100.94277516346087,25.44010440998486],[-100.93378195982362,25.44010440998486],[-100.93378195982362,25.431111206347612],[-100.94277516346087,25.431111206347612]]]}},{"type":"Feature","properties":{"jobs":628,"pop":0,"pointCount":5,"homeWorkCommuteMedian":-1,"workHomeCommuteMedian":4776},"geometry":{"type":"Polygon","coordinates":[[[-100.94277516346087,25.44010440998486],[-100.94277516346087,25.449097613622104],[-100.93378195982362,25.449097613622104],[-100.93378195982362,25.44010440998486],[-100.94277516346087,25.44010440998486]]]}},{"type":"Feature","properties":{"jobs":316,"pop":0,"pointCount":4,"homeWorkCommuteMedian":-1,"workHomeCommuteMedian":8129},"geometry":{"type":"Polygon","coordinates":[[[-100.94277516346087,25.449097613622104],[-100.94277516346087,25.45809081725935],[-100.93378195982362,25.45809081725935],[-100.93378195982362,25.449097613622104],[-100.94277516346087,25.449097613622104]]]}},{"type":"Feature","properties":{"jobs":246,"pop":0,"pointCount":1,"homeWorkCommuteMedian":-1,"workHomeCommuteMedian":5783},"geometry":{"type":"Polygon","coordinates":[[[-100.94277516346087,25.45809081725935],[-100.94277516346087,25.467084020896596],[-100.93378195982362,25.467084020896596],[-100.93378195982362,25.45809081725935],[-100.94277516346087,25.45809081725935]]]}},{"type":"Feature","properties":{"jobs":252,"pop":0,"pointCount":1,"homeWorkCommuteMedian":-1,"workHomeCommuteMedian":6288},"geometry":{"type":"Polygon","coordinates":[[[-100.94277516346087,25.467084020896596],[-100.94277516346087,25.476077224533842],[-100.93378195982362,25.476077224533842],[-100.93378195982362,25.467084020896596],[-100.94277516346087,25.467084020896596]]]}},{"type":"Feature","properties":{"jobs":175,"pop":74,"pointCount":3,"homeWorkCommuteMedian":6372,"workHomeCommuteMedian":11080},"geometry":{"type":"Polygon","coordinates":[[[-100.94277516346087,25.476077224533842],[-100.94277516346087,25.48507042817109],[-100.93378195982362,25.48507042817109],[-100.93378195982362,25.476077224533842],[-100.94277516346087,25.476077224533842]]]}},{"type":"Feature","properties":{"jobs":85,"pop":87,"pointCount":1,"homeWorkCommuteMedian":7254,"workHomeCommuteMedian":9058},"geometry":{"type":"Polygon","coordinates":[[[-100.94277516346087,25.48507042817109],[-100.94277516346087,25.494063631808334],[-100.93378195982362,25.494063631808334],[-100.93378195982362,25.48507042817109],[-100.94277516346087,25.48507042817109]]]}},{"type":"Feature","properties":{"jobs":85,"pop":63,"pointCount":1,"homeWorkCommuteMedian":7637,"workHomeCommuteMedian":8413},"geometry":{"type":"Polygon","coordinates":[[[-100.94277516346087,25.494063631808334],[-100.94277516346087,25.50305683544558],[-100.93378195982362,25.50305683544558],[-100.93378195982362,25.494063631808334],[-100.94277516346087,25.494063631808334]]]}},{"type":"Feature","properties":{"jobs":335,"pop":1269,"pointCount":2,"homeWorkCommuteMedian":8421,"workHomeCommuteMedian":4931},"geometry":{"type":"Polygon","coordinates":[[[-100.94277516346087,25.50305683544558],[-100.94277516346087,25.512050039082826],[-100.93378195982362,25.512050039082826],[-100.93378195982362,25.50305683544558],[-100.94277516346087,25.50305683544558]]]}},{"type":"Feature","properties":{"jobs":3135,"pop":7481,"pointCount":8,"homeWorkCommuteMedian":5578,"workHomeCommuteMedian":8960},"geometry":{"type":"Polygon","coordinates":[[[-100.94277516346087,25.512050039082826],[-100.94277516346087,25.521043242720072],[-100.93378195982362,25.521043242720072],[-100.93378195982362,25.512050039082826],[-100.94277516346087,25.512050039082826]]]}},{"type":"Feature","properties":{"jobs":1684,"pop":5826,"pointCount":7,"homeWorkCommuteMedian":6139,"workHomeCommuteMedian":9729},"geometry":{"type":"Polygon","coordinates":[[[-100.94277516346087,25.521043242720072],[-100.94277516346087,25.530036446357318],[-100.93378195982362,25.530036446357318],[-100.93378195982362,25.521043242720072],[-100.94277516346087,25.521043242720072]]]}},{"type":"Feature","properties":{"jobs":1077,"pop":2839,"pointCount":6,"homeWorkCommuteMedian":5073,"workHomeCommuteMedian":11376},"geometry":{"type":"Polygon","coordinates":[[[-100.94277516346087,25.530036446357318],[-100.94277516346087,25.539029649994564],[-100.93378195982362,25.539029649994564],[-100.93378195982362,25.530036446357318],[-100.94277516346087,25.530036446357318]]]}},{"type":"Feature","properties":{"jobs":2511,"pop":860,"pointCount":5,"homeWorkCommuteMedian":8203,"workHomeCommuteMedian":11347},"geometry":{"type":"Polygon","coordinates":[[[-100.94277516346087,25.539029649994564],[-100.94277516346087,25.54802285363181],[-100.93378195982362,25.54802285363181],[-100.93378195982362,25.539029649994564],[-100.94277516346087,25.539029649994564]]]}},{"type":"Feature","properties":{"jobs":2495,"pop":4339,"pointCount":7,"homeWorkCommuteMedian":3822,"workHomeCommuteMedian":11322},"geometry":{"type":"Polygon","coordinates":[[[-100.94277516346087,25.54802285363181],[-100.94277516346087,25.557016057269056],[-100.93378195982362,25.557016057269056],[-100.93378195982362,25.54802285363181],[-100.94277516346087,25.54802285363181]]]}},{"type":"Feature","properties":{"jobs":2451,"pop":0,"pointCount":3,"homeWorkCommuteMedian":-1,"workHomeCommuteMedian":12241},"geometry":{"type":"Polygon","coordinates":[[[-100.94277516346087,25.557016057269056],[-100.94277516346087,25.566009260906302],[-100.93378195982362,25.566009260906302],[-100.93378195982362,25.557016057269056],[-100.94277516346087,25.557016057269056]]]}},{"type":"Feature","properties":{"jobs":3,"pop":0,"pointCount":1,"homeWorkCommuteMedian":-1,"workHomeCommuteMedian":19841},"geometry":{"type":"Polygon","coordinates":[[[-100.94277516346087,25.610975279092532],[-100.94277516346087,25.619968482729778],[-100.93378195982362,25.619968482729778],[-100.93378195982362,25.610975279092532],[-100.94277516346087,25.610975279092532]]]}},{"type":"Feature","properties":{"jobs":147,"pop":59,"pointCount":2,"homeWorkCommuteMedian":9944,"workHomeCommuteMedian":9028},"geometry":{"type":"Polygon","coordinates":[[[-100.93378195982362,25.39513839179863],[-100.93378195982362,25.404131595435874],[-100.92478875618637,25.404131595435874],[-100.92478875618637,25.39513839179863],[-100.93378195982362,25.39513839179863]]]}},{"type":"Feature","properties":{"jobs":3094,"pop":5814,"pointCount":6,"homeWorkCommuteMedian":6057,"workHomeCommuteMedian":3671},"geometry":{"type":"Polygon","coordinates":[[[-100.93378195982362,25.404131595435874],[-100.93378195982362,25.41312479907312],[-100.92478875618637,25.41312479907312],[-100.92478875618637,25.404131595435874],[-100.93378195982362,25.404131595435874]]]}},{"type":"Feature","properties":{"jobs":1485,"pop":4122,"pointCount":6,"homeWorkCommuteMedian":5768,"workHomeCommuteMedian":5524},"geometry":{"type":"Polygon","coordinates":[[[-100.93378195982362,25.41312479907312],[-100.93378195982362,25.422118002710366],[-100.92478875618637,25.422118002710366],[-100.92478875618637,25.41312479907312],[-100.93378195982362,25.41312479907312]]]}},{"type":"Feature","properties":{"jobs":2698,"pop":7654,"pointCount":8,"homeWorkCommuteMedian":6740,"workHomeCommuteMedian":4945},"geometry":{"type":"Polygon","coordinates":[[[-100.93378195982362,25.422118002710366],[-100.93378195982362,25.431111206347612],[-100.92478875618637,25.431111206347612],[-100.92478875618637,25.422118002710366],[-100.93378195982362,25.422118002710366]]]}},{"type":"Feature","properties":{"jobs":2011,"pop":58,"pointCount":4,"homeWorkCommuteMedian":6424,"workHomeCommuteMedian":7344},"geometry":{"type":"Polygon","coordinates":[[[-100.93378195982362,25.431111206347612],[-100.93378195982362,25.44010440998486],[-100.92478875618637,25.44010440998486],[-100.92478875618637,25.431111206347612],[-100.93378195982362,25.431111206347612]]]}},{"type":"Feature","properties":{"jobs":669,"pop":1234,"pointCount":5,"homeWorkCommuteMedian":6505,"workHomeCommuteMedian":5798},"geometry":{"type":"Polygon","coordinates":[[[-100.93378195982362,25.44010440998486],[-100.93378195982362,25.449097613622104],[-100.92478875618637,25.449097613622104],[-100.92478875618637,25.44010440998486],[-100.93378195982362,25.44010440998486]]]}},{"type":"Feature","properties":{"jobs":252,"pop":74,"pointCount":2,"homeWorkCommuteMedian":6580,"workHomeCommuteMedian":7608},"geometry":{"type":"Polygon","coordinates":[[[-100.93378195982362,25.449097613622104],[-100.93378195982362,25.45809081725935],[-100.92478875618637,25.45809081725935],[-100.92478875618637,25.449097613622104],[-100.93378195982362,25.449097613622104]]]}},{"type":"Feature","properties":{"jobs":67,"pop":0,"pointCount":1,"homeWorkCommuteMedian":-1,"workHomeCommuteMedian":6641},"geometry":{"type":"Polygon","coordinates":[[[-100.93378195982362,25.45809081725935],[-100.93378195982362,25.467084020896596],[-100.92478875618637,25.467084020896596],[-100.92478875618637,25.45809081725935],[-100.93378195982362,25.45809081725935]]]}},{"type":"Feature","properties":{"jobs":1403,"pop":340,"pointCount":3,"homeWorkCommuteMedian":8886,"workHomeCommuteMedian":7084},"geometry":{"type":"Polygon","coordinates":[[[-100.93378195982362,25.476077224533842],[-100.93378195982362,25.48507042817109],[-100.92478875618637,25.48507042817109],[-100.92478875618637,25.476077224533842],[-100.93378195982362,25.476077224533842]]]}},{"type":"Feature","properties":{"jobs":595,"pop":2256,"pointCount":3,"homeWorkCommuteMedian":7668,"workHomeCommuteMedian":7085},"geometry":{"type":"Polygon","coordinates":[[[-100.93378195982362,25.50305683544558],[-100.93378195982362,25.512050039082826],[-100.92478875618637,25.512050039082826],[-100.92478875618637,25.50305683544558],[-100.93378195982362,25.50305683544558]]]}},{"type":"Feature","properties":{"jobs":336,"pop":1044,"pointCount":1,"homeWorkCommuteMedian":7374,"workHomeCommuteMedian":8917},"geometry":{"type":"Polygon","coordinates":[[[-100.93378195982362,25.512050039082826],[-100.93378195982362,25.521043242720072],[-100.92478875618637,25.521043242720072],[-100.92478875618637,25.512050039082826],[-100.93378195982362,25.512050039082826]]]}},{"type":"Feature","properties":{"jobs":135,"pop":666,"pointCount":1,"homeWorkCommuteMedian":5179,"workHomeCommuteMedian":13694},"geometry":{"type":"Polygon","coordinates":[[[-100.93378195982362,25.521043242720072],[-100.93378195982362,25.530036446357318],[-100.92478875618637,25.530036446357318],[-100.92478875618637,25.521043242720072],[-100.93378195982362,25.521043242720072]]]}},{"type":"Feature","properties":{"jobs":1442,"pop":0,"pointCount":2,"homeWorkCommuteMedian":-1,"workHomeCommuteMedian":11301},"geometry":{"type":"Polygon","coordinates":[[[-100.93378195982362,25.530036446357318],[-100.93378195982362,25.539029649994564],[-100.92478875618637,25.539029649994564],[-100.92478875618637,25.530036446357318],[-100.93378195982362,25.530036446357318]]]}},{"type":"Feature","properties":{"jobs":200,"pop":0,"pointCount":1,"homeWorkCommuteMedian":-1,"workHomeCommuteMedian":18444},"geometry":{"type":"Polygon","coordinates":[[[-100.93378195982362,25.539029649994564],[-100.93378195982362,25.54802285363181],[-100.92478875618637,25.54802285363181],[-100.92478875618637,25.539029649994564],[-100.93378195982362,25.539029649994564]]]}},{"type":"Feature","properties":{"jobs":1289,"pop":5,"pointCount":3,"homeWorkCommuteMedian":8852,"workHomeCommuteMedian":12351},"geometry":{"type":"Polygon","coordinates":[[[-100.93378195982362,25.54802285363181],[-100.93378195982362,25.557016057269056],[-100.92478875618637,25.557016057269056],[-100.92478875618637,25.54802285363181],[-100.93378195982362,25.54802285363181]]]}},{"type":"Feature","properties":{"jobs":9657,"pop":0,"pointCount":3,"homeWorkCommuteMedian":-1,"workHomeCommuteMedian":7980},"geometry":{"type":"Polygon","coordinates":[[[-100.93378195982362,25.557016057269056],[-100.93378195982362,25.566009260906302],[-100.92478875618637,25.566009260906302],[-100.92478875618637,25.557016057269056],[-100.93378195982362,25.557016057269056]]]}},{"type":"Feature","properties":{"jobs":8367,"pop":7,"pointCount":3,"homeWorkCommuteMedian":926,"workHomeCommuteMedian":13263},"geometry":{"type":"Polygon","coordinates":[[[-100.93378195982362,25.566009260906302],[-100.93378195982362,25.575002464543548],[-100.92478875618637,25.575002464543548],[-100.92478875618637,25.566009260906302],[-100.93378195982362,25.566009260906302]]]}},{"type":"Feature","properties":{"jobs":490,"pop":0,"pointCount":1,"homeWorkCommuteMedian":-1,"workHomeCommuteMedian":10524},"geometry":{"type":"Polygon","coordinates":[[[-100.93378195982362,25.575002464543548],[-100.93378195982362,25.583995668180794],[-100.92478875618637,25.583995668180794],[-100.92478875618637,25.575002464543548],[-100.93378195982362,25.575002464543548]]]}},{"type":"Feature","properties":{"jobs":452,"pop":1814,"pointCount":2,"homeWorkCommuteMedian":8521,"workHomeCommuteMedian":8133},"geometry":{"type":"Polygon","coordinates":[[[-100.92478875618637,25.39513839179863],[-100.92478875618637,25.404131595435874],[-100.91579555254913,25.404131595435874],[-100.91579555254913,25.39513839179863],[-100.92478875618637,25.39513839179863]]]}},{"type":"Feature","properties":{"jobs":2182,"pop":7241,"pointCount":7,"homeWorkCommuteMedian":6589,"workHomeCommuteMedian":3934},"geometry":{"type":"Polygon","coordinates":[[[-100.92478875618637,25.404131595435874],[-100.92478875618637,25.41312479907312],[-100.91579555254913,25.41312479907312],[-100.91579555254913,25.404131595435874],[-100.92478875618637,25.404131595435874]]]}},{"type":"Feature","properties":{"jobs":2722,"pop":7617,"pointCount":9,"homeWorkCommuteMedian":6031,"workHomeCommuteMedian":5448},"geometry":{"type":"Polygon","coordinates":[[[-100.92478875618637,25.41312479907312],[-100.92478875618637,25.422118002710366],[-100.91579555254913,25.422118002710366],[-100.91579555254913,25.41312479907312],[-100.92478875618637,25.41312479907312]]]}},{"type":"Feature","properties":{"jobs":1418,"pop":4098,"pointCount":6,"homeWorkCommuteMedian":6520,"workHomeCommuteMedian":3351},"geometry":{"type":"Polygon","coordinates":[[[-100.92478875618637,25.422118002710366],[-100.92478875618637,25.431111206347612],[-100.91579555254913,25.431111206347612],[-100.91579555254913,25.422118002710366],[-100.92478875618637,25.422118002710366]]]}},{"type":"Feature","properties":{"jobs":1220,"pop":0,"pointCount":3,"homeWorkCommuteMedian":-1,"workHomeCommuteMedian":7214},"geometry":{"type":"Polygon","coordinates":[[[-100.92478875618637,25.431111206347612],[-100.92478875618637,25.44010440998486],[-100.91579555254913,25.44010440998486],[-100.91579555254913,25.431111206347612],[-100.92478875618637,25.431111206347612]]]}},{"type":"Feature","properties":{"jobs":2176,"pop":9,"pointCount":3,"homeWorkCommuteMedian":9124,"workHomeCommuteMedian":5095},"geometry":{"type":"Polygon","coordinates":[[[-100.92478875618637,25.44010440998486],[-100.92478875618637,25.449097613622104],[-100.91579555254913,25.449097613622104],[-100.91579555254913,25.44010440998486],[-100.92478875618637,25.44010440998486]]]}},{"type":"Feature","properties":{"jobs":632,"pop":2270,"pointCount":3,"homeWorkCommuteMedian":6441,"workHomeCommuteMedian":6308},"geometry":{"type":"Polygon","coordinates":[[[-100.92478875618637,25.449097613622104],[-100.92478875618637,25.45809081725935],[-100.91579555254913,25.45809081725935],[-100.91579555254913,25.449097613622104],[-100.92478875618637,25.449097613622104]]]}},{"type":"Feature","properties":{"jobs":51,"pop":0,"pointCount":1,"homeWorkCommuteMedian":-1,"workHomeCommuteMedian":9513},"geometry":{"type":"Polygon","coordinates":[[[-100.92478875618637,25.467084020896596],[-100.92478875618637,25.476077224533842],[-100.91579555254913,25.476077224533842],[-100.91579555254913,25.467084020896596],[-100.92478875618637,25.467084020896596]]]}},{"type":"Feature","properties":{"jobs":2,"pop":0,"pointCount":1,"homeWorkCommuteMedian":-1,"workHomeCommuteMedian":16375},"geometry":{"type":"Polygon","coordinates":[[[-100.92478875618637,25.494063631808334],[-100.92478875618637,25.50305683544558],[-100.91579555254913,25.50305683544558],[-100.91579555254913,25.494063631808334],[-100.92478875618637,25.494063631808334]]]}},{"type":"Feature","properties":{"jobs":537,"pop":0,"pointCount":1,"homeWorkCommuteMedian":-1,"workHomeCommuteMedian":13129},"geometry":{"type":"Polygon","coordinates":[[[-100.92478875618637,25.521043242720072],[-100.92478875618637,25.530036446357318],[-100.91579555254913,25.530036446357318],[-100.91579555254913,25.521043242720072],[-100.92478875618637,25.521043242720072]]]}},{"type":"Feature","properties":{"jobs":8642,"pop":0,"pointCount":2,"homeWorkCommuteMedian":-1,"workHomeCommuteMedian":9286},"geometry":{"type":"Polygon","coordinates":[[[-100.92478875618637,25.530036446357318],[-100.92478875618637,25.539029649994564],[-100.91579555254913,25.539029649994564],[-100.91579555254913,25.530036446357318],[-100.92478875618637,25.530036446357318]]]}},{"type":"Feature","properties":{"jobs":3004,"pop":0,"pointCount":1,"homeWorkCommuteMedian":-1,"workHomeCommuteMedian":12727},"geometry":{"type":"Polygon","coordinates":[[[-100.92478875618637,25.539029649994564],[-100.92478875618637,25.54802285363181],[-100.91579555254913,25.54802285363181],[-100.91579555254913,25.539029649994564],[-100.92478875618637,25.539029649994564]]]}},{"type":"Feature","properties":{"jobs":2783,"pop":0,"pointCount":3,"homeWorkCommuteMedian":-1,"workHomeCommuteMedian":12484},"geometry":{"type":"Polygon","coordinates":[[[-100.92478875618637,25.557016057269056],[-100.92478875618637,25.566009260906302],[-100.91579555254913,25.566009260906302],[-100.91579555254913,25.557016057269056],[-100.92478875618637,25.557016057269056]]]}},{"type":"Feature","properties":{"jobs":4301,"pop":0,"pointCount":2,"homeWorkCommuteMedian":-1,"workHomeCommuteMedian":15471},"geometry":{"type":"Polygon","coordinates":[[[-100.92478875618637,25.566009260906302],[-100.92478875618637,25.575002464543548],[-100.91579555254913,25.575002464543548],[-100.91579555254913,25.566009260906302],[-100.92478875618637,25.566009260906302]]]}},{"type":"Feature","properties":{"jobs":6163,"pop":627,"pointCount":3,"homeWorkCommuteMedian":5099,"workHomeCommuteMedian":16593},"geometry":{"type":"Polygon","coordinates":[[[-100.92478875618637,25.575002464543548],[-100.92478875618637,25.583995668180794],[-100.91579555254913,25.583995668180794],[-100.91579555254913,25.575002464543548],[-100.92478875618637,25.575002464543548]]]}},{"type":"Feature","properties":{"jobs":4756,"pop":0,"pointCount":2,"homeWorkCommuteMedian":-1,"workHomeCommuteMedian":17451},"geometry":{"type":"Polygon","coordinates":[[[-100.92478875618637,25.583995668180794],[-100.92478875618637,25.59298887181804],[-100.91579555254913,25.59298887181804],[-100.91579555254913,25.583995668180794],[-100.92478875618637,25.583995668180794]]]}},{"type":"Feature","properties":{"jobs":514,"pop":0,"pointCount":1,"homeWorkCommuteMedian":-1,"workHomeCommuteMedian":18215},"geometry":{"type":"Polygon","coordinates":[[[-100.92478875618637,25.59298887181804],[-100.92478875618637,25.601982075455286],[-100.91579555254913,25.601982075455286],[-100.91579555254913,25.59298887181804],[-100.92478875618637,25.59298887181804]]]}},{"type":"Feature","properties":{"jobs":368,"pop":670,"pointCount":1,"homeWorkCommuteMedian":15514,"workHomeCommuteMedian":8375},"geometry":{"type":"Polygon","coordinates":[[[-100.91579555254913,25.39513839179863],[-100.91579555254913,25.404131595435874],[-100.90680234891188,25.404131595435874],[-100.90680234891188,25.39513839179863],[-100.91579555254913,25.39513839179863]]]}},{"type":"Feature","properties":{"jobs":434,"pop":1297,"pointCount":2,"homeWorkCommuteMedian":9327,"workHomeCommuteMedian":2632},"geometry":{"type":"Polygon","coordinates":[[[-100.91579555254913,25.404131595435874],[-100.91579555254913,25.41312479907312],[-100.90680234891188,25.41312479907312],[-100.90680234891188,25.404131595435874],[-100.91579555254913,25.404131595435874]]]}},{"type":"Feature","properties":{"jobs":841,"pop":2828,"pointCount":3,"homeWorkCommuteMedian":7973,"workHomeCommuteMedian":3859},"geometry":{"type":"Polygon","coordinates":[[[-100.91579555254913,25.41312479907312],[-100.91579555254913,25.422118002710366],[-100.90680234891188,25.422118002710366],[-100.90680234891188,25.41312479907312],[-100.91579555254913,25.41312479907312]]]}},{"type":"Feature","properties":{"jobs":995,"pop":3862,"pointCount":3,"homeWorkCommuteMedian":5989,"workHomeCommuteMedian":5015},"geometry":{"type":"Polygon","coordinates":[[[-100.91579555254913,25.422118002710366],[-100.91579555254913,25.431111206347612],[-100.90680234891188,25.431111206347612],[-100.90680234891188,25.422118002710366],[-100.91579555254913,25.422118002710366]]]}},{"type":"Feature","properties":{"jobs":2054,"pop":140,"pointCount":5,"homeWorkCommuteMedian":4862,"workHomeCommuteMedian":4984},"geometry":{"type":"Polygon","coordinates":[[[-100.91579555254913,25.431111206347612],[-100.91579555254913,25.44010440998486],[-100.90680234891188,25.44010440998486],[-100.90680234891188,25.431111206347612],[-100.91579555254913,25.431111206347612]]]}},{"type":"Feature","properties":{"jobs":1376,"pop":3839,"pointCount":6,"homeWorkCommuteMedian":5966,"workHomeCommuteMedian":7847},"geometry":{"type":"Polygon","coordinates":[[[-100.91579555254913,25.44010440998486],[-100.91579555254913,25.449097613622104],[-100.90680234891188,25.449097613622104],[-100.90680234891188,25.44010440998486],[-100.91579555254913,25.44010440998486]]]}},{"type":"Feature","properties":{"jobs":1660,"pop":5230,"pointCount":6,"homeWorkCommuteMedian":7349,"workHomeCommuteMedian":7699},"geometry":{"type":"Polygon","coordinates":[[[-100.91579555254913,25.449097613622104],[-100.91579555254913,25.45809081725935],[-100.90680234891188,25.45809081725935],[-100.90680234891188,25.449097613622104],[-100.91579555254913,25.449097613622104]]]}},{"type":"Feature","properties":{"jobs":1081,"pop":0,"pointCount":2,"homeWorkCommuteMedian":-1,"workHomeCommuteMedian":6943},"geometry":{"type":"Polygon","coordinates":[[[-100.91579555254913,25.45809081725935],[-100.91579555254913,25.467084020896596],[-100.90680234891188,25.467084020896596],[-100.90680234891188,25.45809081725935],[-100.91579555254913,25.45809081725935]]]}},{"type":"Feature","properties":{"jobs":85,"pop":0,"pointCount":1,"homeWorkCommuteMedian":-1,"workHomeCommuteMedian":6873},"geometry":{"type":"Polygon","coordinates":[[[-100.91579555254913,25.476077224533842],[-100.91579555254913,25.48507042817109],[-100.90680234891188,25.48507042817109],[-100.90680234891188,25.476077224533842],[-100.91579555254913,25.476077224533842]]]}},{"type":"Feature","properties":{"jobs":1332,"pop":0,"pointCount":1,"homeWorkCommuteMedian":-1,"workHomeCommuteMedian":14518},"geometry":{"type":"Polygon","coordinates":[[[-100.91579555254913,25.530036446357318],[-100.91579555254913,25.539029649994564],[-100.90680234891188,25.539029649994564],[-100.90680234891188,25.530036446357318],[-100.91579555254913,25.530036446357318]]]}},{"type":"Feature","properties":{"jobs":132,"pop":0,"pointCount":1,"homeWorkCommuteMedian":-1,"workHomeCommuteMedian":25835},"geometry":{"type":"Polygon","coordinates":[[[-100.91579555254913,25.575002464543548],[-100.91579555254913,25.583995668180794],[-100.90680234891188,25.583995668180794],[-100.90680234891188,25.575002464543548],[-100.91579555254913,25.575002464543548]]]}},{"type":"Feature","properties":{"jobs":366,"pop":2141,"pointCount":2,"homeWorkCommuteMedian":7975,"workHomeCommuteMedian":4533},"geometry":{"type":"Polygon","coordinates":[[[-100.90680234891188,25.404131595435874],[-100.90680234891188,25.41312479907312],[-100.89780914527464,25.41312479907312],[-100.89780914527464,25.404131595435874],[-100.90680234891188,25.404131595435874]]]}},{"type":"Feature","properties":{"jobs":1517,"pop":4935,"pointCount":5,"homeWorkCommuteMedian":8095,"workHomeCommuteMedian":7239},"geometry":{"type":"Polygon","coordinates":[[[-100.90680234891188,25.41312479907312],[-100.90680234891188,25.422118002710366],[-100.89780914527464,25.422118002710366],[-100.89780914527464,25.41312479907312],[-100.90680234891188,25.41312479907312]]]}},{"type":"Feature","properties":{"jobs":1459,"pop":4177,"pointCount":5,"homeWorkCommuteMedian":8357,"workHomeCommuteMedian":6670},"geometry":{"type":"Polygon","coordinates":[[[-100.90680234891188,25.422118002710366],[-100.90680234891188,25.431111206347612],[-100.89780914527464,25.431111206347612],[-100.89780914527464,25.422118002710366],[-100.90680234891188,25.422118002710366]]]}},{"type":"Feature","properties":{"jobs":191,"pop":72,"pointCount":1,"homeWorkCommuteMedian":5525,"workHomeCommuteMedian":10830},"geometry":{"type":"Polygon","coordinates":[[[-100.90680234891188,25.431111206347612],[-100.90680234891188,25.44010440998486],[-100.89780914527464,25.44010440998486],[-100.89780914527464,25.431111206347612],[-100.90680234891188,25.431111206347612]]]}},{"type":"Feature","properties":{"jobs":5534,"pop":1695,"pointCount":3,"homeWorkCommuteMedian":8425,"workHomeCommuteMedian":5655},"geometry":{"type":"Polygon","coordinates":[[[-100.90680234891188,25.44010440998486],[-100.90680234891188,25.449097613622104],[-100.89780914527464,25.449097613622104],[-100.89780914527464,25.44010440998486],[-100.90680234891188,25.44010440998486]]]}},{"type":"Feature","properties":{"jobs":512,"pop":2294,"pointCount":2,"homeWorkCommuteMedian":7816,"workHomeCommuteMedian":7506},"geometry":{"type":"Polygon","coordinates":[[[-100.90680234891188,25.449097613622104],[-100.90680234891188,25.45809081725935],[-100.89780914527464,25.45809081725935],[-100.89780914527464,25.449097613622104],[-100.90680234891188,25.449097613622104]]]}},{"type":"Feature","properties":{"jobs":858,"pop":0,"pointCount":1,"homeWorkCommuteMedian":-1,"workHomeCommuteMedian":9416},"geometry":{"type":"Polygon","coordinates":[[[-100.90680234891188,25.45809081725935],[-100.90680234891188,25.467084020896596],[-100.89780914527464,25.467084020896596],[-100.89780914527464,25.45809081725935],[-100.90680234891188,25.45809081725935]]]}},{"type":"Feature","properties":{"jobs":857,"pop":0,"pointCount":1,"homeWorkCommuteMedian":-1,"workHomeCommuteMedian":9122},"geometry":{"type":"Polygon","coordinates":[[[-100.90680234891188,25.467084020896596],[-100.90680234891188,25.476077224533842],[-100.89780914527464,25.476077224533842],[-100.89780914527464,25.467084020896596],[-100.90680234891188,25.467084020896596]]]}},{"type":"Feature","properties":{"jobs":1731,"pop":0,"pointCount":2,"homeWorkCommuteMedian":-1,"workHomeCommuteMedian":8212},"geometry":{"type":"Polygon","coordinates":[[[-100.90680234891188,25.476077224533842],[-100.90680234891188,25.48507042817109],[-100.89780914527464,25.48507042817109],[-100.89780914527464,25.476077224533842],[-100.90680234891188,25.476077224533842]]]}},{"type":"Feature","properties":{"jobs":164,"pop":0,"pointCount":1,"homeWorkCommuteMedian":-1,"workHomeCommuteMedian":20739},"geometry":{"type":"Polygon","coordinates":[[[-100.90680234891188,25.566009260906302],[-100.90680234891188,25.575002464543548],[-100.89780914527464,25.575002464543548],[-100.89780914527464,25.566009260906302],[-100.90680234891188,25.566009260906302]]]}},{"type":"Feature","properties":{"jobs":2314,"pop":0,"pointCount":3,"homeWorkCommuteMedian":-1,"workHomeCommuteMedian":18114},"geometry":{"type":"Polygon","coordinates":[[[-100.90680234891188,25.575002464543548],[-100.90680234891188,25.583995668180794],[-100.89780914527464,25.583995668180794],[-100.89780914527464,25.575002464543548],[-100.90680234891188,25.575002464543548]]]}},{"type":"Feature","properties":{"jobs":6294,"pop":0,"pointCount":1,"homeWorkCommuteMedian":-1,"workHomeCommuteMedian":16598},"geometry":{"type":"Polygon","coordinates":[[[-100.90680234891188,25.583995668180794],[-100.90680234891188,25.59298887181804],[-100.89780914527464,25.59298887181804],[-100.89780914527464,25.583995668180794],[-100.90680234891188,25.583995668180794]]]}},{"type":"Feature","properties":{"jobs":2000,"pop":0,"pointCount":1,"homeWorkCommuteMedian":-1,"workHomeCommuteMedian":19604},"geometry":{"type":"Polygon","coordinates":[[[-100.90680234891188,25.59298887181804],[-100.90680234891188,25.601982075455286],[-100.89780914527464,25.601982075455286],[-100.89780914527464,25.59298887181804],[-100.90680234891188,25.59298887181804]]]}},{"type":"Feature","properties":{"jobs":185,"pop":846,"pointCount":1,"homeWorkCommuteMedian":8158,"workHomeCommuteMedian":8879},"geometry":{"type":"Polygon","coordinates":[[[-100.89780914527464,25.404131595435874],[-100.89780914527464,25.41312479907312],[-100.88881594163739,25.41312479907312],[-100.88881594163739,25.404131595435874],[-100.89780914527464,25.404131595435874]]]}},{"type":"Feature","properties":{"jobs":1282,"pop":0,"pointCount":2,"homeWorkCommuteMedian":-1,"workHomeCommuteMedian":5911},"geometry":{"type":"Polygon","coordinates":[[[-100.89780914527464,25.431111206347612],[-100.89780914527464,25.44010440998486],[-100.88881594163739,25.44010440998486],[-100.88881594163739,25.431111206347612],[-100.89780914527464,25.431111206347612]]]}},{"type":"Feature","properties":{"jobs":8497,"pop":238,"pointCount":5,"homeWorkCommuteMedian":8582,"workHomeCommuteMedian":7160},"geometry":{"type":"Polygon","coordinates":[[[-100.89780914527464,25.44010440998486],[-100.89780914527464,25.449097613622104],[-100.88881594163739,25.449097613622104],[-100.88881594163739,25.44010440998486],[-100.89780914527464,25.44010440998486]]]}},{"type":"Feature","properties":{"jobs":925,"pop":0,"pointCount":1,"homeWorkCommuteMedian":-1,"workHomeCommuteMedian":6522},"geometry":{"type":"Polygon","coordinates":[[[-100.89780914527464,25.449097613622104],[-100.89780914527464,25.45809081725935],[-100.88881594163739,25.45809081725935],[-100.88881594163739,25.449097613622104],[-100.89780914527464,25.449097613622104]]]}},{"type":"Feature","properties":{"jobs":678,"pop":27,"pointCount":1,"homeWorkCommuteMedian":8161,"workHomeCommuteMedian":8160},"geometry":{"type":"Polygon","coordinates":[[[-100.89780914527464,25.45809081725935],[-100.89780914527464,25.467084020896596],[-100.88881594163739,25.467084020896596],[-100.88881594163739,25.45809081725935],[-100.89780914527464,25.45809081725935]]]}},{"type":"Feature","properties":{"jobs":2608,"pop":0,"pointCount":2,"homeWorkCommuteMedian":-1,"workHomeCommuteMedian":9320},"geometry":{"type":"Polygon","coordinates":[[[-100.89780914527464,25.467084020896596],[-100.89780914527464,25.476077224533842],[-100.88881594163739,25.476077224533842],[-100.88881594163739,25.467084020896596],[-100.89780914527464,25.467084020896596]]]}},{"type":"Feature","properties":{"jobs":6407,"pop":0,"pointCount":2,"homeWorkCommuteMedian":-1,"workHomeCommuteMedian":8371},"geometry":{"type":"Polygon","coordinates":[[[-100.89780914527464,25.476077224533842],[-100.89780914527464,25.48507042817109],[-100.88881594163739,25.48507042817109],[-100.88881594163739,25.476077224533842],[-100.89780914527464,25.476077224533842]]]}},{"type":"Feature","properties":{"jobs":852,"pop":0,"pointCount":1,"homeWorkCommuteMedian":-1,"workHomeCommuteMedian":16618},"geometry":{"type":"Polygon","coordinates":[[[-100.89780914527464,25.583995668180794],[-100.89780914527464,25.59298887181804],[-100.88881594163739,25.59298887181804],[-100.88881594163739,25.583995668180794],[-100.89780914527464,25.583995668180794]]]}},{"type":"Feature","properties":{"jobs":1325,"pop":0,"pointCount":2,"homeWorkCommuteMedian":-1,"workHomeCommuteMedian":7317},"geometry":{"type":"Polygon","coordinates":[[[-100.88881594163739,25.44010440998486],[-100.88881594163739,25.449097613622104],[-100.87982273800014,25.449097613622104],[-100.87982273800014,25.44010440998486],[-100.88881594163739,25.44010440998486]]]}},{"type":"Feature","properties":{"jobs":97,"pop":0,"pointCount":1,"homeWorkCommuteMedian":-1,"workHomeCommuteMedian":12761},"geometry":{"type":"Polygon","coordinates":[[[-100.88881594163739,25.45809081725935],[-100.88881594163739,25.467084020896596],[-100.87982273800014,25.467084020896596],[-100.87982273800014,25.45809081725935],[-100.88881594163739,25.45809081725935]]]}},{"type":"Feature","properties":{"jobs":112,"pop":0,"pointCount":1,"homeWorkCommuteMedian":-1,"workHomeCommuteMedian":15655},"geometry":{"type":"Polygon","coordinates":[[[-100.88881594163739,25.566009260906302],[-100.88881594163739,25.575002464543548],[-100.87982273800014,25.575002464543548],[-100.87982273800014,25.566009260906302],[-100.88881594163739,25.566009260906302]]]}},{"type":"Feature","properties":{"jobs":207,"pop":0,"pointCount":1,"homeWorkCommuteMedian":-1,"workHomeCommuteMedian":18246},"geometry":{"type":"Polygon","coordinates":[[[-100.88881594163739,25.575002464543548],[-100.88881594163739,25.583995668180794],[-100.87982273800014,25.583995668180794],[-100.87982273800014,25.575002464543548],[-100.88881594163739,25.575002464543548]]]}},{"type":"Feature","properties":{"jobs":2912,"pop":0,"pointCount":1,"homeWorkCommuteMedian":-1,"workHomeCommuteMedian":21546},"geometry":{"type":"Polygon","coordinates":[[[-100.88881594163739,25.59298887181804],[-100.88881594163739,25.601982075455286],[-100.87982273800014,25.601982075455286],[-100.87982273800014,25.59298887181804],[-100.88881594163739,25.59298887181804]]]}},{"type":"Feature","properties":{"jobs":9,"pop":0,"pointCount":1,"homeWorkCommuteMedian":-1,"workHomeCommuteMedian":19430},"geometry":{"type":"Polygon","coordinates":[[[-100.88881594163739,25.601982075455286],[-100.88881594163739,25.610975279092532],[-100.87982273800014,25.610975279092532],[-100.87982273800014,25.601982075455286],[-100.88881594163739,25.601982075455286]]]}},{"type":"Feature","properties":{"jobs":878,"pop":0,"pointCount":2,"homeWorkCommuteMedian":-1,"workHomeCommuteMedian":9618},"geometry":{"type":"Polygon","coordinates":[[[-100.87982273800014,25.431111206347612],[-100.87982273800014,25.44010440998486],[-100.8708295343629,25.44010440998486],[-100.8708295343629,25.431111206347612],[-100.87982273800014,25.431111206347612]]]}},{"type":"Feature","properties":{"jobs":1921,"pop":56,"pointCount":2,"homeWorkCommuteMedian":7964,"workHomeCommuteMedian":10522},"geometry":{"type":"Polygon","coordinates":[[[-100.87982273800014,25.44010440998486],[-100.87982273800014,25.449097613622104],[-100.8708295343629,25.449097613622104],[-100.8708295343629,25.44010440998486],[-100.87982273800014,25.44010440998486]]]}},{"type":"Feature","properties":{"jobs":870,"pop":0,"pointCount":1,"homeWorkCommuteMedian":-1,"workHomeCommuteMedian":17658},"geometry":{"type":"Polygon","coordinates":[[[-100.87982273800014,25.59298887181804],[-100.87982273800014,25.601982075455286],[-100.8708295343629,25.601982075455286],[-100.8708295343629,25.59298887181804],[-100.87982273800014,25.59298887181804]]]}},{"type":"Feature","properties":{"jobs":2050,"pop":984,"pointCount":3,"homeWorkCommuteMedian":3576,"workHomeCommuteMedian":8920},"geometry":{"type":"Polygon","coordinates":[[[-100.8708295343629,25.44010440998486],[-100.8708295343629,25.449097613622104],[-100.86183633072565,25.449097613622104],[-100.86183633072565,25.44010440998486],[-100.8708295343629,25.44010440998486]]]}},{"type":"Feature","properties":{"jobs":421,"pop":194,"pointCount":3,"homeWorkCommuteMedian":8695,"workHomeCommuteMedian":9085},"geometry":{"type":"Polygon","coordinates":[[[-100.8708295343629,25.449097613622104],[-100.8708295343629,25.45809081725935],[-100.86183633072565,25.45809081725935],[-100.86183633072565,25.449097613622104],[-100.8708295343629,25.449097613622104]]]}},{"type":"Feature","properties":{"jobs":1,"pop":0,"pointCount":1,"homeWorkCommuteMedian":-1,"workHomeCommuteMedian":17324},"geometry":{"type":"Polygon","coordinates":[[[-100.8708295343629,25.50305683544558],[-100.8708295343629,25.512050039082826],[-100.86183633072565,25.512050039082826],[-100.86183633072565,25.50305683544558],[-100.8708295343629,25.50305683544558]]]}},{"type":"Feature","properties":{"jobs":107,"pop":0,"pointCount":1,"homeWorkCommuteMedian":-1,"workHomeCommuteMedian":17505},"geometry":{"type":"Polygon","coordinates":[[[-100.8708295343629,25.521043242720072],[-100.8708295343629,25.530036446357318],[-100.86183633072565,25.530036446357318],[-100.86183633072565,25.521043242720072],[-100.8708295343629,25.521043242720072]]]}},{"type":"Feature","properties":{"jobs":154,"pop":0,"pointCount":1,"homeWorkCommuteMedian":-1,"workHomeCommuteMedian":16131},"geometry":{"type":"Polygon","coordinates":[[[-100.8708295343629,25.54802285363181],[-100.8708295343629,25.557016057269056],[-100.86183633072565,25.557016057269056],[-100.86183633072565,25.54802285363181],[-100.8708295343629,25.54802285363181]]]}},{"type":"Feature","properties":{"jobs":245,"pop":0,"pointCount":1,"homeWorkCommuteMedian":-1,"workHomeCommuteMedian":29155},"geometry":{"type":"Polygon","coordinates":[[[-100.8708295343629,25.601982075455286],[-100.8708295343629,25.610975279092532],[-100.86183633072565,25.610975279092532],[-100.86183633072565,25.601982075455286],[-100.8708295343629,25.601982075455286]]]}},{"type":"Feature","properties":{"jobs":1561,"pop":0,"pointCount":1,"homeWorkCommuteMedian":-1,"workHomeCommuteMedian":13595},"geometry":{"type":"Polygon","coordinates":[[[-100.86183633072565,25.44010440998486],[-100.86183633072565,25.449097613622104],[-100.8528431270884,25.449097613622104],[-100.8528431270884,25.44010440998486],[-100.86183633072565,25.44010440998486]]]}},{"type":"Feature","properties":{"jobs":2087,"pop":37,"pointCount":4,"homeWorkCommuteMedian":18216,"workHomeCommuteMedian":12458},"geometry":{"type":"Polygon","coordinates":[[[-100.86183633072565,25.449097613622104],[-100.86183633072565,25.45809081725935],[-100.8528431270884,25.45809081725935],[-100.8528431270884,25.449097613622104],[-100.86183633072565,25.449097613622104]]]}},{"type":"Feature","properties":{"jobs":328,"pop":0,"pointCount":1,"homeWorkCommuteMedian":-1,"workHomeCommuteMedian":15835},"geometry":{"type":"Polygon","coordinates":[[[-100.8528431270884,25.44010440998486],[-100.8528431270884,25.449097613622104],[-100.84384992345116,25.449097613622104],[-100.84384992345116,25.44010440998486],[-100.8528431270884,25.44010440998486]]]}},{"type":"Feature","properties":{"jobs":172,"pop":0,"pointCount":1,"homeWorkCommuteMedian":-1,"workHomeCommuteMedian":8931},"geometry":{"type":"Polygon","coordinates":[[[-100.8528431270884,25.449097613622104],[-100.8528431270884,25.45809081725935],[-100.84384992345116,25.45809081725935],[-100.84384992345116,25.449097613622104],[-100.8528431270884,25.449097613622104]]]}},{"type":"Feature","properties":{"jobs":962,"pop":1183,"pointCount":4,"homeWorkCommuteMedian":10536,"workHomeCommuteMedian":16243},"geometry":{"type":"Polygon","coordinates":[[[-100.84384992345116,25.44010440998486],[-100.84384992345116,25.449097613622104],[-100.83485671981391,25.449097613622104],[-100.83485671981391,25.44010440998486],[-100.84384992345116,25.44010440998486]]]}},{"type":"Feature","properties":{"jobs":31,"pop":0,"pointCount":1,"homeWorkCommuteMedian":-1,"workHomeCommuteMedian":27182},"geometry":{"type":"Polygon","coordinates":[[[-100.84384992345116,25.610975279092532],[-100.84384992345116,25.619968482729778],[-100.83485671981391,25.619968482729778],[-100.83485671981391,25.610975279092532],[-100.84384992345116,25.610975279092532]]]}},{"type":"Feature","properties":{"jobs":347,"pop":65,"pointCount":2,"homeWorkCommuteMedian":14717,"workHomeCommuteMedian":9707},"geometry":{"type":"Polygon","coordinates":[[[-100.83485671981391,25.44010440998486],[-100.83485671981391,25.449097613622104],[-100.82586351617667,25.449097613622104],[-100.82586351617667,25.44010440998486],[-100.83485671981391,25.44010440998486]]]}},{"type":"Feature","properties":{"jobs":73,"pop":0,"pointCount":1,"homeWorkCommuteMedian":-1,"workHomeCommuteMedian":17150},"geometry":{"type":"Polygon","coordinates":[[[-100.82586351617667,25.431111206347612],[-100.82586351617667,25.44010440998486],[-100.81687031253942,25.44010440998486],[-100.81687031253942,25.431111206347612],[-100.82586351617667,25.431111206347612]]]}},{"type":"Feature","properties":{"jobs":279,"pop":88,"pointCount":2,"homeWorkCommuteMedian":17758,"workHomeCommuteMedian":16519},"geometry":{"type":"Polygon","coordinates":[[[-100.81687031253942,25.431111206347612],[-100.81687031253942,25.44010440998486],[-100.80787710890218,25.44010440998486],[-100.80787710890218,25.431111206347612],[-100.81687031253942,25.431111206347612]]]}},{"type":"Feature","properties":{"jobs":1,"pop":0,"pointCount":1,"homeWorkCommuteMedian":-1,"workHomeCommuteMedian":18649},"geometry":{"type":"Polygon","coordinates":[[[-100.80787710890218,25.30520635542617],[-100.80787710890218,25.314199559063415],[-100.79888390526493,25.314199559063415],[-100.79888390526493,25.30520635542617],[-100.80787710890218,25.30520635542617]]]}},{"type":"Feature","properties":{"jobs":36,"pop":17,"pointCount":1,"homeWorkCommuteMedian":20933,"workHomeCommuteMedian":16312},"geometry":{"type":"Polygon","coordinates":[[[-100.80787710890218,25.422118002710366],[-100.80787710890218,25.431111206347612],[-100.79888390526493,25.431111206347612],[-100.79888390526493,25.422118002710366],[-100.80787710890218,25.422118002710366]]]}}],"properties":{"residentWeightedNearestNeighborKm":{"p10":0.23621551289047452,"p25":0.2588374676158952,"p50":0.28677965207813355,"p75":0.31793474587346077,"p90":0.3506740634536594,"mean":0.2942872900156637},"workerWeightedNearestNeighborKm":{"p10":0.222088008534457,"p25":0.261333946012884,"p50":0.29742462487508975,"p75":0.36671631406095473,"p90":0.5647969224275142,"mean":0.35778508867538794},"commuteDistanceKm":{"p10":1730,"p25":2998,"p50":5555,"p75":9366,"p90":14806,"mean":7072.816369917619},"residentCellDensity":{"p10":70,"p25":766,"p50":2227,"p75":4122,"p90":6385,"mean":2719.6943231441046},"workerCellDensity":{"p10":132,"p25":452,"p50":1385,"p75":2703,"p90":4791,"mean":1958.8296529968454},"detail":{"radiusKm":0.2920536430882991,"expectedPointSpacingKm":0.5003923107704383,"normalizedRadius":0.5836493423302874,"activityPerPoint":488.861852433281,"playableAreaKm2":508,"playableAreaPerPointKm2":0.3987441130298273,"playableCatchmentRadiusKm":0.35626421829167876,"localityScore":0.45856220940510717,"deaggregationScore":1,"score":0.6771722154704128},"polycentrism":{"activity":{"score":0.5862863077238623,"continuousScore":0.40944408261585674,"detectedCenterCount":2,"effectiveCenterCount":1.4147136092173775,"largestCenterShare":0.8216028965495095,"bandwidthKm":1.3,"reliabilityScore":1,"supportLevel":"high","usedFallback":false,"topCenters":[{"longitude":-100.98374495839674,"latitude":25.417699858206255,"massShare":0.8216028965495095,"assignedMass":1023405,"assignedPointCount":1040,"prominenceRatio":1},{"longitude":-100.9396241776979,"latitude":25.541635864084576,"massShare":0.1783971034504905,"assignedMass":222215,"assignedPointCount":229,"prominenceRatio":1}],"debug":{"rawPeakCount":9,"mergedPeakCount":8,"filteredPeakCount":2,"prominenceThreshold":0.22,"minPointsPerCenter":10,"rejectedCenters":[{"longitude":-101.10313704877716,"latitude":25.261151237558497,"massShare":0.01445625471652671,"assignedMass":18007,"assignedPointCount":10,"prominenceRatio":1,"strongestCompetitorDistanceKm":21.636172617334445,"strongestCompetitorPotential":104076.4464540051,"localConsolidatedShare":0.01445625471652671,"localConsolidatedMass":18007,"localContributorCount":1,"localContributorDistancesKm":[],"rejectionReasons":["below_secondary_share_floor"]},{"longitude":-101.16851014528352,"latitude":25.23909375323489,"massShare":0.007540020230889035,"assignedMass":9392,"assignedPointCount":5,"prominenceRatio":1,"strongestCompetitorDistanceKm":27.63269148400486,"strongestCompetitorPotential":104076.4464540051,"localConsolidatedShare":0.007540020230889035,"localConsolidatedMass":9392,"localContributorCount":1,"localContributorDistancesKm":[],"rejectionReasons":["below_min_points_per_center"]},{"longitude":-100.87873803168918,"latitude":25.460790335488895,"massShare":0.023699844254266952,"assignedMass":29521,"assignedPointCount":43,"prominenceRatio":0.9999999834614467,"strongestCompetitorDistanceKm":9.009644703676829,"strongestCompetitorPotential":49111.92535972208,"localConsolidatedShare":0.023699844254266952,"localConsolidatedMass":29521,"localContributorCount":1,"localContributorDistancesKm":[],"rejectionReasons":["below_secondary_share_floor"]},{"longitude":-101.12216416969767,"latitude":25.4591104715814,"massShare":0.000034520961448917,"assignedMass":43,"assignedPointCount":3,"prominenceRatio":1,"strongestCompetitorDistanceKm":14.123245185051983,"strongestCompetitorPotential":104076.4464540051,"localConsolidatedShare":0.000034520961448917,"localConsolidatedMass":43,"localContributorCount":1,"localContributorDistancesKm":[],"rejectionReasons":["below_min_points_per_center"]},{"longitude":-100.86027640568112,"latitude":25.608998554197175,"massShare":0.00022237921677558165,"assignedMass":277,"assignedPointCount":3,"prominenceRatio":1,"strongestCompetitorDistanceKm":17.812098145176595,"strongestCompetitorPotential":49111.92535972208,"localConsolidatedShare":0.00022237921677558165,"localConsolidatedMass":277,"localContributorCount":1,"localContributorDistancesKm":[],"rejectionReasons":["below_min_points_per_center"]},{"longitude":-100.80270923,"latitude":25.30899672,"massShare":8.028130569515583e-7,"assignedMass":1,"assignedPointCount":1,"prominenceRatio":1,"strongestCompetitorDistanceKm":23.588457696219788,"strongestCompetitorPotential":104076.4464540051,"localConsolidatedShare":8.028130569515583e-7,"localConsolidatedMass":1,"localContributorCount":1,"localContributorDistancesKm":[],"rejectionReasons":["below_min_points_per_center"]}]}}}}}
