{"type":"FeatureCollection","features":[{"type":"Feature","properties":{"jobs":0,"pop":8,"pointCount":1,"homeWorkCommuteMedian":23669,"workHomeCommuteMedian":-1},"geometry":{"type":"Polygon","coordinates":[[[20.9824383146806,56.30190817534345],[20.9824383146806,56.310901378980695],[20.991431518317846,56.310901378980695],[20.991431518317846,56.30190817534345],[20.9824383146806,56.30190817534345]]]}},{"type":"Feature","properties":{"jobs":0,"pop":14,"pointCount":1,"homeWorkCommuteMedian":31380,"workHomeCommuteMedian":-1},"geometry":{"type":"Polygon","coordinates":[[[20.9824383146806,56.310901378980695],[20.9824383146806,56.31989458261794],[20.991431518317846,56.31989458261794],[20.991431518317846,56.310901378980695],[20.9824383146806,56.310901378980695]]]}},{"type":"Feature","properties":{"jobs":31,"pop":0,"pointCount":1,"homeWorkCommuteMedian":-1,"workHomeCommuteMedian":27527},"geometry":{"type":"Polygon","coordinates":[[[20.9824383146806,56.31989458261794],[20.9824383146806,56.32888778625519],[20.991431518317846,56.32888778625519],[20.991431518317846,56.31989458261794],[20.9824383146806,56.31989458261794]]]}},{"type":"Feature","properties":{"jobs":6,"pop":20,"pointCount":2,"homeWorkCommuteMedian":15451,"workHomeCommuteMedian":85603},"geometry":{"type":"Polygon","coordinates":[[[20.9824383146806,56.36486060080417],[20.9824383146806,56.37385380444142],[20.991431518317846,56.37385380444142],[20.991431518317846,56.36486060080417],[20.9824383146806,56.36486060080417]]]}},{"type":"Feature","properties":{"jobs":13,"pop":22,"pointCount":3,"homeWorkCommuteMedian":19853,"workHomeCommuteMedian":16858},"geometry":{"type":"Polygon","coordinates":[[[20.9824383146806,56.37385380444142],[20.9824383146806,56.38284700807866],[20.991431518317846,56.38284700807866],[20.991431518317846,56.37385380444142],[20.9824383146806,56.37385380444142]]]}},{"type":"Feature","properties":{"jobs":41,"pop":6,"pointCount":3,"homeWorkCommuteMedian":42242,"workHomeCommuteMedian":14990},"geometry":{"type":"Polygon","coordinates":[[[20.9824383146806,56.38284700807866],[20.9824383146806,56.39184021171591],[20.991431518317846,56.39184021171591],[20.991431518317846,56.38284700807866],[20.9824383146806,56.38284700807866]]]}},{"type":"Feature","properties":{"jobs":493,"pop":0,"pointCount":1,"homeWorkCommuteMedian":-1,"workHomeCommuteMedian":4399},"geometry":{"type":"Polygon","coordinates":[[[20.9824383146806,56.49975865536286],[20.9824383146806,56.50875185900011],[20.991431518317846,56.50875185900011],[20.991431518317846,56.49975865536286],[20.9824383146806,56.49975865536286]]]}},{"type":"Feature","properties":{"jobs":391,"pop":43,"pointCount":2,"homeWorkCommuteMedian":9937,"workHomeCommuteMedian":5786},"geometry":{"type":"Polygon","coordinates":[[[20.9824383146806,56.50875185900011],[20.9824383146806,56.51774506263735],[20.991431518317846,56.51774506263735],[20.991431518317846,56.50875185900011],[20.9824383146806,56.50875185900011]]]}},{"type":"Feature","properties":{"jobs":36,"pop":0,"pointCount":1,"homeWorkCommuteMedian":-1,"workHomeCommuteMedian":12041},"geometry":{"type":"Polygon","coordinates":[[[20.991431518317846,56.27492856443171],[20.991431518317846,56.28392176806896],[21.000424721955092,56.28392176806896],[21.000424721955092,56.27492856443171],[20.991431518317846,56.27492856443171]]]}},{"type":"Feature","properties":{"jobs":12,"pop":21,"pointCount":2,"homeWorkCommuteMedian":15798,"workHomeCommuteMedian":17021},"geometry":{"type":"Polygon","coordinates":[[[20.991431518317846,56.2929149717062],[20.991431518317846,56.30190817534345],[21.000424721955092,56.30190817534345],[21.000424721955092,56.2929149717062],[20.991431518317846,56.2929149717062]]]}},{"type":"Feature","properties":{"jobs":5,"pop":15,"pointCount":3,"homeWorkCommuteMedian":30599,"workHomeCommuteMedian":10892},"geometry":{"type":"Polygon","coordinates":[[[20.991431518317846,56.30190817534345],[20.991431518317846,56.310901378980695],[21.000424721955092,56.310901378980695],[21.000424721955092,56.30190817534345],[20.991431518317846,56.30190817534345]]]}},{"type":"Feature","properties":{"jobs":0,"pop":14,"pointCount":1,"homeWorkCommuteMedian":6216,"workHomeCommuteMedian":-1},"geometry":{"type":"Polygon","coordinates":[[[20.991431518317846,56.31989458261794],[20.991431518317846,56.32888778625519],[21.000424721955092,56.32888778625519],[21.000424721955092,56.31989458261794],[20.991431518317846,56.31989458261794]]]}},{"type":"Feature","properties":{"jobs":9,"pop":17,"pointCount":2,"homeWorkCommuteMedian":15685,"workHomeCommuteMedian":30087},"geometry":{"type":"Polygon","coordinates":[[[20.991431518317846,56.355867397166925],[20.991431518317846,56.36486060080417],[21.000424721955092,56.36486060080417],[21.000424721955092,56.355867397166925],[20.991431518317846,56.355867397166925]]]}},{"type":"Feature","properties":{"jobs":15,"pop":14,"pointCount":2,"homeWorkCommuteMedian":17264,"workHomeCommuteMedian":5908},"geometry":{"type":"Polygon","coordinates":[[[20.991431518317846,56.36486060080417],[20.991431518317846,56.37385380444142],[21.000424721955092,56.37385380444142],[21.000424721955092,56.36486060080417],[20.991431518317846,56.36486060080417]]]}},{"type":"Feature","properties":{"jobs":11,"pop":15,"pointCount":3,"homeWorkCommuteMedian":11856,"workHomeCommuteMedian":18374},"geometry":{"type":"Polygon","coordinates":[[[20.991431518317846,56.37385380444142],[20.991431518317846,56.38284700807866],[21.000424721955092,56.38284700807866],[21.000424721955092,56.37385380444142],[20.991431518317846,56.37385380444142]]]}},{"type":"Feature","properties":{"jobs":5,"pop":15,"pointCount":3,"homeWorkCommuteMedian":25325,"workHomeCommuteMedian":7661},"geometry":{"type":"Polygon","coordinates":[[[20.991431518317846,56.38284700807866],[20.991431518317846,56.39184021171591],[21.000424721955092,56.39184021171591],[21.000424721955092,56.38284700807866],[20.991431518317846,56.38284700807866]]]}},{"type":"Feature","properties":{"jobs":23,"pop":8,"pointCount":2,"homeWorkCommuteMedian":9160,"workHomeCommuteMedian":12276},"geometry":{"type":"Polygon","coordinates":[[[20.991431518317846,56.39184021171591],[20.991431518317846,56.400833415353155],[21.000424721955092,56.400833415353155],[21.000424721955092,56.39184021171591],[20.991431518317846,56.39184021171591]]]}},{"type":"Feature","properties":{"jobs":6,"pop":5,"pointCount":2,"homeWorkCommuteMedian":10448,"workHomeCommuteMedian":10186},"geometry":{"type":"Polygon","coordinates":[[[20.991431518317846,56.400833415353155],[20.991431518317846,56.4098266189904],[21.000424721955092,56.4098266189904],[21.000424721955092,56.400833415353155],[20.991431518317846,56.400833415353155]]]}},{"type":"Feature","properties":{"jobs":12,"pop":5,"pointCount":1,"homeWorkCommuteMedian":11066,"workHomeCommuteMedian":10779},"geometry":{"type":"Polygon","coordinates":[[[20.991431518317846,56.4098266189904],[20.991431518317846,56.41881982262765],[21.000424721955092,56.41881982262765],[21.000424721955092,56.4098266189904],[20.991431518317846,56.4098266189904]]]}},{"type":"Feature","properties":{"jobs":34,"pop":0,"pointCount":2,"homeWorkCommuteMedian":-1,"workHomeCommuteMedian":7554},"geometry":{"type":"Polygon","coordinates":[[[20.991431518317846,56.41881982262765],[20.991431518317846,56.42781302626489],[21.000424721955092,56.42781302626489],[21.000424721955092,56.41881982262765],[20.991431518317846,56.41881982262765]]]}},{"type":"Feature","properties":{"jobs":47,"pop":276,"pointCount":3,"homeWorkCommuteMedian":4886,"workHomeCommuteMedian":5876},"geometry":{"type":"Polygon","coordinates":[[[20.991431518317846,56.490765451725615],[20.991431518317846,56.49975865536286],[21.000424721955092,56.49975865536286],[21.000424721955092,56.490765451725615],[20.991431518317846,56.490765451725615]]]}},{"type":"Feature","properties":{"jobs":662,"pop":386,"pointCount":6,"homeWorkCommuteMedian":5250,"workHomeCommuteMedian":3192},"geometry":{"type":"Polygon","coordinates":[[[20.991431518317846,56.49975865536286],[20.991431518317846,56.50875185900011],[21.000424721955092,56.50875185900011],[21.000424721955092,56.49975865536286],[20.991431518317846,56.49975865536286]]]}},{"type":"Feature","properties":{"jobs":1175,"pop":555,"pointCount":8,"homeWorkCommuteMedian":5097,"workHomeCommuteMedian":4821},"geometry":{"type":"Polygon","coordinates":[[[20.991431518317846,56.50875185900011],[20.991431518317846,56.51774506263735],[21.000424721955092,56.51774506263735],[21.000424721955092,56.50875185900011],[20.991431518317846,56.50875185900011]]]}},{"type":"Feature","properties":{"jobs":178,"pop":0,"pointCount":1,"homeWorkCommuteMedian":-1,"workHomeCommuteMedian":5510},"geometry":{"type":"Polygon","coordinates":[[[20.991431518317846,56.5267382662746],[20.991431518317846,56.535731469911845],[21.000424721955092,56.535731469911845],[21.000424721955092,56.5267382662746],[20.991431518317846,56.5267382662746]]]}},{"type":"Feature","properties":{"jobs":0,"pop":20,"pointCount":2,"homeWorkCommuteMedian":8481,"workHomeCommuteMedian":-1},"geometry":{"type":"Polygon","coordinates":[[[21.000424721955092,56.34687419352968],[21.000424721955092,56.355867397166925],[21.009417925592338,56.355867397166925],[21.009417925592338,56.34687419352968],[21.000424721955092,56.34687419352968]]]}},{"type":"Feature","properties":{"jobs":0,"pop":7,"pointCount":1,"homeWorkCommuteMedian":28044,"workHomeCommuteMedian":-1},"geometry":{"type":"Polygon","coordinates":[[[21.000424721955092,56.355867397166925],[21.000424721955092,56.36486060080417],[21.009417925592338,56.36486060080417],[21.009417925592338,56.355867397166925],[21.000424721955092,56.355867397166925]]]}},{"type":"Feature","properties":{"jobs":0,"pop":52,"pointCount":2,"homeWorkCommuteMedian":15543,"workHomeCommuteMedian":-1},"geometry":{"type":"Polygon","coordinates":[[[21.000424721955092,56.36486060080417],[21.000424721955092,56.37385380444142],[21.009417925592338,56.37385380444142],[21.009417925592338,56.36486060080417],[21.000424721955092,56.36486060080417]]]}},{"type":"Feature","properties":{"jobs":0,"pop":9,"pointCount":1,"homeWorkCommuteMedian":19849,"workHomeCommuteMedian":-1},"geometry":{"type":"Polygon","coordinates":[[[21.000424721955092,56.38284700807866],[21.000424721955092,56.39184021171591],[21.009417925592338,56.39184021171591],[21.009417925592338,56.38284700807866],[21.000424721955092,56.38284700807866]]]}},{"type":"Feature","properties":{"jobs":0,"pop":25,"pointCount":3,"homeWorkCommuteMedian":4313,"workHomeCommuteMedian":-1},"geometry":{"type":"Polygon","coordinates":[[[21.000424721955092,56.39184021171591],[21.000424721955092,56.400833415353155],[21.009417925592338,56.400833415353155],[21.009417925592338,56.39184021171591],[21.000424721955092,56.39184021171591]]]}},{"type":"Feature","properties":{"jobs":15,"pop":15,"pointCount":2,"homeWorkCommuteMedian":9016,"workHomeCommuteMedian":81334},"geometry":{"type":"Polygon","coordinates":[[[21.000424721955092,56.400833415353155],[21.000424721955092,56.4098266189904],[21.009417925592338,56.4098266189904],[21.009417925592338,56.400833415353155],[21.000424721955092,56.400833415353155]]]}},{"type":"Feature","properties":{"jobs":0,"pop":21,"pointCount":2,"homeWorkCommuteMedian":15776,"workHomeCommuteMedian":-1},"geometry":{"type":"Polygon","coordinates":[[[21.000424721955092,56.4098266189904],[21.000424721955092,56.41881982262765],[21.009417925592338,56.41881982262765],[21.009417925592338,56.4098266189904],[21.000424721955092,56.4098266189904]]]}},{"type":"Feature","properties":{"jobs":5,"pop":19,"pointCount":3,"homeWorkCommuteMedian":11730,"workHomeCommuteMedian":2403},"geometry":{"type":"Polygon","coordinates":[[[21.000424721955092,56.41881982262765],[21.000424721955092,56.42781302626489],[21.009417925592338,56.42781302626489],[21.009417925592338,56.41881982262765],[21.000424721955092,56.41881982262765]]]}},{"type":"Feature","properties":{"jobs":50,"pop":0,"pointCount":4,"homeWorkCommuteMedian":-1,"workHomeCommuteMedian":13712},"geometry":{"type":"Polygon","coordinates":[[[21.000424721955092,56.42781302626489],[21.000424721955092,56.43680622990214],[21.009417925592338,56.43680622990214],[21.009417925592338,56.42781302626489],[21.000424721955092,56.42781302626489]]]}},{"type":"Feature","properties":{"jobs":7,"pop":13,"pointCount":2,"homeWorkCommuteMedian":13609,"workHomeCommuteMedian":15116},"geometry":{"type":"Polygon","coordinates":[[[21.000424721955092,56.43680622990214],[21.000424721955092,56.445799433539385],[21.009417925592338,56.445799433539385],[21.009417925592338,56.43680622990214],[21.000424721955092,56.43680622990214]]]}},{"type":"Feature","properties":{"jobs":2,"pop":30,"pointCount":3,"homeWorkCommuteMedian":16379,"workHomeCommuteMedian":5074},"geometry":{"type":"Polygon","coordinates":[[[21.000424721955092,56.45479263717663],[21.000424721955092,56.46378584081388],[21.009417925592338,56.46378584081388],[21.009417925592338,56.45479263717663],[21.000424721955092,56.45479263717663]]]}},{"type":"Feature","properties":{"jobs":351,"pop":1478,"pointCount":15,"homeWorkCommuteMedian":4582,"workHomeCommuteMedian":3699},"geometry":{"type":"Polygon","coordinates":[[[21.000424721955092,56.48177224808837],[21.000424721955092,56.490765451725615],[21.009417925592338,56.490765451725615],[21.009417925592338,56.48177224808837],[21.000424721955092,56.48177224808837]]]}},{"type":"Feature","properties":{"jobs":436,"pop":1523,"pointCount":15,"homeWorkCommuteMedian":3796,"workHomeCommuteMedian":15451},"geometry":{"type":"Polygon","coordinates":[[[21.000424721955092,56.490765451725615],[21.000424721955092,56.49975865536286],[21.009417925592338,56.49975865536286],[21.009417925592338,56.490765451725615],[21.000424721955092,56.490765451725615]]]}},{"type":"Feature","properties":{"jobs":1384,"pop":1734,"pointCount":24,"homeWorkCommuteMedian":2545,"workHomeCommuteMedian":6799},"geometry":{"type":"Polygon","coordinates":[[[21.000424721955092,56.49975865536286],[21.000424721955092,56.50875185900011],[21.009417925592338,56.50875185900011],[21.009417925592338,56.49975865536286],[21.000424721955092,56.49975865536286]]]}},{"type":"Feature","properties":{"jobs":2293,"pop":1424,"pointCount":22,"homeWorkCommuteMedian":3574,"workHomeCommuteMedian":4452},"geometry":{"type":"Polygon","coordinates":[[[21.000424721955092,56.50875185900011],[21.000424721955092,56.51774506263735],[21.009417925592338,56.51774506263735],[21.009417925592338,56.50875185900011],[21.000424721955092,56.50875185900011]]]}},{"type":"Feature","properties":{"jobs":1094,"pop":737,"pointCount":7,"homeWorkCommuteMedian":3548,"workHomeCommuteMedian":5061},"geometry":{"type":"Polygon","coordinates":[[[21.000424721955092,56.51774506263735],[21.000424721955092,56.5267382662746],[21.009417925592338,56.5267382662746],[21.009417925592338,56.51774506263735],[21.000424721955092,56.51774506263735]]]}},{"type":"Feature","properties":{"jobs":1155,"pop":2311,"pointCount":26,"homeWorkCommuteMedian":4244,"workHomeCommuteMedian":5462},"geometry":{"type":"Polygon","coordinates":[[[21.000424721955092,56.5267382662746],[21.000424721955092,56.535731469911845],[21.009417925592338,56.535731469911845],[21.009417925592338,56.5267382662746],[21.000424721955092,56.5267382662746]]]}},{"type":"Feature","properties":{"jobs":294,"pop":1296,"pointCount":16,"homeWorkCommuteMedian":4284,"workHomeCommuteMedian":11186},"geometry":{"type":"Polygon","coordinates":[[[21.000424721955092,56.535731469911845],[21.000424721955092,56.54472467354909],[21.009417925592338,56.54472467354909],[21.009417925592338,56.535731469911845],[21.000424721955092,56.535731469911845]]]}},{"type":"Feature","properties":{"jobs":415,"pop":271,"pointCount":5,"homeWorkCommuteMedian":6510,"workHomeCommuteMedian":7178},"geometry":{"type":"Polygon","coordinates":[[[21.000424721955092,56.54472467354909],[21.000424721955092,56.55371787718634],[21.009417925592338,56.55371787718634],[21.009417925592338,56.54472467354909],[21.000424721955092,56.54472467354909]]]}},{"type":"Feature","properties":{"jobs":81,"pop":456,"pointCount":5,"homeWorkCommuteMedian":6559,"workHomeCommuteMedian":2485},"geometry":{"type":"Polygon","coordinates":[[[21.000424721955092,56.55371787718634],[21.000424721955092,56.56271108082358],[21.009417925592338,56.56271108082358],[21.009417925592338,56.55371787718634],[21.000424721955092,56.55371787718634]]]}},{"type":"Feature","properties":{"jobs":0,"pop":16,"pointCount":1,"homeWorkCommuteMedian":6256,"workHomeCommuteMedian":-1},"geometry":{"type":"Polygon","coordinates":[[[21.000424721955092,56.56271108082358],[21.000424721955092,56.57170428446083],[21.009417925592338,56.57170428446083],[21.009417925592338,56.56271108082358],[21.000424721955092,56.56271108082358]]]}},{"type":"Feature","properties":{"jobs":55,"pop":0,"pointCount":2,"homeWorkCommuteMedian":-1,"workHomeCommuteMedian":12333},"geometry":{"type":"Polygon","coordinates":[[[21.009417925592338,56.16701012078476],[21.009417925592338,56.176003324422005],[21.018411129229584,56.176003324422005],[21.018411129229584,56.16701012078476],[21.009417925592338,56.16701012078476]]]}},{"type":"Feature","properties":{"jobs":48,"pop":0,"pointCount":1,"homeWorkCommuteMedian":-1,"workHomeCommuteMedian":14604},"geometry":{"type":"Polygon","coordinates":[[[21.009417925592338,56.176003324422005],[21.009417925592338,56.18499652805925],[21.018411129229584,56.18499652805925],[21.018411129229584,56.176003324422005],[21.009417925592338,56.176003324422005]]]}},{"type":"Feature","properties":{"jobs":8,"pop":6,"pointCount":1,"homeWorkCommuteMedian":28771,"workHomeCommuteMedian":22127},"geometry":{"type":"Polygon","coordinates":[[[21.009417925592338,56.34687419352968],[21.009417925592338,56.355867397166925],[21.018411129229584,56.355867397166925],[21.018411129229584,56.34687419352968],[21.009417925592338,56.34687419352968]]]}},{"type":"Feature","properties":{"jobs":0,"pop":5,"pointCount":1,"homeWorkCommuteMedian":8134,"workHomeCommuteMedian":-1},"geometry":{"type":"Polygon","coordinates":[[[21.009417925592338,56.355867397166925],[21.009417925592338,56.36486060080417],[21.018411129229584,56.36486060080417],[21.018411129229584,56.355867397166925],[21.009417925592338,56.355867397166925]]]}},{"type":"Feature","properties":{"jobs":12,"pop":0,"pointCount":1,"homeWorkCommuteMedian":-1,"workHomeCommuteMedian":10208},"geometry":{"type":"Polygon","coordinates":[[[21.009417925592338,56.39184021171591],[21.009417925592338,56.400833415353155],[21.018411129229584,56.400833415353155],[21.018411129229584,56.39184021171591],[21.009417925592338,56.39184021171591]]]}},{"type":"Feature","properties":{"jobs":0,"pop":6,"pointCount":1,"homeWorkCommuteMedian":11856,"workHomeCommuteMedian":-1},"geometry":{"type":"Polygon","coordinates":[[[21.009417925592338,56.41881982262765],[21.009417925592338,56.42781302626489],[21.018411129229584,56.42781302626489],[21.018411129229584,56.41881982262765],[21.009417925592338,56.41881982262765]]]}},{"type":"Feature","properties":{"jobs":7,"pop":12,"pointCount":2,"homeWorkCommuteMedian":5640,"workHomeCommuteMedian":16120},"geometry":{"type":"Polygon","coordinates":[[[21.009417925592338,56.42781302626489],[21.009417925592338,56.43680622990214],[21.018411129229584,56.43680622990214],[21.018411129229584,56.42781302626489],[21.009417925592338,56.42781302626489]]]}},{"type":"Feature","properties":{"jobs":38,"pop":19,"pointCount":3,"homeWorkCommuteMedian":6887,"workHomeCommuteMedian":6350},"geometry":{"type":"Polygon","coordinates":[[[21.009417925592338,56.445799433539385],[21.009417925592338,56.45479263717663],[21.018411129229584,56.45479263717663],[21.018411129229584,56.445799433539385],[21.009417925592338,56.445799433539385]]]}},{"type":"Feature","properties":{"jobs":0,"pop":6,"pointCount":1,"homeWorkCommuteMedian":5879,"workHomeCommuteMedian":-1},"geometry":{"type":"Polygon","coordinates":[[[21.009417925592338,56.45479263717663],[21.009417925592338,56.46378584081388],[21.018411129229584,56.46378584081388],[21.018411129229584,56.45479263717663],[21.009417925592338,56.45479263717663]]]}},{"type":"Feature","properties":{"jobs":0,"pop":26,"pointCount":1,"homeWorkCommuteMedian":39981,"workHomeCommuteMedian":-1},"geometry":{"type":"Polygon","coordinates":[[[21.009417925592338,56.46378584081388],[21.009417925592338,56.47277904445112],[21.018411129229584,56.47277904445112],[21.018411129229584,56.46378584081388],[21.009417925592338,56.46378584081388]]]}},{"type":"Feature","properties":{"jobs":269,"pop":259,"pointCount":3,"homeWorkCommuteMedian":4819,"workHomeCommuteMedian":10620},"geometry":{"type":"Polygon","coordinates":[[[21.009417925592338,56.47277904445112],[21.009417925592338,56.48177224808837],[21.018411129229584,56.48177224808837],[21.018411129229584,56.47277904445112],[21.009417925592338,56.47277904445112]]]}},{"type":"Feature","properties":{"jobs":112,"pop":779,"pointCount":6,"homeWorkCommuteMedian":5486,"workHomeCommuteMedian":4404},"geometry":{"type":"Polygon","coordinates":[[[21.009417925592338,56.48177224808837],[21.009417925592338,56.490765451725615],[21.018411129229584,56.490765451725615],[21.018411129229584,56.48177224808837],[21.009417925592338,56.48177224808837]]]}},{"type":"Feature","properties":{"jobs":233,"pop":935,"pointCount":12,"homeWorkCommuteMedian":3219,"workHomeCommuteMedian":39276},"geometry":{"type":"Polygon","coordinates":[[[21.009417925592338,56.490765451725615],[21.009417925592338,56.49975865536286],[21.018411129229584,56.49975865536286],[21.018411129229584,56.490765451725615],[21.009417925592338,56.490765451725615]]]}},{"type":"Feature","properties":{"jobs":1868,"pop":1450,"pointCount":20,"homeWorkCommuteMedian":3531,"workHomeCommuteMedian":6559},"geometry":{"type":"Polygon","coordinates":[[[21.009417925592338,56.49975865536286],[21.009417925592338,56.50875185900011],[21.018411129229584,56.50875185900011],[21.018411129229584,56.49975865536286],[21.009417925592338,56.49975865536286]]]}},{"type":"Feature","properties":{"jobs":3945,"pop":960,"pointCount":18,"homeWorkCommuteMedian":2044,"workHomeCommuteMedian":3437},"geometry":{"type":"Polygon","coordinates":[[[21.009417925592338,56.50875185900011],[21.009417925592338,56.51774506263735],[21.018411129229584,56.51774506263735],[21.018411129229584,56.50875185900011],[21.009417925592338,56.50875185900011]]]}},{"type":"Feature","properties":{"jobs":1185,"pop":1284,"pointCount":22,"homeWorkCommuteMedian":2618,"workHomeCommuteMedian":4463},"geometry":{"type":"Polygon","coordinates":[[[21.009417925592338,56.51774506263735],[21.009417925592338,56.5267382662746],[21.018411129229584,56.5267382662746],[21.018411129229584,56.51774506263735],[21.009417925592338,56.51774506263735]]]}},{"type":"Feature","properties":{"jobs":307,"pop":2178,"pointCount":19,"homeWorkCommuteMedian":4121,"workHomeCommuteMedian":1925},"geometry":{"type":"Polygon","coordinates":[[[21.009417925592338,56.5267382662746],[21.009417925592338,56.535731469911845],[21.018411129229584,56.535731469911845],[21.018411129229584,56.5267382662746],[21.009417925592338,56.5267382662746]]]}},{"type":"Feature","properties":{"jobs":178,"pop":157,"pointCount":2,"homeWorkCommuteMedian":4170,"workHomeCommuteMedian":37421},"geometry":{"type":"Polygon","coordinates":[[[21.009417925592338,56.535731469911845],[21.009417925592338,56.54472467354909],[21.018411129229584,56.54472467354909],[21.018411129229584,56.535731469911845],[21.009417925592338,56.535731469911845]]]}},{"type":"Feature","properties":{"jobs":178,"pop":618,"pointCount":9,"homeWorkCommuteMedian":5868,"workHomeCommuteMedian":5870},"geometry":{"type":"Polygon","coordinates":[[[21.009417925592338,56.54472467354909],[21.009417925592338,56.55371787718634],[21.018411129229584,56.55371787718634],[21.018411129229584,56.54472467354909],[21.009417925592338,56.54472467354909]]]}},{"type":"Feature","properties":{"jobs":24,"pop":1088,"pointCount":10,"homeWorkCommuteMedian":6039,"workHomeCommuteMedian":27086},"geometry":{"type":"Polygon","coordinates":[[[21.009417925592338,56.55371787718634],[21.009417925592338,56.56271108082358],[21.018411129229584,56.56271108082358],[21.018411129229584,56.55371787718634],[21.009417925592338,56.55371787718634]]]}},{"type":"Feature","properties":{"jobs":0,"pop":17,"pointCount":1,"homeWorkCommuteMedian":4841,"workHomeCommuteMedian":-1},"geometry":{"type":"Polygon","coordinates":[[[21.009417925592338,56.56271108082358],[21.009417925592338,56.57170428446083],[21.018411129229584,56.57170428446083],[21.018411129229584,56.56271108082358],[21.009417925592338,56.56271108082358]]]}},{"type":"Feature","properties":{"jobs":16,"pop":0,"pointCount":2,"homeWorkCommuteMedian":-1,"workHomeCommuteMedian":14268},"geometry":{"type":"Polygon","coordinates":[[[21.009417925592338,56.57170428446083],[21.009417925592338,56.580697488098075],[21.018411129229584,56.580697488098075],[21.018411129229584,56.57170428446083],[21.009417925592338,56.57170428446083]]]}},{"type":"Feature","properties":{"jobs":14,"pop":0,"pointCount":1,"homeWorkCommuteMedian":-1,"workHomeCommuteMedian":106615},"geometry":{"type":"Polygon","coordinates":[[[21.018411129229584,56.15801691714751],[21.018411129229584,56.16701012078476],[21.02740433286683,56.16701012078476],[21.02740433286683,56.15801691714751],[21.018411129229584,56.15801691714751]]]}},{"type":"Feature","properties":{"jobs":28,"pop":0,"pointCount":1,"homeWorkCommuteMedian":-1,"workHomeCommuteMedian":12955},"geometry":{"type":"Polygon","coordinates":[[[21.018411129229584,56.16701012078476],[21.018411129229584,56.176003324422005],[21.02740433286683,56.176003324422005],[21.02740433286683,56.16701012078476],[21.018411129229584,56.16701012078476]]]}},{"type":"Feature","properties":{"jobs":8,"pop":21,"pointCount":2,"homeWorkCommuteMedian":32090,"workHomeCommuteMedian":12887},"geometry":{"type":"Polygon","coordinates":[[[21.018411129229584,56.2929149717062],[21.018411129229584,56.30190817534345],[21.02740433286683,56.30190817534345],[21.02740433286683,56.2929149717062],[21.018411129229584,56.2929149717062]]]}},{"type":"Feature","properties":{"jobs":0,"pop":5,"pointCount":1,"homeWorkCommuteMedian":6573,"workHomeCommuteMedian":-1},"geometry":{"type":"Polygon","coordinates":[[[21.018411129229584,56.445799433539385],[21.018411129229584,56.45479263717663],[21.02740433286683,56.45479263717663],[21.02740433286683,56.445799433539385],[21.018411129229584,56.445799433539385]]]}},{"type":"Feature","properties":{"jobs":27,"pop":5,"pointCount":2,"homeWorkCommuteMedian":19212,"workHomeCommuteMedian":16365},"geometry":{"type":"Polygon","coordinates":[[[21.018411129229584,56.45479263717663],[21.018411129229584,56.46378584081388],[21.02740433286683,56.46378584081388],[21.02740433286683,56.45479263717663],[21.018411129229584,56.45479263717663]]]}},{"type":"Feature","properties":{"jobs":8,"pop":0,"pointCount":1,"homeWorkCommuteMedian":-1,"workHomeCommuteMedian":5693},"geometry":{"type":"Polygon","coordinates":[[[21.018411129229584,56.46378584081388],[21.018411129229584,56.47277904445112],[21.02740433286683,56.47277904445112],[21.02740433286683,56.46378584081388],[21.018411129229584,56.46378584081388]]]}},{"type":"Feature","properties":{"jobs":97,"pop":874,"pointCount":9,"homeWorkCommuteMedian":6182,"workHomeCommuteMedian":17998},"geometry":{"type":"Polygon","coordinates":[[[21.018411129229584,56.47277904445112],[21.018411129229584,56.48177224808837],[21.02740433286683,56.48177224808837],[21.02740433286683,56.47277904445112],[21.018411129229584,56.47277904445112]]]}},{"type":"Feature","properties":{"jobs":152,"pop":2544,"pointCount":23,"homeWorkCommuteMedian":5556,"workHomeCommuteMedian":9336},"geometry":{"type":"Polygon","coordinates":[[[21.018411129229584,56.48177224808837],[21.018411129229584,56.490765451725615],[21.02740433286683,56.490765451725615],[21.02740433286683,56.48177224808837],[21.018411129229584,56.48177224808837]]]}},{"type":"Feature","properties":{"jobs":204,"pop":902,"pointCount":8,"homeWorkCommuteMedian":3978,"workHomeCommuteMedian":9138},"geometry":{"type":"Polygon","coordinates":[[[21.018411129229584,56.490765451725615],[21.018411129229584,56.49975865536286],[21.02740433286683,56.49975865536286],[21.02740433286683,56.490765451725615],[21.018411129229584,56.490765451725615]]]}},{"type":"Feature","properties":{"jobs":649,"pop":1566,"pointCount":16,"homeWorkCommuteMedian":3569,"workHomeCommuteMedian":3662},"geometry":{"type":"Polygon","coordinates":[[[21.018411129229584,56.49975865536286],[21.018411129229584,56.50875185900011],[21.02740433286683,56.50875185900011],[21.02740433286683,56.49975865536286],[21.018411129229584,56.49975865536286]]]}},{"type":"Feature","properties":{"jobs":2136,"pop":71,"pointCount":5,"homeWorkCommuteMedian":2610,"workHomeCommuteMedian":5861},"geometry":{"type":"Polygon","coordinates":[[[21.018411129229584,56.50875185900011],[21.018411129229584,56.51774506263735],[21.02740433286683,56.51774506263735],[21.02740433286683,56.50875185900011],[21.018411129229584,56.50875185900011]]]}},{"type":"Feature","properties":{"jobs":1477,"pop":738,"pointCount":11,"homeWorkCommuteMedian":3707,"workHomeCommuteMedian":5454},"geometry":{"type":"Polygon","coordinates":[[[21.018411129229584,56.51774506263735],[21.018411129229584,56.5267382662746],[21.02740433286683,56.5267382662746],[21.02740433286683,56.51774506263735],[21.018411129229584,56.51774506263735]]]}},{"type":"Feature","properties":{"jobs":2085,"pop":373,"pointCount":11,"homeWorkCommuteMedian":4386,"workHomeCommuteMedian":4549},"geometry":{"type":"Polygon","coordinates":[[[21.018411129229584,56.5267382662746],[21.018411129229584,56.535731469911845],[21.02740433286683,56.535731469911845],[21.02740433286683,56.5267382662746],[21.018411129229584,56.5267382662746]]]}},{"type":"Feature","properties":{"jobs":1504,"pop":0,"pointCount":4,"homeWorkCommuteMedian":-1,"workHomeCommuteMedian":7792},"geometry":{"type":"Polygon","coordinates":[[[21.018411129229584,56.535731469911845],[21.018411129229584,56.54472467354909],[21.02740433286683,56.54472467354909],[21.02740433286683,56.535731469911845],[21.018411129229584,56.535731469911845]]]}},{"type":"Feature","properties":{"jobs":332,"pop":401,"pointCount":5,"homeWorkCommuteMedian":6028,"workHomeCommuteMedian":7100},"geometry":{"type":"Polygon","coordinates":[[[21.018411129229584,56.54472467354909],[21.018411129229584,56.55371787718634],[21.02740433286683,56.55371787718634],[21.02740433286683,56.54472467354909],[21.018411129229584,56.54472467354909]]]}},{"type":"Feature","properties":{"jobs":0,"pop":531,"pointCount":4,"homeWorkCommuteMedian":6446,"workHomeCommuteMedian":-1},"geometry":{"type":"Polygon","coordinates":[[[21.018411129229584,56.55371787718634],[21.018411129229584,56.56271108082358],[21.02740433286683,56.56271108082358],[21.02740433286683,56.55371787718634],[21.018411129229584,56.55371787718634]]]}},{"type":"Feature","properties":{"jobs":7,"pop":0,"pointCount":1,"homeWorkCommuteMedian":-1,"workHomeCommuteMedian":50274},"geometry":{"type":"Polygon","coordinates":[[[21.02740433286683,56.14003050987302],[21.02740433286683,56.14902371351027],[21.036397536504076,56.14902371351027],[21.036397536504076,56.14003050987302],[21.02740433286683,56.14003050987302]]]}},{"type":"Feature","properties":{"jobs":45,"pop":0,"pointCount":3,"homeWorkCommuteMedian":-1,"workHomeCommuteMedian":63492},"geometry":{"type":"Polygon","coordinates":[[[21.02740433286683,56.14902371351027],[21.02740433286683,56.15801691714751],[21.036397536504076,56.15801691714751],[21.036397536504076,56.14902371351027],[21.02740433286683,56.14902371351027]]]}},{"type":"Feature","properties":{"jobs":40,"pop":0,"pointCount":2,"homeWorkCommuteMedian":-1,"workHomeCommuteMedian":24219},"geometry":{"type":"Polygon","coordinates":[[[21.02740433286683,56.34687419352968],[21.02740433286683,56.355867397166925],[21.036397536504076,56.355867397166925],[21.036397536504076,56.34687419352968],[21.02740433286683,56.34687419352968]]]}},{"type":"Feature","properties":{"jobs":0,"pop":15,"pointCount":1,"homeWorkCommuteMedian":5883,"workHomeCommuteMedian":-1},"geometry":{"type":"Polygon","coordinates":[[[21.02740433286683,56.46378584081388],[21.02740433286683,56.47277904445112],[21.036397536504076,56.47277904445112],[21.036397536504076,56.46378584081388],[21.02740433286683,56.46378584081388]]]}},{"type":"Feature","properties":{"jobs":20,"pop":185,"pointCount":1,"homeWorkCommuteMedian":7211,"workHomeCommuteMedian":5856},"geometry":{"type":"Polygon","coordinates":[[[21.02740433286683,56.47277904445112],[21.02740433286683,56.48177224808837],[21.036397536504076,56.48177224808837],[21.036397536504076,56.47277904445112],[21.02740433286683,56.47277904445112]]]}},{"type":"Feature","properties":{"jobs":0,"pop":16,"pointCount":1,"homeWorkCommuteMedian":11824,"workHomeCommuteMedian":-1},"geometry":{"type":"Polygon","coordinates":[[[21.02740433286683,56.48177224808837],[21.02740433286683,56.490765451725615],[21.036397536504076,56.490765451725615],[21.036397536504076,56.48177224808837],[21.02740433286683,56.48177224808837]]]}},{"type":"Feature","properties":{"jobs":238,"pop":294,"pointCount":4,"homeWorkCommuteMedian":2772,"workHomeCommuteMedian":53679},"geometry":{"type":"Polygon","coordinates":[[[21.02740433286683,56.49975865536286],[21.02740433286683,56.50875185900011],[21.036397536504076,56.50875185900011],[21.036397536504076,56.49975865536286],[21.02740433286683,56.49975865536286]]]}},{"type":"Feature","properties":{"jobs":224,"pop":0,"pointCount":3,"homeWorkCommuteMedian":-1,"workHomeCommuteMedian":3679},"geometry":{"type":"Polygon","coordinates":[[[21.02740433286683,56.50875185900011],[21.02740433286683,56.51774506263735],[21.036397536504076,56.51774506263735],[21.036397536504076,56.50875185900011],[21.02740433286683,56.50875185900011]]]}},{"type":"Feature","properties":{"jobs":640,"pop":93,"pointCount":4,"homeWorkCommuteMedian":4616,"workHomeCommuteMedian":6596},"geometry":{"type":"Polygon","coordinates":[[[21.02740433286683,56.51774506263735],[21.02740433286683,56.5267382662746],[21.036397536504076,56.5267382662746],[21.036397536504076,56.51774506263735],[21.02740433286683,56.51774506263735]]]}},{"type":"Feature","properties":{"jobs":523,"pop":242,"pointCount":6,"homeWorkCommuteMedian":4704,"workHomeCommuteMedian":11670},"geometry":{"type":"Polygon","coordinates":[[[21.02740433286683,56.5267382662746],[21.02740433286683,56.535731469911845],[21.036397536504076,56.535731469911845],[21.036397536504076,56.5267382662746],[21.02740433286683,56.5267382662746]]]}},{"type":"Feature","properties":{"jobs":233,"pop":485,"pointCount":4,"homeWorkCommuteMedian":5213,"workHomeCommuteMedian":5180},"geometry":{"type":"Polygon","coordinates":[[[21.02740433286683,56.535731469911845],[21.02740433286683,56.54472467354909],[21.036397536504076,56.54472467354909],[21.036397536504076,56.535731469911845],[21.02740433286683,56.535731469911845]]]}},{"type":"Feature","properties":{"jobs":1062,"pop":12,"pointCount":3,"homeWorkCommuteMedian":9138,"workHomeCommuteMedian":9558},"geometry":{"type":"Polygon","coordinates":[[[21.02740433286683,56.54472467354909],[21.02740433286683,56.55371787718634],[21.036397536504076,56.55371787718634],[21.036397536504076,56.54472467354909],[21.02740433286683,56.54472467354909]]]}},{"type":"Feature","properties":{"jobs":6,"pop":0,"pointCount":1,"homeWorkCommuteMedian":-1,"workHomeCommuteMedian":10006},"geometry":{"type":"Polygon","coordinates":[[[21.036397536504076,56.131037306235775],[21.036397536504076,56.14003050987302],[21.045390740141322,56.14003050987302],[21.045390740141322,56.131037306235775],[21.036397536504076,56.131037306235775]]]}},{"type":"Feature","properties":{"jobs":0,"pop":5,"pointCount":1,"homeWorkCommuteMedian":20250,"workHomeCommuteMedian":-1},"geometry":{"type":"Polygon","coordinates":[[[21.036397536504076,56.34687419352968],[21.036397536504076,56.355867397166925],[21.045390740141322,56.355867397166925],[21.045390740141322,56.34687419352968],[21.036397536504076,56.34687419352968]]]}},{"type":"Feature","properties":{"jobs":0,"pop":24,"pointCount":1,"homeWorkCommuteMedian":20022,"workHomeCommuteMedian":-1},"geometry":{"type":"Polygon","coordinates":[[[21.036397536504076,56.355867397166925],[21.036397536504076,56.36486060080417],[21.045390740141322,56.36486060080417],[21.045390740141322,56.355867397166925],[21.036397536504076,56.355867397166925]]]}},{"type":"Feature","properties":{"jobs":523,"pop":0,"pointCount":1,"homeWorkCommuteMedian":-1,"workHomeCommuteMedian":6990},"geometry":{"type":"Polygon","coordinates":[[[21.036397536504076,56.51774506263735],[21.036397536504076,56.5267382662746],[21.045390740141322,56.5267382662746],[21.045390740141322,56.51774506263735],[21.036397536504076,56.51774506263735]]]}},{"type":"Feature","properties":{"jobs":1070,"pop":16,"pointCount":3,"homeWorkCommuteMedian":3794,"workHomeCommuteMedian":5238},"geometry":{"type":"Polygon","coordinates":[[[21.036397536504076,56.5267382662746],[21.036397536504076,56.535731469911845],[21.045390740141322,56.535731469911845],[21.045390740141322,56.5267382662746],[21.036397536504076,56.5267382662746]]]}},{"type":"Feature","properties":{"jobs":201,"pop":10,"pointCount":2,"homeWorkCommuteMedian":1891,"workHomeCommuteMedian":5905},"geometry":{"type":"Polygon","coordinates":[[[21.036397536504076,56.535731469911845],[21.036397536504076,56.54472467354909],[21.045390740141322,56.54472467354909],[21.045390740141322,56.535731469911845],[21.036397536504076,56.535731469911845]]]}},{"type":"Feature","properties":{"jobs":550,"pop":244,"pointCount":4,"homeWorkCommuteMedian":5624,"workHomeCommuteMedian":7677},"geometry":{"type":"Polygon","coordinates":[[[21.036397536504076,56.54472467354909],[21.036397536504076,56.55371787718634],[21.045390740141322,56.55371787718634],[21.045390740141322,56.54472467354909],[21.036397536504076,56.54472467354909]]]}},{"type":"Feature","properties":{"jobs":129,"pop":1277,"pointCount":13,"homeWorkCommuteMedian":5953,"workHomeCommuteMedian":9052},"geometry":{"type":"Polygon","coordinates":[[[21.036397536504076,56.55371787718634],[21.036397536504076,56.56271108082358],[21.045390740141322,56.56271108082358],[21.045390740141322,56.55371787718634],[21.036397536504076,56.55371787718634]]]}},{"type":"Feature","properties":{"jobs":0,"pop":41,"pointCount":6,"homeWorkCommuteMedian":11709,"workHomeCommuteMedian":-1},"geometry":{"type":"Polygon","coordinates":[[[21.036397536504076,56.60767709900981],[21.036397536504076,56.61667030264706],[21.045390740141322,56.61667030264706],[21.045390740141322,56.60767709900981],[21.036397536504076,56.60767709900981]]]}},{"type":"Feature","properties":{"jobs":0,"pop":9,"pointCount":1,"homeWorkCommuteMedian":11624,"workHomeCommuteMedian":-1},"geometry":{"type":"Polygon","coordinates":[[[21.036397536504076,56.61667030264706],[21.036397536504076,56.625663506284305],[21.045390740141322,56.625663506284305],[21.045390740141322,56.61667030264706],[21.036397536504076,56.61667030264706]]]}},{"type":"Feature","properties":{"jobs":0,"pop":9,"pointCount":1,"homeWorkCommuteMedian":39258,"workHomeCommuteMedian":-1},"geometry":{"type":"Polygon","coordinates":[[[21.045390740141322,56.27492856443171],[21.045390740141322,56.28392176806896],[21.054383943778568,56.28392176806896],[21.054383943778568,56.27492856443171],[21.045390740141322,56.27492856443171]]]}},{"type":"Feature","properties":{"jobs":0,"pop":6,"pointCount":1,"homeWorkCommuteMedian":34612,"workHomeCommuteMedian":-1},"geometry":{"type":"Polygon","coordinates":[[[21.045390740141322,56.34687419352968],[21.045390740141322,56.355867397166925],[21.054383943778568,56.355867397166925],[21.054383943778568,56.34687419352968],[21.045390740141322,56.34687419352968]]]}},{"type":"Feature","properties":{"jobs":8,"pop":0,"pointCount":1,"homeWorkCommuteMedian":-1,"workHomeCommuteMedian":23714},"geometry":{"type":"Polygon","coordinates":[[[21.045390740141322,56.36486060080417],[21.045390740141322,56.37385380444142],[21.054383943778568,56.37385380444142],[21.054383943778568,56.36486060080417],[21.045390740141322,56.36486060080417]]]}},{"type":"Feature","properties":{"jobs":552,"pop":46,"pointCount":3,"homeWorkCommuteMedian":6501,"workHomeCommuteMedian":6533},"geometry":{"type":"Polygon","coordinates":[[[21.045390740141322,56.5267382662746],[21.045390740141322,56.535731469911845],[21.054383943778568,56.535731469911845],[21.054383943778568,56.5267382662746],[21.045390740141322,56.5267382662746]]]}},{"type":"Feature","properties":{"jobs":115,"pop":0,"pointCount":1,"homeWorkCommuteMedian":-1,"workHomeCommuteMedian":5271},"geometry":{"type":"Polygon","coordinates":[[[21.045390740141322,56.535731469911845],[21.045390740141322,56.54472467354909],[21.054383943778568,56.54472467354909],[21.054383943778568,56.535731469911845],[21.045390740141322,56.535731469911845]]]}},{"type":"Feature","properties":{"jobs":717,"pop":157,"pointCount":5,"homeWorkCommuteMedian":6349,"workHomeCommuteMedian":8802},"geometry":{"type":"Polygon","coordinates":[[[21.045390740141322,56.54472467354909],[21.045390740141322,56.55371787718634],[21.054383943778568,56.55371787718634],[21.054383943778568,56.54472467354909],[21.045390740141322,56.54472467354909]]]}},{"type":"Feature","properties":{"jobs":4,"pop":30,"pointCount":5,"homeWorkCommuteMedian":13682,"workHomeCommuteMedian":9520},"geometry":{"type":"Polygon","coordinates":[[[21.045390740141322,56.60767709900981],[21.045390740141322,56.61667030264706],[21.054383943778568,56.61667030264706],[21.054383943778568,56.60767709900981],[21.045390740141322,56.60767709900981]]]}},{"type":"Feature","properties":{"jobs":2,"pop":0,"pointCount":1,"homeWorkCommuteMedian":-1,"workHomeCommuteMedian":12903},"geometry":{"type":"Polygon","coordinates":[[[21.054383943778568,56.14003050987302],[21.054383943778568,56.14902371351027],[21.063377147415814,56.14902371351027],[21.063377147415814,56.14003050987302],[21.054383943778568,56.14003050987302]]]}},{"type":"Feature","properties":{"jobs":16,"pop":13,"pointCount":2,"homeWorkCommuteMedian":2031,"workHomeCommuteMedian":3660},"geometry":{"type":"Polygon","coordinates":[[[21.054383943778568,56.31989458261794],[21.054383943778568,56.32888778625519],[21.063377147415814,56.32888778625519],[21.063377147415814,56.31989458261794],[21.054383943778568,56.31989458261794]]]}},{"type":"Feature","properties":{"jobs":10,"pop":0,"pointCount":1,"homeWorkCommuteMedian":-1,"workHomeCommuteMedian":21082},"geometry":{"type":"Polygon","coordinates":[[[21.054383943778568,56.32888778625519],[21.054383943778568,56.33788098989243],[21.063377147415814,56.33788098989243],[21.063377147415814,56.32888778625519],[21.054383943778568,56.32888778625519]]]}},{"type":"Feature","properties":{"jobs":24,"pop":48,"pointCount":7,"homeWorkCommuteMedian":19414,"workHomeCommuteMedian":4506},"geometry":{"type":"Polygon","coordinates":[[[21.054383943778568,56.33788098989243],[21.054383943778568,56.34687419352968],[21.063377147415814,56.34687419352968],[21.063377147415814,56.33788098989243],[21.054383943778568,56.33788098989243]]]}},{"type":"Feature","properties":{"jobs":5,"pop":20,"pointCount":2,"homeWorkCommuteMedian":5743,"workHomeCommuteMedian":6479},"geometry":{"type":"Polygon","coordinates":[[[21.054383943778568,56.34687419352968],[21.054383943778568,56.355867397166925],[21.063377147415814,56.355867397166925],[21.063377147415814,56.34687419352968],[21.054383943778568,56.34687419352968]]]}},{"type":"Feature","properties":{"jobs":14,"pop":0,"pointCount":1,"homeWorkCommuteMedian":-1,"workHomeCommuteMedian":5447},"geometry":{"type":"Polygon","coordinates":[[[21.054383943778568,56.37385380444142],[21.054383943778568,56.38284700807866],[21.063377147415814,56.38284700807866],[21.063377147415814,56.37385380444142],[21.054383943778568,56.37385380444142]]]}},{"type":"Feature","properties":{"jobs":592,"pop":0,"pointCount":2,"homeWorkCommuteMedian":-1,"workHomeCommuteMedian":7894},"geometry":{"type":"Polygon","coordinates":[[[21.054383943778568,56.5267382662746],[21.054383943778568,56.535731469911845],[21.063377147415814,56.535731469911845],[21.063377147415814,56.5267382662746],[21.054383943778568,56.5267382662746]]]}},{"type":"Feature","properties":{"jobs":452,"pop":16,"pointCount":2,"homeWorkCommuteMedian":857,"workHomeCommuteMedian":18280},"geometry":{"type":"Polygon","coordinates":[[[21.054383943778568,56.535731469911845],[21.054383943778568,56.54472467354909],[21.063377147415814,56.54472467354909],[21.063377147415814,56.535731469911845],[21.054383943778568,56.535731469911845]]]}},{"type":"Feature","properties":{"jobs":239,"pop":0,"pointCount":1,"homeWorkCommuteMedian":-1,"workHomeCommuteMedian":32647},"geometry":{"type":"Polygon","coordinates":[[[21.054383943778568,56.54472467354909],[21.054383943778568,56.55371787718634],[21.063377147415814,56.55371787718634],[21.063377147415814,56.54472467354909],[21.054383943778568,56.54472467354909]]]}},{"type":"Feature","properties":{"jobs":8,"pop":0,"pointCount":1,"homeWorkCommuteMedian":-1,"workHomeCommuteMedian":82048},"geometry":{"type":"Polygon","coordinates":[[[21.054383943778568,56.625663506284305],[21.054383943778568,56.63465670992155],[21.063377147415814,56.63465670992155],[21.063377147415814,56.625663506284305],[21.054383943778568,56.625663506284305]]]}},{"type":"Feature","properties":{"jobs":7,"pop":8,"pointCount":2,"homeWorkCommuteMedian":25996,"workHomeCommuteMedian":2923},"geometry":{"type":"Polygon","coordinates":[[[21.063377147415814,56.32888778625519],[21.063377147415814,56.33788098989243],[21.07237035105306,56.33788098989243],[21.07237035105306,56.32888778625519],[21.063377147415814,56.32888778625519]]]}},{"type":"Feature","properties":{"jobs":221,"pop":93,"pointCount":12,"homeWorkCommuteMedian":22835,"workHomeCommuteMedian":11730},"geometry":{"type":"Polygon","coordinates":[[[21.063377147415814,56.33788098989243],[21.063377147415814,56.34687419352968],[21.07237035105306,56.34687419352968],[21.07237035105306,56.33788098989243],[21.063377147415814,56.33788098989243]]]}},{"type":"Feature","properties":{"jobs":42,"pop":242,"pointCount":12,"homeWorkCommuteMedian":20993,"workHomeCommuteMedian":21974},"geometry":{"type":"Polygon","coordinates":[[[21.063377147415814,56.34687419352968],[21.063377147415814,56.355867397166925],[21.07237035105306,56.355867397166925],[21.07237035105306,56.34687419352968],[21.063377147415814,56.34687419352968]]]}},{"type":"Feature","properties":{"jobs":13,"pop":19,"pointCount":2,"homeWorkCommuteMedian":15116,"workHomeCommuteMedian":3456},"geometry":{"type":"Polygon","coordinates":[[[21.063377147415814,56.355867397166925],[21.063377147415814,56.36486060080417],[21.07237035105306,56.36486060080417],[21.07237035105306,56.355867397166925],[21.063377147415814,56.355867397166925]]]}},{"type":"Feature","properties":{"jobs":0,"pop":19,"pointCount":1,"homeWorkCommuteMedian":22988,"workHomeCommuteMedian":-1},"geometry":{"type":"Polygon","coordinates":[[[21.063377147415814,56.36486060080417],[21.063377147415814,56.37385380444142],[21.07237035105306,56.37385380444142],[21.07237035105306,56.36486060080417],[21.063377147415814,56.36486060080417]]]}},{"type":"Feature","properties":{"jobs":36,"pop":484,"pointCount":4,"homeWorkCommuteMedian":5532,"workHomeCommuteMedian":5145},"geometry":{"type":"Polygon","coordinates":[[[21.063377147415814,56.535731469911845],[21.063377147415814,56.54472467354909],[21.07237035105306,56.54472467354909],[21.07237035105306,56.535731469911845],[21.063377147415814,56.535731469911845]]]}},{"type":"Feature","properties":{"jobs":33,"pop":545,"pointCount":4,"homeWorkCommuteMedian":6388,"workHomeCommuteMedian":62314},"geometry":{"type":"Polygon","coordinates":[[[21.063377147415814,56.54472467354909],[21.063377147415814,56.55371787718634],[21.07237035105306,56.55371787718634],[21.07237035105306,56.54472467354909],[21.063377147415814,56.54472467354909]]]}},{"type":"Feature","properties":{"jobs":0,"pop":9,"pointCount":1,"homeWorkCommuteMedian":642,"workHomeCommuteMedian":-1},"geometry":{"type":"Polygon","coordinates":[[[21.063377147415814,56.65264311719604],[21.063377147415814,56.66163632083329],[21.07237035105306,56.66163632083329],[21.07237035105306,56.65264311719604],[21.063377147415814,56.65264311719604]]]}},{"type":"Feature","properties":{"jobs":7,"pop":27,"pointCount":3,"homeWorkCommuteMedian":14078,"workHomeCommuteMedian":3645},"geometry":{"type":"Polygon","coordinates":[[[21.063377147415814,56.66163632083329],[21.063377147415814,56.670629524470534],[21.07237035105306,56.670629524470534],[21.07237035105306,56.66163632083329],[21.063377147415814,56.66163632083329]]]}},{"type":"Feature","properties":{"jobs":21,"pop":18,"pointCount":1,"homeWorkCommuteMedian":24850,"workHomeCommuteMedian":11389},"geometry":{"type":"Polygon","coordinates":[[[21.063377147415814,56.688615931745026],[21.063377147415814,56.69760913538227],[21.07237035105306,56.69760913538227],[21.07237035105306,56.688615931745026],[21.063377147415814,56.688615931745026]]]}},{"type":"Feature","properties":{"jobs":0,"pop":18,"pointCount":1,"homeWorkCommuteMedian":27663,"workHomeCommuteMedian":-1},"geometry":{"type":"Polygon","coordinates":[[[21.063377147415814,56.72458874629401],[21.063377147415814,56.733581949931256],[21.07237035105306,56.733581949931256],[21.07237035105306,56.72458874629401],[21.063377147415814,56.72458874629401]]]}},{"type":"Feature","properties":{"jobs":14,"pop":22,"pointCount":1,"homeWorkCommuteMedian":16069,"workHomeCommuteMedian":11446},"geometry":{"type":"Polygon","coordinates":[[[21.063377147415814,56.7425751535685],[21.063377147415814,56.75156835720575],[21.07237035105306,56.75156835720575],[21.07237035105306,56.7425751535685],[21.063377147415814,56.7425751535685]]]}},{"type":"Feature","properties":{"jobs":8,"pop":0,"pointCount":1,"homeWorkCommuteMedian":-1,"workHomeCommuteMedian":35359},"geometry":{"type":"Polygon","coordinates":[[[21.063377147415814,56.760561560842994],[21.063377147415814,56.76955476448024],[21.07237035105306,56.76955476448024],[21.07237035105306,56.760561560842994],[21.063377147415814,56.760561560842994]]]}},{"type":"Feature","properties":{"jobs":0,"pop":6,"pointCount":1,"homeWorkCommuteMedian":35292,"workHomeCommuteMedian":-1},"geometry":{"type":"Polygon","coordinates":[[[21.07237035105306,56.22996254624548],[21.07237035105306,56.23895574988273],[21.081363554690306,56.23895574988273],[21.081363554690306,56.22996254624548],[21.07237035105306,56.22996254624548]]]}},{"type":"Feature","properties":{"jobs":14,"pop":20,"pointCount":2,"homeWorkCommuteMedian":23537,"workHomeCommuteMedian":26093},"geometry":{"type":"Polygon","coordinates":[[[21.07237035105306,56.32888778625519],[21.07237035105306,56.33788098989243],[21.081363554690306,56.33788098989243],[21.081363554690306,56.32888778625519],[21.07237035105306,56.32888778625519]]]}},{"type":"Feature","properties":{"jobs":0,"pop":5,"pointCount":1,"homeWorkCommuteMedian":11738,"workHomeCommuteMedian":-1},"geometry":{"type":"Polygon","coordinates":[[[21.07237035105306,56.33788098989243],[21.07237035105306,56.34687419352968],[21.081363554690306,56.34687419352968],[21.081363554690306,56.33788098989243],[21.07237035105306,56.33788098989243]]]}},{"type":"Feature","properties":{"jobs":0,"pop":20,"pointCount":2,"homeWorkCommuteMedian":26251,"workHomeCommuteMedian":-1},"geometry":{"type":"Polygon","coordinates":[[[21.07237035105306,56.355867397166925],[21.07237035105306,56.36486060080417],[21.081363554690306,56.36486060080417],[21.081363554690306,56.355867397166925],[21.07237035105306,56.355867397166925]]]}},{"type":"Feature","properties":{"jobs":10,"pop":6,"pointCount":2,"homeWorkCommuteMedian":2207,"workHomeCommuteMedian":2147},"geometry":{"type":"Polygon","coordinates":[[[21.07237035105306,56.36486060080417],[21.07237035105306,56.37385380444142],[21.081363554690306,56.37385380444142],[21.081363554690306,56.36486060080417],[21.07237035105306,56.36486060080417]]]}},{"type":"Feature","properties":{"jobs":309,"pop":17,"pointCount":3,"homeWorkCommuteMedian":6698,"workHomeCommuteMedian":8006},"geometry":{"type":"Polygon","coordinates":[[[21.07237035105306,56.535731469911845],[21.07237035105306,56.54472467354909],[21.081363554690306,56.54472467354909],[21.081363554690306,56.535731469911845],[21.07237035105306,56.535731469911845]]]}},{"type":"Feature","properties":{"jobs":0,"pop":75,"pointCount":2,"homeWorkCommuteMedian":7670,"workHomeCommuteMedian":-1},"geometry":{"type":"Polygon","coordinates":[[[21.07237035105306,56.54472467354909],[21.07237035105306,56.55371787718634],[21.081363554690306,56.55371787718634],[21.081363554690306,56.54472467354909],[21.07237035105306,56.54472467354909]]]}},{"type":"Feature","properties":{"jobs":48,"pop":20,"pointCount":5,"homeWorkCommuteMedian":17979,"workHomeCommuteMedian":12833},"geometry":{"type":"Polygon","coordinates":[[[21.07237035105306,56.66163632083329],[21.07237035105306,56.670629524470534],[21.081363554690306,56.670629524470534],[21.081363554690306,56.66163632083329],[21.07237035105306,56.66163632083329]]]}},{"type":"Feature","properties":{"jobs":0,"pop":10,"pointCount":1,"homeWorkCommuteMedian":24378,"workHomeCommuteMedian":-1},"geometry":{"type":"Polygon","coordinates":[[[21.07237035105306,56.67962272810778],[21.07237035105306,56.688615931745026],[21.081363554690306,56.688615931745026],[21.081363554690306,56.67962272810778],[21.07237035105306,56.67962272810778]]]}},{"type":"Feature","properties":{"jobs":0,"pop":7,"pointCount":1,"homeWorkCommuteMedian":23677,"workHomeCommuteMedian":-1},"geometry":{"type":"Polygon","coordinates":[[[21.07237035105306,56.688615931745026],[21.07237035105306,56.69760913538227],[21.081363554690306,56.69760913538227],[21.081363554690306,56.688615931745026],[21.07237035105306,56.688615931745026]]]}},{"type":"Feature","properties":{"jobs":0,"pop":10,"pointCount":1,"homeWorkCommuteMedian":23518,"workHomeCommuteMedian":-1},"geometry":{"type":"Polygon","coordinates":[[[21.07237035105306,56.72458874629401],[21.07237035105306,56.733581949931256],[21.081363554690306,56.733581949931256],[21.081363554690306,56.72458874629401],[21.07237035105306,56.72458874629401]]]}},{"type":"Feature","properties":{"jobs":8,"pop":0,"pointCount":1,"homeWorkCommuteMedian":-1,"workHomeCommuteMedian":9951},"geometry":{"type":"Polygon","coordinates":[[[21.07237035105306,56.733581949931256],[21.07237035105306,56.7425751535685],[21.081363554690306,56.7425751535685],[21.081363554690306,56.733581949931256],[21.07237035105306,56.733581949931256]]]}},{"type":"Feature","properties":{"jobs":54,"pop":0,"pointCount":1,"homeWorkCommuteMedian":-1,"workHomeCommuteMedian":26200},"geometry":{"type":"Polygon","coordinates":[[[21.07237035105306,56.7425751535685],[21.07237035105306,56.75156835720575],[21.081363554690306,56.75156835720575],[21.081363554690306,56.7425751535685],[21.07237035105306,56.7425751535685]]]}},{"type":"Feature","properties":{"jobs":0,"pop":24,"pointCount":1,"homeWorkCommuteMedian":58944,"workHomeCommuteMedian":-1},"geometry":{"type":"Polygon","coordinates":[[[21.07237035105306,56.75156835720575],[21.07237035105306,56.760561560842994],[21.081363554690306,56.760561560842994],[21.081363554690306,56.75156835720575],[21.07237035105306,56.75156835720575]]]}},{"type":"Feature","properties":{"jobs":0,"pop":11,"pointCount":1,"homeWorkCommuteMedian":38898,"workHomeCommuteMedian":-1},"geometry":{"type":"Polygon","coordinates":[[[21.081363554690306,56.22996254624548],[21.081363554690306,56.23895574988273],[21.09035675832755,56.23895574988273],[21.09035675832755,56.22996254624548],[21.081363554690306,56.22996254624548]]]}},{"type":"Feature","properties":{"jobs":12,"pop":35,"pointCount":4,"homeWorkCommuteMedian":24595,"workHomeCommuteMedian":27779},"geometry":{"type":"Polygon","coordinates":[[[21.081363554690306,56.31989458261794],[21.081363554690306,56.32888778625519],[21.09035675832755,56.32888778625519],[21.09035675832755,56.31989458261794],[21.081363554690306,56.31989458261794]]]}},{"type":"Feature","properties":{"jobs":0,"pop":8,"pointCount":1,"homeWorkCommuteMedian":24235,"workHomeCommuteMedian":-1},"geometry":{"type":"Polygon","coordinates":[[[21.081363554690306,56.32888778625519],[21.081363554690306,56.33788098989243],[21.09035675832755,56.33788098989243],[21.09035675832755,56.32888778625519],[21.081363554690306,56.32888778625519]]]}},{"type":"Feature","properties":{"jobs":17,"pop":8,"pointCount":2,"homeWorkCommuteMedian":27528,"workHomeCommuteMedian":8134},"geometry":{"type":"Polygon","coordinates":[[[21.081363554690306,56.36486060080417],[21.081363554690306,56.37385380444142],[21.09035675832755,56.37385380444142],[21.09035675832755,56.36486060080417],[21.081363554690306,56.36486060080417]]]}},{"type":"Feature","properties":{"jobs":14,"pop":0,"pointCount":1,"homeWorkCommuteMedian":-1,"workHomeCommuteMedian":23237},"geometry":{"type":"Polygon","coordinates":[[[21.081363554690306,56.37385380444142],[21.081363554690306,56.38284700807866],[21.09035675832755,56.38284700807866],[21.09035675832755,56.37385380444142],[21.081363554690306,56.37385380444142]]]}},{"type":"Feature","properties":{"jobs":12,"pop":0,"pointCount":1,"homeWorkCommuteMedian":-1,"workHomeCommuteMedian":15148},"geometry":{"type":"Polygon","coordinates":[[[21.081363554690306,56.48177224808837],[21.081363554690306,56.490765451725615],[21.09035675832755,56.490765451725615],[21.09035675832755,56.48177224808837],[21.081363554690306,56.48177224808837]]]}},{"type":"Feature","properties":{"jobs":0,"pop":47,"pointCount":2,"homeWorkCommuteMedian":7248,"workHomeCommuteMedian":-1},"geometry":{"type":"Polygon","coordinates":[[[21.081363554690306,56.535731469911845],[21.081363554690306,56.54472467354909],[21.09035675832755,56.54472467354909],[21.09035675832755,56.535731469911845],[21.081363554690306,56.535731469911845]]]}},{"type":"Feature","properties":{"jobs":8,"pop":218,"pointCount":3,"homeWorkCommuteMedian":6300,"workHomeCommuteMedian":6176},"geometry":{"type":"Polygon","coordinates":[[[21.081363554690306,56.54472467354909],[21.081363554690306,56.55371787718634],[21.09035675832755,56.55371787718634],[21.09035675832755,56.54472467354909],[21.081363554690306,56.54472467354909]]]}},{"type":"Feature","properties":{"jobs":0,"pop":67,"pointCount":1,"homeWorkCommuteMedian":7359,"workHomeCommuteMedian":-1},"geometry":{"type":"Polygon","coordinates":[[[21.081363554690306,56.55371787718634],[21.081363554690306,56.56271108082358],[21.09035675832755,56.56271108082358],[21.09035675832755,56.55371787718634],[21.081363554690306,56.55371787718634]]]}},{"type":"Feature","properties":{"jobs":0,"pop":11,"pointCount":1,"homeWorkCommuteMedian":10660,"workHomeCommuteMedian":-1},"geometry":{"type":"Polygon","coordinates":[[[21.081363554690306,56.580697488098075],[21.081363554690306,56.58969069173532],[21.09035675832755,56.58969069173532],[21.09035675832755,56.580697488098075],[21.081363554690306,56.580697488098075]]]}},{"type":"Feature","properties":{"jobs":0,"pop":9,"pointCount":1,"homeWorkCommuteMedian":2706,"workHomeCommuteMedian":-1},"geometry":{"type":"Polygon","coordinates":[[[21.081363554690306,56.670629524470534],[21.081363554690306,56.67962272810778],[21.09035675832755,56.67962272810778],[21.09035675832755,56.670629524470534],[21.081363554690306,56.670629524470534]]]}},{"type":"Feature","properties":{"jobs":0,"pop":16,"pointCount":1,"homeWorkCommuteMedian":6741,"workHomeCommuteMedian":-1},"geometry":{"type":"Polygon","coordinates":[[[21.081363554690306,56.7425751535685],[21.081363554690306,56.75156835720575],[21.09035675832755,56.75156835720575],[21.09035675832755,56.7425751535685],[21.081363554690306,56.7425751535685]]]}},{"type":"Feature","properties":{"jobs":0,"pop":5,"pointCount":1,"homeWorkCommuteMedian":31824,"workHomeCommuteMedian":-1},"geometry":{"type":"Polygon","coordinates":[[[21.09035675832755,56.24794895351997],[21.09035675832755,56.25694215715722],[21.099349961964798,56.25694215715722],[21.099349961964798,56.24794895351997],[21.09035675832755,56.24794895351997]]]}},{"type":"Feature","properties":{"jobs":13,"pop":64,"pointCount":3,"homeWorkCommuteMedian":17374,"workHomeCommuteMedian":24058},"geometry":{"type":"Polygon","coordinates":[[[21.09035675832755,56.310901378980695],[21.09035675832755,56.31989458261794],[21.099349961964798,56.31989458261794],[21.099349961964798,56.310901378980695],[21.09035675832755,56.310901378980695]]]}},{"type":"Feature","properties":{"jobs":7,"pop":11,"pointCount":1,"homeWorkCommuteMedian":4086,"workHomeCommuteMedian":21522},"geometry":{"type":"Polygon","coordinates":[[[21.09035675832755,56.34687419352968],[21.09035675832755,56.355867397166925],[21.099349961964798,56.355867397166925],[21.099349961964798,56.34687419352968],[21.09035675832755,56.34687419352968]]]}},{"type":"Feature","properties":{"jobs":0,"pop":18,"pointCount":2,"homeWorkCommuteMedian":24172,"workHomeCommuteMedian":-1},"geometry":{"type":"Polygon","coordinates":[[[21.09035675832755,56.355867397166925],[21.09035675832755,56.36486060080417],[21.099349961964798,56.36486060080417],[21.099349961964798,56.355867397166925],[21.09035675832755,56.355867397166925]]]}},{"type":"Feature","properties":{"jobs":15,"pop":12,"pointCount":4,"homeWorkCommuteMedian":24664,"workHomeCommuteMedian":23463},"geometry":{"type":"Polygon","coordinates":[[[21.09035675832755,56.36486060080417],[21.09035675832755,56.37385380444142],[21.099349961964798,56.37385380444142],[21.099349961964798,56.36486060080417],[21.09035675832755,56.36486060080417]]]}},{"type":"Feature","properties":{"jobs":100,"pop":81,"pointCount":8,"homeWorkCommuteMedian":5747,"workHomeCommuteMedian":23412},"geometry":{"type":"Polygon","coordinates":[[[21.09035675832755,56.37385380444142],[21.09035675832755,56.38284700807866],[21.099349961964798,56.38284700807866],[21.099349961964798,56.37385380444142],[21.09035675832755,56.37385380444142]]]}},{"type":"Feature","properties":{"jobs":31,"pop":0,"pointCount":2,"homeWorkCommuteMedian":-1,"workHomeCommuteMedian":20084},"geometry":{"type":"Polygon","coordinates":[[[21.09035675832755,56.38284700807866],[21.09035675832755,56.39184021171591],[21.099349961964798,56.39184021171591],[21.099349961964798,56.38284700807866],[21.09035675832755,56.38284700807866]]]}},{"type":"Feature","properties":{"jobs":0,"pop":7,"pointCount":1,"homeWorkCommuteMedian":6414,"workHomeCommuteMedian":-1},"geometry":{"type":"Polygon","coordinates":[[[21.09035675832755,56.41881982262765],[21.09035675832755,56.42781302626489],[21.099349961964798,56.42781302626489],[21.099349961964798,56.41881982262765],[21.09035675832755,56.41881982262765]]]}},{"type":"Feature","properties":{"jobs":133,"pop":210,"pointCount":11,"homeWorkCommuteMedian":8956,"workHomeCommuteMedian":7571},"geometry":{"type":"Polygon","coordinates":[[[21.09035675832755,56.51774506263735],[21.09035675832755,56.5267382662746],[21.099349961964798,56.5267382662746],[21.099349961964798,56.51774506263735],[21.09035675832755,56.51774506263735]]]}},{"type":"Feature","properties":{"jobs":10,"pop":20,"pointCount":3,"homeWorkCommuteMedian":6168,"workHomeCommuteMedian":12628},"geometry":{"type":"Polygon","coordinates":[[[21.09035675832755,56.5267382662746],[21.09035675832755,56.535731469911845],[21.099349961964798,56.535731469911845],[21.099349961964798,56.5267382662746],[21.09035675832755,56.5267382662746]]]}},{"type":"Feature","properties":{"jobs":0,"pop":8,"pointCount":1,"homeWorkCommuteMedian":5450,"workHomeCommuteMedian":-1},"geometry":{"type":"Polygon","coordinates":[[[21.09035675832755,56.535731469911845],[21.09035675832755,56.54472467354909],[21.099349961964798,56.54472467354909],[21.099349961964798,56.535731469911845],[21.09035675832755,56.535731469911845]]]}},{"type":"Feature","properties":{"jobs":0,"pop":67,"pointCount":1,"homeWorkCommuteMedian":5673,"workHomeCommuteMedian":-1},"geometry":{"type":"Polygon","coordinates":[[[21.09035675832755,56.54472467354909],[21.09035675832755,56.55371787718634],[21.099349961964798,56.55371787718634],[21.099349961964798,56.54472467354909],[21.09035675832755,56.54472467354909]]]}},{"type":"Feature","properties":{"jobs":932,"pop":420,"pointCount":7,"homeWorkCommuteMedian":8486,"workHomeCommuteMedian":10359},"geometry":{"type":"Polygon","coordinates":[[[21.09035675832755,56.55371787718634],[21.09035675832755,56.56271108082358],[21.099349961964798,56.56271108082358],[21.099349961964798,56.55371787718634],[21.09035675832755,56.55371787718634]]]}},{"type":"Feature","properties":{"jobs":8,"pop":0,"pointCount":1,"homeWorkCommuteMedian":-1,"workHomeCommuteMedian":12554},"geometry":{"type":"Polygon","coordinates":[[[21.09035675832755,56.56271108082358],[21.09035675832755,56.57170428446083],[21.099349961964798,56.57170428446083],[21.099349961964798,56.56271108082358],[21.09035675832755,56.56271108082358]]]}},{"type":"Feature","properties":{"jobs":0,"pop":6,"pointCount":1,"homeWorkCommuteMedian":11043,"workHomeCommuteMedian":-1},"geometry":{"type":"Polygon","coordinates":[[[21.09035675832755,56.57170428446083],[21.09035675832755,56.580697488098075],[21.099349961964798,56.580697488098075],[21.099349961964798,56.57170428446083],[21.09035675832755,56.57170428446083]]]}},{"type":"Feature","properties":{"jobs":0,"pop":18,"pointCount":1,"homeWorkCommuteMedian":9186,"workHomeCommuteMedian":-1},"geometry":{"type":"Polygon","coordinates":[[[21.09035675832755,56.580697488098075],[21.09035675832755,56.58969069173532],[21.099349961964798,56.58969069173532],[21.099349961964798,56.580697488098075],[21.09035675832755,56.580697488098075]]]}},{"type":"Feature","properties":{"jobs":8,"pop":5,"pointCount":1,"homeWorkCommuteMedian":4708,"workHomeCommuteMedian":13308},"geometry":{"type":"Polygon","coordinates":[[[21.09035675832755,56.58969069173532],[21.09035675832755,56.59868389537257],[21.099349961964798,56.59868389537257],[21.099349961964798,56.58969069173532],[21.09035675832755,56.58969069173532]]]}},{"type":"Feature","properties":{"jobs":0,"pop":6,"pointCount":1,"homeWorkCommuteMedian":6006,"workHomeCommuteMedian":-1},"geometry":{"type":"Polygon","coordinates":[[[21.09035675832755,56.61667030264706],[21.09035675832755,56.625663506284305],[21.099349961964798,56.625663506284305],[21.099349961964798,56.61667030264706],[21.09035675832755,56.61667030264706]]]}},{"type":"Feature","properties":{"jobs":12,"pop":0,"pointCount":1,"homeWorkCommuteMedian":-1,"workHomeCommuteMedian":8370},"geometry":{"type":"Polygon","coordinates":[[[21.09035675832755,56.72458874629401],[21.09035675832755,56.733581949931256],[21.099349961964798,56.733581949931256],[21.099349961964798,56.72458874629401],[21.09035675832755,56.72458874629401]]]}},{"type":"Feature","properties":{"jobs":9,"pop":5,"pointCount":1,"homeWorkCommuteMedian":35569,"workHomeCommuteMedian":13215},"geometry":{"type":"Polygon","coordinates":[[[21.099349961964798,56.21197613897099],[21.099349961964798,56.220969342608235],[21.108343165602044,56.220969342608235],[21.108343165602044,56.21197613897099],[21.099349961964798,56.21197613897099]]]}},{"type":"Feature","properties":{"jobs":0,"pop":14,"pointCount":1,"homeWorkCommuteMedian":21354,"workHomeCommuteMedian":-1},"geometry":{"type":"Polygon","coordinates":[[[21.099349961964798,56.220969342608235],[21.099349961964798,56.22996254624548],[21.108343165602044,56.22996254624548],[21.108343165602044,56.220969342608235],[21.099349961964798,56.220969342608235]]]}},{"type":"Feature","properties":{"jobs":0,"pop":17,"pointCount":1,"homeWorkCommuteMedian":5365,"workHomeCommuteMedian":-1},"geometry":{"type":"Polygon","coordinates":[[[21.099349961964798,56.34687419352968],[21.099349961964798,56.355867397166925],[21.108343165602044,56.355867397166925],[21.108343165602044,56.34687419352968],[21.099349961964798,56.34687419352968]]]}},{"type":"Feature","properties":{"jobs":5,"pop":6,"pointCount":2,"homeWorkCommuteMedian":32806,"workHomeCommuteMedian":3434},"geometry":{"type":"Polygon","coordinates":[[[21.099349961964798,56.36486060080417],[21.099349961964798,56.37385380444142],[21.108343165602044,56.37385380444142],[21.108343165602044,56.36486060080417],[21.099349961964798,56.36486060080417]]]}},{"type":"Feature","properties":{"jobs":7,"pop":8,"pointCount":2,"homeWorkCommuteMedian":21539,"workHomeCommuteMedian":1992},"geometry":{"type":"Polygon","coordinates":[[[21.099349961964798,56.38284700807866],[21.099349961964798,56.39184021171591],[21.108343165602044,56.39184021171591],[21.108343165602044,56.38284700807866],[21.099349961964798,56.38284700807866]]]}},{"type":"Feature","properties":{"jobs":0,"pop":7,"pointCount":1,"homeWorkCommuteMedian":20514,"workHomeCommuteMedian":-1},"geometry":{"type":"Polygon","coordinates":[[[21.099349961964798,56.4098266189904],[21.099349961964798,56.41881982262765],[21.108343165602044,56.41881982262765],[21.108343165602044,56.4098266189904],[21.099349961964798,56.4098266189904]]]}},{"type":"Feature","properties":{"jobs":19,"pop":15,"pointCount":3,"homeWorkCommuteMedian":30940,"workHomeCommuteMedian":29552},"geometry":{"type":"Polygon","coordinates":[[[21.099349961964798,56.41881982262765],[21.099349961964798,56.42781302626489],[21.108343165602044,56.42781302626489],[21.108343165602044,56.41881982262765],[21.099349961964798,56.41881982262765]]]}},{"type":"Feature","properties":{"jobs":0,"pop":12,"pointCount":1,"homeWorkCommuteMedian":20683,"workHomeCommuteMedian":-1},"geometry":{"type":"Polygon","coordinates":[[[21.099349961964798,56.42781302626489],[21.099349961964798,56.43680622990214],[21.108343165602044,56.43680622990214],[21.108343165602044,56.42781302626489],[21.099349961964798,56.42781302626489]]]}},{"type":"Feature","properties":{"jobs":8,"pop":0,"pointCount":1,"homeWorkCommuteMedian":-1,"workHomeCommuteMedian":63100},"geometry":{"type":"Polygon","coordinates":[[[21.099349961964798,56.43680622990214],[21.099349961964798,56.445799433539385],[21.108343165602044,56.445799433539385],[21.108343165602044,56.43680622990214],[21.099349961964798,56.43680622990214]]]}},{"type":"Feature","properties":{"jobs":0,"pop":12,"pointCount":1,"homeWorkCommuteMedian":13065,"workHomeCommuteMedian":-1},"geometry":{"type":"Polygon","coordinates":[[[21.099349961964798,56.47277904445112],[21.099349961964798,56.48177224808837],[21.108343165602044,56.48177224808837],[21.108343165602044,56.47277904445112],[21.099349961964798,56.47277904445112]]]}},{"type":"Feature","properties":{"jobs":0,"pop":23,"pointCount":1,"homeWorkCommuteMedian":7792,"workHomeCommuteMedian":-1},"geometry":{"type":"Polygon","coordinates":[[[21.099349961964798,56.49975865536286],[21.099349961964798,56.50875185900011],[21.108343165602044,56.50875185900011],[21.108343165602044,56.49975865536286],[21.099349961964798,56.49975865536286]]]}},{"type":"Feature","properties":{"jobs":97,"pop":0,"pointCount":2,"homeWorkCommuteMedian":-1,"workHomeCommuteMedian":44042},"geometry":{"type":"Polygon","coordinates":[[[21.099349961964798,56.51774506263735],[21.099349961964798,56.5267382662746],[21.108343165602044,56.5267382662746],[21.108343165602044,56.51774506263735],[21.099349961964798,56.51774506263735]]]}},{"type":"Feature","properties":{"jobs":1984,"pop":6,"pointCount":2,"homeWorkCommuteMedian":7247,"workHomeCommuteMedian":9624},"geometry":{"type":"Polygon","coordinates":[[[21.099349961964798,56.54472467354909],[21.099349961964798,56.55371787718634],[21.108343165602044,56.55371787718634],[21.108343165602044,56.54472467354909],[21.099349961964798,56.54472467354909]]]}},{"type":"Feature","properties":{"jobs":0,"pop":10,"pointCount":1,"homeWorkCommuteMedian":25801,"workHomeCommuteMedian":-1},"geometry":{"type":"Polygon","coordinates":[[[21.099349961964798,56.670629524470534],[21.099349961964798,56.67962272810778],[21.108343165602044,56.67962272810778],[21.108343165602044,56.670629524470534],[21.099349961964798,56.670629524470534]]]}},{"type":"Feature","properties":{"jobs":7,"pop":15,"pointCount":1,"homeWorkCommuteMedian":27516,"workHomeCommuteMedian":15798},"geometry":{"type":"Polygon","coordinates":[[[21.108343165602044,56.33788098989243],[21.108343165602044,56.34687419352968],[21.11733636923929,56.34687419352968],[21.11733636923929,56.33788098989243],[21.108343165602044,56.33788098989243]]]}},{"type":"Feature","properties":{"jobs":0,"pop":13,"pointCount":1,"homeWorkCommuteMedian":24185,"workHomeCommuteMedian":-1},"geometry":{"type":"Polygon","coordinates":[[[21.108343165602044,56.34687419352968],[21.108343165602044,56.355867397166925],[21.11733636923929,56.355867397166925],[21.11733636923929,56.34687419352968],[21.108343165602044,56.34687419352968]]]}},{"type":"Feature","properties":{"jobs":0,"pop":9,"pointCount":1,"homeWorkCommuteMedian":32647,"workHomeCommuteMedian":-1},"geometry":{"type":"Polygon","coordinates":[[[21.108343165602044,56.355867397166925],[21.108343165602044,56.36486060080417],[21.11733636923929,56.36486060080417],[21.11733636923929,56.355867397166925],[21.108343165602044,56.355867397166925]]]}},{"type":"Feature","properties":{"jobs":0,"pop":8,"pointCount":1,"homeWorkCommuteMedian":23727,"workHomeCommuteMedian":-1},"geometry":{"type":"Polygon","coordinates":[[[21.108343165602044,56.38284700807866],[21.108343165602044,56.39184021171591],[21.11733636923929,56.39184021171591],[21.11733636923929,56.38284700807866],[21.108343165602044,56.38284700807866]]]}},{"type":"Feature","properties":{"jobs":0,"pop":10,"pointCount":1,"homeWorkCommuteMedian":10564,"workHomeCommuteMedian":-1},"geometry":{"type":"Polygon","coordinates":[[[21.108343165602044,56.51774506263735],[21.108343165602044,56.5267382662746],[21.11733636923929,56.5267382662746],[21.11733636923929,56.51774506263735],[21.108343165602044,56.51774506263735]]]}},{"type":"Feature","properties":{"jobs":0,"pop":5,"pointCount":1,"homeWorkCommuteMedian":11446,"workHomeCommuteMedian":-1},"geometry":{"type":"Polygon","coordinates":[[[21.108343165602044,56.5267382662746],[21.108343165602044,56.535731469911845],[21.11733636923929,56.535731469911845],[21.11733636923929,56.5267382662746],[21.108343165602044,56.5267382662746]]]}},{"type":"Feature","properties":{"jobs":0,"pop":14,"pointCount":1,"homeWorkCommuteMedian":5053,"workHomeCommuteMedian":-1},"geometry":{"type":"Polygon","coordinates":[[[21.108343165602044,56.535731469911845],[21.108343165602044,56.54472467354909],[21.11733636923929,56.54472467354909],[21.11733636923929,56.535731469911845],[21.108343165602044,56.535731469911845]]]}},{"type":"Feature","properties":{"jobs":14,"pop":0,"pointCount":1,"homeWorkCommuteMedian":-1,"workHomeCommuteMedian":5298},"geometry":{"type":"Polygon","coordinates":[[[21.108343165602044,56.58969069173532],[21.108343165602044,56.59868389537257],[21.11733636923929,56.59868389537257],[21.11733636923929,56.58969069173532],[21.108343165602044,56.58969069173532]]]}},{"type":"Feature","properties":{"jobs":0,"pop":6,"pointCount":1,"homeWorkCommuteMedian":19181,"workHomeCommuteMedian":-1},"geometry":{"type":"Polygon","coordinates":[[[21.108343165602044,56.61667030264706],[21.108343165602044,56.625663506284305],[21.11733636923929,56.625663506284305],[21.11733636923929,56.61667030264706],[21.108343165602044,56.61667030264706]]]}},{"type":"Feature","properties":{"jobs":0,"pop":6,"pointCount":1,"homeWorkCommuteMedian":70394,"workHomeCommuteMedian":-1},"geometry":{"type":"Polygon","coordinates":[[[21.108343165602044,56.625663506284305],[21.108343165602044,56.63465670992155],[21.11733636923929,56.63465670992155],[21.11733636923929,56.625663506284305],[21.108343165602044,56.625663506284305]]]}},{"type":"Feature","properties":{"jobs":19,"pop":0,"pointCount":2,"homeWorkCommuteMedian":-1,"workHomeCommuteMedian":4086},"geometry":{"type":"Polygon","coordinates":[[[21.11733636923929,56.36486060080417],[21.11733636923929,56.37385380444142],[21.126329572876536,56.37385380444142],[21.126329572876536,56.36486060080417],[21.11733636923929,56.36486060080417]]]}},{"type":"Feature","properties":{"jobs":0,"pop":12,"pointCount":1,"homeWorkCommuteMedian":2853,"workHomeCommuteMedian":-1},"geometry":{"type":"Polygon","coordinates":[[[21.11733636923929,56.37385380444142],[21.11733636923929,56.38284700807866],[21.126329572876536,56.38284700807866],[21.126329572876536,56.37385380444142],[21.11733636923929,56.37385380444142]]]}},{"type":"Feature","properties":{"jobs":5,"pop":6,"pointCount":1,"homeWorkCommuteMedian":9132,"workHomeCommuteMedian":5954},"geometry":{"type":"Polygon","coordinates":[[[21.11733636923929,56.51774506263735],[21.11733636923929,56.5267382662746],[21.126329572876536,56.5267382662746],[21.126329572876536,56.51774506263735],[21.11733636923929,56.51774506263735]]]}},{"type":"Feature","properties":{"jobs":0,"pop":11,"pointCount":1,"homeWorkCommuteMedian":5484,"workHomeCommuteMedian":-1},"geometry":{"type":"Polygon","coordinates":[[[21.11733636923929,56.535731469911845],[21.11733636923929,56.54472467354909],[21.126329572876536,56.54472467354909],[21.126329572876536,56.535731469911845],[21.11733636923929,56.535731469911845]]]}},{"type":"Feature","properties":{"jobs":57,"pop":0,"pointCount":1,"homeWorkCommuteMedian":-1,"workHomeCommuteMedian":10301},"geometry":{"type":"Polygon","coordinates":[[[21.11733636923929,56.61667030264706],[21.11733636923929,56.625663506284305],[21.126329572876536,56.625663506284305],[21.126329572876536,56.61667030264706],[21.11733636923929,56.61667030264706]]]}},{"type":"Feature","properties":{"jobs":28,"pop":37,"pointCount":2,"homeWorkCommuteMedian":19186,"workHomeCommuteMedian":17016},"geometry":{"type":"Polygon","coordinates":[[[21.11733636923929,56.625663506284305],[21.11733636923929,56.63465670992155],[21.126329572876536,56.63465670992155],[21.126329572876536,56.625663506284305],[21.11733636923929,56.625663506284305]]]}},{"type":"Feature","properties":{"jobs":0,"pop":10,"pointCount":1,"homeWorkCommuteMedian":15011,"workHomeCommuteMedian":-1},"geometry":{"type":"Polygon","coordinates":[[[21.11733636923929,56.65264311719604],[21.11733636923929,56.66163632083329],[21.126329572876536,56.66163632083329],[21.126329572876536,56.65264311719604],[21.11733636923929,56.65264311719604]]]}},{"type":"Feature","properties":{"jobs":0,"pop":6,"pointCount":1,"homeWorkCommuteMedian":4506,"workHomeCommuteMedian":-1},"geometry":{"type":"Polygon","coordinates":[[[21.126329572876536,56.34687419352968],[21.126329572876536,56.355867397166925],[21.13532277651378,56.355867397166925],[21.13532277651378,56.34687419352968],[21.126329572876536,56.34687419352968]]]}},{"type":"Feature","properties":{"jobs":0,"pop":55,"pointCount":1,"homeWorkCommuteMedian":26924,"workHomeCommuteMedian":-1},"geometry":{"type":"Polygon","coordinates":[[[21.126329572876536,56.355867397166925],[21.126329572876536,56.36486060080417],[21.13532277651378,56.36486060080417],[21.13532277651378,56.355867397166925],[21.126329572876536,56.355867397166925]]]}},{"type":"Feature","properties":{"jobs":79,"pop":6,"pointCount":2,"homeWorkCommuteMedian":3060,"workHomeCommuteMedian":8804},"geometry":{"type":"Polygon","coordinates":[[[21.126329572876536,56.5267382662746],[21.126329572876536,56.535731469911845],[21.13532277651378,56.535731469911845],[21.13532277651378,56.5267382662746],[21.126329572876536,56.5267382662746]]]}},{"type":"Feature","properties":{"jobs":0,"pop":29,"pointCount":2,"homeWorkCommuteMedian":3209,"workHomeCommuteMedian":-1},"geometry":{"type":"Polygon","coordinates":[[[21.126329572876536,56.59868389537257],[21.126329572876536,56.60767709900981],[21.13532277651378,56.60767709900981],[21.13532277651378,56.59868389537257],[21.126329572876536,56.59868389537257]]]}},{"type":"Feature","properties":{"jobs":0,"pop":12,"pointCount":2,"homeWorkCommuteMedian":53161,"workHomeCommuteMedian":-1},"geometry":{"type":"Polygon","coordinates":[[[21.126329572876536,56.61667030264706],[21.126329572876536,56.625663506284305],[21.13532277651378,56.625663506284305],[21.13532277651378,56.61667030264706],[21.126329572876536,56.61667030264706]]]}},{"type":"Feature","properties":{"jobs":0,"pop":7,"pointCount":1,"homeWorkCommuteMedian":20379,"workHomeCommuteMedian":-1},"geometry":{"type":"Polygon","coordinates":[[[21.126329572876536,56.63465670992155],[21.126329572876536,56.6436499135588],[21.13532277651378,56.6436499135588],[21.13532277651378,56.63465670992155],[21.126329572876536,56.63465670992155]]]}},{"type":"Feature","properties":{"jobs":0,"pop":33,"pointCount":2,"homeWorkCommuteMedian":21820,"workHomeCommuteMedian":-1},"geometry":{"type":"Polygon","coordinates":[[[21.126329572876536,56.65264311719604],[21.126329572876536,56.66163632083329],[21.13532277651378,56.66163632083329],[21.13532277651378,56.65264311719604],[21.126329572876536,56.65264311719604]]]}},{"type":"Feature","properties":{"jobs":5,"pop":5,"pointCount":1,"homeWorkCommuteMedian":23437,"workHomeCommuteMedian":32490},"geometry":{"type":"Polygon","coordinates":[[[21.126329572876536,56.66163632083329],[21.126329572876536,56.670629524470534],[21.13532277651378,56.670629524470534],[21.13532277651378,56.66163632083329],[21.126329572876536,56.66163632083329]]]}},{"type":"Feature","properties":{"jobs":0,"pop":8,"pointCount":1,"homeWorkCommuteMedian":33548,"workHomeCommuteMedian":-1},"geometry":{"type":"Polygon","coordinates":[[[21.13532277651378,56.20298293533374],[21.13532277651378,56.21197613897099],[21.144315980151028,56.21197613897099],[21.144315980151028,56.20298293533374],[21.13532277651378,56.20298293533374]]]}},{"type":"Feature","properties":{"jobs":0,"pop":17,"pointCount":1,"homeWorkCommuteMedian":12903,"workHomeCommuteMedian":-1},"geometry":{"type":"Polygon","coordinates":[[[21.13532277651378,56.21197613897099],[21.13532277651378,56.220969342608235],[21.144315980151028,56.220969342608235],[21.144315980151028,56.21197613897099],[21.13532277651378,56.21197613897099]]]}},{"type":"Feature","properties":{"jobs":0,"pop":82,"pointCount":2,"homeWorkCommuteMedian":10650,"workHomeCommuteMedian":-1},"geometry":{"type":"Polygon","coordinates":[[[21.13532277651378,56.51774506263735],[21.13532277651378,56.5267382662746],[21.144315980151028,56.5267382662746],[21.144315980151028,56.51774506263735],[21.13532277651378,56.51774506263735]]]}},{"type":"Feature","properties":{"jobs":80,"pop":0,"pointCount":2,"homeWorkCommuteMedian":-1,"workHomeCommuteMedian":6168},"geometry":{"type":"Polygon","coordinates":[[[21.13532277651378,56.5267382662746],[21.13532277651378,56.535731469911845],[21.144315980151028,56.535731469911845],[21.144315980151028,56.5267382662746],[21.13532277651378,56.5267382662746]]]}},{"type":"Feature","properties":{"jobs":12,"pop":9,"pointCount":2,"homeWorkCommuteMedian":4822,"workHomeCommuteMedian":9017},"geometry":{"type":"Polygon","coordinates":[[[21.13532277651378,56.535731469911845],[21.13532277651378,56.54472467354909],[21.144315980151028,56.54472467354909],[21.144315980151028,56.535731469911845],[21.13532277651378,56.535731469911845]]]}},{"type":"Feature","properties":{"jobs":26,"pop":22,"pointCount":5,"homeWorkCommuteMedian":12067,"workHomeCommuteMedian":11487},"geometry":{"type":"Polygon","coordinates":[[[21.13532277651378,56.57170428446083],[21.13532277651378,56.580697488098075],[21.144315980151028,56.580697488098075],[21.144315980151028,56.57170428446083],[21.13532277651378,56.57170428446083]]]}},{"type":"Feature","properties":{"jobs":45,"pop":43,"pointCount":6,"homeWorkCommuteMedian":10820,"workHomeCommuteMedian":14325},"geometry":{"type":"Polygon","coordinates":[[[21.13532277651378,56.580697488098075],[21.13532277651378,56.58969069173532],[21.144315980151028,56.58969069173532],[21.144315980151028,56.580697488098075],[21.13532277651378,56.580697488098075]]]}},{"type":"Feature","properties":{"jobs":98,"pop":178,"pointCount":11,"homeWorkCommuteMedian":11397,"workHomeCommuteMedian":7731},"geometry":{"type":"Polygon","coordinates":[[[21.13532277651378,56.58969069173532],[21.13532277651378,56.59868389537257],[21.144315980151028,56.59868389537257],[21.144315980151028,56.58969069173532],[21.13532277651378,56.58969069173532]]]}},{"type":"Feature","properties":{"jobs":0,"pop":23,"pointCount":2,"homeWorkCommuteMedian":24870,"workHomeCommuteMedian":-1},"geometry":{"type":"Polygon","coordinates":[[[21.13532277651378,56.60767709900981],[21.13532277651378,56.61667030264706],[21.144315980151028,56.61667030264706],[21.144315980151028,56.60767709900981],[21.13532277651378,56.60767709900981]]]}},{"type":"Feature","properties":{"jobs":0,"pop":5,"pointCount":1,"homeWorkCommuteMedian":4098,"workHomeCommuteMedian":-1},"geometry":{"type":"Polygon","coordinates":[[[21.13532277651378,56.61667030264706],[21.13532277651378,56.625663506284305],[21.144315980151028,56.625663506284305],[21.144315980151028,56.61667030264706],[21.13532277651378,56.61667030264706]]]}},{"type":"Feature","properties":{"jobs":0,"pop":5,"pointCount":1,"homeWorkCommuteMedian":30266,"workHomeCommuteMedian":-1},"geometry":{"type":"Polygon","coordinates":[[[21.13532277651378,56.66163632083329],[21.13532277651378,56.670629524470534],[21.144315980151028,56.670629524470534],[21.144315980151028,56.66163632083329],[21.13532277651378,56.66163632083329]]]}},{"type":"Feature","properties":{"jobs":7,"pop":15,"pointCount":2,"homeWorkCommuteMedian":18280,"workHomeCommuteMedian":63092},"geometry":{"type":"Polygon","coordinates":[[[21.13532277651378,56.670629524470534],[21.13532277651378,56.67962272810778],[21.144315980151028,56.67962272810778],[21.144315980151028,56.670629524470534],[21.13532277651378,56.670629524470534]]]}},{"type":"Feature","properties":{"jobs":8,"pop":7,"pointCount":2,"homeWorkCommuteMedian":47962,"workHomeCommuteMedian":641},"geometry":{"type":"Polygon","coordinates":[[[21.144315980151028,56.14902371351027],[21.144315980151028,56.15801691714751],[21.153309183788274,56.15801691714751],[21.153309183788274,56.14902371351027],[21.144315980151028,56.14902371351027]]]}},{"type":"Feature","properties":{"jobs":0,"pop":11,"pointCount":1,"homeWorkCommuteMedian":33395,"workHomeCommuteMedian":-1},"geometry":{"type":"Polygon","coordinates":[[[21.144315980151028,56.36486060080417],[21.144315980151028,56.37385380444142],[21.153309183788274,56.37385380444142],[21.153309183788274,56.36486060080417],[21.144315980151028,56.36486060080417]]]}},{"type":"Feature","properties":{"jobs":0,"pop":16,"pointCount":2,"homeWorkCommuteMedian":16659,"workHomeCommuteMedian":-1},"geometry":{"type":"Polygon","coordinates":[[[21.144315980151028,56.50875185900011],[21.144315980151028,56.51774506263735],[21.153309183788274,56.51774506263735],[21.153309183788274,56.50875185900011],[21.144315980151028,56.50875185900011]]]}},{"type":"Feature","properties":{"jobs":28,"pop":0,"pointCount":1,"homeWorkCommuteMedian":-1,"workHomeCommuteMedian":11208},"geometry":{"type":"Polygon","coordinates":[[[21.144315980151028,56.51774506263735],[21.144315980151028,56.5267382662746],[21.153309183788274,56.5267382662746],[21.153309183788274,56.51774506263735],[21.144315980151028,56.51774506263735]]]}},{"type":"Feature","properties":{"jobs":278,"pop":95,"pointCount":8,"homeWorkCommuteMedian":10592,"workHomeCommuteMedian":14612},"geometry":{"type":"Polygon","coordinates":[[[21.144315980151028,56.5267382662746],[21.144315980151028,56.535731469911845],[21.153309183788274,56.535731469911845],[21.153309183788274,56.5267382662746],[21.144315980151028,56.5267382662746]]]}},{"type":"Feature","properties":{"jobs":207,"pop":53,"pointCount":4,"homeWorkCommuteMedian":10699,"workHomeCommuteMedian":25022},"geometry":{"type":"Polygon","coordinates":[[[21.144315980151028,56.535731469911845],[21.144315980151028,56.54472467354909],[21.153309183788274,56.54472467354909],[21.153309183788274,56.535731469911845],[21.144315980151028,56.535731469911845]]]}},{"type":"Feature","properties":{"jobs":79,"pop":0,"pointCount":1,"homeWorkCommuteMedian":-1,"workHomeCommuteMedian":8664},"geometry":{"type":"Polygon","coordinates":[[[21.144315980151028,56.55371787718634],[21.144315980151028,56.56271108082358],[21.153309183788274,56.56271108082358],[21.153309183788274,56.55371787718634],[21.144315980151028,56.55371787718634]]]}},{"type":"Feature","properties":{"jobs":0,"pop":70,"pointCount":2,"homeWorkCommuteMedian":12602,"workHomeCommuteMedian":-1},"geometry":{"type":"Polygon","coordinates":[[[21.144315980151028,56.56271108082358],[21.144315980151028,56.57170428446083],[21.153309183788274,56.57170428446083],[21.153309183788274,56.56271108082358],[21.144315980151028,56.56271108082358]]]}},{"type":"Feature","properties":{"jobs":37,"pop":0,"pointCount":2,"homeWorkCommuteMedian":-1,"workHomeCommuteMedian":6931},"geometry":{"type":"Polygon","coordinates":[[[21.144315980151028,56.57170428446083],[21.144315980151028,56.580697488098075],[21.153309183788274,56.580697488098075],[21.153309183788274,56.57170428446083],[21.144315980151028,56.57170428446083]]]}},{"type":"Feature","properties":{"jobs":18,"pop":0,"pointCount":1,"homeWorkCommuteMedian":-1,"workHomeCommuteMedian":11709},"geometry":{"type":"Polygon","coordinates":[[[21.144315980151028,56.58969069173532],[21.144315980151028,56.59868389537257],[21.153309183788274,56.59868389537257],[21.153309183788274,56.58969069173532],[21.144315980151028,56.58969069173532]]]}},{"type":"Feature","properties":{"jobs":0,"pop":11,"pointCount":1,"homeWorkCommuteMedian":43933,"workHomeCommuteMedian":-1},"geometry":{"type":"Polygon","coordinates":[[[21.144315980151028,56.60767709900981],[21.144315980151028,56.61667030264706],[21.153309183788274,56.61667030264706],[21.153309183788274,56.60767709900981],[21.144315980151028,56.60767709900981]]]}},{"type":"Feature","properties":{"jobs":8,"pop":0,"pointCount":1,"homeWorkCommuteMedian":-1,"workHomeCommuteMedian":35387},"geometry":{"type":"Polygon","coordinates":[[[21.144315980151028,56.61667030264706],[21.144315980151028,56.625663506284305],[21.153309183788274,56.625663506284305],[21.153309183788274,56.61667030264706],[21.144315980151028,56.61667030264706]]]}},{"type":"Feature","properties":{"jobs":0,"pop":12,"pointCount":1,"homeWorkCommuteMedian":20200,"workHomeCommuteMedian":-1},"geometry":{"type":"Polygon","coordinates":[[[21.144315980151028,56.625663506284305],[21.144315980151028,56.63465670992155],[21.153309183788274,56.63465670992155],[21.153309183788274,56.625663506284305],[21.144315980151028,56.625663506284305]]]}},{"type":"Feature","properties":{"jobs":0,"pop":11,"pointCount":1,"homeWorkCommuteMedian":17452,"workHomeCommuteMedian":-1},"geometry":{"type":"Polygon","coordinates":[[[21.144315980151028,56.66163632083329],[21.144315980151028,56.670629524470534],[21.153309183788274,56.670629524470534],[21.153309183788274,56.66163632083329],[21.144315980151028,56.66163632083329]]]}},{"type":"Feature","properties":{"jobs":10,"pop":15,"pointCount":3,"homeWorkCommuteMedian":17514,"workHomeCommuteMedian":7578},"geometry":{"type":"Polygon","coordinates":[[[21.144315980151028,56.67962272810778],[21.144315980151028,56.688615931745026],[21.153309183788274,56.688615931745026],[21.153309183788274,56.67962272810778],[21.144315980151028,56.67962272810778]]]}},{"type":"Feature","properties":{"jobs":0,"pop":25,"pointCount":1,"homeWorkCommuteMedian":13215,"workHomeCommuteMedian":-1},"geometry":{"type":"Polygon","coordinates":[[[21.153309183788274,56.131037306235775],[21.153309183788274,56.14003050987302],[21.16230238742552,56.14003050987302],[21.16230238742552,56.131037306235775],[21.153309183788274,56.131037306235775]]]}},{"type":"Feature","properties":{"jobs":21,"pop":12,"pointCount":3,"homeWorkCommuteMedian":39064,"workHomeCommuteMedian":45994},"geometry":{"type":"Polygon","coordinates":[[[21.153309183788274,56.14902371351027],[21.153309183788274,56.15801691714751],[21.16230238742552,56.15801691714751],[21.16230238742552,56.14902371351027],[21.153309183788274,56.14902371351027]]]}},{"type":"Feature","properties":{"jobs":22,"pop":108,"pointCount":12,"homeWorkCommuteMedian":12663,"workHomeCommuteMedian":43517},"geometry":{"type":"Polygon","coordinates":[[[21.153309183788274,56.15801691714751],[21.153309183788274,56.16701012078476],[21.16230238742552,56.16701012078476],[21.16230238742552,56.15801691714751],[21.153309183788274,56.15801691714751]]]}},{"type":"Feature","properties":{"jobs":0,"pop":20,"pointCount":2,"homeWorkCommuteMedian":45170,"workHomeCommuteMedian":-1},"geometry":{"type":"Polygon","coordinates":[[[21.153309183788274,56.16701012078476],[21.153309183788274,56.176003324422005],[21.16230238742552,56.176003324422005],[21.16230238742552,56.16701012078476],[21.153309183788274,56.16701012078476]]]}},{"type":"Feature","properties":{"jobs":21,"pop":6,"pointCount":2,"homeWorkCommuteMedian":41553,"workHomeCommuteMedian":3669},"geometry":{"type":"Polygon","coordinates":[[[21.153309183788274,56.176003324422005],[21.153309183788274,56.18499652805925],[21.16230238742552,56.18499652805925],[21.16230238742552,56.176003324422005],[21.153309183788274,56.176003324422005]]]}},{"type":"Feature","properties":{"jobs":14,"pop":8,"pointCount":2,"homeWorkCommuteMedian":7069,"workHomeCommuteMedian":9479},"geometry":{"type":"Polygon","coordinates":[[[21.153309183788274,56.50875185900011],[21.153309183788274,56.51774506263735],[21.16230238742552,56.51774506263735],[21.16230238742552,56.50875185900011],[21.153309183788274,56.50875185900011]]]}},{"type":"Feature","properties":{"jobs":9,"pop":19,"pointCount":2,"homeWorkCommuteMedian":11144,"workHomeCommuteMedian":11577},"geometry":{"type":"Polygon","coordinates":[[[21.153309183788274,56.51774506263735],[21.153309183788274,56.5267382662746],[21.16230238742552,56.5267382662746],[21.16230238742552,56.51774506263735],[21.153309183788274,56.51774506263735]]]}},{"type":"Feature","properties":{"jobs":1137,"pop":197,"pointCount":14,"homeWorkCommuteMedian":11813,"workHomeCommuteMedian":15178},"geometry":{"type":"Polygon","coordinates":[[[21.153309183788274,56.5267382662746],[21.153309183788274,56.535731469911845],[21.16230238742552,56.535731469911845],[21.16230238742552,56.5267382662746],[21.153309183788274,56.5267382662746]]]}},{"type":"Feature","properties":{"jobs":128,"pop":79,"pointCount":8,"homeWorkCommuteMedian":8986,"workHomeCommuteMedian":13529},"geometry":{"type":"Polygon","coordinates":[[[21.153309183788274,56.535731469911845],[21.153309183788274,56.54472467354909],[21.16230238742552,56.54472467354909],[21.16230238742552,56.535731469911845],[21.153309183788274,56.535731469911845]]]}},{"type":"Feature","properties":{"jobs":45,"pop":38,"pointCount":4,"homeWorkCommuteMedian":13381,"workHomeCommuteMedian":12016},"geometry":{"type":"Polygon","coordinates":[[[21.153309183788274,56.54472467354909],[21.153309183788274,56.55371787718634],[21.16230238742552,56.55371787718634],[21.16230238742552,56.54472467354909],[21.153309183788274,56.54472467354909]]]}},{"type":"Feature","properties":{"jobs":11,"pop":9,"pointCount":2,"homeWorkCommuteMedian":6122,"workHomeCommuteMedian":10701},"geometry":{"type":"Polygon","coordinates":[[[21.153309183788274,56.67962272810778],[21.153309183788274,56.688615931745026],[21.16230238742552,56.688615931745026],[21.16230238742552,56.67962272810778],[21.153309183788274,56.67962272810778]]]}},{"type":"Feature","properties":{"jobs":0,"pop":6,"pointCount":1,"homeWorkCommuteMedian":58532,"workHomeCommuteMedian":-1},"geometry":{"type":"Polygon","coordinates":[[[21.16230238742552,56.14003050987302],[21.16230238742552,56.14902371351027],[21.171295591062766,56.14902371351027],[21.171295591062766,56.14003050987302],[21.16230238742552,56.14003050987302]]]}},{"type":"Feature","properties":{"jobs":0,"pop":41,"pointCount":3,"homeWorkCommuteMedian":11684,"workHomeCommuteMedian":-1},"geometry":{"type":"Polygon","coordinates":[[[21.16230238742552,56.14902371351027],[21.16230238742552,56.15801691714751],[21.171295591062766,56.15801691714751],[21.171295591062766,56.14902371351027],[21.16230238742552,56.14902371351027]]]}},{"type":"Feature","properties":{"jobs":24,"pop":13,"pointCount":4,"homeWorkCommuteMedian":45268,"workHomeCommuteMedian":7030},"geometry":{"type":"Polygon","coordinates":[[[21.16230238742552,56.15801691714751],[21.16230238742552,56.16701012078476],[21.171295591062766,56.16701012078476],[21.171295591062766,56.15801691714751],[21.16230238742552,56.15801691714751]]]}},{"type":"Feature","properties":{"jobs":0,"pop":10,"pointCount":1,"homeWorkCommuteMedian":44204,"workHomeCommuteMedian":-1},"geometry":{"type":"Polygon","coordinates":[[[21.16230238742552,56.16701012078476],[21.16230238742552,56.176003324422005],[21.171295591062766,56.176003324422005],[21.171295591062766,56.16701012078476],[21.16230238742552,56.16701012078476]]]}},{"type":"Feature","properties":{"jobs":0,"pop":13,"pointCount":2,"homeWorkCommuteMedian":10170,"workHomeCommuteMedian":-1},"geometry":{"type":"Polygon","coordinates":[[[21.16230238742552,56.490765451725615],[21.16230238742552,56.49975865536286],[21.171295591062766,56.49975865536286],[21.171295591062766,56.490765451725615],[21.16230238742552,56.490765451725615]]]}},{"type":"Feature","properties":{"jobs":0,"pop":15,"pointCount":2,"homeWorkCommuteMedian":11460,"workHomeCommuteMedian":-1},"geometry":{"type":"Polygon","coordinates":[[[21.16230238742552,56.49975865536286],[21.16230238742552,56.50875185900011],[21.171295591062766,56.50875185900011],[21.171295591062766,56.49975865536286],[21.16230238742552,56.49975865536286]]]}},{"type":"Feature","properties":{"jobs":0,"pop":22,"pointCount":2,"homeWorkCommuteMedian":10470,"workHomeCommuteMedian":-1},"geometry":{"type":"Polygon","coordinates":[[[21.16230238742552,56.50875185900011],[21.16230238742552,56.51774506263735],[21.171295591062766,56.51774506263735],[21.171295591062766,56.50875185900011],[21.16230238742552,56.50875185900011]]]}},{"type":"Feature","properties":{"jobs":0,"pop":39,"pointCount":5,"homeWorkCommuteMedian":4574,"workHomeCommuteMedian":-1},"geometry":{"type":"Polygon","coordinates":[[[21.16230238742552,56.51774506263735],[21.16230238742552,56.5267382662746],[21.171295591062766,56.5267382662746],[21.171295591062766,56.51774506263735],[21.16230238742552,56.51774506263735]]]}},{"type":"Feature","properties":{"jobs":451,"pop":97,"pointCount":13,"homeWorkCommuteMedian":6265,"workHomeCommuteMedian":12210},"geometry":{"type":"Polygon","coordinates":[[[21.16230238742552,56.5267382662746],[21.16230238742552,56.535731469911845],[21.171295591062766,56.535731469911845],[21.171295591062766,56.5267382662746],[21.16230238742552,56.5267382662746]]]}},{"type":"Feature","properties":{"jobs":238,"pop":311,"pointCount":20,"homeWorkCommuteMedian":8088,"workHomeCommuteMedian":9980},"geometry":{"type":"Polygon","coordinates":[[[21.16230238742552,56.535731469911845],[21.16230238742552,56.54472467354909],[21.171295591062766,56.54472467354909],[21.171295591062766,56.535731469911845],[21.16230238742552,56.535731469911845]]]}},{"type":"Feature","properties":{"jobs":0,"pop":8,"pointCount":1,"homeWorkCommuteMedian":8455,"workHomeCommuteMedian":-1},"geometry":{"type":"Polygon","coordinates":[[[21.16230238742552,56.54472467354909],[21.16230238742552,56.55371787718634],[21.171295591062766,56.55371787718634],[21.171295591062766,56.54472467354909],[21.16230238742552,56.54472467354909]]]}},{"type":"Feature","properties":{"jobs":0,"pop":7,"pointCount":1,"homeWorkCommuteMedian":14610,"workHomeCommuteMedian":-1},"geometry":{"type":"Polygon","coordinates":[[[21.16230238742552,56.625663506284305],[21.16230238742552,56.63465670992155],[21.171295591062766,56.63465670992155],[21.171295591062766,56.625663506284305],[21.16230238742552,56.625663506284305]]]}},{"type":"Feature","properties":{"jobs":0,"pop":11,"pointCount":2,"homeWorkCommuteMedian":24902,"workHomeCommuteMedian":-1},"geometry":{"type":"Polygon","coordinates":[[[21.16230238742552,56.688615931745026],[21.16230238742552,56.69760913538227],[21.171295591062766,56.69760913538227],[21.171295591062766,56.688615931745026],[21.16230238742552,56.688615931745026]]]}},{"type":"Feature","properties":{"jobs":0,"pop":8,"pointCount":1,"homeWorkCommuteMedian":40682,"workHomeCommuteMedian":-1},"geometry":{"type":"Polygon","coordinates":[[[21.16230238742552,56.69760913538227],[21.16230238742552,56.70660233901952],[21.171295591062766,56.70660233901952],[21.171295591062766,56.69760913538227],[21.16230238742552,56.69760913538227]]]}},{"type":"Feature","properties":{"jobs":0,"pop":16,"pointCount":2,"homeWorkCommuteMedian":9424,"workHomeCommuteMedian":-1},"geometry":{"type":"Polygon","coordinates":[[[21.171295591062766,56.14902371351027],[21.171295591062766,56.15801691714751],[21.18028879470001,56.15801691714751],[21.18028879470001,56.14902371351027],[21.171295591062766,56.14902371351027]]]}},{"type":"Feature","properties":{"jobs":0,"pop":25,"pointCount":1,"homeWorkCommuteMedian":43164,"workHomeCommuteMedian":-1},"geometry":{"type":"Polygon","coordinates":[[[21.171295591062766,56.176003324422005],[21.171295591062766,56.18499652805925],[21.18028879470001,56.18499652805925],[21.18028879470001,56.176003324422005],[21.171295591062766,56.176003324422005]]]}},{"type":"Feature","properties":{"jobs":0,"pop":5,"pointCount":1,"homeWorkCommuteMedian":11051,"workHomeCommuteMedian":-1},"geometry":{"type":"Polygon","coordinates":[[[21.171295591062766,56.47277904445112],[21.171295591062766,56.48177224808837],[21.18028879470001,56.48177224808837],[21.18028879470001,56.47277904445112],[21.171295591062766,56.47277904445112]]]}},{"type":"Feature","properties":{"jobs":0,"pop":22,"pointCount":3,"homeWorkCommuteMedian":19133,"workHomeCommuteMedian":-1},"geometry":{"type":"Polygon","coordinates":[[[21.171295591062766,56.48177224808837],[21.171295591062766,56.490765451725615],[21.18028879470001,56.490765451725615],[21.18028879470001,56.48177224808837],[21.171295591062766,56.48177224808837]]]}},{"type":"Feature","properties":{"jobs":0,"pop":5,"pointCount":1,"homeWorkCommuteMedian":7891,"workHomeCommuteMedian":-1},"geometry":{"type":"Polygon","coordinates":[[[21.171295591062766,56.490765451725615],[21.171295591062766,56.49975865536286],[21.18028879470001,56.49975865536286],[21.18028879470001,56.490765451725615],[21.171295591062766,56.490765451725615]]]}},{"type":"Feature","properties":{"jobs":0,"pop":9,"pointCount":1,"homeWorkCommuteMedian":8388,"workHomeCommuteMedian":-1},"geometry":{"type":"Polygon","coordinates":[[[21.171295591062766,56.49975865536286],[21.171295591062766,56.50875185900011],[21.18028879470001,56.50875185900011],[21.18028879470001,56.49975865536286],[21.171295591062766,56.49975865536286]]]}},{"type":"Feature","properties":{"jobs":0,"pop":6,"pointCount":1,"homeWorkCommuteMedian":2014,"workHomeCommuteMedian":-1},"geometry":{"type":"Polygon","coordinates":[[[21.171295591062766,56.50875185900011],[21.171295591062766,56.51774506263735],[21.18028879470001,56.51774506263735],[21.18028879470001,56.50875185900011],[21.171295591062766,56.50875185900011]]]}},{"type":"Feature","properties":{"jobs":0,"pop":25,"pointCount":3,"homeWorkCommuteMedian":11532,"workHomeCommuteMedian":-1},"geometry":{"type":"Polygon","coordinates":[[[21.171295591062766,56.51774506263735],[21.171295591062766,56.5267382662746],[21.18028879470001,56.5267382662746],[21.18028879470001,56.51774506263735],[21.171295591062766,56.51774506263735]]]}},{"type":"Feature","properties":{"jobs":53,"pop":341,"pointCount":20,"homeWorkCommuteMedian":9891,"workHomeCommuteMedian":14266},"geometry":{"type":"Polygon","coordinates":[[[21.171295591062766,56.5267382662746],[21.171295591062766,56.535731469911845],[21.18028879470001,56.535731469911845],[21.18028879470001,56.5267382662746],[21.171295591062766,56.5267382662746]]]}},{"type":"Feature","properties":{"jobs":25,"pop":168,"pointCount":12,"homeWorkCommuteMedian":6040,"workHomeCommuteMedian":11526},"geometry":{"type":"Polygon","coordinates":[[[21.171295591062766,56.535731469911845],[21.171295591062766,56.54472467354909],[21.18028879470001,56.54472467354909],[21.18028879470001,56.535731469911845],[21.171295591062766,56.535731469911845]]]}},{"type":"Feature","properties":{"jobs":0,"pop":5,"pointCount":1,"homeWorkCommuteMedian":24268,"workHomeCommuteMedian":-1},"geometry":{"type":"Polygon","coordinates":[[[21.171295591062766,56.688615931745026],[21.171295591062766,56.69760913538227],[21.18028879470001,56.69760913538227],[21.18028879470001,56.688615931745026],[21.171295591062766,56.688615931745026]]]}},{"type":"Feature","properties":{"jobs":0,"pop":37,"pointCount":1,"homeWorkCommuteMedian":81757,"workHomeCommuteMedian":-1},"geometry":{"type":"Polygon","coordinates":[[[21.171295591062766,56.70660233901952],[21.171295591062766,56.715595542656764],[21.18028879470001,56.715595542656764],[21.18028879470001,56.70660233901952],[21.171295591062766,56.70660233901952]]]}},{"type":"Feature","properties":{"jobs":121,"pop":46,"pointCount":9,"homeWorkCommuteMedian":1185,"workHomeCommuteMedian":2165},"geometry":{"type":"Polygon","coordinates":[[[21.171295591062766,56.88646641176444],[21.171295591062766,56.895459615401684],[21.18028879470001,56.895459615401684],[21.18028879470001,56.88646641176444],[21.171295591062766,56.88646641176444]]]}},{"type":"Feature","properties":{"jobs":0,"pop":9,"pointCount":1,"homeWorkCommuteMedian":14604,"workHomeCommuteMedian":-1},"geometry":{"type":"Polygon","coordinates":[[[21.18028879470001,56.14902371351027],[21.18028879470001,56.15801691714751],[21.189281998337258,56.15801691714751],[21.189281998337258,56.14902371351027],[21.18028879470001,56.14902371351027]]]}},{"type":"Feature","properties":{"jobs":0,"pop":12,"pointCount":1,"homeWorkCommuteMedian":28637,"workHomeCommuteMedian":-1},"geometry":{"type":"Polygon","coordinates":[[[21.18028879470001,56.18499652805925],[21.18028879470001,56.1939897316965],[21.189281998337258,56.1939897316965],[21.189281998337258,56.18499652805925],[21.18028879470001,56.18499652805925]]]}},{"type":"Feature","properties":{"jobs":1,"pop":25,"pointCount":4,"homeWorkCommuteMedian":8548,"workHomeCommuteMedian":20268},"geometry":{"type":"Polygon","coordinates":[[[21.18028879470001,56.48177224808837],[21.18028879470001,56.490765451725615],[21.189281998337258,56.490765451725615],[21.189281998337258,56.48177224808837],[21.18028879470001,56.48177224808837]]]}},{"type":"Feature","properties":{"jobs":0,"pop":12,"pointCount":1,"homeWorkCommuteMedian":35359,"workHomeCommuteMedian":-1},"geometry":{"type":"Polygon","coordinates":[[[21.18028879470001,56.50875185900011],[21.18028879470001,56.51774506263735],[21.189281998337258,56.51774506263735],[21.189281998337258,56.50875185900011],[21.18028879470001,56.50875185900011]]]}},{"type":"Feature","properties":{"jobs":132,"pop":137,"pointCount":16,"homeWorkCommuteMedian":3060,"workHomeCommuteMedian":11569},"geometry":{"type":"Polygon","coordinates":[[[21.18028879470001,56.5267382662746],[21.18028879470001,56.535731469911845],[21.189281998337258,56.535731469911845],[21.189281998337258,56.5267382662746],[21.18028879470001,56.5267382662746]]]}},{"type":"Feature","properties":{"jobs":46,"pop":139,"pointCount":8,"homeWorkCommuteMedian":4714,"workHomeCommuteMedian":10284},"geometry":{"type":"Polygon","coordinates":[[[21.18028879470001,56.535731469911845],[21.18028879470001,56.54472467354909],[21.189281998337258,56.54472467354909],[21.189281998337258,56.535731469911845],[21.18028879470001,56.535731469911845]]]}},{"type":"Feature","properties":{"jobs":12,"pop":15,"pointCount":1,"homeWorkCommuteMedian":22472,"workHomeCommuteMedian":19474},"geometry":{"type":"Polygon","coordinates":[[[21.18028879470001,56.67962272810778],[21.18028879470001,56.688615931745026],[21.189281998337258,56.688615931745026],[21.189281998337258,56.67962272810778],[21.18028879470001,56.67962272810778]]]}},{"type":"Feature","properties":{"jobs":0,"pop":7,"pointCount":1,"homeWorkCommuteMedian":19691,"workHomeCommuteMedian":-1},"geometry":{"type":"Polygon","coordinates":[[[21.18028879470001,56.688615931745026],[21.18028879470001,56.69760913538227],[21.189281998337258,56.69760913538227],[21.189281998337258,56.688615931745026],[21.18028879470001,56.688615931745026]]]}},{"type":"Feature","properties":{"jobs":21,"pop":26,"pointCount":1,"homeWorkCommuteMedian":28446,"workHomeCommuteMedian":65898},"geometry":{"type":"Polygon","coordinates":[[[21.18028879470001,56.70660233901952],[21.18028879470001,56.715595542656764],[21.189281998337258,56.715595542656764],[21.189281998337258,56.70660233901952],[21.18028879470001,56.70660233901952]]]}},{"type":"Feature","properties":{"jobs":33,"pop":20,"pointCount":4,"homeWorkCommuteMedian":775,"workHomeCommuteMedian":1835},"geometry":{"type":"Polygon","coordinates":[[[21.18028879470001,56.87747320812719],[21.18028879470001,56.88646641176444],[21.189281998337258,56.88646641176444],[21.189281998337258,56.87747320812719],[21.18028879470001,56.87747320812719]]]}},{"type":"Feature","properties":{"jobs":107,"pop":73,"pointCount":13,"homeWorkCommuteMedian":854,"workHomeCommuteMedian":1086},"geometry":{"type":"Polygon","coordinates":[[[21.18028879470001,56.88646641176444],[21.18028879470001,56.895459615401684],[21.189281998337258,56.895459615401684],[21.189281998337258,56.88646641176444],[21.18028879470001,56.88646641176444]]]}},{"type":"Feature","properties":{"jobs":0,"pop":33,"pointCount":1,"homeWorkCommuteMedian":48416,"workHomeCommuteMedian":-1},"geometry":{"type":"Polygon","coordinates":[[[21.189281998337258,56.14902371351027],[21.189281998337258,56.15801691714751],[21.198275201974504,56.15801691714751],[21.198275201974504,56.14902371351027],[21.189281998337258,56.14902371351027]]]}},{"type":"Feature","properties":{"jobs":3,"pop":20,"pointCount":3,"homeWorkCommuteMedian":47414,"workHomeCommuteMedian":7073},"geometry":{"type":"Polygon","coordinates":[[[21.189281998337258,56.18499652805925],[21.189281998337258,56.1939897316965],[21.198275201974504,56.1939897316965],[21.198275201974504,56.18499652805925],[21.189281998337258,56.18499652805925]]]}},{"type":"Feature","properties":{"jobs":0,"pop":6,"pointCount":1,"homeWorkCommuteMedian":5364,"workHomeCommuteMedian":-1},"geometry":{"type":"Polygon","coordinates":[[[21.189281998337258,56.28392176806896],[21.189281998337258,56.2929149717062],[21.198275201974504,56.2929149717062],[21.198275201974504,56.28392176806896],[21.189281998337258,56.28392176806896]]]}},{"type":"Feature","properties":{"jobs":177,"pop":20,"pointCount":3,"homeWorkCommuteMedian":17706,"workHomeCommuteMedian":13887},"geometry":{"type":"Polygon","coordinates":[[[21.189281998337258,56.48177224808837],[21.189281998337258,56.490765451725615],[21.198275201974504,56.490765451725615],[21.198275201974504,56.48177224808837],[21.189281998337258,56.48177224808837]]]}},{"type":"Feature","properties":{"jobs":0,"pop":13,"pointCount":2,"homeWorkCommuteMedian":31953,"workHomeCommuteMedian":-1},"geometry":{"type":"Polygon","coordinates":[[[21.189281998337258,56.49975865536286],[21.189281998337258,56.50875185900011],[21.198275201974504,56.50875185900011],[21.198275201974504,56.49975865536286],[21.189281998337258,56.49975865536286]]]}},{"type":"Feature","properties":{"jobs":10,"pop":6,"pointCount":3,"homeWorkCommuteMedian":10640,"workHomeCommuteMedian":2372},"geometry":{"type":"Polygon","coordinates":[[[21.189281998337258,56.50875185900011],[21.189281998337258,56.51774506263735],[21.198275201974504,56.51774506263735],[21.198275201974504,56.50875185900011],[21.189281998337258,56.50875185900011]]]}},{"type":"Feature","properties":{"jobs":25,"pop":16,"pointCount":3,"homeWorkCommuteMedian":14380,"workHomeCommuteMedian":12698},"geometry":{"type":"Polygon","coordinates":[[[21.189281998337258,56.51774506263735],[21.189281998337258,56.5267382662746],[21.198275201974504,56.5267382662746],[21.198275201974504,56.51774506263735],[21.189281998337258,56.51774506263735]]]}},{"type":"Feature","properties":{"jobs":56,"pop":44,"pointCount":6,"homeWorkCommuteMedian":11966,"workHomeCommuteMedian":1726},"geometry":{"type":"Polygon","coordinates":[[[21.189281998337258,56.5267382662746],[21.189281998337258,56.535731469911845],[21.198275201974504,56.535731469911845],[21.198275201974504,56.5267382662746],[21.189281998337258,56.5267382662746]]]}},{"type":"Feature","properties":{"jobs":164,"pop":11,"pointCount":6,"homeWorkCommuteMedian":16604,"workHomeCommuteMedian":12014},"geometry":{"type":"Polygon","coordinates":[[[21.189281998337258,56.535731469911845],[21.189281998337258,56.54472467354909],[21.198275201974504,56.54472467354909],[21.198275201974504,56.535731469911845],[21.189281998337258,56.535731469911845]]]}},{"type":"Feature","properties":{"jobs":0,"pop":6,"pointCount":1,"homeWorkCommuteMedian":2400,"workHomeCommuteMedian":-1},"geometry":{"type":"Polygon","coordinates":[[[21.189281998337258,56.670629524470534],[21.189281998337258,56.67962272810778],[21.198275201974504,56.67962272810778],[21.198275201974504,56.670629524470534],[21.189281998337258,56.670629524470534]]]}},{"type":"Feature","properties":{"jobs":5,"pop":20,"pointCount":1,"homeWorkCommuteMedian":21033,"workHomeCommuteMedian":27500},"geometry":{"type":"Polygon","coordinates":[[[21.189281998337258,56.67962272810778],[21.189281998337258,56.688615931745026],[21.198275201974504,56.688615931745026],[21.198275201974504,56.67962272810778],[21.189281998337258,56.67962272810778]]]}},{"type":"Feature","properties":{"jobs":0,"pop":44,"pointCount":6,"homeWorkCommuteMedian":20950,"workHomeCommuteMedian":-1},"geometry":{"type":"Polygon","coordinates":[[[21.189281998337258,56.688615931745026],[21.189281998337258,56.69760913538227],[21.198275201974504,56.69760913538227],[21.198275201974504,56.688615931745026],[21.189281998337258,56.688615931745026]]]}},{"type":"Feature","properties":{"jobs":67,"pop":49,"pointCount":6,"homeWorkCommuteMedian":22435,"workHomeCommuteMedian":10706},"geometry":{"type":"Polygon","coordinates":[[[21.189281998337258,56.69760913538227],[21.189281998337258,56.70660233901952],[21.198275201974504,56.70660233901952],[21.198275201974504,56.69760913538227],[21.189281998337258,56.69760913538227]]]}},{"type":"Feature","properties":{"jobs":0,"pop":29,"pointCount":1,"homeWorkCommuteMedian":32850,"workHomeCommuteMedian":-1},"geometry":{"type":"Polygon","coordinates":[[[21.189281998337258,56.70660233901952],[21.189281998337258,56.715595542656764],[21.198275201974504,56.715595542656764],[21.198275201974504,56.70660233901952],[21.189281998337258,56.70660233901952]]]}},{"type":"Feature","properties":{"jobs":0,"pop":15,"pointCount":1,"homeWorkCommuteMedian":45707,"workHomeCommuteMedian":-1},"geometry":{"type":"Polygon","coordinates":[[[21.189281998337258,56.868480004489946],[21.189281998337258,56.87747320812719],[21.198275201974504,56.87747320812719],[21.198275201974504,56.868480004489946],[21.189281998337258,56.868480004489946]]]}},{"type":"Feature","properties":{"jobs":16,"pop":36,"pointCount":6,"homeWorkCommuteMedian":2510,"workHomeCommuteMedian":54355},"geometry":{"type":"Polygon","coordinates":[[[21.189281998337258,56.87747320812719],[21.189281998337258,56.88646641176444],[21.198275201974504,56.88646641176444],[21.198275201974504,56.87747320812719],[21.189281998337258,56.87747320812719]]]}},{"type":"Feature","properties":{"jobs":11,"pop":0,"pointCount":1,"homeWorkCommuteMedian":-1,"workHomeCommuteMedian":3043},"geometry":{"type":"Polygon","coordinates":[[[21.198275201974504,56.15801691714751],[21.198275201974504,56.16701012078476],[21.20726840561175,56.16701012078476],[21.20726840561175,56.15801691714751],[21.198275201974504,56.15801691714751]]]}},{"type":"Feature","properties":{"jobs":0,"pop":5,"pointCount":1,"homeWorkCommuteMedian":47641,"workHomeCommuteMedian":-1},"geometry":{"type":"Polygon","coordinates":[[[21.198275201974504,56.1939897316965],[21.198275201974504,56.20298293533374],[21.20726840561175,56.20298293533374],[21.20726840561175,56.1939897316965],[21.198275201974504,56.1939897316965]]]}},{"type":"Feature","properties":{"jobs":0,"pop":6,"pointCount":1,"homeWorkCommuteMedian":31572,"workHomeCommuteMedian":-1},"geometry":{"type":"Polygon","coordinates":[[[21.198275201974504,56.27492856443171],[21.198275201974504,56.28392176806896],[21.20726840561175,56.28392176806896],[21.20726840561175,56.27492856443171],[21.198275201974504,56.27492856443171]]]}},{"type":"Feature","properties":{"jobs":171,"pop":230,"pointCount":15,"homeWorkCommuteMedian":12193,"workHomeCommuteMedian":18594},"geometry":{"type":"Polygon","coordinates":[[[21.198275201974504,56.47277904445112],[21.198275201974504,56.48177224808837],[21.20726840561175,56.48177224808837],[21.20726840561175,56.47277904445112],[21.198275201974504,56.47277904445112]]]}},{"type":"Feature","properties":{"jobs":0,"pop":5,"pointCount":1,"homeWorkCommuteMedian":1538,"workHomeCommuteMedian":-1},"geometry":{"type":"Polygon","coordinates":[[[21.198275201974504,56.48177224808837],[21.198275201974504,56.490765451725615],[21.20726840561175,56.490765451725615],[21.20726840561175,56.48177224808837],[21.198275201974504,56.48177224808837]]]}},{"type":"Feature","properties":{"jobs":0,"pop":10,"pointCount":1,"homeWorkCommuteMedian":3562,"workHomeCommuteMedian":-1},"geometry":{"type":"Polygon","coordinates":[[[21.198275201974504,56.490765451725615],[21.198275201974504,56.49975865536286],[21.20726840561175,56.49975865536286],[21.20726840561175,56.490765451725615],[21.198275201974504,56.490765451725615]]]}},{"type":"Feature","properties":{"jobs":32,"pop":0,"pointCount":3,"homeWorkCommuteMedian":-1,"workHomeCommuteMedian":6508},"geometry":{"type":"Polygon","coordinates":[[[21.198275201974504,56.49975865536286],[21.198275201974504,56.50875185900011],[21.20726840561175,56.50875185900011],[21.20726840561175,56.49975865536286],[21.198275201974504,56.49975865536286]]]}},{"type":"Feature","properties":{"jobs":0,"pop":10,"pointCount":1,"homeWorkCommuteMedian":8804,"workHomeCommuteMedian":-1},"geometry":{"type":"Polygon","coordinates":[[[21.198275201974504,56.50875185900011],[21.198275201974504,56.51774506263735],[21.20726840561175,56.51774506263735],[21.20726840561175,56.50875185900011],[21.198275201974504,56.50875185900011]]]}},{"type":"Feature","properties":{"jobs":31,"pop":29,"pointCount":3,"homeWorkCommuteMedian":9922,"workHomeCommuteMedian":12639},"geometry":{"type":"Polygon","coordinates":[[[21.198275201974504,56.535731469911845],[21.198275201974504,56.54472467354909],[21.20726840561175,56.54472467354909],[21.20726840561175,56.535731469911845],[21.198275201974504,56.535731469911845]]]}},{"type":"Feature","properties":{"jobs":25,"pop":0,"pointCount":2,"homeWorkCommuteMedian":-1,"workHomeCommuteMedian":14078},"geometry":{"type":"Polygon","coordinates":[[[21.198275201974504,56.688615931745026],[21.198275201974504,56.69760913538227],[21.20726840561175,56.69760913538227],[21.20726840561175,56.688615931745026],[21.198275201974504,56.688615931745026]]]}},{"type":"Feature","properties":{"jobs":0,"pop":42,"pointCount":6,"homeWorkCommuteMedian":11375,"workHomeCommuteMedian":-1},"geometry":{"type":"Polygon","coordinates":[[[21.198275201974504,56.69760913538227],[21.198275201974504,56.70660233901952],[21.20726840561175,56.70660233901952],[21.20726840561175,56.69760913538227],[21.198275201974504,56.69760913538227]]]}},{"type":"Feature","properties":{"jobs":0,"pop":9,"pointCount":1,"homeWorkCommuteMedian":41222,"workHomeCommuteMedian":-1},"geometry":{"type":"Polygon","coordinates":[[[21.198275201974504,56.84150039357821],[21.198275201974504,56.850493597215454],[21.20726840561175,56.850493597215454],[21.20726840561175,56.84150039357821],[21.198275201974504,56.84150039357821]]]}},{"type":"Feature","properties":{"jobs":7,"pop":38,"pointCount":3,"homeWorkCommuteMedian":5200,"workHomeCommuteMedian":2988},"geometry":{"type":"Polygon","coordinates":[[[21.198275201974504,56.850493597215454],[21.198275201974504,56.8594868008527],[21.20726840561175,56.8594868008527],[21.20726840561175,56.850493597215454],[21.198275201974504,56.850493597215454]]]}},{"type":"Feature","properties":{"jobs":0,"pop":5,"pointCount":1,"homeWorkCommuteMedian":46748,"workHomeCommuteMedian":-1},"geometry":{"type":"Polygon","coordinates":[[[21.198275201974504,56.8594868008527],[21.198275201974504,56.868480004489946],[21.20726840561175,56.868480004489946],[21.20726840561175,56.8594868008527],[21.198275201974504,56.8594868008527]]]}},{"type":"Feature","properties":{"jobs":44,"pop":111,"pointCount":6,"homeWorkCommuteMedian":45278,"workHomeCommuteMedian":41786},"geometry":{"type":"Polygon","coordinates":[[[21.198275201974504,56.87747320812719],[21.198275201974504,56.88646641176444],[21.20726840561175,56.88646641176444],[21.20726840561175,56.87747320812719],[21.198275201974504,56.87747320812719]]]}},{"type":"Feature","properties":{"jobs":0,"pop":10,"pointCount":1,"homeWorkCommuteMedian":17880,"workHomeCommuteMedian":-1},"geometry":{"type":"Polygon","coordinates":[[[21.20726840561175,56.490765451725615],[21.20726840561175,56.49975865536286],[21.216261609248996,56.49975865536286],[21.216261609248996,56.490765451725615],[21.20726840561175,56.490765451725615]]]}},{"type":"Feature","properties":{"jobs":7,"pop":0,"pointCount":1,"homeWorkCommuteMedian":-1,"workHomeCommuteMedian":21927},"geometry":{"type":"Polygon","coordinates":[[[21.20726840561175,56.58969069173532],[21.20726840561175,56.59868389537257],[21.216261609248996,56.59868389537257],[21.216261609248996,56.58969069173532],[21.20726840561175,56.58969069173532]]]}},{"type":"Feature","properties":{"jobs":0,"pop":20,"pointCount":1,"homeWorkCommuteMedian":18176,"workHomeCommuteMedian":-1},"geometry":{"type":"Polygon","coordinates":[[[21.20726840561175,56.625663506284305],[21.20726840561175,56.63465670992155],[21.216261609248996,56.63465670992155],[21.216261609248996,56.625663506284305],[21.20726840561175,56.625663506284305]]]}},{"type":"Feature","properties":{"jobs":6,"pop":23,"pointCount":4,"homeWorkCommuteMedian":24324,"workHomeCommuteMedian":63049},"geometry":{"type":"Polygon","coordinates":[[[21.20726840561175,56.688615931745026],[21.20726840561175,56.69760913538227],[21.216261609248996,56.69760913538227],[21.216261609248996,56.688615931745026],[21.20726840561175,56.688615931745026]]]}},{"type":"Feature","properties":{"jobs":0,"pop":20,"pointCount":2,"homeWorkCommuteMedian":45147,"workHomeCommuteMedian":-1},"geometry":{"type":"Polygon","coordinates":[[[21.20726840561175,56.84150039357821],[21.20726840561175,56.850493597215454],[21.216261609248996,56.850493597215454],[21.216261609248996,56.84150039357821],[21.20726840561175,56.84150039357821]]]}},{"type":"Feature","properties":{"jobs":19,"pop":22,"pointCount":3,"homeWorkCommuteMedian":5612,"workHomeCommuteMedian":582},"geometry":{"type":"Polygon","coordinates":[[[21.20726840561175,56.850493597215454],[21.20726840561175,56.8594868008527],[21.216261609248996,56.8594868008527],[21.216261609248996,56.850493597215454],[21.20726840561175,56.850493597215454]]]}},{"type":"Feature","properties":{"jobs":0,"pop":6,"pointCount":1,"homeWorkCommuteMedian":548,"workHomeCommuteMedian":-1},"geometry":{"type":"Polygon","coordinates":[[[21.20726840561175,56.8594868008527],[21.20726840561175,56.868480004489946],[21.216261609248996,56.868480004489946],[21.216261609248996,56.8594868008527],[21.20726840561175,56.8594868008527]]]}},{"type":"Feature","properties":{"jobs":30,"pop":42,"pointCount":5,"homeWorkCommuteMedian":43260,"workHomeCommuteMedian":5200},"geometry":{"type":"Polygon","coordinates":[[[21.20726840561175,56.868480004489946],[21.20726840561175,56.87747320812719],[21.216261609248996,56.87747320812719],[21.216261609248996,56.868480004489946],[21.20726840561175,56.868480004489946]]]}},{"type":"Feature","properties":{"jobs":7,"pop":64,"pointCount":6,"homeWorkCommuteMedian":2307,"workHomeCommuteMedian":50796},"geometry":{"type":"Polygon","coordinates":[[[21.20726840561175,56.87747320812719],[21.20726840561175,56.88646641176444],[21.216261609248996,56.88646641176444],[21.216261609248996,56.87747320812719],[21.20726840561175,56.87747320812719]]]}},{"type":"Feature","properties":{"jobs":7,"pop":0,"pointCount":1,"homeWorkCommuteMedian":-1,"workHomeCommuteMedian":90028},"geometry":{"type":"Polygon","coordinates":[[[21.216261609248996,56.16701012078476],[21.216261609248996,56.176003324422005],[21.22525481288624,56.176003324422005],[21.22525481288624,56.16701012078476],[21.216261609248996,56.16701012078476]]]}},{"type":"Feature","properties":{"jobs":6,"pop":9,"pointCount":1,"homeWorkCommuteMedian":24798,"workHomeCommuteMedian":23807},"geometry":{"type":"Polygon","coordinates":[[[21.216261609248996,56.41881982262765],[21.216261609248996,56.42781302626489],[21.22525481288624,56.42781302626489],[21.22525481288624,56.41881982262765],[21.216261609248996,56.41881982262765]]]}},{"type":"Feature","properties":{"jobs":19,"pop":12,"pointCount":2,"homeWorkCommuteMedian":6753,"workHomeCommuteMedian":10470},"geometry":{"type":"Polygon","coordinates":[[[21.216261609248996,56.42781302626489],[21.216261609248996,56.43680622990214],[21.22525481288624,56.43680622990214],[21.22525481288624,56.42781302626489],[21.216261609248996,56.42781302626489]]]}},{"type":"Feature","properties":{"jobs":0,"pop":21,"pointCount":1,"homeWorkCommuteMedian":8665,"workHomeCommuteMedian":-1},"geometry":{"type":"Polygon","coordinates":[[[21.216261609248996,56.490765451725615],[21.216261609248996,56.49975865536286],[21.22525481288624,56.49975865536286],[21.22525481288624,56.490765451725615],[21.216261609248996,56.490765451725615]]]}},{"type":"Feature","properties":{"jobs":14,"pop":52,"pointCount":4,"homeWorkCommuteMedian":15277,"workHomeCommuteMedian":14923},"geometry":{"type":"Polygon","coordinates":[[[21.216261609248996,56.5267382662746],[21.216261609248996,56.535731469911845],[21.22525481288624,56.535731469911845],[21.22525481288624,56.5267382662746],[21.216261609248996,56.5267382662746]]]}},{"type":"Feature","properties":{"jobs":9,"pop":7,"pointCount":1,"homeWorkCommuteMedian":13383,"workHomeCommuteMedian":21702},"geometry":{"type":"Polygon","coordinates":[[[21.216261609248996,56.61667030264706],[21.216261609248996,56.625663506284305],[21.22525481288624,56.625663506284305],[21.22525481288624,56.61667030264706],[21.216261609248996,56.61667030264706]]]}},{"type":"Feature","properties":{"jobs":12,"pop":0,"pointCount":1,"homeWorkCommuteMedian":-1,"workHomeCommuteMedian":3608},"geometry":{"type":"Polygon","coordinates":[[[21.216261609248996,56.69760913538227],[21.216261609248996,56.70660233901952],[21.22525481288624,56.70660233901952],[21.22525481288624,56.69760913538227],[21.216261609248996,56.69760913538227]]]}},{"type":"Feature","properties":{"jobs":0,"pop":12,"pointCount":2,"homeWorkCommuteMedian":5908,"workHomeCommuteMedian":-1},"geometry":{"type":"Polygon","coordinates":[[[21.216261609248996,56.850493597215454],[21.216261609248996,56.8594868008527],[21.22525481288624,56.8594868008527],[21.22525481288624,56.850493597215454],[21.216261609248996,56.850493597215454]]]}},{"type":"Feature","properties":{"jobs":19,"pop":16,"pointCount":2,"homeWorkCommuteMedian":47524,"workHomeCommuteMedian":2245},"geometry":{"type":"Polygon","coordinates":[[[21.216261609248996,56.8594868008527],[21.216261609248996,56.868480004489946],[21.22525481288624,56.868480004489946],[21.22525481288624,56.8594868008527],[21.216261609248996,56.8594868008527]]]}},{"type":"Feature","properties":{"jobs":12,"pop":0,"pointCount":1,"homeWorkCommuteMedian":-1,"workHomeCommuteMedian":50922},"geometry":{"type":"Polygon","coordinates":[[[21.216261609248996,56.868480004489946],[21.216261609248996,56.87747320812719],[21.22525481288624,56.87747320812719],[21.22525481288624,56.868480004489946],[21.216261609248996,56.868480004489946]]]}},{"type":"Feature","properties":{"jobs":5,"pop":0,"pointCount":1,"homeWorkCommuteMedian":-1,"workHomeCommuteMedian":51754},"geometry":{"type":"Polygon","coordinates":[[[21.216261609248996,56.87747320812719],[21.216261609248996,56.88646641176444],[21.22525481288624,56.88646641176444],[21.22525481288624,56.87747320812719],[21.216261609248996,56.87747320812719]]]}},{"type":"Feature","properties":{"jobs":0,"pop":7,"pointCount":1,"homeWorkCommuteMedian":47693,"workHomeCommuteMedian":-1},"geometry":{"type":"Polygon","coordinates":[[[21.216261609248996,56.88646641176444],[21.216261609248996,56.895459615401684],[21.22525481288624,56.895459615401684],[21.22525481288624,56.88646641176444],[21.216261609248996,56.88646641176444]]]}},{"type":"Feature","properties":{"jobs":11,"pop":0,"pointCount":1,"homeWorkCommuteMedian":-1,"workHomeCommuteMedian":29547},"geometry":{"type":"Polygon","coordinates":[[[21.22525481288624,56.5267382662746],[21.22525481288624,56.535731469911845],[21.234248016523487,56.535731469911845],[21.234248016523487,56.5267382662746],[21.22525481288624,56.5267382662746]]]}},{"type":"Feature","properties":{"jobs":14,"pop":8,"pointCount":1,"homeWorkCommuteMedian":20012,"workHomeCommuteMedian":30258},"geometry":{"type":"Polygon","coordinates":[[[21.22525481288624,56.54472467354909],[21.22525481288624,56.55371787718634],[21.234248016523487,56.55371787718634],[21.234248016523487,56.54472467354909],[21.22525481288624,56.54472467354909]]]}},{"type":"Feature","properties":{"jobs":49,"pop":9,"pointCount":2,"homeWorkCommuteMedian":26038,"workHomeCommuteMedian":17702},"geometry":{"type":"Polygon","coordinates":[[[21.22525481288624,56.58969069173532],[21.22525481288624,56.59868389537257],[21.234248016523487,56.59868389537257],[21.234248016523487,56.58969069173532],[21.22525481288624,56.58969069173532]]]}},{"type":"Feature","properties":{"jobs":0,"pop":33,"pointCount":1,"homeWorkCommuteMedian":8646,"workHomeCommuteMedian":-1},"geometry":{"type":"Polygon","coordinates":[[[21.22525481288624,56.850493597215454],[21.22525481288624,56.8594868008527],[21.234248016523487,56.8594868008527],[21.234248016523487,56.850493597215454],[21.22525481288624,56.850493597215454]]]}},{"type":"Feature","properties":{"jobs":25,"pop":0,"pointCount":1,"homeWorkCommuteMedian":-1,"workHomeCommuteMedian":4611},"geometry":{"type":"Polygon","coordinates":[[[21.22525481288624,56.8594868008527],[21.22525481288624,56.868480004489946],[21.234248016523487,56.868480004489946],[21.234248016523487,56.8594868008527],[21.22525481288624,56.8594868008527]]]}},{"type":"Feature","properties":{"jobs":0,"pop":7,"pointCount":1,"homeWorkCommuteMedian":52036,"workHomeCommuteMedian":-1},"geometry":{"type":"Polygon","coordinates":[[[21.22525481288624,56.88646641176444],[21.22525481288624,56.895459615401684],[21.234248016523487,56.895459615401684],[21.234248016523487,56.88646641176444],[21.22525481288624,56.88646641176444]]]}},{"type":"Feature","properties":{"jobs":0,"pop":5,"pointCount":1,"homeWorkCommuteMedian":10511,"workHomeCommuteMedian":-1},"geometry":{"type":"Polygon","coordinates":[[[21.234248016523487,56.24794895351997],[21.234248016523487,56.25694215715722],[21.243241220160733,56.25694215715722],[21.243241220160733,56.24794895351997],[21.234248016523487,56.24794895351997]]]}},{"type":"Feature","properties":{"jobs":0,"pop":24,"pointCount":1,"homeWorkCommuteMedian":16331,"workHomeCommuteMedian":-1},"geometry":{"type":"Polygon","coordinates":[[[21.234248016523487,56.39184021171591],[21.234248016523487,56.400833415353155],[21.243241220160733,56.400833415353155],[21.243241220160733,56.39184021171591],[21.234248016523487,56.39184021171591]]]}},{"type":"Feature","properties":{"jobs":13,"pop":10,"pointCount":1,"homeWorkCommuteMedian":8664,"workHomeCommuteMedian":42923},"geometry":{"type":"Polygon","coordinates":[[[21.234248016523487,56.5267382662746],[21.234248016523487,56.535731469911845],[21.243241220160733,56.535731469911845],[21.243241220160733,56.5267382662746],[21.234248016523487,56.5267382662746]]]}},{"type":"Feature","properties":{"jobs":0,"pop":25,"pointCount":2,"homeWorkCommuteMedian":15116,"workHomeCommuteMedian":-1},"geometry":{"type":"Polygon","coordinates":[[[21.234248016523487,56.55371787718634],[21.234248016523487,56.56271108082358],[21.243241220160733,56.56271108082358],[21.243241220160733,56.55371787718634],[21.234248016523487,56.55371787718634]]]}},{"type":"Feature","properties":{"jobs":0,"pop":9,"pointCount":1,"homeWorkCommuteMedian":14325,"workHomeCommuteMedian":-1},"geometry":{"type":"Polygon","coordinates":[[[21.234248016523487,56.57170428446083],[21.234248016523487,56.580697488098075],[21.243241220160733,56.580697488098075],[21.243241220160733,56.57170428446083],[21.234248016523487,56.57170428446083]]]}},{"type":"Feature","properties":{"jobs":26,"pop":43,"pointCount":6,"homeWorkCommuteMedian":29952,"workHomeCommuteMedian":5364},"geometry":{"type":"Polygon","coordinates":[[[21.243241220160733,56.25694215715722],[21.243241220160733,56.265935360794465],[21.25223442379798,56.265935360794465],[21.25223442379798,56.25694215715722],[21.243241220160733,56.25694215715722]]]}},{"type":"Feature","properties":{"jobs":0,"pop":5,"pointCount":1,"homeWorkCommuteMedian":344,"workHomeCommuteMedian":-1},"geometry":{"type":"Polygon","coordinates":[[[21.243241220160733,56.265935360794465],[21.243241220160733,56.27492856443171],[21.25223442379798,56.27492856443171],[21.25223442379798,56.265935360794465],[21.243241220160733,56.265935360794465]]]}},{"type":"Feature","properties":{"jobs":99,"pop":0,"pointCount":1,"homeWorkCommuteMedian":-1,"workHomeCommuteMedian":24887},"geometry":{"type":"Polygon","coordinates":[[[21.243241220160733,56.55371787718634],[21.243241220160733,56.56271108082358],[21.25223442379798,56.56271108082358],[21.25223442379798,56.55371787718634],[21.243241220160733,56.55371787718634]]]}},{"type":"Feature","properties":{"jobs":7,"pop":5,"pointCount":1,"homeWorkCommuteMedian":7540,"workHomeCommuteMedian":17502},"geometry":{"type":"Polygon","coordinates":[[[21.243241220160733,56.56271108082358],[21.243241220160733,56.57170428446083],[21.25223442379798,56.57170428446083],[21.25223442379798,56.56271108082358],[21.243241220160733,56.56271108082358]]]}},{"type":"Feature","properties":{"jobs":5,"pop":14,"pointCount":1,"homeWorkCommuteMedian":18549,"workHomeCommuteMedian":11278},"geometry":{"type":"Polygon","coordinates":[[[21.243241220160733,56.60767709900981],[21.243241220160733,56.61667030264706],[21.25223442379798,56.61667030264706],[21.25223442379798,56.60767709900981],[21.243241220160733,56.60767709900981]]]}},{"type":"Feature","properties":{"jobs":5,"pop":15,"pointCount":2,"homeWorkCommuteMedian":41423,"workHomeCommuteMedian":37708},"geometry":{"type":"Polygon","coordinates":[[[21.25223442379798,56.25694215715722],[21.25223442379798,56.265935360794465],[21.261227627435225,56.265935360794465],[21.261227627435225,56.25694215715722],[21.25223442379798,56.25694215715722]]]}},{"type":"Feature","properties":{"jobs":0,"pop":7,"pointCount":1,"homeWorkCommuteMedian":8750,"workHomeCommuteMedian":-1},"geometry":{"type":"Polygon","coordinates":[[[21.25223442379798,56.5267382662746],[21.25223442379798,56.535731469911845],[21.261227627435225,56.535731469911845],[21.261227627435225,56.5267382662746],[21.25223442379798,56.5267382662746]]]}},{"type":"Feature","properties":{"jobs":0,"pop":12,"pointCount":1,"homeWorkCommuteMedian":23056,"workHomeCommuteMedian":-1},"geometry":{"type":"Polygon","coordinates":[[[21.25223442379798,56.59868389537257],[21.25223442379798,56.60767709900981],[21.261227627435225,56.60767709900981],[21.261227627435225,56.59868389537257],[21.25223442379798,56.59868389537257]]]}},{"type":"Feature","properties":{"jobs":7,"pop":16,"pointCount":1,"homeWorkCommuteMedian":36890,"workHomeCommuteMedian":16069},"geometry":{"type":"Polygon","coordinates":[[[21.25223442379798,56.67962272810778],[21.25223442379798,56.688615931745026],[21.261227627435225,56.688615931745026],[21.261227627435225,56.67962272810778],[21.25223442379798,56.67962272810778]]]}},{"type":"Feature","properties":{"jobs":5,"pop":0,"pointCount":1,"homeWorkCommuteMedian":-1,"workHomeCommuteMedian":62040},"geometry":{"type":"Polygon","coordinates":[[[21.25223442379798,56.90445281903893],[21.25223442379798,56.913446022676176],[21.261227627435225,56.913446022676176],[21.261227627435225,56.90445281903893],[21.25223442379798,56.90445281903893]]]}},{"type":"Feature","properties":{"jobs":16,"pop":0,"pointCount":2,"homeWorkCommuteMedian":-1,"workHomeCommuteMedian":24230},"geometry":{"type":"Polygon","coordinates":[[[21.261227627435225,56.220969342608235],[21.261227627435225,56.22996254624548],[21.27022083107247,56.22996254624548],[21.27022083107247,56.220969342608235],[21.261227627435225,56.220969342608235]]]}},{"type":"Feature","properties":{"jobs":0,"pop":19,"pointCount":1,"homeWorkCommuteMedian":5241,"workHomeCommuteMedian":-1},"geometry":{"type":"Polygon","coordinates":[[[21.261227627435225,56.46378584081388],[21.261227627435225,56.47277904445112],[21.27022083107247,56.47277904445112],[21.27022083107247,56.46378584081388],[21.261227627435225,56.46378584081388]]]}},{"type":"Feature","properties":{"jobs":0,"pop":14,"pointCount":1,"homeWorkCommuteMedian":29304,"workHomeCommuteMedian":-1},"geometry":{"type":"Polygon","coordinates":[[[21.261227627435225,56.5267382662746],[21.261227627435225,56.535731469911845],[21.27022083107247,56.535731469911845],[21.27022083107247,56.5267382662746],[21.261227627435225,56.5267382662746]]]}},{"type":"Feature","properties":{"jobs":21,"pop":0,"pointCount":1,"homeWorkCommuteMedian":-1,"workHomeCommuteMedian":4177},"geometry":{"type":"Polygon","coordinates":[[[21.27022083107247,56.25694215715722],[21.27022083107247,56.265935360794465],[21.279214034709717,56.265935360794465],[21.279214034709717,56.25694215715722],[21.27022083107247,56.25694215715722]]]}},{"type":"Feature","properties":{"jobs":0,"pop":18,"pointCount":1,"homeWorkCommuteMedian":11150,"workHomeCommuteMedian":-1},"geometry":{"type":"Polygon","coordinates":[[[21.27022083107247,56.490765451725615],[21.27022083107247,56.49975865536286],[21.279214034709717,56.49975865536286],[21.279214034709717,56.490765451725615],[21.27022083107247,56.490765451725615]]]}},{"type":"Feature","properties":{"jobs":26,"pop":0,"pointCount":1,"homeWorkCommuteMedian":-1,"workHomeCommuteMedian":19368},"geometry":{"type":"Polygon","coordinates":[[[21.27022083107247,56.56271108082358],[21.27022083107247,56.57170428446083],[21.279214034709717,56.57170428446083],[21.279214034709717,56.56271108082358],[21.27022083107247,56.56271108082358]]]}},{"type":"Feature","properties":{"jobs":0,"pop":12,"pointCount":1,"homeWorkCommuteMedian":39880,"workHomeCommuteMedian":-1},"geometry":{"type":"Polygon","coordinates":[[[21.279214034709717,56.24794895351997],[21.279214034709717,56.25694215715722],[21.288207238346963,56.25694215715722],[21.288207238346963,56.24794895351997],[21.279214034709717,56.24794895351997]]]}},{"type":"Feature","properties":{"jobs":27,"pop":0,"pointCount":1,"homeWorkCommuteMedian":-1,"workHomeCommuteMedian":1526},"geometry":{"type":"Polygon","coordinates":[[[21.279214034709717,56.490765451725615],[21.279214034709717,56.49975865536286],[21.288207238346963,56.49975865536286],[21.288207238346963,56.490765451725615],[21.279214034709717,56.490765451725615]]]}},{"type":"Feature","properties":{"jobs":57,"pop":91,"pointCount":10,"homeWorkCommuteMedian":9349,"workHomeCommuteMedian":19864},"geometry":{"type":"Polygon","coordinates":[[[21.279214034709717,56.49975865536286],[21.279214034709717,56.50875185900011],[21.288207238346963,56.50875185900011],[21.288207238346963,56.49975865536286],[21.279214034709717,56.49975865536286]]]}},{"type":"Feature","properties":{"jobs":0,"pop":13,"pointCount":1,"homeWorkCommuteMedian":3850,"workHomeCommuteMedian":-1},"geometry":{"type":"Polygon","coordinates":[[[21.279214034709717,56.57170428446083],[21.279214034709717,56.580697488098075],[21.288207238346963,56.580697488098075],[21.288207238346963,56.57170428446083],[21.279214034709717,56.57170428446083]]]}},{"type":"Feature","properties":{"jobs":0,"pop":15,"pointCount":1,"homeWorkCommuteMedian":41996,"workHomeCommuteMedian":-1},"geometry":{"type":"Polygon","coordinates":[[[21.288207238346963,56.24794895351997],[21.288207238346963,56.25694215715722],[21.29720044198421,56.25694215715722],[21.29720044198421,56.24794895351997],[21.288207238346963,56.24794895351997]]]}},{"type":"Feature","properties":{"jobs":8,"pop":23,"pointCount":1,"homeWorkCommuteMedian":43123,"workHomeCommuteMedian":600},"geometry":{"type":"Polygon","coordinates":[[[21.288207238346963,56.25694215715722],[21.288207238346963,56.265935360794465],[21.29720044198421,56.265935360794465],[21.29720044198421,56.25694215715722],[21.288207238346963,56.25694215715722]]]}},{"type":"Feature","properties":{"jobs":0,"pop":11,"pointCount":1,"homeWorkCommuteMedian":21024,"workHomeCommuteMedian":-1},"geometry":{"type":"Polygon","coordinates":[[[21.288207238346963,56.490765451725615],[21.288207238346963,56.49975865536286],[21.29720044198421,56.49975865536286],[21.29720044198421,56.490765451725615],[21.288207238346963,56.490765451725615]]]}},{"type":"Feature","properties":{"jobs":0,"pop":13,"pointCount":1,"homeWorkCommuteMedian":8301,"workHomeCommuteMedian":-1},"geometry":{"type":"Polygon","coordinates":[[[21.288207238346963,56.49975865536286],[21.288207238346963,56.50875185900011],[21.29720044198421,56.50875185900011],[21.29720044198421,56.49975865536286],[21.288207238346963,56.49975865536286]]]}},{"type":"Feature","properties":{"jobs":6,"pop":11,"pointCount":2,"homeWorkCommuteMedian":21984,"workHomeCommuteMedian":59628},"geometry":{"type":"Polygon","coordinates":[[[21.288207238346963,56.57170428446083],[21.288207238346963,56.580697488098075],[21.29720044198421,56.580697488098075],[21.29720044198421,56.57170428446083],[21.288207238346963,56.57170428446083]]]}},{"type":"Feature","properties":{"jobs":14,"pop":0,"pointCount":1,"homeWorkCommuteMedian":-1,"workHomeCommuteMedian":5395},"geometry":{"type":"Polygon","coordinates":[[[21.29720044198421,56.32888778625519],[21.29720044198421,56.33788098989243],[21.306193645621455,56.33788098989243],[21.306193645621455,56.32888778625519],[21.29720044198421,56.32888778625519]]]}},{"type":"Feature","properties":{"jobs":0,"pop":13,"pointCount":1,"homeWorkCommuteMedian":16639,"workHomeCommuteMedian":-1},"geometry":{"type":"Polygon","coordinates":[[[21.29720044198421,56.490765451725615],[21.29720044198421,56.49975865536286],[21.306193645621455,56.49975865536286],[21.306193645621455,56.490765451725615],[21.29720044198421,56.490765451725615]]]}},{"type":"Feature","properties":{"jobs":0,"pop":9,"pointCount":1,"homeWorkCommuteMedian":17622,"workHomeCommuteMedian":-1},"geometry":{"type":"Polygon","coordinates":[[[21.29720044198421,56.49975865536286],[21.29720044198421,56.50875185900011],[21.306193645621455,56.50875185900011],[21.306193645621455,56.49975865536286],[21.29720044198421,56.49975865536286]]]}},{"type":"Feature","properties":{"jobs":0,"pop":15,"pointCount":1,"homeWorkCommuteMedian":17962,"workHomeCommuteMedian":-1},"geometry":{"type":"Polygon","coordinates":[[[21.29720044198421,56.55371787718634],[21.29720044198421,56.56271108082358],[21.306193645621455,56.56271108082358],[21.306193645621455,56.55371787718634],[21.29720044198421,56.55371787718634]]]}},{"type":"Feature","properties":{"jobs":35,"pop":9,"pointCount":2,"homeWorkCommuteMedian":29776,"workHomeCommuteMedian":51678},"geometry":{"type":"Polygon","coordinates":[[[21.29720044198421,56.63465670992155],[21.29720044198421,56.6436499135588],[21.306193645621455,56.6436499135588],[21.306193645621455,56.63465670992155],[21.29720044198421,56.63465670992155]]]}},{"type":"Feature","properties":{"jobs":10,"pop":28,"pointCount":1,"homeWorkCommuteMedian":24146,"workHomeCommuteMedian":16508},"geometry":{"type":"Polygon","coordinates":[[[21.29720044198421,56.70660233901952],[21.29720044198421,56.715595542656764],[21.306193645621455,56.715595542656764],[21.306193645621455,56.70660233901952],[21.29720044198421,56.70660233901952]]]}},{"type":"Feature","properties":{"jobs":7,"pop":0,"pointCount":1,"homeWorkCommuteMedian":-1,"workHomeCommuteMedian":25470},"geometry":{"type":"Polygon","coordinates":[[[21.306193645621455,56.2929149717062],[21.306193645621455,56.30190817534345],[21.3151868492587,56.30190817534345],[21.3151868492587,56.2929149717062],[21.306193645621455,56.2929149717062]]]}},{"type":"Feature","properties":{"jobs":0,"pop":34,"pointCount":1,"homeWorkCommuteMedian":37728,"workHomeCommuteMedian":-1},"geometry":{"type":"Polygon","coordinates":[[[21.306193645621455,56.32888778625519],[21.306193645621455,56.33788098989243],[21.3151868492587,56.33788098989243],[21.3151868492587,56.32888778625519],[21.306193645621455,56.32888778625519]]]}},{"type":"Feature","properties":{"jobs":0,"pop":10,"pointCount":1,"homeWorkCommuteMedian":9563,"workHomeCommuteMedian":-1},"geometry":{"type":"Polygon","coordinates":[[[21.306193645621455,56.355867397166925],[21.306193645621455,56.36486060080417],[21.3151868492587,56.36486060080417],[21.3151868492587,56.355867397166925],[21.306193645621455,56.355867397166925]]]}},{"type":"Feature","properties":{"jobs":12,"pop":0,"pointCount":1,"homeWorkCommuteMedian":-1,"workHomeCommuteMedian":4859},"geometry":{"type":"Polygon","coordinates":[[[21.306193645621455,56.54472467354909],[21.306193645621455,56.55371787718634],[21.3151868492587,56.55371787718634],[21.3151868492587,56.54472467354909],[21.306193645621455,56.54472467354909]]]}},{"type":"Feature","properties":{"jobs":19,"pop":16,"pointCount":2,"homeWorkCommuteMedian":19992,"workHomeCommuteMedian":22166},"geometry":{"type":"Polygon","coordinates":[[[21.306193645621455,56.63465670992155],[21.306193645621455,56.6436499135588],[21.3151868492587,56.6436499135588],[21.3151868492587,56.63465670992155],[21.306193645621455,56.63465670992155]]]}},{"type":"Feature","properties":{"jobs":0,"pop":18,"pointCount":1,"homeWorkCommuteMedian":11590,"workHomeCommuteMedian":-1},"geometry":{"type":"Polygon","coordinates":[[[21.306193645621455,56.6436499135588],[21.306193645621455,56.65264311719604],[21.3151868492587,56.65264311719604],[21.3151868492587,56.6436499135588],[21.306193645621455,56.6436499135588]]]}},{"type":"Feature","properties":{"jobs":0,"pop":15,"pointCount":1,"homeWorkCommuteMedian":38676,"workHomeCommuteMedian":-1},"geometry":{"type":"Polygon","coordinates":[[[21.306193645621455,56.688615931745026],[21.306193645621455,56.69760913538227],[21.3151868492587,56.69760913538227],[21.3151868492587,56.688615931745026],[21.306193645621455,56.688615931745026]]]}},{"type":"Feature","properties":{"jobs":0,"pop":6,"pointCount":1,"homeWorkCommuteMedian":29210,"workHomeCommuteMedian":-1},"geometry":{"type":"Polygon","coordinates":[[[21.306193645621455,56.69760913538227],[21.306193645621455,56.70660233901952],[21.3151868492587,56.70660233901952],[21.3151868492587,56.69760913538227],[21.306193645621455,56.69760913538227]]]}},{"type":"Feature","properties":{"jobs":31,"pop":64,"pointCount":7,"homeWorkCommuteMedian":25022,"workHomeCommuteMedian":25498},"geometry":{"type":"Polygon","coordinates":[[[21.3151868492587,56.34687419352968],[21.3151868492587,56.355867397166925],[21.324180052895947,56.355867397166925],[21.324180052895947,56.34687419352968],[21.3151868492587,56.34687419352968]]]}},{"type":"Feature","properties":{"jobs":8,"pop":0,"pointCount":1,"homeWorkCommuteMedian":-1,"workHomeCommuteMedian":63897},"geometry":{"type":"Polygon","coordinates":[[[21.3151868492587,56.355867397166925],[21.3151868492587,56.36486060080417],[21.324180052895947,56.36486060080417],[21.324180052895947,56.355867397166925],[21.3151868492587,56.355867397166925]]]}},{"type":"Feature","properties":{"jobs":0,"pop":7,"pointCount":1,"homeWorkCommuteMedian":20946,"workHomeCommuteMedian":-1},"geometry":{"type":"Polygon","coordinates":[[[21.3151868492587,56.490765451725615],[21.3151868492587,56.49975865536286],[21.324180052895947,56.49975865536286],[21.324180052895947,56.490765451725615],[21.3151868492587,56.490765451725615]]]}},{"type":"Feature","properties":{"jobs":0,"pop":12,"pointCount":1,"homeWorkCommuteMedian":32853,"workHomeCommuteMedian":-1},"geometry":{"type":"Polygon","coordinates":[[[21.3151868492587,56.63465670992155],[21.3151868492587,56.6436499135588],[21.324180052895947,56.6436499135588],[21.324180052895947,56.63465670992155],[21.3151868492587,56.63465670992155]]]}},{"type":"Feature","properties":{"jobs":0,"pop":12,"pointCount":1,"homeWorkCommuteMedian":20432,"workHomeCommuteMedian":-1},"geometry":{"type":"Polygon","coordinates":[[[21.3151868492587,56.6436499135588],[21.3151868492587,56.65264311719604],[21.324180052895947,56.65264311719604],[21.324180052895947,56.6436499135588],[21.3151868492587,56.6436499135588]]]}},{"type":"Feature","properties":{"jobs":5,"pop":25,"pointCount":2,"homeWorkCommuteMedian":30192,"workHomeCommuteMedian":40714},"geometry":{"type":"Polygon","coordinates":[[[21.3151868492587,56.66163632083329],[21.3151868492587,56.670629524470534],[21.324180052895947,56.670629524470534],[21.324180052895947,56.66163632083329],[21.3151868492587,56.66163632083329]]]}},{"type":"Feature","properties":{"jobs":0,"pop":12,"pointCount":2,"homeWorkCommuteMedian":32053,"workHomeCommuteMedian":-1},"geometry":{"type":"Polygon","coordinates":[[[21.3151868492587,56.670629524470534],[21.3151868492587,56.67962272810778],[21.324180052895947,56.67962272810778],[21.324180052895947,56.670629524470534],[21.3151868492587,56.670629524470534]]]}},{"type":"Feature","properties":{"jobs":9,"pop":0,"pointCount":1,"homeWorkCommuteMedian":-1,"workHomeCommuteMedian":34041},"geometry":{"type":"Polygon","coordinates":[[[21.3151868492587,56.67962272810778],[21.3151868492587,56.688615931745026],[21.324180052895947,56.688615931745026],[21.324180052895947,56.67962272810778],[21.3151868492587,56.67962272810778]]]}},{"type":"Feature","properties":{"jobs":8,"pop":0,"pointCount":1,"homeWorkCommuteMedian":-1,"workHomeCommuteMedian":397},"geometry":{"type":"Polygon","coordinates":[[[21.3151868492587,56.688615931745026],[21.3151868492587,56.69760913538227],[21.324180052895947,56.69760913538227],[21.324180052895947,56.688615931745026],[21.3151868492587,56.688615931745026]]]}},{"type":"Feature","properties":{"jobs":0,"pop":13,"pointCount":1,"homeWorkCommuteMedian":25550,"workHomeCommuteMedian":-1},"geometry":{"type":"Polygon","coordinates":[[[21.3151868492587,56.69760913538227],[21.3151868492587,56.70660233901952],[21.324180052895947,56.70660233901952],[21.324180052895947,56.69760913538227],[21.3151868492587,56.69760913538227]]]}},{"type":"Feature","properties":{"jobs":5,"pop":0,"pointCount":1,"homeWorkCommuteMedian":-1,"workHomeCommuteMedian":23829},"geometry":{"type":"Polygon","coordinates":[[[21.3151868492587,56.733581949931256],[21.3151868492587,56.7425751535685],[21.324180052895947,56.7425751535685],[21.324180052895947,56.733581949931256],[21.3151868492587,56.733581949931256]]]}},{"type":"Feature","properties":{"jobs":8,"pop":36,"pointCount":1,"homeWorkCommuteMedian":44049,"workHomeCommuteMedian":30288},"geometry":{"type":"Polygon","coordinates":[[[21.324180052895947,56.27492856443171],[21.324180052895947,56.28392176806896],[21.333173256533193,56.28392176806896],[21.333173256533193,56.27492856443171],[21.324180052895947,56.27492856443171]]]}},{"type":"Feature","properties":{"jobs":12,"pop":31,"pointCount":3,"homeWorkCommuteMedian":33213,"workHomeCommuteMedian":870},"geometry":{"type":"Polygon","coordinates":[[[21.324180052895947,56.34687419352968],[21.324180052895947,56.355867397166925],[21.333173256533193,56.355867397166925],[21.333173256533193,56.34687419352968],[21.324180052895947,56.34687419352968]]]}},{"type":"Feature","properties":{"jobs":12,"pop":21,"pointCount":1,"homeWorkCommuteMedian":15696,"workHomeCommuteMedian":5241},"geometry":{"type":"Polygon","coordinates":[[[21.324180052895947,56.47277904445112],[21.324180052895947,56.48177224808837],[21.333173256533193,56.48177224808837],[21.333173256533193,56.47277904445112],[21.324180052895947,56.47277904445112]]]}},{"type":"Feature","properties":{"jobs":0,"pop":7,"pointCount":1,"homeWorkCommuteMedian":15264,"workHomeCommuteMedian":-1},"geometry":{"type":"Polygon","coordinates":[[[21.324180052895947,56.490765451725615],[21.324180052895947,56.49975865536286],[21.333173256533193,56.49975865536286],[21.333173256533193,56.490765451725615],[21.324180052895947,56.490765451725615]]]}},{"type":"Feature","properties":{"jobs":0,"pop":28,"pointCount":4,"homeWorkCommuteMedian":21934,"workHomeCommuteMedian":-1},"geometry":{"type":"Polygon","coordinates":[[[21.324180052895947,56.57170428446083],[21.324180052895947,56.580697488098075],[21.333173256533193,56.580697488098075],[21.333173256533193,56.57170428446083],[21.324180052895947,56.57170428446083]]]}},{"type":"Feature","properties":{"jobs":7,"pop":11,"pointCount":3,"homeWorkCommuteMedian":1294,"workHomeCommuteMedian":1344},"geometry":{"type":"Polygon","coordinates":[[[21.324180052895947,56.580697488098075],[21.324180052895947,56.58969069173532],[21.333173256533193,56.58969069173532],[21.333173256533193,56.580697488098075],[21.324180052895947,56.580697488098075]]]}},{"type":"Feature","properties":{"jobs":0,"pop":9,"pointCount":1,"homeWorkCommuteMedian":30864,"workHomeCommuteMedian":-1},"geometry":{"type":"Polygon","coordinates":[[[21.324180052895947,56.6436499135588],[21.324180052895947,56.65264311719604],[21.333173256533193,56.65264311719604],[21.333173256533193,56.6436499135588],[21.324180052895947,56.6436499135588]]]}},{"type":"Feature","properties":{"jobs":0,"pop":9,"pointCount":1,"homeWorkCommuteMedian":28943,"workHomeCommuteMedian":-1},"geometry":{"type":"Polygon","coordinates":[[[21.324180052895947,56.66163632083329],[21.324180052895947,56.670629524470534],[21.333173256533193,56.670629524470534],[21.333173256533193,56.66163632083329],[21.324180052895947,56.66163632083329]]]}},{"type":"Feature","properties":{"jobs":39,"pop":65,"pointCount":9,"homeWorkCommuteMedian":25190,"workHomeCommuteMedian":31106},"geometry":{"type":"Polygon","coordinates":[[[21.324180052895947,56.67962272810778],[21.324180052895947,56.688615931745026],[21.333173256533193,56.688615931745026],[21.333173256533193,56.67962272810778],[21.324180052895947,56.67962272810778]]]}},{"type":"Feature","properties":{"jobs":20,"pop":0,"pointCount":2,"homeWorkCommuteMedian":-1,"workHomeCommuteMedian":50626},"geometry":{"type":"Polygon","coordinates":[[[21.324180052895947,56.688615931745026],[21.324180052895947,56.69760913538227],[21.333173256533193,56.69760913538227],[21.333173256533193,56.688615931745026],[21.324180052895947,56.688615931745026]]]}},{"type":"Feature","properties":{"jobs":0,"pop":35,"pointCount":1,"homeWorkCommuteMedian":41771,"workHomeCommuteMedian":-1},"geometry":{"type":"Polygon","coordinates":[[[21.333173256533193,56.2929149717062],[21.333173256533193,56.30190817534345],[21.34216646017044,56.30190817534345],[21.34216646017044,56.2929149717062],[21.333173256533193,56.2929149717062]]]}},{"type":"Feature","properties":{"jobs":0,"pop":12,"pointCount":1,"homeWorkCommuteMedian":37516,"workHomeCommuteMedian":-1},"geometry":{"type":"Polygon","coordinates":[[[21.333173256533193,56.34687419352968],[21.333173256533193,56.355867397166925],[21.34216646017044,56.355867397166925],[21.34216646017044,56.34687419352968],[21.333173256533193,56.34687419352968]]]}},{"type":"Feature","properties":{"jobs":0,"pop":19,"pointCount":2,"homeWorkCommuteMedian":37344,"workHomeCommuteMedian":-1},"geometry":{"type":"Polygon","coordinates":[[[21.333173256533193,56.355867397166925],[21.333173256533193,56.36486060080417],[21.34216646017044,56.36486060080417],[21.34216646017044,56.355867397166925],[21.333173256533193,56.355867397166925]]]}},{"type":"Feature","properties":{"jobs":0,"pop":50,"pointCount":2,"homeWorkCommuteMedian":24960,"workHomeCommuteMedian":-1},"geometry":{"type":"Polygon","coordinates":[[[21.333173256533193,56.48177224808837],[21.333173256533193,56.490765451725615],[21.34216646017044,56.490765451725615],[21.34216646017044,56.48177224808837],[21.333173256533193,56.48177224808837]]]}},{"type":"Feature","properties":{"jobs":8,"pop":0,"pointCount":1,"homeWorkCommuteMedian":-1,"workHomeCommuteMedian":10348},"geometry":{"type":"Polygon","coordinates":[[[21.333173256533193,56.5267382662746],[21.333173256533193,56.535731469911845],[21.34216646017044,56.535731469911845],[21.34216646017044,56.5267382662746],[21.333173256533193,56.5267382662746]]]}},{"type":"Feature","properties":{"jobs":91,"pop":27,"pointCount":6,"homeWorkCommuteMedian":22206,"workHomeCommuteMedian":6097},"geometry":{"type":"Polygon","coordinates":[[[21.333173256533193,56.57170428446083],[21.333173256533193,56.580697488098075],[21.34216646017044,56.580697488098075],[21.34216646017044,56.57170428446083],[21.333173256533193,56.57170428446083]]]}},{"type":"Feature","properties":{"jobs":29,"pop":113,"pointCount":7,"homeWorkCommuteMedian":21732,"workHomeCommuteMedian":25213},"geometry":{"type":"Polygon","coordinates":[[[21.333173256533193,56.580697488098075],[21.333173256533193,56.58969069173532],[21.34216646017044,56.58969069173532],[21.34216646017044,56.580697488098075],[21.333173256533193,56.580697488098075]]]}},{"type":"Feature","properties":{"jobs":5,"pop":11,"pointCount":2,"homeWorkCommuteMedian":29361,"workHomeCommuteMedian":17608},"geometry":{"type":"Polygon","coordinates":[[[21.333173256533193,56.6436499135588],[21.333173256533193,56.65264311719604],[21.34216646017044,56.65264311719604],[21.34216646017044,56.6436499135588],[21.333173256533193,56.6436499135588]]]}},{"type":"Feature","properties":{"jobs":5,"pop":0,"pointCount":1,"homeWorkCommuteMedian":-1,"workHomeCommuteMedian":3789},"geometry":{"type":"Polygon","coordinates":[[[21.333173256533193,56.65264311719604],[21.333173256533193,56.66163632083329],[21.34216646017044,56.66163632083329],[21.34216646017044,56.65264311719604],[21.333173256533193,56.65264311719604]]]}},{"type":"Feature","properties":{"jobs":0,"pop":18,"pointCount":2,"homeWorkCommuteMedian":36778,"workHomeCommuteMedian":-1},"geometry":{"type":"Polygon","coordinates":[[[21.333173256533193,56.67962272810778],[21.333173256533193,56.688615931745026],[21.34216646017044,56.688615931745026],[21.34216646017044,56.67962272810778],[21.333173256533193,56.67962272810778]]]}},{"type":"Feature","properties":{"jobs":0,"pop":30,"pointCount":2,"homeWorkCommuteMedian":36831,"workHomeCommuteMedian":-1},"geometry":{"type":"Polygon","coordinates":[[[21.333173256533193,56.688615931745026],[21.333173256533193,56.69760913538227],[21.34216646017044,56.69760913538227],[21.34216646017044,56.688615931745026],[21.333173256533193,56.688615931745026]]]}},{"type":"Feature","properties":{"jobs":0,"pop":9,"pointCount":1,"homeWorkCommuteMedian":4557,"workHomeCommuteMedian":-1},"geometry":{"type":"Polygon","coordinates":[[[21.333173256533193,56.7425751535685],[21.333173256533193,56.75156835720575],[21.34216646017044,56.75156835720575],[21.34216646017044,56.7425751535685],[21.333173256533193,56.7425751535685]]]}},{"type":"Feature","properties":{"jobs":16,"pop":0,"pointCount":1,"homeWorkCommuteMedian":-1,"workHomeCommuteMedian":2671},"geometry":{"type":"Polygon","coordinates":[[[21.34216646017044,56.34687419352968],[21.34216646017044,56.355867397166925],[21.351159663807685,56.355867397166925],[21.351159663807685,56.34687419352968],[21.34216646017044,56.34687419352968]]]}},{"type":"Feature","properties":{"jobs":22,"pop":0,"pointCount":1,"homeWorkCommuteMedian":-1,"workHomeCommuteMedian":13902},"geometry":{"type":"Polygon","coordinates":[[[21.34216646017044,56.63465670992155],[21.34216646017044,56.6436499135588],[21.351159663807685,56.6436499135588],[21.351159663807685,56.63465670992155],[21.34216646017044,56.63465670992155]]]}},{"type":"Feature","properties":{"jobs":0,"pop":9,"pointCount":1,"homeWorkCommuteMedian":45263,"workHomeCommuteMedian":-1},"geometry":{"type":"Polygon","coordinates":[[[21.34216646017044,56.7425751535685],[21.34216646017044,56.75156835720575],[21.351159663807685,56.75156835720575],[21.351159663807685,56.7425751535685],[21.34216646017044,56.7425751535685]]]}},{"type":"Feature","properties":{"jobs":0,"pop":31,"pointCount":1,"homeWorkCommuteMedian":29204,"workHomeCommuteMedian":-1},"geometry":{"type":"Polygon","coordinates":[[[21.351159663807685,56.33788098989243],[21.351159663807685,56.34687419352968],[21.36015286744493,56.34687419352968],[21.36015286744493,56.33788098989243],[21.351159663807685,56.33788098989243]]]}},{"type":"Feature","properties":{"jobs":0,"pop":15,"pointCount":1,"homeWorkCommuteMedian":40798,"workHomeCommuteMedian":-1},"geometry":{"type":"Polygon","coordinates":[[[21.351159663807685,56.355867397166925],[21.351159663807685,56.36486060080417],[21.36015286744493,56.36486060080417],[21.36015286744493,56.355867397166925],[21.351159663807685,56.355867397166925]]]}},{"type":"Feature","properties":{"jobs":10,"pop":5,"pointCount":1,"homeWorkCommuteMedian":20931,"workHomeCommuteMedian":35450},"geometry":{"type":"Polygon","coordinates":[[[21.351159663807685,56.6436499135588],[21.351159663807685,56.65264311719604],[21.36015286744493,56.65264311719604],[21.36015286744493,56.6436499135588],[21.351159663807685,56.6436499135588]]]}},{"type":"Feature","properties":{"jobs":0,"pop":7,"pointCount":1,"homeWorkCommuteMedian":36752,"workHomeCommuteMedian":-1},"geometry":{"type":"Polygon","coordinates":[[[21.351159663807685,56.688615931745026],[21.351159663807685,56.69760913538227],[21.36015286744493,56.69760913538227],[21.36015286744493,56.688615931745026],[21.351159663807685,56.688615931745026]]]}},{"type":"Feature","properties":{"jobs":0,"pop":25,"pointCount":1,"homeWorkCommuteMedian":4858,"workHomeCommuteMedian":-1},"geometry":{"type":"Polygon","coordinates":[[[21.351159663807685,56.7425751535685],[21.351159663807685,56.75156835720575],[21.36015286744493,56.75156835720575],[21.36015286744493,56.7425751535685],[21.351159663807685,56.7425751535685]]]}},{"type":"Feature","properties":{"jobs":0,"pop":24,"pointCount":2,"homeWorkCommuteMedian":26987,"workHomeCommuteMedian":-1},"geometry":{"type":"Polygon","coordinates":[[[21.36015286744493,56.48177224808837],[21.36015286744493,56.490765451725615],[21.369146071082177,56.490765451725615],[21.369146071082177,56.48177224808837],[21.36015286744493,56.48177224808837]]]}},{"type":"Feature","properties":{"jobs":9,"pop":0,"pointCount":1,"homeWorkCommuteMedian":-1,"workHomeCommuteMedian":21350},"geometry":{"type":"Polygon","coordinates":[[[21.36015286744493,56.490765451725615],[21.36015286744493,56.49975865536286],[21.369146071082177,56.49975865536286],[21.369146071082177,56.490765451725615],[21.36015286744493,56.490765451725615]]]}},{"type":"Feature","properties":{"jobs":0,"pop":9,"pointCount":1,"homeWorkCommuteMedian":24586,"workHomeCommuteMedian":-1},"geometry":{"type":"Polygon","coordinates":[[[21.36015286744493,56.54472467354909],[21.36015286744493,56.55371787718634],[21.369146071082177,56.55371787718634],[21.369146071082177,56.54472467354909],[21.36015286744493,56.54472467354909]]]}},{"type":"Feature","properties":{"jobs":23,"pop":27,"pointCount":4,"homeWorkCommuteMedian":23858,"workHomeCommuteMedian":1593},"geometry":{"type":"Polygon","coordinates":[[[21.36015286744493,56.580697488098075],[21.36015286744493,56.58969069173532],[21.369146071082177,56.58969069173532],[21.369146071082177,56.580697488098075],[21.36015286744493,56.580697488098075]]]}},{"type":"Feature","properties":{"jobs":0,"pop":20,"pointCount":2,"homeWorkCommuteMedian":25155,"workHomeCommuteMedian":-1},"geometry":{"type":"Polygon","coordinates":[[[21.36015286744493,56.58969069173532],[21.36015286744493,56.59868389537257],[21.369146071082177,56.59868389537257],[21.369146071082177,56.58969069173532],[21.36015286744493,56.58969069173532]]]}},{"type":"Feature","properties":{"jobs":0,"pop":7,"pointCount":1,"homeWorkCommuteMedian":49805,"workHomeCommuteMedian":-1},"geometry":{"type":"Polygon","coordinates":[[[21.36015286744493,56.59868389537257],[21.36015286744493,56.60767709900981],[21.369146071082177,56.60767709900981],[21.369146071082177,56.59868389537257],[21.36015286744493,56.59868389537257]]]}},{"type":"Feature","properties":{"jobs":0,"pop":26,"pointCount":2,"homeWorkCommuteMedian":23596,"workHomeCommuteMedian":-1},"geometry":{"type":"Polygon","coordinates":[[[21.369146071082177,56.48177224808837],[21.369146071082177,56.490765451725615],[21.378139274719423,56.490765451725615],[21.378139274719423,56.48177224808837],[21.369146071082177,56.48177224808837]]]}},{"type":"Feature","properties":{"jobs":0,"pop":10,"pointCount":1,"homeWorkCommuteMedian":28905,"workHomeCommuteMedian":-1},"geometry":{"type":"Polygon","coordinates":[[[21.369146071082177,56.490765451725615],[21.369146071082177,56.49975865536286],[21.378139274719423,56.49975865536286],[21.378139274719423,56.490765451725615],[21.369146071082177,56.490765451725615]]]}},{"type":"Feature","properties":{"jobs":11,"pop":15,"pointCount":1,"homeWorkCommuteMedian":24162,"workHomeCommuteMedian":30266},"geometry":{"type":"Polygon","coordinates":[[[21.369146071082177,56.49975865536286],[21.369146071082177,56.50875185900011],[21.378139274719423,56.50875185900011],[21.378139274719423,56.49975865536286],[21.369146071082177,56.49975865536286]]]}},{"type":"Feature","properties":{"jobs":0,"pop":16,"pointCount":1,"homeWorkCommuteMedian":23992,"workHomeCommuteMedian":-1},"geometry":{"type":"Polygon","coordinates":[[[21.369146071082177,56.54472467354909],[21.369146071082177,56.55371787718634],[21.378139274719423,56.55371787718634],[21.378139274719423,56.54472467354909],[21.369146071082177,56.54472467354909]]]}},{"type":"Feature","properties":{"jobs":0,"pop":25,"pointCount":1,"homeWorkCommuteMedian":22739,"workHomeCommuteMedian":-1},"geometry":{"type":"Polygon","coordinates":[[[21.369146071082177,56.55371787718634],[21.369146071082177,56.56271108082358],[21.378139274719423,56.56271108082358],[21.378139274719423,56.55371787718634],[21.369146071082177,56.55371787718634]]]}},{"type":"Feature","properties":{"jobs":0,"pop":7,"pointCount":1,"homeWorkCommuteMedian":21681,"workHomeCommuteMedian":-1},"geometry":{"type":"Polygon","coordinates":[[[21.369146071082177,56.57170428446083],[21.369146071082177,56.580697488098075],[21.378139274719423,56.580697488098075],[21.378139274719423,56.57170428446083],[21.369146071082177,56.57170428446083]]]}},{"type":"Feature","properties":{"jobs":80,"pop":66,"pointCount":11,"homeWorkCommuteMedian":24340,"workHomeCommuteMedian":1314},"geometry":{"type":"Polygon","coordinates":[[[21.369146071082177,56.580697488098075],[21.369146071082177,56.58969069173532],[21.378139274719423,56.58969069173532],[21.378139274719423,56.580697488098075],[21.369146071082177,56.580697488098075]]]}},{"type":"Feature","properties":{"jobs":0,"pop":13,"pointCount":2,"homeWorkCommuteMedian":26027,"workHomeCommuteMedian":-1},"geometry":{"type":"Polygon","coordinates":[[[21.369146071082177,56.58969069173532],[21.369146071082177,56.59868389537257],[21.378139274719423,56.59868389537257],[21.378139274719423,56.58969069173532],[21.369146071082177,56.58969069173532]]]}},{"type":"Feature","properties":{"jobs":21,"pop":27,"pointCount":1,"homeWorkCommuteMedian":30058,"workHomeCommuteMedian":5425},"geometry":{"type":"Polygon","coordinates":[[[21.369146071082177,56.59868389537257],[21.369146071082177,56.60767709900981],[21.378139274719423,56.60767709900981],[21.378139274719423,56.59868389537257],[21.369146071082177,56.59868389537257]]]}},{"type":"Feature","properties":{"jobs":43,"pop":25,"pointCount":4,"homeWorkCommuteMedian":3680,"workHomeCommuteMedian":4557},"geometry":{"type":"Polygon","coordinates":[[[21.369146071082177,56.733581949931256],[21.369146071082177,56.7425751535685],[21.378139274719423,56.7425751535685],[21.378139274719423,56.733581949931256],[21.369146071082177,56.733581949931256]]]}},{"type":"Feature","properties":{"jobs":0,"pop":7,"pointCount":1,"homeWorkCommuteMedian":25228,"workHomeCommuteMedian":-1},"geometry":{"type":"Polygon","coordinates":[[[21.378139274719423,56.49975865536286],[21.378139274719423,56.50875185900011],[21.38713247835667,56.50875185900011],[21.38713247835667,56.49975865536286],[21.378139274719423,56.49975865536286]]]}},{"type":"Feature","properties":{"jobs":0,"pop":8,"pointCount":1,"homeWorkCommuteMedian":5425,"workHomeCommuteMedian":-1},"geometry":{"type":"Polygon","coordinates":[[[21.378139274719423,56.56271108082358],[21.378139274719423,56.57170428446083],[21.38713247835667,56.57170428446083],[21.38713247835667,56.56271108082358],[21.378139274719423,56.56271108082358]]]}},{"type":"Feature","properties":{"jobs":0,"pop":12,"pointCount":1,"homeWorkCommuteMedian":26883,"workHomeCommuteMedian":-1},"geometry":{"type":"Polygon","coordinates":[[[21.378139274719423,56.57170428446083],[21.378139274719423,56.580697488098075],[21.38713247835667,56.580697488098075],[21.38713247835667,56.57170428446083],[21.378139274719423,56.57170428446083]]]}},{"type":"Feature","properties":{"jobs":0,"pop":61,"pointCount":4,"homeWorkCommuteMedian":27432,"workHomeCommuteMedian":-1},"geometry":{"type":"Polygon","coordinates":[[[21.378139274719423,56.580697488098075],[21.378139274719423,56.58969069173532],[21.38713247835667,56.58969069173532],[21.38713247835667,56.580697488098075],[21.378139274719423,56.580697488098075]]]}},{"type":"Feature","properties":{"jobs":5,"pop":0,"pointCount":1,"homeWorkCommuteMedian":-1,"workHomeCommuteMedian":26195},"geometry":{"type":"Polygon","coordinates":[[[21.378139274719423,56.58969069173532],[21.378139274719423,56.59868389537257],[21.38713247835667,56.59868389537257],[21.38713247835667,56.58969069173532],[21.378139274719423,56.58969069173532]]]}},{"type":"Feature","properties":{"jobs":10,"pop":0,"pointCount":1,"homeWorkCommuteMedian":-1,"workHomeCommuteMedian":4282},"geometry":{"type":"Polygon","coordinates":[[[21.378139274719423,56.70660233901952],[21.378139274719423,56.715595542656764],[21.38713247835667,56.715595542656764],[21.38713247835667,56.70660233901952],[21.378139274719423,56.70660233901952]]]}},{"type":"Feature","properties":{"jobs":0,"pop":14,"pointCount":1,"homeWorkCommuteMedian":35425,"workHomeCommuteMedian":-1},"geometry":{"type":"Polygon","coordinates":[[[21.378139274719423,56.715595542656764],[21.378139274719423,56.72458874629401],[21.38713247835667,56.72458874629401],[21.38713247835667,56.715595542656764],[21.378139274719423,56.715595542656764]]]}},{"type":"Feature","properties":{"jobs":53,"pop":0,"pointCount":2,"homeWorkCommuteMedian":-1,"workHomeCommuteMedian":14735},"geometry":{"type":"Polygon","coordinates":[[[21.378139274719423,56.72458874629401],[21.378139274719423,56.733581949931256],[21.38713247835667,56.733581949931256],[21.38713247835667,56.72458874629401],[21.378139274719423,56.72458874629401]]]}},{"type":"Feature","properties":{"jobs":62,"pop":87,"pointCount":5,"homeWorkCommuteMedian":23782,"workHomeCommuteMedian":9953},"geometry":{"type":"Polygon","coordinates":[[[21.378139274719423,56.733581949931256],[21.378139274719423,56.7425751535685],[21.38713247835667,56.7425751535685],[21.38713247835667,56.733581949931256],[21.378139274719423,56.733581949931256]]]}},{"type":"Feature","properties":{"jobs":17,"pop":49,"pointCount":2,"homeWorkCommuteMedian":1314,"workHomeCommuteMedian":361},"geometry":{"type":"Polygon","coordinates":[[[21.38713247835667,56.580697488098075],[21.38713247835667,56.58969069173532],[21.396125681993915,56.58969069173532],[21.396125681993915,56.580697488098075],[21.38713247835667,56.580697488098075]]]}},{"type":"Feature","properties":{"jobs":0,"pop":6,"pointCount":1,"homeWorkCommuteMedian":28447,"workHomeCommuteMedian":-1},"geometry":{"type":"Polygon","coordinates":[[[21.38713247835667,56.58969069173532],[21.38713247835667,56.59868389537257],[21.396125681993915,56.59868389537257],[21.396125681993915,56.58969069173532],[21.38713247835667,56.58969069173532]]]}},{"type":"Feature","properties":{"jobs":16,"pop":0,"pointCount":1,"homeWorkCommuteMedian":-1,"workHomeCommuteMedian":57274},"geometry":{"type":"Polygon","coordinates":[[[21.38713247835667,56.61667030264706],[21.38713247835667,56.625663506284305],[21.396125681993915,56.625663506284305],[21.396125681993915,56.61667030264706],[21.38713247835667,56.61667030264706]]]}},{"type":"Feature","properties":{"jobs":0,"pop":83,"pointCount":5,"homeWorkCommuteMedian":21927,"workHomeCommuteMedian":-1},"geometry":{"type":"Polygon","coordinates":[[[21.38713247835667,56.72458874629401],[21.38713247835667,56.733581949931256],[21.396125681993915,56.733581949931256],[21.396125681993915,56.72458874629401],[21.38713247835667,56.72458874629401]]]}},{"type":"Feature","properties":{"jobs":8,"pop":21,"pointCount":3,"homeWorkCommuteMedian":36671,"workHomeCommuteMedian":329},"geometry":{"type":"Polygon","coordinates":[[[21.38713247835667,56.733581949931256],[21.38713247835667,56.7425751535685],[21.396125681993915,56.7425751535685],[21.396125681993915,56.733581949931256],[21.38713247835667,56.733581949931256]]]}},{"type":"Feature","properties":{"jobs":8,"pop":0,"pointCount":1,"homeWorkCommuteMedian":-1,"workHomeCommuteMedian":42287},"geometry":{"type":"Polygon","coordinates":[[[21.396125681993915,56.72458874629401],[21.396125681993915,56.733581949931256],[21.40511888563116,56.733581949931256],[21.40511888563116,56.72458874629401],[21.396125681993915,56.72458874629401]]]}},{"type":"Feature","properties":{"jobs":12,"pop":12,"pointCount":2,"homeWorkCommuteMedian":3108,"workHomeCommuteMedian":4858},"geometry":{"type":"Polygon","coordinates":[[[21.396125681993915,56.7425751535685],[21.396125681993915,56.75156835720575],[21.40511888563116,56.75156835720575],[21.40511888563116,56.7425751535685],[21.396125681993915,56.7425751535685]]]}},{"type":"Feature","properties":{"jobs":7,"pop":0,"pointCount":1,"homeWorkCommuteMedian":-1,"workHomeCommuteMedian":26053},"geometry":{"type":"Polygon","coordinates":[[[21.396125681993915,56.895459615401684],[21.396125681993915,56.90445281903893],[21.40511888563116,56.90445281903893],[21.40511888563116,56.895459615401684],[21.396125681993915,56.895459615401684]]]}},{"type":"Feature","properties":{"jobs":0,"pop":5,"pointCount":1,"homeWorkCommuteMedian":384,"workHomeCommuteMedian":-1},"geometry":{"type":"Polygon","coordinates":[[[21.40511888563116,56.46378584081388],[21.40511888563116,56.47277904445112],[21.414112089268407,56.47277904445112],[21.414112089268407,56.46378584081388],[21.40511888563116,56.46378584081388]]]}},{"type":"Feature","properties":{"jobs":6,"pop":0,"pointCount":1,"homeWorkCommuteMedian":-1,"workHomeCommuteMedian":17098},"geometry":{"type":"Polygon","coordinates":[[[21.40511888563116,56.47277904445112],[21.40511888563116,56.48177224808837],[21.414112089268407,56.48177224808837],[21.414112089268407,56.47277904445112],[21.40511888563116,56.47277904445112]]]}},{"type":"Feature","properties":{"jobs":0,"pop":7,"pointCount":1,"homeWorkCommuteMedian":32027,"workHomeCommuteMedian":-1},"geometry":{"type":"Polygon","coordinates":[[[21.40511888563116,56.56271108082358],[21.40511888563116,56.57170428446083],[21.414112089268407,56.57170428446083],[21.414112089268407,56.56271108082358],[21.40511888563116,56.56271108082358]]]}},{"type":"Feature","properties":{"jobs":7,"pop":0,"pointCount":1,"homeWorkCommuteMedian":-1,"workHomeCommuteMedian":30943},"geometry":{"type":"Polygon","coordinates":[[[21.40511888563116,56.60767709900981],[21.40511888563116,56.61667030264706],[21.414112089268407,56.61667030264706],[21.414112089268407,56.60767709900981],[21.40511888563116,56.60767709900981]]]}},{"type":"Feature","properties":{"jobs":22,"pop":0,"pointCount":1,"homeWorkCommuteMedian":-1,"workHomeCommuteMedian":39772},"geometry":{"type":"Polygon","coordinates":[[[21.40511888563116,56.72458874629401],[21.40511888563116,56.733581949931256],[21.414112089268407,56.733581949931256],[21.414112089268407,56.72458874629401],[21.40511888563116,56.72458874629401]]]}},{"type":"Feature","properties":{"jobs":17,"pop":32,"pointCount":2,"homeWorkCommuteMedian":34289,"workHomeCommuteMedian":3680},"geometry":{"type":"Polygon","coordinates":[[[21.40511888563116,56.7425751535685],[21.40511888563116,56.75156835720575],[21.414112089268407,56.75156835720575],[21.414112089268407,56.7425751535685],[21.40511888563116,56.7425751535685]]]}},{"type":"Feature","properties":{"jobs":9,"pop":0,"pointCount":1,"homeWorkCommuteMedian":-1,"workHomeCommuteMedian":33548},"geometry":{"type":"Polygon","coordinates":[[[21.414112089268407,56.400833415353155],[21.414112089268407,56.4098266189904],[21.423105292905653,56.4098266189904],[21.423105292905653,56.400833415353155],[21.414112089268407,56.400833415353155]]]}},{"type":"Feature","properties":{"jobs":9,"pop":0,"pointCount":1,"homeWorkCommuteMedian":-1,"workHomeCommuteMedian":20848},"geometry":{"type":"Polygon","coordinates":[[[21.414112089268407,56.45479263717663],[21.414112089268407,56.46378584081388],[21.423105292905653,56.46378584081388],[21.423105292905653,56.45479263717663],[21.414112089268407,56.45479263717663]]]}},{"type":"Feature","properties":{"jobs":85,"pop":36,"pointCount":6,"homeWorkCommuteMedian":21040,"workHomeCommuteMedian":14438},"geometry":{"type":"Polygon","coordinates":[[[21.414112089268407,56.47277904445112],[21.414112089268407,56.48177224808837],[21.423105292905653,56.48177224808837],[21.423105292905653,56.47277904445112],[21.414112089268407,56.47277904445112]]]}},{"type":"Feature","properties":{"jobs":13,"pop":14,"pointCount":2,"homeWorkCommuteMedian":28669,"workHomeCommuteMedian":27752},"geometry":{"type":"Polygon","coordinates":[[[21.414112089268407,56.48177224808837],[21.414112089268407,56.490765451725615],[21.423105292905653,56.490765451725615],[21.423105292905653,56.48177224808837],[21.414112089268407,56.48177224808837]]]}},{"type":"Feature","properties":{"jobs":19,"pop":6,"pointCount":2,"homeWorkCommuteMedian":27570,"workHomeCommuteMedian":18571},"geometry":{"type":"Polygon","coordinates":[[[21.414112089268407,56.51774506263735],[21.414112089268407,56.5267382662746],[21.423105292905653,56.5267382662746],[21.423105292905653,56.51774506263735],[21.414112089268407,56.51774506263735]]]}},{"type":"Feature","properties":{"jobs":9,"pop":30,"pointCount":4,"homeWorkCommuteMedian":25085,"workHomeCommuteMedian":45033},"geometry":{"type":"Polygon","coordinates":[[[21.414112089268407,56.5267382662746],[21.414112089268407,56.535731469911845],[21.423105292905653,56.535731469911845],[21.423105292905653,56.5267382662746],[21.414112089268407,56.5267382662746]]]}},{"type":"Feature","properties":{"jobs":0,"pop":16,"pointCount":1,"homeWorkCommuteMedian":17986,"workHomeCommuteMedian":-1},"geometry":{"type":"Polygon","coordinates":[[[21.414112089268407,56.59868389537257],[21.414112089268407,56.60767709900981],[21.423105292905653,56.60767709900981],[21.423105292905653,56.59868389537257],[21.414112089268407,56.59868389537257]]]}},{"type":"Feature","properties":{"jobs":0,"pop":9,"pointCount":1,"homeWorkCommuteMedian":33659,"workHomeCommuteMedian":-1},"geometry":{"type":"Polygon","coordinates":[[[21.414112089268407,56.75156835720575],[21.414112089268407,56.760561560842994],[21.423105292905653,56.760561560842994],[21.423105292905653,56.75156835720575],[21.414112089268407,56.75156835720575]]]}},{"type":"Feature","properties":{"jobs":13,"pop":0,"pointCount":1,"homeWorkCommuteMedian":-1,"workHomeCommuteMedian":8039},"geometry":{"type":"Polygon","coordinates":[[[21.423105292905653,56.37385380444142],[21.423105292905653,56.38284700807866],[21.4320984965429,56.38284700807866],[21.4320984965429,56.37385380444142],[21.423105292905653,56.37385380444142]]]}},{"type":"Feature","properties":{"jobs":0,"pop":12,"pointCount":1,"homeWorkCommuteMedian":32490,"workHomeCommuteMedian":-1},"geometry":{"type":"Polygon","coordinates":[[[21.423105292905653,56.51774506263735],[21.423105292905653,56.5267382662746],[21.4320984965429,56.5267382662746],[21.4320984965429,56.51774506263735],[21.423105292905653,56.51774506263735]]]}},{"type":"Feature","properties":{"jobs":8,"pop":0,"pointCount":1,"homeWorkCommuteMedian":-1,"workHomeCommuteMedian":38102},"geometry":{"type":"Polygon","coordinates":[[[21.423105292905653,56.55371787718634],[21.423105292905653,56.56271108082358],[21.4320984965429,56.56271108082358],[21.4320984965429,56.55371787718634],[21.423105292905653,56.55371787718634]]]}},{"type":"Feature","properties":{"jobs":0,"pop":10,"pointCount":1,"homeWorkCommuteMedian":27757,"workHomeCommuteMedian":-1},"geometry":{"type":"Polygon","coordinates":[[[21.423105292905653,56.57170428446083],[21.423105292905653,56.580697488098075],[21.4320984965429,56.580697488098075],[21.4320984965429,56.57170428446083],[21.423105292905653,56.57170428446083]]]}},{"type":"Feature","properties":{"jobs":0,"pop":19,"pointCount":1,"homeWorkCommuteMedian":3453,"workHomeCommuteMedian":-1},"geometry":{"type":"Polygon","coordinates":[[[21.423105292905653,56.7425751535685],[21.423105292905653,56.75156835720575],[21.4320984965429,56.75156835720575],[21.4320984965429,56.7425751535685],[21.423105292905653,56.7425751535685]]]}},{"type":"Feature","properties":{"jobs":9,"pop":24,"pointCount":2,"homeWorkCommuteMedian":34012,"workHomeCommuteMedian":16703},"geometry":{"type":"Polygon","coordinates":[[[21.4320984965429,56.51774506263735],[21.4320984965429,56.5267382662746],[21.441091700180145,56.5267382662746],[21.441091700180145,56.51774506263735],[21.4320984965429,56.51774506263735]]]}},{"type":"Feature","properties":{"jobs":13,"pop":0,"pointCount":1,"homeWorkCommuteMedian":-1,"workHomeCommuteMedian":5395},"geometry":{"type":"Polygon","coordinates":[[[21.4320984965429,56.5267382662746],[21.4320984965429,56.535731469911845],[21.441091700180145,56.535731469911845],[21.441091700180145,56.5267382662746],[21.4320984965429,56.5267382662746]]]}},{"type":"Feature","properties":{"jobs":0,"pop":18,"pointCount":1,"homeWorkCommuteMedian":7356,"workHomeCommuteMedian":-1},"geometry":{"type":"Polygon","coordinates":[[[21.441091700180145,56.400833415353155],[21.441091700180145,56.4098266189904],[21.45008490381739,56.4098266189904],[21.45008490381739,56.400833415353155],[21.441091700180145,56.400833415353155]]]}},{"type":"Feature","properties":{"jobs":7,"pop":0,"pointCount":1,"homeWorkCommuteMedian":-1,"workHomeCommuteMedian":23616},"geometry":{"type":"Polygon","coordinates":[[[21.441091700180145,56.42781302626489],[21.441091700180145,56.43680622990214],[21.45008490381739,56.43680622990214],[21.45008490381739,56.42781302626489],[21.441091700180145,56.42781302626489]]]}},{"type":"Feature","properties":{"jobs":0,"pop":82,"pointCount":1,"homeWorkCommuteMedian":25079,"workHomeCommuteMedian":-1},"geometry":{"type":"Polygon","coordinates":[[[21.441091700180145,56.43680622990214],[21.441091700180145,56.445799433539385],[21.45008490381739,56.445799433539385],[21.45008490381739,56.43680622990214],[21.441091700180145,56.43680622990214]]]}},{"type":"Feature","properties":{"jobs":54,"pop":0,"pointCount":1,"homeWorkCommuteMedian":-1,"workHomeCommuteMedian":33337},"geometry":{"type":"Polygon","coordinates":[[[21.441091700180145,56.45479263717663],[21.441091700180145,56.46378584081388],[21.45008490381739,56.46378584081388],[21.45008490381739,56.45479263717663],[21.441091700180145,56.45479263717663]]]}},{"type":"Feature","properties":{"jobs":0,"pop":17,"pointCount":1,"homeWorkCommuteMedian":30468,"workHomeCommuteMedian":-1},"geometry":{"type":"Polygon","coordinates":[[[21.441091700180145,56.57170428446083],[21.441091700180145,56.580697488098075],[21.45008490381739,56.580697488098075],[21.45008490381739,56.57170428446083],[21.441091700180145,56.57170428446083]]]}},{"type":"Feature","properties":{"jobs":5,"pop":0,"pointCount":1,"homeWorkCommuteMedian":-1,"workHomeCommuteMedian":17852},"geometry":{"type":"Polygon","coordinates":[[[21.441091700180145,56.7425751535685],[21.441091700180145,56.75156835720575],[21.45008490381739,56.75156835720575],[21.45008490381739,56.7425751535685],[21.441091700180145,56.7425751535685]]]}},{"type":"Feature","properties":{"jobs":8,"pop":0,"pointCount":1,"homeWorkCommuteMedian":-1,"workHomeCommuteMedian":46717},"geometry":{"type":"Polygon","coordinates":[[[21.45008490381739,56.41881982262765],[21.45008490381739,56.42781302626489],[21.459078107454637,56.42781302626489],[21.459078107454637,56.41881982262765],[21.45008490381739,56.41881982262765]]]}},{"type":"Feature","properties":{"jobs":224,"pop":13,"pointCount":5,"homeWorkCommuteMedian":4179,"workHomeCommuteMedian":9273},"geometry":{"type":"Polygon","coordinates":[[[21.45008490381739,56.445799433539385],[21.45008490381739,56.45479263717663],[21.459078107454637,56.45479263717663],[21.459078107454637,56.445799433539385],[21.45008490381739,56.445799433539385]]]}},{"type":"Feature","properties":{"jobs":14,"pop":0,"pointCount":1,"homeWorkCommuteMedian":-1,"workHomeCommuteMedian":53007},"geometry":{"type":"Polygon","coordinates":[[[21.45008490381739,56.51774506263735],[21.45008490381739,56.5267382662746],[21.459078107454637,56.5267382662746],[21.459078107454637,56.51774506263735],[21.45008490381739,56.51774506263735]]]}},{"type":"Feature","properties":{"jobs":22,"pop":0,"pointCount":1,"homeWorkCommuteMedian":-1,"workHomeCommuteMedian":40682},"geometry":{"type":"Polygon","coordinates":[[[21.45008490381739,56.56271108082358],[21.45008490381739,56.57170428446083],[21.459078107454637,56.57170428446083],[21.459078107454637,56.56271108082358],[21.45008490381739,56.56271108082358]]]}},{"type":"Feature","properties":{"jobs":24,"pop":0,"pointCount":1,"homeWorkCommuteMedian":-1,"workHomeCommuteMedian":33496},"geometry":{"type":"Polygon","coordinates":[[[21.45008490381739,56.66163632083329],[21.45008490381739,56.670629524470534],[21.459078107454637,56.670629524470534],[21.459078107454637,56.66163632083329],[21.45008490381739,56.66163632083329]]]}},{"type":"Feature","properties":{"jobs":39,"pop":0,"pointCount":1,"homeWorkCommuteMedian":-1,"workHomeCommuteMedian":8331},"geometry":{"type":"Polygon","coordinates":[[[21.45008490381739,56.69760913538227],[21.45008490381739,56.70660233901952],[21.459078107454637,56.70660233901952],[21.459078107454637,56.69760913538227],[21.45008490381739,56.69760913538227]]]}},{"type":"Feature","properties":{"jobs":0,"pop":7,"pointCount":1,"homeWorkCommuteMedian":10489,"workHomeCommuteMedian":-1},"geometry":{"type":"Polygon","coordinates":[[[21.45008490381739,56.733581949931256],[21.45008490381739,56.7425751535685],[21.459078107454637,56.7425751535685],[21.459078107454637,56.733581949931256],[21.45008490381739,56.733581949931256]]]}},{"type":"Feature","properties":{"jobs":0,"pop":11,"pointCount":1,"homeWorkCommuteMedian":15243,"workHomeCommuteMedian":-1},"geometry":{"type":"Polygon","coordinates":[[[21.459078107454637,56.34687419352968],[21.459078107454637,56.355867397166925],[21.468071311091883,56.355867397166925],[21.468071311091883,56.34687419352968],[21.459078107454637,56.34687419352968]]]}},{"type":"Feature","properties":{"jobs":7,"pop":0,"pointCount":1,"homeWorkCommuteMedian":-1,"workHomeCommuteMedian":42242},"geometry":{"type":"Polygon","coordinates":[[[21.459078107454637,56.36486060080417],[21.459078107454637,56.37385380444142],[21.468071311091883,56.37385380444142],[21.468071311091883,56.36486060080417],[21.459078107454637,56.36486060080417]]]}},{"type":"Feature","properties":{"jobs":9,"pop":0,"pointCount":1,"homeWorkCommuteMedian":-1,"workHomeCommuteMedian":13049},"geometry":{"type":"Polygon","coordinates":[[[21.459078107454637,56.38284700807866],[21.459078107454637,56.39184021171591],[21.468071311091883,56.39184021171591],[21.468071311091883,56.38284700807866],[21.459078107454637,56.38284700807866]]]}},{"type":"Feature","properties":{"jobs":0,"pop":13,"pointCount":1,"homeWorkCommuteMedian":661,"workHomeCommuteMedian":-1},"geometry":{"type":"Polygon","coordinates":[[[21.459078107454637,56.445799433539385],[21.459078107454637,56.45479263717663],[21.468071311091883,56.45479263717663],[21.468071311091883,56.445799433539385],[21.459078107454637,56.445799433539385]]]}},{"type":"Feature","properties":{"jobs":0,"pop":26,"pointCount":1,"homeWorkCommuteMedian":25498,"workHomeCommuteMedian":-1},"geometry":{"type":"Polygon","coordinates":[[[21.459078107454637,56.51774506263735],[21.459078107454637,56.5267382662746],[21.468071311091883,56.5267382662746],[21.468071311091883,56.51774506263735],[21.459078107454637,56.51774506263735]]]}},{"type":"Feature","properties":{"jobs":0,"pop":17,"pointCount":1,"homeWorkCommuteMedian":33755,"workHomeCommuteMedian":-1},"geometry":{"type":"Polygon","coordinates":[[[21.459078107454637,56.56271108082358],[21.459078107454637,56.57170428446083],[21.468071311091883,56.57170428446083],[21.468071311091883,56.56271108082358],[21.459078107454637,56.56271108082358]]]}},{"type":"Feature","properties":{"jobs":0,"pop":5,"pointCount":1,"homeWorkCommuteMedian":31346,"workHomeCommuteMedian":-1},"geometry":{"type":"Polygon","coordinates":[[[21.459078107454637,56.58969069173532],[21.459078107454637,56.59868389537257],[21.468071311091883,56.59868389537257],[21.468071311091883,56.58969069173532],[21.459078107454637,56.58969069173532]]]}},{"type":"Feature","properties":{"jobs":13,"pop":16,"pointCount":2,"homeWorkCommuteMedian":38057,"workHomeCommuteMedian":41409},"geometry":{"type":"Polygon","coordinates":[[[21.459078107454637,56.688615931745026],[21.459078107454637,56.69760913538227],[21.468071311091883,56.69760913538227],[21.468071311091883,56.688615931745026],[21.459078107454637,56.688615931745026]]]}},{"type":"Feature","properties":{"jobs":0,"pop":22,"pointCount":1,"homeWorkCommuteMedian":9199,"workHomeCommuteMedian":-1},"geometry":{"type":"Polygon","coordinates":[[[21.459078107454637,56.69760913538227],[21.459078107454637,56.70660233901952],[21.468071311091883,56.70660233901952],[21.468071311091883,56.69760913538227],[21.459078107454637,56.69760913538227]]]}},{"type":"Feature","properties":{"jobs":0,"pop":28,"pointCount":2,"homeWorkCommuteMedian":22740,"workHomeCommuteMedian":-1},"geometry":{"type":"Polygon","coordinates":[[[21.459078107454637,56.733581949931256],[21.459078107454637,56.7425751535685],[21.468071311091883,56.7425751535685],[21.468071311091883,56.733581949931256],[21.459078107454637,56.733581949931256]]]}},{"type":"Feature","properties":{"jobs":16,"pop":0,"pointCount":1,"homeWorkCommuteMedian":-1,"workHomeCommuteMedian":12533},"geometry":{"type":"Polygon","coordinates":[[[21.459078107454637,56.7425751535685],[21.459078107454637,56.75156835720575],[21.468071311091883,56.75156835720575],[21.468071311091883,56.7425751535685],[21.459078107454637,56.7425751535685]]]}},{"type":"Feature","properties":{"jobs":68,"pop":93,"pointCount":6,"homeWorkCommuteMedian":17098,"workHomeCommuteMedian":8818},"geometry":{"type":"Polygon","coordinates":[[[21.468071311091883,56.355867397166925],[21.468071311091883,56.36486060080417],[21.47706451472913,56.36486060080417],[21.47706451472913,56.355867397166925],[21.468071311091883,56.355867397166925]]]}},{"type":"Feature","properties":{"jobs":0,"pop":9,"pointCount":1,"homeWorkCommuteMedian":36197,"workHomeCommuteMedian":-1},"geometry":{"type":"Polygon","coordinates":[[[21.468071311091883,56.445799433539385],[21.468071311091883,56.45479263717663],[21.47706451472913,56.45479263717663],[21.47706451472913,56.445799433539385],[21.468071311091883,56.445799433539385]]]}},{"type":"Feature","properties":{"jobs":18,"pop":25,"pointCount":2,"homeWorkCommuteMedian":13387,"workHomeCommuteMedian":14008},"geometry":{"type":"Polygon","coordinates":[[[21.468071311091883,56.49975865536286],[21.468071311091883,56.50875185900011],[21.47706451472913,56.50875185900011],[21.47706451472913,56.49975865536286],[21.468071311091883,56.49975865536286]]]}},{"type":"Feature","properties":{"jobs":0,"pop":31,"pointCount":2,"homeWorkCommuteMedian":40822,"workHomeCommuteMedian":-1},"geometry":{"type":"Polygon","coordinates":[[[21.468071311091883,56.70660233901952],[21.468071311091883,56.715595542656764],[21.47706451472913,56.715595542656764],[21.47706451472913,56.70660233901952],[21.468071311091883,56.70660233901952]]]}},{"type":"Feature","properties":{"jobs":0,"pop":21,"pointCount":1,"homeWorkCommuteMedian":46102,"workHomeCommuteMedian":-1},"geometry":{"type":"Polygon","coordinates":[[[21.468071311091883,56.733581949931256],[21.468071311091883,56.7425751535685],[21.47706451472913,56.7425751535685],[21.47706451472913,56.733581949931256],[21.468071311091883,56.733581949931256]]]}},{"type":"Feature","properties":{"jobs":44,"pop":44,"pointCount":8,"homeWorkCommuteMedian":4402,"workHomeCommuteMedian":620},"geometry":{"type":"Polygon","coordinates":[[[21.47706451472913,56.355867397166925],[21.47706451472913,56.36486060080417],[21.486057718366375,56.36486060080417],[21.486057718366375,56.355867397166925],[21.47706451472913,56.355867397166925]]]}},{"type":"Feature","properties":{"jobs":0,"pop":15,"pointCount":2,"homeWorkCommuteMedian":46302,"workHomeCommuteMedian":-1},"geometry":{"type":"Polygon","coordinates":[[[21.47706451472913,56.36486060080417],[21.47706451472913,56.37385380444142],[21.486057718366375,56.37385380444142],[21.486057718366375,56.36486060080417],[21.47706451472913,56.36486060080417]]]}},{"type":"Feature","properties":{"jobs":0,"pop":14,"pointCount":1,"homeWorkCommuteMedian":27005,"workHomeCommuteMedian":-1},"geometry":{"type":"Polygon","coordinates":[[[21.47706451472913,56.445799433539385],[21.47706451472913,56.45479263717663],[21.486057718366375,56.45479263717663],[21.486057718366375,56.445799433539385],[21.47706451472913,56.445799433539385]]]}},{"type":"Feature","properties":{"jobs":0,"pop":9,"pointCount":1,"homeWorkCommuteMedian":34819,"workHomeCommuteMedian":-1},"geometry":{"type":"Polygon","coordinates":[[[21.47706451472913,56.55371787718634],[21.47706451472913,56.56271108082358],[21.486057718366375,56.56271108082358],[21.486057718366375,56.55371787718634],[21.47706451472913,56.55371787718634]]]}},{"type":"Feature","properties":{"jobs":6,"pop":5,"pointCount":2,"homeWorkCommuteMedian":31636,"workHomeCommuteMedian":49086},"geometry":{"type":"Polygon","coordinates":[[[21.47706451472913,56.61667030264706],[21.47706451472913,56.625663506284305],[21.486057718366375,56.625663506284305],[21.486057718366375,56.61667030264706],[21.47706451472913,56.61667030264706]]]}},{"type":"Feature","properties":{"jobs":10,"pop":14,"pointCount":2,"homeWorkCommuteMedian":8172,"workHomeCommuteMedian":8656},"geometry":{"type":"Polygon","coordinates":[[[21.47706451472913,56.70660233901952],[21.47706451472913,56.715595542656764],[21.486057718366375,56.715595542656764],[21.486057718366375,56.70660233901952],[21.47706451472913,56.70660233901952]]]}},{"type":"Feature","properties":{"jobs":0,"pop":11,"pointCount":1,"homeWorkCommuteMedian":37172,"workHomeCommuteMedian":-1},"geometry":{"type":"Polygon","coordinates":[[[21.486057718366375,56.355867397166925],[21.486057718366375,56.36486060080417],[21.49505092200362,56.36486060080417],[21.49505092200362,56.355867397166925],[21.486057718366375,56.355867397166925]]]}},{"type":"Feature","properties":{"jobs":7,"pop":12,"pointCount":1,"homeWorkCommuteMedian":33551,"workHomeCommuteMedian":30235},"geometry":{"type":"Polygon","coordinates":[[[21.486057718366375,56.445799433539385],[21.486057718366375,56.45479263717663],[21.49505092200362,56.45479263717663],[21.49505092200362,56.445799433539385],[21.486057718366375,56.445799433539385]]]}},{"type":"Feature","properties":{"jobs":20,"pop":45,"pointCount":7,"homeWorkCommuteMedian":33613,"workHomeCommuteMedian":33262},"geometry":{"type":"Polygon","coordinates":[[[21.486057718366375,56.61667030264706],[21.486057718366375,56.625663506284305],[21.49505092200362,56.625663506284305],[21.49505092200362,56.61667030264706],[21.486057718366375,56.61667030264706]]]}},{"type":"Feature","properties":{"jobs":0,"pop":5,"pointCount":1,"homeWorkCommuteMedian":27797,"workHomeCommuteMedian":-1},"geometry":{"type":"Polygon","coordinates":[[[21.486057718366375,56.625663506284305],[21.486057718366375,56.63465670992155],[21.49505092200362,56.63465670992155],[21.49505092200362,56.625663506284305],[21.486057718366375,56.625663506284305]]]}},{"type":"Feature","properties":{"jobs":24,"pop":0,"pointCount":1,"homeWorkCommuteMedian":-1,"workHomeCommuteMedian":17197},"geometry":{"type":"Polygon","coordinates":[[[21.486057718366375,56.760561560842994],[21.486057718366375,56.76955476448024],[21.49505092200362,56.76955476448024],[21.49505092200362,56.760561560842994],[21.486057718366375,56.760561560842994]]]}},{"type":"Feature","properties":{"jobs":0,"pop":13,"pointCount":1,"homeWorkCommuteMedian":6604,"workHomeCommuteMedian":-1},"geometry":{"type":"Polygon","coordinates":[[[21.49505092200362,56.445799433539385],[21.49505092200362,56.45479263717663],[21.504044125640867,56.45479263717663],[21.504044125640867,56.445799433539385],[21.49505092200362,56.445799433539385]]]}},{"type":"Feature","properties":{"jobs":24,"pop":0,"pointCount":2,"homeWorkCommuteMedian":-1,"workHomeCommuteMedian":7222},"geometry":{"type":"Polygon","coordinates":[[[21.49505092200362,56.490765451725615],[21.49505092200362,56.49975865536286],[21.504044125640867,56.49975865536286],[21.504044125640867,56.490765451725615],[21.49505092200362,56.490765451725615]]]}},{"type":"Feature","properties":{"jobs":26,"pop":28,"pointCount":4,"homeWorkCommuteMedian":33530,"workHomeCommuteMedian":39981},"geometry":{"type":"Polygon","coordinates":[[[21.49505092200362,56.49975865536286],[21.49505092200362,56.50875185900011],[21.504044125640867,56.50875185900011],[21.504044125640867,56.49975865536286],[21.49505092200362,56.49975865536286]]]}},{"type":"Feature","properties":{"jobs":0,"pop":15,"pointCount":1,"homeWorkCommuteMedian":51603,"workHomeCommuteMedian":-1},"geometry":{"type":"Polygon","coordinates":[[[21.49505092200362,56.61667030264706],[21.49505092200362,56.625663506284305],[21.504044125640867,56.625663506284305],[21.504044125640867,56.61667030264706],[21.49505092200362,56.61667030264706]]]}},{"type":"Feature","properties":{"jobs":5,"pop":0,"pointCount":1,"homeWorkCommuteMedian":-1,"workHomeCommuteMedian":47923},"geometry":{"type":"Polygon","coordinates":[[[21.49505092200362,56.78754117175473],[21.49505092200362,56.79653437539198],[21.504044125640867,56.79653437539198],[21.504044125640867,56.78754117175473],[21.49505092200362,56.78754117175473]]]}},{"type":"Feature","properties":{"jobs":15,"pop":0,"pointCount":1,"homeWorkCommuteMedian":-1,"workHomeCommuteMedian":19612},"geometry":{"type":"Polygon","coordinates":[[[21.49505092200362,56.79653437539198],[21.49505092200362,56.805527579029224],[21.504044125640867,56.805527579029224],[21.504044125640867,56.79653437539198],[21.49505092200362,56.79653437539198]]]}},{"type":"Feature","properties":{"jobs":15,"pop":58,"pointCount":2,"homeWorkCommuteMedian":32432,"workHomeCommuteMedian":44084},"geometry":{"type":"Polygon","coordinates":[[[21.49505092200362,56.805527579029224],[21.49505092200362,56.81452078266647],[21.504044125640867,56.81452078266647],[21.504044125640867,56.805527579029224],[21.49505092200362,56.805527579029224]]]}},{"type":"Feature","properties":{"jobs":23,"pop":0,"pointCount":1,"homeWorkCommuteMedian":-1,"workHomeCommuteMedian":39006},"geometry":{"type":"Polygon","coordinates":[[[21.504044125640867,56.34687419352968],[21.504044125640867,56.355867397166925],[21.513037329278113,56.355867397166925],[21.513037329278113,56.34687419352968],[21.504044125640867,56.34687419352968]]]}},{"type":"Feature","properties":{"jobs":0,"pop":18,"pointCount":1,"homeWorkCommuteMedian":37641,"workHomeCommuteMedian":-1},"geometry":{"type":"Polygon","coordinates":[[[21.504044125640867,56.355867397166925],[21.504044125640867,56.36486060080417],[21.513037329278113,56.36486060080417],[21.513037329278113,56.355867397166925],[21.504044125640867,56.355867397166925]]]}},{"type":"Feature","properties":{"jobs":0,"pop":43,"pointCount":1,"homeWorkCommuteMedian":15585,"workHomeCommuteMedian":-1},"geometry":{"type":"Polygon","coordinates":[[[21.504044125640867,56.46378584081388],[21.504044125640867,56.47277904445112],[21.513037329278113,56.47277904445112],[21.513037329278113,56.46378584081388],[21.504044125640867,56.46378584081388]]]}},{"type":"Feature","properties":{"jobs":0,"pop":7,"pointCount":1,"homeWorkCommuteMedian":33779,"workHomeCommuteMedian":-1},"geometry":{"type":"Polygon","coordinates":[[[21.504044125640867,56.490765451725615],[21.504044125640867,56.49975865536286],[21.513037329278113,56.49975865536286],[21.513037329278113,56.490765451725615],[21.504044125640867,56.490765451725615]]]}},{"type":"Feature","properties":{"jobs":0,"pop":58,"pointCount":3,"homeWorkCommuteMedian":24751,"workHomeCommuteMedian":-1},"geometry":{"type":"Polygon","coordinates":[[[21.504044125640867,56.49975865536286],[21.504044125640867,56.50875185900011],[21.513037329278113,56.50875185900011],[21.513037329278113,56.49975865536286],[21.504044125640867,56.49975865536286]]]}},{"type":"Feature","properties":{"jobs":0,"pop":10,"pointCount":1,"homeWorkCommuteMedian":6891,"workHomeCommuteMedian":-1},"geometry":{"type":"Polygon","coordinates":[[[21.504044125640867,56.70660233901952],[21.504044125640867,56.715595542656764],[21.513037329278113,56.715595542656764],[21.513037329278113,56.70660233901952],[21.504044125640867,56.70660233901952]]]}},{"type":"Feature","properties":{"jobs":9,"pop":0,"pointCount":1,"homeWorkCommuteMedian":-1,"workHomeCommuteMedian":18887},"geometry":{"type":"Polygon","coordinates":[[[21.504044125640867,56.79653437539198],[21.504044125640867,56.805527579029224],[21.513037329278113,56.805527579029224],[21.513037329278113,56.79653437539198],[21.504044125640867,56.79653437539198]]]}},{"type":"Feature","properties":{"jobs":0,"pop":19,"pointCount":3,"homeWorkCommuteMedian":33777,"workHomeCommuteMedian":-1},"geometry":{"type":"Polygon","coordinates":[[[21.513037329278113,56.400833415353155],[21.513037329278113,56.4098266189904],[21.52203053291536,56.4098266189904],[21.52203053291536,56.400833415353155],[21.513037329278113,56.400833415353155]]]}},{"type":"Feature","properties":{"jobs":7,"pop":0,"pointCount":1,"homeWorkCommuteMedian":-1,"workHomeCommuteMedian":31953},"geometry":{"type":"Polygon","coordinates":[[[21.513037329278113,56.63465670992155],[21.513037329278113,56.6436499135588],[21.52203053291536,56.6436499135588],[21.52203053291536,56.63465670992155],[21.513037329278113,56.63465670992155]]]}},{"type":"Feature","properties":{"jobs":0,"pop":6,"pointCount":1,"homeWorkCommuteMedian":15545,"workHomeCommuteMedian":-1},"geometry":{"type":"Polygon","coordinates":[[[21.513037329278113,56.69760913538227],[21.513037329278113,56.70660233901952],[21.52203053291536,56.70660233901952],[21.52203053291536,56.69760913538227],[21.513037329278113,56.69760913538227]]]}},{"type":"Feature","properties":{"jobs":12,"pop":23,"pointCount":2,"homeWorkCommuteMedian":3701,"workHomeCommuteMedian":4980},"geometry":{"type":"Polygon","coordinates":[[[21.513037329278113,56.70660233901952],[21.513037329278113,56.715595542656764],[21.52203053291536,56.715595542656764],[21.52203053291536,56.70660233901952],[21.513037329278113,56.70660233901952]]]}},{"type":"Feature","properties":{"jobs":0,"pop":5,"pointCount":1,"homeWorkCommuteMedian":36392,"workHomeCommuteMedian":-1},"geometry":{"type":"Polygon","coordinates":[[[21.513037329278113,56.715595542656764],[21.513037329278113,56.72458874629401],[21.52203053291536,56.72458874629401],[21.52203053291536,56.715595542656764],[21.513037329278113,56.715595542656764]]]}},{"type":"Feature","properties":{"jobs":53,"pop":26,"pointCount":5,"homeWorkCommuteMedian":31761,"workHomeCommuteMedian":10148},"geometry":{"type":"Polygon","coordinates":[[[21.52203053291536,56.400833415353155],[21.52203053291536,56.4098266189904],[21.531023736552605,56.4098266189904],[21.531023736552605,56.400833415353155],[21.52203053291536,56.400833415353155]]]}},{"type":"Feature","properties":{"jobs":6,"pop":0,"pointCount":1,"homeWorkCommuteMedian":-1,"workHomeCommuteMedian":3957},"geometry":{"type":"Polygon","coordinates":[[[21.52203053291536,56.58969069173532],[21.52203053291536,56.59868389537257],[21.531023736552605,56.59868389537257],[21.531023736552605,56.58969069173532],[21.52203053291536,56.58969069173532]]]}},{"type":"Feature","properties":{"jobs":0,"pop":53,"pointCount":2,"homeWorkCommuteMedian":19493,"workHomeCommuteMedian":-1},"geometry":{"type":"Polygon","coordinates":[[[21.52203053291536,56.67962272810778],[21.52203053291536,56.688615931745026],[21.531023736552605,56.688615931745026],[21.531023736552605,56.67962272810778],[21.52203053291536,56.67962272810778]]]}},{"type":"Feature","properties":{"jobs":0,"pop":6,"pointCount":1,"homeWorkCommuteMedian":43735,"workHomeCommuteMedian":-1},"geometry":{"type":"Polygon","coordinates":[[[21.52203053291536,56.688615931745026],[21.52203053291536,56.69760913538227],[21.531023736552605,56.69760913538227],[21.531023736552605,56.688615931745026],[21.52203053291536,56.688615931745026]]]}},{"type":"Feature","properties":{"jobs":0,"pop":6,"pointCount":1,"homeWorkCommuteMedian":46591,"workHomeCommuteMedian":-1},"geometry":{"type":"Polygon","coordinates":[[[21.52203053291536,56.69760913538227],[21.52203053291536,56.70660233901952],[21.531023736552605,56.70660233901952],[21.531023736552605,56.69760913538227],[21.52203053291536,56.69760913538227]]]}},{"type":"Feature","properties":{"jobs":0,"pop":16,"pointCount":2,"homeWorkCommuteMedian":48952,"workHomeCommuteMedian":-1},"geometry":{"type":"Polygon","coordinates":[[[21.52203053291536,56.70660233901952],[21.52203053291536,56.715595542656764],[21.531023736552605,56.715595542656764],[21.531023736552605,56.70660233901952],[21.52203053291536,56.70660233901952]]]}},{"type":"Feature","properties":{"jobs":13,"pop":20,"pointCount":3,"homeWorkCommuteMedian":5535,"workHomeCommuteMedian":5900},"geometry":{"type":"Polygon","coordinates":[[[21.531023736552605,56.32888778625519],[21.531023736552605,56.33788098989243],[21.54001694018985,56.33788098989243],[21.54001694018985,56.32888778625519],[21.531023736552605,56.32888778625519]]]}},{"type":"Feature","properties":{"jobs":0,"pop":5,"pointCount":1,"homeWorkCommuteMedian":37590,"workHomeCommuteMedian":-1},"geometry":{"type":"Polygon","coordinates":[[[21.531023736552605,56.535731469911845],[21.531023736552605,56.54472467354909],[21.54001694018985,56.54472467354909],[21.54001694018985,56.535731469911845],[21.531023736552605,56.535731469911845]]]}},{"type":"Feature","properties":{"jobs":0,"pop":41,"pointCount":1,"homeWorkCommuteMedian":36167,"workHomeCommuteMedian":-1},"geometry":{"type":"Polygon","coordinates":[[[21.531023736552605,56.58969069173532],[21.531023736552605,56.59868389537257],[21.54001694018985,56.59868389537257],[21.54001694018985,56.58969069173532],[21.531023736552605,56.58969069173532]]]}},{"type":"Feature","properties":{"jobs":0,"pop":53,"pointCount":1,"homeWorkCommuteMedian":38101,"workHomeCommuteMedian":-1},"geometry":{"type":"Polygon","coordinates":[[[21.531023736552605,56.67962272810778],[21.531023736552605,56.688615931745026],[21.54001694018985,56.688615931745026],[21.54001694018985,56.67962272810778],[21.531023736552605,56.67962272810778]]]}},{"type":"Feature","properties":{"jobs":0,"pop":20,"pointCount":1,"homeWorkCommuteMedian":45711,"workHomeCommuteMedian":-1},"geometry":{"type":"Polygon","coordinates":[[[21.531023736552605,56.69760913538227],[21.531023736552605,56.70660233901952],[21.54001694018985,56.70660233901952],[21.54001694018985,56.69760913538227],[21.531023736552605,56.69760913538227]]]}},{"type":"Feature","properties":{"jobs":9,"pop":20,"pointCount":2,"homeWorkCommuteMedian":10148,"workHomeCommuteMedian":5679},"geometry":{"type":"Polygon","coordinates":[[[21.54001694018985,56.355867397166925],[21.54001694018985,56.36486060080417],[21.549010143827097,56.36486060080417],[21.549010143827097,56.355867397166925],[21.54001694018985,56.355867397166925]]]}},{"type":"Feature","properties":{"jobs":0,"pop":9,"pointCount":1,"homeWorkCommuteMedian":61321,"workHomeCommuteMedian":-1},"geometry":{"type":"Polygon","coordinates":[[[21.54001694018985,56.36486060080417],[21.54001694018985,56.37385380444142],[21.549010143827097,56.37385380444142],[21.549010143827097,56.36486060080417],[21.54001694018985,56.36486060080417]]]}},{"type":"Feature","properties":{"jobs":30,"pop":38,"pointCount":6,"homeWorkCommuteMedian":7222,"workHomeCommuteMedian":15731},"geometry":{"type":"Polygon","coordinates":[[[21.54001694018985,56.535731469911845],[21.54001694018985,56.54472467354909],[21.549010143827097,56.54472467354909],[21.549010143827097,56.535731469911845],[21.54001694018985,56.535731469911845]]]}},{"type":"Feature","properties":{"jobs":16,"pop":50,"pointCount":4,"homeWorkCommuteMedian":34643,"workHomeCommuteMedian":42306},"geometry":{"type":"Polygon","coordinates":[[[21.54001694018985,56.54472467354909],[21.54001694018985,56.55371787718634],[21.549010143827097,56.55371787718634],[21.549010143827097,56.54472467354909],[21.54001694018985,56.54472467354909]]]}},{"type":"Feature","properties":{"jobs":9,"pop":8,"pointCount":2,"homeWorkCommuteMedian":38948,"workHomeCommuteMedian":31538},"geometry":{"type":"Polygon","coordinates":[[[21.54001694018985,56.60767709900981],[21.54001694018985,56.61667030264706],[21.549010143827097,56.61667030264706],[21.549010143827097,56.60767709900981],[21.54001694018985,56.60767709900981]]]}},{"type":"Feature","properties":{"jobs":5,"pop":0,"pointCount":1,"homeWorkCommuteMedian":-1,"workHomeCommuteMedian":36754},"geometry":{"type":"Polygon","coordinates":[[[21.54001694018985,56.61667030264706],[21.54001694018985,56.625663506284305],[21.549010143827097,56.625663506284305],[21.549010143827097,56.61667030264706],[21.54001694018985,56.61667030264706]]]}},{"type":"Feature","properties":{"jobs":0,"pop":9,"pointCount":1,"homeWorkCommuteMedian":6809,"workHomeCommuteMedian":-1},"geometry":{"type":"Polygon","coordinates":[[[21.54001694018985,56.75156835720575],[21.54001694018985,56.760561560842994],[21.549010143827097,56.760561560842994],[21.549010143827097,56.75156835720575],[21.54001694018985,56.75156835720575]]]}},{"type":"Feature","properties":{"jobs":13,"pop":13,"pointCount":4,"homeWorkCommuteMedian":38140,"workHomeCommuteMedian":1319},"geometry":{"type":"Polygon","coordinates":[[[21.549010143827097,56.535731469911845],[21.549010143827097,56.54472467354909],[21.558003347464343,56.54472467354909],[21.558003347464343,56.535731469911845],[21.549010143827097,56.535731469911845]]]}},{"type":"Feature","properties":{"jobs":0,"pop":9,"pointCount":1,"homeWorkCommuteMedian":35670,"workHomeCommuteMedian":-1},"geometry":{"type":"Polygon","coordinates":[[[21.549010143827097,56.54472467354909],[21.549010143827097,56.55371787718634],[21.558003347464343,56.55371787718634],[21.558003347464343,56.54472467354909],[21.549010143827097,56.54472467354909]]]}},{"type":"Feature","properties":{"jobs":0,"pop":22,"pointCount":1,"homeWorkCommuteMedian":49819,"workHomeCommuteMedian":-1},"geometry":{"type":"Polygon","coordinates":[[[21.549010143827097,56.60767709900981],[21.549010143827097,56.61667030264706],[21.558003347464343,56.61667030264706],[21.558003347464343,56.60767709900981],[21.549010143827097,56.60767709900981]]]}},{"type":"Feature","properties":{"jobs":20,"pop":0,"pointCount":1,"homeWorkCommuteMedian":-1,"workHomeCommuteMedian":3701},"geometry":{"type":"Polygon","coordinates":[[[21.549010143827097,56.69760913538227],[21.549010143827097,56.70660233901952],[21.558003347464343,56.70660233901952],[21.558003347464343,56.69760913538227],[21.549010143827097,56.69760913538227]]]}},{"type":"Feature","properties":{"jobs":16,"pop":0,"pointCount":1,"homeWorkCommuteMedian":-1,"workHomeCommuteMedian":19373},"geometry":{"type":"Polygon","coordinates":[[[21.549010143827097,56.70660233901952],[21.549010143827097,56.715595542656764],[21.558003347464343,56.715595542656764],[21.558003347464343,56.70660233901952],[21.549010143827097,56.70660233901952]]]}},{"type":"Feature","properties":{"jobs":68,"pop":62,"pointCount":7,"homeWorkCommuteMedian":38720,"workHomeCommuteMedian":5091},"geometry":{"type":"Polygon","coordinates":[[[21.558003347464343,56.70660233901952],[21.558003347464343,56.715595542656764],[21.56699655110159,56.715595542656764],[21.56699655110159,56.70660233901952],[21.558003347464343,56.70660233901952]]]}},{"type":"Feature","properties":{"jobs":9,"pop":0,"pointCount":1,"homeWorkCommuteMedian":-1,"workHomeCommuteMedian":49828},"geometry":{"type":"Polygon","coordinates":[[[21.558003347464343,56.72458874629401],[21.558003347464343,56.733581949931256],[21.56699655110159,56.733581949931256],[21.56699655110159,56.72458874629401],[21.558003347464343,56.72458874629401]]]}},{"type":"Feature","properties":{"jobs":16,"pop":38,"pointCount":1,"homeWorkCommuteMedian":41064,"workHomeCommuteMedian":45523},"geometry":{"type":"Polygon","coordinates":[[[21.56699655110159,56.41881982262765],[21.56699655110159,56.42781302626489],[21.575989754738835,56.42781302626489],[21.575989754738835,56.41881982262765],[21.56699655110159,56.41881982262765]]]}},{"type":"Feature","properties":{"jobs":0,"pop":44,"pointCount":5,"homeWorkCommuteMedian":29664,"workHomeCommuteMedian":-1},"geometry":{"type":"Polygon","coordinates":[[[21.56699655110159,56.445799433539385],[21.56699655110159,56.45479263717663],[21.575989754738835,56.45479263717663],[21.575989754738835,56.445799433539385],[21.56699655110159,56.445799433539385]]]}},{"type":"Feature","properties":{"jobs":11,"pop":0,"pointCount":1,"homeWorkCommuteMedian":-1,"workHomeCommuteMedian":41755},"geometry":{"type":"Polygon","coordinates":[[[21.56699655110159,56.45479263717663],[21.56699655110159,56.46378584081388],[21.575989754738835,56.46378584081388],[21.575989754738835,56.45479263717663],[21.56699655110159,56.45479263717663]]]}},{"type":"Feature","properties":{"jobs":5,"pop":0,"pointCount":1,"homeWorkCommuteMedian":-1,"workHomeCommuteMedian":14557},"geometry":{"type":"Polygon","coordinates":[[[21.56699655110159,56.625663506284305],[21.56699655110159,56.63465670992155],[21.575989754738835,56.63465670992155],[21.575989754738835,56.625663506284305],[21.56699655110159,56.625663506284305]]]}},{"type":"Feature","properties":{"jobs":0,"pop":43,"pointCount":4,"homeWorkCommuteMedian":43441,"workHomeCommuteMedian":-1},"geometry":{"type":"Polygon","coordinates":[[[21.56699655110159,56.70660233901952],[21.56699655110159,56.715595542656764],[21.575989754738835,56.715595542656764],[21.575989754738835,56.70660233901952],[21.56699655110159,56.70660233901952]]]}},{"type":"Feature","properties":{"jobs":28,"pop":77,"pointCount":5,"homeWorkCommuteMedian":40958,"workHomeCommuteMedian":13370},"geometry":{"type":"Polygon","coordinates":[[[21.56699655110159,56.72458874629401],[21.56699655110159,56.733581949931256],[21.575989754738835,56.733581949931256],[21.575989754738835,56.72458874629401],[21.56699655110159,56.72458874629401]]]}},{"type":"Feature","properties":{"jobs":0,"pop":5,"pointCount":1,"homeWorkCommuteMedian":53684,"workHomeCommuteMedian":-1},"geometry":{"type":"Polygon","coordinates":[[[21.56699655110159,56.7425751535685],[21.56699655110159,56.75156835720575],[21.575989754738835,56.75156835720575],[21.575989754738835,56.7425751535685],[21.56699655110159,56.7425751535685]]]}},{"type":"Feature","properties":{"jobs":0,"pop":18,"pointCount":1,"homeWorkCommuteMedian":50302,"workHomeCommuteMedian":-1},"geometry":{"type":"Polygon","coordinates":[[[21.575989754738835,56.36486060080417],[21.575989754738835,56.37385380444142],[21.58498295837608,56.37385380444142],[21.58498295837608,56.36486060080417],[21.575989754738835,56.36486060080417]]]}},{"type":"Feature","properties":{"jobs":0,"pop":6,"pointCount":1,"homeWorkCommuteMedian":42701,"workHomeCommuteMedian":-1},"geometry":{"type":"Polygon","coordinates":[[[21.575989754738835,56.41881982262765],[21.575989754738835,56.42781302626489],[21.58498295837608,56.42781302626489],[21.58498295837608,56.41881982262765],[21.575989754738835,56.41881982262765]]]}},{"type":"Feature","properties":{"jobs":149,"pop":79,"pointCount":14,"homeWorkCommuteMedian":29774,"workHomeCommuteMedian":3443},"geometry":{"type":"Polygon","coordinates":[[[21.575989754738835,56.43680622990214],[21.575989754738835,56.445799433539385],[21.58498295837608,56.445799433539385],[21.58498295837608,56.43680622990214],[21.575989754738835,56.43680622990214]]]}},{"type":"Feature","properties":{"jobs":24,"pop":225,"pointCount":16,"homeWorkCommuteMedian":31037,"workHomeCommuteMedian":37384},"geometry":{"type":"Polygon","coordinates":[[[21.575989754738835,56.445799433539385],[21.575989754738835,56.45479263717663],[21.58498295837608,56.45479263717663],[21.58498295837608,56.445799433539385],[21.575989754738835,56.445799433539385]]]}},{"type":"Feature","properties":{"jobs":0,"pop":6,"pointCount":1,"homeWorkCommuteMedian":44371,"workHomeCommuteMedian":-1},"geometry":{"type":"Polygon","coordinates":[[[21.575989754738835,56.70660233901952],[21.575989754738835,56.715595542656764],[21.58498295837608,56.715595542656764],[21.58498295837608,56.70660233901952],[21.575989754738835,56.70660233901952]]]}},{"type":"Feature","properties":{"jobs":0,"pop":49,"pointCount":6,"homeWorkCommuteMedian":38887,"workHomeCommuteMedian":-1},"geometry":{"type":"Polygon","coordinates":[[[21.575989754738835,56.715595542656764],[21.575989754738835,56.72458874629401],[21.58498295837608,56.72458874629401],[21.58498295837608,56.715595542656764],[21.575989754738835,56.715595542656764]]]}},{"type":"Feature","properties":{"jobs":9,"pop":21,"pointCount":3,"homeWorkCommuteMedian":48825,"workHomeCommuteMedian":1751},"geometry":{"type":"Polygon","coordinates":[[[21.575989754738835,56.72458874629401],[21.575989754738835,56.733581949931256],[21.58498295837608,56.733581949931256],[21.58498295837608,56.72458874629401],[21.575989754738835,56.72458874629401]]]}},{"type":"Feature","properties":{"jobs":0,"pop":7,"pointCount":1,"homeWorkCommuteMedian":12414,"workHomeCommuteMedian":-1},"geometry":{"type":"Polygon","coordinates":[[[21.575989754738835,56.733581949931256],[21.575989754738835,56.7425751535685],[21.58498295837608,56.7425751535685],[21.58498295837608,56.733581949931256],[21.575989754738835,56.733581949931256]]]}},{"type":"Feature","properties":{"jobs":13,"pop":10,"pointCount":2,"homeWorkCommuteMedian":53318,"workHomeCommuteMedian":51171},"geometry":{"type":"Polygon","coordinates":[[[21.575989754738835,56.7425751535685],[21.575989754738835,56.75156835720575],[21.58498295837608,56.75156835720575],[21.58498295837608,56.7425751535685],[21.575989754738835,56.7425751535685]]]}},{"type":"Feature","properties":{"jobs":0,"pop":7,"pointCount":1,"homeWorkCommuteMedian":9181,"workHomeCommuteMedian":-1},"geometry":{"type":"Polygon","coordinates":[[[21.575989754738835,56.75156835720575],[21.575989754738835,56.760561560842994],[21.58498295837608,56.760561560842994],[21.58498295837608,56.75156835720575],[21.575989754738835,56.75156835720575]]]}},{"type":"Feature","properties":{"jobs":19,"pop":0,"pointCount":1,"homeWorkCommuteMedian":-1,"workHomeCommuteMedian":47744},"geometry":{"type":"Polygon","coordinates":[[[21.58498295837608,56.37385380444142],[21.58498295837608,56.38284700807866],[21.593976162013327,56.38284700807866],[21.593976162013327,56.37385380444142],[21.58498295837608,56.37385380444142]]]}},{"type":"Feature","properties":{"jobs":0,"pop":8,"pointCount":1,"homeWorkCommuteMedian":1235,"workHomeCommuteMedian":-1},"geometry":{"type":"Polygon","coordinates":[[[21.58498295837608,56.42781302626489],[21.58498295837608,56.43680622990214],[21.593976162013327,56.43680622990214],[21.593976162013327,56.42781302626489],[21.58498295837608,56.42781302626489]]]}},{"type":"Feature","properties":{"jobs":150,"pop":101,"pointCount":11,"homeWorkCommuteMedian":32038,"workHomeCommuteMedian":3109},"geometry":{"type":"Polygon","coordinates":[[[21.58498295837608,56.43680622990214],[21.58498295837608,56.445799433539385],[21.593976162013327,56.445799433539385],[21.593976162013327,56.43680622990214],[21.58498295837608,56.43680622990214]]]}},{"type":"Feature","properties":{"jobs":62,"pop":53,"pointCount":9,"homeWorkCommuteMedian":2518,"workHomeCommuteMedian":18971},"geometry":{"type":"Polygon","coordinates":[[[21.58498295837608,56.445799433539385],[21.58498295837608,56.45479263717663],[21.593976162013327,56.45479263717663],[21.593976162013327,56.445799433539385],[21.58498295837608,56.445799433539385]]]}},{"type":"Feature","properties":{"jobs":0,"pop":6,"pointCount":1,"homeWorkCommuteMedian":3590,"workHomeCommuteMedian":-1},"geometry":{"type":"Polygon","coordinates":[[[21.58498295837608,56.45479263717663],[21.58498295837608,56.46378584081388],[21.593976162013327,56.46378584081388],[21.593976162013327,56.45479263717663],[21.58498295837608,56.45479263717663]]]}},{"type":"Feature","properties":{"jobs":17,"pop":0,"pointCount":1,"homeWorkCommuteMedian":-1,"workHomeCommuteMedian":24795},"geometry":{"type":"Polygon","coordinates":[[[21.58498295837608,56.46378584081388],[21.58498295837608,56.47277904445112],[21.593976162013327,56.47277904445112],[21.593976162013327,56.46378584081388],[21.58498295837608,56.46378584081388]]]}},{"type":"Feature","properties":{"jobs":13,"pop":31,"pointCount":4,"homeWorkCommuteMedian":2172,"workHomeCommuteMedian":2539},"geometry":{"type":"Polygon","coordinates":[[[21.58498295837608,56.70660233901952],[21.58498295837608,56.715595542656764],[21.593976162013327,56.715595542656764],[21.593976162013327,56.70660233901952],[21.58498295837608,56.70660233901952]]]}},{"type":"Feature","properties":{"jobs":62,"pop":75,"pointCount":14,"homeWorkCommuteMedian":13717,"workHomeCommuteMedian":2075},"geometry":{"type":"Polygon","coordinates":[[[21.58498295837608,56.715595542656764],[21.58498295837608,56.72458874629401],[21.593976162013327,56.72458874629401],[21.593976162013327,56.715595542656764],[21.58498295837608,56.715595542656764]]]}},{"type":"Feature","properties":{"jobs":63,"pop":52,"pointCount":9,"homeWorkCommuteMedian":40926,"workHomeCommuteMedian":2113},"geometry":{"type":"Polygon","coordinates":[[[21.58498295837608,56.72458874629401],[21.58498295837608,56.733581949931256],[21.593976162013327,56.733581949931256],[21.593976162013327,56.72458874629401],[21.58498295837608,56.72458874629401]]]}},{"type":"Feature","properties":{"jobs":0,"pop":5,"pointCount":1,"homeWorkCommuteMedian":48891,"workHomeCommuteMedian":-1},"geometry":{"type":"Polygon","coordinates":[[[21.58498295837608,56.733581949931256],[21.58498295837608,56.7425751535685],[21.593976162013327,56.7425751535685],[21.593976162013327,56.733581949931256],[21.58498295837608,56.733581949931256]]]}},{"type":"Feature","properties":{"jobs":36,"pop":96,"pointCount":8,"homeWorkCommuteMedian":8818,"workHomeCommuteMedian":5488},"geometry":{"type":"Polygon","coordinates":[[[21.593976162013327,56.36486060080417],[21.593976162013327,56.37385380444142],[21.602969365650573,56.37385380444142],[21.602969365650573,56.36486060080417],[21.593976162013327,56.36486060080417]]]}},{"type":"Feature","properties":{"jobs":64,"pop":65,"pointCount":10,"homeWorkCommuteMedian":2246,"workHomeCommuteMedian":2246},"geometry":{"type":"Polygon","coordinates":[[[21.593976162013327,56.43680622990214],[21.593976162013327,56.445799433539385],[21.602969365650573,56.445799433539385],[21.602969365650573,56.43680622990214],[21.593976162013327,56.43680622990214]]]}},{"type":"Feature","properties":{"jobs":0,"pop":100,"pointCount":12,"homeWorkCommuteMedian":3213,"workHomeCommuteMedian":-1},"geometry":{"type":"Polygon","coordinates":[[[21.593976162013327,56.445799433539385],[21.593976162013327,56.45479263717663],[21.602969365650573,56.45479263717663],[21.602969365650573,56.445799433539385],[21.593976162013327,56.445799433539385]]]}},{"type":"Feature","properties":{"jobs":0,"pop":14,"pointCount":2,"homeWorkCommuteMedian":2392,"workHomeCommuteMedian":-1},"geometry":{"type":"Polygon","coordinates":[[[21.593976162013327,56.45479263717663],[21.593976162013327,56.46378584081388],[21.602969365650573,56.46378584081388],[21.602969365650573,56.45479263717663],[21.593976162013327,56.45479263717663]]]}},{"type":"Feature","properties":{"jobs":0,"pop":5,"pointCount":1,"homeWorkCommuteMedian":1266,"workHomeCommuteMedian":-1},"geometry":{"type":"Polygon","coordinates":[[[21.593976162013327,56.70660233901952],[21.593976162013327,56.715595542656764],[21.602969365650573,56.715595542656764],[21.602969365650573,56.70660233901952],[21.593976162013327,56.70660233901952]]]}},{"type":"Feature","properties":{"jobs":318,"pop":157,"pointCount":14,"homeWorkCommuteMedian":29939,"workHomeCommuteMedian":1832},"geometry":{"type":"Polygon","coordinates":[[[21.593976162013327,56.715595542656764],[21.593976162013327,56.72458874629401],[21.602969365650573,56.72458874629401],[21.602969365650573,56.715595542656764],[21.593976162013327,56.715595542656764]]]}},{"type":"Feature","properties":{"jobs":0,"pop":171,"pointCount":6,"homeWorkCommuteMedian":3907,"workHomeCommuteMedian":-1},"geometry":{"type":"Polygon","coordinates":[[[21.593976162013327,56.72458874629401],[21.593976162013327,56.733581949931256],[21.602969365650573,56.733581949931256],[21.602969365650573,56.72458874629401],[21.593976162013327,56.72458874629401]]]}},{"type":"Feature","properties":{"jobs":0,"pop":20,"pointCount":2,"homeWorkCommuteMedian":42614,"workHomeCommuteMedian":-1},"geometry":{"type":"Polygon","coordinates":[[[21.593976162013327,56.7425751535685],[21.593976162013327,56.75156835720575],[21.602969365650573,56.75156835720575],[21.602969365650573,56.7425751535685],[21.593976162013327,56.7425751535685]]]}},{"type":"Feature","properties":{"jobs":9,"pop":0,"pointCount":1,"homeWorkCommuteMedian":-1,"workHomeCommuteMedian":7452},"geometry":{"type":"Polygon","coordinates":[[[21.593976162013327,56.868480004489946],[21.593976162013327,56.87747320812719],[21.602969365650573,56.87747320812719],[21.602969365650573,56.868480004489946],[21.593976162013327,56.868480004489946]]]}},{"type":"Feature","properties":{"jobs":5,"pop":25,"pointCount":2,"homeWorkCommuteMedian":40004,"workHomeCommuteMedian":7988},"geometry":{"type":"Polygon","coordinates":[[[21.593976162013327,56.87747320812719],[21.593976162013327,56.88646641176444],[21.602969365650573,56.88646641176444],[21.602969365650573,56.87747320812719],[21.593976162013327,56.87747320812719]]]}},{"type":"Feature","properties":{"jobs":18,"pop":22,"pointCount":4,"homeWorkCommuteMedian":51060,"workHomeCommuteMedian":53841},"geometry":{"type":"Polygon","coordinates":[[[21.602969365650573,56.36486060080417],[21.602969365650573,56.37385380444142],[21.61196256928782,56.37385380444142],[21.61196256928782,56.36486060080417],[21.602969365650573,56.36486060080417]]]}},{"type":"Feature","properties":{"jobs":0,"pop":87,"pointCount":6,"homeWorkCommuteMedian":32452,"workHomeCommuteMedian":-1},"geometry":{"type":"Polygon","coordinates":[[[21.602969365650573,56.43680622990214],[21.602969365650573,56.445799433539385],[21.61196256928782,56.445799433539385],[21.61196256928782,56.43680622990214],[21.602969365650573,56.43680622990214]]]}},{"type":"Feature","properties":{"jobs":9,"pop":10,"pointCount":2,"homeWorkCommuteMedian":2662,"workHomeCommuteMedian":17845},"geometry":{"type":"Polygon","coordinates":[[[21.602969365650573,56.445799433539385],[21.602969365650573,56.45479263717663],[21.61196256928782,56.45479263717663],[21.61196256928782,56.445799433539385],[21.602969365650573,56.445799433539385]]]}},{"type":"Feature","properties":{"jobs":0,"pop":9,"pointCount":1,"homeWorkCommuteMedian":40481,"workHomeCommuteMedian":-1},"geometry":{"type":"Polygon","coordinates":[[[21.602969365650573,56.580697488098075],[21.602969365650573,56.58969069173532],[21.61196256928782,56.58969069173532],[21.61196256928782,56.580697488098075],[21.602969365650573,56.580697488098075]]]}},{"type":"Feature","properties":{"jobs":0,"pop":60,"pointCount":4,"homeWorkCommuteMedian":30047,"workHomeCommuteMedian":-1},"geometry":{"type":"Polygon","coordinates":[[[21.602969365650573,56.70660233901952],[21.602969365650573,56.715595542656764],[21.61196256928782,56.715595542656764],[21.61196256928782,56.70660233901952],[21.602969365650573,56.70660233901952]]]}},{"type":"Feature","properties":{"jobs":345,"pop":474,"pointCount":29,"homeWorkCommuteMedian":3798,"workHomeCommuteMedian":1293},"geometry":{"type":"Polygon","coordinates":[[[21.602969365650573,56.715595542656764],[21.602969365650573,56.72458874629401],[21.61196256928782,56.72458874629401],[21.61196256928782,56.715595542656764],[21.602969365650573,56.715595542656764]]]}},{"type":"Feature","properties":{"jobs":0,"pop":35,"pointCount":2,"homeWorkCommuteMedian":6852,"workHomeCommuteMedian":-1},"geometry":{"type":"Polygon","coordinates":[[[21.602969365650573,56.72458874629401],[21.602969365650573,56.733581949931256],[21.61196256928782,56.733581949931256],[21.61196256928782,56.72458874629401],[21.602969365650573,56.72458874629401]]]}},{"type":"Feature","properties":{"jobs":22,"pop":0,"pointCount":1,"homeWorkCommuteMedian":-1,"workHomeCommuteMedian":27704},"geometry":{"type":"Polygon","coordinates":[[[21.602969365650573,56.733581949931256],[21.602969365650573,56.7425751535685],[21.61196256928782,56.7425751535685],[21.61196256928782,56.733581949931256],[21.602969365650573,56.733581949931256]]]}},{"type":"Feature","properties":{"jobs":13,"pop":20,"pointCount":2,"homeWorkCommuteMedian":25461,"workHomeCommuteMedian":28164},"geometry":{"type":"Polygon","coordinates":[[[21.602969365650573,56.7425751535685],[21.602969365650573,56.75156835720575],[21.61196256928782,56.75156835720575],[21.61196256928782,56.7425751535685],[21.602969365650573,56.7425751535685]]]}},{"type":"Feature","properties":{"jobs":36,"pop":0,"pointCount":1,"homeWorkCommuteMedian":-1,"workHomeCommuteMedian":23782},"geometry":{"type":"Polygon","coordinates":[[[21.602969365650573,56.87747320812719],[21.602969365650573,56.88646641176444],[21.61196256928782,56.88646641176444],[21.61196256928782,56.87747320812719],[21.602969365650573,56.87747320812719]]]}},{"type":"Feature","properties":{"jobs":8,"pop":8,"pointCount":2,"homeWorkCommuteMedian":60839,"workHomeCommuteMedian":10164},"geometry":{"type":"Polygon","coordinates":[[[21.602969365650573,56.88646641176444],[21.602969365650573,56.895459615401684],[21.61196256928782,56.895459615401684],[21.61196256928782,56.88646641176444],[21.602969365650573,56.88646641176444]]]}},{"type":"Feature","properties":{"jobs":125,"pop":0,"pointCount":1,"homeWorkCommuteMedian":-1,"workHomeCommuteMedian":2825},"geometry":{"type":"Polygon","coordinates":[[[21.61196256928782,56.445799433539385],[21.61196256928782,56.45479263717663],[21.620955772925065,56.45479263717663],[21.620955772925065,56.445799433539385],[21.61196256928782,56.445799433539385]]]}},{"type":"Feature","properties":{"jobs":0,"pop":12,"pointCount":1,"homeWorkCommuteMedian":14236,"workHomeCommuteMedian":-1},"geometry":{"type":"Polygon","coordinates":[[[21.61196256928782,56.56271108082358],[21.61196256928782,56.57170428446083],[21.620955772925065,56.57170428446083],[21.620955772925065,56.56271108082358],[21.61196256928782,56.56271108082358]]]}},{"type":"Feature","properties":{"jobs":0,"pop":7,"pointCount":1,"homeWorkCommuteMedian":13647,"workHomeCommuteMedian":-1},"geometry":{"type":"Polygon","coordinates":[[[21.61196256928782,56.580697488098075],[21.61196256928782,56.58969069173532],[21.620955772925065,56.58969069173532],[21.620955772925065,56.580697488098075],[21.61196256928782,56.580697488098075]]]}},{"type":"Feature","properties":{"jobs":0,"pop":9,"pointCount":1,"homeWorkCommuteMedian":33406,"workHomeCommuteMedian":-1},"geometry":{"type":"Polygon","coordinates":[[[21.61196256928782,56.58969069173532],[21.61196256928782,56.59868389537257],[21.620955772925065,56.59868389537257],[21.620955772925065,56.58969069173532],[21.61196256928782,56.58969069173532]]]}},{"type":"Feature","properties":{"jobs":17,"pop":79,"pointCount":13,"homeWorkCommuteMedian":41973,"workHomeCommuteMedian":6891},"geometry":{"type":"Polygon","coordinates":[[[21.61196256928782,56.70660233901952],[21.61196256928782,56.715595542656764],[21.620955772925065,56.715595542656764],[21.620955772925065,56.70660233901952],[21.61196256928782,56.70660233901952]]]}},{"type":"Feature","properties":{"jobs":164,"pop":178,"pointCount":20,"homeWorkCommuteMedian":9066,"workHomeCommuteMedian":2036},"geometry":{"type":"Polygon","coordinates":[[[21.61196256928782,56.715595542656764],[21.61196256928782,56.72458874629401],[21.620955772925065,56.72458874629401],[21.620955772925065,56.715595542656764],[21.61196256928782,56.715595542656764]]]}},{"type":"Feature","properties":{"jobs":0,"pop":30,"pointCount":4,"homeWorkCommuteMedian":2075,"workHomeCommuteMedian":-1},"geometry":{"type":"Polygon","coordinates":[[[21.61196256928782,56.72458874629401],[21.61196256928782,56.733581949931256],[21.620955772925065,56.733581949931256],[21.620955772925065,56.72458874629401],[21.61196256928782,56.72458874629401]]]}},{"type":"Feature","properties":{"jobs":0,"pop":35,"pointCount":1,"homeWorkCommuteMedian":5324,"workHomeCommuteMedian":-1},"geometry":{"type":"Polygon","coordinates":[[[21.61196256928782,56.760561560842994],[21.61196256928782,56.76955476448024],[21.620955772925065,56.76955476448024],[21.620955772925065,56.760561560842994],[21.61196256928782,56.760561560842994]]]}},{"type":"Feature","properties":{"jobs":0,"pop":22,"pointCount":1,"homeWorkCommuteMedian":53446,"workHomeCommuteMedian":-1},"geometry":{"type":"Polygon","coordinates":[[[21.620955772925065,56.32888778625519],[21.620955772925065,56.33788098989243],[21.62994897656231,56.33788098989243],[21.62994897656231,56.32888778625519],[21.620955772925065,56.32888778625519]]]}},{"type":"Feature","properties":{"jobs":7,"pop":0,"pointCount":1,"homeWorkCommuteMedian":-1,"workHomeCommuteMedian":4293},"geometry":{"type":"Polygon","coordinates":[[[21.620955772925065,56.41881982262765],[21.620955772925065,56.42781302626489],[21.62994897656231,56.42781302626489],[21.62994897656231,56.41881982262765],[21.620955772925065,56.41881982262765]]]}},{"type":"Feature","properties":{"jobs":0,"pop":15,"pointCount":1,"homeWorkCommuteMedian":3443,"workHomeCommuteMedian":-1},"geometry":{"type":"Polygon","coordinates":[[[21.620955772925065,56.42781302626489],[21.620955772925065,56.43680622990214],[21.62994897656231,56.43680622990214],[21.62994897656231,56.42781302626489],[21.620955772925065,56.42781302626489]]]}},{"type":"Feature","properties":{"jobs":0,"pop":15,"pointCount":1,"homeWorkCommuteMedian":8901,"workHomeCommuteMedian":-1},"geometry":{"type":"Polygon","coordinates":[[[21.620955772925065,56.58969069173532],[21.620955772925065,56.59868389537257],[21.62994897656231,56.59868389537257],[21.62994897656231,56.58969069173532],[21.620955772925065,56.58969069173532]]]}},{"type":"Feature","properties":{"jobs":7,"pop":0,"pointCount":1,"homeWorkCommuteMedian":-1,"workHomeCommuteMedian":17521},"geometry":{"type":"Polygon","coordinates":[[[21.620955772925065,56.69760913538227],[21.620955772925065,56.70660233901952],[21.62994897656231,56.70660233901952],[21.62994897656231,56.69760913538227],[21.620955772925065,56.69760913538227]]]}},{"type":"Feature","properties":{"jobs":109,"pop":100,"pointCount":7,"homeWorkCommuteMedian":42923,"workHomeCommuteMedian":3177},"geometry":{"type":"Polygon","coordinates":[[[21.620955772925065,56.70660233901952],[21.620955772925065,56.715595542656764],[21.62994897656231,56.715595542656764],[21.62994897656231,56.70660233901952],[21.620955772925065,56.70660233901952]]]}},{"type":"Feature","properties":{"jobs":0,"pop":24,"pointCount":2,"homeWorkCommuteMedian":38842,"workHomeCommuteMedian":-1},"geometry":{"type":"Polygon","coordinates":[[[21.620955772925065,56.715595542656764],[21.620955772925065,56.72458874629401],[21.62994897656231,56.72458874629401],[21.62994897656231,56.715595542656764],[21.620955772925065,56.715595542656764]]]}},{"type":"Feature","properties":{"jobs":1,"pop":13,"pointCount":1,"homeWorkCommuteMedian":16360,"workHomeCommuteMedian":11731},"geometry":{"type":"Polygon","coordinates":[[[21.62994897656231,56.39184021171591],[21.62994897656231,56.400833415353155],[21.638942180199557,56.400833415353155],[21.638942180199557,56.39184021171591],[21.62994897656231,56.39184021171591]]]}},{"type":"Feature","properties":{"jobs":0,"pop":10,"pointCount":1,"homeWorkCommuteMedian":4293,"workHomeCommuteMedian":-1},"geometry":{"type":"Polygon","coordinates":[[[21.62994897656231,56.43680622990214],[21.62994897656231,56.445799433539385],[21.638942180199557,56.445799433539385],[21.638942180199557,56.43680622990214],[21.62994897656231,56.43680622990214]]]}},{"type":"Feature","properties":{"jobs":8,"pop":0,"pointCount":1,"homeWorkCommuteMedian":-1,"workHomeCommuteMedian":32031},"geometry":{"type":"Polygon","coordinates":[[[21.62994897656231,56.60767709900981],[21.62994897656231,56.61667030264706],[21.638942180199557,56.61667030264706],[21.638942180199557,56.60767709900981],[21.62994897656231,56.60767709900981]]]}},{"type":"Feature","properties":{"jobs":29,"pop":0,"pointCount":1,"homeWorkCommuteMedian":-1,"workHomeCommuteMedian":5066},"geometry":{"type":"Polygon","coordinates":[[[21.62994897656231,56.688615931745026],[21.62994897656231,56.69760913538227],[21.638942180199557,56.69760913538227],[21.638942180199557,56.688615931745026],[21.62994897656231,56.688615931745026]]]}},{"type":"Feature","properties":{"jobs":22,"pop":0,"pointCount":1,"homeWorkCommuteMedian":-1,"workHomeCommuteMedian":12237},"geometry":{"type":"Polygon","coordinates":[[[21.62994897656231,56.69760913538227],[21.62994897656231,56.70660233901952],[21.638942180199557,56.70660233901952],[21.638942180199557,56.69760913538227],[21.62994897656231,56.69760913538227]]]}},{"type":"Feature","properties":{"jobs":7,"pop":0,"pointCount":1,"homeWorkCommuteMedian":-1,"workHomeCommuteMedian":6342},"geometry":{"type":"Polygon","coordinates":[[[21.62994897656231,56.895459615401684],[21.62994897656231,56.90445281903893],[21.638942180199557,56.90445281903893],[21.638942180199557,56.895459615401684],[21.62994897656231,56.895459615401684]]]}},{"type":"Feature","properties":{"jobs":10,"pop":25,"pointCount":2,"homeWorkCommuteMedian":41786,"workHomeCommuteMedian":27766},"geometry":{"type":"Polygon","coordinates":[[[21.62994897656231,56.913446022676176],[21.62994897656231,56.92243922631342],[21.638942180199557,56.92243922631342],[21.638942180199557,56.913446022676176],[21.62994897656231,56.913446022676176]]]}},{"type":"Feature","properties":{"jobs":0,"pop":15,"pointCount":1,"homeWorkCommuteMedian":68766,"workHomeCommuteMedian":-1},"geometry":{"type":"Polygon","coordinates":[[[21.62994897656231,56.92243922631342],[21.62994897656231,56.93143242995067],[21.638942180199557,56.93143242995067],[21.638942180199557,56.92243922631342],[21.62994897656231,56.92243922631342]]]}},{"type":"Feature","properties":{"jobs":15,"pop":0,"pointCount":1,"homeWorkCommuteMedian":-1,"workHomeCommuteMedian":24894},"geometry":{"type":"Polygon","coordinates":[[[21.638942180199557,56.355867397166925],[21.638942180199557,56.36486060080417],[21.647935383836803,56.36486060080417],[21.647935383836803,56.355867397166925],[21.638942180199557,56.355867397166925]]]}},{"type":"Feature","properties":{"jobs":0,"pop":14,"pointCount":1,"homeWorkCommuteMedian":20606,"workHomeCommuteMedian":-1},"geometry":{"type":"Polygon","coordinates":[[[21.638942180199557,56.39184021171591],[21.638942180199557,56.400833415353155],[21.647935383836803,56.400833415353155],[21.647935383836803,56.39184021171591],[21.638942180199557,56.39184021171591]]]}},{"type":"Feature","properties":{"jobs":23,"pop":20,"pointCount":3,"homeWorkCommuteMedian":31255,"workHomeCommuteMedian":10967},"geometry":{"type":"Polygon","coordinates":[[[21.638942180199557,56.43680622990214],[21.638942180199557,56.445799433539385],[21.647935383836803,56.445799433539385],[21.647935383836803,56.43680622990214],[21.638942180199557,56.43680622990214]]]}},{"type":"Feature","properties":{"jobs":0,"pop":18,"pointCount":1,"homeWorkCommuteMedian":12077,"workHomeCommuteMedian":-1},"geometry":{"type":"Polygon","coordinates":[[[21.638942180199557,56.580697488098075],[21.638942180199557,56.58969069173532],[21.647935383836803,56.58969069173532],[21.647935383836803,56.580697488098075],[21.638942180199557,56.580697488098075]]]}},{"type":"Feature","properties":{"jobs":13,"pop":13,"pointCount":2,"homeWorkCommuteMedian":52498,"workHomeCommuteMedian":45334},"geometry":{"type":"Polygon","coordinates":[[[21.638942180199557,56.67962272810778],[21.638942180199557,56.688615931745026],[21.647935383836803,56.688615931745026],[21.647935383836803,56.67962272810778],[21.638942180199557,56.67962272810778]]]}},{"type":"Feature","properties":{"jobs":44,"pop":0,"pointCount":1,"homeWorkCommuteMedian":-1,"workHomeCommuteMedian":30370},"geometry":{"type":"Polygon","coordinates":[[[21.638942180199557,56.69760913538227],[21.638942180199557,56.70660233901952],[21.647935383836803,56.70660233901952],[21.647935383836803,56.69760913538227],[21.638942180199557,56.69760913538227]]]}},{"type":"Feature","properties":{"jobs":6,"pop":0,"pointCount":1,"homeWorkCommuteMedian":-1,"workHomeCommuteMedian":7195},"geometry":{"type":"Polygon","coordinates":[[[21.638942180199557,56.72458874629401],[21.638942180199557,56.733581949931256],[21.647935383836803,56.733581949931256],[21.647935383836803,56.72458874629401],[21.638942180199557,56.72458874629401]]]}},{"type":"Feature","properties":{"jobs":0,"pop":13,"pointCount":1,"homeWorkCommuteMedian":54355,"workHomeCommuteMedian":-1},"geometry":{"type":"Polygon","coordinates":[[[21.638942180199557,56.823513986303716],[21.638942180199557,56.83250718994096],[21.647935383836803,56.83250718994096],[21.647935383836803,56.823513986303716],[21.638942180199557,56.823513986303716]]]}},{"type":"Feature","properties":{"jobs":13,"pop":10,"pointCount":1,"homeWorkCommuteMedian":44727,"workHomeCommuteMedian":35959},"geometry":{"type":"Polygon","coordinates":[[[21.647935383836803,56.580697488098075],[21.647935383836803,56.58969069173532],[21.65692858747405,56.58969069173532],[21.65692858747405,56.580697488098075],[21.647935383836803,56.580697488098075]]]}},{"type":"Feature","properties":{"jobs":5,"pop":12,"pointCount":1,"homeWorkCommuteMedian":49943,"workHomeCommuteMedian":10932},"geometry":{"type":"Polygon","coordinates":[[[21.647935383836803,56.65264311719604],[21.647935383836803,56.66163632083329],[21.65692858747405,56.66163632083329],[21.65692858747405,56.65264311719604],[21.647935383836803,56.65264311719604]]]}},{"type":"Feature","properties":{"jobs":0,"pop":12,"pointCount":1,"homeWorkCommuteMedian":6463,"workHomeCommuteMedian":-1},"geometry":{"type":"Polygon","coordinates":[[[21.647935383836803,56.72458874629401],[21.647935383836803,56.733581949931256],[21.65692858747405,56.733581949931256],[21.65692858747405,56.72458874629401],[21.647935383836803,56.72458874629401]]]}},{"type":"Feature","properties":{"jobs":0,"pop":6,"pointCount":1,"homeWorkCommuteMedian":12172,"workHomeCommuteMedian":-1},"geometry":{"type":"Polygon","coordinates":[[[21.647935383836803,56.81452078266647],[21.647935383836803,56.823513986303716],[21.65692858747405,56.823513986303716],[21.65692858747405,56.81452078266647],[21.647935383836803,56.81452078266647]]]}},{"type":"Feature","properties":{"jobs":0,"pop":11,"pointCount":1,"homeWorkCommuteMedian":61982,"workHomeCommuteMedian":-1},"geometry":{"type":"Polygon","coordinates":[[[21.647935383836803,56.823513986303716],[21.647935383836803,56.83250718994096],[21.65692858747405,56.83250718994096],[21.65692858747405,56.823513986303716],[21.647935383836803,56.823513986303716]]]}},{"type":"Feature","properties":{"jobs":15,"pop":0,"pointCount":1,"homeWorkCommuteMedian":-1,"workHomeCommuteMedian":20606},"geometry":{"type":"Polygon","coordinates":[[[21.65692858747405,56.51774506263735],[21.65692858747405,56.5267382662746],[21.665921791111295,56.5267382662746],[21.665921791111295,56.51774506263735],[21.65692858747405,56.51774506263735]]]}},{"type":"Feature","properties":{"jobs":44,"pop":0,"pointCount":1,"homeWorkCommuteMedian":-1,"workHomeCommuteMedian":7997},"geometry":{"type":"Polygon","coordinates":[[[21.65692858747405,56.670629524470534],[21.65692858747405,56.67962272810778],[21.665921791111295,56.67962272810778],[21.665921791111295,56.670629524470534],[21.65692858747405,56.670629524470534]]]}},{"type":"Feature","properties":{"jobs":1,"pop":0,"pointCount":1,"homeWorkCommuteMedian":-1,"workHomeCommuteMedian":4952},"geometry":{"type":"Polygon","coordinates":[[[21.65692858747405,56.72458874629401],[21.65692858747405,56.733581949931256],[21.665921791111295,56.733581949931256],[21.665921791111295,56.72458874629401],[21.65692858747405,56.72458874629401]]]}},{"type":"Feature","properties":{"jobs":14,"pop":5,"pointCount":3,"homeWorkCommuteMedian":13370,"workHomeCommuteMedian":9499},"geometry":{"type":"Polygon","coordinates":[[[21.65692858747405,56.79653437539198],[21.65692858747405,56.805527579029224],[21.665921791111295,56.805527579029224],[21.665921791111295,56.79653437539198],[21.65692858747405,56.79653437539198]]]}},{"type":"Feature","properties":{"jobs":18,"pop":0,"pointCount":1,"homeWorkCommuteMedian":-1,"workHomeCommuteMedian":39069},"geometry":{"type":"Polygon","coordinates":[[[21.65692858747405,56.823513986303716],[21.65692858747405,56.83250718994096],[21.665921791111295,56.83250718994096],[21.665921791111295,56.823513986303716],[21.65692858747405,56.823513986303716]]]}},{"type":"Feature","properties":{"jobs":21,"pop":0,"pointCount":1,"homeWorkCommuteMedian":-1,"workHomeCommuteMedian":15243},"geometry":{"type":"Polygon","coordinates":[[[21.65692858747405,56.83250718994096],[21.65692858747405,56.84150039357821],[21.665921791111295,56.84150039357821],[21.665921791111295,56.83250718994096],[21.65692858747405,56.83250718994096]]]}},{"type":"Feature","properties":{"jobs":9,"pop":27,"pointCount":1,"homeWorkCommuteMedian":14873,"workHomeCommuteMedian":7827},"geometry":{"type":"Polygon","coordinates":[[[21.665921791111295,56.33788098989243],[21.665921791111295,56.34687419352968],[21.67491499474854,56.34687419352968],[21.67491499474854,56.33788098989243],[21.665921791111295,56.33788098989243]]]}},{"type":"Feature","properties":{"jobs":11,"pop":33,"pointCount":1,"homeWorkCommuteMedian":9414,"workHomeCommuteMedian":41912},"geometry":{"type":"Polygon","coordinates":[[[21.665921791111295,56.47277904445112],[21.665921791111295,56.48177224808837],[21.67491499474854,56.48177224808837],[21.67491499474854,56.47277904445112],[21.665921791111295,56.47277904445112]]]}},{"type":"Feature","properties":{"jobs":0,"pop":56,"pointCount":5,"homeWorkCommuteMedian":56908,"workHomeCommuteMedian":-1},"geometry":{"type":"Polygon","coordinates":[[[21.665921791111295,56.79653437539198],[21.665921791111295,56.805527579029224],[21.67491499474854,56.805527579029224],[21.67491499474854,56.79653437539198],[21.665921791111295,56.79653437539198]]]}},{"type":"Feature","properties":{"jobs":7,"pop":0,"pointCount":1,"homeWorkCommuteMedian":-1,"workHomeCommuteMedian":22736},"geometry":{"type":"Polygon","coordinates":[[[21.665921791111295,56.83250718994096],[21.665921791111295,56.84150039357821],[21.67491499474854,56.84150039357821],[21.67491499474854,56.83250718994096],[21.665921791111295,56.83250718994096]]]}},{"type":"Feature","properties":{"jobs":15,"pop":0,"pointCount":1,"homeWorkCommuteMedian":-1,"workHomeCommuteMedian":82942},"geometry":{"type":"Polygon","coordinates":[[[21.67491499474854,56.355867397166925],[21.67491499474854,56.36486060080417],[21.683908198385787,56.36486060080417],[21.683908198385787,56.355867397166925],[21.67491499474854,56.355867397166925]]]}},{"type":"Feature","properties":{"jobs":42,"pop":25,"pointCount":1,"homeWorkCommuteMedian":55144,"workHomeCommuteMedian":24751},"geometry":{"type":"Polygon","coordinates":[[[21.67491499474854,56.36486060080417],[21.67491499474854,56.37385380444142],[21.683908198385787,56.37385380444142],[21.683908198385787,56.36486060080417],[21.67491499474854,56.36486060080417]]]}},{"type":"Feature","properties":{"jobs":0,"pop":8,"pointCount":1,"homeWorkCommuteMedian":54246,"workHomeCommuteMedian":-1},"geometry":{"type":"Polygon","coordinates":[[[21.67491499474854,56.72458874629401],[21.67491499474854,56.733581949931256],[21.683908198385787,56.733581949931256],[21.683908198385787,56.72458874629401],[21.67491499474854,56.72458874629401]]]}},{"type":"Feature","properties":{"jobs":6,"pop":11,"pointCount":1,"homeWorkCommuteMedian":10272,"workHomeCommuteMedian":10352},"geometry":{"type":"Polygon","coordinates":[[[21.67491499474854,56.8594868008527],[21.67491499474854,56.868480004489946],[21.683908198385787,56.868480004489946],[21.683908198385787,56.8594868008527],[21.67491499474854,56.8594868008527]]]}},{"type":"Feature","properties":{"jobs":6,"pop":0,"pointCount":1,"homeWorkCommuteMedian":-1,"workHomeCommuteMedian":2786},"geometry":{"type":"Polygon","coordinates":[[[21.67491499474854,56.87747320812719],[21.67491499474854,56.88646641176444],[21.683908198385787,56.88646641176444],[21.683908198385787,56.87747320812719],[21.67491499474854,56.87747320812719]]]}},{"type":"Feature","properties":{"jobs":6,"pop":0,"pointCount":1,"homeWorkCommuteMedian":-1,"workHomeCommuteMedian":6370},"geometry":{"type":"Polygon","coordinates":[[[21.683908198385787,56.355867397166925],[21.683908198385787,56.36486060080417],[21.692901402023033,56.36486060080417],[21.692901402023033,56.355867397166925],[21.683908198385787,56.355867397166925]]]}},{"type":"Feature","properties":{"jobs":12,"pop":0,"pointCount":1,"homeWorkCommuteMedian":-1,"workHomeCommuteMedian":32432},"geometry":{"type":"Polygon","coordinates":[[[21.683908198385787,56.580697488098075],[21.683908198385787,56.58969069173532],[21.692901402023033,56.58969069173532],[21.692901402023033,56.580697488098075],[21.683908198385787,56.580697488098075]]]}},{"type":"Feature","properties":{"jobs":30,"pop":0,"pointCount":1,"homeWorkCommuteMedian":-1,"workHomeCommuteMedian":12077},"geometry":{"type":"Polygon","coordinates":[[[21.683908198385787,56.61667030264706],[21.683908198385787,56.625663506284305],[21.692901402023033,56.625663506284305],[21.692901402023033,56.61667030264706],[21.683908198385787,56.61667030264706]]]}},{"type":"Feature","properties":{"jobs":0,"pop":27,"pointCount":3,"homeWorkCommuteMedian":4061,"workHomeCommuteMedian":-1},"geometry":{"type":"Polygon","coordinates":[[[21.683908198385787,56.733581949931256],[21.683908198385787,56.7425751535685],[21.692901402023033,56.7425751535685],[21.692901402023033,56.733581949931256],[21.683908198385787,56.733581949931256]]]}},{"type":"Feature","properties":{"jobs":18,"pop":14,"pointCount":2,"homeWorkCommuteMedian":70703,"workHomeCommuteMedian":71134},"geometry":{"type":"Polygon","coordinates":[[[21.683908198385787,56.87747320812719],[21.683908198385787,56.88646641176444],[21.692901402023033,56.88646641176444],[21.692901402023033,56.87747320812719],[21.683908198385787,56.87747320812719]]]}},{"type":"Feature","properties":{"jobs":0,"pop":11,"pointCount":1,"homeWorkCommuteMedian":7988,"workHomeCommuteMedian":-1},"geometry":{"type":"Polygon","coordinates":[[[21.683908198385787,56.88646641176444],[21.683908198385787,56.895459615401684],[21.692901402023033,56.895459615401684],[21.692901402023033,56.88646641176444],[21.683908198385787,56.88646641176444]]]}},{"type":"Feature","properties":{"jobs":16,"pop":0,"pointCount":1,"homeWorkCommuteMedian":-1,"workHomeCommuteMedian":2884},"geometry":{"type":"Polygon","coordinates":[[[21.683908198385787,56.895459615401684],[21.683908198385787,56.90445281903893],[21.692901402023033,56.90445281903893],[21.692901402023033,56.895459615401684],[21.683908198385787,56.895459615401684]]]}},{"type":"Feature","properties":{"jobs":0,"pop":14,"pointCount":1,"homeWorkCommuteMedian":63759,"workHomeCommuteMedian":-1},"geometry":{"type":"Polygon","coordinates":[[[21.683908198385787,56.90445281903893],[21.683908198385787,56.913446022676176],[21.692901402023033,56.913446022676176],[21.692901402023033,56.90445281903893],[21.683908198385787,56.90445281903893]]]}},{"type":"Feature","properties":{"jobs":12,"pop":0,"pointCount":1,"homeWorkCommuteMedian":-1,"workHomeCommuteMedian":32982},"geometry":{"type":"Polygon","coordinates":[[[21.692901402023033,56.6436499135588],[21.692901402023033,56.65264311719604],[21.70189460566028,56.65264311719604],[21.70189460566028,56.6436499135588],[21.692901402023033,56.6436499135588]]]}},{"type":"Feature","properties":{"jobs":9,"pop":7,"pointCount":1,"homeWorkCommuteMedian":54110,"workHomeCommuteMedian":2179},"geometry":{"type":"Polygon","coordinates":[[[21.692901402023033,56.733581949931256],[21.692901402023033,56.7425751535685],[21.70189460566028,56.7425751535685],[21.70189460566028,56.733581949931256],[21.692901402023033,56.733581949931256]]]}},{"type":"Feature","properties":{"jobs":0,"pop":22,"pointCount":1,"homeWorkCommuteMedian":26431,"workHomeCommuteMedian":-1},"geometry":{"type":"Polygon","coordinates":[[[21.692901402023033,56.87747320812719],[21.692901402023033,56.88646641176444],[21.70189460566028,56.88646641176444],[21.70189460566028,56.87747320812719],[21.692901402023033,56.87747320812719]]]}},{"type":"Feature","properties":{"jobs":11,"pop":27,"pointCount":2,"homeWorkCommuteMedian":18887,"workHomeCommuteMedian":26446},"geometry":{"type":"Polygon","coordinates":[[[21.692901402023033,56.895459615401684],[21.692901402023033,56.90445281903893],[21.70189460566028,56.90445281903893],[21.70189460566028,56.895459615401684],[21.692901402023033,56.895459615401684]]]}},{"type":"Feature","properties":{"jobs":8,"pop":30,"pointCount":2,"homeWorkCommuteMedian":5696,"workHomeCommuteMedian":7830},"geometry":{"type":"Polygon","coordinates":[[[21.70189460566028,56.688615931745026],[21.70189460566028,56.69760913538227],[21.710887809297525,56.69760913538227],[21.710887809297525,56.688615931745026],[21.70189460566028,56.688615931745026]]]}},{"type":"Feature","properties":{"jobs":0,"pop":15,"pointCount":2,"homeWorkCommuteMedian":54414,"workHomeCommuteMedian":-1},"geometry":{"type":"Polygon","coordinates":[[[21.710887809297525,56.625663506284305],[21.710887809297525,56.63465670992155],[21.71988101293477,56.63465670992155],[21.71988101293477,56.625663506284305],[21.710887809297525,56.625663506284305]]]}},{"type":"Feature","properties":{"jobs":12,"pop":20,"pointCount":1,"homeWorkCommuteMedian":66682,"workHomeCommuteMedian":66754},"geometry":{"type":"Polygon","coordinates":[[[21.710887809297525,56.895459615401684],[21.710887809297525,56.90445281903893],[21.71988101293477,56.90445281903893],[21.71988101293477,56.895459615401684],[21.710887809297525,56.895459615401684]]]}},{"type":"Feature","properties":{"jobs":7,"pop":12,"pointCount":2,"homeWorkCommuteMedian":24795,"workHomeCommuteMedian":21410},"geometry":{"type":"Polygon","coordinates":[[[21.71988101293477,56.31989458261794],[21.71988101293477,56.32888778625519],[21.728874216572017,56.32888778625519],[21.728874216572017,56.31989458261794],[21.71988101293477,56.31989458261794]]]}},{"type":"Feature","properties":{"jobs":10,"pop":0,"pointCount":1,"homeWorkCommuteMedian":-1,"workHomeCommuteMedian":10950},"geometry":{"type":"Polygon","coordinates":[[[21.71988101293477,56.32888778625519],[21.71988101293477,56.33788098989243],[21.728874216572017,56.33788098989243],[21.728874216572017,56.32888778625519],[21.71988101293477,56.32888778625519]]]}},{"type":"Feature","properties":{"jobs":11,"pop":0,"pointCount":1,"homeWorkCommuteMedian":-1,"workHomeCommuteMedian":21946},"geometry":{"type":"Polygon","coordinates":[[[21.71988101293477,56.60767709900981],[21.71988101293477,56.61667030264706],[21.728874216572017,56.61667030264706],[21.728874216572017,56.60767709900981],[21.71988101293477,56.60767709900981]]]}},{"type":"Feature","properties":{"jobs":0,"pop":19,"pointCount":1,"homeWorkCommuteMedian":5538,"workHomeCommuteMedian":-1},"geometry":{"type":"Polygon","coordinates":[[[21.71988101293477,56.688615931745026],[21.71988101293477,56.69760913538227],[21.728874216572017,56.69760913538227],[21.728874216572017,56.688615931745026],[21.71988101293477,56.688615931745026]]]}},{"type":"Feature","properties":{"jobs":0,"pop":18,"pointCount":2,"homeWorkCommuteMedian":49928,"workHomeCommuteMedian":-1},"geometry":{"type":"Polygon","coordinates":[[[21.71988101293477,56.715595542656764],[21.71988101293477,56.72458874629401],[21.728874216572017,56.72458874629401],[21.728874216572017,56.715595542656764],[21.71988101293477,56.715595542656764]]]}},{"type":"Feature","properties":{"jobs":0,"pop":78,"pointCount":3,"homeWorkCommuteMedian":23391,"workHomeCommuteMedian":-1},"geometry":{"type":"Polygon","coordinates":[[[21.71988101293477,56.72458874629401],[21.71988101293477,56.733581949931256],[21.728874216572017,56.733581949931256],[21.728874216572017,56.72458874629401],[21.71988101293477,56.72458874629401]]]}},{"type":"Feature","properties":{"jobs":5,"pop":0,"pointCount":1,"homeWorkCommuteMedian":-1,"workHomeCommuteMedian":10928},"geometry":{"type":"Polygon","coordinates":[[[21.71988101293477,56.7425751535685],[21.71988101293477,56.75156835720575],[21.728874216572017,56.75156835720575],[21.728874216572017,56.7425751535685],[21.71988101293477,56.7425751535685]]]}},{"type":"Feature","properties":{"jobs":21,"pop":0,"pointCount":1,"homeWorkCommuteMedian":-1,"workHomeCommuteMedian":19493},"geometry":{"type":"Polygon","coordinates":[[[21.71988101293477,56.75156835720575],[21.71988101293477,56.760561560842994],[21.728874216572017,56.760561560842994],[21.728874216572017,56.75156835720575],[21.71988101293477,56.75156835720575]]]}},{"type":"Feature","properties":{"jobs":0,"pop":14,"pointCount":2,"homeWorkCommuteMedian":10164,"workHomeCommuteMedian":-1},"geometry":{"type":"Polygon","coordinates":[[[21.71988101293477,56.90445281903893],[21.71988101293477,56.913446022676176],[21.728874216572017,56.913446022676176],[21.728874216572017,56.90445281903893],[21.71988101293477,56.90445281903893]]]}},{"type":"Feature","properties":{"jobs":41,"pop":102,"pointCount":10,"homeWorkCommuteMedian":48224,"workHomeCommuteMedian":8624},"geometry":{"type":"Polygon","coordinates":[[[21.728874216572017,56.59868389537257],[21.728874216572017,56.60767709900981],[21.737867420209263,56.60767709900981],[21.737867420209263,56.59868389537257],[21.728874216572017,56.59868389537257]]]}},{"type":"Feature","properties":{"jobs":32,"pop":26,"pointCount":4,"homeWorkCommuteMedian":40714,"workHomeCommuteMedian":19932},"geometry":{"type":"Polygon","coordinates":[[[21.728874216572017,56.60767709900981],[21.728874216572017,56.61667030264706],[21.737867420209263,56.61667030264706],[21.737867420209263,56.60767709900981],[21.728874216572017,56.60767709900981]]]}},{"type":"Feature","properties":{"jobs":85,"pop":70,"pointCount":9,"homeWorkCommuteMedian":12237,"workHomeCommuteMedian":9698},"geometry":{"type":"Polygon","coordinates":[[[21.728874216572017,56.715595542656764],[21.728874216572017,56.72458874629401],[21.737867420209263,56.72458874629401],[21.737867420209263,56.715595542656764],[21.728874216572017,56.715595542656764]]]}},{"type":"Feature","properties":{"jobs":109,"pop":24,"pointCount":6,"homeWorkCommuteMedian":10932,"workHomeCommuteMedian":8014},"geometry":{"type":"Polygon","coordinates":[[[21.728874216572017,56.72458874629401],[21.728874216572017,56.733581949931256],[21.737867420209263,56.733581949931256],[21.737867420209263,56.72458874629401],[21.728874216572017,56.72458874629401]]]}},{"type":"Feature","properties":{"jobs":69,"pop":20,"pointCount":4,"homeWorkCommuteMedian":379,"workHomeCommuteMedian":5696},"geometry":{"type":"Polygon","coordinates":[[[21.728874216572017,56.733581949931256],[21.728874216572017,56.7425751535685],[21.737867420209263,56.7425751535685],[21.737867420209263,56.733581949931256],[21.728874216572017,56.733581949931256]]]}},{"type":"Feature","properties":{"jobs":0,"pop":18,"pointCount":1,"homeWorkCommuteMedian":35959,"workHomeCommuteMedian":-1},"geometry":{"type":"Polygon","coordinates":[[[21.737867420209263,56.41881982262765],[21.737867420209263,56.42781302626489],[21.74686062384651,56.42781302626489],[21.74686062384651,56.41881982262765],[21.737867420209263,56.41881982262765]]]}},{"type":"Feature","properties":{"jobs":29,"pop":0,"pointCount":1,"homeWorkCommuteMedian":-1,"workHomeCommuteMedian":52754},"geometry":{"type":"Polygon","coordinates":[[[21.737867420209263,56.59868389537257],[21.737867420209263,56.60767709900981],[21.74686062384651,56.60767709900981],[21.74686062384651,56.59868389537257],[21.737867420209263,56.59868389537257]]]}},{"type":"Feature","properties":{"jobs":0,"pop":10,"pointCount":1,"homeWorkCommuteMedian":53071,"workHomeCommuteMedian":-1},"geometry":{"type":"Polygon","coordinates":[[[21.737867420209263,56.61667030264706],[21.737867420209263,56.625663506284305],[21.74686062384651,56.625663506284305],[21.74686062384651,56.61667030264706],[21.737867420209263,56.61667030264706]]]}},{"type":"Feature","properties":{"jobs":17,"pop":16,"pointCount":2,"homeWorkCommuteMedian":42781,"workHomeCommuteMedian":53161},"geometry":{"type":"Polygon","coordinates":[[[21.737867420209263,56.625663506284305],[21.737867420209263,56.63465670992155],[21.74686062384651,56.63465670992155],[21.74686062384651,56.625663506284305],[21.737867420209263,56.625663506284305]]]}},{"type":"Feature","properties":{"jobs":23,"pop":0,"pointCount":2,"homeWorkCommuteMedian":-1,"workHomeCommuteMedian":22740},"geometry":{"type":"Polygon","coordinates":[[[21.737867420209263,56.72458874629401],[21.737867420209263,56.733581949931256],[21.74686062384651,56.733581949931256],[21.74686062384651,56.72458874629401],[21.737867420209263,56.72458874629401]]]}},{"type":"Feature","properties":{"jobs":0,"pop":9,"pointCount":1,"homeWorkCommuteMedian":64108,"workHomeCommuteMedian":-1},"geometry":{"type":"Polygon","coordinates":[[[21.737867420209263,56.778547968117486],[21.737867420209263,56.78754117175473],[21.74686062384651,56.78754117175473],[21.74686062384651,56.778547968117486],[21.737867420209263,56.778547968117486]]]}},{"type":"Feature","properties":{"jobs":16,"pop":0,"pointCount":1,"homeWorkCommuteMedian":-1,"workHomeCommuteMedian":33755},"geometry":{"type":"Polygon","coordinates":[[[21.74686062384651,56.4098266189904],[21.74686062384651,56.41881982262765],[21.755853827483755,56.41881982262765],[21.755853827483755,56.4098266189904],[21.74686062384651,56.4098266189904]]]}},{"type":"Feature","properties":{"jobs":0,"pop":15,"pointCount":1,"homeWorkCommuteMedian":19260,"workHomeCommuteMedian":-1},"geometry":{"type":"Polygon","coordinates":[[[21.74686062384651,56.58969069173532],[21.74686062384651,56.59868389537257],[21.755853827483755,56.59868389537257],[21.755853827483755,56.58969069173532],[21.74686062384651,56.58969069173532]]]}},{"type":"Feature","properties":{"jobs":0,"pop":18,"pointCount":1,"homeWorkCommuteMedian":60212,"workHomeCommuteMedian":-1},"geometry":{"type":"Polygon","coordinates":[[[21.74686062384651,56.670629524470534],[21.74686062384651,56.67962272810778],[21.755853827483755,56.67962272810778],[21.755853827483755,56.670629524470534],[21.74686062384651,56.670629524470534]]]}},{"type":"Feature","properties":{"jobs":0,"pop":34,"pointCount":1,"homeWorkCommuteMedian":57626,"workHomeCommuteMedian":-1},"geometry":{"type":"Polygon","coordinates":[[[21.74686062384651,56.69760913538227],[21.74686062384651,56.70660233901952],[21.755853827483755,56.70660233901952],[21.755853827483755,56.69760913538227],[21.74686062384651,56.69760913538227]]]}},{"type":"Feature","properties":{"jobs":5,"pop":0,"pointCount":1,"homeWorkCommuteMedian":-1,"workHomeCommuteMedian":5671},"geometry":{"type":"Polygon","coordinates":[[[21.74686062384651,56.70660233901952],[21.74686062384651,56.715595542656764],[21.755853827483755,56.715595542656764],[21.755853827483755,56.70660233901952],[21.74686062384651,56.70660233901952]]]}},{"type":"Feature","properties":{"jobs":0,"pop":23,"pointCount":1,"homeWorkCommuteMedian":7830,"workHomeCommuteMedian":-1},"geometry":{"type":"Polygon","coordinates":[[[21.74686062384651,56.7425751535685],[21.74686062384651,56.75156835720575],[21.755853827483755,56.75156835720575],[21.755853827483755,56.7425751535685],[21.74686062384651,56.7425751535685]]]}},{"type":"Feature","properties":{"jobs":8,"pop":0,"pointCount":1,"homeWorkCommuteMedian":-1,"workHomeCommuteMedian":57889},"geometry":{"type":"Polygon","coordinates":[[[21.74686062384651,56.778547968117486],[21.74686062384651,56.78754117175473],[21.755853827483755,56.78754117175473],[21.755853827483755,56.778547968117486],[21.74686062384651,56.778547968117486]]]}},{"type":"Feature","properties":{"jobs":9,"pop":16,"pointCount":1,"homeWorkCommuteMedian":12082,"workHomeCommuteMedian":6488},"geometry":{"type":"Polygon","coordinates":[[[21.755853827483755,56.4098266189904],[21.755853827483755,56.41881982262765],[21.764847031121,56.41881982262765],[21.764847031121,56.4098266189904],[21.755853827483755,56.4098266189904]]]}},{"type":"Feature","properties":{"jobs":4,"pop":19,"pointCount":2,"homeWorkCommuteMedian":49638,"workHomeCommuteMedian":11435},"geometry":{"type":"Polygon","coordinates":[[[21.755853827483755,56.41881982262765],[21.755853827483755,56.42781302626489],[21.764847031121,56.42781302626489],[21.764847031121,56.41881982262765],[21.755853827483755,56.41881982262765]]]}},{"type":"Feature","properties":{"jobs":30,"pop":0,"pointCount":1,"homeWorkCommuteMedian":-1,"workHomeCommuteMedian":20947},"geometry":{"type":"Polygon","coordinates":[[[21.755853827483755,56.625663506284305],[21.755853827483755,56.63465670992155],[21.764847031121,56.63465670992155],[21.764847031121,56.625663506284305],[21.755853827483755,56.625663506284305]]]}},{"type":"Feature","properties":{"jobs":0,"pop":31,"pointCount":1,"homeWorkCommuteMedian":55180,"workHomeCommuteMedian":-1},"geometry":{"type":"Polygon","coordinates":[[[21.755853827483755,56.76955476448024],[21.755853827483755,56.778547968117486],[21.764847031121,56.778547968117486],[21.764847031121,56.76955476448024],[21.755853827483755,56.76955476448024]]]}},{"type":"Feature","properties":{"jobs":16,"pop":0,"pointCount":1,"homeWorkCommuteMedian":-1,"workHomeCommuteMedian":66527},"geometry":{"type":"Polygon","coordinates":[[[21.755853827483755,56.83250718994096],[21.755853827483755,56.84150039357821],[21.764847031121,56.84150039357821],[21.764847031121,56.83250718994096],[21.755853827483755,56.83250718994096]]]}},{"type":"Feature","properties":{"jobs":0,"pop":17,"pointCount":1,"homeWorkCommuteMedian":19720,"workHomeCommuteMedian":-1},"geometry":{"type":"Polygon","coordinates":[[[21.755853827483755,56.84150039357821],[21.755853827483755,56.850493597215454],[21.764847031121,56.850493597215454],[21.764847031121,56.84150039357821],[21.755853827483755,56.84150039357821]]]}},{"type":"Feature","properties":{"jobs":0,"pop":18,"pointCount":1,"homeWorkCommuteMedian":13705,"workHomeCommuteMedian":-1},"geometry":{"type":"Polygon","coordinates":[[[21.764847031121,56.760561560842994],[21.764847031121,56.76955476448024],[21.773840234758246,56.76955476448024],[21.773840234758246,56.760561560842994],[21.764847031121,56.760561560842994]]]}},{"type":"Feature","properties":{"jobs":0,"pop":21,"pointCount":1,"homeWorkCommuteMedian":17521,"workHomeCommuteMedian":-1},"geometry":{"type":"Polygon","coordinates":[[[21.764847031121,56.778547968117486],[21.764847031121,56.78754117175473],[21.773840234758246,56.78754117175473],[21.773840234758246,56.778547968117486],[21.764847031121,56.778547968117486]]]}},{"type":"Feature","properties":{"jobs":0,"pop":6,"pointCount":1,"homeWorkCommuteMedian":3459,"workHomeCommuteMedian":-1},"geometry":{"type":"Polygon","coordinates":[[[21.764847031121,56.823513986303716],[21.764847031121,56.83250718994096],[21.773840234758246,56.83250718994096],[21.773840234758246,56.823513986303716],[21.764847031121,56.823513986303716]]]}},{"type":"Feature","properties":{"jobs":42,"pop":94,"pointCount":9,"homeWorkCommuteMedian":17936,"workHomeCommuteMedian":12653},"geometry":{"type":"Polygon","coordinates":[[[21.764847031121,56.83250718994096],[21.764847031121,56.84150039357821],[21.773840234758246,56.84150039357821],[21.773840234758246,56.83250718994096],[21.764847031121,56.83250718994096]]]}},{"type":"Feature","properties":{"jobs":5,"pop":20,"pointCount":2,"homeWorkCommuteMedian":48934,"workHomeCommuteMedian":7334},"geometry":{"type":"Polygon","coordinates":[[[21.773840234758246,56.400833415353155],[21.773840234758246,56.4098266189904],[21.782833438395492,56.4098266189904],[21.782833438395492,56.400833415353155],[21.773840234758246,56.400833415353155]]]}},{"type":"Feature","properties":{"jobs":5,"pop":0,"pointCount":1,"homeWorkCommuteMedian":-1,"workHomeCommuteMedian":3657},"geometry":{"type":"Polygon","coordinates":[[[21.773840234758246,56.59868389537257],[21.773840234758246,56.60767709900981],[21.782833438395492,56.60767709900981],[21.782833438395492,56.59868389537257],[21.773840234758246,56.59868389537257]]]}},{"type":"Feature","properties":{"jobs":9,"pop":0,"pointCount":1,"homeWorkCommuteMedian":-1,"workHomeCommuteMedian":17936},"geometry":{"type":"Polygon","coordinates":[[[21.773840234758246,56.70660233901952],[21.773840234758246,56.715595542656764],[21.782833438395492,56.715595542656764],[21.782833438395492,56.70660233901952],[21.773840234758246,56.70660233901952]]]}},{"type":"Feature","properties":{"jobs":15,"pop":12,"pointCount":3,"homeWorkCommuteMedian":60689,"workHomeCommuteMedian":66457},"geometry":{"type":"Polygon","coordinates":[[[21.773840234758246,56.72458874629401],[21.773840234758246,56.733581949931256],[21.782833438395492,56.733581949931256],[21.782833438395492,56.72458874629401],[21.773840234758246,56.72458874629401]]]}},{"type":"Feature","properties":{"jobs":19,"pop":48,"pointCount":3,"homeWorkCommuteMedian":13243,"workHomeCommuteMedian":8465},"geometry":{"type":"Polygon","coordinates":[[[21.773840234758246,56.733581949931256],[21.773840234758246,56.7425751535685],[21.782833438395492,56.7425751535685],[21.782833438395492,56.733581949931256],[21.773840234758246,56.733581949931256]]]}},{"type":"Feature","properties":{"jobs":0,"pop":10,"pointCount":1,"homeWorkCommuteMedian":68694,"workHomeCommuteMedian":-1},"geometry":{"type":"Polygon","coordinates":[[[21.773840234758246,56.81452078266647],[21.773840234758246,56.823513986303716],[21.782833438395492,56.823513986303716],[21.782833438395492,56.81452078266647],[21.773840234758246,56.81452078266647]]]}},{"type":"Feature","properties":{"jobs":12,"pop":0,"pointCount":1,"homeWorkCommuteMedian":-1,"workHomeCommuteMedian":19743},"geometry":{"type":"Polygon","coordinates":[[[21.773840234758246,56.823513986303716],[21.773840234758246,56.83250718994096],[21.782833438395492,56.83250718994096],[21.782833438395492,56.823513986303716],[21.773840234758246,56.823513986303716]]]}},{"type":"Feature","properties":{"jobs":17,"pop":18,"pointCount":3,"homeWorkCommuteMedian":36307,"workHomeCommuteMedian":993},"geometry":{"type":"Polygon","coordinates":[[[21.773840234758246,56.83250718994096],[21.773840234758246,56.84150039357821],[21.782833438395492,56.84150039357821],[21.782833438395492,56.83250718994096],[21.773840234758246,56.83250718994096]]]}},{"type":"Feature","properties":{"jobs":5,"pop":16,"pointCount":3,"homeWorkCommuteMedian":66761,"workHomeCommuteMedian":12172},"geometry":{"type":"Polygon","coordinates":[[[21.773840234758246,56.84150039357821],[21.773840234758246,56.850493597215454],[21.782833438395492,56.850493597215454],[21.782833438395492,56.84150039357821],[21.773840234758246,56.84150039357821]]]}},{"type":"Feature","properties":{"jobs":15,"pop":0,"pointCount":1,"homeWorkCommuteMedian":-1,"workHomeCommuteMedian":18702},"geometry":{"type":"Polygon","coordinates":[[[21.782833438395492,56.67962272810778],[21.782833438395492,56.688615931745026],[21.79182664203274,56.688615931745026],[21.79182664203274,56.67962272810778],[21.782833438395492,56.67962272810778]]]}},{"type":"Feature","properties":{"jobs":0,"pop":6,"pointCount":1,"homeWorkCommuteMedian":63558,"workHomeCommuteMedian":-1},"geometry":{"type":"Polygon","coordinates":[[[21.782833438395492,56.72458874629401],[21.782833438395492,56.733581949931256],[21.79182664203274,56.733581949931256],[21.79182664203274,56.72458874629401],[21.782833438395492,56.72458874629401]]]}},{"type":"Feature","properties":{"jobs":6,"pop":13,"pointCount":2,"homeWorkCommuteMedian":63167,"workHomeCommuteMedian":5738},"geometry":{"type":"Polygon","coordinates":[[[21.782833438395492,56.733581949931256],[21.782833438395492,56.7425751535685],[21.79182664203274,56.7425751535685],[21.79182664203274,56.733581949931256],[21.782833438395492,56.733581949931256]]]}},{"type":"Feature","properties":{"jobs":0,"pop":44,"pointCount":1,"homeWorkCommuteMedian":61036,"workHomeCommuteMedian":-1},"geometry":{"type":"Polygon","coordinates":[[[21.782833438395492,56.75156835720575],[21.782833438395492,56.760561560842994],[21.79182664203274,56.760561560842994],[21.79182664203274,56.75156835720575],[21.782833438395492,56.75156835720575]]]}},{"type":"Feature","properties":{"jobs":9,"pop":0,"pointCount":1,"homeWorkCommuteMedian":-1,"workHomeCommuteMedian":3459},"geometry":{"type":"Polygon","coordinates":[[[21.782833438395492,56.83250718994096],[21.782833438395492,56.84150039357821],[21.79182664203274,56.84150039357821],[21.79182664203274,56.83250718994096],[21.782833438395492,56.83250718994096]]]}},{"type":"Feature","properties":{"jobs":0,"pop":11,"pointCount":1,"homeWorkCommuteMedian":50778,"workHomeCommuteMedian":-1},"geometry":{"type":"Polygon","coordinates":[[[21.79182664203274,56.66163632083329],[21.79182664203274,56.670629524470534],[21.800819845669984,56.670629524470534],[21.800819845669984,56.66163632083329],[21.79182664203274,56.66163632083329]]]}},{"type":"Feature","properties":{"jobs":7,"pop":0,"pointCount":1,"homeWorkCommuteMedian":-1,"workHomeCommuteMedian":4832},"geometry":{"type":"Polygon","coordinates":[[[21.79182664203274,56.75156835720575],[21.79182664203274,56.760561560842994],[21.800819845669984,56.760561560842994],[21.800819845669984,56.75156835720575],[21.79182664203274,56.75156835720575]]]}},{"type":"Feature","properties":{"jobs":15,"pop":42,"pointCount":1,"homeWorkCommuteMedian":15585,"workHomeCommuteMedian":32243},"geometry":{"type":"Polygon","coordinates":[[[21.79182664203274,56.83250718994096],[21.79182664203274,56.84150039357821],[21.800819845669984,56.84150039357821],[21.800819845669984,56.83250718994096],[21.79182664203274,56.83250718994096]]]}},{"type":"Feature","properties":{"jobs":11,"pop":18,"pointCount":3,"homeWorkCommuteMedian":65460,"workHomeCommuteMedian":12636},"geometry":{"type":"Polygon","coordinates":[[[21.800819845669984,56.688615931745026],[21.800819845669984,56.69760913538227],[21.80981304930723,56.69760913538227],[21.80981304930723,56.688615931745026],[21.800819845669984,56.688615931745026]]]}},{"type":"Feature","properties":{"jobs":14,"pop":0,"pointCount":1,"homeWorkCommuteMedian":-1,"workHomeCommuteMedian":12468},"geometry":{"type":"Polygon","coordinates":[[[21.800819845669984,56.69760913538227],[21.800819845669984,56.70660233901952],[21.80981304930723,56.70660233901952],[21.80981304930723,56.69760913538227],[21.800819845669984,56.69760913538227]]]}},{"type":"Feature","properties":{"jobs":6,"pop":13,"pointCount":2,"homeWorkCommuteMedian":17328,"workHomeCommuteMedian":11259},"geometry":{"type":"Polygon","coordinates":[[[21.80981304930723,56.688615931745026],[21.80981304930723,56.69760913538227],[21.818806252944476,56.69760913538227],[21.818806252944476,56.688615931745026],[21.80981304930723,56.688615931745026]]]}},{"type":"Feature","properties":{"jobs":0,"pop":15,"pointCount":1,"homeWorkCommuteMedian":48698,"workHomeCommuteMedian":-1},"geometry":{"type":"Polygon","coordinates":[[[21.818806252944476,56.65264311719604],[21.818806252944476,56.66163632083329],[21.827799456581722,56.66163632083329],[21.827799456581722,56.65264311719604],[21.818806252944476,56.65264311719604]]]}},{"type":"Feature","properties":{"jobs":0,"pop":29,"pointCount":1,"homeWorkCommuteMedian":19373,"workHomeCommuteMedian":-1},"geometry":{"type":"Polygon","coordinates":[[[21.818806252944476,56.688615931745026],[21.818806252944476,56.69760913538227],[21.827799456581722,56.69760913538227],[21.827799456581722,56.688615931745026],[21.818806252944476,56.688615931745026]]]}},{"type":"Feature","properties":{"jobs":0,"pop":8,"pointCount":1,"homeWorkCommuteMedian":30944,"workHomeCommuteMedian":-1},"geometry":{"type":"Polygon","coordinates":[[[21.827799456581722,56.41881982262765],[21.827799456581722,56.42781302626489],[21.83679266021897,56.42781302626489],[21.83679266021897,56.41881982262765],[21.827799456581722,56.41881982262765]]]}},{"type":"Feature","properties":{"jobs":0,"pop":7,"pointCount":1,"homeWorkCommuteMedian":54907,"workHomeCommuteMedian":-1},"geometry":{"type":"Polygon","coordinates":[[[21.827799456581722,56.490765451725615],[21.827799456581722,56.49975865536286],[21.83679266021897,56.49975865536286],[21.83679266021897,56.490765451725615],[21.827799456581722,56.490765451725615]]]}},{"type":"Feature","properties":{"jobs":0,"pop":6,"pointCount":1,"homeWorkCommuteMedian":1696,"workHomeCommuteMedian":-1},"geometry":{"type":"Polygon","coordinates":[[[21.83679266021897,56.400833415353155],[21.83679266021897,56.4098266189904],[21.845785863856214,56.4098266189904],[21.845785863856214,56.400833415353155],[21.83679266021897,56.400833415353155]]]}},{"type":"Feature","properties":{"jobs":32,"pop":126,"pointCount":10,"homeWorkCommuteMedian":49528,"workHomeCommuteMedian":3260},"geometry":{"type":"Polygon","coordinates":[[[21.83679266021897,56.4098266189904],[21.83679266021897,56.41881982262765],[21.845785863856214,56.41881982262765],[21.845785863856214,56.4098266189904],[21.83679266021897,56.4098266189904]]]}},{"type":"Feature","properties":{"jobs":0,"pop":22,"pointCount":3,"homeWorkCommuteMedian":56737,"workHomeCommuteMedian":-1},"geometry":{"type":"Polygon","coordinates":[[[21.83679266021897,56.41881982262765],[21.83679266021897,56.42781302626489],[21.845785863856214,56.42781302626489],[21.845785863856214,56.41881982262765],[21.83679266021897,56.41881982262765]]]}},{"type":"Feature","properties":{"jobs":62,"pop":70,"pointCount":10,"homeWorkCommuteMedian":26681,"workHomeCommuteMedian":2134},"geometry":{"type":"Polygon","coordinates":[[[21.845785863856214,56.4098266189904],[21.845785863856214,56.41881982262765],[21.85477906749346,56.41881982262765],[21.85477906749346,56.4098266189904],[21.845785863856214,56.4098266189904]]]}},{"type":"Feature","properties":{"jobs":16,"pop":52,"pointCount":8,"homeWorkCommuteMedian":6488,"workHomeCommuteMedian":1303},"geometry":{"type":"Polygon","coordinates":[[[21.845785863856214,56.41881982262765],[21.845785863856214,56.42781302626489],[21.85477906749346,56.42781302626489],[21.85477906749346,56.41881982262765],[21.845785863856214,56.41881982262765]]]}},{"type":"Feature","properties":{"jobs":0,"pop":11,"pointCount":1,"homeWorkCommuteMedian":58318,"workHomeCommuteMedian":-1},"geometry":{"type":"Polygon","coordinates":[[[21.85477906749346,56.400833415353155],[21.85477906749346,56.4098266189904],[21.863772271130706,56.4098266189904],[21.863772271130706,56.400833415353155],[21.85477906749346,56.400833415353155]]]}},{"type":"Feature","properties":{"jobs":64,"pop":18,"pointCount":3,"homeWorkCommuteMedian":1734,"workHomeCommuteMedian":2037},"geometry":{"type":"Polygon","coordinates":[[[21.85477906749346,56.4098266189904],[21.85477906749346,56.41881982262765],[21.863772271130706,56.41881982262765],[21.863772271130706,56.4098266189904],[21.85477906749346,56.4098266189904]]]}},{"type":"Feature","properties":{"jobs":81,"pop":81,"pointCount":12,"homeWorkCommuteMedian":19892,"workHomeCommuteMedian":1734},"geometry":{"type":"Polygon","coordinates":[[[21.85477906749346,56.41881982262765],[21.85477906749346,56.42781302626489],[21.863772271130706,56.42781302626489],[21.863772271130706,56.41881982262765],[21.85477906749346,56.41881982262765]]]}},{"type":"Feature","properties":{"jobs":6,"pop":57,"pointCount":8,"homeWorkCommuteMedian":58753,"workHomeCommuteMedian":36847},"geometry":{"type":"Polygon","coordinates":[[[21.85477906749346,56.42781302626489],[21.85477906749346,56.43680622990214],[21.863772271130706,56.43680622990214],[21.863772271130706,56.42781302626489],[21.85477906749346,56.42781302626489]]]}},{"type":"Feature","properties":{"jobs":86,"pop":36,"pointCount":2,"homeWorkCommuteMedian":3260,"workHomeCommuteMedian":3202},"geometry":{"type":"Polygon","coordinates":[[[21.85477906749346,56.43680622990214],[21.85477906749346,56.445799433539385],[21.863772271130706,56.445799433539385],[21.863772271130706,56.43680622990214],[21.85477906749346,56.43680622990214]]]}},{"type":"Feature","properties":{"jobs":0,"pop":7,"pointCount":1,"homeWorkCommuteMedian":58410,"workHomeCommuteMedian":-1},"geometry":{"type":"Polygon","coordinates":[[[21.85477906749346,56.48177224808837],[21.85477906749346,56.490765451725615],[21.863772271130706,56.490765451725615],[21.863772271130706,56.48177224808837],[21.85477906749346,56.48177224808837]]]}},{"type":"Feature","properties":{"jobs":11,"pop":0,"pointCount":1,"homeWorkCommuteMedian":-1,"workHomeCommuteMedian":30944},"geometry":{"type":"Polygon","coordinates":[[[21.85477906749346,56.63465670992155],[21.85477906749346,56.6436499135588],[21.863772271130706,56.6436499135588],[21.863772271130706,56.63465670992155],[21.85477906749346,56.63465670992155]]]}},{"type":"Feature","properties":{"jobs":0,"pop":40,"pointCount":1,"homeWorkCommuteMedian":57976,"workHomeCommuteMedian":-1},"geometry":{"type":"Polygon","coordinates":[[[21.85477906749346,56.66163632083329],[21.85477906749346,56.670629524470534],[21.863772271130706,56.670629524470534],[21.863772271130706,56.66163632083329],[21.85477906749346,56.66163632083329]]]}},{"type":"Feature","properties":{"jobs":0,"pop":51,"pointCount":8,"homeWorkCommuteMedian":58545,"workHomeCommuteMedian":-1},"geometry":{"type":"Polygon","coordinates":[[[21.863772271130706,56.41881982262765],[21.863772271130706,56.42781302626489],[21.872765474767952,56.42781302626489],[21.872765474767952,56.41881982262765],[21.863772271130706,56.41881982262765]]]}},{"type":"Feature","properties":{"jobs":51,"pop":29,"pointCount":7,"homeWorkCommuteMedian":2416,"workHomeCommuteMedian":2872},"geometry":{"type":"Polygon","coordinates":[[[21.863772271130706,56.42781302626489],[21.863772271130706,56.43680622990214],[21.872765474767952,56.43680622990214],[21.872765474767952,56.42781302626489],[21.863772271130706,56.42781302626489]]]}},{"type":"Feature","properties":{"jobs":9,"pop":0,"pointCount":1,"homeWorkCommuteMedian":-1,"workHomeCommuteMedian":3583},"geometry":{"type":"Polygon","coordinates":[[[21.863772271130706,56.7425751535685],[21.863772271130706,56.75156835720575],[21.872765474767952,56.75156835720575],[21.872765474767952,56.7425751535685],[21.863772271130706,56.7425751535685]]]}},{"type":"Feature","properties":{"jobs":0,"pop":22,"pointCount":3,"homeWorkCommuteMedian":57182,"workHomeCommuteMedian":-1},"geometry":{"type":"Polygon","coordinates":[[[21.872765474767952,56.41881982262765],[21.872765474767952,56.42781302626489],[21.8817586784052,56.42781302626489],[21.8817586784052,56.41881982262765],[21.872765474767952,56.41881982262765]]]}},{"type":"Feature","properties":{"jobs":22,"pop":49,"pointCount":6,"homeWorkCommuteMedian":2213,"workHomeCommuteMedian":20132},"geometry":{"type":"Polygon","coordinates":[[[21.872765474767952,56.42781302626489],[21.872765474767952,56.43680622990214],[21.8817586784052,56.43680622990214],[21.8817586784052,56.42781302626489],[21.872765474767952,56.42781302626489]]]}},{"type":"Feature","properties":{"jobs":5,"pop":0,"pointCount":1,"homeWorkCommuteMedian":-1,"workHomeCommuteMedian":12436},"geometry":{"type":"Polygon","coordinates":[[[21.872765474767952,56.625663506284305],[21.872765474767952,56.63465670992155],[21.8817586784052,56.63465670992155],[21.8817586784052,56.625663506284305],[21.872765474767952,56.625663506284305]]]}},{"type":"Feature","properties":{"jobs":0,"pop":8,"pointCount":1,"homeWorkCommuteMedian":1698,"workHomeCommuteMedian":-1},"geometry":{"type":"Polygon","coordinates":[[[21.872765474767952,56.6436499135588],[21.872765474767952,56.65264311719604],[21.8817586784052,56.65264311719604],[21.8817586784052,56.6436499135588],[21.872765474767952,56.6436499135588]]]}},{"type":"Feature","properties":{"jobs":14,"pop":14,"pointCount":3,"homeWorkCommuteMedian":15661,"workHomeCommuteMedian":713},"geometry":{"type":"Polygon","coordinates":[[[21.872765474767952,56.7425751535685],[21.872765474767952,56.75156835720575],[21.8817586784052,56.75156835720575],[21.8817586784052,56.7425751535685],[21.872765474767952,56.7425751535685]]]}},{"type":"Feature","properties":{"jobs":13,"pop":0,"pointCount":1,"homeWorkCommuteMedian":-1,"workHomeCommuteMedian":13705},"geometry":{"type":"Polygon","coordinates":[[[21.872765474767952,56.760561560842994],[21.872765474767952,56.76955476448024],[21.8817586784052,56.76955476448024],[21.8817586784052,56.760561560842994],[21.872765474767952,56.760561560842994]]]}},{"type":"Feature","properties":{"jobs":0,"pop":10,"pointCount":1,"homeWorkCommuteMedian":36187,"workHomeCommuteMedian":-1},"geometry":{"type":"Polygon","coordinates":[[[21.8817586784052,56.41881982262765],[21.8817586784052,56.42781302626489],[21.890751882042444,56.42781302626489],[21.890751882042444,56.41881982262765],[21.8817586784052,56.41881982262765]]]}},{"type":"Feature","properties":{"jobs":15,"pop":0,"pointCount":1,"homeWorkCommuteMedian":-1,"workHomeCommuteMedian":14810},"geometry":{"type":"Polygon","coordinates":[[[21.8817586784052,56.625663506284305],[21.8817586784052,56.63465670992155],[21.890751882042444,56.63465670992155],[21.890751882042444,56.625663506284305],[21.8817586784052,56.625663506284305]]]}},{"type":"Feature","properties":{"jobs":42,"pop":99,"pointCount":9,"homeWorkCommuteMedian":51428,"workHomeCommuteMedian":10295},"geometry":{"type":"Polygon","coordinates":[[[21.8817586784052,56.63465670992155],[21.8817586784052,56.6436499135588],[21.890751882042444,56.6436499135588],[21.890751882042444,56.63465670992155],[21.8817586784052,56.63465670992155]]]}},{"type":"Feature","properties":{"jobs":13,"pop":23,"pointCount":3,"homeWorkCommuteMedian":59919,"workHomeCommuteMedian":21101},"geometry":{"type":"Polygon","coordinates":[[[21.8817586784052,56.6436499135588],[21.8817586784052,56.65264311719604],[21.890751882042444,56.65264311719604],[21.890751882042444,56.6436499135588],[21.8817586784052,56.6436499135588]]]}},{"type":"Feature","properties":{"jobs":15,"pop":9,"pointCount":1,"homeWorkCommuteMedian":63477,"workHomeCommuteMedian":6345},"geometry":{"type":"Polygon","coordinates":[[[21.8817586784052,56.670629524470534],[21.8817586784052,56.67962272810778],[21.890751882042444,56.67962272810778],[21.890751882042444,56.670629524470534],[21.8817586784052,56.670629524470534]]]}},{"type":"Feature","properties":{"jobs":28,"pop":24,"pointCount":3,"homeWorkCommuteMedian":66148,"workHomeCommuteMedian":7337},"geometry":{"type":"Polygon","coordinates":[[[21.8817586784052,56.688615931745026],[21.8817586784052,56.69760913538227],[21.890751882042444,56.69760913538227],[21.890751882042444,56.688615931745026],[21.8817586784052,56.688615931745026]]]}},{"type":"Feature","properties":{"jobs":22,"pop":0,"pointCount":1,"homeWorkCommuteMedian":-1,"workHomeCommuteMedian":25461},"geometry":{"type":"Polygon","coordinates":[[[21.8817586784052,56.733581949931256],[21.8817586784052,56.7425751535685],[21.890751882042444,56.7425751535685],[21.890751882042444,56.733581949931256],[21.8817586784052,56.733581949931256]]]}},{"type":"Feature","properties":{"jobs":0,"pop":52,"pointCount":5,"homeWorkCommuteMedian":22871,"workHomeCommuteMedian":-1},"geometry":{"type":"Polygon","coordinates":[[[21.8817586784052,56.7425751535685],[21.8817586784052,56.75156835720575],[21.890751882042444,56.75156835720575],[21.890751882042444,56.7425751535685],[21.8817586784052,56.7425751535685]]]}},{"type":"Feature","properties":{"jobs":0,"pop":38,"pointCount":1,"homeWorkCommuteMedian":4133,"workHomeCommuteMedian":-1},"geometry":{"type":"Polygon","coordinates":[[[21.890751882042444,56.4098266189904],[21.890751882042444,56.41881982262765],[21.89974508567969,56.41881982262765],[21.89974508567969,56.4098266189904],[21.890751882042444,56.4098266189904]]]}},{"type":"Feature","properties":{"jobs":8,"pop":82,"pointCount":8,"homeWorkCommuteMedian":59384,"workHomeCommuteMedian":126},"geometry":{"type":"Polygon","coordinates":[[[21.890751882042444,56.48177224808837],[21.890751882042444,56.490765451725615],[21.89974508567969,56.490765451725615],[21.89974508567969,56.48177224808837],[21.890751882042444,56.48177224808837]]]}},{"type":"Feature","properties":{"jobs":5,"pop":0,"pointCount":1,"homeWorkCommuteMedian":-1,"workHomeCommuteMedian":3512},"geometry":{"type":"Polygon","coordinates":[[[21.890751882042444,56.490765451725615],[21.890751882042444,56.49975865536286],[21.89974508567969,56.49975865536286],[21.89974508567969,56.490765451725615],[21.890751882042444,56.490765451725615]]]}},{"type":"Feature","properties":{"jobs":16,"pop":104,"pointCount":6,"homeWorkCommuteMedian":36559,"workHomeCommuteMedian":7471},"geometry":{"type":"Polygon","coordinates":[[[21.890751882042444,56.56271108082358],[21.890751882042444,56.57170428446083],[21.89974508567969,56.57170428446083],[21.89974508567969,56.56271108082358],[21.890751882042444,56.56271108082358]]]}},{"type":"Feature","properties":{"jobs":9,"pop":22,"pointCount":3,"homeWorkCommuteMedian":27941,"workHomeCommuteMedian":70005},"geometry":{"type":"Polygon","coordinates":[[[21.890751882042444,56.57170428446083],[21.890751882042444,56.580697488098075],[21.89974508567969,56.580697488098075],[21.89974508567969,56.57170428446083],[21.890751882042444,56.57170428446083]]]}},{"type":"Feature","properties":{"jobs":24,"pop":0,"pointCount":1,"homeWorkCommuteMedian":-1,"workHomeCommuteMedian":59718},"geometry":{"type":"Polygon","coordinates":[[[21.890751882042444,56.63465670992155],[21.890751882042444,56.6436499135588],[21.89974508567969,56.6436499135588],[21.89974508567969,56.63465670992155],[21.890751882042444,56.63465670992155]]]}},{"type":"Feature","properties":{"jobs":0,"pop":18,"pointCount":1,"homeWorkCommuteMedian":29272,"workHomeCommuteMedian":-1},"geometry":{"type":"Polygon","coordinates":[[[21.890751882042444,56.6436499135588],[21.890751882042444,56.65264311719604],[21.89974508567969,56.65264311719604],[21.89974508567969,56.6436499135588],[21.890751882042444,56.6436499135588]]]}},{"type":"Feature","properties":{"jobs":0,"pop":9,"pointCount":1,"homeWorkCommuteMedian":62314,"workHomeCommuteMedian":-1},"geometry":{"type":"Polygon","coordinates":[[[21.890751882042444,56.66163632083329],[21.890751882042444,56.670629524470534],[21.89974508567969,56.670629524470534],[21.89974508567969,56.66163632083329],[21.890751882042444,56.66163632083329]]]}},{"type":"Feature","properties":{"jobs":12,"pop":16,"pointCount":2,"homeWorkCommuteMedian":47697,"workHomeCommuteMedian":9837},"geometry":{"type":"Polygon","coordinates":[[[21.890751882042444,56.69760913538227],[21.890751882042444,56.70660233901952],[21.89974508567969,56.70660233901952],[21.89974508567969,56.69760913538227],[21.890751882042444,56.69760913538227]]]}},{"type":"Feature","properties":{"jobs":0,"pop":37,"pointCount":1,"homeWorkCommuteMedian":58715,"workHomeCommuteMedian":-1},"geometry":{"type":"Polygon","coordinates":[[[21.890751882042444,56.72458874629401],[21.890751882042444,56.733581949931256],[21.89974508567969,56.733581949931256],[21.89974508567969,56.72458874629401],[21.890751882042444,56.72458874629401]]]}},{"type":"Feature","properties":{"jobs":5,"pop":0,"pointCount":1,"homeWorkCommuteMedian":-1,"workHomeCommuteMedian":4171},"geometry":{"type":"Polygon","coordinates":[[[21.890751882042444,56.850493597215454],[21.890751882042444,56.8594868008527],[21.89974508567969,56.8594868008527],[21.89974508567969,56.850493597215454],[21.890751882042444,56.850493597215454]]]}},{"type":"Feature","properties":{"jobs":43,"pop":0,"pointCount":4,"homeWorkCommuteMedian":-1,"workHomeCommuteMedian":1090},"geometry":{"type":"Polygon","coordinates":[[[21.89974508567969,56.56271108082358],[21.89974508567969,56.57170428446083],[21.908738289316936,56.57170428446083],[21.908738289316936,56.56271108082358],[21.89974508567969,56.56271108082358]]]}},{"type":"Feature","properties":{"jobs":0,"pop":30,"pointCount":1,"homeWorkCommuteMedian":10387,"workHomeCommuteMedian":-1},"geometry":{"type":"Polygon","coordinates":[[[21.89974508567969,56.69760913538227],[21.89974508567969,56.70660233901952],[21.908738289316936,56.70660233901952],[21.908738289316936,56.69760913538227],[21.89974508567969,56.69760913538227]]]}},{"type":"Feature","properties":{"jobs":0,"pop":14,"pointCount":1,"homeWorkCommuteMedian":14810,"workHomeCommuteMedian":-1},"geometry":{"type":"Polygon","coordinates":[[[21.89974508567969,56.70660233901952],[21.89974508567969,56.715595542656764],[21.908738289316936,56.715595542656764],[21.908738289316936,56.70660233901952],[21.89974508567969,56.70660233901952]]]}},{"type":"Feature","properties":{"jobs":11,"pop":0,"pointCount":1,"homeWorkCommuteMedian":-1,"workHomeCommuteMedian":17390},"geometry":{"type":"Polygon","coordinates":[[[21.908738289316936,56.400833415353155],[21.908738289316936,56.4098266189904],[21.917731492954182,56.4098266189904],[21.917731492954182,56.400833415353155],[21.908738289316936,56.400833415353155]]]}},{"type":"Feature","properties":{"jobs":0,"pop":6,"pointCount":1,"homeWorkCommuteMedian":13456,"workHomeCommuteMedian":-1},"geometry":{"type":"Polygon","coordinates":[[[21.908738289316936,56.47277904445112],[21.908738289316936,56.48177224808837],[21.917731492954182,56.48177224808837],[21.917731492954182,56.47277904445112],[21.908738289316936,56.47277904445112]]]}},{"type":"Feature","properties":{"jobs":13,"pop":0,"pointCount":1,"homeWorkCommuteMedian":-1,"workHomeCommuteMedian":1526},"geometry":{"type":"Polygon","coordinates":[[[21.908738289316936,56.55371787718634],[21.908738289316936,56.56271108082358],[21.917731492954182,56.56271108082358],[21.917731492954182,56.55371787718634],[21.908738289316936,56.55371787718634]]]}},{"type":"Feature","properties":{"jobs":13,"pop":6,"pointCount":1,"homeWorkCommuteMedian":58738,"workHomeCommuteMedian":1881},"geometry":{"type":"Polygon","coordinates":[[[21.917731492954182,56.48177224808837],[21.917731492954182,56.490765451725615],[21.926724696591428,56.490765451725615],[21.926724696591428,56.48177224808837],[21.917731492954182,56.48177224808837]]]}},{"type":"Feature","properties":{"jobs":0,"pop":15,"pointCount":1,"homeWorkCommuteMedian":69006,"workHomeCommuteMedian":-1},"geometry":{"type":"Polygon","coordinates":[[[21.917731492954182,56.535731469911845],[21.917731492954182,56.54472467354909],[21.926724696591428,56.54472467354909],[21.926724696591428,56.535731469911845],[21.917731492954182,56.535731469911845]]]}},{"type":"Feature","properties":{"jobs":0,"pop":10,"pointCount":1,"homeWorkCommuteMedian":65898,"workHomeCommuteMedian":-1},"geometry":{"type":"Polygon","coordinates":[[[21.917731492954182,56.87747320812719],[21.917731492954182,56.88646641176444],[21.926724696591428,56.88646641176444],[21.926724696591428,56.87747320812719],[21.917731492954182,56.87747320812719]]]}},{"type":"Feature","properties":{"jobs":0,"pop":10,"pointCount":1,"homeWorkCommuteMedian":84179,"workHomeCommuteMedian":-1},"geometry":{"type":"Polygon","coordinates":[[[21.917731492954182,56.88646641176444],[21.917731492954182,56.895459615401684],[21.926724696591428,56.895459615401684],[21.926724696591428,56.88646641176444],[21.917731492954182,56.88646641176444]]]}},{"type":"Feature","properties":{"jobs":16,"pop":6,"pointCount":1,"homeWorkCommuteMedian":17390,"workHomeCommuteMedian":29272},"geometry":{"type":"Polygon","coordinates":[[[21.926724696591428,56.48177224808837],[21.926724696591428,56.490765451725615],[21.935717900228674,56.490765451725615],[21.935717900228674,56.48177224808837],[21.926724696591428,56.48177224808837]]]}},{"type":"Feature","properties":{"jobs":5,"pop":6,"pointCount":1,"homeWorkCommuteMedian":53134,"workHomeCommuteMedian":33430},"geometry":{"type":"Polygon","coordinates":[[[21.926724696591428,56.490765451725615],[21.926724696591428,56.49975865536286],[21.935717900228674,56.49975865536286],[21.935717900228674,56.490765451725615],[21.926724696591428,56.490765451725615]]]}},{"type":"Feature","properties":{"jobs":24,"pop":0,"pointCount":1,"homeWorkCommuteMedian":-1,"workHomeCommuteMedian":4599},"geometry":{"type":"Polygon","coordinates":[[[21.926724696591428,56.535731469911845],[21.926724696591428,56.54472467354909],[21.935717900228674,56.54472467354909],[21.935717900228674,56.535731469911845],[21.926724696591428,56.535731469911845]]]}},{"type":"Feature","properties":{"jobs":12,"pop":0,"pointCount":1,"homeWorkCommuteMedian":-1,"workHomeCommuteMedian":17728},"geometry":{"type":"Polygon","coordinates":[[[21.926724696591428,56.84150039357821],[21.926724696591428,56.850493597215454],[21.935717900228674,56.850493597215454],[21.935717900228674,56.84150039357821],[21.926724696591428,56.84150039357821]]]}},{"type":"Feature","properties":{"jobs":0,"pop":20,"pointCount":1,"homeWorkCommuteMedian":70339,"workHomeCommuteMedian":-1},"geometry":{"type":"Polygon","coordinates":[[[21.935717900228674,56.5267382662746],[21.935717900228674,56.535731469911845],[21.94471110386592,56.535731469911845],[21.94471110386592,56.5267382662746],[21.935717900228674,56.5267382662746]]]}},{"type":"Feature","properties":{"jobs":16,"pop":22,"pointCount":2,"homeWorkCommuteMedian":67661,"workHomeCommuteMedian":4258},"geometry":{"type":"Polygon","coordinates":[[[21.935717900228674,56.83250718994096],[21.935717900228674,56.84150039357821],[21.94471110386592,56.84150039357821],[21.94471110386592,56.83250718994096],[21.935717900228674,56.83250718994096]]]}},{"type":"Feature","properties":{"jobs":0,"pop":31,"pointCount":2,"homeWorkCommuteMedian":5307,"workHomeCommuteMedian":-1},"geometry":{"type":"Polygon","coordinates":[[[21.935717900228674,56.84150039357821],[21.935717900228674,56.850493597215454],[21.94471110386592,56.850493597215454],[21.94471110386592,56.84150039357821],[21.935717900228674,56.84150039357821]]]}},{"type":"Feature","properties":{"jobs":0,"pop":8,"pointCount":1,"homeWorkCommuteMedian":4258,"workHomeCommuteMedian":-1},"geometry":{"type":"Polygon","coordinates":[[[21.935717900228674,56.850493597215454],[21.935717900228674,56.8594868008527],[21.94471110386592,56.8594868008527],[21.94471110386592,56.850493597215454],[21.935717900228674,56.850493597215454]]]}},{"type":"Feature","properties":{"jobs":0,"pop":29,"pointCount":2,"homeWorkCommuteMedian":49086,"workHomeCommuteMedian":-1},"geometry":{"type":"Polygon","coordinates":[[[21.935717900228674,56.868480004489946],[21.935717900228674,56.87747320812719],[21.94471110386592,56.87747320812719],[21.94471110386592,56.868480004489946],[21.935717900228674,56.868480004489946]]]}},{"type":"Feature","properties":{"jobs":14,"pop":17,"pointCount":2,"homeWorkCommuteMedian":80133,"workHomeCommuteMedian":5307},"geometry":{"type":"Polygon","coordinates":[[[21.935717900228674,56.87747320812719],[21.935717900228674,56.88646641176444],[21.94471110386592,56.88646641176444],[21.94471110386592,56.87747320812719],[21.935717900228674,56.87747320812719]]]}},{"type":"Feature","properties":{"jobs":8,"pop":0,"pointCount":1,"homeWorkCommuteMedian":-1,"workHomeCommuteMedian":24097},"geometry":{"type":"Polygon","coordinates":[[[21.94471110386592,56.83250718994096],[21.94471110386592,56.84150039357821],[21.953704307503166,56.84150039357821],[21.953704307503166,56.83250718994096],[21.94471110386592,56.83250718994096]]]}},{"type":"Feature","properties":{"jobs":58,"pop":51,"pointCount":8,"homeWorkCommuteMedian":81548,"workHomeCommuteMedian":26431},"geometry":{"type":"Polygon","coordinates":[[[21.94471110386592,56.84150039357821],[21.94471110386592,56.850493597215454],[21.953704307503166,56.850493597215454],[21.953704307503166,56.84150039357821],[21.94471110386592,56.84150039357821]]]}},{"type":"Feature","properties":{"jobs":0,"pop":11,"pointCount":1,"homeWorkCommuteMedian":83041,"workHomeCommuteMedian":-1},"geometry":{"type":"Polygon","coordinates":[[[21.94471110386592,56.850493597215454],[21.94471110386592,56.8594868008527],[21.953704307503166,56.8594868008527],[21.953704307503166,56.850493597215454],[21.94471110386592,56.850493597215454]]]}},{"type":"Feature","properties":{"jobs":0,"pop":8,"pointCount":1,"homeWorkCommuteMedian":21682,"workHomeCommuteMedian":-1},"geometry":{"type":"Polygon","coordinates":[[[21.94471110386592,56.8594868008527],[21.94471110386592,56.868480004489946],[21.953704307503166,56.868480004489946],[21.953704307503166,56.8594868008527],[21.94471110386592,56.8594868008527]]]}},{"type":"Feature","properties":{"jobs":0,"pop":20,"pointCount":1,"homeWorkCommuteMedian":72919,"workHomeCommuteMedian":-1},"geometry":{"type":"Polygon","coordinates":[[[21.953704307503166,56.60767709900981],[21.953704307503166,56.61667030264706],[21.962697511140412,56.61667030264706],[21.962697511140412,56.60767709900981],[21.953704307503166,56.60767709900981]]]}},{"type":"Feature","properties":{"jobs":0,"pop":19,"pointCount":1,"homeWorkCommuteMedian":34742,"workHomeCommuteMedian":-1},"geometry":{"type":"Polygon","coordinates":[[[21.953704307503166,56.84150039357821],[21.953704307503166,56.850493597215454],[21.962697511140412,56.850493597215454],[21.962697511140412,56.84150039357821],[21.953704307503166,56.84150039357821]]]}},{"type":"Feature","properties":{"jobs":6,"pop":6,"pointCount":1,"homeWorkCommuteMedian":70905,"workHomeCommuteMedian":82816},"geometry":{"type":"Polygon","coordinates":[[[21.953704307503166,56.850493597215454],[21.953704307503166,56.8594868008527],[21.962697511140412,56.8594868008527],[21.962697511140412,56.850493597215454],[21.953704307503166,56.850493597215454]]]}},{"type":"Feature","properties":{"jobs":0,"pop":15,"pointCount":1,"homeWorkCommuteMedian":82942,"workHomeCommuteMedian":-1},"geometry":{"type":"Polygon","coordinates":[[[21.962697511140412,56.84150039357821],[21.962697511140412,56.850493597215454],[21.971690714777658,56.850493597215454],[21.971690714777658,56.84150039357821],[21.962697511140412,56.84150039357821]]]}},{"type":"Feature","properties":{"jobs":0,"pop":16,"pointCount":1,"homeWorkCommuteMedian":74406,"workHomeCommuteMedian":-1},"geometry":{"type":"Polygon","coordinates":[[[21.980683918414904,56.55371787718634],[21.980683918414904,56.56271108082358],[21.98967712205215,56.56271108082358],[21.98967712205215,56.55371787718634],[21.980683918414904,56.55371787718634]]]}},{"type":"Feature","properties":{"jobs":37,"pop":0,"pointCount":1,"homeWorkCommuteMedian":-1,"workHomeCommuteMedian":38887},"geometry":{"type":"Polygon","coordinates":[[[21.980683918414904,56.60767709900981],[21.980683918414904,56.61667030264706],[21.98967712205215,56.61667030264706],[21.98967712205215,56.60767709900981],[21.980683918414904,56.60767709900981]]]}},{"type":"Feature","properties":{"jobs":1,"pop":0,"pointCount":1,"homeWorkCommuteMedian":-1,"workHomeCommuteMedian":2377},"geometry":{"type":"Polygon","coordinates":[[[21.980683918414904,56.670629524470534],[21.980683918414904,56.67962272810778],[21.98967712205215,56.67962272810778],[21.98967712205215,56.670629524470534],[21.980683918414904,56.670629524470534]]]}},{"type":"Feature","properties":{"jobs":1,"pop":0,"pointCount":1,"homeWorkCommuteMedian":-1,"workHomeCommuteMedian":27941},"geometry":{"type":"Polygon","coordinates":[[[21.980683918414904,56.76955476448024],[21.980683918414904,56.778547968117486],[21.98967712205215,56.778547968117486],[21.98967712205215,56.76955476448024],[21.980683918414904,56.76955476448024]]]}},{"type":"Feature","properties":{"jobs":15,"pop":13,"pointCount":3,"homeWorkCommuteMedian":66701,"workHomeCommuteMedian":1954},"geometry":{"type":"Polygon","coordinates":[[[21.98967712205215,56.670629524470534],[21.98967712205215,56.67962272810778],[21.998670325689396,56.67962272810778],[21.998670325689396,56.670629524470534],[21.98967712205215,56.670629524470534]]]}},{"type":"Feature","properties":{"jobs":0,"pop":21,"pointCount":1,"homeWorkCommuteMedian":70551,"workHomeCommuteMedian":-1},"geometry":{"type":"Polygon","coordinates":[[[21.98967712205215,56.67962272810778],[21.98967712205215,56.688615931745026],[21.998670325689396,56.688615931745026],[21.998670325689396,56.67962272810778],[21.98967712205215,56.67962272810778]]]}},{"type":"Feature","properties":{"jobs":58,"pop":0,"pointCount":3,"homeWorkCommuteMedian":-1,"workHomeCommuteMedian":25406},"geometry":{"type":"Polygon","coordinates":[[[21.98967712205215,56.72458874629401],[21.98967712205215,56.733581949931256],[21.998670325689396,56.733581949931256],[21.998670325689396,56.72458874629401],[21.98967712205215,56.72458874629401]]]}},{"type":"Feature","properties":{"jobs":0,"pop":11,"pointCount":1,"homeWorkCommuteMedian":80623,"workHomeCommuteMedian":-1},"geometry":{"type":"Polygon","coordinates":[[[21.98967712205215,56.76955476448024],[21.98967712205215,56.778547968117486],[21.998670325689396,56.778547968117486],[21.998670325689396,56.76955476448024],[21.98967712205215,56.76955476448024]]]}},{"type":"Feature","properties":{"jobs":0,"pop":67,"pointCount":4,"homeWorkCommuteMedian":80408,"workHomeCommuteMedian":-1},"geometry":{"type":"Polygon","coordinates":[[[21.98967712205215,56.778547968117486],[21.98967712205215,56.78754117175473],[21.998670325689396,56.78754117175473],[21.998670325689396,56.778547968117486],[21.98967712205215,56.778547968117486]]]}},{"type":"Feature","properties":{"jobs":0,"pop":24,"pointCount":1,"homeWorkCommuteMedian":87049,"workHomeCommuteMedian":-1},"geometry":{"type":"Polygon","coordinates":[[[21.98967712205215,56.83250718994096],[21.98967712205215,56.84150039357821],[21.998670325689396,56.84150039357821],[21.998670325689396,56.83250718994096],[21.98967712205215,56.83250718994096]]]}},{"type":"Feature","properties":{"jobs":12,"pop":55,"pointCount":8,"homeWorkCommuteMedian":28188,"workHomeCommuteMedian":70394},"geometry":{"type":"Polygon","coordinates":[[[21.998670325689396,56.670629524470534],[21.998670325689396,56.67962272810778],[22.007663529326642,56.67962272810778],[22.007663529326642,56.670629524470534],[21.998670325689396,56.670629524470534]]]}},{"type":"Feature","properties":{"jobs":61,"pop":0,"pointCount":2,"homeWorkCommuteMedian":-1,"workHomeCommuteMedian":8104},"geometry":{"type":"Polygon","coordinates":[[[21.998670325689396,56.67962272810778],[21.998670325689396,56.688615931745026],[22.007663529326642,56.688615931745026],[22.007663529326642,56.67962272810778],[21.998670325689396,56.67962272810778]]]}},{"type":"Feature","properties":{"jobs":0,"pop":49,"pointCount":4,"homeWorkCommuteMedian":24097,"workHomeCommuteMedian":-1},"geometry":{"type":"Polygon","coordinates":[[[22.007663529326642,56.66163632083329],[22.007663529326642,56.670629524470534],[22.016656732963888,56.670629524470534],[22.016656732963888,56.66163632083329],[22.007663529326642,56.66163632083329]]]}},{"type":"Feature","properties":{"jobs":111,"pop":167,"pointCount":23,"homeWorkCommuteMedian":51824,"workHomeCommuteMedian":16292},"geometry":{"type":"Polygon","coordinates":[[[22.007663529326642,56.670629524470534],[22.007663529326642,56.67962272810778],[22.016656732963888,56.67962272810778],[22.016656732963888,56.670629524470534],[22.007663529326642,56.670629524470534]]]}},{"type":"Feature","properties":{"jobs":18,"pop":41,"pointCount":5,"homeWorkCommuteMedian":50330,"workHomeCommuteMedian":29939},"geometry":{"type":"Polygon","coordinates":[[[22.007663529326642,56.67962272810778],[22.007663529326642,56.688615931745026],[22.016656732963888,56.688615931745026],[22.016656732963888,56.67962272810778],[22.007663529326642,56.67962272810778]]]}},{"type":"Feature","properties":{"jobs":0,"pop":23,"pointCount":2,"homeWorkCommuteMedian":73120,"workHomeCommuteMedian":-1},"geometry":{"type":"Polygon","coordinates":[[[22.007663529326642,56.688615931745026],[22.007663529326642,56.69760913538227],[22.016656732963888,56.69760913538227],[22.016656732963888,56.688615931745026],[22.007663529326642,56.688615931745026]]]}},{"type":"Feature","properties":{"jobs":0,"pop":29,"pointCount":1,"homeWorkCommuteMedian":70264,"workHomeCommuteMedian":-1},"geometry":{"type":"Polygon","coordinates":[[[22.007663529326642,56.70660233901952],[22.007663529326642,56.715595542656764],[22.016656732963888,56.715595542656764],[22.016656732963888,56.70660233901952],[22.007663529326642,56.70660233901952]]]}},{"type":"Feature","properties":{"jobs":0,"pop":23,"pointCount":1,"homeWorkCommuteMedian":25406,"workHomeCommuteMedian":-1},"geometry":{"type":"Polygon","coordinates":[[[22.007663529326642,56.778547968117486],[22.007663529326642,56.78754117175473],[22.016656732963888,56.78754117175473],[22.016656732963888,56.778547968117486],[22.007663529326642,56.778547968117486]]]}},{"type":"Feature","properties":{"jobs":53,"pop":66,"pointCount":9,"homeWorkCommuteMedian":6734,"workHomeCommuteMedian":6019},"geometry":{"type":"Polygon","coordinates":[[[22.016656732963888,56.66163632083329],[22.016656732963888,56.670629524470534],[22.025649936601134,56.670629524470534],[22.025649936601134,56.66163632083329],[22.016656732963888,56.66163632083329]]]}},{"type":"Feature","properties":{"jobs":308,"pop":254,"pointCount":24,"homeWorkCommuteMedian":9837,"workHomeCommuteMedian":1114},"geometry":{"type":"Polygon","coordinates":[[[22.016656732963888,56.670629524470534],[22.016656732963888,56.67962272810778],[22.025649936601134,56.67962272810778],[22.025649936601134,56.670629524470534],[22.016656732963888,56.670629524470534]]]}},{"type":"Feature","properties":{"jobs":9,"pop":19,"pointCount":3,"homeWorkCommuteMedian":69352,"workHomeCommuteMedian":1019},"geometry":{"type":"Polygon","coordinates":[[[22.016656732963888,56.67962272810778],[22.016656732963888,56.688615931745026],[22.025649936601134,56.688615931745026],[22.025649936601134,56.67962272810778],[22.016656732963888,56.67962272810778]]]}},{"type":"Feature","properties":{"jobs":0,"pop":6,"pointCount":1,"homeWorkCommuteMedian":1714,"workHomeCommuteMedian":-1},"geometry":{"type":"Polygon","coordinates":[[[22.016656732963888,56.688615931745026],[22.016656732963888,56.69760913538227],[22.025649936601134,56.69760913538227],[22.025649936601134,56.688615931745026],[22.016656732963888,56.688615931745026]]]}},{"type":"Feature","properties":{"jobs":0,"pop":10,"pointCount":1,"homeWorkCommuteMedian":3745,"workHomeCommuteMedian":-1},"geometry":{"type":"Polygon","coordinates":[[[22.016656732963888,56.69760913538227],[22.016656732963888,56.70660233901952],[22.025649936601134,56.70660233901952],[22.025649936601134,56.69760913538227],[22.016656732963888,56.69760913538227]]]}},{"type":"Feature","properties":{"jobs":10,"pop":0,"pointCount":1,"homeWorkCommuteMedian":-1,"workHomeCommuteMedian":920},"geometry":{"type":"Polygon","coordinates":[[[22.016656732963888,56.78754117175473],[22.016656732963888,56.79653437539198],[22.025649936601134,56.79653437539198],[22.025649936601134,56.78754117175473],[22.016656732963888,56.78754117175473]]]}},{"type":"Feature","properties":{"jobs":0,"pop":18,"pointCount":1,"homeWorkCommuteMedian":85647,"workHomeCommuteMedian":-1},"geometry":{"type":"Polygon","coordinates":[[[22.016656732963888,56.81452078266647],[22.016656732963888,56.823513986303716],[22.025649936601134,56.823513986303716],[22.025649936601134,56.81452078266647],[22.016656732963888,56.81452078266647]]]}},{"type":"Feature","properties":{"jobs":0,"pop":5,"pointCount":1,"homeWorkCommuteMedian":7356,"workHomeCommuteMedian":-1},"geometry":{"type":"Polygon","coordinates":[[[22.025649936601134,56.6436499135588],[22.025649936601134,56.65264311719604],[22.03464314023838,56.65264311719604],[22.03464314023838,56.6436499135588],[22.025649936601134,56.6436499135588]]]}},{"type":"Feature","properties":{"jobs":0,"pop":58,"pointCount":5,"homeWorkCommuteMedian":67932,"workHomeCommuteMedian":-1},"geometry":{"type":"Polygon","coordinates":[[[22.025649936601134,56.670629524470534],[22.025649936601134,56.67962272810778],[22.03464314023838,56.67962272810778],[22.03464314023838,56.670629524470534],[22.025649936601134,56.670629524470534]]]}},{"type":"Feature","properties":{"jobs":0,"pop":5,"pointCount":1,"homeWorkCommuteMedian":70009,"workHomeCommuteMedian":-1},"geometry":{"type":"Polygon","coordinates":[[[22.025649936601134,56.67962272810778],[22.025649936601134,56.688615931745026],[22.03464314023838,56.688615931745026],[22.03464314023838,56.67962272810778],[22.025649936601134,56.67962272810778]]]}},{"type":"Feature","properties":{"jobs":9,"pop":0,"pointCount":1,"homeWorkCommuteMedian":-1,"workHomeCommuteMedian":38310},"geometry":{"type":"Polygon","coordinates":[[[22.03464314023838,56.63465670992155],[22.03464314023838,56.6436499135588],[22.043636343875626,56.6436499135588],[22.043636343875626,56.63465670992155],[22.03464314023838,56.63465670992155]]]}},{"type":"Feature","properties":{"jobs":0,"pop":21,"pointCount":2,"homeWorkCommuteMedian":72311,"workHomeCommuteMedian":-1},"geometry":{"type":"Polygon","coordinates":[[[22.03464314023838,56.6436499135588],[22.03464314023838,56.65264311719604],[22.043636343875626,56.65264311719604],[22.043636343875626,56.6436499135588],[22.03464314023838,56.6436499135588]]]}},{"type":"Feature","properties":{"jobs":0,"pop":12,"pointCount":1,"homeWorkCommuteMedian":36754,"workHomeCommuteMedian":-1},"geometry":{"type":"Polygon","coordinates":[[[22.03464314023838,56.67962272810778],[22.03464314023838,56.688615931745026],[22.043636343875626,56.688615931745026],[22.043636343875626,56.67962272810778],[22.03464314023838,56.67962272810778]]]}},{"type":"Feature","properties":{"jobs":0,"pop":20,"pointCount":1,"homeWorkCommuteMedian":8104,"workHomeCommuteMedian":-1},"geometry":{"type":"Polygon","coordinates":[[[22.043636343875626,56.6436499135588],[22.043636343875626,56.65264311719604],[22.052629547512872,56.65264311719604],[22.052629547512872,56.6436499135588],[22.043636343875626,56.6436499135588]]]}},{"type":"Feature","properties":{"jobs":9,"pop":68,"pointCount":5,"homeWorkCommuteMedian":71431,"workHomeCommuteMedian":6734},"geometry":{"type":"Polygon","coordinates":[[[22.043636343875626,56.67962272810778],[22.043636343875626,56.688615931745026],[22.052629547512872,56.688615931745026],[22.052629547512872,56.67962272810778],[22.043636343875626,56.67962272810778]]]}},{"type":"Feature","properties":{"jobs":0,"pop":7,"pointCount":1,"homeWorkCommuteMedian":71598,"workHomeCommuteMedian":-1},"geometry":{"type":"Polygon","coordinates":[[[22.052629547512872,56.60767709900981],[22.052629547512872,56.61667030264706],[22.061622751150118,56.61667030264706],[22.061622751150118,56.60767709900981],[22.052629547512872,56.60767709900981]]]}},{"type":"Feature","properties":{"jobs":65,"pop":0,"pointCount":1,"homeWorkCommuteMedian":-1,"workHomeCommuteMedian":15114},"geometry":{"type":"Polygon","coordinates":[[[22.052629547512872,56.6436499135588],[22.052629547512872,56.65264311719604],[22.061622751150118,56.65264311719604],[22.061622751150118,56.6436499135588],[22.052629547512872,56.6436499135588]]]}},{"type":"Feature","properties":{"jobs":5,"pop":0,"pointCount":1,"homeWorkCommuteMedian":-1,"workHomeCommuteMedian":7422},"geometry":{"type":"Polygon","coordinates":[[[22.052629547512872,56.65264311719604],[22.052629547512872,56.66163632083329],[22.061622751150118,56.66163632083329],[22.061622751150118,56.65264311719604],[22.052629547512872,56.65264311719604]]]}},{"type":"Feature","properties":{"jobs":7,"pop":19,"pointCount":2,"homeWorkCommuteMedian":69595,"workHomeCommuteMedian":3865},"geometry":{"type":"Polygon","coordinates":[[[22.052629547512872,56.670629524470534],[22.052629547512872,56.67962272810778],[22.061622751150118,56.67962272810778],[22.061622751150118,56.670629524470534],[22.052629547512872,56.670629524470534]]]}},{"type":"Feature","properties":{"jobs":0,"pop":13,"pointCount":2,"homeWorkCommuteMedian":71951,"workHomeCommuteMedian":-1},"geometry":{"type":"Polygon","coordinates":[[[22.052629547512872,56.67962272810778],[22.052629547512872,56.688615931745026],[22.061622751150118,56.688615931745026],[22.061622751150118,56.67962272810778],[22.052629547512872,56.67962272810778]]]}},{"type":"Feature","properties":{"jobs":17,"pop":75,"pointCount":6,"homeWorkCommuteMedian":59628,"workHomeCommuteMedian":8758},"geometry":{"type":"Polygon","coordinates":[[[22.061622751150118,56.60767709900981],[22.061622751150118,56.61667030264706],[22.070615954787364,56.61667030264706],[22.070615954787364,56.60767709900981],[22.061622751150118,56.60767709900981]]]}},{"type":"Feature","properties":{"jobs":11,"pop":19,"pointCount":3,"homeWorkCommuteMedian":70662,"workHomeCommuteMedian":7356},"geometry":{"type":"Polygon","coordinates":[[[22.061622751150118,56.670629524470534],[22.061622751150118,56.67962272810778],[22.070615954787364,56.67962272810778],[22.070615954787364,56.670629524470534],[22.061622751150118,56.670629524470534]]]}},{"type":"Feature","properties":{"jobs":6,"pop":17,"pointCount":3,"homeWorkCommuteMedian":11156,"workHomeCommuteMedian":5203},"geometry":{"type":"Polygon","coordinates":[[[22.070615954787364,56.60767709900981],[22.070615954787364,56.61667030264706],[22.07960915842461,56.61667030264706],[22.07960915842461,56.60767709900981],[22.070615954787364,56.60767709900981]]]}},{"type":"Feature","properties":{"jobs":0,"pop":6,"pointCount":1,"homeWorkCommuteMedian":6949,"workHomeCommuteMedian":-1},"geometry":{"type":"Polygon","coordinates":[[[22.088602362061856,56.625663506284305],[22.088602362061856,56.63465670992155],[22.097595565699102,56.63465670992155],[22.097595565699102,56.625663506284305],[22.088602362061856,56.625663506284305]]]}},{"type":"Feature","properties":{"jobs":0,"pop":6,"pointCount":1,"homeWorkCommuteMedian":78399,"workHomeCommuteMedian":-1},"geometry":{"type":"Polygon","coordinates":[[[22.088602362061856,56.63465670992155],[22.088602362061856,56.6436499135588],[22.097595565699102,56.6436499135588],[22.097595565699102,56.63465670992155],[22.088602362061856,56.63465670992155]]]}}],"properties":{"residentWeightedNearestNeighborKm":{"p10":0.06423620249543927,"p25":0.08304861931580038,"p50":0.10413202662369368,"p75":0.15628600615380867,"p90":0.3189408377108298,"mean":0.18468263444554975},"workerWeightedNearestNeighborKm":{"p10":0.0639060329537419,"p25":0.08706470117805545,"p50":0.14761149478058805,"p75":0.21212365034133815,"p90":0.3632970883704716,"mean":0.2043841852389841},"commuteDistanceKm":{"p10":1426,"p25":3330,"p50":7030,"p75":24086,"p90":48952,"mean":16511.891948596905},"residentCellDensity":{"p10":6,"p25":10,"p50":18,"p75":36,"p90":99,"mean":78.11504424778761},"workerCellDensity":{"p10":6,"p25":9,"p50":16,"p75":45,"p90":221,"mean":106.75},"detail":{"radiusKm":0.12398017625594591,"expectedPointSpacingKm":0.6026736166578791,"normalizedRadius":0.2057169466675459,"activityPerPoint":22.29713804713805,"playableAreaKm2":2224,"playableAreaPerPointKm2":0.936026936026936,"playableCatchmentRadiusKm":0.5458448749156635,"localityScore":1,"deaggregationScore":1,"score":1},"polycentrism":{"activity":{"score":0,"continuousScore":0.27992366011897746,"detectedCenterCount":1,"effectiveCenterCount":1,"largestCenterShare":1,"bandwidthKm":1.3,"reliabilityScore":1,"supportLevel":"high","usedFallback":false,"topCenters":[{"longitude":21.14455459927788,"latitude":56.535959130627624,"massShare":1,"assignedMass":105956,"assignedPointCount":2376,"prominenceRatio":1}],"debug":{"rawPeakCount":116,"mergedPeakCount":80,"filteredPeakCount":1,"prominenceThreshold":0.22,"minPointsPerCenter":10,"rejectedCenters":[{"longitude":21.13832645418982,"latitude":56.543525700961396,"massShare":0.09714409754992638,"assignedMass":10293,"assignedPointCount":254,"prominenceRatio":0.9999999999882754,"strongestCompetitorDistanceKm":9.577837332854719,"strongestCompetitorPotential":28846.55783921443,"localConsolidatedShare":0.09714409754992638,"localConsolidatedMass":10293,"localContributorCount":1,"localContributorDistancesKm":[],"rejectionReasons":["not_dominant_local_peak","below_relative_share_floor","too_close_for_low_share_center"]},{"longitude":21.601698412362232,"latitude":56.71833277401394,"massShare":0.0325323719279701,"assignedMass":3447,"assignedPointCount":188,"prominenceRatio":1,"strongestCompetitorDistanceKm":43.039318223065976,"strongestCompetitorPotential":28846.55783921443,"localConsolidatedShare":0.0325323719279701,"localConsolidatedMass":3447,"localContributorCount":1,"localContributorDistancesKm":[],"rejectionReasons":["below_secondary_share_floor"]},{"longitude":22.020758808199638,"latitude":56.67677611406653,"massShare":0.016469100381290347,"assignedMass":1745,"assignedPointCount":117,"prominenceRatio":1,"strongestCompetitorDistanceKm":64.2874978351423,"strongestCompetitorPotential":null,"localConsolidatedShare":0.016469100381290347,"localConsolidatedMass":1745,"localContributorCount":1,"localContributorDistancesKm":[],"rejectionReasons":["below_secondary_share_floor"]},{"longitude":21.592926876703793,"latitude":56.44416894744742,"massShare":0.014515459247234701,"assignedMass":1538,"assignedPointCount":100,"prominenceRatio":1,"strongestCompetitorDistanceKm":36.19713311145109,"strongestCompetitorPotential":28846.55783921443,"localConsolidatedShare":0.014515459247234701,"localConsolidatedMass":1538,"localContributorCount":1,"localContributorDistancesKm":[],"rejectionReasons":["below_secondary_share_floor"]},{"longitude":21.07783639594017,"latitude":56.35275239473152,"massShare":0.015553626033447846,"assignedMass":1648,"assignedPointCount":101,"prominenceRatio":1,"strongestCompetitorDistanceKm":18.59369956843037,"strongestCompetitorPotential":28846.55783921443,"localConsolidatedShare":0.015553626033447846,"localConsolidatedMass":1648,"localContributorCount":1,"localContributorDistancesKm":[],"rejectionReasons":["below_secondary_share_floor"]},{"longitude":21.858447169702345,"latitude":56.42370857283081,"massShare":0.010542111820000755,"assignedMass":1117,"assignedPointCount":86,"prominenceRatio":1,"strongestCompetitorDistanceKm":52.680845500942254,"strongestCompetitorPotential":null,"localConsolidatedShare":0.010542111820000755,"localConsolidatedMass":1117,"localContributorCount":1,"localContributorDistancesKm":[],"rejectionReasons":["below_secondary_share_floor"]},{"longitude":21.20002190201228,"latitude":56.480320423572095,"massShare":0.006804711389633433,"assignedMass":721,"assignedPointCount":32,"prominenceRatio":1,"strongestCompetitorDistanceKm":12.083400283607304,"strongestCompetitorPotential":28846.55783921443,"localConsolidatedShare":0.006804711389633433,"localConsolidatedMass":721,"localContributorCount":1,"localContributorDistancesKm":[],"rejectionReasons":["below_secondary_share_floor"]},{"longitude":21.198461262615144,"latitude":56.878588772754675,"massShare":0.009739892030654234,"assignedMass":1032,"assignedPointCount":72,"prominenceRatio":1,"strongestCompetitorDistanceKm":42.97229108963848,"strongestCompetitorPotential":28846.55783921443,"localConsolidatedShare":0.009739892030654234,"localConsolidatedMass":1032,"localContributorCount":1,"localContributorDistancesKm":[],"rejectionReasons":["below_secondary_share_floor"]},{"longitude":21.73665072637958,"latitude":56.72654535888524,"massShare":0.007739061497225263,"assignedMass":820,"assignedPointCount":49,"prominenceRatio":1,"strongestCompetitorDistanceKm":50.32328219668697,"strongestCompetitorPotential":null,"localConsolidatedShare":0.007739061497225263,"localConsolidatedMass":820,"localContributorCount":1,"localContributorDistancesKm":[],"rejectionReasons":["below_secondary_share_floor"]},{"longitude":21.359311364144965,"latitude":56.58419251782564,"massShare":0.008446902487825135,"assignedMass":895,"assignedPointCount":63,"prominenceRatio":1,"strongestCompetitorDistanceKm":23.436203977377605,"strongestCompetitorPotential":28846.55783921443,"localConsolidatedShare":0.008446902487825135,"localConsolidatedMass":895,"localContributorCount":1,"localContributorDistancesKm":[],"rejectionReasons":["below_secondary_share_floor"]},{"longitude":21.386807368702105,"latitude":56.73838818457049,"massShare":0.0055211597266789985,"assignedMass":585,"assignedPointCount":33,"prominenceRatio":1,"strongestCompetitorDistanceKm":33.9283795958595,"strongestCompetitorPotential":28846.55783921443,"localConsolidatedShare":0.0055211597266789985,"localConsolidatedMass":585,"localContributorCount":1,"localContributorDistancesKm":[],"rejectionReasons":["below_secondary_share_floor"]},{"longitude":21.45609741916736,"latitude":56.450045704514615,"massShare":0.004388614141719204,"assignedMass":465,"assignedPointCount":15,"prominenceRatio":1,"strongestCompetitorDistanceKm":27.84276883500389,"strongestCompetitorPotential":28846.55783921443,"localConsolidatedShare":0.004388614141719204,"localConsolidatedMass":465,"localContributorCount":1,"localContributorDistancesKm":[],"rejectionReasons":["below_secondary_share_floor"]},{"longitude":21.18845044986886,"latitude":56.695827636856436,"massShare":0.00538902940843369,"assignedMass":571,"assignedPointCount":45,"prominenceRatio":1,"strongestCompetitorDistanceKm":23.656090201761526,"strongestCompetitorPotential":28846.55783921443,"localConsolidatedShare":0.00538902940843369,"localConsolidatedMass":571,"localContributorCount":1,"localContributorDistancesKm":[],"rejectionReasons":["below_secondary_share_floor"]},{"longitude":21.168585480675585,"latitude":56.16284462140736,"massShare":0.004577371739212503,"assignedMass":485,"assignedPointCount":43,"prominenceRatio":1,"strongestCompetitorDistanceKm":40.264871196818554,"strongestCompetitorPotential":28846.55783921443,"localConsolidatedShare":0.004577371739212503,"localConsolidatedMass":485,"localContributorCount":1,"localContributorDistancesKm":[],"rejectionReasons":["below_secondary_share_floor"]},{"longitude":21.47759343638644,"latitude":56.364268681078876,"massShare":0.003775151949865982,"assignedMass":400,"assignedPointCount":26,"prominenceRatio":1,"strongestCompetitorDistanceKm":33.06515395015912,"strongestCompetitorPotential":28846.55783921443,"localConsolidatedShare":0.003775151949865982,"localConsolidatedMass":400,"localContributorCount":1,"localContributorDistancesKm":[],"rejectionReasons":["below_secondary_share_floor"]},{"longitude":21.775565014727675,"latitude":56.835747146637196,"massShare":0.003010683680018121,"assignedMass":319,"assignedPointCount":22,"prominenceRatio":1,"strongestCompetitorDistanceKm":58.98277496462091,"strongestCompetitorPotential":null,"localConsolidatedShare":0.003010683680018121,"localConsolidatedMass":319,"localContributorCount":1,"localContributorDistancesKm":[],"rejectionReasons":["below_secondary_share_floor"]},{"longitude":21.732581990892637,"latitude":56.61408163600122,"massShare":0.0036902110309939974,"assignedMass":391,"assignedPointCount":26,"prominenceRatio":1,"strongestCompetitorDistanceKm":45.385235938743016,"strongestCompetitorPotential":28846.55783921443,"localConsolidatedShare":0.0036902110309939974,"localConsolidatedMass":391,"localContributorCount":1,"localContributorDistancesKm":[],"rejectionReasons":["below_secondary_share_floor"]},{"longitude":20.998948842965678,"latitude":56.39555816968136,"massShare":0.00525689909018838,"assignedMass":557,"assignedPointCount":47,"prominenceRatio":1,"strongestCompetitorDistanceKm":14.411638282314508,"strongestCompetitorPotential":28846.55783921443,"localConsolidatedShare":0.00525689909018838,"localConsolidatedMass":557,"localContributorCount":1,"localContributorDistancesKm":[],"rejectionReasons":["below_secondary_share_floor"]},{"longitude":21.948174745780086,"latitude":56.852352887968756,"massShare":0.003586394352372683,"assignedMass":380,"assignedPointCount":28,"prominenceRatio":1,"strongestCompetitorDistanceKm":68.2532032106661,"strongestCompetitorPotential":null,"localConsolidatedShare":0.003586394352372683,"localConsolidatedMass":380,"localContributorCount":1,"localContributorDistancesKm":[],"rejectionReasons":["below_secondary_share_floor"]},{"longitude":21.880935984111773,"latitude":56.64687857714156,"massShare":0.0032655064366340744,"assignedMass":346,"assignedPointCount":22,"prominenceRatio":1,"strongestCompetitorDistanceKm":55.523474931116425,"strongestCompetitorPotential":null,"localConsolidatedShare":0.0032655064366340744,"localConsolidatedMass":346,"localContributorCount":1,"localContributorDistancesKm":[],"rejectionReasons":["below_secondary_share_floor"]},{"longitude":21.28480067530576,"latitude":56.50435502678072,"massShare":0.0025954169655328626,"assignedMass":275,"assignedPointCount":20,"prominenceRatio":1,"strongestCompetitorDistanceKm":16.729252838893135,"strongestCompetitorPotential":28846.55783921443,"localConsolidatedShare":0.0025954169655328626,"localConsolidatedMass":275,"localContributorCount":1,"localContributorDistancesKm":[],"rejectionReasons":["below_secondary_share_floor"]},{"longitude":21.325335829624173,"latitude":56.68696983123145,"massShare":0.0030578730793914457,"assignedMass":324,"assignedPointCount":28,"prominenceRatio":1,"strongestCompetitorDistanceKm":27.456256932223933,"strongestCompetitorPotential":28846.55783921443,"localConsolidatedShare":0.0030578730793914457,"localConsolidatedMass":324,"localContributorCount":1,"localContributorDistancesKm":[],"rejectionReasons":["below_secondary_share_floor"]},{"longitude":21.327811839704154,"latitude":56.3499479799395,"massShare":0.0028030503227754917,"assignedMass":297,"assignedPointCount":20,"prominenceRatio":1,"strongestCompetitorDistanceKm":26.028749481028836,"strongestCompetitorPotential":28846.55783921443,"localConsolidatedShare":0.0028030503227754917,"localConsolidatedMass":297,"localContributorCount":1,"localContributorDistancesKm":[],"rejectionReasons":["below_secondary_share_floor"]},{"longitude":21.907085954061532,"latitude":56.5619535785895,"massShare":0.002510476046660878,"assignedMass":266,"assignedPointCount":17,"prominenceRatio":1,"strongestCompetitorDistanceKm":54.673463371720445,"strongestCompetitorPotential":null,"localConsolidatedShare":0.002510476046660878,"localConsolidatedMass":266,"localContributorCount":1,"localContributorDistancesKm":[],"rejectionReasons":["below_secondary_share_floor"]},{"longitude":21.600913788317452,"latitude":56.369053396778305,"massShare":0.0026426063649061873,"assignedMass":280,"assignedPointCount":19,"prominenceRatio":1,"strongestCompetitorDistanceKm":39.33343835813353,"strongestCompetitorPotential":28846.55783921443,"localConsolidatedShare":0.0026426063649061873,"localConsolidatedMass":280,"localContributorCount":1,"localContributorDistancesKm":[],"rejectionReasons":["below_secondary_share_floor"]},{"longitude":21.41570901956325,"latitude":56.47609112756364,"massShare":0.001500622900071728,"assignedMass":159,"assignedPointCount":10,"prominenceRatio":1,"strongestCompetitorDistanceKm":25.07448340468598,"strongestCompetitorPotential":28846.55783921443,"localConsolidatedShare":0.001500622900071728,"localConsolidatedMass":159,"localContributorCount":1,"localContributorDistancesKm":[],"rejectionReasons":["below_secondary_share_floor"]},{"longitude":21.546181330238813,"latitude":56.54477275402308,"massShare":0.0016421910981917023,"assignedMass":174,"assignedPointCount":16,"prominenceRatio":1,"strongestCompetitorDistanceKm":32.91286442529046,"strongestCompetitorPotential":28846.55783921443,"localConsolidatedShare":0.0016421910981917023,"localConsolidatedMass":174,"localContributorCount":1,"localContributorDistancesKm":[],"rejectionReasons":["below_secondary_share_floor"]},{"longitude":21.4977294159007,"latitude":56.496699668878335,"massShare":0.0021612744912982746,"assignedMass":229,"assignedPointCount":13,"prominenceRatio":1,"strongestCompetitorDistanceKm":29.775023359633426,"strongestCompetitorPotential":28846.55783921443,"localConsolidatedShare":0.0021612744912982746,"localConsolidatedMass":229,"localContributorCount":1,"localContributorDistancesKm":[],"rejectionReasons":["below_secondary_share_floor"]},{"longitude":21.021606586658624,"latitude":56.166018167179324,"massShare":0.0019347653743063157,"assignedMass":205,"assignedPointCount":11,"prominenceRatio":1,"strongestCompetitorDistanceKm":37.81395166708361,"strongestCompetitorPotential":28846.55783921443,"localConsolidatedShare":0.0019347653743063157,"localConsolidatedMass":205,"localContributorCount":1,"localContributorDistancesKm":[],"rejectionReasons":["below_secondary_share_floor"]},{"longitude":21.320322480167942,"latitude":56.6433859202353,"massShare":0.0017271320170636868,"assignedMass":183,"assignedPointCount":12,"prominenceRatio":1,"strongestCompetitorDistanceKm":23.336923874905406,"strongestCompetitorPotential":28846.55783921443,"localConsolidatedShare":0.0017271320170636868,"localConsolidatedMass":183,"localContributorCount":1,"localContributorDistancesKm":[],"rejectionReasons":["below_secondary_share_floor"]},{"longitude":21.07557561792709,"latitude":56.74500220793206,"massShare":0.0017554456566876817,"assignedMass":186,"assignedPointCount":9,"prominenceRatio":1,"strongestCompetitorDistanceKm":26.743747763740913,"strongestCompetitorPotential":28846.55783921443,"localConsolidatedShare":0.0017554456566876817,"localConsolidatedMass":186,"localContributorCount":1,"localContributorDistancesKm":[],"rejectionReasons":["below_min_points_per_center"]},{"longitude":22.074767764240335,"latitude":56.61396845654752,"massShare":0.0014156819811997432,"assignedMass":150,"assignedPointCount":13,"prominenceRatio":1,"strongestCompetitorDistanceKm":65.80647290164963,"strongestCompetitorPotential":null,"localConsolidatedShare":0.0014156819811997432,"localConsolidatedMass":150,"localContributorCount":1,"localContributorDistancesKm":[],"rejectionReasons":["below_secondary_share_floor"]},{"longitude":21.431754399184477,"latitude":56.52366310416154,"massShare":0.0015950016988183775,"assignedMass":169,"assignedPointCount":13,"prominenceRatio":1,"strongestCompetitorDistanceKm":25.701664088563362,"strongestCompetitorPotential":28846.55783921443,"localConsolidatedShare":0.0015950016988183775,"localConsolidatedMass":169,"localContributorCount":1,"localContributorDistancesKm":[],"rejectionReasons":["below_secondary_share_floor"]},{"longitude":21.098857732822587,"latitude":56.65819376459966,"massShare":0.0032277549171354147,"assignedMass":342,"assignedPointCount":25,"prominenceRatio":1,"strongestCompetitorDistanceKm":17.39993079640422,"strongestCompetitorPotential":28846.55783921443,"localConsolidatedShare":0.0032277549171354147,"localConsolidatedMass":342,"localContributorCount":1,"localContributorDistancesKm":[],"rejectionReasons":["below_secondary_share_floor"]},{"longitude":21.884693515718627,"latitude":56.743012361562855,"massShare":0.0015194986598210578,"assignedMass":161,"assignedPointCount":12,"prominenceRatio":1,"strongestCompetitorDistanceKm":59.313235071443984,"strongestCompetitorPotential":null,"localConsolidatedShare":0.0015194986598210578,"localConsolidatedMass":161,"localContributorCount":1,"localContributorDistancesKm":[],"rejectionReasons":["below_secondary_share_floor"]},{"longitude":21.901404467189003,"latitude":56.487763047730745,"massShare":0.0015761259390690476,"assignedMass":167,"assignedPointCount":15,"prominenceRatio":1,"strongestCompetitorDistanceKm":54.2258129495387,"strongestCompetitorPotential":null,"localConsolidatedShare":0.0015761259390690476,"localConsolidatedMass":167,"localContributorCount":1,"localContributorDistancesKm":[],"rejectionReasons":["below_secondary_share_floor"]},{"longitude":21.26289099122961,"latitude":56.262194865213495,"massShare":0.0017931971761863414,"assignedMass":190,"assignedPointCount":16,"prominenceRatio":1,"strongestCompetitorDistanceKm":31.280794615419605,"strongestCompetitorPotential":28846.55783921443,"localConsolidatedShare":0.0017931971761863414,"localConsolidatedMass":190,"localContributorCount":1,"localContributorDistancesKm":[],"rejectionReasons":["below_secondary_share_floor"]},{"longitude":21.486113652463093,"latitude":56.69879751622957,"massShare":0.002519913926535543,"assignedMass":267,"assignedPointCount":15,"prominenceRatio":1,"strongestCompetitorDistanceKm":35.034539920137604,"strongestCompetitorPotential":28846.55783921443,"localConsolidatedShare":0.002519913926535543,"localConsolidatedMass":267,"localContributorCount":1,"localContributorDistancesKm":[],"rejectionReasons":["below_secondary_share_floor"]},{"longitude":21.696977366531623,"latitude":56.89566015980791,"massShare":0.0017460077768130166,"assignedMass":185,"assignedPointCount":12,"prominenceRatio":1,"strongestCompetitorDistanceKm":60.627939958843776,"strongestCompetitorPotential":null,"localConsolidatedShare":0.0017460077768130166,"localConsolidatedMass":185,"localContributorCount":1,"localContributorDistancesKm":[],"rejectionReasons":["below_secondary_share_floor"]},{"longitude":21.3524235957834,"latitude":56.48783637884878,"massShare":0.0017460077768130166,"assignedMass":185,"assignedPointCount":11,"prominenceRatio":1,"strongestCompetitorDistanceKm":20.07650758497169,"strongestCompetitorPotential":28846.55783921443,"localConsolidatedShare":0.0017460077768130166,"localConsolidatedMass":185,"localContributorCount":1,"localContributorDistancesKm":[],"rejectionReasons":["below_secondary_share_floor"]},{"longitude":21.89715346975106,"latitude":56.69877081054054,"massShare":0.0011702971044584545,"assignedMass":124,"assignedPointCount":7,"prominenceRatio":1,"strongestCompetitorDistanceKm":57.8875345119663,"strongestCompetitorPotential":null,"localConsolidatedShare":0.0011702971044584545,"localConsolidatedMass":124,"localContributorCount":1,"localContributorDistancesKm":[],"rejectionReasons":["below_min_points_per_center"]},{"longitude":21.500560257066862,"latitude":56.805472977099335,"massShare":0.0009626637472158255,"assignedMass":102,"assignedPointCount":5,"prominenceRatio":1,"strongestCompetitorDistanceKm":44.32372738719257,"strongestCompetitorPotential":28846.55783921443,"localConsolidatedShare":0.0009626637472158255,"localConsolidatedMass":102,"localContributorCount":1,"localContributorDistancesKm":[],"rejectionReasons":["below_min_points_per_center"]},{"longitude":21.523884195893118,"latitude":56.40506850207075,"massShare":0.0009249122277171656,"assignedMass":98,"assignedPointCount":8,"prominenceRatio":1,"strongestCompetitorDistanceKm":33.540561389124825,"strongestCompetitorPotential":28846.55783921443,"localConsolidatedShare":0.0009249122277171656,"localConsolidatedMass":98,"localContributorCount":1,"localContributorDistancesKm":[],"rejectionReasons":["below_min_points_per_center"]},{"longitude":21.49364808456598,"latitude":56.62459506899551,"massShare":0.0009721016270904904,"assignedMass":103,"assignedPointCount":12,"prominenceRatio":1,"strongestCompetitorDistanceKm":32.027459349279496,"strongestCompetitorPotential":28846.55783921443,"localConsolidatedShare":0.0009721016270904904,"localConsolidatedMass":103,"localContributorCount":1,"localContributorDistancesKm":[],"rejectionReasons":["below_secondary_share_floor"]},{"longitude":22.0015330664129,"latitude":56.78216861596697,"massShare":0.0010570425459624749,"assignedMass":112,"assignedPointCount":8,"prominenceRatio":1,"strongestCompetitorDistanceKm":67.33825011527277,"strongestCompetitorPotential":null,"localConsolidatedShare":0.0010570425459624749,"localConsolidatedMass":112,"localContributorCount":1,"localContributorDistancesKm":[],"rejectionReasons":["below_min_points_per_center"]},{"longitude":21.674355932877454,"latitude":56.35895917105722,"massShare":0.0013118653025784288,"assignedMass":139,"assignedPointCount":5,"prominenceRatio":1,"strongestCompetitorDistanceKm":44.14860524079717,"strongestCompetitorPotential":28846.55783921443,"localConsolidatedShare":0.0013118653025784288,"localConsolidatedMass":139,"localContributorCount":1,"localContributorDistancesKm":[],"rejectionReasons":["below_min_points_per_center"]},{"longitude":21.770982970212387,"latitude":56.76891157212826,"massShare":0.0013024274227037638,"assignedMass":138,"assignedPointCount":7,"prominenceRatio":1,"strongestCompetitorDistanceKm":54.28045509515953,"strongestCompetitorPotential":null,"localConsolidatedShare":0.0013024274227037638,"localConsolidatedMass":138,"localContributorCount":1,"localContributorDistancesKm":[],"rejectionReasons":["below_min_points_per_center"]},{"longitude":21.798970701296405,"latitude":56.6896870935897,"massShare":0.001274113783079769,"assignedMass":135,"assignedPointCount":10,"prominenceRatio":1,"strongestCompetitorDistanceKm":52.98982399338037,"strongestCompetitorPotential":null,"localConsolidatedShare":0.001274113783079769,"localConsolidatedMass":135,"localContributorCount":1,"localContributorDistancesKm":[],"rejectionReasons":["below_secondary_share_floor"]},{"longitude":21.75896575953337,"latitude":56.416145008741005,"massShare":0.0010098531465891501,"assignedMass":107,"assignedPointCount":7,"prominenceRatio":1,"strongestCompetitorDistanceKm":46.87026110896019,"strongestCompetitorPotential":28846.55783921443,"localConsolidatedShare":0.0010098531465891501,"localConsolidatedMass":107,"localContributorCount":1,"localContributorDistancesKm":[],"rejectionReasons":["below_min_points_per_center"]},{"longitude":20.999152332867176,"latitude":56.30251745732325,"massShare":0.001887575974932991,"assignedMass":200,"assignedPointCount":14,"prominenceRatio":1,"strongestCompetitorDistanceKm":22.654748332836274,"strongestCompetitorPotential":28846.55783921443,"localConsolidatedShare":0.001887575974932991,"localConsolidatedMass":200,"localContributorCount":1,"localContributorDistancesKm":[],"rejectionReasons":["below_secondary_share_floor"]},{"longitude":21.604008560315723,"latitude":56.885640417532954,"massShare":0.0009249122277171656,"assignedMass":98,"assignedPointCount":7,"prominenceRatio":1,"strongestCompetitorDistanceKm":55.14834420630671,"strongestCompetitorPotential":null,"localConsolidatedShare":0.0009249122277171656,"localConsolidatedMass":98,"localContributorCount":1,"localContributorDistancesKm":[],"rejectionReasons":["below_min_points_per_center"]},{"longitude":21.086674412910515,"latitude":56.60765593986968,"massShare":0.0026331684850315227,"assignedMass":279,"assignedPointCount":27,"prominenceRatio":0.9999999999999984,"strongestCompetitorDistanceKm":11.62586489933137,"strongestCompetitorPotential":28846.55783921443,"localConsolidatedShare":0.0026331684850315227,"localConsolidatedMass":279,"localContributorCount":1,"localContributorDistancesKm":[],"rejectionReasons":["below_secondary_share_floor"]},{"longitude":21.46387979665474,"latitude":56.741938176338586,"massShare":0.0007267167503492016,"assignedMass":77,"assignedPointCount":6,"prominenceRatio":1,"strongestCompetitorDistanceKm":37.52405625163249,"strongestCompetitorPotential":28846.55783921443,"localConsolidatedShare":0.0007267167503492016,"localConsolidatedMass":77,"localContributorCount":1,"localContributorDistancesKm":[],"rejectionReasons":["below_min_points_per_center"]},{"longitude":21.2099377348654,"latitude":56.59798309897176,"massShare":0.0026331684850315227,"assignedMass":279,"assignedPointCount":19,"prominenceRatio":1,"strongestCompetitorDistanceKm":16.414684546110177,"strongestCompetitorPotential":28846.55783921443,"localConsolidatedShare":0.0026331684850315227,"localConsolidatedMass":279,"localContributorCount":1,"localContributorDistancesKm":[],"rejectionReasons":["below_secondary_share_floor"]},{"longitude":21.667007759552348,"latitude":56.80057283740647,"massShare":0.0007078409905998716,"assignedMass":75,"assignedPointCount":8,"prominenceRatio":1,"strongestCompetitorDistanceKm":51.482611889931526,"strongestCompetitorPotential":null,"localConsolidatedShare":0.0007078409905998716,"localConsolidatedMass":75,"localContributorCount":1,"localContributorDistancesKm":[],"rejectionReasons":["below_min_points_per_center"]},{"longitude":21.66009457977242,"latitude":56.83469338196178,"massShare":0.0008777228283438408,"assignedMass":93,"assignedPointCount":7,"prominenceRatio":1,"strongestCompetitorDistanceKm":53.02319511033697,"strongestCompetitorPotential":null,"localConsolidatedShare":0.0008777228283438408,"localConsolidatedMass":93,"localContributorCount":1,"localContributorDistancesKm":[],"rejectionReasons":["below_min_points_per_center"]},{"longitude":21.451970888960975,"latitude":56.56917795011802,"massShare":0.0008305334289705161,"assignedMass":88,"assignedPointCount":7,"prominenceRatio":1,"strongestCompetitorDistanceKm":27.797056969025878,"strongestCompetitorPotential":28846.55783921443,"localConsolidatedShare":0.0008305334289705161,"localConsolidatedMass":88,"localContributorCount":1,"localContributorDistancesKm":[],"rejectionReasons":["below_min_points_per_center"]},{"longitude":21.3312567634416,"latitude":56.285039497695074,"massShare":0.0008116576692211862,"assignedMass":86,"assignedPointCount":3,"prominenceRatio":1,"strongestCompetitorDistanceKm":32.39159847753621,"strongestCompetitorPotential":28846.55783921443,"localConsolidatedShare":0.0008116576692211862,"localConsolidatedMass":86,"localContributorCount":1,"localContributorDistancesKm":[],"rejectionReasons":["below_min_points_per_center"]},{"longitude":21.102561964578385,"latitude":56.42236414483837,"massShare":0.0007078409905998716,"assignedMass":75,"assignedPointCount":8,"prominenceRatio":0.9999999999999687,"strongestCompetitorDistanceKm":11.234188925028278,"strongestCompetitorPotential":28846.55783921443,"localConsolidatedShare":0.0007078409905998716,"localConsolidatedMass":75,"localContributorCount":1,"localContributorDistancesKm":[],"rejectionReasons":["below_min_points_per_center"]},{"longitude":21.55091590448581,"latitude":56.61755767347446,"massShare":0.0004624561138585828,"assignedMass":49,"assignedPointCount":5,"prominenceRatio":1,"strongestCompetitorDistanceKm":34.75464659923291,"strongestCompetitorPotential":28846.55783921443,"localConsolidatedShare":0.0004624561138585828,"localConsolidatedMass":49,"localContributorCount":1,"localContributorDistancesKm":[],"rejectionReasons":["below_min_points_per_center"]},{"longitude":21.637812494453897,"latitude":56.58696246815519,"massShare":0.00106648042583714,"assignedMass":113,"assignedPointCount":9,"prominenceRatio":1,"strongestCompetitorDistanceKm":39.386742938557724,"strongestCompetitorPotential":28846.55783921443,"localConsolidatedShare":0.00106648042583714,"localConsolidatedMass":113,"localContributorCount":1,"localContributorDistancesKm":[],"rejectionReasons":["below_min_points_per_center"]},{"longitude":21.53135218724436,"latitude":56.59476252498573,"massShare":0.0004435803541092529,"assignedMass":47,"assignedPointCount":2,"prominenceRatio":1,"strongestCompetitorDistanceKm":33.21319930096723,"strongestCompetitorPotential":28846.55783921443,"localConsolidatedShare":0.0004435803541092529,"localConsolidatedMass":47,"localContributorCount":1,"localContributorDistancesKm":[],"rejectionReasons":["below_min_points_per_center"]},{"longitude":21.636299763608594,"latitude":56.92118966356436,"massShare":0.00047189399373324774,"assignedMass":50,"assignedPointCount":3,"prominenceRatio":1,"strongestCompetitorDistanceKm":59.35494350842753,"strongestCompetitorPotential":null,"localConsolidatedShare":0.00047189399373324774,"localConsolidatedMass":50,"localContributorCount":1,"localContributorDistancesKm":[],"rejectionReasons":["below_min_points_per_center"]},{"longitude":21.220113294108238,"latitude":56.42797775206608,"massShare":0.00043414247423458795,"assignedMass":46,"assignedPointCount":3,"prominenceRatio":1,"strongestCompetitorDistanceKm":15.92184695706343,"strongestCompetitorPotential":28846.55783921443,"localConsolidatedShare":0.00043414247423458795,"localConsolidatedMass":46,"localContributorCount":1,"localContributorDistancesKm":[],"rejectionReasons":["below_min_points_per_center"]},{"longitude":21.97226859124566,"latitude":56.61126283620806,"massShare":0.0005379591528559025,"assignedMass":57,"assignedPointCount":2,"prominenceRatio":1,"strongestCompetitorDistanceKm":60.4520121663545,"strongestCompetitorPotential":null,"localConsolidatedShare":0.0005379591528559025,"localConsolidatedMass":57,"localContributorCount":1,"localContributorDistancesKm":[],"rejectionReasons":["below_min_points_per_center"]},{"longitude":21.667719247354707,"latitude":56.47824132374469,"massShare":0.00041526671448525803,"assignedMass":44,"assignedPointCount":1,"prominenceRatio":1,"strongestCompetitorDistanceKm":40.34482499754399,"strongestCompetitorPotential":28846.55783921443,"localConsolidatedShare":0.00041526671448525803,"localConsolidatedMass":44,"localContributorCount":1,"localContributorDistancesKm":[],"rejectionReasons":["below_min_points_per_center"]},{"longitude":21.09545105501502,"latitude":56.22886085268803,"massShare":0.00047189399373324774,"assignedMass":50,"assignedPointCount":5,"prominenceRatio":1,"strongestCompetitorDistanceKm":32.591708094961895,"strongestCompetitorPotential":28846.55783921443,"localConsolidatedShare":0.00047189399373324774,"localConsolidatedMass":50,"localContributorCount":1,"localContributorDistancesKm":[],"rejectionReasons":["below_min_points_per_center"]},{"longitude":21.53590024004119,"latitude":56.33018709697112,"massShare":0.00031145003586394355,"assignedMass":33,"assignedPointCount":3,"prominenceRatio":1,"strongestCompetitorDistanceKm":37.694229235423194,"strongestCompetitorPotential":28846.55783921443,"localConsolidatedShare":0.00031145003586394355,"localConsolidatedMass":33,"localContributorCount":1,"localContributorDistancesKm":[],"rejectionReasons":["below_min_points_per_center"]},{"longitude":21.136750604555246,"latitude":56.21292461351346,"massShare":0.00023594699686662387,"assignedMass":25,"assignedPointCount":2,"prominenceRatio":1,"strongestCompetitorDistanceKm":33.995369185430086,"strongestCompetitorPotential":28846.55783921443,"localConsolidatedShare":0.00023594699686662387,"localConsolidatedMass":25,"localContributorCount":1,"localContributorDistancesKm":[],"rejectionReasons":["below_min_points_per_center"]},{"longitude":21.50657642137814,"latitude":56.763313790945766,"massShare":0.00031145003586394355,"assignedMass":33,"assignedPointCount":2,"prominenceRatio":1,"strongestCompetitorDistanceKm":40.77459982628599,"strongestCompetitorPotential":28846.55783921443,"localConsolidatedShare":0.00031145003586394355,"localConsolidatedMass":33,"localContributorCount":1,"localContributorDistancesKm":[],"rejectionReasons":["below_min_points_per_center"]},{"longitude":21.726176378999263,"latitude":56.329899853984955,"massShare":0.0002736985163652837,"assignedMass":29,"assignedPointCount":3,"prominenceRatio":1,"strongestCompetitorDistanceKm":48.328338282048705,"strongestCompetitorPotential":28846.55783921443,"localConsolidatedShare":0.0002736985163652837,"localConsolidatedMass":29,"localContributorCount":1,"localContributorDistancesKm":[],"rejectionReasons":["below_min_points_per_center"]},{"longitude":21.24129147547011,"latitude":56.40013631370414,"massShare":0.00022650911699195894,"assignedMass":24,"assignedPointCount":1,"prominenceRatio":1,"strongestCompetitorDistanceKm":18.720286478841796,"strongestCompetitorPotential":28846.55783921443,"localConsolidatedShare":0.00022650911699195894,"localConsolidatedMass":24,"localContributorCount":1,"localContributorDistancesKm":[],"rejectionReasons":["below_min_points_per_center"]},{"longitude":22.01767514702287,"latitude":56.8169602823307,"massShare":0.0001698818377439692,"assignedMass":18,"assignedPointCount":1,"prominenceRatio":1,"strongestCompetitorDistanceKm":70.36419586254516,"strongestCompetitorPotential":null,"localConsolidatedShare":0.0001698818377439692,"localConsolidatedMass":18,"localContributorCount":1,"localContributorDistancesKm":[],"rejectionReasons":["below_min_points_per_center"]},{"longitude":21.268619360621692,"latitude":56.22706969756521,"massShare":0.00015100607799463928,"assignedMass":16,"assignedPointCount":2,"prominenceRatio":1,"strongestCompetitorDistanceKm":35.21327767340452,"strongestCompetitorPotential":28846.55783921443,"localConsolidatedShare":0.00015100607799463928,"localConsolidatedMass":16,"localContributorCount":1,"localContributorDistancesKm":[],"rejectionReasons":["below_min_points_per_center"]},{"longitude":21.98632259486843,"latitude":56.562031375609976,"massShare":0.00015100607799463928,"assignedMass":16,"assignedPointCount":1,"prominenceRatio":1,"strongestCompetitorDistanceKm":59.96235335182122,"strongestCompetitorPotential":null,"localConsolidatedShare":0.00015100607799463928,"localConsolidatedMass":16,"localContributorCount":1,"localContributorDistancesKm":[],"rejectionReasons":["below_min_points_per_center"]},{"longitude":21.660981122285488,"latitude":56.518778927353345,"massShare":0.00014156819811997432,"assignedMass":15,"assignedPointCount":1,"prominenceRatio":1,"strongestCompetitorDistanceKm":39.77129156335665,"strongestCompetitorPotential":28846.55783921443,"localConsolidatedShare":0.00014156819811997432,"localConsolidatedMass":15,"localContributorCount":1,"localContributorDistancesKm":[],"rejectionReasons":["below_min_points_per_center"]},{"longitude":21.068418701943205,"latitude":56.08492065142609,"massShare":0.00013213031824530936,"assignedMass":14,"assignedPointCount":1,"prominenceRatio":1,"strongestCompetitorDistanceKm":47.55068526323998,"strongestCompetitorPotential":28846.55783921443,"localConsolidatedShare":0.00013213031824530936,"localConsolidatedMass":14,"localContributorCount":1,"localContributorDistancesKm":[],"rejectionReasons":["below_min_points_per_center"]},{"longitude":21.283111119480477,"latitude":56.941576270211314,"massShare":0.00009437879874664955,"assignedMass":10,"assignedPointCount":1,"prominenceRatio":1,"strongestCompetitorDistanceKm":50.63263556999108,"strongestCompetitorPotential":null,"localConsolidatedShare":0.00009437879874664955,"localConsolidatedMass":10,"localContributorCount":1,"localContributorDistancesKm":[],"rejectionReasons":["below_min_points_per_center"]},{"longitude":21.40480097534412,"latitude":56.90086356173085,"massShare":0.00006606515912265468,"assignedMass":7,"assignedPointCount":1,"prominenceRatio":1,"strongestCompetitorDistanceKm":49.54172149107598,"strongestCompetitorPotential":28846.55783921443,"localConsolidatedShare":0.00006606515912265468,"localConsolidatedMass":7,"localContributorCount":1,"localContributorDistancesKm":[],"rejectionReasons":["below_min_points_per_center"]}]}}}}}
