{"type":"FeatureCollection","features":[{"type":"Feature","properties":{"jobs":2,"pop":0,"pointCount":1,"homeWorkCommuteMedian":-1,"workHomeCommuteMedian":21186},"geometry":{"type":"Polygon","coordinates":[[[26.066582700812095,58.08479086578792],[26.066582700812095,58.09378406942517],[26.07557590444934,58.09378406942517],[26.07557590444934,58.08479086578792],[26.066582700812095,58.08479086578792]]]}},{"type":"Feature","properties":{"jobs":5,"pop":6,"pointCount":1,"homeWorkCommuteMedian":8617,"workHomeCommuteMedian":23896},"geometry":{"type":"Polygon","coordinates":[[[26.084569108086587,58.17472290216038],[26.084569108086587,58.18371610579763],[26.093562311723833,58.18371610579763],[26.093562311723833,58.17472290216038],[26.084569108086587,58.17472290216038]]]}},{"type":"Feature","properties":{"jobs":10,"pop":6,"pointCount":1,"homeWorkCommuteMedian":12306,"workHomeCommuteMedian":33188},"geometry":{"type":"Polygon","coordinates":[[[26.093562311723833,58.18371610579763],[26.093562311723833,58.192709309434875],[26.10255551536108,58.192709309434875],[26.10255551536108,58.18371610579763],[26.093562311723833,58.18371610579763]]]}},{"type":"Feature","properties":{"jobs":0,"pop":5,"pointCount":1,"homeWorkCommuteMedian":23213,"workHomeCommuteMedian":-1},"geometry":{"type":"Polygon","coordinates":[[[26.093562311723833,58.192709309434875],[26.093562311723833,58.20170251307212],[26.10255551536108,58.20170251307212],[26.10255551536108,58.192709309434875],[26.093562311723833,58.192709309434875]]]}},{"type":"Feature","properties":{"jobs":0,"pop":29,"pointCount":2,"homeWorkCommuteMedian":51966,"workHomeCommuteMedian":-1},"geometry":{"type":"Polygon","coordinates":[[[26.10255551536108,58.20170251307212],[26.10255551536108,58.21069571670937],[26.111548718998325,58.21069571670937],[26.111548718998325,58.20170251307212],[26.10255551536108,58.20170251307212]]]}},{"type":"Feature","properties":{"jobs":32,"pop":11,"pointCount":1,"homeWorkCommuteMedian":23147,"workHomeCommuteMedian":24344},"geometry":{"type":"Polygon","coordinates":[[[26.10255551536108,58.21069571670937],[26.10255551536108,58.21968892034661],[26.111548718998325,58.21968892034661],[26.111548718998325,58.21069571670937],[26.10255551536108,58.21069571670937]]]}},{"type":"Feature","properties":{"jobs":12,"pop":13,"pointCount":1,"homeWorkCommuteMedian":48629,"workHomeCommuteMedian":22834},"geometry":{"type":"Polygon","coordinates":[[[26.111548718998325,58.102777273062415],[26.111548718998325,58.11177047669966],[26.12054192263557,58.11177047669966],[26.12054192263557,58.102777273062415],[26.111548718998325,58.102777273062415]]]}},{"type":"Feature","properties":{"jobs":0,"pop":5,"pointCount":1,"homeWorkCommuteMedian":9503,"workHomeCommuteMedian":-1},"geometry":{"type":"Polygon","coordinates":[[[26.111548718998325,58.192709309434875],[26.111548718998325,58.20170251307212],[26.12054192263557,58.20170251307212],[26.12054192263557,58.192709309434875],[26.111548718998325,58.192709309434875]]]}},{"type":"Feature","properties":{"jobs":6,"pop":6,"pointCount":2,"homeWorkCommuteMedian":75875,"workHomeCommuteMedian":27881},"geometry":{"type":"Polygon","coordinates":[[[26.111548718998325,58.21968892034661],[26.111548718998325,58.22868212398386],[26.12054192263557,58.22868212398386],[26.12054192263557,58.21968892034661],[26.111548718998325,58.21968892034661]]]}},{"type":"Feature","properties":{"jobs":0,"pop":5,"pointCount":1,"homeWorkCommuteMedian":52188,"workHomeCommuteMedian":-1},"geometry":{"type":"Polygon","coordinates":[[[26.12054192263557,58.09378406942517],[26.12054192263557,58.102777273062415],[26.129535126272817,58.102777273062415],[26.129535126272817,58.09378406942517],[26.12054192263557,58.09378406942517]]]}},{"type":"Feature","properties":{"jobs":0,"pop":8,"pointCount":1,"homeWorkCommuteMedian":48008,"workHomeCommuteMedian":-1},"geometry":{"type":"Polygon","coordinates":[[[26.12054192263557,58.21968892034661],[26.12054192263557,58.22868212398386],[26.129535126272817,58.22868212398386],[26.129535126272817,58.21968892034661],[26.12054192263557,58.21968892034661]]]}},{"type":"Feature","properties":{"jobs":35,"pop":0,"pointCount":1,"homeWorkCommuteMedian":-1,"workHomeCommuteMedian":20231},"geometry":{"type":"Polygon","coordinates":[[[26.129535126272817,58.21968892034661],[26.129535126272817,58.22868212398386],[26.138528329910063,58.22868212398386],[26.138528329910063,58.21968892034661],[26.129535126272817,58.21968892034661]]]}},{"type":"Feature","properties":{"jobs":0,"pop":5,"pointCount":1,"homeWorkCommuteMedian":7970,"workHomeCommuteMedian":-1},"geometry":{"type":"Polygon","coordinates":[[[26.129535126272817,58.22868212398386],[26.129535126272817,58.237675327621105],[26.138528329910063,58.237675327621105],[26.138528329910063,58.22868212398386],[26.129535126272817,58.22868212398386]]]}},{"type":"Feature","properties":{"jobs":11,"pop":0,"pointCount":1,"homeWorkCommuteMedian":-1,"workHomeCommuteMedian":9202},"geometry":{"type":"Polygon","coordinates":[[[26.129535126272817,58.2556617348956],[26.129535126272817,58.26465493853284],[26.138528329910063,58.26465493853284],[26.138528329910063,58.2556617348956],[26.129535126272817,58.2556617348956]]]}},{"type":"Feature","properties":{"jobs":0,"pop":9,"pointCount":1,"homeWorkCommuteMedian":44052,"workHomeCommuteMedian":-1},"geometry":{"type":"Polygon","coordinates":[[[26.129535126272817,58.26465493853284],[26.129535126272817,58.27364814217009],[26.138528329910063,58.27364814217009],[26.138528329910063,58.26465493853284],[26.129535126272817,58.26465493853284]]]}},{"type":"Feature","properties":{"jobs":9,"pop":0,"pointCount":1,"homeWorkCommuteMedian":-1,"workHomeCommuteMedian":25278},"geometry":{"type":"Polygon","coordinates":[[[26.129535126272817,58.38156658581704],[26.129535126272817,58.39055978945429],[26.138528329910063,58.39055978945429],[26.138528329910063,58.38156658581704],[26.129535126272817,58.38156658581704]]]}},{"type":"Feature","properties":{"jobs":0,"pop":5,"pointCount":1,"homeWorkCommuteMedian":43698,"workHomeCommuteMedian":-1},"geometry":{"type":"Polygon","coordinates":[[[26.138528329910063,58.07579766215068],[26.138528329910063,58.08479086578792],[26.14752153354731,58.08479086578792],[26.14752153354731,58.07579766215068],[26.138528329910063,58.07579766215068]]]}},{"type":"Feature","properties":{"jobs":5,"pop":9,"pointCount":2,"homeWorkCommuteMedian":1434,"workHomeCommuteMedian":35633},"geometry":{"type":"Polygon","coordinates":[[[26.138528329910063,58.26465493853284],[26.138528329910063,58.27364814217009],[26.14752153354731,58.27364814217009],[26.14752153354731,58.26465493853284],[26.138528329910063,58.26465493853284]]]}},{"type":"Feature","properties":{"jobs":0,"pop":11,"pointCount":1,"homeWorkCommuteMedian":11680,"workHomeCommuteMedian":-1},"geometry":{"type":"Polygon","coordinates":[[[26.138528329910063,58.30962095671907],[26.138528329910063,58.31861416035632],[26.14752153354731,58.31861416035632],[26.14752153354731,58.30962095671907],[26.138528329910063,58.30962095671907]]]}},{"type":"Feature","properties":{"jobs":0,"pop":6,"pointCount":1,"homeWorkCommuteMedian":13504,"workHomeCommuteMedian":-1},"geometry":{"type":"Polygon","coordinates":[[[26.14752153354731,58.31861416035632],[26.14752153354731,58.327607363993565],[26.156514737184555,58.327607363993565],[26.156514737184555,58.31861416035632],[26.14752153354731,58.31861416035632]]]}},{"type":"Feature","properties":{"jobs":0,"pop":6,"pointCount":1,"homeWorkCommuteMedian":47948,"workHomeCommuteMedian":-1},"geometry":{"type":"Polygon","coordinates":[[[26.156514737184555,58.012845236689955],[26.156514737184555,58.0218384403272],[26.1655079408218,58.0218384403272],[26.1655079408218,58.012845236689955],[26.156514737184555,58.012845236689955]]]}},{"type":"Feature","properties":{"jobs":0,"pop":7,"pointCount":1,"homeWorkCommuteMedian":17897,"workHomeCommuteMedian":-1},"geometry":{"type":"Polygon","coordinates":[[[26.156514737184555,58.0218384403272],[26.156514737184555,58.03083164396445],[26.1655079408218,58.03083164396445],[26.1655079408218,58.0218384403272],[26.156514737184555,58.0218384403272]]]}},{"type":"Feature","properties":{"jobs":6,"pop":0,"pointCount":1,"homeWorkCommuteMedian":-1,"workHomeCommuteMedian":7953},"geometry":{"type":"Polygon","coordinates":[[[26.156514737184555,58.15673649488589],[26.156514737184555,58.16572969852314],[26.1655079408218,58.16572969852314],[26.1655079408218,58.15673649488589],[26.156514737184555,58.15673649488589]]]}},{"type":"Feature","properties":{"jobs":19,"pop":0,"pointCount":2,"homeWorkCommuteMedian":-1,"workHomeCommuteMedian":18034},"geometry":{"type":"Polygon","coordinates":[[[26.156514737184555,58.282641345807335],[26.156514737184555,58.29163454944458],[26.1655079408218,58.29163454944458],[26.1655079408218,58.282641345807335],[26.156514737184555,58.282641345807335]]]}},{"type":"Feature","properties":{"jobs":5,"pop":0,"pointCount":1,"homeWorkCommuteMedian":-1,"workHomeCommuteMedian":48037},"geometry":{"type":"Polygon","coordinates":[[[26.156514737184555,58.30062775308183],[26.156514737184555,58.30962095671907],[26.1655079408218,58.30962095671907],[26.1655079408218,58.30062775308183],[26.156514737184555,58.30062775308183]]]}},{"type":"Feature","properties":{"jobs":0,"pop":13,"pointCount":1,"homeWorkCommuteMedian":21368,"workHomeCommuteMedian":-1},"geometry":{"type":"Polygon","coordinates":[[[26.156514737184555,58.30962095671907],[26.156514737184555,58.31861416035632],[26.1655079408218,58.31861416035632],[26.1655079408218,58.30962095671907],[26.156514737184555,58.30962095671907]]]}},{"type":"Feature","properties":{"jobs":2,"pop":1,"pointCount":2,"homeWorkCommuteMedian":52532,"workHomeCommuteMedian":52391},"geometry":{"type":"Polygon","coordinates":[[[26.1655079408218,58.03982484760169],[26.1655079408218,58.04881805123894],[26.174501144459047,58.04881805123894],[26.174501144459047,58.03982484760169],[26.1655079408218,58.03982484760169]]]}},{"type":"Feature","properties":{"jobs":5,"pop":0,"pointCount":1,"homeWorkCommuteMedian":-1,"workHomeCommuteMedian":50270},"geometry":{"type":"Polygon","coordinates":[[[26.1655079408218,58.06680445851343],[26.1655079408218,58.07579766215068],[26.174501144459047,58.07579766215068],[26.174501144459047,58.06680445851343],[26.1655079408218,58.06680445851343]]]}},{"type":"Feature","properties":{"jobs":8,"pop":0,"pointCount":1,"homeWorkCommuteMedian":-1,"workHomeCommuteMedian":64251},"geometry":{"type":"Polygon","coordinates":[[[26.1655079408218,58.12975688397415],[26.1655079408218,58.1387500876114],[26.174501144459047,58.1387500876114],[26.174501144459047,58.12975688397415],[26.1655079408218,58.12975688397415]]]}},{"type":"Feature","properties":{"jobs":0,"pop":6,"pointCount":1,"homeWorkCommuteMedian":7192,"workHomeCommuteMedian":-1},"geometry":{"type":"Polygon","coordinates":[[[26.1655079408218,58.1387500876114],[26.1655079408218,58.147743291248645],[26.174501144459047,58.147743291248645],[26.174501144459047,58.1387500876114],[26.1655079408218,58.1387500876114]]]}},{"type":"Feature","properties":{"jobs":0,"pop":24,"pointCount":2,"homeWorkCommuteMedian":4046,"workHomeCommuteMedian":-1},"geometry":{"type":"Polygon","coordinates":[[[26.1655079408218,58.24666853125835],[26.1655079408218,58.2556617348956],[26.174501144459047,58.2556617348956],[26.174501144459047,58.24666853125835],[26.1655079408218,58.24666853125835]]]}},{"type":"Feature","properties":{"jobs":57,"pop":0,"pointCount":2,"homeWorkCommuteMedian":-1,"workHomeCommuteMedian":9503},"geometry":{"type":"Polygon","coordinates":[[[26.1655079408218,58.2556617348956],[26.1655079408218,58.26465493853284],[26.174501144459047,58.26465493853284],[26.174501144459047,58.2556617348956],[26.1655079408218,58.2556617348956]]]}},{"type":"Feature","properties":{"jobs":5,"pop":16,"pointCount":3,"homeWorkCommuteMedian":41109,"workHomeCommuteMedian":12720},"geometry":{"type":"Polygon","coordinates":[[[26.1655079408218,58.27364814217009],[26.1655079408218,58.282641345807335],[26.174501144459047,58.282641345807335],[26.174501144459047,58.27364814217009],[26.1655079408218,58.27364814217009]]]}},{"type":"Feature","properties":{"jobs":0,"pop":11,"pointCount":1,"homeWorkCommuteMedian":18354,"workHomeCommuteMedian":-1},"geometry":{"type":"Polygon","coordinates":[[[26.1655079408218,58.282641345807335],[26.1655079408218,58.29163454944458],[26.174501144459047,58.29163454944458],[26.174501144459047,58.282641345807335],[26.1655079408218,58.282641345807335]]]}},{"type":"Feature","properties":{"jobs":67,"pop":21,"pointCount":3,"homeWorkCommuteMedian":13468,"workHomeCommuteMedian":27503},"geometry":{"type":"Polygon","coordinates":[[[26.1655079408218,58.30062775308183],[26.1655079408218,58.30962095671907],[26.174501144459047,58.30962095671907],[26.174501144459047,58.30062775308183],[26.1655079408218,58.30062775308183]]]}},{"type":"Feature","properties":{"jobs":0,"pop":8,"pointCount":1,"homeWorkCommuteMedian":25328,"workHomeCommuteMedian":-1},"geometry":{"type":"Polygon","coordinates":[[[26.1655079408218,58.33660056763081],[26.1655079408218,58.34559377126806],[26.174501144459047,58.34559377126806],[26.174501144459047,58.33660056763081],[26.1655079408218,58.33660056763081]]]}},{"type":"Feature","properties":{"jobs":8,"pop":0,"pointCount":1,"homeWorkCommuteMedian":-1,"workHomeCommuteMedian":28474},"geometry":{"type":"Polygon","coordinates":[[[26.174501144459047,58.03083164396445],[26.174501144459047,58.03982484760169],[26.183494348096293,58.03982484760169],[26.183494348096293,58.03083164396445],[26.174501144459047,58.03083164396445]]]}},{"type":"Feature","properties":{"jobs":0,"pop":8,"pointCount":1,"homeWorkCommuteMedian":52746,"workHomeCommuteMedian":-1},"geometry":{"type":"Polygon","coordinates":[[[26.174501144459047,58.04881805123894],[26.174501144459047,58.057811254876185],[26.183494348096293,58.057811254876185],[26.183494348096293,58.04881805123894],[26.174501144459047,58.04881805123894]]]}},{"type":"Feature","properties":{"jobs":0,"pop":8,"pointCount":1,"homeWorkCommuteMedian":49166,"workHomeCommuteMedian":-1},"geometry":{"type":"Polygon","coordinates":[[[26.174501144459047,58.08479086578792],[26.174501144459047,58.09378406942517],[26.183494348096293,58.09378406942517],[26.183494348096293,58.08479086578792],[26.174501144459047,58.08479086578792]]]}},{"type":"Feature","properties":{"jobs":8,"pop":5,"pointCount":1,"homeWorkCommuteMedian":0,"workHomeCommuteMedian":3149},"geometry":{"type":"Polygon","coordinates":[[[26.174501144459047,58.11177047669966],[26.174501144459047,58.12076368033691],[26.183494348096293,58.12076368033691],[26.183494348096293,58.11177047669966],[26.174501144459047,58.11177047669966]]]}},{"type":"Feature","properties":{"jobs":12,"pop":0,"pointCount":1,"homeWorkCommuteMedian":-1,"workHomeCommuteMedian":33203},"geometry":{"type":"Polygon","coordinates":[[[26.174501144459047,58.12076368033691],[26.174501144459047,58.12975688397415],[26.183494348096293,58.12975688397415],[26.183494348096293,58.12076368033691],[26.174501144459047,58.12076368033691]]]}},{"type":"Feature","properties":{"jobs":9,"pop":9,"pointCount":2,"homeWorkCommuteMedian":23135,"workHomeCommuteMedian":61277},"geometry":{"type":"Polygon","coordinates":[[[26.174501144459047,58.12975688397415],[26.174501144459047,58.1387500876114],[26.183494348096293,58.1387500876114],[26.183494348096293,58.12975688397415],[26.174501144459047,58.12975688397415]]]}},{"type":"Feature","properties":{"jobs":0,"pop":6,"pointCount":1,"homeWorkCommuteMedian":12841,"workHomeCommuteMedian":-1},"geometry":{"type":"Polygon","coordinates":[[[26.174501144459047,58.1387500876114],[26.174501144459047,58.147743291248645],[26.183494348096293,58.147743291248645],[26.183494348096293,58.1387500876114],[26.174501144459047,58.1387500876114]]]}},{"type":"Feature","properties":{"jobs":0,"pop":18,"pointCount":2,"homeWorkCommuteMedian":7241,"workHomeCommuteMedian":-1},"geometry":{"type":"Polygon","coordinates":[[[26.174501144459047,58.147743291248645],[26.174501144459047,58.15673649488589],[26.183494348096293,58.15673649488589],[26.183494348096293,58.147743291248645],[26.174501144459047,58.147743291248645]]]}},{"type":"Feature","properties":{"jobs":6,"pop":0,"pointCount":1,"homeWorkCommuteMedian":-1,"workHomeCommuteMedian":8617},"geometry":{"type":"Polygon","coordinates":[[[26.174501144459047,58.16572969852314],[26.174501144459047,58.17472290216038],[26.183494348096293,58.17472290216038],[26.183494348096293,58.16572969852314],[26.174501144459047,58.16572969852314]]]}},{"type":"Feature","properties":{"jobs":21,"pop":0,"pointCount":1,"homeWorkCommuteMedian":-1,"workHomeCommuteMedian":3467},"geometry":{"type":"Polygon","coordinates":[[[26.174501144459047,58.237675327621105],[26.174501144459047,58.24666853125835],[26.183494348096293,58.24666853125835],[26.183494348096293,58.237675327621105],[26.174501144459047,58.237675327621105]]]}},{"type":"Feature","properties":{"jobs":15,"pop":15,"pointCount":3,"homeWorkCommuteMedian":48802,"workHomeCommuteMedian":26404},"geometry":{"type":"Polygon","coordinates":[[[26.174501144459047,58.24666853125835],[26.174501144459047,58.2556617348956],[26.183494348096293,58.2556617348956],[26.183494348096293,58.24666853125835],[26.174501144459047,58.24666853125835]]]}},{"type":"Feature","properties":{"jobs":56,"pop":21,"pointCount":2,"homeWorkCommuteMedian":19884,"workHomeCommuteMedian":28667},"geometry":{"type":"Polygon","coordinates":[[[26.174501144459047,58.27364814217009],[26.174501144459047,58.282641345807335],[26.183494348096293,58.282641345807335],[26.183494348096293,58.27364814217009],[26.174501144459047,58.27364814217009]]]}},{"type":"Feature","properties":{"jobs":0,"pop":12,"pointCount":1,"homeWorkCommuteMedian":23097,"workHomeCommuteMedian":-1},"geometry":{"type":"Polygon","coordinates":[[[26.174501144459047,58.282641345807335],[26.174501144459047,58.29163454944458],[26.183494348096293,58.29163454944458],[26.183494348096293,58.282641345807335],[26.174501144459047,58.282641345807335]]]}},{"type":"Feature","properties":{"jobs":9,"pop":15,"pointCount":3,"homeWorkCommuteMedian":12339,"workHomeCommuteMedian":21925},"geometry":{"type":"Polygon","coordinates":[[[26.174501144459047,58.29163454944458],[26.174501144459047,58.30062775308183],[26.183494348096293,58.30062775308183],[26.183494348096293,58.29163454944458],[26.174501144459047,58.29163454944458]]]}},{"type":"Feature","properties":{"jobs":0,"pop":5,"pointCount":1,"homeWorkCommuteMedian":30182,"workHomeCommuteMedian":-1},"geometry":{"type":"Polygon","coordinates":[[[26.174501144459047,58.30962095671907],[26.174501144459047,58.31861416035632],[26.183494348096293,58.31861416035632],[26.183494348096293,58.30962095671907],[26.174501144459047,58.30962095671907]]]}},{"type":"Feature","properties":{"jobs":40,"pop":0,"pointCount":3,"homeWorkCommuteMedian":-1,"workHomeCommuteMedian":25814},"geometry":{"type":"Polygon","coordinates":[[[26.174501144459047,58.327607363993565],[26.174501144459047,58.33660056763081],[26.183494348096293,58.33660056763081],[26.183494348096293,58.327607363993565],[26.174501144459047,58.327607363993565]]]}},{"type":"Feature","properties":{"jobs":0,"pop":13,"pointCount":1,"homeWorkCommuteMedian":34799,"workHomeCommuteMedian":-1},"geometry":{"type":"Polygon","coordinates":[[[26.174501144459047,58.33660056763081],[26.174501144459047,58.34559377126806],[26.183494348096293,58.34559377126806],[26.183494348096293,58.33660056763081],[26.174501144459047,58.33660056763081]]]}},{"type":"Feature","properties":{"jobs":28,"pop":17,"pointCount":3,"homeWorkCommuteMedian":53916,"workHomeCommuteMedian":37320},"geometry":{"type":"Polygon","coordinates":[[[26.174501144459047,58.34559377126806],[26.174501144459047,58.3545869749053],[26.183494348096293,58.3545869749053],[26.183494348096293,58.34559377126806],[26.174501144459047,58.34559377126806]]]}},{"type":"Feature","properties":{"jobs":0,"pop":5,"pointCount":1,"homeWorkCommuteMedian":5737,"workHomeCommuteMedian":-1},"geometry":{"type":"Polygon","coordinates":[[[26.183494348096293,58.012845236689955],[26.183494348096293,58.0218384403272],[26.19248755173354,58.0218384403272],[26.19248755173354,58.012845236689955],[26.183494348096293,58.012845236689955]]]}},{"type":"Feature","properties":{"jobs":0,"pop":10,"pointCount":1,"homeWorkCommuteMedian":39991,"workHomeCommuteMedian":-1},"geometry":{"type":"Polygon","coordinates":[[[26.183494348096293,58.07579766215068],[26.183494348096293,58.08479086578792],[26.19248755173354,58.08479086578792],[26.19248755173354,58.07579766215068],[26.183494348096293,58.07579766215068]]]}},{"type":"Feature","properties":{"jobs":23,"pop":18,"pointCount":3,"homeWorkCommuteMedian":56743,"workHomeCommuteMedian":12383},"geometry":{"type":"Polygon","coordinates":[[[26.183494348096293,58.09378406942517],[26.183494348096293,58.102777273062415],[26.19248755173354,58.102777273062415],[26.19248755173354,58.09378406942517],[26.183494348096293,58.09378406942517]]]}},{"type":"Feature","properties":{"jobs":0,"pop":7,"pointCount":1,"homeWorkCommuteMedian":20280,"workHomeCommuteMedian":-1},"geometry":{"type":"Polygon","coordinates":[[[26.183494348096293,58.102777273062415],[26.183494348096293,58.11177047669966],[26.19248755173354,58.11177047669966],[26.19248755173354,58.102777273062415],[26.183494348096293,58.102777273062415]]]}},{"type":"Feature","properties":{"jobs":0,"pop":5,"pointCount":1,"homeWorkCommuteMedian":28583,"workHomeCommuteMedian":-1},"geometry":{"type":"Polygon","coordinates":[[[26.183494348096293,58.11177047669966],[26.183494348096293,58.12076368033691],[26.19248755173354,58.12076368033691],[26.19248755173354,58.11177047669966],[26.183494348096293,58.11177047669966]]]}},{"type":"Feature","properties":{"jobs":0,"pop":15,"pointCount":2,"homeWorkCommuteMedian":17421,"workHomeCommuteMedian":-1},"geometry":{"type":"Polygon","coordinates":[[[26.183494348096293,58.1387500876114],[26.183494348096293,58.147743291248645],[26.19248755173354,58.147743291248645],[26.19248755173354,58.1387500876114],[26.183494348096293,58.1387500876114]]]}},{"type":"Feature","properties":{"jobs":6,"pop":0,"pointCount":1,"homeWorkCommuteMedian":-1,"workHomeCommuteMedian":12326},"geometry":{"type":"Polygon","coordinates":[[[26.183494348096293,58.16572969852314],[26.183494348096293,58.17472290216038],[26.19248755173354,58.17472290216038],[26.19248755173354,58.16572969852314],[26.183494348096293,58.16572969852314]]]}},{"type":"Feature","properties":{"jobs":23,"pop":0,"pointCount":1,"homeWorkCommuteMedian":-1,"workHomeCommuteMedian":19207},"geometry":{"type":"Polygon","coordinates":[[[26.183494348096293,58.17472290216038],[26.183494348096293,58.18371610579763],[26.19248755173354,58.18371610579763],[26.19248755173354,58.17472290216038],[26.183494348096293,58.17472290216038]]]}},{"type":"Feature","properties":{"jobs":0,"pop":3,"pointCount":1,"homeWorkCommuteMedian":42698,"workHomeCommuteMedian":-1},"geometry":{"type":"Polygon","coordinates":[[[26.183494348096293,58.21968892034661],[26.183494348096293,58.22868212398386],[26.19248755173354,58.22868212398386],[26.19248755173354,58.21968892034661],[26.183494348096293,58.21968892034661]]]}},{"type":"Feature","properties":{"jobs":6,"pop":8,"pointCount":2,"homeWorkCommuteMedian":24409,"workHomeCommuteMedian":9101},"geometry":{"type":"Polygon","coordinates":[[[26.183494348096293,58.26465493853284],[26.183494348096293,58.27364814217009],[26.19248755173354,58.27364814217009],[26.19248755173354,58.26465493853284],[26.183494348096293,58.26465493853284]]]}},{"type":"Feature","properties":{"jobs":38,"pop":0,"pointCount":3,"homeWorkCommuteMedian":-1,"workHomeCommuteMedian":45976},"geometry":{"type":"Polygon","coordinates":[[[26.183494348096293,58.27364814217009],[26.183494348096293,58.282641345807335],[26.19248755173354,58.282641345807335],[26.19248755173354,58.27364814217009],[26.183494348096293,58.27364814217009]]]}},{"type":"Feature","properties":{"jobs":0,"pop":18,"pointCount":1,"homeWorkCommuteMedian":35330,"workHomeCommuteMedian":-1},"geometry":{"type":"Polygon","coordinates":[[[26.183494348096293,58.327607363993565],[26.183494348096293,58.33660056763081],[26.19248755173354,58.33660056763081],[26.19248755173354,58.327607363993565],[26.183494348096293,58.327607363993565]]]}},{"type":"Feature","properties":{"jobs":13,"pop":0,"pointCount":1,"homeWorkCommuteMedian":-1,"workHomeCommuteMedian":21393},"geometry":{"type":"Polygon","coordinates":[[[26.183494348096293,58.34559377126806],[26.183494348096293,58.3545869749053],[26.19248755173354,58.3545869749053],[26.19248755173354,58.34559377126806],[26.183494348096293,58.34559377126806]]]}},{"type":"Feature","properties":{"jobs":0,"pop":10,"pointCount":1,"homeWorkCommuteMedian":46620,"workHomeCommuteMedian":-1},"geometry":{"type":"Polygon","coordinates":[[[26.183494348096293,58.372573382179795],[26.183494348096293,58.38156658581704],[26.19248755173354,58.38156658581704],[26.19248755173354,58.372573382179795],[26.183494348096293,58.372573382179795]]]}},{"type":"Feature","properties":{"jobs":0,"pop":9,"pointCount":1,"homeWorkCommuteMedian":30393,"workHomeCommuteMedian":-1},"geometry":{"type":"Polygon","coordinates":[[[26.19248755173354,58.00385203305271],[26.19248755173354,58.012845236689955],[26.201480755370785,58.012845236689955],[26.201480755370785,58.00385203305271],[26.19248755173354,58.00385203305271]]]}},{"type":"Feature","properties":{"jobs":1,"pop":6,"pointCount":1,"homeWorkCommuteMedian":51123,"workHomeCommuteMedian":5547},"geometry":{"type":"Polygon","coordinates":[[[26.19248755173354,58.03083164396445],[26.19248755173354,58.03982484760169],[26.201480755370785,58.03982484760169],[26.201480755370785,58.03083164396445],[26.19248755173354,58.03083164396445]]]}},{"type":"Feature","properties":{"jobs":26,"pop":13,"pointCount":3,"homeWorkCommuteMedian":6961,"workHomeCommuteMedian":21634},"geometry":{"type":"Polygon","coordinates":[[[26.19248755173354,58.08479086578792],[26.19248755173354,58.09378406942517],[26.201480755370785,58.09378406942517],[26.201480755370785,58.08479086578792],[26.19248755173354,58.08479086578792]]]}},{"type":"Feature","properties":{"jobs":68,"pop":50,"pointCount":6,"homeWorkCommuteMedian":21338,"workHomeCommuteMedian":7734},"geometry":{"type":"Polygon","coordinates":[[[26.19248755173354,58.09378406942517],[26.19248755173354,58.102777273062415],[26.201480755370785,58.102777273062415],[26.201480755370785,58.09378406942517],[26.19248755173354,58.09378406942517]]]}},{"type":"Feature","properties":{"jobs":0,"pop":11,"pointCount":1,"homeWorkCommuteMedian":45180,"workHomeCommuteMedian":-1},"geometry":{"type":"Polygon","coordinates":[[[26.19248755173354,58.12975688397415],[26.19248755173354,58.1387500876114],[26.201480755370785,58.1387500876114],[26.201480755370785,58.12975688397415],[26.19248755173354,58.12975688397415]]]}},{"type":"Feature","properties":{"jobs":0,"pop":7,"pointCount":1,"homeWorkCommuteMedian":14144,"workHomeCommuteMedian":-1},"geometry":{"type":"Polygon","coordinates":[[[26.19248755173354,58.147743291248645],[26.19248755173354,58.15673649488589],[26.201480755370785,58.15673649488589],[26.201480755370785,58.147743291248645],[26.19248755173354,58.147743291248645]]]}},{"type":"Feature","properties":{"jobs":24,"pop":79,"pointCount":4,"homeWorkCommuteMedian":24346,"workHomeCommuteMedian":18678},"geometry":{"type":"Polygon","coordinates":[[[26.19248755173354,58.17472290216038],[26.19248755173354,58.18371610579763],[26.201480755370785,58.18371610579763],[26.201480755370785,58.17472290216038],[26.19248755173354,58.17472290216038]]]}},{"type":"Feature","properties":{"jobs":46,"pop":15,"pointCount":3,"homeWorkCommuteMedian":21393,"workHomeCommuteMedian":18319},"geometry":{"type":"Polygon","coordinates":[[[26.19248755173354,58.18371610579763],[26.19248755173354,58.192709309434875],[26.201480755370785,58.192709309434875],[26.201480755370785,58.18371610579763],[26.19248755173354,58.18371610579763]]]}},{"type":"Feature","properties":{"jobs":7,"pop":0,"pointCount":1,"homeWorkCommuteMedian":-1,"workHomeCommuteMedian":27092},"geometry":{"type":"Polygon","coordinates":[[[26.19248755173354,58.21069571670937],[26.19248755173354,58.21968892034661],[26.201480755370785,58.21968892034661],[26.201480755370785,58.21069571670937],[26.19248755173354,58.21069571670937]]]}},{"type":"Feature","properties":{"jobs":3,"pop":9,"pointCount":2,"homeWorkCommuteMedian":31724,"workHomeCommuteMedian":16536},"geometry":{"type":"Polygon","coordinates":[[[26.19248755173354,58.237675327621105],[26.19248755173354,58.24666853125835],[26.201480755370785,58.24666853125835],[26.201480755370785,58.237675327621105],[26.19248755173354,58.237675327621105]]]}},{"type":"Feature","properties":{"jobs":117,"pop":37,"pointCount":6,"homeWorkCommuteMedian":43407,"workHomeCommuteMedian":21405},"geometry":{"type":"Polygon","coordinates":[[[26.19248755173354,58.27364814217009],[26.19248755173354,58.282641345807335],[26.201480755370785,58.282641345807335],[26.201480755370785,58.27364814217009],[26.19248755173354,58.27364814217009]]]}},{"type":"Feature","properties":{"jobs":20,"pop":3,"pointCount":2,"homeWorkCommuteMedian":8372,"workHomeCommuteMedian":8809},"geometry":{"type":"Polygon","coordinates":[[[26.19248755173354,58.31861416035632],[26.19248755173354,58.327607363993565],[26.201480755370785,58.327607363993565],[26.201480755370785,58.31861416035632],[26.19248755173354,58.31861416035632]]]}},{"type":"Feature","properties":{"jobs":0,"pop":9,"pointCount":1,"homeWorkCommuteMedian":38417,"workHomeCommuteMedian":-1},"geometry":{"type":"Polygon","coordinates":[[[26.19248755173354,58.36358017854255],[26.19248755173354,58.372573382179795],[26.201480755370785,58.372573382179795],[26.201480755370785,58.36358017854255],[26.19248755173354,58.36358017854255]]]}},{"type":"Feature","properties":{"jobs":15,"pop":0,"pointCount":1,"homeWorkCommuteMedian":-1,"workHomeCommuteMedian":61896},"geometry":{"type":"Polygon","coordinates":[[[26.201480755370785,58.00385203305271],[26.201480755370785,58.012845236689955],[26.21047395900803,58.012845236689955],[26.21047395900803,58.00385203305271],[26.201480755370785,58.00385203305271]]]}},{"type":"Feature","properties":{"jobs":37,"pop":0,"pointCount":2,"homeWorkCommuteMedian":-1,"workHomeCommuteMedian":25120},"geometry":{"type":"Polygon","coordinates":[[[26.201480755370785,58.04881805123894],[26.201480755370785,58.057811254876185],[26.21047395900803,58.057811254876185],[26.21047395900803,58.04881805123894],[26.201480755370785,58.04881805123894]]]}},{"type":"Feature","properties":{"jobs":15,"pop":0,"pointCount":1,"homeWorkCommuteMedian":-1,"workHomeCommuteMedian":53570},"geometry":{"type":"Polygon","coordinates":[[[26.201480755370785,58.057811254876185],[26.201480755370785,58.06680445851343],[26.21047395900803,58.06680445851343],[26.21047395900803,58.057811254876185],[26.201480755370785,58.057811254876185]]]}},{"type":"Feature","properties":{"jobs":0,"pop":6,"pointCount":1,"homeWorkCommuteMedian":21794,"workHomeCommuteMedian":-1},"geometry":{"type":"Polygon","coordinates":[[[26.201480755370785,58.06680445851343],[26.201480755370785,58.07579766215068],[26.21047395900803,58.07579766215068],[26.21047395900803,58.06680445851343],[26.201480755370785,58.06680445851343]]]}},{"type":"Feature","properties":{"jobs":0,"pop":10,"pointCount":1,"homeWorkCommuteMedian":8674,"workHomeCommuteMedian":-1},"geometry":{"type":"Polygon","coordinates":[[[26.201480755370785,58.07579766215068],[26.201480755370785,58.08479086578792],[26.21047395900803,58.08479086578792],[26.21047395900803,58.07579766215068],[26.201480755370785,58.07579766215068]]]}},{"type":"Feature","properties":{"jobs":12,"pop":7,"pointCount":2,"homeWorkCommuteMedian":12100,"workHomeCommuteMedian":6803},"geometry":{"type":"Polygon","coordinates":[[[26.201480755370785,58.09378406942517],[26.201480755370785,58.102777273062415],[26.21047395900803,58.102777273062415],[26.21047395900803,58.09378406942517],[26.201480755370785,58.09378406942517]]]}},{"type":"Feature","properties":{"jobs":7,"pop":0,"pointCount":1,"homeWorkCommuteMedian":-1,"workHomeCommuteMedian":14884},"geometry":{"type":"Polygon","coordinates":[[[26.201480755370785,58.15673649488589],[26.201480755370785,58.16572969852314],[26.21047395900803,58.16572969852314],[26.21047395900803,58.15673649488589],[26.201480755370785,58.15673649488589]]]}},{"type":"Feature","properties":{"jobs":24,"pop":9,"pointCount":2,"homeWorkCommuteMedian":16838,"workHomeCommuteMedian":26699},"geometry":{"type":"Polygon","coordinates":[[[26.201480755370785,58.18371610579763],[26.201480755370785,58.192709309434875],[26.21047395900803,58.192709309434875],[26.21047395900803,58.18371610579763],[26.201480755370785,58.18371610579763]]]}},{"type":"Feature","properties":{"jobs":6,"pop":5,"pointCount":1,"homeWorkCommuteMedian":10912,"workHomeCommuteMedian":12339},"geometry":{"type":"Polygon","coordinates":[[[26.201480755370785,58.192709309434875],[26.201480755370785,58.20170251307212],[26.21047395900803,58.20170251307212],[26.21047395900803,58.192709309434875],[26.201480755370785,58.192709309434875]]]}},{"type":"Feature","properties":{"jobs":2,"pop":7,"pointCount":2,"homeWorkCommuteMedian":58361,"workHomeCommuteMedian":60153},"geometry":{"type":"Polygon","coordinates":[[[26.21047395900803,57.99485882941546],[26.21047395900803,58.00385203305271],[26.219467162645277,58.00385203305271],[26.219467162645277,57.99485882941546],[26.21047395900803,57.99485882941546]]]}},{"type":"Feature","properties":{"jobs":0,"pop":9,"pointCount":1,"homeWorkCommuteMedian":13352,"workHomeCommuteMedian":-1},"geometry":{"type":"Polygon","coordinates":[[[26.21047395900803,58.08479086578792],[26.21047395900803,58.09378406942517],[26.219467162645277,58.09378406942517],[26.219467162645277,58.08479086578792],[26.21047395900803,58.08479086578792]]]}},{"type":"Feature","properties":{"jobs":0,"pop":7,"pointCount":1,"homeWorkCommuteMedian":5910,"workHomeCommuteMedian":-1},"geometry":{"type":"Polygon","coordinates":[[[26.21047395900803,58.09378406942517],[26.21047395900803,58.102777273062415],[26.219467162645277,58.102777273062415],[26.219467162645277,58.09378406942517],[26.21047395900803,58.09378406942517]]]}},{"type":"Feature","properties":{"jobs":8,"pop":0,"pointCount":1,"homeWorkCommuteMedian":-1,"workHomeCommuteMedian":23715},"geometry":{"type":"Polygon","coordinates":[[[26.21047395900803,58.1387500876114],[26.21047395900803,58.147743291248645],[26.219467162645277,58.147743291248645],[26.219467162645277,58.1387500876114],[26.21047395900803,58.1387500876114]]]}},{"type":"Feature","properties":{"jobs":0,"pop":9,"pointCount":1,"homeWorkCommuteMedian":54011,"workHomeCommuteMedian":-1},"geometry":{"type":"Polygon","coordinates":[[[26.21047395900803,58.147743291248645],[26.21047395900803,58.15673649488589],[26.219467162645277,58.15673649488589],[26.219467162645277,58.147743291248645],[26.21047395900803,58.147743291248645]]]}},{"type":"Feature","properties":{"jobs":0,"pop":13,"pointCount":1,"homeWorkCommuteMedian":40749,"workHomeCommuteMedian":-1},"geometry":{"type":"Polygon","coordinates":[[[26.21047395900803,58.15673649488589],[26.21047395900803,58.16572969852314],[26.219467162645277,58.16572969852314],[26.219467162645277,58.15673649488589],[26.21047395900803,58.15673649488589]]]}},{"type":"Feature","properties":{"jobs":13,"pop":24,"pointCount":2,"homeWorkCommuteMedian":41497,"workHomeCommuteMedian":25420},"geometry":{"type":"Polygon","coordinates":[[[26.21047395900803,58.18371610579763],[26.21047395900803,58.192709309434875],[26.219467162645277,58.192709309434875],[26.219467162645277,58.18371610579763],[26.21047395900803,58.18371610579763]]]}},{"type":"Feature","properties":{"jobs":0,"pop":9,"pointCount":1,"homeWorkCommuteMedian":41147,"workHomeCommuteMedian":-1},"geometry":{"type":"Polygon","coordinates":[[[26.21047395900803,58.192709309434875],[26.21047395900803,58.20170251307212],[26.219467162645277,58.20170251307212],[26.219467162645277,58.192709309434875],[26.21047395900803,58.192709309434875]]]}},{"type":"Feature","properties":{"jobs":0,"pop":8,"pointCount":1,"homeWorkCommuteMedian":44693,"workHomeCommuteMedian":-1},"geometry":{"type":"Polygon","coordinates":[[[26.21047395900803,58.20170251307212],[26.21047395900803,58.21069571670937],[26.219467162645277,58.21069571670937],[26.219467162645277,58.20170251307212],[26.21047395900803,58.20170251307212]]]}},{"type":"Feature","properties":{"jobs":0,"pop":18,"pointCount":2,"homeWorkCommuteMedian":27409,"workHomeCommuteMedian":-1},"geometry":{"type":"Polygon","coordinates":[[[26.21047395900803,58.21069571670937],[26.21047395900803,58.21968892034661],[26.219467162645277,58.21968892034661],[26.219467162645277,58.21069571670937],[26.21047395900803,58.21069571670937]]]}},{"type":"Feature","properties":{"jobs":17,"pop":0,"pointCount":1,"homeWorkCommuteMedian":-1,"workHomeCommuteMedian":40967},"geometry":{"type":"Polygon","coordinates":[[[26.21047395900803,58.21968892034661],[26.21047395900803,58.22868212398386],[26.219467162645277,58.22868212398386],[26.219467162645277,58.21968892034661],[26.21047395900803,58.21968892034661]]]}},{"type":"Feature","properties":{"jobs":14,"pop":15,"pointCount":3,"homeWorkCommuteMedian":11355,"workHomeCommuteMedian":1188},"geometry":{"type":"Polygon","coordinates":[[[26.21047395900803,58.22868212398386],[26.21047395900803,58.237675327621105],[26.219467162645277,58.237675327621105],[26.219467162645277,58.22868212398386],[26.21047395900803,58.22868212398386]]]}},{"type":"Feature","properties":{"jobs":66,"pop":12,"pointCount":5,"homeWorkCommuteMedian":13677,"workHomeCommuteMedian":45902},"geometry":{"type":"Polygon","coordinates":[[[26.21047395900803,58.237675327621105],[26.21047395900803,58.24666853125835],[26.219467162645277,58.24666853125835],[26.219467162645277,58.237675327621105],[26.21047395900803,58.237675327621105]]]}},{"type":"Feature","properties":{"jobs":17,"pop":0,"pointCount":1,"homeWorkCommuteMedian":-1,"workHomeCommuteMedian":35745},"geometry":{"type":"Polygon","coordinates":[[[26.21047395900803,58.327607363993565],[26.21047395900803,58.33660056763081],[26.219467162645277,58.33660056763081],[26.219467162645277,58.327607363993565],[26.21047395900803,58.327607363993565]]]}},{"type":"Feature","properties":{"jobs":13,"pop":0,"pointCount":1,"homeWorkCommuteMedian":-1,"workHomeCommuteMedian":52167},"geometry":{"type":"Polygon","coordinates":[[[26.219467162645277,58.03982484760169],[26.219467162645277,58.04881805123894],[26.228460366282523,58.04881805123894],[26.228460366282523,58.03982484760169],[26.219467162645277,58.03982484760169]]]}},{"type":"Feature","properties":{"jobs":66,"pop":149,"pointCount":11,"homeWorkCommuteMedian":23285,"workHomeCommuteMedian":29331},"geometry":{"type":"Polygon","coordinates":[[[26.219467162645277,58.04881805123894],[26.219467162645277,58.057811254876185],[26.228460366282523,58.057811254876185],[26.228460366282523,58.04881805123894],[26.219467162645277,58.04881805123894]]]}},{"type":"Feature","properties":{"jobs":0,"pop":11,"pointCount":1,"homeWorkCommuteMedian":12326,"workHomeCommuteMedian":-1},"geometry":{"type":"Polygon","coordinates":[[[26.219467162645277,58.08479086578792],[26.219467162645277,58.09378406942517],[26.228460366282523,58.09378406942517],[26.228460366282523,58.08479086578792],[26.219467162645277,58.08479086578792]]]}},{"type":"Feature","properties":{"jobs":10,"pop":11,"pointCount":1,"homeWorkCommuteMedian":33695,"workHomeCommuteMedian":9249},"geometry":{"type":"Polygon","coordinates":[[[26.219467162645277,58.102777273062415],[26.219467162645277,58.11177047669966],[26.228460366282523,58.11177047669966],[26.228460366282523,58.102777273062415],[26.219467162645277,58.102777273062415]]]}},{"type":"Feature","properties":{"jobs":0,"pop":5,"pointCount":1,"homeWorkCommuteMedian":12054,"workHomeCommuteMedian":-1},"geometry":{"type":"Polygon","coordinates":[[[26.219467162645277,58.1387500876114],[26.219467162645277,58.147743291248645],[26.228460366282523,58.147743291248645],[26.228460366282523,58.1387500876114],[26.219467162645277,58.1387500876114]]]}},{"type":"Feature","properties":{"jobs":8,"pop":7,"pointCount":2,"homeWorkCommuteMedian":16014,"workHomeCommuteMedian":4202},"geometry":{"type":"Polygon","coordinates":[[[26.219467162645277,58.147743291248645],[26.219467162645277,58.15673649488589],[26.228460366282523,58.15673649488589],[26.228460366282523,58.147743291248645],[26.219467162645277,58.147743291248645]]]}},{"type":"Feature","properties":{"jobs":0,"pop":23,"pointCount":2,"homeWorkCommuteMedian":29913,"workHomeCommuteMedian":-1},"geometry":{"type":"Polygon","coordinates":[[[26.219467162645277,58.15673649488589],[26.219467162645277,58.16572969852314],[26.228460366282523,58.16572969852314],[26.228460366282523,58.15673649488589],[26.219467162645277,58.15673649488589]]]}},{"type":"Feature","properties":{"jobs":58,"pop":12,"pointCount":4,"homeWorkCommuteMedian":38962,"workHomeCommuteMedian":16121},"geometry":{"type":"Polygon","coordinates":[[[26.219467162645277,58.22868212398386],[26.219467162645277,58.237675327621105],[26.228460366282523,58.237675327621105],[26.228460366282523,58.22868212398386],[26.219467162645277,58.22868212398386]]]}},{"type":"Feature","properties":{"jobs":33,"pop":166,"pointCount":6,"homeWorkCommuteMedian":13257,"workHomeCommuteMedian":13101},"geometry":{"type":"Polygon","coordinates":[[[26.219467162645277,58.237675327621105],[26.219467162645277,58.24666853125835],[26.228460366282523,58.24666853125835],[26.228460366282523,58.237675327621105],[26.219467162645277,58.237675327621105]]]}},{"type":"Feature","properties":{"jobs":0,"pop":7,"pointCount":1,"homeWorkCommuteMedian":83393,"workHomeCommuteMedian":-1},"geometry":{"type":"Polygon","coordinates":[[[26.228460366282523,57.97687242214097],[26.228460366282523,57.98586562577822],[26.23745356991977,57.98586562577822],[26.23745356991977,57.97687242214097],[26.228460366282523,57.97687242214097]]]}},{"type":"Feature","properties":{"jobs":22,"pop":40,"pointCount":7,"homeWorkCommuteMedian":43500,"workHomeCommuteMedian":23837},"geometry":{"type":"Polygon","coordinates":[[[26.228460366282523,58.04881805123894],[26.228460366282523,58.057811254876185],[26.23745356991977,58.057811254876185],[26.23745356991977,58.04881805123894],[26.228460366282523,58.04881805123894]]]}},{"type":"Feature","properties":{"jobs":0,"pop":8,"pointCount":1,"homeWorkCommuteMedian":52256,"workHomeCommuteMedian":-1},"geometry":{"type":"Polygon","coordinates":[[[26.228460366282523,58.057811254876185],[26.228460366282523,58.06680445851343],[26.23745356991977,58.06680445851343],[26.23745356991977,58.057811254876185],[26.228460366282523,58.057811254876185]]]}},{"type":"Feature","properties":{"jobs":0,"pop":8,"pointCount":1,"homeWorkCommuteMedian":47589,"workHomeCommuteMedian":-1},"geometry":{"type":"Polygon","coordinates":[[[26.228460366282523,58.07579766215068],[26.228460366282523,58.08479086578792],[26.23745356991977,58.08479086578792],[26.23745356991977,58.07579766215068],[26.228460366282523,58.07579766215068]]]}},{"type":"Feature","properties":{"jobs":6,"pop":0,"pointCount":1,"homeWorkCommuteMedian":-1,"workHomeCommuteMedian":78782},"geometry":{"type":"Polygon","coordinates":[[[26.228460366282523,58.12975688397415],[26.228460366282523,58.1387500876114],[26.23745356991977,58.1387500876114],[26.23745356991977,58.12975688397415],[26.228460366282523,58.12975688397415]]]}},{"type":"Feature","properties":{"jobs":87,"pop":12,"pointCount":4,"homeWorkCommuteMedian":43079,"workHomeCommuteMedian":17628},"geometry":{"type":"Polygon","coordinates":[[[26.228460366282523,58.147743291248645],[26.228460366282523,58.15673649488589],[26.23745356991977,58.15673649488589],[26.23745356991977,58.147743291248645],[26.228460366282523,58.147743291248645]]]}},{"type":"Feature","properties":{"jobs":0,"pop":8,"pointCount":1,"homeWorkCommuteMedian":23442,"workHomeCommuteMedian":-1},"geometry":{"type":"Polygon","coordinates":[[[26.228460366282523,58.20170251307212],[26.228460366282523,58.21069571670937],[26.23745356991977,58.21069571670937],[26.23745356991977,58.20170251307212],[26.228460366282523,58.20170251307212]]]}},{"type":"Feature","properties":{"jobs":0,"pop":17,"pointCount":1,"homeWorkCommuteMedian":42381,"workHomeCommuteMedian":-1},"geometry":{"type":"Polygon","coordinates":[[[26.228460366282523,58.22868212398386],[26.228460366282523,58.237675327621105],[26.23745356991977,58.237675327621105],[26.23745356991977,58.22868212398386],[26.228460366282523,58.22868212398386]]]}},{"type":"Feature","properties":{"jobs":0,"pop":6,"pointCount":1,"homeWorkCommuteMedian":36917,"workHomeCommuteMedian":-1},"geometry":{"type":"Polygon","coordinates":[[[26.228460366282523,58.237675327621105],[26.228460366282523,58.24666853125835],[26.23745356991977,58.24666853125835],[26.23745356991977,58.237675327621105],[26.228460366282523,58.237675327621105]]]}},{"type":"Feature","properties":{"jobs":6,"pop":0,"pointCount":1,"homeWorkCommuteMedian":-1,"workHomeCommuteMedian":48645},"geometry":{"type":"Polygon","coordinates":[[[26.228460366282523,58.417539400366024],[26.228460366282523,58.42653260400327],[26.23745356991977,58.42653260400327],[26.23745356991977,58.417539400366024],[26.228460366282523,58.417539400366024]]]}},{"type":"Feature","properties":{"jobs":7,"pop":0,"pointCount":1,"homeWorkCommuteMedian":-1,"workHomeCommuteMedian":65252},"geometry":{"type":"Polygon","coordinates":[[[26.23745356991977,57.99485882941546],[26.23745356991977,58.00385203305271],[26.246446773557015,58.00385203305271],[26.246446773557015,57.99485882941546],[26.23745356991977,57.99485882941546]]]}},{"type":"Feature","properties":{"jobs":32,"pop":63,"pointCount":8,"homeWorkCommuteMedian":50323,"workHomeCommuteMedian":23722},"geometry":{"type":"Polygon","coordinates":[[[26.23745356991977,58.04881805123894],[26.23745356991977,58.057811254876185],[26.246446773557015,58.057811254876185],[26.246446773557015,58.04881805123894],[26.23745356991977,58.04881805123894]]]}},{"type":"Feature","properties":{"jobs":0,"pop":8,"pointCount":1,"homeWorkCommuteMedian":28667,"workHomeCommuteMedian":-1},"geometry":{"type":"Polygon","coordinates":[[[26.23745356991977,58.07579766215068],[26.23745356991977,58.08479086578792],[26.246446773557015,58.08479086578792],[26.246446773557015,58.07579766215068],[26.23745356991977,58.07579766215068]]]}},{"type":"Feature","properties":{"jobs":5,"pop":0,"pointCount":1,"homeWorkCommuteMedian":-1,"workHomeCommuteMedian":4955},"geometry":{"type":"Polygon","coordinates":[[[26.23745356991977,58.08479086578792],[26.23745356991977,58.09378406942517],[26.246446773557015,58.09378406942517],[26.246446773557015,58.08479086578792],[26.23745356991977,58.08479086578792]]]}},{"type":"Feature","properties":{"jobs":14,"pop":16,"pointCount":2,"homeWorkCommuteMedian":44580,"workHomeCommuteMedian":20965},"geometry":{"type":"Polygon","coordinates":[[[26.23745356991977,58.12076368033691],[26.23745356991977,58.12975688397415],[26.246446773557015,58.12975688397415],[26.246446773557015,58.12076368033691],[26.23745356991977,58.12076368033691]]]}},{"type":"Feature","properties":{"jobs":0,"pop":12,"pointCount":2,"homeWorkCommuteMedian":45161,"workHomeCommuteMedian":-1},"geometry":{"type":"Polygon","coordinates":[[[26.23745356991977,58.12975688397415],[26.23745356991977,58.1387500876114],[26.246446773557015,58.1387500876114],[26.246446773557015,58.12975688397415],[26.23745356991977,58.12975688397415]]]}},{"type":"Feature","properties":{"jobs":262,"pop":140,"pointCount":10,"homeWorkCommuteMedian":12218,"workHomeCommuteMedian":14784},"geometry":{"type":"Polygon","coordinates":[[[26.23745356991977,58.1387500876114],[26.23745356991977,58.147743291248645],[26.246446773557015,58.147743291248645],[26.246446773557015,58.1387500876114],[26.23745356991977,58.1387500876114]]]}},{"type":"Feature","properties":{"jobs":0,"pop":10,"pointCount":1,"homeWorkCommuteMedian":16851,"workHomeCommuteMedian":-1},"geometry":{"type":"Polygon","coordinates":[[[26.23745356991977,58.15673649488589],[26.23745356991977,58.16572969852314],[26.246446773557015,58.16572969852314],[26.246446773557015,58.15673649488589],[26.23745356991977,58.15673649488589]]]}},{"type":"Feature","properties":{"jobs":19,"pop":0,"pointCount":1,"homeWorkCommuteMedian":-1,"workHomeCommuteMedian":58828},"geometry":{"type":"Polygon","coordinates":[[[26.23745356991977,58.21968892034661],[26.23745356991977,58.22868212398386],[26.246446773557015,58.22868212398386],[26.246446773557015,58.21968892034661],[26.23745356991977,58.21968892034661]]]}},{"type":"Feature","properties":{"jobs":0,"pop":10,"pointCount":1,"homeWorkCommuteMedian":39721,"workHomeCommuteMedian":-1},"geometry":{"type":"Polygon","coordinates":[[[26.23745356991977,58.237675327621105],[26.23745356991977,58.24666853125835],[26.246446773557015,58.24666853125835],[26.246446773557015,58.237675327621105],[26.23745356991977,58.237675327621105]]]}},{"type":"Feature","properties":{"jobs":16,"pop":0,"pointCount":1,"homeWorkCommuteMedian":-1,"workHomeCommuteMedian":15176},"geometry":{"type":"Polygon","coordinates":[[[26.23745356991977,58.24666853125835],[26.23745356991977,58.2556617348956],[26.246446773557015,58.2556617348956],[26.246446773557015,58.24666853125835],[26.23745356991977,58.24666853125835]]]}},{"type":"Feature","properties":{"jobs":0,"pop":9,"pointCount":1,"homeWorkCommuteMedian":12291,"workHomeCommuteMedian":-1},"geometry":{"type":"Polygon","coordinates":[[[26.23745356991977,58.2556617348956],[26.23745356991977,58.26465493853284],[26.246446773557015,58.26465493853284],[26.246446773557015,58.2556617348956],[26.23745356991977,58.2556617348956]]]}},{"type":"Feature","properties":{"jobs":0,"pop":4,"pointCount":1,"homeWorkCommuteMedian":35265,"workHomeCommuteMedian":-1},"geometry":{"type":"Polygon","coordinates":[[[26.23745356991977,58.40854619672878],[26.23745356991977,58.417539400366024],[26.246446773557015,58.417539400366024],[26.246446773557015,58.40854619672878],[26.23745356991977,58.40854619672878]]]}},{"type":"Feature","properties":{"jobs":0,"pop":13,"pointCount":1,"homeWorkCommuteMedian":43272,"workHomeCommuteMedian":-1},"geometry":{"type":"Polygon","coordinates":[[[26.246446773557015,57.99485882941546],[26.246446773557015,58.00385203305271],[26.25543997719426,58.00385203305271],[26.25543997719426,57.99485882941546],[26.246446773557015,57.99485882941546]]]}},{"type":"Feature","properties":{"jobs":0,"pop":13,"pointCount":1,"homeWorkCommuteMedian":60863,"workHomeCommuteMedian":-1},"geometry":{"type":"Polygon","coordinates":[[[26.246446773557015,58.00385203305271],[26.246446773557015,58.012845236689955],[26.25543997719426,58.012845236689955],[26.25543997719426,58.00385203305271],[26.246446773557015,58.00385203305271]]]}},{"type":"Feature","properties":{"jobs":0,"pop":12,"pointCount":1,"homeWorkCommuteMedian":50290,"workHomeCommuteMedian":-1},"geometry":{"type":"Polygon","coordinates":[[[26.246446773557015,58.04881805123894],[26.246446773557015,58.057811254876185],[26.25543997719426,58.057811254876185],[26.25543997719426,58.04881805123894],[26.246446773557015,58.04881805123894]]]}},{"type":"Feature","properties":{"jobs":5,"pop":0,"pointCount":1,"homeWorkCommuteMedian":-1,"workHomeCommuteMedian":24149},"geometry":{"type":"Polygon","coordinates":[[[26.246446773557015,58.09378406942517],[26.246446773557015,58.102777273062415],[26.25543997719426,58.102777273062415],[26.25543997719426,58.09378406942517],[26.246446773557015,58.09378406942517]]]}},{"type":"Feature","properties":{"jobs":17,"pop":11,"pointCount":2,"homeWorkCommuteMedian":11754,"workHomeCommuteMedian":15560},"geometry":{"type":"Polygon","coordinates":[[[26.246446773557015,58.12076368033691],[26.246446773557015,58.12975688397415],[26.25543997719426,58.12975688397415],[26.25543997719426,58.12076368033691],[26.246446773557015,58.12076368033691]]]}},{"type":"Feature","properties":{"jobs":130,"pop":110,"pointCount":10,"homeWorkCommuteMedian":19687,"workHomeCommuteMedian":22361},"geometry":{"type":"Polygon","coordinates":[[[26.246446773557015,58.1387500876114],[26.246446773557015,58.147743291248645],[26.25543997719426,58.147743291248645],[26.25543997719426,58.1387500876114],[26.246446773557015,58.1387500876114]]]}},{"type":"Feature","properties":{"jobs":44,"pop":29,"pointCount":4,"homeWorkCommuteMedian":41193,"workHomeCommuteMedian":13257},"geometry":{"type":"Polygon","coordinates":[[[26.246446773557015,58.147743291248645],[26.246446773557015,58.15673649488589],[26.25543997719426,58.15673649488589],[26.25543997719426,58.147743291248645],[26.246446773557015,58.147743291248645]]]}},{"type":"Feature","properties":{"jobs":5,"pop":0,"pointCount":1,"homeWorkCommuteMedian":-1,"workHomeCommuteMedian":12080},"geometry":{"type":"Polygon","coordinates":[[[26.246446773557015,58.22868212398386],[26.246446773557015,58.237675327621105],[26.25543997719426,58.237675327621105],[26.25543997719426,58.22868212398386],[26.246446773557015,58.22868212398386]]]}},{"type":"Feature","properties":{"jobs":0,"pop":11,"pointCount":1,"homeWorkCommuteMedian":13178,"workHomeCommuteMedian":-1},"geometry":{"type":"Polygon","coordinates":[[[26.246446773557015,58.237675327621105],[26.246446773557015,58.24666853125835],[26.25543997719426,58.24666853125835],[26.25543997719426,58.237675327621105],[26.246446773557015,58.237675327621105]]]}},{"type":"Feature","properties":{"jobs":35,"pop":0,"pointCount":1,"homeWorkCommuteMedian":-1,"workHomeCommuteMedian":20280},"geometry":{"type":"Polygon","coordinates":[[[26.246446773557015,58.24666853125835],[26.246446773557015,58.2556617348956],[26.25543997719426,58.2556617348956],[26.25543997719426,58.24666853125835],[26.246446773557015,58.24666853125835]]]}},{"type":"Feature","properties":{"jobs":4,"pop":9,"pointCount":2,"homeWorkCommuteMedian":66692,"workHomeCommuteMedian":8865},"geometry":{"type":"Polygon","coordinates":[[[26.25543997719426,57.98586562577822],[26.25543997719426,57.99485882941546],[26.264433180831507,57.99485882941546],[26.264433180831507,57.98586562577822],[26.25543997719426,57.98586562577822]]]}},{"type":"Feature","properties":{"jobs":5,"pop":25,"pointCount":2,"homeWorkCommuteMedian":52930,"workHomeCommuteMedian":22345},"geometry":{"type":"Polygon","coordinates":[[[26.25543997719426,58.057811254876185],[26.25543997719426,58.06680445851343],[26.264433180831507,58.06680445851343],[26.264433180831507,58.057811254876185],[26.25543997719426,58.057811254876185]]]}},{"type":"Feature","properties":{"jobs":0,"pop":6,"pointCount":1,"homeWorkCommuteMedian":7805,"workHomeCommuteMedian":-1},"geometry":{"type":"Polygon","coordinates":[[[26.25543997719426,58.12975688397415],[26.25543997719426,58.1387500876114],[26.264433180831507,58.1387500876114],[26.264433180831507,58.12975688397415],[26.25543997719426,58.12975688397415]]]}},{"type":"Feature","properties":{"jobs":5,"pop":12,"pointCount":2,"homeWorkCommuteMedian":39766,"workHomeCommuteMedian":49689},"geometry":{"type":"Polygon","coordinates":[[[26.25543997719426,58.1387500876114],[26.25543997719426,58.147743291248645],[26.264433180831507,58.147743291248645],[26.264433180831507,58.1387500876114],[26.25543997719426,58.1387500876114]]]}},{"type":"Feature","properties":{"jobs":21,"pop":0,"pointCount":1,"homeWorkCommuteMedian":-1,"workHomeCommuteMedian":13830},"geometry":{"type":"Polygon","coordinates":[[[26.25543997719426,58.147743291248645],[26.25543997719426,58.15673649488589],[26.264433180831507,58.15673649488589],[26.264433180831507,58.147743291248645],[26.25543997719426,58.147743291248645]]]}},{"type":"Feature","properties":{"jobs":0,"pop":6,"pointCount":1,"homeWorkCommuteMedian":34412,"workHomeCommuteMedian":-1},"geometry":{"type":"Polygon","coordinates":[[[26.25543997719426,58.21968892034661],[26.25543997719426,58.22868212398386],[26.264433180831507,58.22868212398386],[26.264433180831507,58.21968892034661],[26.25543997719426,58.21968892034661]]]}},{"type":"Feature","properties":{"jobs":6,"pop":15,"pointCount":2,"homeWorkCommuteMedian":39560,"workHomeCommuteMedian":12241},"geometry":{"type":"Polygon","coordinates":[[[26.25543997719426,58.22868212398386],[26.25543997719426,58.237675327621105],[26.264433180831507,58.237675327621105],[26.264433180831507,58.22868212398386],[26.25543997719426,58.22868212398386]]]}},{"type":"Feature","properties":{"jobs":0,"pop":8,"pointCount":1,"homeWorkCommuteMedian":15692,"workHomeCommuteMedian":-1},"geometry":{"type":"Polygon","coordinates":[[[26.25543997719426,58.237675327621105],[26.25543997719426,58.24666853125835],[26.264433180831507,58.24666853125835],[26.264433180831507,58.237675327621105],[26.25543997719426,58.237675327621105]]]}},{"type":"Feature","properties":{"jobs":67,"pop":33,"pointCount":7,"homeWorkCommuteMedian":27484,"workHomeCommuteMedian":53916},"geometry":{"type":"Polygon","coordinates":[[[26.264433180831507,57.94989281122923],[26.264433180831507,57.95888601486648],[26.273426384468753,57.95888601486648],[26.273426384468753,57.94989281122923],[26.264433180831507,57.94989281122923]]]}},{"type":"Feature","properties":{"jobs":0,"pop":14,"pointCount":1,"homeWorkCommuteMedian":33597,"workHomeCommuteMedian":-1},"geometry":{"type":"Polygon","coordinates":[[[26.264433180831507,57.98586562577822],[26.264433180831507,57.99485882941546],[26.273426384468753,57.99485882941546],[26.273426384468753,57.98586562577822],[26.264433180831507,57.98586562577822]]]}},{"type":"Feature","properties":{"jobs":11,"pop":0,"pointCount":1,"homeWorkCommuteMedian":-1,"workHomeCommuteMedian":56319},"geometry":{"type":"Polygon","coordinates":[[[26.264433180831507,58.0218384403272],[26.264433180831507,58.03083164396445],[26.273426384468753,58.03083164396445],[26.273426384468753,58.0218384403272],[26.264433180831507,58.0218384403272]]]}},{"type":"Feature","properties":{"jobs":50,"pop":0,"pointCount":1,"homeWorkCommuteMedian":-1,"workHomeCommuteMedian":53626},"geometry":{"type":"Polygon","coordinates":[[[26.264433180831507,58.057811254876185],[26.264433180831507,58.06680445851343],[26.273426384468753,58.06680445851343],[26.273426384468753,58.057811254876185],[26.264433180831507,58.057811254876185]]]}},{"type":"Feature","properties":{"jobs":0,"pop":5,"pointCount":1,"homeWorkCommuteMedian":15030,"workHomeCommuteMedian":-1},"geometry":{"type":"Polygon","coordinates":[[[26.264433180831507,58.12975688397415],[26.264433180831507,58.1387500876114],[26.273426384468753,58.1387500876114],[26.273426384468753,58.12975688397415],[26.264433180831507,58.12975688397415]]]}},{"type":"Feature","properties":{"jobs":13,"pop":7,"pointCount":2,"homeWorkCommuteMedian":14736,"workHomeCommuteMedian":16160},"geometry":{"type":"Polygon","coordinates":[[[26.264433180831507,58.1387500876114],[26.264433180831507,58.147743291248645],[26.273426384468753,58.147743291248645],[26.273426384468753,58.1387500876114],[26.264433180831507,58.1387500876114]]]}},{"type":"Feature","properties":{"jobs":27,"pop":0,"pointCount":1,"homeWorkCommuteMedian":-1,"workHomeCommuteMedian":10967},"geometry":{"type":"Polygon","coordinates":[[[26.264433180831507,58.17472290216038],[26.264433180831507,58.18371610579763],[26.273426384468753,58.18371610579763],[26.273426384468753,58.17472290216038],[26.264433180831507,58.17472290216038]]]}},{"type":"Feature","properties":{"jobs":6,"pop":8,"pointCount":1,"homeWorkCommuteMedian":36602,"workHomeCommuteMedian":11274},"geometry":{"type":"Polygon","coordinates":[[[26.264433180831507,58.26465493853284],[26.264433180831507,58.27364814217009],[26.273426384468753,58.27364814217009],[26.273426384468753,58.26465493853284],[26.264433180831507,58.26465493853284]]]}},{"type":"Feature","properties":{"jobs":29,"pop":98,"pointCount":6,"homeWorkCommuteMedian":56606,"workHomeCommuteMedian":67209},"geometry":{"type":"Polygon","coordinates":[[[26.273426384468753,57.94989281122923],[26.273426384468753,57.95888601486648],[26.282419588106,57.95888601486648],[26.282419588106,57.94989281122923],[26.273426384468753,57.94989281122923]]]}},{"type":"Feature","properties":{"jobs":0,"pop":12,"pointCount":1,"homeWorkCommuteMedian":38313,"workHomeCommuteMedian":-1},"geometry":{"type":"Polygon","coordinates":[[[26.273426384468753,58.15673649488589],[26.273426384468753,58.16572969852314],[26.282419588106,58.16572969852314],[26.282419588106,58.15673649488589],[26.273426384468753,58.15673649488589]]]}},{"type":"Feature","properties":{"jobs":6,"pop":6,"pointCount":2,"homeWorkCommuteMedian":9861,"workHomeCommuteMedian":5639},"geometry":{"type":"Polygon","coordinates":[[[26.273426384468753,58.17472290216038],[26.273426384468753,58.18371610579763],[26.282419588106,58.18371610579763],[26.282419588106,58.17472290216038],[26.273426384468753,58.17472290216038]]]}},{"type":"Feature","properties":{"jobs":20,"pop":48,"pointCount":3,"homeWorkCommuteMedian":23093,"workHomeCommuteMedian":18689},"geometry":{"type":"Polygon","coordinates":[[[26.273426384468753,58.18371610579763],[26.273426384468753,58.192709309434875],[26.282419588106,58.192709309434875],[26.282419588106,58.18371610579763],[26.273426384468753,58.18371610579763]]]}},{"type":"Feature","properties":{"jobs":44,"pop":0,"pointCount":1,"homeWorkCommuteMedian":-1,"workHomeCommuteMedian":9560},"geometry":{"type":"Polygon","coordinates":[[[26.273426384468753,58.192709309434875],[26.273426384468753,58.20170251307212],[26.282419588106,58.20170251307212],[26.282419588106,58.192709309434875],[26.273426384468753,58.192709309434875]]]}},{"type":"Feature","properties":{"jobs":0,"pop":5,"pointCount":1,"homeWorkCommuteMedian":74578,"workHomeCommuteMedian":-1},"geometry":{"type":"Polygon","coordinates":[[[26.273426384468753,58.21968892034661],[26.273426384468753,58.22868212398386],[26.282419588106,58.22868212398386],[26.282419588106,58.21968892034661],[26.273426384468753,58.21968892034661]]]}},{"type":"Feature","properties":{"jobs":0,"pop":12,"pointCount":2,"homeWorkCommuteMedian":11498,"workHomeCommuteMedian":-1},"geometry":{"type":"Polygon","coordinates":[[[26.273426384468753,58.237675327621105],[26.273426384468753,58.24666853125835],[26.282419588106,58.24666853125835],[26.282419588106,58.237675327621105],[26.273426384468753,58.237675327621105]]]}},{"type":"Feature","properties":{"jobs":0,"pop":13,"pointCount":1,"homeWorkCommuteMedian":36927,"workHomeCommuteMedian":-1},"geometry":{"type":"Polygon","coordinates":[[[26.273426384468753,58.27364814217009],[26.273426384468753,58.282641345807335],[26.282419588106,58.282641345807335],[26.282419588106,58.27364814217009],[26.273426384468753,58.27364814217009]]]}},{"type":"Feature","properties":{"jobs":0,"pop":12,"pointCount":1,"homeWorkCommuteMedian":31663,"workHomeCommuteMedian":-1},"geometry":{"type":"Polygon","coordinates":[[[26.273426384468753,58.29163454944458],[26.273426384468753,58.30062775308183],[26.282419588106,58.30062775308183],[26.282419588106,58.29163454944458],[26.273426384468753,58.29163454944458]]]}},{"type":"Feature","properties":{"jobs":0,"pop":9,"pointCount":1,"homeWorkCommuteMedian":38294,"workHomeCommuteMedian":-1},"geometry":{"type":"Polygon","coordinates":[[[26.282419588106,58.147743291248645],[26.282419588106,58.15673649488589],[26.291412791743245,58.15673649488589],[26.291412791743245,58.147743291248645],[26.282419588106,58.147743291248645]]]}},{"type":"Feature","properties":{"jobs":0,"pop":6,"pointCount":1,"homeWorkCommuteMedian":27016,"workHomeCommuteMedian":-1},"geometry":{"type":"Polygon","coordinates":[[[26.282419588106,58.15673649488589],[26.282419588106,58.16572969852314],[26.291412791743245,58.16572969852314],[26.291412791743245,58.15673649488589],[26.282419588106,58.15673649488589]]]}},{"type":"Feature","properties":{"jobs":9,"pop":0,"pointCount":1,"homeWorkCommuteMedian":-1,"workHomeCommuteMedian":8848},"geometry":{"type":"Polygon","coordinates":[[[26.282419588106,58.18371610579763],[26.282419588106,58.192709309434875],[26.291412791743245,58.192709309434875],[26.291412791743245,58.18371610579763],[26.282419588106,58.18371610579763]]]}},{"type":"Feature","properties":{"jobs":0,"pop":7,"pointCount":1,"homeWorkCommuteMedian":16160,"workHomeCommuteMedian":-1},"geometry":{"type":"Polygon","coordinates":[[[26.282419588106,58.21968892034661],[26.282419588106,58.22868212398386],[26.291412791743245,58.22868212398386],[26.291412791743245,58.21968892034661],[26.282419588106,58.21968892034661]]]}},{"type":"Feature","properties":{"jobs":5,"pop":12,"pointCount":2,"homeWorkCommuteMedian":25916,"workHomeCommuteMedian":3775},"geometry":{"type":"Polygon","coordinates":[[[26.282419588106,58.3545869749053],[26.282419588106,58.36358017854255],[26.291412791743245,58.36358017854255],[26.291412791743245,58.3545869749053],[26.282419588106,58.3545869749053]]]}},{"type":"Feature","properties":{"jobs":0,"pop":8,"pointCount":1,"homeWorkCommuteMedian":67512,"workHomeCommuteMedian":-1},"geometry":{"type":"Polygon","coordinates":[[[26.291412791743245,57.904926793043],[26.291412791743245,57.91391999668025],[26.30040599538049,57.91391999668025],[26.30040599538049,57.904926793043],[26.291412791743245,57.904926793043]]]}},{"type":"Feature","properties":{"jobs":0,"pop":5,"pointCount":1,"homeWorkCommuteMedian":1411,"workHomeCommuteMedian":-1},"geometry":{"type":"Polygon","coordinates":[[[26.291412791743245,57.91391999668025],[26.291412791743245,57.922913200317495],[26.30040599538049,57.922913200317495],[26.30040599538049,57.91391999668025],[26.291412791743245,57.91391999668025]]]}},{"type":"Feature","properties":{"jobs":0,"pop":7,"pointCount":1,"homeWorkCommuteMedian":31933,"workHomeCommuteMedian":-1},"geometry":{"type":"Polygon","coordinates":[[[26.291412791743245,57.922913200317495],[26.291412791743245,57.93190640395474],[26.30040599538049,57.93190640395474],[26.30040599538049,57.922913200317495],[26.291412791743245,57.922913200317495]]]}},{"type":"Feature","properties":{"jobs":0,"pop":9,"pointCount":1,"homeWorkCommuteMedian":63159,"workHomeCommuteMedian":-1},"geometry":{"type":"Polygon","coordinates":[[[26.291412791743245,57.93190640395474],[26.291412791743245,57.94089960759199],[26.30040599538049,57.94089960759199],[26.30040599538049,57.93190640395474],[26.291412791743245,57.93190640395474]]]}},{"type":"Feature","properties":{"jobs":1,"pop":0,"pointCount":1,"homeWorkCommuteMedian":-1,"workHomeCommuteMedian":3581},"geometry":{"type":"Polygon","coordinates":[[[26.291412791743245,57.97687242214097],[26.291412791743245,57.98586562577822],[26.30040599538049,57.98586562577822],[26.30040599538049,57.97687242214097],[26.291412791743245,57.97687242214097]]]}},{"type":"Feature","properties":{"jobs":0,"pop":12,"pointCount":1,"homeWorkCommuteMedian":12383,"workHomeCommuteMedian":-1},"geometry":{"type":"Polygon","coordinates":[[[26.291412791743245,58.07579766215068],[26.291412791743245,58.08479086578792],[26.30040599538049,58.08479086578792],[26.30040599538049,58.07579766215068],[26.291412791743245,58.07579766215068]]]}},{"type":"Feature","properties":{"jobs":0,"pop":9,"pointCount":1,"homeWorkCommuteMedian":23374,"workHomeCommuteMedian":-1},"geometry":{"type":"Polygon","coordinates":[[[26.291412791743245,58.08479086578792],[26.291412791743245,58.09378406942517],[26.30040599538049,58.09378406942517],[26.30040599538049,58.08479086578792],[26.291412791743245,58.08479086578792]]]}},{"type":"Feature","properties":{"jobs":5,"pop":0,"pointCount":1,"homeWorkCommuteMedian":-1,"workHomeCommuteMedian":32869},"geometry":{"type":"Polygon","coordinates":[[[26.291412791743245,58.12076368033691],[26.291412791743245,58.12975688397415],[26.30040599538049,58.12975688397415],[26.30040599538049,58.12076368033691],[26.291412791743245,58.12076368033691]]]}},{"type":"Feature","properties":{"jobs":7,"pop":0,"pointCount":1,"homeWorkCommuteMedian":-1,"workHomeCommuteMedian":25623},"geometry":{"type":"Polygon","coordinates":[[[26.291412791743245,58.1387500876114],[26.291412791743245,58.147743291248645],[26.30040599538049,58.147743291248645],[26.30040599538049,58.1387500876114],[26.291412791743245,58.1387500876114]]]}},{"type":"Feature","properties":{"jobs":0,"pop":23,"pointCount":2,"homeWorkCommuteMedian":22516,"workHomeCommuteMedian":-1},"geometry":{"type":"Polygon","coordinates":[[[26.291412791743245,58.22868212398386],[26.291412791743245,58.237675327621105],[26.30040599538049,58.237675327621105],[26.30040599538049,58.22868212398386],[26.291412791743245,58.22868212398386]]]}},{"type":"Feature","properties":{"jobs":0,"pop":12,"pointCount":1,"homeWorkCommuteMedian":25278,"workHomeCommuteMedian":-1},"geometry":{"type":"Polygon","coordinates":[[[26.291412791743245,58.237675327621105],[26.291412791743245,58.24666853125835],[26.30040599538049,58.24666853125835],[26.30040599538049,58.237675327621105],[26.291412791743245,58.237675327621105]]]}},{"type":"Feature","properties":{"jobs":0,"pop":7,"pointCount":1,"homeWorkCommuteMedian":35608,"workHomeCommuteMedian":-1},"geometry":{"type":"Polygon","coordinates":[[[26.291412791743245,58.26465493853284],[26.291412791743245,58.27364814217009],[26.30040599538049,58.27364814217009],[26.30040599538049,58.26465493853284],[26.291412791743245,58.26465493853284]]]}},{"type":"Feature","properties":{"jobs":9,"pop":0,"pointCount":1,"homeWorkCommuteMedian":-1,"workHomeCommuteMedian":13484},"geometry":{"type":"Polygon","coordinates":[[[26.291412791743245,58.27364814217009],[26.291412791743245,58.282641345807335],[26.30040599538049,58.282641345807335],[26.30040599538049,58.27364814217009],[26.291412791743245,58.27364814217009]]]}},{"type":"Feature","properties":{"jobs":3,"pop":0,"pointCount":1,"homeWorkCommuteMedian":-1,"workHomeCommuteMedian":7616},"geometry":{"type":"Polygon","coordinates":[[[26.291412791743245,58.29163454944458],[26.291412791743245,58.30062775308183],[26.30040599538049,58.30062775308183],[26.30040599538049,58.29163454944458],[26.291412791743245,58.29163454944458]]]}},{"type":"Feature","properties":{"jobs":32,"pop":0,"pointCount":2,"homeWorkCommuteMedian":-1,"workHomeCommuteMedian":31061},"geometry":{"type":"Polygon","coordinates":[[[26.291412791743245,58.31861416035632],[26.291412791743245,58.327607363993565],[26.30040599538049,58.327607363993565],[26.30040599538049,58.31861416035632],[26.291412791743245,58.31861416035632]]]}},{"type":"Feature","properties":{"jobs":54,"pop":0,"pointCount":2,"homeWorkCommuteMedian":-1,"workHomeCommuteMedian":57954},"geometry":{"type":"Polygon","coordinates":[[[26.291412791743245,58.327607363993565],[26.291412791743245,58.33660056763081],[26.30040599538049,58.33660056763081],[26.30040599538049,58.327607363993565],[26.291412791743245,58.327607363993565]]]}},{"type":"Feature","properties":{"jobs":0,"pop":7,"pointCount":1,"homeWorkCommuteMedian":28579,"workHomeCommuteMedian":-1},"geometry":{"type":"Polygon","coordinates":[[[26.291412791743245,58.33660056763081],[26.291412791743245,58.34559377126806],[26.30040599538049,58.34559377126806],[26.30040599538049,58.33660056763081],[26.291412791743245,58.33660056763081]]]}},{"type":"Feature","properties":{"jobs":24,"pop":0,"pointCount":1,"homeWorkCommuteMedian":-1,"workHomeCommuteMedian":13504},"geometry":{"type":"Polygon","coordinates":[[[26.291412791743245,58.34559377126806],[26.291412791743245,58.3545869749053],[26.30040599538049,58.3545869749053],[26.30040599538049,58.34559377126806],[26.291412791743245,58.34559377126806]]]}},{"type":"Feature","properties":{"jobs":0,"pop":15,"pointCount":2,"homeWorkCommuteMedian":88182,"workHomeCommuteMedian":-1},"geometry":{"type":"Polygon","coordinates":[[[26.30040599538049,57.91391999668025],[26.30040599538049,57.922913200317495],[26.309399199017736,57.922913200317495],[26.309399199017736,57.91391999668025],[26.30040599538049,57.91391999668025]]]}},{"type":"Feature","properties":{"jobs":78,"pop":0,"pointCount":4,"homeWorkCommuteMedian":-1,"workHomeCommuteMedian":15956},"geometry":{"type":"Polygon","coordinates":[[[26.30040599538049,57.922913200317495],[26.30040599538049,57.93190640395474],[26.309399199017736,57.93190640395474],[26.309399199017736,57.922913200317495],[26.30040599538049,57.922913200317495]]]}},{"type":"Feature","properties":{"jobs":3,"pop":0,"pointCount":1,"homeWorkCommuteMedian":-1,"workHomeCommuteMedian":13055},"geometry":{"type":"Polygon","coordinates":[[[26.30040599538049,58.06680445851343],[26.30040599538049,58.07579766215068],[26.309399199017736,58.07579766215068],[26.309399199017736,58.06680445851343],[26.30040599538049,58.06680445851343]]]}},{"type":"Feature","properties":{"jobs":0,"pop":14,"pointCount":1,"homeWorkCommuteMedian":39781,"workHomeCommuteMedian":-1},"geometry":{"type":"Polygon","coordinates":[[[26.30040599538049,58.12975688397415],[26.30040599538049,58.1387500876114],[26.309399199017736,58.1387500876114],[26.309399199017736,58.12975688397415],[26.30040599538049,58.12975688397415]]]}},{"type":"Feature","properties":{"jobs":0,"pop":23,"pointCount":1,"homeWorkCommuteMedian":9249,"workHomeCommuteMedian":-1},"geometry":{"type":"Polygon","coordinates":[[[26.30040599538049,58.1387500876114],[26.30040599538049,58.147743291248645],[26.309399199017736,58.147743291248645],[26.309399199017736,58.1387500876114],[26.30040599538049,58.1387500876114]]]}},{"type":"Feature","properties":{"jobs":0,"pop":5,"pointCount":1,"homeWorkCommuteMedian":16198,"workHomeCommuteMedian":-1},"geometry":{"type":"Polygon","coordinates":[[[26.30040599538049,58.15673649488589],[26.30040599538049,58.16572969852314],[26.309399199017736,58.16572969852314],[26.309399199017736,58.15673649488589],[26.30040599538049,58.15673649488589]]]}},{"type":"Feature","properties":{"jobs":0,"pop":5,"pointCount":1,"homeWorkCommuteMedian":2772,"workHomeCommuteMedian":-1},"geometry":{"type":"Polygon","coordinates":[[[26.30040599538049,58.21069571670937],[26.30040599538049,58.21968892034661],[26.309399199017736,58.21968892034661],[26.309399199017736,58.21069571670937],[26.30040599538049,58.21069571670937]]]}},{"type":"Feature","properties":{"jobs":0,"pop":8,"pointCount":1,"homeWorkCommuteMedian":15801,"workHomeCommuteMedian":-1},"geometry":{"type":"Polygon","coordinates":[[[26.30040599538049,58.22868212398386],[26.30040599538049,58.237675327621105],[26.309399199017736,58.237675327621105],[26.309399199017736,58.22868212398386],[26.30040599538049,58.22868212398386]]]}},{"type":"Feature","properties":{"jobs":7,"pop":13,"pointCount":2,"homeWorkCommuteMedian":16466,"workHomeCommuteMedian":8591},"geometry":{"type":"Polygon","coordinates":[[[26.30040599538049,58.237675327621105],[26.30040599538049,58.24666853125835],[26.309399199017736,58.24666853125835],[26.309399199017736,58.237675327621105],[26.30040599538049,58.237675327621105]]]}},{"type":"Feature","properties":{"jobs":14,"pop":8,"pointCount":3,"homeWorkCommuteMedian":34712,"workHomeCommuteMedian":31085},"geometry":{"type":"Polygon","coordinates":[[[26.30040599538049,58.2556617348956],[26.30040599538049,58.26465493853284],[26.309399199017736,58.26465493853284],[26.309399199017736,58.2556617348956],[26.30040599538049,58.2556617348956]]]}},{"type":"Feature","properties":{"jobs":73,"pop":145,"pointCount":7,"homeWorkCommuteMedian":13480,"workHomeCommuteMedian":19687},"geometry":{"type":"Polygon","coordinates":[[[26.30040599538049,58.26465493853284],[26.30040599538049,58.27364814217009],[26.309399199017736,58.27364814217009],[26.309399199017736,58.26465493853284],[26.30040599538049,58.26465493853284]]]}},{"type":"Feature","properties":{"jobs":51,"pop":0,"pointCount":2,"homeWorkCommuteMedian":-1,"workHomeCommuteMedian":12556},"geometry":{"type":"Polygon","coordinates":[[[26.30040599538049,58.27364814217009],[26.30040599538049,58.282641345807335],[26.309399199017736,58.282641345807335],[26.309399199017736,58.27364814217009],[26.30040599538049,58.27364814217009]]]}},{"type":"Feature","properties":{"jobs":0,"pop":9,"pointCount":1,"homeWorkCommuteMedian":18034,"workHomeCommuteMedian":-1},"geometry":{"type":"Polygon","coordinates":[[[26.30040599538049,58.29163454944458],[26.30040599538049,58.30062775308183],[26.309399199017736,58.30062775308183],[26.309399199017736,58.29163454944458],[26.30040599538049,58.29163454944458]]]}},{"type":"Feature","properties":{"jobs":11,"pop":18,"pointCount":2,"homeWorkCommuteMedian":31411,"workHomeCommuteMedian":48303},"geometry":{"type":"Polygon","coordinates":[[[26.30040599538049,58.30962095671907],[26.30040599538049,58.31861416035632],[26.309399199017736,58.31861416035632],[26.309399199017736,58.30962095671907],[26.30040599538049,58.30962095671907]]]}},{"type":"Feature","properties":{"jobs":0,"pop":12,"pointCount":1,"homeWorkCommuteMedian":27926,"workHomeCommuteMedian":-1},"geometry":{"type":"Polygon","coordinates":[[[26.30040599538049,58.31861416035632],[26.30040599538049,58.327607363993565],[26.309399199017736,58.327607363993565],[26.309399199017736,58.31861416035632],[26.30040599538049,58.31861416035632]]]}},{"type":"Feature","properties":{"jobs":22,"pop":260,"pointCount":5,"homeWorkCommuteMedian":24344,"workHomeCommuteMedian":23442},"geometry":{"type":"Polygon","coordinates":[[[26.30040599538049,58.327607363993565],[26.30040599538049,58.33660056763081],[26.309399199017736,58.33660056763081],[26.309399199017736,58.327607363993565],[26.30040599538049,58.327607363993565]]]}},{"type":"Feature","properties":{"jobs":0,"pop":5,"pointCount":1,"homeWorkCommuteMedian":66917,"workHomeCommuteMedian":-1},"geometry":{"type":"Polygon","coordinates":[[[26.309399199017736,57.922913200317495],[26.309399199017736,57.93190640395474],[26.318392402654982,57.93190640395474],[26.318392402654982,57.922913200317495],[26.309399199017736,57.922913200317495]]]}},{"type":"Feature","properties":{"jobs":34,"pop":0,"pointCount":2,"homeWorkCommuteMedian":-1,"workHomeCommuteMedian":23489},"geometry":{"type":"Polygon","coordinates":[[[26.309399199017736,57.93190640395474],[26.309399199017736,57.94089960759199],[26.318392402654982,57.94089960759199],[26.318392402654982,57.93190640395474],[26.309399199017736,57.93190640395474]]]}},{"type":"Feature","properties":{"jobs":8,"pop":0,"pointCount":1,"homeWorkCommuteMedian":-1,"workHomeCommuteMedian":6744},"geometry":{"type":"Polygon","coordinates":[[[26.309399199017736,58.04881805123894],[26.309399199017736,58.057811254876185],[26.318392402654982,58.057811254876185],[26.318392402654982,58.04881805123894],[26.309399199017736,58.04881805123894]]]}},{"type":"Feature","properties":{"jobs":0,"pop":6,"pointCount":1,"homeWorkCommuteMedian":25495,"workHomeCommuteMedian":-1},"geometry":{"type":"Polygon","coordinates":[[[26.309399199017736,58.09378406942517],[26.309399199017736,58.102777273062415],[26.318392402654982,58.102777273062415],[26.318392402654982,58.09378406942517],[26.309399199017736,58.09378406942517]]]}},{"type":"Feature","properties":{"jobs":3,"pop":0,"pointCount":1,"homeWorkCommuteMedian":-1,"workHomeCommuteMedian":8454},"geometry":{"type":"Polygon","coordinates":[[[26.309399199017736,58.102777273062415],[26.309399199017736,58.11177047669966],[26.318392402654982,58.11177047669966],[26.318392402654982,58.102777273062415],[26.309399199017736,58.102777273062415]]]}},{"type":"Feature","properties":{"jobs":6,"pop":0,"pointCount":1,"homeWorkCommuteMedian":-1,"workHomeCommuteMedian":22388},"geometry":{"type":"Polygon","coordinates":[[[26.309399199017736,58.16572969852314],[26.309399199017736,58.17472290216038],[26.318392402654982,58.17472290216038],[26.318392402654982,58.16572969852314],[26.309399199017736,58.16572969852314]]]}},{"type":"Feature","properties":{"jobs":0,"pop":5,"pointCount":1,"homeWorkCommuteMedian":10955,"workHomeCommuteMedian":-1},"geometry":{"type":"Polygon","coordinates":[[[26.309399199017736,58.18371610579763],[26.309399199017736,58.192709309434875],[26.318392402654982,58.192709309434875],[26.318392402654982,58.18371610579763],[26.309399199017736,58.18371610579763]]]}},{"type":"Feature","properties":{"jobs":35,"pop":22,"pointCount":4,"homeWorkCommuteMedian":6100,"workHomeCommuteMedian":10629},"geometry":{"type":"Polygon","coordinates":[[[26.309399199017736,58.21968892034661],[26.309399199017736,58.22868212398386],[26.318392402654982,58.22868212398386],[26.318392402654982,58.21968892034661],[26.309399199017736,58.21968892034661]]]}},{"type":"Feature","properties":{"jobs":0,"pop":7,"pointCount":1,"homeWorkCommuteMedian":6242,"workHomeCommuteMedian":-1},"geometry":{"type":"Polygon","coordinates":[[[26.309399199017736,58.237675327621105],[26.309399199017736,58.24666853125835],[26.318392402654982,58.24666853125835],[26.318392402654982,58.237675327621105],[26.309399199017736,58.237675327621105]]]}},{"type":"Feature","properties":{"jobs":23,"pop":0,"pointCount":1,"homeWorkCommuteMedian":-1,"workHomeCommuteMedian":23093},"geometry":{"type":"Polygon","coordinates":[[[26.309399199017736,58.29163454944458],[26.309399199017736,58.30062775308183],[26.318392402654982,58.30062775308183],[26.318392402654982,58.29163454944458],[26.309399199017736,58.29163454944458]]]}},{"type":"Feature","properties":{"jobs":74,"pop":75,"pointCount":8,"homeWorkCommuteMedian":23558,"workHomeCommuteMedian":27222},"geometry":{"type":"Polygon","coordinates":[[[26.309399199017736,58.327607363993565],[26.309399199017736,58.33660056763081],[26.318392402654982,58.33660056763081],[26.318392402654982,58.327607363993565],[26.309399199017736,58.327607363993565]]]}},{"type":"Feature","properties":{"jobs":122,"pop":41,"pointCount":8,"homeWorkCommuteMedian":26624,"workHomeCommuteMedian":16286},"geometry":{"type":"Polygon","coordinates":[[[26.309399199017736,58.33660056763081],[26.309399199017736,58.34559377126806],[26.318392402654982,58.34559377126806],[26.318392402654982,58.33660056763081],[26.309399199017736,58.33660056763081]]]}},{"type":"Feature","properties":{"jobs":21,"pop":52,"pointCount":3,"homeWorkCommuteMedian":65274,"workHomeCommuteMedian":1633},"geometry":{"type":"Polygon","coordinates":[[[26.318392402654982,57.91391999668025],[26.318392402654982,57.922913200317495],[26.32738560629223,57.922913200317495],[26.32738560629223,57.91391999668025],[26.318392402654982,57.91391999668025]]]}},{"type":"Feature","properties":{"jobs":10,"pop":32,"pointCount":4,"homeWorkCommuteMedian":19171,"workHomeCommuteMedian":13272},"geometry":{"type":"Polygon","coordinates":[[[26.318392402654982,57.922913200317495],[26.318392402654982,57.93190640395474],[26.32738560629223,57.93190640395474],[26.32738560629223,57.922913200317495],[26.318392402654982,57.922913200317495]]]}},{"type":"Feature","properties":{"jobs":0,"pop":9,"pointCount":1,"homeWorkCommuteMedian":21984,"workHomeCommuteMedian":-1},"geometry":{"type":"Polygon","coordinates":[[[26.318392402654982,57.93190640395474],[26.318392402654982,57.94089960759199],[26.32738560629223,57.94089960759199],[26.32738560629223,57.93190640395474],[26.318392402654982,57.93190640395474]]]}},{"type":"Feature","properties":{"jobs":0,"pop":6,"pointCount":1,"homeWorkCommuteMedian":64266,"workHomeCommuteMedian":-1},"geometry":{"type":"Polygon","coordinates":[[[26.318392402654982,57.95888601486648],[26.318392402654982,57.967879218503725],[26.32738560629223,57.967879218503725],[26.32738560629223,57.95888601486648],[26.318392402654982,57.95888601486648]]]}},{"type":"Feature","properties":{"jobs":5,"pop":5,"pointCount":1,"homeWorkCommuteMedian":8601,"workHomeCommuteMedian":42597},"geometry":{"type":"Polygon","coordinates":[[[26.318392402654982,57.97687242214097],[26.318392402654982,57.98586562577822],[26.32738560629223,57.98586562577822],[26.32738560629223,57.97687242214097],[26.318392402654982,57.97687242214097]]]}},{"type":"Feature","properties":{"jobs":74,"pop":0,"pointCount":2,"homeWorkCommuteMedian":-1,"workHomeCommuteMedian":14469},"geometry":{"type":"Polygon","coordinates":[[[26.318392402654982,58.0218384403272],[26.318392402654982,58.03083164396445],[26.32738560629223,58.03083164396445],[26.32738560629223,58.0218384403272],[26.318392402654982,58.0218384403272]]]}},{"type":"Feature","properties":{"jobs":0,"pop":19,"pointCount":1,"homeWorkCommuteMedian":9760,"workHomeCommuteMedian":-1},"geometry":{"type":"Polygon","coordinates":[[[26.318392402654982,58.04881805123894],[26.318392402654982,58.057811254876185],[26.32738560629223,58.057811254876185],[26.32738560629223,58.04881805123894],[26.318392402654982,58.04881805123894]]]}},{"type":"Feature","properties":{"jobs":0,"pop":11,"pointCount":2,"homeWorkCommuteMedian":41535,"workHomeCommuteMedian":-1},"geometry":{"type":"Polygon","coordinates":[[[26.318392402654982,58.12076368033691],[26.318392402654982,58.12975688397415],[26.32738560629223,58.12975688397415],[26.32738560629223,58.12076368033691],[26.318392402654982,58.12076368033691]]]}},{"type":"Feature","properties":{"jobs":0,"pop":7,"pointCount":1,"homeWorkCommuteMedian":12636,"workHomeCommuteMedian":-1},"geometry":{"type":"Polygon","coordinates":[[[26.318392402654982,58.12975688397415],[26.318392402654982,58.1387500876114],[26.32738560629223,58.1387500876114],[26.32738560629223,58.12975688397415],[26.318392402654982,58.12975688397415]]]}},{"type":"Feature","properties":{"jobs":0,"pop":27,"pointCount":3,"homeWorkCommuteMedian":34476,"workHomeCommuteMedian":-1},"geometry":{"type":"Polygon","coordinates":[[[26.318392402654982,58.16572969852314],[26.318392402654982,58.17472290216038],[26.32738560629223,58.17472290216038],[26.32738560629223,58.16572969852314],[26.318392402654982,58.16572969852314]]]}},{"type":"Feature","properties":{"jobs":18,"pop":0,"pointCount":1,"homeWorkCommuteMedian":-1,"workHomeCommuteMedian":6360},"geometry":{"type":"Polygon","coordinates":[[[26.318392402654982,58.17472290216038],[26.318392402654982,58.18371610579763],[26.32738560629223,58.18371610579763],[26.32738560629223,58.17472290216038],[26.318392402654982,58.17472290216038]]]}},{"type":"Feature","properties":{"jobs":35,"pop":0,"pointCount":2,"homeWorkCommuteMedian":-1,"workHomeCommuteMedian":7152},"geometry":{"type":"Polygon","coordinates":[[[26.318392402654982,58.192709309434875],[26.318392402654982,58.20170251307212],[26.32738560629223,58.20170251307212],[26.32738560629223,58.192709309434875],[26.318392402654982,58.192709309434875]]]}},{"type":"Feature","properties":{"jobs":0,"pop":14,"pointCount":1,"homeWorkCommuteMedian":8017,"workHomeCommuteMedian":-1},"geometry":{"type":"Polygon","coordinates":[[[26.318392402654982,58.21968892034661],[26.318392402654982,58.22868212398386],[26.32738560629223,58.22868212398386],[26.32738560629223,58.21968892034661],[26.318392402654982,58.21968892034661]]]}},{"type":"Feature","properties":{"jobs":0,"pop":11,"pointCount":1,"homeWorkCommuteMedian":6550,"workHomeCommuteMedian":-1},"geometry":{"type":"Polygon","coordinates":[[[26.318392402654982,58.22868212398386],[26.318392402654982,58.237675327621105],[26.32738560629223,58.237675327621105],[26.32738560629223,58.22868212398386],[26.318392402654982,58.22868212398386]]]}},{"type":"Feature","properties":{"jobs":46,"pop":12,"pointCount":4,"homeWorkCommuteMedian":11580,"workHomeCommuteMedian":9136},"geometry":{"type":"Polygon","coordinates":[[[26.318392402654982,58.26465493853284],[26.318392402654982,58.27364814217009],[26.32738560629223,58.27364814217009],[26.32738560629223,58.26465493853284],[26.318392402654982,58.26465493853284]]]}},{"type":"Feature","properties":{"jobs":0,"pop":8,"pointCount":1,"homeWorkCommuteMedian":35502,"workHomeCommuteMedian":-1},"geometry":{"type":"Polygon","coordinates":[[[26.318392402654982,58.29163454944458],[26.318392402654982,58.30062775308183],[26.32738560629223,58.30062775308183],[26.32738560629223,58.29163454944458],[26.318392402654982,58.29163454944458]]]}},{"type":"Feature","properties":{"jobs":6,"pop":0,"pointCount":1,"homeWorkCommuteMedian":-1,"workHomeCommuteMedian":21044},"geometry":{"type":"Polygon","coordinates":[[[26.318392402654982,58.31861416035632],[26.318392402654982,58.327607363993565],[26.32738560629223,58.327607363993565],[26.32738560629223,58.31861416035632],[26.318392402654982,58.31861416035632]]]}},{"type":"Feature","properties":{"jobs":14,"pop":34,"pointCount":3,"homeWorkCommuteMedian":31686,"workHomeCommuteMedian":13468},"geometry":{"type":"Polygon","coordinates":[[[26.318392402654982,58.33660056763081],[26.318392402654982,58.34559377126806],[26.32738560629223,58.34559377126806],[26.32738560629223,58.33660056763081],[26.318392402654982,58.33660056763081]]]}},{"type":"Feature","properties":{"jobs":0,"pop":15,"pointCount":1,"homeWorkCommuteMedian":19366,"workHomeCommuteMedian":-1},"geometry":{"type":"Polygon","coordinates":[[[26.318392402654982,58.36358017854255],[26.318392402654982,58.372573382179795],[26.32738560629223,58.372573382179795],[26.32738560629223,58.36358017854255],[26.318392402654982,58.36358017854255]]]}},{"type":"Feature","properties":{"jobs":3,"pop":7,"pointCount":2,"homeWorkCommuteMedian":4864,"workHomeCommuteMedian":5059},"geometry":{"type":"Polygon","coordinates":[[[26.318392402654982,58.372573382179795],[26.318392402654982,58.38156658581704],[26.32738560629223,58.38156658581704],[26.32738560629223,58.372573382179795],[26.318392402654982,58.372573382179795]]]}},{"type":"Feature","properties":{"jobs":51,"pop":48,"pointCount":4,"homeWorkCommuteMedian":32850,"workHomeCommuteMedian":17897},"geometry":{"type":"Polygon","coordinates":[[[26.32738560629223,57.922913200317495],[26.32738560629223,57.93190640395474],[26.336378809929474,57.93190640395474],[26.336378809929474,57.922913200317495],[26.32738560629223,57.922913200317495]]]}},{"type":"Feature","properties":{"jobs":0,"pop":14,"pointCount":1,"homeWorkCommuteMedian":14082,"workHomeCommuteMedian":-1},"geometry":{"type":"Polygon","coordinates":[[[26.32738560629223,58.00385203305271],[26.32738560629223,58.012845236689955],[26.336378809929474,58.012845236689955],[26.336378809929474,58.00385203305271],[26.32738560629223,58.00385203305271]]]}},{"type":"Feature","properties":{"jobs":67,"pop":0,"pointCount":2,"homeWorkCommuteMedian":-1,"workHomeCommuteMedian":14062},"geometry":{"type":"Polygon","coordinates":[[[26.32738560629223,58.11177047669966],[26.32738560629223,58.12076368033691],[26.336378809929474,58.12076368033691],[26.336378809929474,58.11177047669966],[26.32738560629223,58.11177047669966]]]}},{"type":"Feature","properties":{"jobs":0,"pop":7,"pointCount":1,"homeWorkCommuteMedian":4686,"workHomeCommuteMedian":-1},"geometry":{"type":"Polygon","coordinates":[[[26.32738560629223,58.12076368033691],[26.32738560629223,58.12975688397415],[26.336378809929474,58.12975688397415],[26.336378809929474,58.12076368033691],[26.32738560629223,58.12076368033691]]]}},{"type":"Feature","properties":{"jobs":0,"pop":9,"pointCount":1,"homeWorkCommuteMedian":27503,"workHomeCommuteMedian":-1},"geometry":{"type":"Polygon","coordinates":[[[26.32738560629223,58.12975688397415],[26.32738560629223,58.1387500876114],[26.336378809929474,58.1387500876114],[26.336378809929474,58.12975688397415],[26.32738560629223,58.12975688397415]]]}},{"type":"Feature","properties":{"jobs":0,"pop":11,"pointCount":1,"homeWorkCommuteMedian":24145,"workHomeCommuteMedian":-1},"geometry":{"type":"Polygon","coordinates":[[[26.32738560629223,58.16572969852314],[26.32738560629223,58.17472290216038],[26.336378809929474,58.17472290216038],[26.336378809929474,58.16572969852314],[26.32738560629223,58.16572969852314]]]}},{"type":"Feature","properties":{"jobs":0,"pop":11,"pointCount":1,"homeWorkCommuteMedian":65620,"workHomeCommuteMedian":-1},"geometry":{"type":"Polygon","coordinates":[[[26.32738560629223,58.17472290216038],[26.32738560629223,58.18371610579763],[26.336378809929474,58.18371610579763],[26.336378809929474,58.17472290216038],[26.32738560629223,58.17472290216038]]]}},{"type":"Feature","properties":{"jobs":0,"pop":16,"pointCount":1,"homeWorkCommuteMedian":30372,"workHomeCommuteMedian":-1},"geometry":{"type":"Polygon","coordinates":[[[26.32738560629223,58.18371610579763],[26.32738560629223,58.192709309434875],[26.336378809929474,58.192709309434875],[26.336378809929474,58.18371610579763],[26.32738560629223,58.18371610579763]]]}},{"type":"Feature","properties":{"jobs":9,"pop":15,"pointCount":2,"homeWorkCommuteMedian":15176,"workHomeCommuteMedian":9920},"geometry":{"type":"Polygon","coordinates":[[[26.32738560629223,58.192709309434875],[26.32738560629223,58.20170251307212],[26.336378809929474,58.20170251307212],[26.336378809929474,58.192709309434875],[26.32738560629223,58.192709309434875]]]}},{"type":"Feature","properties":{"jobs":0,"pop":12,"pointCount":1,"homeWorkCommuteMedian":7852,"workHomeCommuteMedian":-1},"geometry":{"type":"Polygon","coordinates":[[[26.32738560629223,58.24666853125835],[26.32738560629223,58.2556617348956],[26.336378809929474,58.2556617348956],[26.336378809929474,58.24666853125835],[26.32738560629223,58.24666853125835]]]}},{"type":"Feature","properties":{"jobs":6,"pop":0,"pointCount":1,"homeWorkCommuteMedian":-1,"workHomeCommuteMedian":20266},"geometry":{"type":"Polygon","coordinates":[[[26.32738560629223,58.2556617348956],[26.32738560629223,58.26465493853284],[26.336378809929474,58.26465493853284],[26.336378809929474,58.2556617348956],[26.32738560629223,58.2556617348956]]]}},{"type":"Feature","properties":{"jobs":8,"pop":7,"pointCount":2,"homeWorkCommuteMedian":7582,"workHomeCommuteMedian":9924},"geometry":{"type":"Polygon","coordinates":[[[26.32738560629223,58.26465493853284],[26.32738560629223,58.27364814217009],[26.336378809929474,58.27364814217009],[26.336378809929474,58.26465493853284],[26.32738560629223,58.26465493853284]]]}},{"type":"Feature","properties":{"jobs":0,"pop":5,"pointCount":1,"homeWorkCommuteMedian":26327,"workHomeCommuteMedian":-1},"geometry":{"type":"Polygon","coordinates":[[[26.32738560629223,58.34559377126806],[26.32738560629223,58.3545869749053],[26.336378809929474,58.3545869749053],[26.336378809929474,58.34559377126806],[26.32738560629223,58.34559377126806]]]}},{"type":"Feature","properties":{"jobs":4,"pop":0,"pointCount":1,"homeWorkCommuteMedian":-1,"workHomeCommuteMedian":38769},"geometry":{"type":"Polygon","coordinates":[[[26.32738560629223,58.36358017854255],[26.32738560629223,58.372573382179795],[26.336378809929474,58.372573382179795],[26.336378809929474,58.36358017854255],[26.32738560629223,58.36358017854255]]]}},{"type":"Feature","properties":{"jobs":0,"pop":5,"pointCount":1,"homeWorkCommuteMedian":32591,"workHomeCommuteMedian":-1},"geometry":{"type":"Polygon","coordinates":[[[26.32738560629223,58.372573382179795],[26.32738560629223,58.38156658581704],[26.336378809929474,58.38156658581704],[26.336378809929474,58.372573382179795],[26.32738560629223,58.372573382179795]]]}},{"type":"Feature","properties":{"jobs":0,"pop":7,"pointCount":1,"homeWorkCommuteMedian":25592,"workHomeCommuteMedian":-1},"geometry":{"type":"Polygon","coordinates":[[[26.32738560629223,58.507471436738484],[26.32738560629223,58.51646464037573],[26.336378809929474,58.51646464037573],[26.336378809929474,58.507471436738484],[26.32738560629223,58.507471436738484]]]}},{"type":"Feature","properties":{"jobs":0,"pop":8,"pointCount":1,"homeWorkCommuteMedian":62985,"workHomeCommuteMedian":-1},"geometry":{"type":"Polygon","coordinates":[[[26.336378809929474,57.91391999668025],[26.336378809929474,57.922913200317495],[26.34537201356672,57.922913200317495],[26.34537201356672,57.91391999668025],[26.336378809929474,57.91391999668025]]]}},{"type":"Feature","properties":{"jobs":0,"pop":8,"pointCount":1,"homeWorkCommuteMedian":63285,"workHomeCommuteMedian":-1},"geometry":{"type":"Polygon","coordinates":[[[26.336378809929474,57.922913200317495],[26.336378809929474,57.93190640395474],[26.34537201356672,57.93190640395474],[26.34537201356672,57.922913200317495],[26.336378809929474,57.922913200317495]]]}},{"type":"Feature","properties":{"jobs":5,"pop":0,"pointCount":1,"homeWorkCommuteMedian":-1,"workHomeCommuteMedian":14763},"geometry":{"type":"Polygon","coordinates":[[[26.336378809929474,57.94089960759199],[26.336378809929474,57.94989281122923],[26.34537201356672,57.94989281122923],[26.34537201356672,57.94089960759199],[26.336378809929474,57.94089960759199]]]}},{"type":"Feature","properties":{"jobs":0,"pop":34,"pointCount":3,"homeWorkCommuteMedian":38421,"workHomeCommuteMedian":-1},"geometry":{"type":"Polygon","coordinates":[[[26.336378809929474,58.11177047669966],[26.336378809929474,58.12076368033691],[26.34537201356672,58.12076368033691],[26.34537201356672,58.11177047669966],[26.336378809929474,58.11177047669966]]]}},{"type":"Feature","properties":{"jobs":0,"pop":9,"pointCount":1,"homeWorkCommuteMedian":35214,"workHomeCommuteMedian":-1},"geometry":{"type":"Polygon","coordinates":[[[26.336378809929474,58.12076368033691],[26.336378809929474,58.12975688397415],[26.34537201356672,58.12975688397415],[26.34537201356672,58.12076368033691],[26.336378809929474,58.12076368033691]]]}},{"type":"Feature","properties":{"jobs":0,"pop":9,"pointCount":1,"homeWorkCommuteMedian":8362,"workHomeCommuteMedian":-1},"geometry":{"type":"Polygon","coordinates":[[[26.336378809929474,58.18371610579763],[26.336378809929474,58.192709309434875],[26.34537201356672,58.192709309434875],[26.34537201356672,58.18371610579763],[26.336378809929474,58.18371610579763]]]}},{"type":"Feature","properties":{"jobs":0,"pop":7,"pointCount":1,"homeWorkCommuteMedian":22115,"workHomeCommuteMedian":-1},"geometry":{"type":"Polygon","coordinates":[[[26.336378809929474,58.20170251307212],[26.336378809929474,58.21069571670937],[26.34537201356672,58.21069571670937],[26.34537201356672,58.20170251307212],[26.336378809929474,58.20170251307212]]]}},{"type":"Feature","properties":{"jobs":0,"pop":16,"pointCount":2,"homeWorkCommuteMedian":34137,"workHomeCommuteMedian":-1},"geometry":{"type":"Polygon","coordinates":[[[26.336378809929474,58.2556617348956],[26.336378809929474,58.26465493853284],[26.34537201356672,58.26465493853284],[26.34537201356672,58.2556617348956],[26.336378809929474,58.2556617348956]]]}},{"type":"Feature","properties":{"jobs":0,"pop":6,"pointCount":1,"homeWorkCommuteMedian":20679,"workHomeCommuteMedian":-1},"geometry":{"type":"Polygon","coordinates":[[[26.336378809929474,58.27364814217009],[26.336378809929474,58.282641345807335],[26.34537201356672,58.282641345807335],[26.34537201356672,58.27364814217009],[26.336378809929474,58.27364814217009]]]}},{"type":"Feature","properties":{"jobs":9,"pop":8,"pointCount":1,"homeWorkCommuteMedian":31155,"workHomeCommuteMedian":31520},"geometry":{"type":"Polygon","coordinates":[[[26.336378809929474,58.282641345807335],[26.336378809929474,58.29163454944458],[26.34537201356672,58.29163454944458],[26.34537201356672,58.282641345807335],[26.336378809929474,58.282641345807335]]]}},{"type":"Feature","properties":{"jobs":8,"pop":21,"pointCount":3,"homeWorkCommuteMedian":38765,"workHomeCommuteMedian":29793},"geometry":{"type":"Polygon","coordinates":[[[26.336378809929474,58.327607363993565],[26.336378809929474,58.33660056763081],[26.34537201356672,58.33660056763081],[26.34537201356672,58.327607363993565],[26.336378809929474,58.327607363993565]]]}},{"type":"Feature","properties":{"jobs":0,"pop":48,"pointCount":1,"homeWorkCommuteMedian":54346,"workHomeCommuteMedian":-1},"geometry":{"type":"Polygon","coordinates":[[[26.336378809929474,58.38156658581704],[26.336378809929474,58.39055978945429],[26.34537201356672,58.39055978945429],[26.34537201356672,58.38156658581704],[26.336378809929474,58.38156658581704]]]}},{"type":"Feature","properties":{"jobs":0,"pop":28,"pointCount":2,"homeWorkCommuteMedian":31492,"workHomeCommuteMedian":-1},"geometry":{"type":"Polygon","coordinates":[[[26.336378809929474,58.49847823310124],[26.336378809929474,58.507471436738484],[26.34537201356672,58.507471436738484],[26.34537201356672,58.49847823310124],[26.336378809929474,58.49847823310124]]]}},{"type":"Feature","properties":{"jobs":0,"pop":5,"pointCount":1,"homeWorkCommuteMedian":31764,"workHomeCommuteMedian":-1},"geometry":{"type":"Polygon","coordinates":[[[26.336378809929474,58.507471436738484],[26.336378809929474,58.51646464037573],[26.34537201356672,58.51646464037573],[26.34537201356672,58.507471436738484],[26.336378809929474,58.507471436738484]]]}},{"type":"Feature","properties":{"jobs":8,"pop":7,"pointCount":1,"homeWorkCommuteMedian":63135,"workHomeCommuteMedian":39623},"geometry":{"type":"Polygon","coordinates":[[[26.34537201356672,57.904926793043],[26.34537201356672,57.91391999668025],[26.354365217203966,57.91391999668025],[26.354365217203966,57.904926793043],[26.34537201356672,57.904926793043]]]}},{"type":"Feature","properties":{"jobs":11,"pop":0,"pointCount":1,"homeWorkCommuteMedian":-1,"workHomeCommuteMedian":57808},"geometry":{"type":"Polygon","coordinates":[[[26.34537201356672,57.99485882941546],[26.34537201356672,58.00385203305271],[26.354365217203966,58.00385203305271],[26.354365217203966,57.99485882941546],[26.34537201356672,57.99485882941546]]]}},{"type":"Feature","properties":{"jobs":7,"pop":0,"pointCount":1,"homeWorkCommuteMedian":-1,"workHomeCommuteMedian":10956},"geometry":{"type":"Polygon","coordinates":[[[26.34537201356672,58.03083164396445],[26.34537201356672,58.03982484760169],[26.354365217203966,58.03982484760169],[26.354365217203966,58.03083164396445],[26.34537201356672,58.03083164396445]]]}},{"type":"Feature","properties":{"jobs":0,"pop":10,"pointCount":1,"homeWorkCommuteMedian":7895,"workHomeCommuteMedian":-1},"geometry":{"type":"Polygon","coordinates":[[[26.34537201356672,58.11177047669966],[26.34537201356672,58.12076368033691],[26.354365217203966,58.12076368033691],[26.354365217203966,58.11177047669966],[26.34537201356672,58.11177047669966]]]}},{"type":"Feature","properties":{"jobs":0,"pop":20,"pointCount":2,"homeWorkCommuteMedian":8468,"workHomeCommuteMedian":-1},"geometry":{"type":"Polygon","coordinates":[[[26.34537201356672,58.18371610579763],[26.34537201356672,58.192709309434875],[26.354365217203966,58.192709309434875],[26.354365217203966,58.18371610579763],[26.34537201356672,58.18371610579763]]]}},{"type":"Feature","properties":{"jobs":0,"pop":6,"pointCount":1,"homeWorkCommuteMedian":5635,"workHomeCommuteMedian":-1},"geometry":{"type":"Polygon","coordinates":[[[26.34537201356672,58.21069571670937],[26.34537201356672,58.21968892034661],[26.354365217203966,58.21968892034661],[26.354365217203966,58.21069571670937],[26.34537201356672,58.21069571670937]]]}},{"type":"Feature","properties":{"jobs":0,"pop":13,"pointCount":2,"homeWorkCommuteMedian":27349,"workHomeCommuteMedian":-1},"geometry":{"type":"Polygon","coordinates":[[[26.34537201356672,58.24666853125835],[26.34537201356672,58.2556617348956],[26.354365217203966,58.2556617348956],[26.354365217203966,58.24666853125835],[26.34537201356672,58.24666853125835]]]}},{"type":"Feature","properties":{"jobs":0,"pop":6,"pointCount":1,"homeWorkCommuteMedian":18526,"workHomeCommuteMedian":-1},"geometry":{"type":"Polygon","coordinates":[[[26.34537201356672,58.282641345807335],[26.34537201356672,58.29163454944458],[26.354365217203966,58.29163454944458],[26.354365217203966,58.282641345807335],[26.34537201356672,58.282641345807335]]]}},{"type":"Feature","properties":{"jobs":11,"pop":0,"pointCount":1,"homeWorkCommuteMedian":-1,"workHomeCommuteMedian":11884},"geometry":{"type":"Polygon","coordinates":[[[26.34537201356672,58.30062775308183],[26.34537201356672,58.30962095671907],[26.354365217203966,58.30962095671907],[26.354365217203966,58.30062775308183],[26.34537201356672,58.30062775308183]]]}},{"type":"Feature","properties":{"jobs":0,"pop":12,"pointCount":1,"homeWorkCommuteMedian":13628,"workHomeCommuteMedian":-1},"geometry":{"type":"Polygon","coordinates":[[[26.34537201356672,58.30962095671907],[26.34537201356672,58.31861416035632],[26.354365217203966,58.31861416035632],[26.354365217203966,58.30962095671907],[26.34537201356672,58.30962095671907]]]}},{"type":"Feature","properties":{"jobs":0,"pop":6,"pointCount":1,"homeWorkCommuteMedian":28505,"workHomeCommuteMedian":-1},"geometry":{"type":"Polygon","coordinates":[[[26.34537201356672,58.327607363993565],[26.34537201356672,58.33660056763081],[26.354365217203966,58.33660056763081],[26.354365217203966,58.327607363993565],[26.34537201356672,58.327607363993565]]]}},{"type":"Feature","properties":{"jobs":0,"pop":17,"pointCount":2,"homeWorkCommuteMedian":18534,"workHomeCommuteMedian":-1},"geometry":{"type":"Polygon","coordinates":[[[26.34537201356672,58.33660056763081],[26.34537201356672,58.34559377126806],[26.354365217203966,58.34559377126806],[26.354365217203966,58.33660056763081],[26.34537201356672,58.33660056763081]]]}},{"type":"Feature","properties":{"jobs":0,"pop":7,"pointCount":1,"homeWorkCommuteMedian":7822,"workHomeCommuteMedian":-1},"geometry":{"type":"Polygon","coordinates":[[[26.34537201356672,58.34559377126806],[26.34537201356672,58.3545869749053],[26.354365217203966,58.3545869749053],[26.354365217203966,58.34559377126806],[26.34537201356672,58.34559377126806]]]}},{"type":"Feature","properties":{"jobs":3,"pop":13,"pointCount":2,"homeWorkCommuteMedian":23155,"workHomeCommuteMedian":23341},"geometry":{"type":"Polygon","coordinates":[[[26.34537201356672,58.372573382179795],[26.34537201356672,58.38156658581704],[26.354365217203966,58.38156658581704],[26.354365217203966,58.372573382179795],[26.34537201356672,58.372573382179795]]]}},{"type":"Feature","properties":{"jobs":7,"pop":5,"pointCount":1,"homeWorkCommuteMedian":25048,"workHomeCommuteMedian":38569},"geometry":{"type":"Polygon","coordinates":[[[26.34537201356672,58.507471436738484],[26.34537201356672,58.51646464037573],[26.354365217203966,58.51646464037573],[26.354365217203966,58.507471436738484],[26.34537201356672,58.507471436738484]]]}},{"type":"Feature","properties":{"jobs":16,"pop":9,"pointCount":2,"homeWorkCommuteMedian":72546,"workHomeCommuteMedian":11179},"geometry":{"type":"Polygon","coordinates":[[[26.354365217203966,57.904926793043],[26.354365217203966,57.91391999668025],[26.363358420841212,57.91391999668025],[26.363358420841212,57.904926793043],[26.354365217203966,57.904926793043]]]}},{"type":"Feature","properties":{"jobs":0,"pop":15,"pointCount":1,"homeWorkCommuteMedian":21186,"workHomeCommuteMedian":-1},"geometry":{"type":"Polygon","coordinates":[[[26.354365217203966,58.0218384403272],[26.354365217203966,58.03083164396445],[26.363358420841212,58.03083164396445],[26.363358420841212,58.0218384403272],[26.354365217203966,58.0218384403272]]]}},{"type":"Feature","properties":{"jobs":5,"pop":0,"pointCount":1,"homeWorkCommuteMedian":-1,"workHomeCommuteMedian":10887},"geometry":{"type":"Polygon","coordinates":[[[26.354365217203966,58.03083164396445],[26.354365217203966,58.03982484760169],[26.363358420841212,58.03982484760169],[26.363358420841212,58.03083164396445],[26.354365217203966,58.03083164396445]]]}},{"type":"Feature","properties":{"jobs":0,"pop":9,"pointCount":1,"homeWorkCommuteMedian":9595,"workHomeCommuteMedian":-1},"geometry":{"type":"Polygon","coordinates":[[[26.354365217203966,58.17472290216038],[26.354365217203966,58.18371610579763],[26.363358420841212,58.18371610579763],[26.363358420841212,58.17472290216038],[26.354365217203966,58.17472290216038]]]}},{"type":"Feature","properties":{"jobs":5,"pop":0,"pointCount":1,"homeWorkCommuteMedian":-1,"workHomeCommuteMedian":5297},"geometry":{"type":"Polygon","coordinates":[[[26.354365217203966,58.21968892034661],[26.354365217203966,58.22868212398386],[26.363358420841212,58.22868212398386],[26.363358420841212,58.21968892034661],[26.354365217203966,58.21968892034661]]]}},{"type":"Feature","properties":{"jobs":0,"pop":7,"pointCount":1,"homeWorkCommuteMedian":28302,"workHomeCommuteMedian":-1},"geometry":{"type":"Polygon","coordinates":[[[26.354365217203966,58.24666853125835],[26.354365217203966,58.2556617348956],[26.363358420841212,58.2556617348956],[26.363358420841212,58.24666853125835],[26.354365217203966,58.24666853125835]]]}},{"type":"Feature","properties":{"jobs":22,"pop":5,"pointCount":2,"homeWorkCommuteMedian":30732,"workHomeCommuteMedian":19232},"geometry":{"type":"Polygon","coordinates":[[[26.354365217203966,58.26465493853284],[26.354365217203966,58.27364814217009],[26.363358420841212,58.27364814217009],[26.363358420841212,58.26465493853284],[26.354365217203966,58.26465493853284]]]}},{"type":"Feature","properties":{"jobs":0,"pop":8,"pointCount":1,"homeWorkCommuteMedian":25783,"workHomeCommuteMedian":-1},"geometry":{"type":"Polygon","coordinates":[[[26.354365217203966,58.327607363993565],[26.354365217203966,58.33660056763081],[26.363358420841212,58.33660056763081],[26.363358420841212,58.327607363993565],[26.354365217203966,58.327607363993565]]]}},{"type":"Feature","properties":{"jobs":18,"pop":13,"pointCount":3,"homeWorkCommuteMedian":27036,"workHomeCommuteMedian":15529},"geometry":{"type":"Polygon","coordinates":[[[26.354365217203966,58.33660056763081],[26.354365217203966,58.34559377126806],[26.363358420841212,58.34559377126806],[26.363358420841212,58.33660056763081],[26.354365217203966,58.33660056763081]]]}},{"type":"Feature","properties":{"jobs":83,"pop":0,"pointCount":3,"homeWorkCommuteMedian":-1,"workHomeCommuteMedian":28640},"geometry":{"type":"Polygon","coordinates":[[[26.354365217203966,58.462505418552254],[26.354365217203966,58.4714986221895],[26.363358420841212,58.4714986221895],[26.363358420841212,58.462505418552254],[26.354365217203966,58.462505418552254]]]}},{"type":"Feature","properties":{"jobs":12,"pop":7,"pointCount":2,"homeWorkCommuteMedian":56286,"workHomeCommuteMedian":25638},"geometry":{"type":"Polygon","coordinates":[[[26.354365217203966,58.4714986221895],[26.354365217203966,58.480491825826746],[26.363358420841212,58.480491825826746],[26.363358420841212,58.4714986221895],[26.354365217203966,58.4714986221895]]]}},{"type":"Feature","properties":{"jobs":19,"pop":0,"pointCount":1,"homeWorkCommuteMedian":-1,"workHomeCommuteMedian":81996},"geometry":{"type":"Polygon","coordinates":[[[26.363358420841212,57.904926793043],[26.363358420841212,57.91391999668025],[26.37235162447846,57.91391999668025],[26.37235162447846,57.904926793043],[26.363358420841212,57.904926793043]]]}},{"type":"Feature","properties":{"jobs":28,"pop":11,"pointCount":1,"homeWorkCommuteMedian":67659,"workHomeCommuteMedian":18143},"geometry":{"type":"Polygon","coordinates":[[[26.363358420841212,57.91391999668025],[26.363358420841212,57.922913200317495],[26.37235162447846,57.922913200317495],[26.37235162447846,57.91391999668025],[26.363358420841212,57.91391999668025]]]}},{"type":"Feature","properties":{"jobs":0,"pop":7,"pointCount":1,"homeWorkCommuteMedian":18306,"workHomeCommuteMedian":-1},"geometry":{"type":"Polygon","coordinates":[[[26.363358420841212,57.94089960759199],[26.363358420841212,57.94989281122923],[26.37235162447846,57.94989281122923],[26.37235162447846,57.94089960759199],[26.363358420841212,57.94089960759199]]]}},{"type":"Feature","properties":{"jobs":0,"pop":9,"pointCount":1,"homeWorkCommuteMedian":6704,"workHomeCommuteMedian":-1},"geometry":{"type":"Polygon","coordinates":[[[26.363358420841212,57.95888601486648],[26.363358420841212,57.967879218503725],[26.37235162447846,57.967879218503725],[26.37235162447846,57.95888601486648],[26.363358420841212,57.95888601486648]]]}},{"type":"Feature","properties":{"jobs":6,"pop":5,"pointCount":2,"homeWorkCommuteMedian":23539,"workHomeCommuteMedian":25372},"geometry":{"type":"Polygon","coordinates":[[[26.363358420841212,58.12975688397415],[26.363358420841212,58.1387500876114],[26.37235162447846,58.1387500876114],[26.37235162447846,58.12975688397415],[26.363358420841212,58.12975688397415]]]}},{"type":"Feature","properties":{"jobs":0,"pop":12,"pointCount":1,"homeWorkCommuteMedian":21044,"workHomeCommuteMedian":-1},"geometry":{"type":"Polygon","coordinates":[[[26.363358420841212,58.192709309434875],[26.363358420841212,58.20170251307212],[26.37235162447846,58.20170251307212],[26.37235162447846,58.192709309434875],[26.363358420841212,58.192709309434875]]]}},{"type":"Feature","properties":{"jobs":19,"pop":0,"pointCount":2,"homeWorkCommuteMedian":-1,"workHomeCommuteMedian":26535},"geometry":{"type":"Polygon","coordinates":[[[26.363358420841212,58.21069571670937],[26.363358420841212,58.21968892034661],[26.37235162447846,58.21968892034661],[26.37235162447846,58.21069571670937],[26.363358420841212,58.21069571670937]]]}},{"type":"Feature","properties":{"jobs":35,"pop":0,"pointCount":1,"homeWorkCommuteMedian":-1,"workHomeCommuteMedian":13683},"geometry":{"type":"Polygon","coordinates":[[[26.363358420841212,58.21968892034661],[26.363358420841212,58.22868212398386],[26.37235162447846,58.22868212398386],[26.37235162447846,58.21968892034661],[26.363358420841212,58.21968892034661]]]}},{"type":"Feature","properties":{"jobs":6,"pop":0,"pointCount":1,"homeWorkCommuteMedian":-1,"workHomeCommuteMedian":62130},"geometry":{"type":"Polygon","coordinates":[[[26.363358420841212,58.22868212398386],[26.363358420841212,58.237675327621105],[26.37235162447846,58.237675327621105],[26.37235162447846,58.22868212398386],[26.363358420841212,58.22868212398386]]]}},{"type":"Feature","properties":{"jobs":13,"pop":0,"pointCount":1,"homeWorkCommuteMedian":-1,"workHomeCommuteMedian":26627},"geometry":{"type":"Polygon","coordinates":[[[26.363358420841212,58.237675327621105],[26.363358420841212,58.24666853125835],[26.37235162447846,58.24666853125835],[26.37235162447846,58.237675327621105],[26.363358420841212,58.237675327621105]]]}},{"type":"Feature","properties":{"jobs":0,"pop":5,"pointCount":1,"homeWorkCommuteMedian":12748,"workHomeCommuteMedian":-1},"geometry":{"type":"Polygon","coordinates":[[[26.363358420841212,58.26465493853284],[26.363358420841212,58.27364814217009],[26.37235162447846,58.27364814217009],[26.37235162447846,58.26465493853284],[26.363358420841212,58.26465493853284]]]}},{"type":"Feature","properties":{"jobs":5,"pop":8,"pointCount":2,"homeWorkCommuteMedian":41357,"workHomeCommuteMedian":18382},"geometry":{"type":"Polygon","coordinates":[[[26.363358420841212,58.282641345807335],[26.363358420841212,58.29163454944458],[26.37235162447846,58.29163454944458],[26.37235162447846,58.282641345807335],[26.363358420841212,58.282641345807335]]]}},{"type":"Feature","properties":{"jobs":0,"pop":7,"pointCount":1,"homeWorkCommuteMedian":21080,"workHomeCommuteMedian":-1},"geometry":{"type":"Polygon","coordinates":[[[26.363358420841212,58.31861416035632],[26.363358420841212,58.327607363993565],[26.37235162447846,58.327607363993565],[26.37235162447846,58.31861416035632],[26.363358420841212,58.31861416035632]]]}},{"type":"Feature","properties":{"jobs":0,"pop":10,"pointCount":1,"homeWorkCommuteMedian":14485,"workHomeCommuteMedian":-1},"geometry":{"type":"Polygon","coordinates":[[[26.363358420841212,58.34559377126806],[26.363358420841212,58.3545869749053],[26.37235162447846,58.3545869749053],[26.37235162447846,58.34559377126806],[26.363358420841212,58.34559377126806]]]}},{"type":"Feature","properties":{"jobs":0,"pop":13,"pointCount":1,"homeWorkCommuteMedian":8481,"workHomeCommuteMedian":-1},"geometry":{"type":"Polygon","coordinates":[[[26.363358420841212,58.462505418552254],[26.363358420841212,58.4714986221895],[26.37235162447846,58.4714986221895],[26.37235162447846,58.462505418552254],[26.363358420841212,58.462505418552254]]]}},{"type":"Feature","properties":{"jobs":0,"pop":19,"pointCount":2,"homeWorkCommuteMedian":27318,"workHomeCommuteMedian":-1},"geometry":{"type":"Polygon","coordinates":[[[26.363358420841212,58.480491825826746],[26.363358420841212,58.48948502946399],[26.37235162447846,58.48948502946399],[26.37235162447846,58.480491825826746],[26.363358420841212,58.480491825826746]]]}},{"type":"Feature","properties":{"jobs":17,"pop":9,"pointCount":2,"homeWorkCommuteMedian":20767,"workHomeCommuteMedian":45157},"geometry":{"type":"Polygon","coordinates":[[[26.37235162447846,57.94089960759199],[26.37235162447846,57.94989281122923],[26.381344828115704,57.94989281122923],[26.381344828115704,57.94089960759199],[26.37235162447846,57.94089960759199]]]}},{"type":"Feature","properties":{"jobs":0,"pop":16,"pointCount":2,"homeWorkCommuteMedian":61824,"workHomeCommuteMedian":-1},"geometry":{"type":"Polygon","coordinates":[[[26.37235162447846,57.94989281122923],[26.37235162447846,57.95888601486648],[26.381344828115704,57.95888601486648],[26.381344828115704,57.94989281122923],[26.37235162447846,57.94989281122923]]]}},{"type":"Feature","properties":{"jobs":3,"pop":0,"pointCount":1,"homeWorkCommuteMedian":-1,"workHomeCommuteMedian":42304},"geometry":{"type":"Polygon","coordinates":[[[26.37235162447846,57.97687242214097],[26.37235162447846,57.98586562577822],[26.381344828115704,57.98586562577822],[26.381344828115704,57.97687242214097],[26.37235162447846,57.97687242214097]]]}},{"type":"Feature","properties":{"jobs":0,"pop":3,"pointCount":1,"homeWorkCommuteMedian":9328,"workHomeCommuteMedian":-1},"geometry":{"type":"Polygon","coordinates":[[[26.37235162447846,58.09378406942517],[26.37235162447846,58.102777273062415],[26.381344828115704,58.102777273062415],[26.381344828115704,58.09378406942517],[26.37235162447846,58.09378406942517]]]}},{"type":"Feature","properties":{"jobs":97,"pop":17,"pointCount":4,"homeWorkCommuteMedian":30692,"workHomeCommuteMedian":11489},"geometry":{"type":"Polygon","coordinates":[[[26.37235162447846,58.12975688397415],[26.37235162447846,58.1387500876114],[26.381344828115704,58.1387500876114],[26.381344828115704,58.12975688397415],[26.37235162447846,58.12975688397415]]]}},{"type":"Feature","properties":{"jobs":0,"pop":8,"pointCount":1,"homeWorkCommuteMedian":39623,"workHomeCommuteMedian":-1},"geometry":{"type":"Polygon","coordinates":[[[26.37235162447846,58.147743291248645],[26.37235162447846,58.15673649488589],[26.381344828115704,58.15673649488589],[26.381344828115704,58.147743291248645],[26.37235162447846,58.147743291248645]]]}},{"type":"Feature","properties":{"jobs":4,"pop":13,"pointCount":2,"homeWorkCommuteMedian":17788,"workHomeCommuteMedian":23701},"geometry":{"type":"Polygon","coordinates":[[[26.37235162447846,58.15673649488589],[26.37235162447846,58.16572969852314],[26.381344828115704,58.16572969852314],[26.381344828115704,58.15673649488589],[26.37235162447846,58.15673649488589]]]}},{"type":"Feature","properties":{"jobs":0,"pop":5,"pointCount":1,"homeWorkCommuteMedian":46727,"workHomeCommuteMedian":-1},"geometry":{"type":"Polygon","coordinates":[[[26.37235162447846,58.16572969852314],[26.37235162447846,58.17472290216038],[26.381344828115704,58.17472290216038],[26.381344828115704,58.16572969852314],[26.37235162447846,58.16572969852314]]]}},{"type":"Feature","properties":{"jobs":13,"pop":10,"pointCount":2,"homeWorkCommuteMedian":28665,"workHomeCommuteMedian":16282},"geometry":{"type":"Polygon","coordinates":[[[26.37235162447846,58.21069571670937],[26.37235162447846,58.21968892034661],[26.381344828115704,58.21968892034661],[26.381344828115704,58.21069571670937],[26.37235162447846,58.21069571670937]]]}},{"type":"Feature","properties":{"jobs":0,"pop":14,"pointCount":2,"homeWorkCommuteMedian":29494,"workHomeCommuteMedian":-1},"geometry":{"type":"Polygon","coordinates":[[[26.37235162447846,58.21968892034661],[26.37235162447846,58.22868212398386],[26.381344828115704,58.22868212398386],[26.381344828115704,58.21968892034661],[26.37235162447846,58.21968892034661]]]}},{"type":"Feature","properties":{"jobs":0,"pop":41,"pointCount":2,"homeWorkCommuteMedian":28313,"workHomeCommuteMedian":-1},"geometry":{"type":"Polygon","coordinates":[[[26.37235162447846,58.22868212398386],[26.37235162447846,58.237675327621105],[26.381344828115704,58.237675327621105],[26.381344828115704,58.22868212398386],[26.37235162447846,58.22868212398386]]]}},{"type":"Feature","properties":{"jobs":0,"pop":12,"pointCount":1,"homeWorkCommuteMedian":16286,"workHomeCommuteMedian":-1},"geometry":{"type":"Polygon","coordinates":[[[26.37235162447846,58.24666853125835],[26.37235162447846,58.2556617348956],[26.381344828115704,58.2556617348956],[26.381344828115704,58.24666853125835],[26.37235162447846,58.24666853125835]]]}},{"type":"Feature","properties":{"jobs":0,"pop":8,"pointCount":1,"homeWorkCommuteMedian":10629,"workHomeCommuteMedian":-1},"geometry":{"type":"Polygon","coordinates":[[[26.37235162447846,58.2556617348956],[26.37235162447846,58.26465493853284],[26.381344828115704,58.26465493853284],[26.381344828115704,58.2556617348956],[26.37235162447846,58.2556617348956]]]}},{"type":"Feature","properties":{"jobs":5,"pop":0,"pointCount":1,"homeWorkCommuteMedian":-1,"workHomeCommuteMedian":7172},"geometry":{"type":"Polygon","coordinates":[[[26.37235162447846,58.30962095671907],[26.37235162447846,58.31861416035632],[26.381344828115704,58.31861416035632],[26.381344828115704,58.30962095671907],[26.37235162447846,58.30962095671907]]]}},{"type":"Feature","properties":{"jobs":0,"pop":13,"pointCount":1,"homeWorkCommuteMedian":26227,"workHomeCommuteMedian":-1},"geometry":{"type":"Polygon","coordinates":[[[26.37235162447846,58.33660056763081],[26.37235162447846,58.34559377126806],[26.381344828115704,58.34559377126806],[26.381344828115704,58.33660056763081],[26.37235162447846,58.33660056763081]]]}},{"type":"Feature","properties":{"jobs":8,"pop":103,"pointCount":3,"homeWorkCommuteMedian":22420,"workHomeCommuteMedian":33859},"geometry":{"type":"Polygon","coordinates":[[[26.37235162447846,58.3545869749053],[26.37235162447846,58.36358017854255],[26.381344828115704,58.36358017854255],[26.381344828115704,58.3545869749053],[26.37235162447846,58.3545869749053]]]}},{"type":"Feature","properties":{"jobs":15,"pop":0,"pointCount":1,"homeWorkCommuteMedian":-1,"workHomeCommuteMedian":6112},"geometry":{"type":"Polygon","coordinates":[[[26.37235162447846,58.36358017854255],[26.37235162447846,58.372573382179795],[26.381344828115704,58.372573382179795],[26.381344828115704,58.36358017854255],[26.37235162447846,58.36358017854255]]]}},{"type":"Feature","properties":{"jobs":26,"pop":86,"pointCount":4,"homeWorkCommuteMedian":28869,"workHomeCommuteMedian":33384},"geometry":{"type":"Polygon","coordinates":[[[26.37235162447846,58.480491825826746],[26.37235162447846,58.48948502946399],[26.381344828115704,58.48948502946399],[26.381344828115704,58.480491825826746],[26.37235162447846,58.480491825826746]]]}},{"type":"Feature","properties":{"jobs":63,"pop":0,"pointCount":1,"homeWorkCommuteMedian":-1,"workHomeCommuteMedian":16994},"geometry":{"type":"Polygon","coordinates":[[[26.381344828115704,57.99485882941546],[26.381344828115704,58.00385203305271],[26.39033803175295,58.00385203305271],[26.39033803175295,57.99485882941546],[26.381344828115704,57.99485882941546]]]}},{"type":"Feature","properties":{"jobs":29,"pop":0,"pointCount":1,"homeWorkCommuteMedian":-1,"workHomeCommuteMedian":11278},"geometry":{"type":"Polygon","coordinates":[[[26.381344828115704,58.00385203305271],[26.381344828115704,58.012845236689955],[26.39033803175295,58.012845236689955],[26.39033803175295,58.00385203305271],[26.381344828115704,58.00385203305271]]]}},{"type":"Feature","properties":{"jobs":0,"pop":14,"pointCount":1,"homeWorkCommuteMedian":54492,"workHomeCommuteMedian":-1},"geometry":{"type":"Polygon","coordinates":[[[26.381344828115704,58.012845236689955],[26.381344828115704,58.0218384403272],[26.39033803175295,58.0218384403272],[26.39033803175295,58.012845236689955],[26.381344828115704,58.012845236689955]]]}},{"type":"Feature","properties":{"jobs":3,"pop":0,"pointCount":1,"homeWorkCommuteMedian":-1,"workHomeCommuteMedian":26262},"geometry":{"type":"Polygon","coordinates":[[[26.381344828115704,58.07579766215068],[26.381344828115704,58.08479086578792],[26.39033803175295,58.08479086578792],[26.39033803175295,58.07579766215068],[26.381344828115704,58.07579766215068]]]}},{"type":"Feature","properties":{"jobs":69,"pop":11,"pointCount":5,"homeWorkCommuteMedian":14889,"workHomeCommuteMedian":18989},"geometry":{"type":"Polygon","coordinates":[[[26.381344828115704,58.12975688397415],[26.381344828115704,58.1387500876114],[26.39033803175295,58.1387500876114],[26.39033803175295,58.12975688397415],[26.381344828115704,58.12975688397415]]]}},{"type":"Feature","properties":{"jobs":36,"pop":0,"pointCount":2,"homeWorkCommuteMedian":-1,"workHomeCommuteMedian":18526},"geometry":{"type":"Polygon","coordinates":[[[26.381344828115704,58.1387500876114],[26.381344828115704,58.147743291248645],[26.39033803175295,58.147743291248645],[26.39033803175295,58.1387500876114],[26.381344828115704,58.1387500876114]]]}},{"type":"Feature","properties":{"jobs":0,"pop":7,"pointCount":1,"homeWorkCommuteMedian":28248,"workHomeCommuteMedian":-1},"geometry":{"type":"Polygon","coordinates":[[[26.381344828115704,58.16572969852314],[26.381344828115704,58.17472290216038],[26.39033803175295,58.17472290216038],[26.39033803175295,58.16572969852314],[26.381344828115704,58.16572969852314]]]}},{"type":"Feature","properties":{"jobs":63,"pop":0,"pointCount":2,"homeWorkCommuteMedian":-1,"workHomeCommuteMedian":10179},"geometry":{"type":"Polygon","coordinates":[[[26.381344828115704,58.192709309434875],[26.381344828115704,58.20170251307212],[26.39033803175295,58.20170251307212],[26.39033803175295,58.192709309434875],[26.381344828115704,58.192709309434875]]]}},{"type":"Feature","properties":{"jobs":29,"pop":13,"pointCount":2,"homeWorkCommuteMedian":28770,"workHomeCommuteMedian":30182},"geometry":{"type":"Polygon","coordinates":[[[26.381344828115704,58.21069571670937],[26.381344828115704,58.21968892034661],[26.39033803175295,58.21968892034661],[26.39033803175295,58.21069571670937],[26.381344828115704,58.21069571670937]]]}},{"type":"Feature","properties":{"jobs":42,"pop":77,"pointCount":7,"homeWorkCommuteMedian":10594,"workHomeCommuteMedian":22496},"geometry":{"type":"Polygon","coordinates":[[[26.381344828115704,58.21968892034661],[26.381344828115704,58.22868212398386],[26.39033803175295,58.22868212398386],[26.39033803175295,58.21968892034661],[26.381344828115704,58.21968892034661]]]}},{"type":"Feature","properties":{"jobs":0,"pop":9,"pointCount":1,"homeWorkCommuteMedian":2782,"workHomeCommuteMedian":-1},"geometry":{"type":"Polygon","coordinates":[[[26.381344828115704,58.22868212398386],[26.381344828115704,58.237675327621105],[26.39033803175295,58.237675327621105],[26.39033803175295,58.22868212398386],[26.381344828115704,58.22868212398386]]]}},{"type":"Feature","properties":{"jobs":0,"pop":13,"pointCount":1,"homeWorkCommuteMedian":23291,"workHomeCommuteMedian":-1},"geometry":{"type":"Polygon","coordinates":[[[26.381344828115704,58.30062775308183],[26.381344828115704,58.30962095671907],[26.39033803175295,58.30962095671907],[26.39033803175295,58.30062775308183],[26.381344828115704,58.30062775308183]]]}},{"type":"Feature","properties":{"jobs":9,"pop":10,"pointCount":2,"homeWorkCommuteMedian":23347,"workHomeCommuteMedian":28293},"geometry":{"type":"Polygon","coordinates":[[[26.381344828115704,58.33660056763081],[26.381344828115704,58.34559377126806],[26.39033803175295,58.34559377126806],[26.39033803175295,58.33660056763081],[26.381344828115704,58.33660056763081]]]}},{"type":"Feature","properties":{"jobs":12,"pop":0,"pointCount":1,"homeWorkCommuteMedian":-1,"workHomeCommuteMedian":21403},"geometry":{"type":"Polygon","coordinates":[[[26.381344828115704,58.3545869749053],[26.381344828115704,58.36358017854255],[26.39033803175295,58.36358017854255],[26.39033803175295,58.3545869749053],[26.381344828115704,58.3545869749053]]]}},{"type":"Feature","properties":{"jobs":55,"pop":0,"pointCount":2,"homeWorkCommuteMedian":-1,"workHomeCommuteMedian":21788},"geometry":{"type":"Polygon","coordinates":[[[26.381344828115704,58.36358017854255],[26.381344828115704,58.372573382179795],[26.39033803175295,58.372573382179795],[26.39033803175295,58.36358017854255],[26.381344828115704,58.36358017854255]]]}},{"type":"Feature","properties":{"jobs":1,"pop":0,"pointCount":1,"homeWorkCommuteMedian":-1,"workHomeCommuteMedian":30272},"geometry":{"type":"Polygon","coordinates":[[[26.381344828115704,58.372573382179795],[26.381344828115704,58.38156658581704],[26.39033803175295,58.38156658581704],[26.39033803175295,58.372573382179795],[26.381344828115704,58.372573382179795]]]}},{"type":"Feature","properties":{"jobs":41,"pop":0,"pointCount":1,"homeWorkCommuteMedian":-1,"workHomeCommuteMedian":29684},"geometry":{"type":"Polygon","coordinates":[[[26.381344828115704,58.4714986221895],[26.381344828115704,58.480491825826746],[26.39033803175295,58.480491825826746],[26.39033803175295,58.4714986221895],[26.381344828115704,58.4714986221895]]]}},{"type":"Feature","properties":{"jobs":81,"pop":70,"pointCount":6,"homeWorkCommuteMedian":28620,"workHomeCommuteMedian":36072},"geometry":{"type":"Polygon","coordinates":[[[26.381344828115704,58.480491825826746],[26.381344828115704,58.48948502946399],[26.39033803175295,58.48948502946399],[26.39033803175295,58.480491825826746],[26.381344828115704,58.480491825826746]]]}},{"type":"Feature","properties":{"jobs":0,"pop":7,"pointCount":1,"homeWorkCommuteMedian":17429,"workHomeCommuteMedian":-1},"geometry":{"type":"Polygon","coordinates":[[[26.381344828115704,58.48948502946399],[26.381344828115704,58.49847823310124],[26.39033803175295,58.49847823310124],[26.39033803175295,58.48948502946399],[26.381344828115704,58.48948502946399]]]}},{"type":"Feature","properties":{"jobs":0,"pop":6,"pointCount":1,"homeWorkCommuteMedian":59907,"workHomeCommuteMedian":-1},"geometry":{"type":"Polygon","coordinates":[[[26.39033803175295,57.95888601486648],[26.39033803175295,57.967879218503725],[26.399331235390196,57.967879218503725],[26.399331235390196,57.95888601486648],[26.39033803175295,57.95888601486648]]]}},{"type":"Feature","properties":{"jobs":28,"pop":0,"pointCount":2,"homeWorkCommuteMedian":-1,"workHomeCommuteMedian":9760},"geometry":{"type":"Polygon","coordinates":[[[26.39033803175295,57.99485882941546],[26.39033803175295,58.00385203305271],[26.399331235390196,58.00385203305271],[26.399331235390196,57.99485882941546],[26.39033803175295,57.99485882941546]]]}},{"type":"Feature","properties":{"jobs":0,"pop":7,"pointCount":1,"homeWorkCommuteMedian":10779,"workHomeCommuteMedian":-1},"geometry":{"type":"Polygon","coordinates":[[[26.39033803175295,58.012845236689955],[26.39033803175295,58.0218384403272],[26.399331235390196,58.0218384403272],[26.399331235390196,58.012845236689955],[26.39033803175295,58.012845236689955]]]}},{"type":"Feature","properties":{"jobs":0,"pop":7,"pointCount":1,"homeWorkCommuteMedian":53220,"workHomeCommuteMedian":-1},"geometry":{"type":"Polygon","coordinates":[[[26.39033803175295,58.04881805123894],[26.39033803175295,58.057811254876185],[26.399331235390196,58.057811254876185],[26.399331235390196,58.04881805123894],[26.39033803175295,58.04881805123894]]]}},{"type":"Feature","properties":{"jobs":3,"pop":0,"pointCount":1,"homeWorkCommuteMedian":-1,"workHomeCommuteMedian":18198},"geometry":{"type":"Polygon","coordinates":[[[26.39033803175295,58.09378406942517],[26.39033803175295,58.102777273062415],[26.399331235390196,58.102777273062415],[26.399331235390196,58.09378406942517],[26.39033803175295,58.09378406942517]]]}},{"type":"Feature","properties":{"jobs":0,"pop":56,"pointCount":3,"homeWorkCommuteMedian":14546,"workHomeCommuteMedian":-1},"geometry":{"type":"Polygon","coordinates":[[[26.39033803175295,58.1387500876114],[26.39033803175295,58.147743291248645],[26.399331235390196,58.147743291248645],[26.399331235390196,58.1387500876114],[26.39033803175295,58.1387500876114]]]}},{"type":"Feature","properties":{"jobs":27,"pop":21,"pointCount":2,"homeWorkCommuteMedian":20853,"workHomeCommuteMedian":12218},"geometry":{"type":"Polygon","coordinates":[[[26.39033803175295,58.17472290216038],[26.39033803175295,58.18371610579763],[26.399331235390196,58.18371610579763],[26.399331235390196,58.17472290216038],[26.39033803175295,58.17472290216038]]]}},{"type":"Feature","properties":{"jobs":93,"pop":7,"pointCount":6,"homeWorkCommuteMedian":51209,"workHomeCommuteMedian":6777},"geometry":{"type":"Polygon","coordinates":[[[26.39033803175295,58.20170251307212],[26.39033803175295,58.21069571670937],[26.399331235390196,58.21069571670937],[26.399331235390196,58.20170251307212],[26.39033803175295,58.20170251307212]]]}},{"type":"Feature","properties":{"jobs":0,"pop":277,"pointCount":9,"homeWorkCommuteMedian":23205,"workHomeCommuteMedian":-1},"geometry":{"type":"Polygon","coordinates":[[[26.39033803175295,58.21069571670937],[26.39033803175295,58.21968892034661],[26.399331235390196,58.21968892034661],[26.399331235390196,58.21069571670937],[26.39033803175295,58.21069571670937]]]}},{"type":"Feature","properties":{"jobs":0,"pop":128,"pointCount":6,"homeWorkCommuteMedian":26253,"workHomeCommuteMedian":-1},"geometry":{"type":"Polygon","coordinates":[[[26.39033803175295,58.21968892034661],[26.39033803175295,58.22868212398386],[26.399331235390196,58.22868212398386],[26.399331235390196,58.21968892034661],[26.39033803175295,58.21968892034661]]]}},{"type":"Feature","properties":{"jobs":0,"pop":9,"pointCount":1,"homeWorkCommuteMedian":58540,"workHomeCommuteMedian":-1},"geometry":{"type":"Polygon","coordinates":[[[26.39033803175295,58.24666853125835],[26.39033803175295,58.2556617348956],[26.399331235390196,58.2556617348956],[26.399331235390196,58.24666853125835],[26.39033803175295,58.24666853125835]]]}},{"type":"Feature","properties":{"jobs":0,"pop":8,"pointCount":1,"homeWorkCommuteMedian":29546,"workHomeCommuteMedian":-1},"geometry":{"type":"Polygon","coordinates":[[[26.39033803175295,58.29163454944458],[26.39033803175295,58.30062775308183],[26.399331235390196,58.30062775308183],[26.399331235390196,58.29163454944458],[26.39033803175295,58.29163454944458]]]}},{"type":"Feature","properties":{"jobs":8,"pop":0,"pointCount":1,"homeWorkCommuteMedian":-1,"workHomeCommuteMedian":17788},"geometry":{"type":"Polygon","coordinates":[[[26.39033803175295,58.30062775308183],[26.39033803175295,58.30962095671907],[26.399331235390196,58.30962095671907],[26.399331235390196,58.30062775308183],[26.39033803175295,58.30062775308183]]]}},{"type":"Feature","properties":{"jobs":4,"pop":0,"pointCount":1,"homeWorkCommuteMedian":-1,"workHomeCommuteMedian":35977},"geometry":{"type":"Polygon","coordinates":[[[26.39033803175295,58.30962095671907],[26.39033803175295,58.31861416035632],[26.399331235390196,58.31861416035632],[26.399331235390196,58.30962095671907],[26.39033803175295,58.30962095671907]]]}},{"type":"Feature","properties":{"jobs":21,"pop":0,"pointCount":1,"homeWorkCommuteMedian":-1,"workHomeCommuteMedian":24238},"geometry":{"type":"Polygon","coordinates":[[[26.39033803175295,58.3545869749053],[26.39033803175295,58.36358017854255],[26.399331235390196,58.36358017854255],[26.399331235390196,58.3545869749053],[26.39033803175295,58.3545869749053]]]}},{"type":"Feature","properties":{"jobs":10,"pop":11,"pointCount":2,"homeWorkCommuteMedian":26568,"workHomeCommuteMedian":40662},"geometry":{"type":"Polygon","coordinates":[[[26.39033803175295,58.480491825826746],[26.39033803175295,58.48948502946399],[26.399331235390196,58.48948502946399],[26.399331235390196,58.480491825826746],[26.39033803175295,58.480491825826746]]]}},{"type":"Feature","properties":{"jobs":5,"pop":0,"pointCount":1,"homeWorkCommuteMedian":-1,"workHomeCommuteMedian":92636},"geometry":{"type":"Polygon","coordinates":[[[26.399331235390196,57.904926793043],[26.399331235390196,57.91391999668025],[26.408324439027442,57.91391999668025],[26.408324439027442,57.904926793043],[26.399331235390196,57.904926793043]]]}},{"type":"Feature","properties":{"jobs":0,"pop":5,"pointCount":1,"homeWorkCommuteMedian":17702,"workHomeCommuteMedian":-1},"geometry":{"type":"Polygon","coordinates":[[[26.399331235390196,57.94989281122923],[26.399331235390196,57.95888601486648],[26.408324439027442,57.95888601486648],[26.408324439027442,57.94989281122923],[26.399331235390196,57.94989281122923]]]}},{"type":"Feature","properties":{"jobs":8,"pop":0,"pointCount":1,"homeWorkCommuteMedian":-1,"workHomeCommuteMedian":9350},"geometry":{"type":"Polygon","coordinates":[[[26.399331235390196,57.95888601486648],[26.399331235390196,57.967879218503725],[26.408324439027442,57.967879218503725],[26.408324439027442,57.95888601486648],[26.399331235390196,57.95888601486648]]]}},{"type":"Feature","properties":{"jobs":0,"pop":7,"pointCount":1,"homeWorkCommuteMedian":11216,"workHomeCommuteMedian":-1},"geometry":{"type":"Polygon","coordinates":[[[26.399331235390196,57.99485882941546],[26.399331235390196,58.00385203305271],[26.408324439027442,58.00385203305271],[26.408324439027442,57.99485882941546],[26.399331235390196,57.99485882941546]]]}},{"type":"Feature","properties":{"jobs":0,"pop":6,"pointCount":1,"homeWorkCommuteMedian":47998,"workHomeCommuteMedian":-1},"geometry":{"type":"Polygon","coordinates":[[[26.399331235390196,58.057811254876185],[26.399331235390196,58.06680445851343],[26.408324439027442,58.06680445851343],[26.408324439027442,58.057811254876185],[26.399331235390196,58.057811254876185]]]}},{"type":"Feature","properties":{"jobs":0,"pop":5,"pointCount":1,"homeWorkCommuteMedian":49806,"workHomeCommuteMedian":-1},"geometry":{"type":"Polygon","coordinates":[[[26.399331235390196,58.07579766215068],[26.399331235390196,58.08479086578792],[26.408324439027442,58.08479086578792],[26.408324439027442,58.07579766215068],[26.399331235390196,58.07579766215068]]]}},{"type":"Feature","properties":{"jobs":6,"pop":0,"pointCount":1,"homeWorkCommuteMedian":-1,"workHomeCommuteMedian":51562},"geometry":{"type":"Polygon","coordinates":[[[26.399331235390196,58.147743291248645],[26.399331235390196,58.15673649488589],[26.408324439027442,58.15673649488589],[26.408324439027442,58.147743291248645],[26.399331235390196,58.147743291248645]]]}},{"type":"Feature","properties":{"jobs":0,"pop":7,"pointCount":1,"homeWorkCommuteMedian":66864,"workHomeCommuteMedian":-1},"geometry":{"type":"Polygon","coordinates":[[[26.399331235390196,58.15673649488589],[26.399331235390196,58.16572969852314],[26.408324439027442,58.16572969852314],[26.408324439027442,58.15673649488589],[26.399331235390196,58.15673649488589]]]}},{"type":"Feature","properties":{"jobs":0,"pop":5,"pointCount":1,"homeWorkCommuteMedian":6242,"workHomeCommuteMedian":-1},"geometry":{"type":"Polygon","coordinates":[[[26.399331235390196,58.16572969852314],[26.399331235390196,58.17472290216038],[26.408324439027442,58.17472290216038],[26.408324439027442,58.16572969852314],[26.399331235390196,58.16572969852314]]]}},{"type":"Feature","properties":{"jobs":0,"pop":44,"pointCount":3,"homeWorkCommuteMedian":27208,"workHomeCommuteMedian":-1},"geometry":{"type":"Polygon","coordinates":[[[26.399331235390196,58.20170251307212],[26.399331235390196,58.21069571670937],[26.408324439027442,58.21069571670937],[26.408324439027442,58.20170251307212],[26.399331235390196,58.20170251307212]]]}},{"type":"Feature","properties":{"jobs":27,"pop":328,"pointCount":10,"homeWorkCommuteMedian":26127,"workHomeCommuteMedian":25702},"geometry":{"type":"Polygon","coordinates":[[[26.399331235390196,58.21069571670937],[26.399331235390196,58.21968892034661],[26.408324439027442,58.21968892034661],[26.408324439027442,58.21069571670937],[26.399331235390196,58.21069571670937]]]}},{"type":"Feature","properties":{"jobs":140,"pop":310,"pointCount":16,"homeWorkCommuteMedian":25815,"workHomeCommuteMedian":4215},"geometry":{"type":"Polygon","coordinates":[[[26.399331235390196,58.21968892034661],[26.399331235390196,58.22868212398386],[26.408324439027442,58.22868212398386],[26.408324439027442,58.21968892034661],[26.399331235390196,58.21968892034661]]]}},{"type":"Feature","properties":{"jobs":15,"pop":0,"pointCount":2,"homeWorkCommuteMedian":-1,"workHomeCommuteMedian":32530},"geometry":{"type":"Polygon","coordinates":[[[26.399331235390196,58.237675327621105],[26.399331235390196,58.24666853125835],[26.408324439027442,58.24666853125835],[26.408324439027442,58.237675327621105],[26.399331235390196,58.237675327621105]]]}},{"type":"Feature","properties":{"jobs":9,"pop":0,"pointCount":1,"homeWorkCommuteMedian":-1,"workHomeCommuteMedian":66416},"geometry":{"type":"Polygon","coordinates":[[[26.399331235390196,58.2556617348956],[26.399331235390196,58.26465493853284],[26.408324439027442,58.26465493853284],[26.408324439027442,58.2556617348956],[26.399331235390196,58.2556617348956]]]}},{"type":"Feature","properties":{"jobs":0,"pop":7,"pointCount":1,"homeWorkCommuteMedian":11507,"workHomeCommuteMedian":-1},"geometry":{"type":"Polygon","coordinates":[[[26.399331235390196,58.29163454944458],[26.399331235390196,58.30062775308183],[26.408324439027442,58.30062775308183],[26.408324439027442,58.29163454944458],[26.399331235390196,58.29163454944458]]]}},{"type":"Feature","properties":{"jobs":0,"pop":8,"pointCount":1,"homeWorkCommuteMedian":22167,"workHomeCommuteMedian":-1},"geometry":{"type":"Polygon","coordinates":[[[26.399331235390196,58.31861416035632],[26.399331235390196,58.327607363993565],[26.408324439027442,58.327607363993565],[26.408324439027442,58.31861416035632],[26.399331235390196,58.31861416035632]]]}},{"type":"Feature","properties":{"jobs":25,"pop":0,"pointCount":1,"homeWorkCommuteMedian":-1,"workHomeCommuteMedian":27438},"geometry":{"type":"Polygon","coordinates":[[[26.399331235390196,58.33660056763081],[26.399331235390196,58.34559377126806],[26.408324439027442,58.34559377126806],[26.408324439027442,58.33660056763081],[26.399331235390196,58.33660056763081]]]}},{"type":"Feature","properties":{"jobs":0,"pop":12,"pointCount":1,"homeWorkCommuteMedian":20893,"workHomeCommuteMedian":-1},"geometry":{"type":"Polygon","coordinates":[[[26.399331235390196,58.34559377126806],[26.399331235390196,58.3545869749053],[26.408324439027442,58.3545869749053],[26.408324439027442,58.34559377126806],[26.399331235390196,58.34559377126806]]]}},{"type":"Feature","properties":{"jobs":0,"pop":7,"pointCount":1,"homeWorkCommuteMedian":76629,"workHomeCommuteMedian":-1},"geometry":{"type":"Polygon","coordinates":[[[26.399331235390196,58.36358017854255],[26.399331235390196,58.372573382179795],[26.408324439027442,58.372573382179795],[26.408324439027442,58.36358017854255],[26.399331235390196,58.36358017854255]]]}},{"type":"Feature","properties":{"jobs":0,"pop":8,"pointCount":1,"homeWorkCommuteMedian":22212,"workHomeCommuteMedian":-1},"geometry":{"type":"Polygon","coordinates":[[[26.399331235390196,58.45351221491501],[26.399331235390196,58.462505418552254],[26.408324439027442,58.462505418552254],[26.408324439027442,58.45351221491501],[26.399331235390196,58.45351221491501]]]}},{"type":"Feature","properties":{"jobs":0,"pop":6,"pointCount":1,"homeWorkCommuteMedian":35786,"workHomeCommuteMedian":-1},"geometry":{"type":"Polygon","coordinates":[[[26.399331235390196,58.48948502946399],[26.399331235390196,58.49847823310124],[26.408324439027442,58.49847823310124],[26.408324439027442,58.48948502946399],[26.399331235390196,58.48948502946399]]]}},{"type":"Feature","properties":{"jobs":17,"pop":8,"pointCount":1,"homeWorkCommuteMedian":30203,"workHomeCommuteMedian":26191},"geometry":{"type":"Polygon","coordinates":[[[26.399331235390196,58.507471436738484],[26.399331235390196,58.51646464037573],[26.408324439027442,58.51646464037573],[26.408324439027442,58.507471436738484],[26.399331235390196,58.507471436738484]]]}},{"type":"Feature","properties":{"jobs":0,"pop":18,"pointCount":1,"homeWorkCommuteMedian":7806,"workHomeCommuteMedian":-1},"geometry":{"type":"Polygon","coordinates":[[[26.408324439027442,57.904926793043],[26.408324439027442,57.91391999668025],[26.41731764266469,57.91391999668025],[26.41731764266469,57.904926793043],[26.408324439027442,57.904926793043]]]}},{"type":"Feature","properties":{"jobs":0,"pop":7,"pointCount":1,"homeWorkCommuteMedian":8552,"workHomeCommuteMedian":-1},"geometry":{"type":"Polygon","coordinates":[[[26.408324439027442,57.94989281122923],[26.408324439027442,57.95888601486648],[26.41731764266469,57.95888601486648],[26.41731764266469,57.94989281122923],[26.408324439027442,57.94989281122923]]]}},{"type":"Feature","properties":{"jobs":0,"pop":11,"pointCount":1,"homeWorkCommuteMedian":20324,"workHomeCommuteMedian":-1},"geometry":{"type":"Polygon","coordinates":[[[26.408324439027442,58.00385203305271],[26.408324439027442,58.012845236689955],[26.41731764266469,58.012845236689955],[26.41731764266469,58.00385203305271],[26.408324439027442,58.00385203305271]]]}},{"type":"Feature","properties":{"jobs":15,"pop":0,"pointCount":1,"homeWorkCommuteMedian":-1,"workHomeCommuteMedian":14546},"geometry":{"type":"Polygon","coordinates":[[[26.408324439027442,58.04881805123894],[26.408324439027442,58.057811254876185],[26.41731764266469,58.057811254876185],[26.41731764266469,58.04881805123894],[26.408324439027442,58.04881805123894]]]}},{"type":"Feature","properties":{"jobs":137,"pop":278,"pointCount":7,"homeWorkCommuteMedian":18678,"workHomeCommuteMedian":36397},"geometry":{"type":"Polygon","coordinates":[[[26.408324439027442,58.21069571670937],[26.408324439027442,58.21968892034661],[26.41731764266469,58.21968892034661],[26.41731764266469,58.21069571670937],[26.408324439027442,58.21069571670937]]]}},{"type":"Feature","properties":{"jobs":359,"pop":242,"pointCount":14,"homeWorkCommuteMedian":26798,"workHomeCommuteMedian":12736},"geometry":{"type":"Polygon","coordinates":[[[26.408324439027442,58.21968892034661],[26.408324439027442,58.22868212398386],[26.41731764266469,58.22868212398386],[26.41731764266469,58.21968892034661],[26.408324439027442,58.21968892034661]]]}},{"type":"Feature","properties":{"jobs":495,"pop":490,"pointCount":17,"homeWorkCommuteMedian":23189,"workHomeCommuteMedian":10716},"geometry":{"type":"Polygon","coordinates":[[[26.408324439027442,58.22868212398386],[26.408324439027442,58.237675327621105],[26.41731764266469,58.237675327621105],[26.41731764266469,58.22868212398386],[26.408324439027442,58.22868212398386]]]}},{"type":"Feature","properties":{"jobs":25,"pop":109,"pointCount":5,"homeWorkCommuteMedian":21969,"workHomeCommuteMedian":10955},"geometry":{"type":"Polygon","coordinates":[[[26.408324439027442,58.237675327621105],[26.408324439027442,58.24666853125835],[26.41731764266469,58.24666853125835],[26.41731764266469,58.237675327621105],[26.408324439027442,58.237675327621105]]]}},{"type":"Feature","properties":{"jobs":0,"pop":6,"pointCount":1,"homeWorkCommuteMedian":9920,"workHomeCommuteMedian":-1},"geometry":{"type":"Polygon","coordinates":[[[26.408324439027442,58.24666853125835],[26.408324439027442,58.2556617348956],[26.41731764266469,58.2556617348956],[26.41731764266469,58.24666853125835],[26.408324439027442,58.24666853125835]]]}},{"type":"Feature","properties":{"jobs":6,"pop":9,"pointCount":2,"homeWorkCommuteMedian":24673,"workHomeCommuteMedian":2498},"geometry":{"type":"Polygon","coordinates":[[[26.408324439027442,58.2556617348956],[26.408324439027442,58.26465493853284],[26.41731764266469,58.26465493853284],[26.41731764266469,58.2556617348956],[26.408324439027442,58.2556617348956]]]}},{"type":"Feature","properties":{"jobs":0,"pop":12,"pointCount":1,"homeWorkCommuteMedian":7727,"workHomeCommuteMedian":-1},"geometry":{"type":"Polygon","coordinates":[[[26.408324439027442,58.3545869749053],[26.408324439027442,58.36358017854255],[26.41731764266469,58.36358017854255],[26.41731764266469,58.3545869749053],[26.408324439027442,58.3545869749053]]]}},{"type":"Feature","properties":{"jobs":5,"pop":0,"pointCount":1,"homeWorkCommuteMedian":-1,"workHomeCommuteMedian":56399},"geometry":{"type":"Polygon","coordinates":[[[26.41731764266469,57.94089960759199],[26.41731764266469,57.94989281122923],[26.426310846301934,57.94989281122923],[26.426310846301934,57.94089960759199],[26.41731764266469,57.94089960759199]]]}},{"type":"Feature","properties":{"jobs":0,"pop":7,"pointCount":1,"homeWorkCommuteMedian":53632,"workHomeCommuteMedian":-1},"geometry":{"type":"Polygon","coordinates":[[[26.41731764266469,57.99485882941546],[26.41731764266469,58.00385203305271],[26.426310846301934,58.00385203305271],[26.426310846301934,57.99485882941546],[26.41731764266469,57.99485882941546]]]}},{"type":"Feature","properties":{"jobs":0,"pop":28,"pointCount":2,"homeWorkCommuteMedian":36933,"workHomeCommuteMedian":-1},"geometry":{"type":"Polygon","coordinates":[[[26.41731764266469,58.00385203305271],[26.41731764266469,58.012845236689955],[26.426310846301934,58.012845236689955],[26.426310846301934,58.00385203305271],[26.41731764266469,58.00385203305271]]]}},{"type":"Feature","properties":{"jobs":0,"pop":8,"pointCount":1,"homeWorkCommuteMedian":38770,"workHomeCommuteMedian":-1},"geometry":{"type":"Polygon","coordinates":[[[26.41731764266469,58.04881805123894],[26.41731764266469,58.057811254876185],[26.426310846301934,58.057811254876185],[26.426310846301934,58.04881805123894],[26.41731764266469,58.04881805123894]]]}},{"type":"Feature","properties":{"jobs":17,"pop":0,"pointCount":1,"homeWorkCommuteMedian":-1,"workHomeCommuteMedian":4492},"geometry":{"type":"Polygon","coordinates":[[[26.41731764266469,58.057811254876185],[26.41731764266469,58.06680445851343],[26.426310846301934,58.06680445851343],[26.426310846301934,58.057811254876185],[26.41731764266469,58.057811254876185]]]}},{"type":"Feature","properties":{"jobs":21,"pop":0,"pointCount":1,"homeWorkCommuteMedian":-1,"workHomeCommuteMedian":11053},"geometry":{"type":"Polygon","coordinates":[[[26.41731764266469,58.20170251307212],[26.41731764266469,58.21069571670937],[26.426310846301934,58.21069571670937],[26.426310846301934,58.20170251307212],[26.41731764266469,58.20170251307212]]]}},{"type":"Feature","properties":{"jobs":0,"pop":28,"pointCount":1,"homeWorkCommuteMedian":23660,"workHomeCommuteMedian":-1},"geometry":{"type":"Polygon","coordinates":[[[26.41731764266469,58.21069571670937],[26.41731764266469,58.21968892034661],[26.426310846301934,58.21968892034661],[26.426310846301934,58.21069571670937],[26.41731764266469,58.21069571670937]]]}},{"type":"Feature","properties":{"jobs":220,"pop":363,"pointCount":17,"homeWorkCommuteMedian":27396,"workHomeCommuteMedian":13560},"geometry":{"type":"Polygon","coordinates":[[[26.41731764266469,58.21968892034661],[26.41731764266469,58.22868212398386],[26.426310846301934,58.22868212398386],[26.426310846301934,58.21968892034661],[26.41731764266469,58.21968892034661]]]}},{"type":"Feature","properties":{"jobs":17,"pop":170,"pointCount":4,"homeWorkCommuteMedian":23493,"workHomeCommuteMedian":23097},"geometry":{"type":"Polygon","coordinates":[[[26.41731764266469,58.22868212398386],[26.41731764266469,58.237675327621105],[26.426310846301934,58.237675327621105],[26.426310846301934,58.22868212398386],[26.41731764266469,58.22868212398386]]]}},{"type":"Feature","properties":{"jobs":6,"pop":32,"pointCount":3,"homeWorkCommuteMedian":11583,"workHomeCommuteMedian":24072},"geometry":{"type":"Polygon","coordinates":[[[26.41731764266469,58.237675327621105],[26.41731764266469,58.24666853125835],[26.426310846301934,58.24666853125835],[26.426310846301934,58.237675327621105],[26.41731764266469,58.237675327621105]]]}},{"type":"Feature","properties":{"jobs":0,"pop":8,"pointCount":1,"homeWorkCommuteMedian":25809,"workHomeCommuteMedian":-1},"geometry":{"type":"Polygon","coordinates":[[[26.41731764266469,58.26465493853284],[26.41731764266469,58.27364814217009],[26.426310846301934,58.27364814217009],[26.426310846301934,58.26465493853284],[26.41731764266469,58.26465493853284]]]}},{"type":"Feature","properties":{"jobs":0,"pop":10,"pointCount":1,"homeWorkCommuteMedian":25556,"workHomeCommuteMedian":-1},"geometry":{"type":"Polygon","coordinates":[[[26.41731764266469,58.27364814217009],[26.41731764266469,58.282641345807335],[26.426310846301934,58.282641345807335],[26.426310846301934,58.27364814217009],[26.41731764266469,58.27364814217009]]]}},{"type":"Feature","properties":{"jobs":7,"pop":0,"pointCount":1,"homeWorkCommuteMedian":-1,"workHomeCommuteMedian":28583},"geometry":{"type":"Polygon","coordinates":[[[26.41731764266469,58.282641345807335],[26.41731764266469,58.29163454944458],[26.426310846301934,58.29163454944458],[26.426310846301934,58.282641345807335],[26.41731764266469,58.282641345807335]]]}},{"type":"Feature","properties":{"jobs":1,"pop":0,"pointCount":1,"homeWorkCommuteMedian":-1,"workHomeCommuteMedian":22159},"geometry":{"type":"Polygon","coordinates":[[[26.41731764266469,58.327607363993565],[26.41731764266469,58.33660056763081],[26.426310846301934,58.33660056763081],[26.426310846301934,58.327607363993565],[26.41731764266469,58.327607363993565]]]}},{"type":"Feature","properties":{"jobs":0,"pop":10,"pointCount":2,"homeWorkCommuteMedian":34248,"workHomeCommuteMedian":-1},"geometry":{"type":"Polygon","coordinates":[[[26.41731764266469,58.33660056763081],[26.41731764266469,58.34559377126806],[26.426310846301934,58.34559377126806],[26.426310846301934,58.33660056763081],[26.41731764266469,58.33660056763081]]]}},{"type":"Feature","properties":{"jobs":19,"pop":22,"pointCount":5,"homeWorkCommuteMedian":20326,"workHomeCommuteMedian":38995},"geometry":{"type":"Polygon","coordinates":[[[26.41731764266469,58.36358017854255],[26.41731764266469,58.372573382179795],[26.426310846301934,58.372573382179795],[26.426310846301934,58.36358017854255],[26.41731764266469,58.36358017854255]]]}},{"type":"Feature","properties":{"jobs":21,"pop":66,"pointCount":3,"homeWorkCommuteMedian":13272,"workHomeCommuteMedian":53207},"geometry":{"type":"Polygon","coordinates":[[[26.426310846301934,58.00385203305271],[26.426310846301934,58.012845236689955],[26.43530404993918,58.012845236689955],[26.43530404993918,58.00385203305271],[26.426310846301934,58.00385203305271]]]}},{"type":"Feature","properties":{"jobs":0,"pop":10,"pointCount":1,"homeWorkCommuteMedian":4606,"workHomeCommuteMedian":-1},"geometry":{"type":"Polygon","coordinates":[[[26.426310846301934,58.012845236689955],[26.426310846301934,58.0218384403272],[26.43530404993918,58.0218384403272],[26.43530404993918,58.012845236689955],[26.426310846301934,58.012845236689955]]]}},{"type":"Feature","properties":{"jobs":13,"pop":15,"pointCount":3,"homeWorkCommuteMedian":21472,"workHomeCommuteMedian":51791},"geometry":{"type":"Polygon","coordinates":[[[26.426310846301934,58.0218384403272],[26.426310846301934,58.03083164396445],[26.43530404993918,58.03083164396445],[26.43530404993918,58.0218384403272],[26.426310846301934,58.0218384403272]]]}},{"type":"Feature","properties":{"jobs":0,"pop":65,"pointCount":1,"homeWorkCommuteMedian":41494,"workHomeCommuteMedian":-1},"geometry":{"type":"Polygon","coordinates":[[[26.426310846301934,58.04881805123894],[26.426310846301934,58.057811254876185],[26.43530404993918,58.057811254876185],[26.43530404993918,58.04881805123894],[26.426310846301934,58.04881805123894]]]}},{"type":"Feature","properties":{"jobs":0,"pop":5,"pointCount":1,"homeWorkCommuteMedian":46996,"workHomeCommuteMedian":-1},"geometry":{"type":"Polygon","coordinates":[[[26.426310846301934,58.06680445851343],[26.426310846301934,58.07579766215068],[26.43530404993918,58.07579766215068],[26.43530404993918,58.06680445851343],[26.426310846301934,58.06680445851343]]]}},{"type":"Feature","properties":{"jobs":0,"pop":8,"pointCount":1,"homeWorkCommuteMedian":19985,"workHomeCommuteMedian":-1},"geometry":{"type":"Polygon","coordinates":[[[26.426310846301934,58.1387500876114],[26.426310846301934,58.147743291248645],[26.43530404993918,58.147743291248645],[26.43530404993918,58.1387500876114],[26.426310846301934,58.1387500876114]]]}},{"type":"Feature","properties":{"jobs":3,"pop":0,"pointCount":1,"homeWorkCommuteMedian":-1,"workHomeCommuteMedian":13479},"geometry":{"type":"Polygon","coordinates":[[[26.426310846301934,58.147743291248645],[26.426310846301934,58.15673649488589],[26.43530404993918,58.15673649488589],[26.43530404993918,58.147743291248645],[26.426310846301934,58.147743291248645]]]}},{"type":"Feature","properties":{"jobs":0,"pop":26,"pointCount":2,"homeWorkCommuteMedian":26265,"workHomeCommuteMedian":-1},"geometry":{"type":"Polygon","coordinates":[[[26.426310846301934,58.21069571670937],[26.426310846301934,58.21968892034661],[26.43530404993918,58.21968892034661],[26.43530404993918,58.21069571670937],[26.426310846301934,58.21069571670937]]]}},{"type":"Feature","properties":{"jobs":0,"pop":34,"pointCount":3,"homeWorkCommuteMedian":27954,"workHomeCommuteMedian":-1},"geometry":{"type":"Polygon","coordinates":[[[26.426310846301934,58.21968892034661],[26.426310846301934,58.22868212398386],[26.43530404993918,58.22868212398386],[26.43530404993918,58.21968892034661],[26.426310846301934,58.21968892034661]]]}},{"type":"Feature","properties":{"jobs":0,"pop":14,"pointCount":2,"homeWorkCommuteMedian":20964,"workHomeCommuteMedian":-1},"geometry":{"type":"Polygon","coordinates":[[[26.426310846301934,58.22868212398386],[26.426310846301934,58.237675327621105],[26.43530404993918,58.237675327621105],[26.43530404993918,58.22868212398386],[26.426310846301934,58.22868212398386]]]}},{"type":"Feature","properties":{"jobs":6,"pop":12,"pointCount":3,"homeWorkCommuteMedian":23946,"workHomeCommuteMedian":25010},"geometry":{"type":"Polygon","coordinates":[[[26.426310846301934,58.237675327621105],[26.426310846301934,58.24666853125835],[26.43530404993918,58.24666853125835],[26.43530404993918,58.237675327621105],[26.426310846301934,58.237675327621105]]]}},{"type":"Feature","properties":{"jobs":0,"pop":13,"pointCount":1,"homeWorkCommuteMedian":76944,"workHomeCommuteMedian":-1},"geometry":{"type":"Polygon","coordinates":[[[26.426310846301934,58.24666853125835],[26.426310846301934,58.2556617348956],[26.43530404993918,58.2556617348956],[26.43530404993918,58.24666853125835],[26.426310846301934,58.24666853125835]]]}},{"type":"Feature","properties":{"jobs":0,"pop":7,"pointCount":1,"homeWorkCommuteMedian":9174,"workHomeCommuteMedian":-1},"geometry":{"type":"Polygon","coordinates":[[[26.426310846301934,58.26465493853284],[26.426310846301934,58.27364814217009],[26.43530404993918,58.27364814217009],[26.43530404993918,58.26465493853284],[26.426310846301934,58.26465493853284]]]}},{"type":"Feature","properties":{"jobs":0,"pop":14,"pointCount":1,"homeWorkCommuteMedian":8254,"workHomeCommuteMedian":-1},"geometry":{"type":"Polygon","coordinates":[[[26.426310846301934,58.282641345807335],[26.426310846301934,58.29163454944458],[26.43530404993918,58.29163454944458],[26.43530404993918,58.282641345807335],[26.426310846301934,58.282641345807335]]]}},{"type":"Feature","properties":{"jobs":0,"pop":14,"pointCount":2,"homeWorkCommuteMedian":21171,"workHomeCommuteMedian":-1},"geometry":{"type":"Polygon","coordinates":[[[26.426310846301934,58.33660056763081],[26.426310846301934,58.34559377126806],[26.43530404993918,58.34559377126806],[26.43530404993918,58.33660056763081],[26.426310846301934,58.33660056763081]]]}},{"type":"Feature","properties":{"jobs":2,"pop":6,"pointCount":2,"homeWorkCommuteMedian":18586,"workHomeCommuteMedian":8449},"geometry":{"type":"Polygon","coordinates":[[[26.426310846301934,58.34559377126806],[26.426310846301934,58.3545869749053],[26.43530404993918,58.3545869749053],[26.43530404993918,58.34559377126806],[26.426310846301934,58.34559377126806]]]}},{"type":"Feature","properties":{"jobs":16,"pop":7,"pointCount":2,"homeWorkCommuteMedian":16506,"workHomeCommuteMedian":21382},"geometry":{"type":"Polygon","coordinates":[[[26.426310846301934,58.3545869749053],[26.426310846301934,58.36358017854255],[26.43530404993918,58.36358017854255],[26.43530404993918,58.3545869749053],[26.426310846301934,58.3545869749053]]]}},{"type":"Feature","properties":{"jobs":0,"pop":129,"pointCount":3,"homeWorkCommuteMedian":21242,"workHomeCommuteMedian":-1},"geometry":{"type":"Polygon","coordinates":[[[26.426310846301934,58.36358017854255],[26.426310846301934,58.372573382179795],[26.43530404993918,58.372573382179795],[26.43530404993918,58.36358017854255],[26.426310846301934,58.36358017854255]]]}},{"type":"Feature","properties":{"jobs":0,"pop":6,"pointCount":1,"homeWorkCommuteMedian":29463,"workHomeCommuteMedian":-1},"geometry":{"type":"Polygon","coordinates":[[[26.426310846301934,58.435525807640516],[26.426310846301934,58.44451901127776],[26.43530404993918,58.44451901127776],[26.43530404993918,58.435525807640516],[26.426310846301934,58.435525807640516]]]}},{"type":"Feature","properties":{"jobs":0,"pop":8,"pointCount":1,"homeWorkCommuteMedian":38897,"workHomeCommuteMedian":-1},"geometry":{"type":"Polygon","coordinates":[[[26.426310846301934,58.44451901127776],[26.426310846301934,58.45351221491501],[26.43530404993918,58.45351221491501],[26.43530404993918,58.44451901127776],[26.426310846301934,58.44451901127776]]]}},{"type":"Feature","properties":{"jobs":0,"pop":10,"pointCount":1,"homeWorkCommuteMedian":57935,"workHomeCommuteMedian":-1},"geometry":{"type":"Polygon","coordinates":[[[26.43530404993918,57.94089960759199],[26.43530404993918,57.94989281122923],[26.444297253576426,57.94989281122923],[26.444297253576426,57.94089960759199],[26.43530404993918,57.94089960759199]]]}},{"type":"Feature","properties":{"jobs":48,"pop":5,"pointCount":2,"homeWorkCommuteMedian":18143,"workHomeCommuteMedian":15751},"geometry":{"type":"Polygon","coordinates":[[[26.43530404993918,58.00385203305271],[26.43530404993918,58.012845236689955],[26.444297253576426,58.012845236689955],[26.444297253576426,58.00385203305271],[26.43530404993918,58.00385203305271]]]}},{"type":"Feature","properties":{"jobs":0,"pop":8,"pointCount":1,"homeWorkCommuteMedian":3182,"workHomeCommuteMedian":-1},"geometry":{"type":"Polygon","coordinates":[[[26.43530404993918,58.0218384403272],[26.43530404993918,58.03083164396445],[26.444297253576426,58.03083164396445],[26.444297253576426,58.0218384403272],[26.43530404993918,58.0218384403272]]]}},{"type":"Feature","properties":{"jobs":5,"pop":0,"pointCount":1,"homeWorkCommuteMedian":-1,"workHomeCommuteMedian":5225},"geometry":{"type":"Polygon","coordinates":[[[26.43530404993918,58.04881805123894],[26.43530404993918,58.057811254876185],[26.444297253576426,58.057811254876185],[26.444297253576426,58.04881805123894],[26.43530404993918,58.04881805123894]]]}},{"type":"Feature","properties":{"jobs":0,"pop":12,"pointCount":1,"homeWorkCommuteMedian":2613,"workHomeCommuteMedian":-1},"geometry":{"type":"Polygon","coordinates":[[[26.43530404993918,58.06680445851343],[26.43530404993918,58.07579766215068],[26.444297253576426,58.07579766215068],[26.444297253576426,58.06680445851343],[26.43530404993918,58.06680445851343]]]}},{"type":"Feature","properties":{"jobs":0,"pop":8,"pointCount":1,"homeWorkCommuteMedian":7720,"workHomeCommuteMedian":-1},"geometry":{"type":"Polygon","coordinates":[[[26.43530404993918,58.17472290216038],[26.43530404993918,58.18371610579763],[26.444297253576426,58.18371610579763],[26.444297253576426,58.17472290216038],[26.43530404993918,58.17472290216038]]]}},{"type":"Feature","properties":{"jobs":0,"pop":18,"pointCount":2,"homeWorkCommuteMedian":26668,"workHomeCommuteMedian":-1},"geometry":{"type":"Polygon","coordinates":[[[26.43530404993918,58.192709309434875],[26.43530404993918,58.20170251307212],[26.444297253576426,58.20170251307212],[26.444297253576426,58.192709309434875],[26.43530404993918,58.192709309434875]]]}},{"type":"Feature","properties":{"jobs":6,"pop":10,"pointCount":2,"homeWorkCommuteMedian":12298,"workHomeCommuteMedian":3502},"geometry":{"type":"Polygon","coordinates":[[[26.43530404993918,58.20170251307212],[26.43530404993918,58.21069571670937],[26.444297253576426,58.21069571670937],[26.444297253576426,58.20170251307212],[26.43530404993918,58.20170251307212]]]}},{"type":"Feature","properties":{"jobs":0,"pop":18,"pointCount":2,"homeWorkCommuteMedian":42016,"workHomeCommuteMedian":-1},"geometry":{"type":"Polygon","coordinates":[[[26.43530404993918,58.21069571670937],[26.43530404993918,58.21968892034661],[26.444297253576426,58.21968892034661],[26.444297253576426,58.21069571670937],[26.43530404993918,58.21069571670937]]]}},{"type":"Feature","properties":{"jobs":0,"pop":47,"pointCount":4,"homeWorkCommuteMedian":25995,"workHomeCommuteMedian":-1},"geometry":{"type":"Polygon","coordinates":[[[26.43530404993918,58.21968892034661],[26.43530404993918,58.22868212398386],[26.444297253576426,58.22868212398386],[26.444297253576426,58.21968892034661],[26.43530404993918,58.21968892034661]]]}},{"type":"Feature","properties":{"jobs":0,"pop":24,"pointCount":3,"homeWorkCommuteMedian":6306,"workHomeCommuteMedian":-1},"geometry":{"type":"Polygon","coordinates":[[[26.43530404993918,58.22868212398386],[26.43530404993918,58.237675327621105],[26.444297253576426,58.237675327621105],[26.444297253576426,58.22868212398386],[26.43530404993918,58.22868212398386]]]}},{"type":"Feature","properties":{"jobs":10,"pop":59,"pointCount":6,"homeWorkCommuteMedian":10991,"workHomeCommuteMedian":12144},"geometry":{"type":"Polygon","coordinates":[[[26.43530404993918,58.237675327621105],[26.43530404993918,58.24666853125835],[26.444297253576426,58.24666853125835],[26.444297253576426,58.237675327621105],[26.43530404993918,58.237675327621105]]]}},{"type":"Feature","properties":{"jobs":0,"pop":79,"pointCount":6,"homeWorkCommuteMedian":24322,"workHomeCommuteMedian":-1},"geometry":{"type":"Polygon","coordinates":[[[26.43530404993918,58.24666853125835],[26.43530404993918,58.2556617348956],[26.444297253576426,58.2556617348956],[26.444297253576426,58.24666853125835],[26.43530404993918,58.24666853125835]]]}},{"type":"Feature","properties":{"jobs":0,"pop":9,"pointCount":1,"homeWorkCommuteMedian":51830,"workHomeCommuteMedian":-1},"geometry":{"type":"Polygon","coordinates":[[[26.43530404993918,58.26465493853284],[26.43530404993918,58.27364814217009],[26.444297253576426,58.27364814217009],[26.444297253576426,58.26465493853284],[26.43530404993918,58.26465493853284]]]}},{"type":"Feature","properties":{"jobs":0,"pop":24,"pointCount":2,"homeWorkCommuteMedian":21106,"workHomeCommuteMedian":-1},"geometry":{"type":"Polygon","coordinates":[[[26.43530404993918,58.29163454944458],[26.43530404993918,58.30062775308183],[26.444297253576426,58.30062775308183],[26.444297253576426,58.29163454944458],[26.43530404993918,58.29163454944458]]]}},{"type":"Feature","properties":{"jobs":0,"pop":16,"pointCount":2,"homeWorkCommuteMedian":23535,"workHomeCommuteMedian":-1},"geometry":{"type":"Polygon","coordinates":[[[26.43530404993918,58.34559377126806],[26.43530404993918,58.3545869749053],[26.444297253576426,58.3545869749053],[26.444297253576426,58.34559377126806],[26.43530404993918,58.34559377126806]]]}},{"type":"Feature","properties":{"jobs":5,"pop":10,"pointCount":2,"homeWorkCommuteMedian":21100,"workHomeCommuteMedian":49228},"geometry":{"type":"Polygon","coordinates":[[[26.43530404993918,58.3545869749053],[26.43530404993918,58.36358017854255],[26.444297253576426,58.36358017854255],[26.444297253576426,58.3545869749053],[26.43530404993918,58.3545869749053]]]}},{"type":"Feature","properties":{"jobs":0,"pop":6,"pointCount":1,"homeWorkCommuteMedian":8045,"workHomeCommuteMedian":-1},"geometry":{"type":"Polygon","coordinates":[[[26.43530404993918,58.42653260400327],[26.43530404993918,58.435525807640516],[26.444297253576426,58.435525807640516],[26.444297253576426,58.42653260400327],[26.43530404993918,58.42653260400327]]]}},{"type":"Feature","properties":{"jobs":3,"pop":7,"pointCount":2,"homeWorkCommuteMedian":11179,"workHomeCommuteMedian":9143},"geometry":{"type":"Polygon","coordinates":[[[26.444297253576426,57.94989281122923],[26.444297253576426,57.95888601486648],[26.453290457213672,57.95888601486648],[26.453290457213672,57.94989281122923],[26.444297253576426,57.94989281122923]]]}},{"type":"Feature","properties":{"jobs":0,"pop":4,"pointCount":1,"homeWorkCommuteMedian":55193,"workHomeCommuteMedian":-1},"geometry":{"type":"Polygon","coordinates":[[[26.444297253576426,57.967879218503725],[26.444297253576426,57.97687242214097],[26.453290457213672,57.97687242214097],[26.453290457213672,57.967879218503725],[26.444297253576426,57.967879218503725]]]}},{"type":"Feature","properties":{"jobs":4,"pop":0,"pointCount":1,"homeWorkCommuteMedian":-1,"workHomeCommuteMedian":12466},"geometry":{"type":"Polygon","coordinates":[[[26.444297253576426,57.98586562577822],[26.444297253576426,57.99485882941546],[26.453290457213672,57.99485882941546],[26.453290457213672,57.98586562577822],[26.444297253576426,57.98586562577822]]]}},{"type":"Feature","properties":{"jobs":6,"pop":17,"pointCount":3,"homeWorkCommuteMedian":13479,"workHomeCommuteMedian":10993},"geometry":{"type":"Polygon","coordinates":[[[26.444297253576426,58.06680445851343],[26.444297253576426,58.07579766215068],[26.453290457213672,58.07579766215068],[26.453290457213672,58.06680445851343],[26.444297253576426,58.06680445851343]]]}},{"type":"Feature","properties":{"jobs":9,"pop":7,"pointCount":1,"homeWorkCommuteMedian":35856,"workHomeCommuteMedian":45005},"geometry":{"type":"Polygon","coordinates":[[[26.444297253576426,58.12076368033691],[26.444297253576426,58.12975688397415],[26.453290457213672,58.12975688397415],[26.453290457213672,58.12076368033691],[26.444297253576426,58.12076368033691]]]}},{"type":"Feature","properties":{"jobs":0,"pop":10,"pointCount":1,"homeWorkCommuteMedian":8881,"workHomeCommuteMedian":-1},"geometry":{"type":"Polygon","coordinates":[[[26.444297253576426,58.17472290216038],[26.444297253576426,58.18371610579763],[26.453290457213672,58.18371610579763],[26.453290457213672,58.17472290216038],[26.444297253576426,58.17472290216038]]]}},{"type":"Feature","properties":{"jobs":0,"pop":6,"pointCount":1,"homeWorkCommuteMedian":30770,"workHomeCommuteMedian":-1},"geometry":{"type":"Polygon","coordinates":[[[26.444297253576426,58.18371610579763],[26.444297253576426,58.192709309434875],[26.453290457213672,58.192709309434875],[26.453290457213672,58.18371610579763],[26.444297253576426,58.18371610579763]]]}},{"type":"Feature","properties":{"jobs":0,"pop":20,"pointCount":3,"homeWorkCommuteMedian":27092,"workHomeCommuteMedian":-1},"geometry":{"type":"Polygon","coordinates":[[[26.444297253576426,58.20170251307212],[26.444297253576426,58.21069571670937],[26.453290457213672,58.21069571670937],[26.453290457213672,58.20170251307212],[26.444297253576426,58.20170251307212]]]}},{"type":"Feature","properties":{"jobs":0,"pop":12,"pointCount":1,"homeWorkCommuteMedian":21176,"workHomeCommuteMedian":-1},"geometry":{"type":"Polygon","coordinates":[[[26.444297253576426,58.21069571670937],[26.444297253576426,58.21968892034661],[26.453290457213672,58.21968892034661],[26.453290457213672,58.21069571670937],[26.444297253576426,58.21069571670937]]]}},{"type":"Feature","properties":{"jobs":3,"pop":5,"pointCount":2,"homeWorkCommuteMedian":37404,"workHomeCommuteMedian":11382},"geometry":{"type":"Polygon","coordinates":[[[26.444297253576426,58.21968892034661],[26.444297253576426,58.22868212398386],[26.453290457213672,58.22868212398386],[26.453290457213672,58.21968892034661],[26.444297253576426,58.21968892034661]]]}},{"type":"Feature","properties":{"jobs":16,"pop":86,"pointCount":7,"homeWorkCommuteMedian":11358,"workHomeCommuteMedian":10594},"geometry":{"type":"Polygon","coordinates":[[[26.444297253576426,58.22868212398386],[26.444297253576426,58.237675327621105],[26.453290457213672,58.237675327621105],[26.453290457213672,58.22868212398386],[26.444297253576426,58.22868212398386]]]}},{"type":"Feature","properties":{"jobs":0,"pop":63,"pointCount":7,"homeWorkCommuteMedian":23737,"workHomeCommuteMedian":-1},"geometry":{"type":"Polygon","coordinates":[[[26.444297253576426,58.237675327621105],[26.444297253576426,58.24666853125835],[26.453290457213672,58.24666853125835],[26.453290457213672,58.237675327621105],[26.444297253576426,58.237675327621105]]]}},{"type":"Feature","properties":{"jobs":0,"pop":13,"pointCount":2,"homeWorkCommuteMedian":19641,"workHomeCommuteMedian":-1},"geometry":{"type":"Polygon","coordinates":[[[26.444297253576426,58.24666853125835],[26.444297253576426,58.2556617348956],[26.453290457213672,58.2556617348956],[26.453290457213672,58.24666853125835],[26.444297253576426,58.24666853125835]]]}},{"type":"Feature","properties":{"jobs":0,"pop":10,"pointCount":1,"homeWorkCommuteMedian":17355,"workHomeCommuteMedian":-1},"geometry":{"type":"Polygon","coordinates":[[[26.444297253576426,58.34559377126806],[26.444297253576426,58.3545869749053],[26.453290457213672,58.3545869749053],[26.453290457213672,58.34559377126806],[26.444297253576426,58.34559377126806]]]}},{"type":"Feature","properties":{"jobs":1,"pop":0,"pointCount":1,"homeWorkCommuteMedian":-1,"workHomeCommuteMedian":27631},"geometry":{"type":"Polygon","coordinates":[[[26.444297253576426,58.5884102694737],[26.444297253576426,58.597403473110944],[26.453290457213672,58.597403473110944],[26.453290457213672,58.5884102694737],[26.444297253576426,58.5884102694737]]]}},{"type":"Feature","properties":{"jobs":0,"pop":12,"pointCount":1,"homeWorkCommuteMedian":24061,"workHomeCommuteMedian":-1},"geometry":{"type":"Polygon","coordinates":[[[26.453290457213672,57.98586562577822],[26.453290457213672,57.99485882941546],[26.462283660850918,57.99485882941546],[26.462283660850918,57.98586562577822],[26.453290457213672,57.98586562577822]]]}},{"type":"Feature","properties":{"jobs":16,"pop":18,"pointCount":4,"homeWorkCommuteMedian":24149,"workHomeCommuteMedian":59433},"geometry":{"type":"Polygon","coordinates":[[[26.453290457213672,58.03982484760169],[26.453290457213672,58.04881805123894],[26.462283660850918,58.04881805123894],[26.462283660850918,58.03982484760169],[26.453290457213672,58.03982484760169]]]}},{"type":"Feature","properties":{"jobs":0,"pop":10,"pointCount":1,"homeWorkCommuteMedian":42747,"workHomeCommuteMedian":-1},"geometry":{"type":"Polygon","coordinates":[[[26.453290457213672,58.04881805123894],[26.453290457213672,58.057811254876185],[26.462283660850918,58.057811254876185],[26.462283660850918,58.04881805123894],[26.453290457213672,58.04881805123894]]]}},{"type":"Feature","properties":{"jobs":8,"pop":0,"pointCount":1,"homeWorkCommuteMedian":-1,"workHomeCommuteMedian":47493},"geometry":{"type":"Polygon","coordinates":[[[26.453290457213672,58.057811254876185],[26.453290457213672,58.06680445851343],[26.462283660850918,58.06680445851343],[26.462283660850918,58.057811254876185],[26.453290457213672,58.057811254876185]]]}},{"type":"Feature","properties":{"jobs":0,"pop":7,"pointCount":1,"homeWorkCommuteMedian":20689,"workHomeCommuteMedian":-1},"geometry":{"type":"Polygon","coordinates":[[[26.453290457213672,58.07579766215068],[26.453290457213672,58.08479086578792],[26.462283660850918,58.08479086578792],[26.462283660850918,58.07579766215068],[26.453290457213672,58.07579766215068]]]}},{"type":"Feature","properties":{"jobs":0,"pop":10,"pointCount":1,"homeWorkCommuteMedian":9909,"workHomeCommuteMedian":-1},"geometry":{"type":"Polygon","coordinates":[[[26.453290457213672,58.11177047669966],[26.453290457213672,58.12076368033691],[26.462283660850918,58.12076368033691],[26.462283660850918,58.11177047669966],[26.453290457213672,58.11177047669966]]]}},{"type":"Feature","properties":{"jobs":10,"pop":0,"pointCount":1,"homeWorkCommuteMedian":-1,"workHomeCommuteMedian":640},"geometry":{"type":"Polygon","coordinates":[[[26.453290457213672,58.15673649488589],[26.453290457213672,58.16572969852314],[26.462283660850918,58.16572969852314],[26.462283660850918,58.15673649488589],[26.453290457213672,58.15673649488589]]]}},{"type":"Feature","properties":{"jobs":0,"pop":6,"pointCount":1,"homeWorkCommuteMedian":8960,"workHomeCommuteMedian":-1},"geometry":{"type":"Polygon","coordinates":[[[26.453290457213672,58.17472290216038],[26.453290457213672,58.18371610579763],[26.462283660850918,58.18371610579763],[26.462283660850918,58.17472290216038],[26.453290457213672,58.17472290216038]]]}},{"type":"Feature","properties":{"jobs":0,"pop":21,"pointCount":2,"homeWorkCommuteMedian":28978,"workHomeCommuteMedian":-1},"geometry":{"type":"Polygon","coordinates":[[[26.453290457213672,58.18371610579763],[26.453290457213672,58.192709309434875],[26.462283660850918,58.192709309434875],[26.462283660850918,58.18371610579763],[26.453290457213672,58.18371610579763]]]}},{"type":"Feature","properties":{"jobs":7,"pop":21,"pointCount":3,"homeWorkCommuteMedian":20395,"workHomeCommuteMedian":67788},"geometry":{"type":"Polygon","coordinates":[[[26.453290457213672,58.24666853125835],[26.453290457213672,58.2556617348956],[26.462283660850918,58.2556617348956],[26.462283660850918,58.24666853125835],[26.453290457213672,58.24666853125835]]]}},{"type":"Feature","properties":{"jobs":0,"pop":16,"pointCount":2,"homeWorkCommuteMedian":21926,"workHomeCommuteMedian":-1},"geometry":{"type":"Polygon","coordinates":[[[26.453290457213672,58.2556617348956],[26.453290457213672,58.26465493853284],[26.462283660850918,58.26465493853284],[26.462283660850918,58.2556617348956],[26.453290457213672,58.2556617348956]]]}},{"type":"Feature","properties":{"jobs":0,"pop":7,"pointCount":1,"homeWorkCommuteMedian":15972,"workHomeCommuteMedian":-1},"geometry":{"type":"Polygon","coordinates":[[[26.453290457213672,58.282641345807335],[26.453290457213672,58.29163454944458],[26.462283660850918,58.29163454944458],[26.462283660850918,58.282641345807335],[26.453290457213672,58.282641345807335]]]}},{"type":"Feature","properties":{"jobs":0,"pop":6,"pointCount":1,"homeWorkCommuteMedian":35638,"workHomeCommuteMedian":-1},"geometry":{"type":"Polygon","coordinates":[[[26.453290457213672,58.53445104765022],[26.453290457213672,58.54344425128747],[26.462283660850918,58.54344425128747],[26.462283660850918,58.53445104765022],[26.453290457213672,58.53445104765022]]]}},{"type":"Feature","properties":{"jobs":0,"pop":6,"pointCount":1,"homeWorkCommuteMedian":15830,"workHomeCommuteMedian":-1},"geometry":{"type":"Polygon","coordinates":[[[26.453290457213672,58.552437454924714],[26.453290457213672,58.56143065856196],[26.462283660850918,58.56143065856196],[26.462283660850918,58.552437454924714],[26.453290457213672,58.552437454924714]]]}},{"type":"Feature","properties":{"jobs":0,"pop":8,"pointCount":1,"homeWorkCommuteMedian":5823,"workHomeCommuteMedian":-1},"geometry":{"type":"Polygon","coordinates":[[[26.453290457213672,58.57941706583645],[26.453290457213672,58.5884102694737],[26.462283660850918,58.5884102694737],[26.462283660850918,58.57941706583645],[26.453290457213672,58.57941706583645]]]}},{"type":"Feature","properties":{"jobs":5,"pop":0,"pointCount":1,"homeWorkCommuteMedian":-1,"workHomeCommuteMedian":53234},"geometry":{"type":"Polygon","coordinates":[[[26.462283660850918,57.97687242214097],[26.462283660850918,57.98586562577822],[26.471276864488164,57.98586562577822],[26.471276864488164,57.97687242214097],[26.462283660850918,57.97687242214097]]]}},{"type":"Feature","properties":{"jobs":9,"pop":8,"pointCount":1,"homeWorkCommuteMedian":3317,"workHomeCommuteMedian":47058},"geometry":{"type":"Polygon","coordinates":[[[26.462283660850918,58.03083164396445],[26.462283660850918,58.03982484760169],[26.471276864488164,58.03982484760169],[26.471276864488164,58.03083164396445],[26.462283660850918,58.03083164396445]]]}},{"type":"Feature","properties":{"jobs":123,"pop":8,"pointCount":4,"homeWorkCommuteMedian":8639,"workHomeCommuteMedian":6772},"geometry":{"type":"Polygon","coordinates":[[[26.462283660850918,58.03982484760169],[26.462283660850918,58.04881805123894],[26.471276864488164,58.04881805123894],[26.471276864488164,58.03982484760169],[26.462283660850918,58.03982484760169]]]}},{"type":"Feature","properties":{"jobs":0,"pop":11,"pointCount":1,"homeWorkCommuteMedian":2257,"workHomeCommuteMedian":-1},"geometry":{"type":"Polygon","coordinates":[[[26.462283660850918,58.057811254876185],[26.462283660850918,58.06680445851343],[26.471276864488164,58.06680445851343],[26.471276864488164,58.057811254876185],[26.462283660850918,58.057811254876185]]]}},{"type":"Feature","properties":{"jobs":0,"pop":16,"pointCount":1,"homeWorkCommuteMedian":37274,"workHomeCommuteMedian":-1},"geometry":{"type":"Polygon","coordinates":[[[26.462283660850918,58.11177047669966],[26.462283660850918,58.12076368033691],[26.471276864488164,58.12076368033691],[26.471276864488164,58.11177047669966],[26.462283660850918,58.11177047669966]]]}},{"type":"Feature","properties":{"jobs":0,"pop":13,"pointCount":1,"homeWorkCommuteMedian":39714,"workHomeCommuteMedian":-1},"geometry":{"type":"Polygon","coordinates":[[[26.462283660850918,58.15673649488589],[26.462283660850918,58.16572969852314],[26.471276864488164,58.16572969852314],[26.471276864488164,58.15673649488589],[26.462283660850918,58.15673649488589]]]}},{"type":"Feature","properties":{"jobs":7,"pop":8,"pointCount":1,"homeWorkCommuteMedian":14062,"workHomeCommuteMedian":9353},"geometry":{"type":"Polygon","coordinates":[[[26.462283660850918,58.16572969852314],[26.462283660850918,58.17472290216038],[26.471276864488164,58.17472290216038],[26.471276864488164,58.16572969852314],[26.462283660850918,58.16572969852314]]]}},{"type":"Feature","properties":{"jobs":0,"pop":5,"pointCount":1,"homeWorkCommuteMedian":48952,"workHomeCommuteMedian":-1},"geometry":{"type":"Polygon","coordinates":[[[26.462283660850918,58.17472290216038],[26.462283660850918,58.18371610579763],[26.471276864488164,58.18371610579763],[26.471276864488164,58.17472290216038],[26.462283660850918,58.17472290216038]]]}},{"type":"Feature","properties":{"jobs":2,"pop":5,"pointCount":2,"homeWorkCommuteMedian":28355,"workHomeCommuteMedian":11255},"geometry":{"type":"Polygon","coordinates":[[[26.462283660850918,58.21069571670937],[26.462283660850918,58.21968892034661],[26.471276864488164,58.21968892034661],[26.471276864488164,58.21069571670937],[26.462283660850918,58.21069571670937]]]}},{"type":"Feature","properties":{"jobs":13,"pop":20,"pointCount":3,"homeWorkCommuteMedian":22214,"workHomeCommuteMedian":2684},"geometry":{"type":"Polygon","coordinates":[[[26.462283660850918,58.24666853125835],[26.462283660850918,58.2556617348956],[26.471276864488164,58.2556617348956],[26.471276864488164,58.24666853125835],[26.462283660850918,58.24666853125835]]]}},{"type":"Feature","properties":{"jobs":111,"pop":121,"pointCount":6,"homeWorkCommuteMedian":20777,"workHomeCommuteMedian":7379},"geometry":{"type":"Polygon","coordinates":[[[26.462283660850918,58.26465493853284],[26.462283660850918,58.27364814217009],[26.471276864488164,58.27364814217009],[26.471276864488164,58.26465493853284],[26.462283660850918,58.26465493853284]]]}},{"type":"Feature","properties":{"jobs":0,"pop":6,"pointCount":1,"homeWorkCommuteMedian":9906,"workHomeCommuteMedian":-1},"geometry":{"type":"Polygon","coordinates":[[[26.462283660850918,58.27364814217009],[26.462283660850918,58.282641345807335],[26.471276864488164,58.282641345807335],[26.471276864488164,58.27364814217009],[26.462283660850918,58.27364814217009]]]}},{"type":"Feature","properties":{"jobs":0,"pop":5,"pointCount":1,"homeWorkCommuteMedian":20553,"workHomeCommuteMedian":-1},"geometry":{"type":"Polygon","coordinates":[[[26.462283660850918,58.282641345807335],[26.462283660850918,58.29163454944458],[26.471276864488164,58.29163454944458],[26.471276864488164,58.282641345807335],[26.462283660850918,58.282641345807335]]]}},{"type":"Feature","properties":{"jobs":6,"pop":18,"pointCount":1,"homeWorkCommuteMedian":11800,"workHomeCommuteMedian":31856},"geometry":{"type":"Polygon","coordinates":[[[26.462283660850918,58.29163454944458],[26.462283660850918,58.30062775308183],[26.471276864488164,58.30062775308183],[26.471276864488164,58.29163454944458],[26.462283660850918,58.29163454944458]]]}},{"type":"Feature","properties":{"jobs":7,"pop":0,"pointCount":1,"homeWorkCommuteMedian":-1,"workHomeCommuteMedian":21841},"geometry":{"type":"Polygon","coordinates":[[[26.462283660850918,58.44451901127776],[26.462283660850918,58.45351221491501],[26.471276864488164,58.45351221491501],[26.471276864488164,58.44451901127776],[26.462283660850918,58.44451901127776]]]}},{"type":"Feature","properties":{"jobs":6,"pop":0,"pointCount":1,"homeWorkCommuteMedian":-1,"workHomeCommuteMedian":20376},"geometry":{"type":"Polygon","coordinates":[[[26.462283660850918,58.45351221491501],[26.462283660850918,58.462505418552254],[26.471276864488164,58.462505418552254],[26.471276864488164,58.45351221491501],[26.462283660850918,58.45351221491501]]]}},{"type":"Feature","properties":{"jobs":0,"pop":8,"pointCount":1,"homeWorkCommuteMedian":35523,"workHomeCommuteMedian":-1},"geometry":{"type":"Polygon","coordinates":[[[26.462283660850918,58.525457844012976],[26.462283660850918,58.53445104765022],[26.471276864488164,58.53445104765022],[26.471276864488164,58.525457844012976],[26.462283660850918,58.525457844012976]]]}},{"type":"Feature","properties":{"jobs":0,"pop":8,"pointCount":1,"homeWorkCommuteMedian":26262,"workHomeCommuteMedian":-1},"geometry":{"type":"Polygon","coordinates":[[[26.471276864488164,57.94089960759199],[26.471276864488164,57.94989281122923],[26.48027006812541,57.94989281122923],[26.48027006812541,57.94089960759199],[26.471276864488164,57.94089960759199]]]}},{"type":"Feature","properties":{"jobs":0,"pop":13,"pointCount":1,"homeWorkCommuteMedian":22859,"workHomeCommuteMedian":-1},"geometry":{"type":"Polygon","coordinates":[[[26.471276864488164,57.94989281122923],[26.471276864488164,57.95888601486648],[26.48027006812541,57.95888601486648],[26.48027006812541,57.94989281122923],[26.471276864488164,57.94989281122923]]]}},{"type":"Feature","properties":{"jobs":5,"pop":0,"pointCount":1,"homeWorkCommuteMedian":-1,"workHomeCommuteMedian":14352},"geometry":{"type":"Polygon","coordinates":[[[26.471276864488164,57.95888601486648],[26.471276864488164,57.967879218503725],[26.48027006812541,57.967879218503725],[26.48027006812541,57.95888601486648],[26.471276864488164,57.95888601486648]]]}},{"type":"Feature","properties":{"jobs":0,"pop":7,"pointCount":1,"homeWorkCommuteMedian":56400,"workHomeCommuteMedian":-1},"geometry":{"type":"Polygon","coordinates":[[[26.471276864488164,57.98586562577822],[26.471276864488164,57.99485882941546],[26.48027006812541,57.99485882941546],[26.48027006812541,57.98586562577822],[26.471276864488164,57.98586562577822]]]}},{"type":"Feature","properties":{"jobs":56,"pop":111,"pointCount":11,"homeWorkCommuteMedian":28014,"workHomeCommuteMedian":26215},"geometry":{"type":"Polygon","coordinates":[[[26.471276864488164,58.03982484760169],[26.471276864488164,58.04881805123894],[26.48027006812541,58.04881805123894],[26.48027006812541,58.03982484760169],[26.471276864488164,58.03982484760169]]]}},{"type":"Feature","properties":{"jobs":139,"pop":45,"pointCount":8,"homeWorkCommuteMedian":44743,"workHomeCommuteMedian":23285},"geometry":{"type":"Polygon","coordinates":[[[26.471276864488164,58.057811254876185],[26.471276864488164,58.06680445851343],[26.48027006812541,58.06680445851343],[26.48027006812541,58.057811254876185],[26.471276864488164,58.057811254876185]]]}},{"type":"Feature","properties":{"jobs":0,"pop":6,"pointCount":1,"homeWorkCommuteMedian":9699,"workHomeCommuteMedian":-1},"geometry":{"type":"Polygon","coordinates":[[[26.471276864488164,58.06680445851343],[26.471276864488164,58.07579766215068],[26.48027006812541,58.07579766215068],[26.48027006812541,58.06680445851343],[26.471276864488164,58.06680445851343]]]}},{"type":"Feature","properties":{"jobs":0,"pop":5,"pointCount":1,"homeWorkCommuteMedian":6793,"workHomeCommuteMedian":-1},"geometry":{"type":"Polygon","coordinates":[[[26.471276864488164,58.08479086578792],[26.471276864488164,58.09378406942517],[26.48027006812541,58.09378406942517],[26.48027006812541,58.08479086578792],[26.471276864488164,58.08479086578792]]]}},{"type":"Feature","properties":{"jobs":0,"pop":12,"pointCount":1,"homeWorkCommuteMedian":39087,"workHomeCommuteMedian":-1},"geometry":{"type":"Polygon","coordinates":[[[26.471276864488164,58.102777273062415],[26.471276864488164,58.11177047669966],[26.48027006812541,58.11177047669966],[26.48027006812541,58.102777273062415],[26.471276864488164,58.102777273062415]]]}},{"type":"Feature","properties":{"jobs":36,"pop":11,"pointCount":2,"homeWorkCommuteMedian":37914,"workHomeCommuteMedian":22859},"geometry":{"type":"Polygon","coordinates":[[[26.471276864488164,58.11177047669966],[26.471276864488164,58.12076368033691],[26.48027006812541,58.12076368033691],[26.48027006812541,58.11177047669966],[26.471276864488164,58.11177047669966]]]}},{"type":"Feature","properties":{"jobs":0,"pop":6,"pointCount":1,"homeWorkCommuteMedian":30261,"workHomeCommuteMedian":-1},"geometry":{"type":"Polygon","coordinates":[[[26.471276864488164,58.1387500876114],[26.471276864488164,58.147743291248645],[26.48027006812541,58.147743291248645],[26.48027006812541,58.1387500876114],[26.471276864488164,58.1387500876114]]]}},{"type":"Feature","properties":{"jobs":0,"pop":9,"pointCount":1,"homeWorkCommuteMedian":10654,"workHomeCommuteMedian":-1},"geometry":{"type":"Polygon","coordinates":[[[26.471276864488164,58.15673649488589],[26.471276864488164,58.16572969852314],[26.48027006812541,58.16572969852314],[26.48027006812541,58.15673649488589],[26.471276864488164,58.15673649488589]]]}},{"type":"Feature","properties":{"jobs":0,"pop":9,"pointCount":1,"homeWorkCommuteMedian":18149,"workHomeCommuteMedian":-1},"geometry":{"type":"Polygon","coordinates":[[[26.471276864488164,58.16572969852314],[26.471276864488164,58.17472290216038],[26.48027006812541,58.17472290216038],[26.48027006812541,58.16572969852314],[26.471276864488164,58.16572969852314]]]}},{"type":"Feature","properties":{"jobs":0,"pop":8,"pointCount":1,"homeWorkCommuteMedian":20343,"workHomeCommuteMedian":-1},"geometry":{"type":"Polygon","coordinates":[[[26.471276864488164,58.17472290216038],[26.471276864488164,58.18371610579763],[26.48027006812541,58.18371610579763],[26.48027006812541,58.17472290216038],[26.471276864488164,58.17472290216038]]]}},{"type":"Feature","properties":{"jobs":14,"pop":5,"pointCount":3,"homeWorkCommuteMedian":9905,"workHomeCommuteMedian":12748},"geometry":{"type":"Polygon","coordinates":[[[26.471276864488164,58.21069571670937],[26.471276864488164,58.21968892034661],[26.48027006812541,58.21968892034661],[26.48027006812541,58.21069571670937],[26.471276864488164,58.21069571670937]]]}},{"type":"Feature","properties":{"jobs":0,"pop":8,"pointCount":1,"homeWorkCommuteMedian":49967,"workHomeCommuteMedian":-1},"geometry":{"type":"Polygon","coordinates":[[[26.471276864488164,58.21968892034661],[26.471276864488164,58.22868212398386],[26.48027006812541,58.22868212398386],[26.48027006812541,58.21968892034661],[26.471276864488164,58.21968892034661]]]}},{"type":"Feature","properties":{"jobs":0,"pop":12,"pointCount":2,"homeWorkCommuteMedian":23228,"workHomeCommuteMedian":-1},"geometry":{"type":"Polygon","coordinates":[[[26.471276864488164,58.237675327621105],[26.471276864488164,58.24666853125835],[26.48027006812541,58.24666853125835],[26.48027006812541,58.237675327621105],[26.471276864488164,58.237675327621105]]]}},{"type":"Feature","properties":{"jobs":0,"pop":20,"pointCount":2,"homeWorkCommuteMedian":5245,"workHomeCommuteMedian":-1},"geometry":{"type":"Polygon","coordinates":[[[26.471276864488164,58.24666853125835],[26.471276864488164,58.2556617348956],[26.48027006812541,58.2556617348956],[26.48027006812541,58.24666853125835],[26.471276864488164,58.24666853125835]]]}},{"type":"Feature","properties":{"jobs":0,"pop":9,"pointCount":1,"homeWorkCommuteMedian":18364,"workHomeCommuteMedian":-1},"geometry":{"type":"Polygon","coordinates":[[[26.471276864488164,58.2556617348956],[26.471276864488164,58.26465493853284],[26.48027006812541,58.26465493853284],[26.48027006812541,58.2556617348956],[26.471276864488164,58.2556617348956]]]}},{"type":"Feature","properties":{"jobs":11,"pop":11,"pointCount":2,"homeWorkCommuteMedian":5971,"workHomeCommuteMedian":22898},"geometry":{"type":"Polygon","coordinates":[[[26.471276864488164,58.282641345807335],[26.471276864488164,58.29163454944458],[26.48027006812541,58.29163454944458],[26.48027006812541,58.282641345807335],[26.471276864488164,58.282641345807335]]]}},{"type":"Feature","properties":{"jobs":0,"pop":5,"pointCount":1,"homeWorkCommuteMedian":20036,"workHomeCommuteMedian":-1},"geometry":{"type":"Polygon","coordinates":[[[26.471276864488164,58.29163454944458],[26.471276864488164,58.30062775308183],[26.48027006812541,58.30062775308183],[26.48027006812541,58.29163454944458],[26.471276864488164,58.29163454944458]]]}},{"type":"Feature","properties":{"jobs":0,"pop":5,"pointCount":1,"homeWorkCommuteMedian":17866,"workHomeCommuteMedian":-1},"geometry":{"type":"Polygon","coordinates":[[[26.471276864488164,58.30062775308183],[26.471276864488164,58.30962095671907],[26.48027006812541,58.30962095671907],[26.48027006812541,58.30062775308183],[26.471276864488164,58.30062775308183]]]}},{"type":"Feature","properties":{"jobs":12,"pop":8,"pointCount":2,"homeWorkCommuteMedian":29972,"workHomeCommuteMedian":35919},"geometry":{"type":"Polygon","coordinates":[[[26.471276864488164,58.435525807640516],[26.471276864488164,58.44451901127776],[26.48027006812541,58.44451901127776],[26.48027006812541,58.435525807640516],[26.471276864488164,58.435525807640516]]]}},{"type":"Feature","properties":{"jobs":0,"pop":9,"pointCount":1,"homeWorkCommuteMedian":10777,"workHomeCommuteMedian":-1},"geometry":{"type":"Polygon","coordinates":[[[26.471276864488164,58.45351221491501],[26.471276864488164,58.462505418552254],[26.48027006812541,58.462505418552254],[26.48027006812541,58.45351221491501],[26.471276864488164,58.45351221491501]]]}},{"type":"Feature","properties":{"jobs":1,"pop":0,"pointCount":1,"homeWorkCommuteMedian":-1,"workHomeCommuteMedian":10459},"geometry":{"type":"Polygon","coordinates":[[[26.471276864488164,58.53445104765022],[26.471276864488164,58.54344425128747],[26.48027006812541,58.54344425128747],[26.48027006812541,58.53445104765022],[26.471276864488164,58.53445104765022]]]}},{"type":"Feature","properties":{"jobs":0,"pop":5,"pointCount":1,"homeWorkCommuteMedian":34769,"workHomeCommuteMedian":-1},"geometry":{"type":"Polygon","coordinates":[[[26.471276864488164,58.57941706583645],[26.471276864488164,58.5884102694737],[26.48027006812541,58.5884102694737],[26.48027006812541,58.57941706583645],[26.471276864488164,58.57941706583645]]]}},{"type":"Feature","properties":{"jobs":0,"pop":5,"pointCount":1,"homeWorkCommuteMedian":46894,"workHomeCommuteMedian":-1},"geometry":{"type":"Polygon","coordinates":[[[26.48027006812541,57.94989281122923],[26.48027006812541,57.95888601486648],[26.489263271762656,57.95888601486648],[26.489263271762656,57.94989281122923],[26.48027006812541,57.94989281122923]]]}},{"type":"Feature","properties":{"jobs":35,"pop":0,"pointCount":1,"homeWorkCommuteMedian":-1,"workHomeCommuteMedian":54382},"geometry":{"type":"Polygon","coordinates":[[[26.48027006812541,57.95888601486648],[26.48027006812541,57.967879218503725],[26.489263271762656,57.967879218503725],[26.489263271762656,57.95888601486648],[26.48027006812541,57.95888601486648]]]}},{"type":"Feature","properties":{"jobs":0,"pop":7,"pointCount":1,"homeWorkCommuteMedian":5443,"workHomeCommuteMedian":-1},"geometry":{"type":"Polygon","coordinates":[[[26.48027006812541,58.03083164396445],[26.48027006812541,58.03982484760169],[26.489263271762656,58.03982484760169],[26.489263271762656,58.03083164396445],[26.48027006812541,58.03083164396445]]]}},{"type":"Feature","properties":{"jobs":0,"pop":15,"pointCount":1,"homeWorkCommuteMedian":32092,"workHomeCommuteMedian":-1},"geometry":{"type":"Polygon","coordinates":[[[26.48027006812541,58.03982484760169],[26.48027006812541,58.04881805123894],[26.489263271762656,58.04881805123894],[26.489263271762656,58.03982484760169],[26.48027006812541,58.03982484760169]]]}},{"type":"Feature","properties":{"jobs":24,"pop":7,"pointCount":2,"homeWorkCommuteMedian":74127,"workHomeCommuteMedian":27357},"geometry":{"type":"Polygon","coordinates":[[[26.48027006812541,58.04881805123894],[26.48027006812541,58.057811254876185],[26.489263271762656,58.057811254876185],[26.489263271762656,58.04881805123894],[26.48027006812541,58.04881805123894]]]}},{"type":"Feature","properties":{"jobs":0,"pop":101,"pointCount":5,"homeWorkCommuteMedian":42974,"workHomeCommuteMedian":-1},"geometry":{"type":"Polygon","coordinates":[[[26.48027006812541,58.057811254876185],[26.48027006812541,58.06680445851343],[26.489263271762656,58.06680445851343],[26.489263271762656,58.057811254876185],[26.48027006812541,58.057811254876185]]]}},{"type":"Feature","properties":{"jobs":9,"pop":0,"pointCount":1,"homeWorkCommuteMedian":-1,"workHomeCommuteMedian":27196},"geometry":{"type":"Polygon","coordinates":[[[26.48027006812541,58.06680445851343],[26.48027006812541,58.07579766215068],[26.489263271762656,58.07579766215068],[26.489263271762656,58.06680445851343],[26.48027006812541,58.06680445851343]]]}},{"type":"Feature","properties":{"jobs":8,"pop":10,"pointCount":2,"homeWorkCommuteMedian":37764,"workHomeCommuteMedian":18450},"geometry":{"type":"Polygon","coordinates":[[[26.48027006812541,58.11177047669966],[26.48027006812541,58.12076368033691],[26.489263271762656,58.12076368033691],[26.489263271762656,58.11177047669966],[26.48027006812541,58.11177047669966]]]}},{"type":"Feature","properties":{"jobs":3,"pop":21,"pointCount":2,"homeWorkCommuteMedian":32459,"workHomeCommuteMedian":3642},"geometry":{"type":"Polygon","coordinates":[[[26.48027006812541,58.18371610579763],[26.48027006812541,58.192709309434875],[26.489263271762656,58.192709309434875],[26.489263271762656,58.18371610579763],[26.48027006812541,58.18371610579763]]]}},{"type":"Feature","properties":{"jobs":5,"pop":35,"pointCount":4,"homeWorkCommuteMedian":18689,"workHomeCommuteMedian":7328},"geometry":{"type":"Polygon","coordinates":[[[26.48027006812541,58.21069571670937],[26.48027006812541,58.21968892034661],[26.489263271762656,58.21968892034661],[26.489263271762656,58.21069571670937],[26.48027006812541,58.21069571670937]]]}},{"type":"Feature","properties":{"jobs":13,"pop":9,"pointCount":2,"homeWorkCommuteMedian":26699,"workHomeCommuteMedian":33685},"geometry":{"type":"Polygon","coordinates":[[[26.48027006812541,58.237675327621105],[26.48027006812541,58.24666853125835],[26.489263271762656,58.24666853125835],[26.489263271762656,58.237675327621105],[26.48027006812541,58.237675327621105]]]}},{"type":"Feature","properties":{"jobs":0,"pop":13,"pointCount":2,"homeWorkCommuteMedian":8540,"workHomeCommuteMedian":-1},"geometry":{"type":"Polygon","coordinates":[[[26.48027006812541,58.24666853125835],[26.48027006812541,58.2556617348956],[26.489263271762656,58.2556617348956],[26.489263271762656,58.24666853125835],[26.48027006812541,58.24666853125835]]]}},{"type":"Feature","properties":{"jobs":0,"pop":23,"pointCount":2,"homeWorkCommuteMedian":55638,"workHomeCommuteMedian":-1},"geometry":{"type":"Polygon","coordinates":[[[26.48027006812541,58.2556617348956],[26.48027006812541,58.26465493853284],[26.489263271762656,58.26465493853284],[26.489263271762656,58.2556617348956],[26.48027006812541,58.2556617348956]]]}},{"type":"Feature","properties":{"jobs":0,"pop":5,"pointCount":1,"homeWorkCommuteMedian":24559,"workHomeCommuteMedian":-1},"geometry":{"type":"Polygon","coordinates":[[[26.48027006812541,58.26465493853284],[26.48027006812541,58.27364814217009],[26.489263271762656,58.27364814217009],[26.489263271762656,58.26465493853284],[26.48027006812541,58.26465493853284]]]}},{"type":"Feature","properties":{"jobs":29,"pop":0,"pointCount":2,"homeWorkCommuteMedian":-1,"workHomeCommuteMedian":17943},"geometry":{"type":"Polygon","coordinates":[[[26.48027006812541,58.27364814217009],[26.48027006812541,58.282641345807335],[26.489263271762656,58.282641345807335],[26.489263271762656,58.27364814217009],[26.48027006812541,58.27364814217009]]]}},{"type":"Feature","properties":{"jobs":9,"pop":10,"pointCount":2,"homeWorkCommuteMedian":86903,"workHomeCommuteMedian":10991},"geometry":{"type":"Polygon","coordinates":[[[26.48027006812541,58.30962095671907],[26.48027006812541,58.31861416035632],[26.489263271762656,58.31861416035632],[26.489263271762656,58.30962095671907],[26.48027006812541,58.30962095671907]]]}},{"type":"Feature","properties":{"jobs":38,"pop":15,"pointCount":3,"homeWorkCommuteMedian":49689,"workHomeCommuteMedian":17535},"geometry":{"type":"Polygon","coordinates":[[[26.48027006812541,58.42653260400327],[26.48027006812541,58.435525807640516],[26.489263271762656,58.435525807640516],[26.489263271762656,58.42653260400327],[26.48027006812541,58.42653260400327]]]}},{"type":"Feature","properties":{"jobs":0,"pop":6,"pointCount":1,"homeWorkCommuteMedian":62803,"workHomeCommuteMedian":-1},"geometry":{"type":"Polygon","coordinates":[[[26.489263271762656,57.95888601486648],[26.489263271762656,57.967879218503725],[26.498256475399902,57.967879218503725],[26.498256475399902,57.95888601486648],[26.489263271762656,57.95888601486648]]]}},{"type":"Feature","properties":{"jobs":0,"pop":14,"pointCount":1,"homeWorkCommuteMedian":33685,"workHomeCommuteMedian":-1},"geometry":{"type":"Polygon","coordinates":[[[26.489263271762656,57.98586562577822],[26.489263271762656,57.99485882941546],[26.498256475399902,57.99485882941546],[26.498256475399902,57.98586562577822],[26.489263271762656,57.98586562577822]]]}},{"type":"Feature","properties":{"jobs":0,"pop":14,"pointCount":2,"homeWorkCommuteMedian":42026,"workHomeCommuteMedian":-1},"geometry":{"type":"Polygon","coordinates":[[[26.489263271762656,57.99485882941546],[26.489263271762656,58.00385203305271],[26.498256475399902,58.00385203305271],[26.498256475399902,57.99485882941546],[26.489263271762656,57.99485882941546]]]}},{"type":"Feature","properties":{"jobs":0,"pop":9,"pointCount":1,"homeWorkCommuteMedian":47585,"workHomeCommuteMedian":-1},"geometry":{"type":"Polygon","coordinates":[[[26.489263271762656,58.00385203305271],[26.489263271762656,58.012845236689955],[26.498256475399902,58.012845236689955],[26.498256475399902,58.00385203305271],[26.489263271762656,58.00385203305271]]]}},{"type":"Feature","properties":{"jobs":6,"pop":0,"pointCount":1,"homeWorkCommuteMedian":-1,"workHomeCommuteMedian":48416},"geometry":{"type":"Polygon","coordinates":[[[26.489263271762656,58.0218384403272],[26.489263271762656,58.03083164396445],[26.498256475399902,58.03083164396445],[26.498256475399902,58.0218384403272],[26.489263271762656,58.0218384403272]]]}},{"type":"Feature","properties":{"jobs":5,"pop":0,"pointCount":1,"homeWorkCommuteMedian":-1,"workHomeCommuteMedian":6451},"geometry":{"type":"Polygon","coordinates":[[[26.489263271762656,58.03083164396445],[26.489263271762656,58.03982484760169],[26.498256475399902,58.03982484760169],[26.498256475399902,58.03083164396445],[26.489263271762656,58.03083164396445]]]}},{"type":"Feature","properties":{"jobs":23,"pop":0,"pointCount":1,"homeWorkCommuteMedian":-1,"workHomeCommuteMedian":20837},"geometry":{"type":"Polygon","coordinates":[[[26.489263271762656,58.03982484760169],[26.489263271762656,58.04881805123894],[26.498256475399902,58.04881805123894],[26.498256475399902,58.03982484760169],[26.489263271762656,58.03982484760169]]]}},{"type":"Feature","properties":{"jobs":213,"pop":299,"pointCount":8,"homeWorkCommuteMedian":35246,"workHomeCommuteMedian":24583},"geometry":{"type":"Polygon","coordinates":[[[26.489263271762656,58.04881805123894],[26.489263271762656,58.057811254876185],[26.498256475399902,58.057811254876185],[26.498256475399902,58.04881805123894],[26.489263271762656,58.04881805123894]]]}},{"type":"Feature","properties":{"jobs":168,"pop":204,"pointCount":9,"homeWorkCommuteMedian":23848,"workHomeCommuteMedian":24346},"geometry":{"type":"Polygon","coordinates":[[[26.489263271762656,58.057811254876185],[26.489263271762656,58.06680445851343],[26.498256475399902,58.06680445851343],[26.498256475399902,58.057811254876185],[26.489263271762656,58.057811254876185]]]}},{"type":"Feature","properties":{"jobs":21,"pop":12,"pointCount":3,"homeWorkCommuteMedian":41088,"workHomeCommuteMedian":41787},"geometry":{"type":"Polygon","coordinates":[[[26.489263271762656,58.06680445851343],[26.489263271762656,58.07579766215068],[26.498256475399902,58.07579766215068],[26.498256475399902,58.06680445851343],[26.489263271762656,58.06680445851343]]]}},{"type":"Feature","properties":{"jobs":0,"pop":8,"pointCount":1,"homeWorkCommuteMedian":42804,"workHomeCommuteMedian":-1},"geometry":{"type":"Polygon","coordinates":[[[26.489263271762656,58.07579766215068],[26.489263271762656,58.08479086578792],[26.498256475399902,58.08479086578792],[26.498256475399902,58.07579766215068],[26.489263271762656,58.07579766215068]]]}},{"type":"Feature","properties":{"jobs":2,"pop":0,"pointCount":1,"homeWorkCommuteMedian":-1,"workHomeCommuteMedian":30817},"geometry":{"type":"Polygon","coordinates":[[[26.489263271762656,58.16572969852314],[26.489263271762656,58.17472290216038],[26.498256475399902,58.17472290216038],[26.498256475399902,58.16572969852314],[26.489263271762656,58.16572969852314]]]}},{"type":"Feature","properties":{"jobs":0,"pop":6,"pointCount":1,"homeWorkCommuteMedian":7907,"workHomeCommuteMedian":-1},"geometry":{"type":"Polygon","coordinates":[[[26.489263271762656,58.21968892034661],[26.489263271762656,58.22868212398386],[26.498256475399902,58.22868212398386],[26.498256475399902,58.21968892034661],[26.489263271762656,58.21968892034661]]]}},{"type":"Feature","properties":{"jobs":0,"pop":5,"pointCount":1,"homeWorkCommuteMedian":23820,"workHomeCommuteMedian":-1},"geometry":{"type":"Polygon","coordinates":[[[26.489263271762656,58.237675327621105],[26.489263271762656,58.24666853125835],[26.498256475399902,58.24666853125835],[26.498256475399902,58.237675327621105],[26.489263271762656,58.237675327621105]]]}},{"type":"Feature","properties":{"jobs":0,"pop":6,"pointCount":1,"homeWorkCommuteMedian":22304,"workHomeCommuteMedian":-1},"geometry":{"type":"Polygon","coordinates":[[[26.489263271762656,58.24666853125835],[26.489263271762656,58.2556617348956],[26.498256475399902,58.2556617348956],[26.498256475399902,58.24666853125835],[26.489263271762656,58.24666853125835]]]}},{"type":"Feature","properties":{"jobs":0,"pop":10,"pointCount":1,"homeWorkCommuteMedian":20687,"workHomeCommuteMedian":-1},"geometry":{"type":"Polygon","coordinates":[[[26.489263271762656,58.2556617348956],[26.489263271762656,58.26465493853284],[26.498256475399902,58.26465493853284],[26.498256475399902,58.2556617348956],[26.489263271762656,58.2556617348956]]]}},{"type":"Feature","properties":{"jobs":0,"pop":6,"pointCount":1,"homeWorkCommuteMedian":3516,"workHomeCommuteMedian":-1},"geometry":{"type":"Polygon","coordinates":[[[26.489263271762656,58.27364814217009],[26.489263271762656,58.282641345807335],[26.498256475399902,58.282641345807335],[26.498256475399902,58.27364814217009],[26.489263271762656,58.27364814217009]]]}},{"type":"Feature","properties":{"jobs":0,"pop":9,"pointCount":1,"homeWorkCommuteMedian":19512,"workHomeCommuteMedian":-1},"geometry":{"type":"Polygon","coordinates":[[[26.489263271762656,58.282641345807335],[26.489263271762656,58.29163454944458],[26.498256475399902,58.29163454944458],[26.498256475399902,58.282641345807335],[26.489263271762656,58.282641345807335]]]}},{"type":"Feature","properties":{"jobs":0,"pop":12,"pointCount":2,"homeWorkCommuteMedian":22620,"workHomeCommuteMedian":-1},"geometry":{"type":"Polygon","coordinates":[[[26.489263271762656,58.29163454944458],[26.489263271762656,58.30062775308183],[26.498256475399902,58.30062775308183],[26.498256475399902,58.29163454944458],[26.489263271762656,58.29163454944458]]]}},{"type":"Feature","properties":{"jobs":9,"pop":0,"pointCount":1,"homeWorkCommuteMedian":-1,"workHomeCommuteMedian":16344},"geometry":{"type":"Polygon","coordinates":[[[26.489263271762656,58.31861416035632],[26.489263271762656,58.327607363993565],[26.498256475399902,58.327607363993565],[26.498256475399902,58.31861416035632],[26.489263271762656,58.31861416035632]]]}},{"type":"Feature","properties":{"jobs":0,"pop":8,"pointCount":1,"homeWorkCommuteMedian":11923,"workHomeCommuteMedian":-1},"geometry":{"type":"Polygon","coordinates":[[[26.489263271762656,58.435525807640516],[26.489263271762656,58.44451901127776],[26.498256475399902,58.44451901127776],[26.498256475399902,58.435525807640516],[26.489263271762656,58.435525807640516]]]}},{"type":"Feature","properties":{"jobs":0,"pop":20,"pointCount":2,"homeWorkCommuteMedian":90531,"workHomeCommuteMedian":-1},"geometry":{"type":"Polygon","coordinates":[[[26.489263271762656,58.56143065856196],[26.489263271762656,58.570423862199206],[26.498256475399902,58.570423862199206],[26.498256475399902,58.56143065856196],[26.489263271762656,58.56143065856196]]]}},{"type":"Feature","properties":{"jobs":5,"pop":10,"pointCount":2,"homeWorkCommuteMedian":30474,"workHomeCommuteMedian":10289},"geometry":{"type":"Polygon","coordinates":[[[26.489263271762656,58.570423862199206],[26.489263271762656,58.57941706583645],[26.498256475399902,58.57941706583645],[26.498256475399902,58.570423862199206],[26.489263271762656,58.570423862199206]]]}},{"type":"Feature","properties":{"jobs":0,"pop":11,"pointCount":1,"homeWorkCommuteMedian":14829,"workHomeCommuteMedian":-1},"geometry":{"type":"Polygon","coordinates":[[[26.498256475399902,57.967879218503725],[26.498256475399902,57.97687242214097],[26.507249679037148,57.97687242214097],[26.507249679037148,57.967879218503725],[26.498256475399902,57.967879218503725]]]}},{"type":"Feature","properties":{"jobs":8,"pop":0,"pointCount":1,"homeWorkCommuteMedian":-1,"workHomeCommuteMedian":60617},"geometry":{"type":"Polygon","coordinates":[[[26.498256475399902,57.97687242214097],[26.498256475399902,57.98586562577822],[26.507249679037148,57.98586562577822],[26.507249679037148,57.97687242214097],[26.498256475399902,57.97687242214097]]]}},{"type":"Feature","properties":{"jobs":0,"pop":11,"pointCount":1,"homeWorkCommuteMedian":6622,"workHomeCommuteMedian":-1},"geometry":{"type":"Polygon","coordinates":[[[26.498256475399902,58.012845236689955],[26.498256475399902,58.0218384403272],[26.507249679037148,58.0218384403272],[26.507249679037148,58.012845236689955],[26.498256475399902,58.012845236689955]]]}},{"type":"Feature","properties":{"jobs":0,"pop":11,"pointCount":1,"homeWorkCommuteMedian":48428,"workHomeCommuteMedian":-1},"geometry":{"type":"Polygon","coordinates":[[[26.498256475399902,58.03083164396445],[26.498256475399902,58.03982484760169],[26.507249679037148,58.03982484760169],[26.507249679037148,58.03083164396445],[26.498256475399902,58.03083164396445]]]}},{"type":"Feature","properties":{"jobs":19,"pop":0,"pointCount":1,"homeWorkCommuteMedian":-1,"workHomeCommuteMedian":42859},"geometry":{"type":"Polygon","coordinates":[[[26.498256475399902,58.03982484760169],[26.498256475399902,58.04881805123894],[26.507249679037148,58.04881805123894],[26.507249679037148,58.03982484760169],[26.498256475399902,58.03982484760169]]]}},{"type":"Feature","properties":{"jobs":232,"pop":173,"pointCount":12,"homeWorkCommuteMedian":24994,"workHomeCommuteMedian":40910},"geometry":{"type":"Polygon","coordinates":[[[26.498256475399902,58.04881805123894],[26.498256475399902,58.057811254876185],[26.507249679037148,58.057811254876185],[26.507249679037148,58.04881805123894],[26.498256475399902,58.04881805123894]]]}},{"type":"Feature","properties":{"jobs":22,"pop":79,"pointCount":7,"homeWorkCommuteMedian":40383,"workHomeCommuteMedian":40249},"geometry":{"type":"Polygon","coordinates":[[[26.498256475399902,58.057811254876185],[26.498256475399902,58.06680445851343],[26.507249679037148,58.06680445851343],[26.507249679037148,58.057811254876185],[26.498256475399902,58.057811254876185]]]}},{"type":"Feature","properties":{"jobs":0,"pop":22,"pointCount":3,"homeWorkCommuteMedian":41909,"workHomeCommuteMedian":-1},"geometry":{"type":"Polygon","coordinates":[[[26.498256475399902,58.06680445851343],[26.498256475399902,58.07579766215068],[26.507249679037148,58.07579766215068],[26.507249679037148,58.06680445851343],[26.498256475399902,58.06680445851343]]]}},{"type":"Feature","properties":{"jobs":0,"pop":10,"pointCount":1,"homeWorkCommuteMedian":21043,"workHomeCommuteMedian":-1},"geometry":{"type":"Polygon","coordinates":[[[26.498256475399902,58.21968892034661],[26.498256475399902,58.22868212398386],[26.507249679037148,58.22868212398386],[26.507249679037148,58.21968892034661],[26.498256475399902,58.21968892034661]]]}},{"type":"Feature","properties":{"jobs":9,"pop":7,"pointCount":2,"homeWorkCommuteMedian":47246,"workHomeCommuteMedian":7319},"geometry":{"type":"Polygon","coordinates":[[[26.498256475399902,58.22868212398386],[26.498256475399902,58.237675327621105],[26.507249679037148,58.237675327621105],[26.507249679037148,58.22868212398386],[26.498256475399902,58.22868212398386]]]}},{"type":"Feature","properties":{"jobs":0,"pop":5,"pointCount":1,"homeWorkCommuteMedian":21649,"workHomeCommuteMedian":-1},"geometry":{"type":"Polygon","coordinates":[[[26.498256475399902,58.24666853125835],[26.498256475399902,58.2556617348956],[26.507249679037148,58.2556617348956],[26.507249679037148,58.24666853125835],[26.498256475399902,58.24666853125835]]]}},{"type":"Feature","properties":{"jobs":0,"pop":7,"pointCount":1,"homeWorkCommuteMedian":21213,"workHomeCommuteMedian":-1},"geometry":{"type":"Polygon","coordinates":[[[26.498256475399902,58.2556617348956],[26.498256475399902,58.26465493853284],[26.507249679037148,58.26465493853284],[26.507249679037148,58.2556617348956],[26.498256475399902,58.2556617348956]]]}},{"type":"Feature","properties":{"jobs":0,"pop":10,"pointCount":1,"homeWorkCommuteMedian":26715,"workHomeCommuteMedian":-1},"geometry":{"type":"Polygon","coordinates":[[[26.498256475399902,58.26465493853284],[26.498256475399902,58.27364814217009],[26.507249679037148,58.27364814217009],[26.507249679037148,58.26465493853284],[26.498256475399902,58.26465493853284]]]}},{"type":"Feature","properties":{"jobs":0,"pop":5,"pointCount":1,"homeWorkCommuteMedian":5637,"workHomeCommuteMedian":-1},"geometry":{"type":"Polygon","coordinates":[[[26.498256475399902,58.27364814217009],[26.498256475399902,58.282641345807335],[26.507249679037148,58.282641345807335],[26.507249679037148,58.27364814217009],[26.498256475399902,58.27364814217009]]]}},{"type":"Feature","properties":{"jobs":6,"pop":11,"pointCount":2,"homeWorkCommuteMedian":15012,"workHomeCommuteMedian":20915},"geometry":{"type":"Polygon","coordinates":[[[26.498256475399902,58.34559377126806],[26.498256475399902,58.3545869749053],[26.507249679037148,58.3545869749053],[26.507249679037148,58.34559377126806],[26.498256475399902,58.34559377126806]]]}},{"type":"Feature","properties":{"jobs":9,"pop":13,"pointCount":2,"homeWorkCommuteMedian":51642,"workHomeCommuteMedian":10725},"geometry":{"type":"Polygon","coordinates":[[[26.507249679037148,57.97687242214097],[26.507249679037148,57.98586562577822],[26.516242882674394,57.98586562577822],[26.516242882674394,57.97687242214097],[26.507249679037148,57.97687242214097]]]}},{"type":"Feature","properties":{"jobs":0,"pop":8,"pointCount":1,"homeWorkCommuteMedian":43941,"workHomeCommuteMedian":-1},"geometry":{"type":"Polygon","coordinates":[[[26.507249679037148,58.03982484760169],[26.507249679037148,58.04881805123894],[26.516242882674394,58.04881805123894],[26.516242882674394,58.03982484760169],[26.507249679037148,58.03982484760169]]]}},{"type":"Feature","properties":{"jobs":92,"pop":0,"pointCount":2,"homeWorkCommuteMedian":-1,"workHomeCommuteMedian":43571},"geometry":{"type":"Polygon","coordinates":[[[26.507249679037148,58.04881805123894],[26.507249679037148,58.057811254876185],[26.516242882674394,58.057811254876185],[26.516242882674394,58.04881805123894],[26.507249679037148,58.04881805123894]]]}},{"type":"Feature","properties":{"jobs":18,"pop":0,"pointCount":1,"homeWorkCommuteMedian":-1,"workHomeCommuteMedian":7942},"geometry":{"type":"Polygon","coordinates":[[[26.507249679037148,58.057811254876185],[26.507249679037148,58.06680445851343],[26.516242882674394,58.06680445851343],[26.516242882674394,58.057811254876185],[26.507249679037148,58.057811254876185]]]}},{"type":"Feature","properties":{"jobs":0,"pop":5,"pointCount":1,"homeWorkCommuteMedian":50832,"workHomeCommuteMedian":-1},"geometry":{"type":"Polygon","coordinates":[[[26.507249679037148,58.08479086578792],[26.507249679037148,58.09378406942517],[26.516242882674394,58.09378406942517],[26.516242882674394,58.08479086578792],[26.507249679037148,58.08479086578792]]]}},{"type":"Feature","properties":{"jobs":0,"pop":23,"pointCount":2,"homeWorkCommuteMedian":27396,"workHomeCommuteMedian":-1},"geometry":{"type":"Polygon","coordinates":[[[26.507249679037148,58.12076368033691],[26.507249679037148,58.12975688397415],[26.516242882674394,58.12975688397415],[26.516242882674394,58.12076368033691],[26.507249679037148,58.12076368033691]]]}},{"type":"Feature","properties":{"jobs":0,"pop":13,"pointCount":1,"homeWorkCommuteMedian":22345,"workHomeCommuteMedian":-1},"geometry":{"type":"Polygon","coordinates":[[[26.507249679037148,58.1387500876114],[26.507249679037148,58.147743291248645],[26.516242882674394,58.147743291248645],[26.516242882674394,58.1387500876114],[26.507249679037148,58.1387500876114]]]}},{"type":"Feature","properties":{"jobs":0,"pop":12,"pointCount":2,"homeWorkCommuteMedian":22596,"workHomeCommuteMedian":-1},"geometry":{"type":"Polygon","coordinates":[[[26.507249679037148,58.17472290216038],[26.507249679037148,58.18371610579763],[26.516242882674394,58.18371610579763],[26.516242882674394,58.17472290216038],[26.507249679037148,58.17472290216038]]]}},{"type":"Feature","properties":{"jobs":0,"pop":8,"pointCount":1,"homeWorkCommuteMedian":26656,"workHomeCommuteMedian":-1},"geometry":{"type":"Polygon","coordinates":[[[26.507249679037148,58.20170251307212],[26.507249679037148,58.21069571670937],[26.516242882674394,58.21069571670937],[26.516242882674394,58.20170251307212],[26.507249679037148,58.20170251307212]]]}},{"type":"Feature","properties":{"jobs":2,"pop":0,"pointCount":1,"homeWorkCommuteMedian":-1,"workHomeCommuteMedian":24698},"geometry":{"type":"Polygon","coordinates":[[[26.507249679037148,58.21069571670937],[26.507249679037148,58.21968892034661],[26.516242882674394,58.21968892034661],[26.516242882674394,58.21069571670937],[26.507249679037148,58.21069571670937]]]}},{"type":"Feature","properties":{"jobs":19,"pop":0,"pointCount":1,"homeWorkCommuteMedian":-1,"workHomeCommuteMedian":9749},"geometry":{"type":"Polygon","coordinates":[[[26.507249679037148,58.24666853125835],[26.507249679037148,58.2556617348956],[26.516242882674394,58.2556617348956],[26.516242882674394,58.24666853125835],[26.507249679037148,58.24666853125835]]]}},{"type":"Feature","properties":{"jobs":0,"pop":10,"pointCount":1,"homeWorkCommuteMedian":20978,"workHomeCommuteMedian":-1},"geometry":{"type":"Polygon","coordinates":[[[26.507249679037148,58.2556617348956],[26.507249679037148,58.26465493853284],[26.516242882674394,58.26465493853284],[26.516242882674394,58.2556617348956],[26.507249679037148,58.2556617348956]]]}},{"type":"Feature","properties":{"jobs":0,"pop":5,"pointCount":1,"homeWorkCommuteMedian":4160,"workHomeCommuteMedian":-1},"geometry":{"type":"Polygon","coordinates":[[[26.507249679037148,58.27364814217009],[26.507249679037148,58.282641345807335],[26.516242882674394,58.282641345807335],[26.516242882674394,58.27364814217009],[26.507249679037148,58.27364814217009]]]}},{"type":"Feature","properties":{"jobs":0,"pop":9,"pointCount":1,"homeWorkCommuteMedian":1942,"workHomeCommuteMedian":-1},"geometry":{"type":"Polygon","coordinates":[[[26.507249679037148,58.282641345807335],[26.507249679037148,58.29163454944458],[26.516242882674394,58.29163454944458],[26.516242882674394,58.282641345807335],[26.507249679037148,58.282641345807335]]]}},{"type":"Feature","properties":{"jobs":0,"pop":41,"pointCount":1,"homeWorkCommuteMedian":14632,"workHomeCommuteMedian":-1},"geometry":{"type":"Polygon","coordinates":[[[26.507249679037148,58.34559377126806],[26.507249679037148,58.3545869749053],[26.516242882674394,58.3545869749053],[26.516242882674394,58.34559377126806],[26.507249679037148,58.34559377126806]]]}},{"type":"Feature","properties":{"jobs":144,"pop":0,"pointCount":2,"homeWorkCommuteMedian":-1,"workHomeCommuteMedian":20292},"geometry":{"type":"Polygon","coordinates":[[[26.507249679037148,58.3545869749053],[26.507249679037148,58.36358017854255],[26.516242882674394,58.36358017854255],[26.516242882674394,58.3545869749053],[26.507249679037148,58.3545869749053]]]}},{"type":"Feature","properties":{"jobs":0,"pop":11,"pointCount":1,"homeWorkCommuteMedian":27484,"workHomeCommuteMedian":-1},"geometry":{"type":"Polygon","coordinates":[[[26.507249679037148,58.44451901127776],[26.507249679037148,58.45351221491501],[26.516242882674394,58.45351221491501],[26.516242882674394,58.44451901127776],[26.507249679037148,58.44451901127776]]]}},{"type":"Feature","properties":{"jobs":0,"pop":13,"pointCount":1,"homeWorkCommuteMedian":6224,"workHomeCommuteMedian":-1},"geometry":{"type":"Polygon","coordinates":[[[26.507249679037148,58.56143065856196],[26.507249679037148,58.570423862199206],[26.516242882674394,58.570423862199206],[26.516242882674394,58.56143065856196],[26.507249679037148,58.56143065856196]]]}},{"type":"Feature","properties":{"jobs":0,"pop":5,"pointCount":1,"homeWorkCommuteMedian":21601,"workHomeCommuteMedian":-1},"geometry":{"type":"Polygon","coordinates":[[[26.507249679037148,58.570423862199206],[26.507249679037148,58.57941706583645],[26.516242882674394,58.57941706583645],[26.516242882674394,58.570423862199206],[26.507249679037148,58.570423862199206]]]}},{"type":"Feature","properties":{"jobs":0,"pop":5,"pointCount":1,"homeWorkCommuteMedian":62737,"workHomeCommuteMedian":-1},"geometry":{"type":"Polygon","coordinates":[[[26.516242882674394,57.95888601486648],[26.516242882674394,57.967879218503725],[26.52523608631164,57.967879218503725],[26.52523608631164,57.95888601486648],[26.516242882674394,57.95888601486648]]]}},{"type":"Feature","properties":{"jobs":36,"pop":0,"pointCount":2,"homeWorkCommuteMedian":-1,"workHomeCommuteMedian":43780},"geometry":{"type":"Polygon","coordinates":[[[26.516242882674394,58.057811254876185],[26.516242882674394,58.06680445851343],[26.52523608631164,58.06680445851343],[26.52523608631164,58.057811254876185],[26.516242882674394,58.057811254876185]]]}},{"type":"Feature","properties":{"jobs":14,"pop":15,"pointCount":2,"homeWorkCommuteMedian":41467,"workHomeCommuteMedian":47872},"geometry":{"type":"Polygon","coordinates":[[[26.516242882674394,58.06680445851343],[26.516242882674394,58.07579766215068],[26.52523608631164,58.07579766215068],[26.52523608631164,58.06680445851343],[26.516242882674394,58.06680445851343]]]}},{"type":"Feature","properties":{"jobs":7,"pop":0,"pointCount":1,"homeWorkCommuteMedian":-1,"workHomeCommuteMedian":31222},"geometry":{"type":"Polygon","coordinates":[[[26.516242882674394,58.07579766215068],[26.516242882674394,58.08479086578792],[26.52523608631164,58.08479086578792],[26.52523608631164,58.07579766215068],[26.516242882674394,58.07579766215068]]]}},{"type":"Feature","properties":{"jobs":0,"pop":5,"pointCount":1,"homeWorkCommuteMedian":44917,"workHomeCommuteMedian":-1},"geometry":{"type":"Polygon","coordinates":[[[26.516242882674394,58.09378406942517],[26.516242882674394,58.102777273062415],[26.52523608631164,58.102777273062415],[26.52523608631164,58.09378406942517],[26.516242882674394,58.09378406942517]]]}},{"type":"Feature","properties":{"jobs":0,"pop":63,"pointCount":4,"homeWorkCommuteMedian":10993,"workHomeCommuteMedian":-1},"geometry":{"type":"Polygon","coordinates":[[[26.516242882674394,58.12076368033691],[26.516242882674394,58.12975688397415],[26.52523608631164,58.12975688397415],[26.52523608631164,58.12076368033691],[26.516242882674394,58.12076368033691]]]}},{"type":"Feature","properties":{"jobs":40,"pop":5,"pointCount":4,"homeWorkCommuteMedian":29642,"workHomeCommuteMedian":31643},"geometry":{"type":"Polygon","coordinates":[[[26.516242882674394,58.12975688397415],[26.516242882674394,58.1387500876114],[26.52523608631164,58.1387500876114],[26.52523608631164,58.12975688397415],[26.516242882674394,58.12975688397415]]]}},{"type":"Feature","properties":{"jobs":0,"pop":11,"pointCount":1,"homeWorkCommuteMedian":31454,"workHomeCommuteMedian":-1},"geometry":{"type":"Polygon","coordinates":[[[26.516242882674394,58.1387500876114],[26.516242882674394,58.147743291248645],[26.52523608631164,58.147743291248645],[26.52523608631164,58.1387500876114],[26.516242882674394,58.1387500876114]]]}},{"type":"Feature","properties":{"jobs":0,"pop":5,"pointCount":1,"homeWorkCommuteMedian":30917,"workHomeCommuteMedian":-1},"geometry":{"type":"Polygon","coordinates":[[[26.516242882674394,58.147743291248645],[26.516242882674394,58.15673649488589],[26.52523608631164,58.15673649488589],[26.52523608631164,58.147743291248645],[26.516242882674394,58.147743291248645]]]}},{"type":"Feature","properties":{"jobs":0,"pop":5,"pointCount":1,"homeWorkCommuteMedian":6003,"workHomeCommuteMedian":-1},"geometry":{"type":"Polygon","coordinates":[[[26.516242882674394,58.17472290216038],[26.516242882674394,58.18371610579763],[26.52523608631164,58.18371610579763],[26.52523608631164,58.17472290216038],[26.516242882674394,58.17472290216038]]]}},{"type":"Feature","properties":{"jobs":0,"pop":6,"pointCount":1,"homeWorkCommuteMedian":25074,"workHomeCommuteMedian":-1},"geometry":{"type":"Polygon","coordinates":[[[26.516242882674394,58.21069571670937],[26.516242882674394,58.21968892034661],[26.52523608631164,58.21968892034661],[26.52523608631164,58.21069571670937],[26.516242882674394,58.21069571670937]]]}},{"type":"Feature","properties":{"jobs":0,"pop":8,"pointCount":1,"homeWorkCommuteMedian":18000,"workHomeCommuteMedian":-1},"geometry":{"type":"Polygon","coordinates":[[[26.516242882674394,58.2556617348956],[26.516242882674394,58.26465493853284],[26.52523608631164,58.26465493853284],[26.52523608631164,58.2556617348956],[26.516242882674394,58.2556617348956]]]}},{"type":"Feature","properties":{"jobs":156,"pop":16,"pointCount":7,"homeWorkCommuteMedian":33998,"workHomeCommuteMedian":7968},"geometry":{"type":"Polygon","coordinates":[[[26.516242882674394,58.26465493853284],[26.516242882674394,58.27364814217009],[26.52523608631164,58.27364814217009],[26.52523608631164,58.26465493853284],[26.516242882674394,58.26465493853284]]]}},{"type":"Feature","properties":{"jobs":0,"pop":51,"pointCount":4,"homeWorkCommuteMedian":14279,"workHomeCommuteMedian":-1},"geometry":{"type":"Polygon","coordinates":[[[26.516242882674394,58.27364814217009],[26.516242882674394,58.282641345807335],[26.52523608631164,58.282641345807335],[26.52523608631164,58.27364814217009],[26.516242882674394,58.27364814217009]]]}},{"type":"Feature","properties":{"jobs":0,"pop":9,"pointCount":1,"homeWorkCommuteMedian":18015,"workHomeCommuteMedian":-1},"geometry":{"type":"Polygon","coordinates":[[[26.516242882674394,58.29163454944458],[26.516242882674394,58.30062775308183],[26.52523608631164,58.30062775308183],[26.52523608631164,58.29163454944458],[26.516242882674394,58.29163454944458]]]}},{"type":"Feature","properties":{"jobs":0,"pop":5,"pointCount":1,"homeWorkCommuteMedian":13886,"workHomeCommuteMedian":-1},"geometry":{"type":"Polygon","coordinates":[[[26.516242882674394,58.30962095671907],[26.516242882674394,58.31861416035632],[26.52523608631164,58.31861416035632],[26.52523608631164,58.30962095671907],[26.516242882674394,58.30962095671907]]]}},{"type":"Feature","properties":{"jobs":42,"pop":0,"pointCount":1,"homeWorkCommuteMedian":-1,"workHomeCommuteMedian":12793},"geometry":{"type":"Polygon","coordinates":[[[26.516242882674394,58.31861416035632],[26.516242882674394,58.327607363993565],[26.52523608631164,58.327607363993565],[26.52523608631164,58.31861416035632],[26.516242882674394,58.31861416035632]]]}},{"type":"Feature","properties":{"jobs":0,"pop":32,"pointCount":3,"homeWorkCommuteMedian":13842,"workHomeCommuteMedian":-1},"geometry":{"type":"Polygon","coordinates":[[[26.516242882674394,58.34559377126806],[26.516242882674394,58.3545869749053],[26.52523608631164,58.3545869749053],[26.52523608631164,58.34559377126806],[26.516242882674394,58.34559377126806]]]}},{"type":"Feature","properties":{"jobs":10,"pop":0,"pointCount":1,"homeWorkCommuteMedian":-1,"workHomeCommuteMedian":22511},"geometry":{"type":"Polygon","coordinates":[[[26.516242882674394,58.45351221491501],[26.516242882674394,58.462505418552254],[26.52523608631164,58.462505418552254],[26.52523608631164,58.45351221491501],[26.516242882674394,58.45351221491501]]]}},{"type":"Feature","properties":{"jobs":0,"pop":11,"pointCount":1,"homeWorkCommuteMedian":53174,"workHomeCommuteMedian":-1},"geometry":{"type":"Polygon","coordinates":[[[26.52523608631164,57.98586562577822],[26.52523608631164,57.99485882941546],[26.534229289948886,57.99485882941546],[26.534229289948886,57.98586562577822],[26.52523608631164,57.98586562577822]]]}},{"type":"Feature","properties":{"jobs":7,"pop":14,"pointCount":2,"homeWorkCommuteMedian":5020,"workHomeCommuteMedian":26329},"geometry":{"type":"Polygon","coordinates":[[[26.52523608631164,58.06680445851343],[26.52523608631164,58.07579766215068],[26.534229289948886,58.07579766215068],[26.534229289948886,58.06680445851343],[26.52523608631164,58.06680445851343]]]}},{"type":"Feature","properties":{"jobs":0,"pop":14,"pointCount":1,"homeWorkCommuteMedian":18049,"workHomeCommuteMedian":-1},"geometry":{"type":"Polygon","coordinates":[[[26.52523608631164,58.11177047669966],[26.52523608631164,58.12076368033691],[26.534229289948886,58.12076368033691],[26.534229289948886,58.11177047669966],[26.52523608631164,58.11177047669966]]]}},{"type":"Feature","properties":{"jobs":0,"pop":6,"pointCount":1,"homeWorkCommuteMedian":22400,"workHomeCommuteMedian":-1},"geometry":{"type":"Polygon","coordinates":[[[26.52523608631164,58.17472290216038],[26.52523608631164,58.18371610579763],[26.534229289948886,58.18371610579763],[26.534229289948886,58.17472290216038],[26.52523608631164,58.17472290216038]]]}},{"type":"Feature","properties":{"jobs":8,"pop":0,"pointCount":1,"homeWorkCommuteMedian":-1,"workHomeCommuteMedian":31146},"geometry":{"type":"Polygon","coordinates":[[[26.52523608631164,58.20170251307212],[26.52523608631164,58.21069571670937],[26.534229289948886,58.21069571670937],[26.534229289948886,58.20170251307212],[26.52523608631164,58.20170251307212]]]}},{"type":"Feature","properties":{"jobs":46,"pop":328,"pointCount":7,"homeWorkCommuteMedian":17969,"workHomeCommuteMedian":12298},"geometry":{"type":"Polygon","coordinates":[[[26.52523608631164,58.26465493853284],[26.52523608631164,58.27364814217009],[26.534229289948886,58.27364814217009],[26.534229289948886,58.26465493853284],[26.52523608631164,58.26465493853284]]]}},{"type":"Feature","properties":{"jobs":0,"pop":108,"pointCount":8,"homeWorkCommuteMedian":15534,"workHomeCommuteMedian":-1},"geometry":{"type":"Polygon","coordinates":[[[26.52523608631164,58.27364814217009],[26.52523608631164,58.282641345807335],[26.534229289948886,58.282641345807335],[26.534229289948886,58.27364814217009],[26.52523608631164,58.27364814217009]]]}},{"type":"Feature","properties":{"jobs":0,"pop":11,"pointCount":1,"homeWorkCommuteMedian":3419,"workHomeCommuteMedian":-1},"geometry":{"type":"Polygon","coordinates":[[[26.52523608631164,58.282641345807335],[26.52523608631164,58.29163454944458],[26.534229289948886,58.29163454944458],[26.534229289948886,58.282641345807335],[26.52523608631164,58.282641345807335]]]}},{"type":"Feature","properties":{"jobs":21,"pop":0,"pointCount":1,"homeWorkCommuteMedian":-1,"workHomeCommuteMedian":12628},"geometry":{"type":"Polygon","coordinates":[[[26.52523608631164,58.31861416035632],[26.52523608631164,58.327607363993565],[26.534229289948886,58.327607363993565],[26.534229289948886,58.31861416035632],[26.52523608631164,58.31861416035632]]]}},{"type":"Feature","properties":{"jobs":10,"pop":0,"pointCount":1,"homeWorkCommuteMedian":-1,"workHomeCommuteMedian":20300},"geometry":{"type":"Polygon","coordinates":[[[26.52523608631164,58.327607363993565],[26.52523608631164,58.33660056763081],[26.534229289948886,58.33660056763081],[26.534229289948886,58.327607363993565],[26.52523608631164,58.327607363993565]]]}},{"type":"Feature","properties":{"jobs":0,"pop":17,"pointCount":1,"homeWorkCommuteMedian":5278,"workHomeCommuteMedian":-1},"geometry":{"type":"Polygon","coordinates":[[[26.52523608631164,58.33660056763081],[26.52523608631164,58.34559377126806],[26.534229289948886,58.34559377126806],[26.534229289948886,58.33660056763081],[26.52523608631164,58.33660056763081]]]}},{"type":"Feature","properties":{"jobs":11,"pop":14,"pointCount":3,"homeWorkCommuteMedian":14012,"workHomeCommuteMedian":18066},"geometry":{"type":"Polygon","coordinates":[[[26.52523608631164,58.34559377126806],[26.52523608631164,58.3545869749053],[26.534229289948886,58.3545869749053],[26.534229289948886,58.34559377126806],[26.52523608631164,58.34559377126806]]]}},{"type":"Feature","properties":{"jobs":28,"pop":8,"pointCount":2,"homeWorkCommuteMedian":20650,"workHomeCommuteMedian":21250},"geometry":{"type":"Polygon","coordinates":[[[26.52523608631164,58.45351221491501],[26.52523608631164,58.462505418552254],[26.534229289948886,58.462505418552254],[26.534229289948886,58.45351221491501],[26.52523608631164,58.45351221491501]]]}},{"type":"Feature","properties":{"jobs":7,"pop":0,"pointCount":1,"homeWorkCommuteMedian":-1,"workHomeCommuteMedian":6142},"geometry":{"type":"Polygon","coordinates":[[[26.534229289948886,57.98586562577822],[26.534229289948886,57.99485882941546],[26.543222493586132,57.99485882941546],[26.543222493586132,57.98586562577822],[26.534229289948886,57.98586562577822]]]}},{"type":"Feature","properties":{"jobs":20,"pop":17,"pointCount":2,"homeWorkCommuteMedian":25397,"workHomeCommuteMedian":6793},"geometry":{"type":"Polygon","coordinates":[[[26.534229289948886,58.04881805123894],[26.534229289948886,58.057811254876185],[26.543222493586132,58.057811254876185],[26.543222493586132,58.04881805123894],[26.534229289948886,58.04881805123894]]]}},{"type":"Feature","properties":{"jobs":0,"pop":8,"pointCount":1,"homeWorkCommuteMedian":49228,"workHomeCommuteMedian":-1},"geometry":{"type":"Polygon","coordinates":[[[26.534229289948886,58.07579766215068],[26.534229289948886,58.08479086578792],[26.543222493586132,58.08479086578792],[26.543222493586132,58.07579766215068],[26.534229289948886,58.07579766215068]]]}},{"type":"Feature","properties":{"jobs":0,"pop":6,"pointCount":1,"homeWorkCommuteMedian":8932,"workHomeCommuteMedian":-1},"geometry":{"type":"Polygon","coordinates":[[[26.534229289948886,58.09378406942517],[26.534229289948886,58.102777273062415],[26.543222493586132,58.102777273062415],[26.543222493586132,58.09378406942517],[26.534229289948886,58.09378406942517]]]}},{"type":"Feature","properties":{"jobs":0,"pop":9,"pointCount":1,"homeWorkCommuteMedian":32591,"workHomeCommuteMedian":-1},"geometry":{"type":"Polygon","coordinates":[[[26.534229289948886,58.147743291248645],[26.534229289948886,58.15673649488589],[26.543222493586132,58.15673649488589],[26.543222493586132,58.147743291248645],[26.534229289948886,58.147743291248645]]]}},{"type":"Feature","properties":{"jobs":11,"pop":76,"pointCount":3,"homeWorkCommuteMedian":20208,"workHomeCommuteMedian":43698},"geometry":{"type":"Polygon","coordinates":[[[26.534229289948886,58.22868212398386],[26.534229289948886,58.237675327621105],[26.543222493586132,58.237675327621105],[26.543222493586132,58.22868212398386],[26.534229289948886,58.22868212398386]]]}},{"type":"Feature","properties":{"jobs":56,"pop":45,"pointCount":5,"homeWorkCommuteMedian":19916,"workHomeCommuteMedian":13314},"geometry":{"type":"Polygon","coordinates":[[[26.534229289948886,58.237675327621105],[26.534229289948886,58.24666853125835],[26.543222493586132,58.24666853125835],[26.543222493586132,58.237675327621105],[26.534229289948886,58.237675327621105]]]}},{"type":"Feature","properties":{"jobs":9,"pop":12,"pointCount":3,"homeWorkCommuteMedian":18633,"workHomeCommuteMedian":20073},"geometry":{"type":"Polygon","coordinates":[[[26.534229289948886,58.24666853125835],[26.534229289948886,58.2556617348956],[26.543222493586132,58.2556617348956],[26.543222493586132,58.24666853125835],[26.534229289948886,58.24666853125835]]]}},{"type":"Feature","properties":{"jobs":0,"pop":109,"pointCount":4,"homeWorkCommuteMedian":18099,"workHomeCommuteMedian":-1},"geometry":{"type":"Polygon","coordinates":[[[26.534229289948886,58.26465493853284],[26.534229289948886,58.27364814217009],[26.543222493586132,58.27364814217009],[26.543222493586132,58.26465493853284],[26.534229289948886,58.26465493853284]]]}},{"type":"Feature","properties":{"jobs":183,"pop":181,"pointCount":10,"homeWorkCommuteMedian":16262,"workHomeCommuteMedian":9905},"geometry":{"type":"Polygon","coordinates":[[[26.534229289948886,58.27364814217009],[26.534229289948886,58.282641345807335],[26.543222493586132,58.282641345807335],[26.543222493586132,58.27364814217009],[26.534229289948886,58.27364814217009]]]}},{"type":"Feature","properties":{"jobs":0,"pop":84,"pointCount":4,"homeWorkCommuteMedian":16114,"workHomeCommuteMedian":-1},"geometry":{"type":"Polygon","coordinates":[[[26.534229289948886,58.282641345807335],[26.534229289948886,58.29163454944458],[26.543222493586132,58.29163454944458],[26.543222493586132,58.282641345807335],[26.534229289948886,58.282641345807335]]]}},{"type":"Feature","properties":{"jobs":0,"pop":6,"pointCount":1,"homeWorkCommuteMedian":40863,"workHomeCommuteMedian":-1},"geometry":{"type":"Polygon","coordinates":[[[26.534229289948886,58.29163454944458],[26.534229289948886,58.30062775308183],[26.543222493586132,58.30062775308183],[26.543222493586132,58.29163454944458],[26.534229289948886,58.29163454944458]]]}},{"type":"Feature","properties":{"jobs":58,"pop":0,"pointCount":3,"homeWorkCommuteMedian":-1,"workHomeCommuteMedian":12175},"geometry":{"type":"Polygon","coordinates":[[[26.534229289948886,58.30062775308183],[26.534229289948886,58.30962095671907],[26.543222493586132,58.30962095671907],[26.543222493586132,58.30062775308183],[26.534229289948886,58.30062775308183]]]}},{"type":"Feature","properties":{"jobs":20,"pop":0,"pointCount":1,"homeWorkCommuteMedian":-1,"workHomeCommuteMedian":46687},"geometry":{"type":"Polygon","coordinates":[[[26.534229289948886,58.30962095671907],[26.534229289948886,58.31861416035632],[26.543222493586132,58.31861416035632],[26.543222493586132,58.30962095671907],[26.534229289948886,58.30962095671907]]]}},{"type":"Feature","properties":{"jobs":0,"pop":14,"pointCount":1,"homeWorkCommuteMedian":22632,"workHomeCommuteMedian":-1},"geometry":{"type":"Polygon","coordinates":[[[26.534229289948886,58.31861416035632],[26.534229289948886,58.327607363993565],[26.543222493586132,58.327607363993565],[26.543222493586132,58.31861416035632],[26.534229289948886,58.31861416035632]]]}},{"type":"Feature","properties":{"jobs":0,"pop":5,"pointCount":1,"homeWorkCommuteMedian":16433,"workHomeCommuteMedian":-1},"geometry":{"type":"Polygon","coordinates":[[[26.534229289948886,58.33660056763081],[26.534229289948886,58.34559377126806],[26.543222493586132,58.34559377126806],[26.543222493586132,58.33660056763081],[26.534229289948886,58.33660056763081]]]}},{"type":"Feature","properties":{"jobs":0,"pop":8,"pointCount":1,"homeWorkCommuteMedian":6853,"workHomeCommuteMedian":-1},"geometry":{"type":"Polygon","coordinates":[[[26.534229289948886,58.34559377126806],[26.534229289948886,58.3545869749053],[26.543222493586132,58.3545869749053],[26.543222493586132,58.34559377126806],[26.534229289948886,58.34559377126806]]]}},{"type":"Feature","properties":{"jobs":21,"pop":0,"pointCount":3,"homeWorkCommuteMedian":-1,"workHomeCommuteMedian":26506},"geometry":{"type":"Polygon","coordinates":[[[26.534229289948886,58.38156658581704],[26.534229289948886,58.39055978945429],[26.543222493586132,58.39055978945429],[26.543222493586132,58.38156658581704],[26.534229289948886,58.38156658581704]]]}},{"type":"Feature","properties":{"jobs":14,"pop":12,"pointCount":2,"homeWorkCommuteMedian":26310,"workHomeCommuteMedian":6335},"geometry":{"type":"Polygon","coordinates":[[[26.534229289948886,58.552437454924714],[26.534229289948886,58.56143065856196],[26.543222493586132,58.56143065856196],[26.543222493586132,58.552437454924714],[26.534229289948886,58.552437454924714]]]}},{"type":"Feature","properties":{"jobs":9,"pop":19,"pointCount":3,"homeWorkCommuteMedian":24817,"workHomeCommuteMedian":5020},"geometry":{"type":"Polygon","coordinates":[[[26.543222493586132,58.03982484760169],[26.543222493586132,58.04881805123894],[26.552215697223378,58.04881805123894],[26.552215697223378,58.03982484760169],[26.543222493586132,58.03982484760169]]]}},{"type":"Feature","properties":{"jobs":0,"pop":5,"pointCount":1,"homeWorkCommuteMedian":6451,"workHomeCommuteMedian":-1},"geometry":{"type":"Polygon","coordinates":[[[26.543222493586132,58.04881805123894],[26.543222493586132,58.057811254876185],[26.552215697223378,58.057811254876185],[26.552215697223378,58.04881805123894],[26.543222493586132,58.04881805123894]]]}},{"type":"Feature","properties":{"jobs":0,"pop":6,"pointCount":1,"homeWorkCommuteMedian":12232,"workHomeCommuteMedian":-1},"geometry":{"type":"Polygon","coordinates":[[[26.543222493586132,58.08479086578792],[26.543222493586132,58.09378406942517],[26.552215697223378,58.09378406942517],[26.552215697223378,58.08479086578792],[26.543222493586132,58.08479086578792]]]}},{"type":"Feature","properties":{"jobs":33,"pop":10,"pointCount":2,"homeWorkCommuteMedian":28677,"workHomeCommuteMedian":20679},"geometry":{"type":"Polygon","coordinates":[[[26.543222493586132,58.17472290216038],[26.543222493586132,58.18371610579763],[26.552215697223378,58.18371610579763],[26.552215697223378,58.17472290216038],[26.543222493586132,58.17472290216038]]]}},{"type":"Feature","properties":{"jobs":7,"pop":0,"pointCount":1,"homeWorkCommuteMedian":-1,"workHomeCommuteMedian":9906},"geometry":{"type":"Polygon","coordinates":[[[26.543222493586132,58.22868212398386],[26.543222493586132,58.237675327621105],[26.552215697223378,58.237675327621105],[26.552215697223378,58.22868212398386],[26.543222493586132,58.22868212398386]]]}},{"type":"Feature","properties":{"jobs":21,"pop":0,"pointCount":2,"homeWorkCommuteMedian":-1,"workHomeCommuteMedian":7689},"geometry":{"type":"Polygon","coordinates":[[[26.543222493586132,58.237675327621105],[26.543222493586132,58.24666853125835],[26.552215697223378,58.24666853125835],[26.552215697223378,58.237675327621105],[26.543222493586132,58.237675327621105]]]}},{"type":"Feature","properties":{"jobs":0,"pop":9,"pointCount":1,"homeWorkCommuteMedian":25623,"workHomeCommuteMedian":-1},"geometry":{"type":"Polygon","coordinates":[[[26.543222493586132,58.24666853125835],[26.543222493586132,58.2556617348956],[26.552215697223378,58.2556617348956],[26.552215697223378,58.24666853125835],[26.543222493586132,58.24666853125835]]]}},{"type":"Feature","properties":{"jobs":30,"pop":0,"pointCount":1,"homeWorkCommuteMedian":-1,"workHomeCommuteMedian":16881},"geometry":{"type":"Polygon","coordinates":[[[26.543222493586132,58.2556617348956],[26.543222493586132,58.26465493853284],[26.552215697223378,58.26465493853284],[26.552215697223378,58.2556617348956],[26.543222493586132,58.2556617348956]]]}},{"type":"Feature","properties":{"jobs":0,"pop":5,"pointCount":1,"homeWorkCommuteMedian":6028,"workHomeCommuteMedian":-1},"geometry":{"type":"Polygon","coordinates":[[[26.543222493586132,58.26465493853284],[26.543222493586132,58.27364814217009],[26.552215697223378,58.27364814217009],[26.552215697223378,58.26465493853284],[26.543222493586132,58.26465493853284]]]}},{"type":"Feature","properties":{"jobs":6,"pop":54,"pointCount":6,"homeWorkCommuteMedian":7379,"workHomeCommuteMedian":29972},"geometry":{"type":"Polygon","coordinates":[[[26.543222493586132,58.27364814217009],[26.543222493586132,58.282641345807335],[26.552215697223378,58.282641345807335],[26.552215697223378,58.27364814217009],[26.543222493586132,58.27364814217009]]]}},{"type":"Feature","properties":{"jobs":0,"pop":13,"pointCount":1,"homeWorkCommuteMedian":47990,"workHomeCommuteMedian":-1},"geometry":{"type":"Polygon","coordinates":[[[26.543222493586132,58.282641345807335],[26.543222493586132,58.29163454944458],[26.552215697223378,58.29163454944458],[26.552215697223378,58.282641345807335],[26.543222493586132,58.282641345807335]]]}},{"type":"Feature","properties":{"jobs":12,"pop":0,"pointCount":1,"homeWorkCommuteMedian":-1,"workHomeCommuteMedian":15262},"geometry":{"type":"Polygon","coordinates":[[[26.543222493586132,58.30062775308183],[26.543222493586132,58.30962095671907],[26.552215697223378,58.30962095671907],[26.552215697223378,58.30062775308183],[26.543222493586132,58.30062775308183]]]}},{"type":"Feature","properties":{"jobs":42,"pop":68,"pointCount":4,"homeWorkCommuteMedian":21614,"workHomeCommuteMedian":17702},"geometry":{"type":"Polygon","coordinates":[[[26.543222493586132,58.30962095671907],[26.543222493586132,58.31861416035632],[26.552215697223378,58.31861416035632],[26.552215697223378,58.30962095671907],[26.543222493586132,58.30962095671907]]]}},{"type":"Feature","properties":{"jobs":0,"pop":5,"pointCount":1,"homeWorkCommuteMedian":14550,"workHomeCommuteMedian":-1},"geometry":{"type":"Polygon","coordinates":[[[26.543222493586132,58.36358017854255],[26.543222493586132,58.372573382179795],[26.552215697223378,58.372573382179795],[26.552215697223378,58.36358017854255],[26.543222493586132,58.36358017854255]]]}},{"type":"Feature","properties":{"jobs":85,"pop":0,"pointCount":2,"homeWorkCommuteMedian":-1,"workHomeCommuteMedian":34926},"geometry":{"type":"Polygon","coordinates":[[[26.543222493586132,58.38156658581704],[26.543222493586132,58.39055978945429],[26.552215697223378,58.39055978945429],[26.552215697223378,58.38156658581704],[26.543222493586132,58.38156658581704]]]}},{"type":"Feature","properties":{"jobs":12,"pop":0,"pointCount":1,"homeWorkCommuteMedian":-1,"workHomeCommuteMedian":10119},"geometry":{"type":"Polygon","coordinates":[[[26.543222493586132,58.39055978945429],[26.543222493586132,58.39955299309153],[26.552215697223378,58.39955299309153],[26.552215697223378,58.39055978945429],[26.543222493586132,58.39055978945429]]]}},{"type":"Feature","properties":{"jobs":0,"pop":3,"pointCount":1,"homeWorkCommuteMedian":33888,"workHomeCommuteMedian":-1},"geometry":{"type":"Polygon","coordinates":[[[26.552215697223378,57.967879218503725],[26.552215697223378,57.97687242214097],[26.561208900860624,57.97687242214097],[26.561208900860624,57.967879218503725],[26.552215697223378,57.967879218503725]]]}},{"type":"Feature","properties":{"jobs":0,"pop":6,"pointCount":1,"homeWorkCommuteMedian":29331,"workHomeCommuteMedian":-1},"geometry":{"type":"Polygon","coordinates":[[[26.552215697223378,58.04881805123894],[26.552215697223378,58.057811254876185],[26.561208900860624,58.057811254876185],[26.561208900860624,58.04881805123894],[26.552215697223378,58.04881805123894]]]}},{"type":"Feature","properties":{"jobs":0,"pop":13,"pointCount":1,"homeWorkCommuteMedian":62199,"workHomeCommuteMedian":-1},"geometry":{"type":"Polygon","coordinates":[[[26.552215697223378,58.09378406942517],[26.552215697223378,58.102777273062415],[26.561208900860624,58.102777273062415],[26.561208900860624,58.09378406942517],[26.552215697223378,58.09378406942517]]]}},{"type":"Feature","properties":{"jobs":12,"pop":0,"pointCount":1,"homeWorkCommuteMedian":-1,"workHomeCommuteMedian":20324},"geometry":{"type":"Polygon","coordinates":[[[26.552215697223378,58.12975688397415],[26.552215697223378,58.1387500876114],[26.561208900860624,58.1387500876114],[26.561208900860624,58.12975688397415],[26.552215697223378,58.12975688397415]]]}},{"type":"Feature","properties":{"jobs":0,"pop":5,"pointCount":1,"homeWorkCommuteMedian":31413,"workHomeCommuteMedian":-1},"geometry":{"type":"Polygon","coordinates":[[[26.552215697223378,58.1387500876114],[26.552215697223378,58.147743291248645],[26.561208900860624,58.147743291248645],[26.561208900860624,58.1387500876114],[26.552215697223378,58.1387500876114]]]}},{"type":"Feature","properties":{"jobs":0,"pop":9,"pointCount":1,"homeWorkCommuteMedian":7757,"workHomeCommuteMedian":-1},"geometry":{"type":"Polygon","coordinates":[[[26.552215697223378,58.16572969852314],[26.552215697223378,58.17472290216038],[26.561208900860624,58.17472290216038],[26.561208900860624,58.16572969852314],[26.552215697223378,58.16572969852314]]]}},{"type":"Feature","properties":{"jobs":12,"pop":0,"pointCount":1,"homeWorkCommuteMedian":-1,"workHomeCommuteMedian":21980},"geometry":{"type":"Polygon","coordinates":[[[26.552215697223378,58.17472290216038],[26.552215697223378,58.18371610579763],[26.561208900860624,58.18371610579763],[26.561208900860624,58.17472290216038],[26.552215697223378,58.17472290216038]]]}},{"type":"Feature","properties":{"jobs":7,"pop":12,"pointCount":1,"homeWorkCommuteMedian":25482,"workHomeCommuteMedian":71657},"geometry":{"type":"Polygon","coordinates":[[[26.552215697223378,58.192709309434875],[26.552215697223378,58.20170251307212],[26.561208900860624,58.20170251307212],[26.561208900860624,58.192709309434875],[26.552215697223378,58.192709309434875]]]}},{"type":"Feature","properties":{"jobs":0,"pop":9,"pointCount":1,"homeWorkCommuteMedian":26610,"workHomeCommuteMedian":-1},"geometry":{"type":"Polygon","coordinates":[[[26.552215697223378,58.21069571670937],[26.552215697223378,58.21968892034661],[26.561208900860624,58.21968892034661],[26.561208900860624,58.21069571670937],[26.552215697223378,58.21069571670937]]]}},{"type":"Feature","properties":{"jobs":0,"pop":29,"pointCount":2,"homeWorkCommuteMedian":13560,"workHomeCommuteMedian":-1},"geometry":{"type":"Polygon","coordinates":[[[26.552215697223378,58.2556617348956],[26.552215697223378,58.26465493853284],[26.561208900860624,58.26465493853284],[26.561208900860624,58.2556617348956],[26.552215697223378,58.2556617348956]]]}},{"type":"Feature","properties":{"jobs":12,"pop":10,"pointCount":2,"homeWorkCommuteMedian":19210,"workHomeCommuteMedian":26787},"geometry":{"type":"Polygon","coordinates":[[[26.552215697223378,58.26465493853284],[26.552215697223378,58.27364814217009],[26.561208900860624,58.27364814217009],[26.561208900860624,58.26465493853284],[26.552215697223378,58.26465493853284]]]}},{"type":"Feature","properties":{"jobs":244,"pop":164,"pointCount":9,"homeWorkCommuteMedian":11485,"workHomeCommuteMedian":30795},"geometry":{"type":"Polygon","coordinates":[[[26.552215697223378,58.38156658581704],[26.552215697223378,58.39055978945429],[26.561208900860624,58.39055978945429],[26.561208900860624,58.38156658581704],[26.552215697223378,58.38156658581704]]]}},{"type":"Feature","properties":{"jobs":53,"pop":22,"pointCount":3,"homeWorkCommuteMedian":10840,"workHomeCommuteMedian":10832},"geometry":{"type":"Polygon","coordinates":[[[26.552215697223378,58.39055978945429],[26.552215697223378,58.39955299309153],[26.561208900860624,58.39955299309153],[26.561208900860624,58.39055978945429],[26.552215697223378,58.39055978945429]]]}},{"type":"Feature","properties":{"jobs":0,"pop":5,"pointCount":1,"homeWorkCommuteMedian":15633,"workHomeCommuteMedian":-1},"geometry":{"type":"Polygon","coordinates":[[[26.552215697223378,58.42653260400327],[26.552215697223378,58.435525807640516],[26.561208900860624,58.435525807640516],[26.561208900860624,58.42653260400327],[26.552215697223378,58.42653260400327]]]}},{"type":"Feature","properties":{"jobs":0,"pop":13,"pointCount":1,"homeWorkCommuteMedian":16931,"workHomeCommuteMedian":-1},"geometry":{"type":"Polygon","coordinates":[[[26.552215697223378,58.435525807640516],[26.552215697223378,58.44451901127776],[26.561208900860624,58.44451901127776],[26.561208900860624,58.435525807640516],[26.552215697223378,58.435525807640516]]]}},{"type":"Feature","properties":{"jobs":6,"pop":18,"pointCount":2,"homeWorkCommuteMedian":26361,"workHomeCommuteMedian":8494},"geometry":{"type":"Polygon","coordinates":[[[26.552215697223378,58.462505418552254],[26.552215697223378,58.4714986221895],[26.561208900860624,58.4714986221895],[26.561208900860624,58.462505418552254],[26.552215697223378,58.462505418552254]]]}},{"type":"Feature","properties":{"jobs":6,"pop":0,"pointCount":1,"homeWorkCommuteMedian":-1,"workHomeCommuteMedian":22048},"geometry":{"type":"Polygon","coordinates":[[[26.552215697223378,58.480491825826746],[26.552215697223378,58.48948502946399],[26.561208900860624,58.48948502946399],[26.561208900860624,58.480491825826746],[26.552215697223378,58.480491825826746]]]}},{"type":"Feature","properties":{"jobs":0,"pop":10,"pointCount":1,"homeWorkCommuteMedian":13912,"workHomeCommuteMedian":-1},"geometry":{"type":"Polygon","coordinates":[[[26.552215697223378,58.49847823310124],[26.552215697223378,58.507471436738484],[26.561208900860624,58.507471436738484],[26.561208900860624,58.49847823310124],[26.552215697223378,58.49847823310124]]]}},{"type":"Feature","properties":{"jobs":11,"pop":0,"pointCount":1,"homeWorkCommuteMedian":-1,"workHomeCommuteMedian":29579},"geometry":{"type":"Polygon","coordinates":[[[26.552215697223378,58.552437454924714],[26.552215697223378,58.56143065856196],[26.561208900860624,58.56143065856196],[26.561208900860624,58.552437454924714],[26.552215697223378,58.552437454924714]]]}},{"type":"Feature","properties":{"jobs":0,"pop":15,"pointCount":1,"homeWorkCommuteMedian":26295,"workHomeCommuteMedian":-1},"geometry":{"type":"Polygon","coordinates":[[[26.552215697223378,58.57941706583645],[26.552215697223378,58.5884102694737],[26.561208900860624,58.5884102694737],[26.561208900860624,58.57941706583645],[26.552215697223378,58.57941706583645]]]}},{"type":"Feature","properties":{"jobs":1,"pop":0,"pointCount":1,"homeWorkCommuteMedian":-1,"workHomeCommuteMedian":9025},"geometry":{"type":"Polygon","coordinates":[[[26.561208900860624,57.95888601486648],[26.561208900860624,57.967879218503725],[26.57020210449787,57.967879218503725],[26.57020210449787,57.95888601486648],[26.561208900860624,57.95888601486648]]]}},{"type":"Feature","properties":{"jobs":0,"pop":9,"pointCount":1,"homeWorkCommuteMedian":64349,"workHomeCommuteMedian":-1},"geometry":{"type":"Polygon","coordinates":[[[26.561208900860624,57.97687242214097],[26.561208900860624,57.98586562577822],[26.57020210449787,57.98586562577822],[26.57020210449787,57.97687242214097],[26.561208900860624,57.97687242214097]]]}},{"type":"Feature","properties":{"jobs":0,"pop":9,"pointCount":1,"homeWorkCommuteMedian":40242,"workHomeCommuteMedian":-1},"geometry":{"type":"Polygon","coordinates":[[[26.561208900860624,58.04881805123894],[26.561208900860624,58.057811254876185],[26.57020210449787,58.057811254876185],[26.57020210449787,58.04881805123894],[26.561208900860624,58.04881805123894]]]}},{"type":"Feature","properties":{"jobs":14,"pop":7,"pointCount":1,"homeWorkCommuteMedian":27158,"workHomeCommuteMedian":20853},"geometry":{"type":"Polygon","coordinates":[[[26.561208900860624,58.12076368033691],[26.561208900860624,58.12975688397415],[26.57020210449787,58.12975688397415],[26.57020210449787,58.12076368033691],[26.561208900860624,58.12076368033691]]]}},{"type":"Feature","properties":{"jobs":0,"pop":9,"pointCount":1,"homeWorkCommuteMedian":37703,"workHomeCommuteMedian":-1},"geometry":{"type":"Polygon","coordinates":[[[26.561208900860624,58.1387500876114],[26.561208900860624,58.147743291248645],[26.57020210449787,58.147743291248645],[26.57020210449787,58.1387500876114],[26.561208900860624,58.1387500876114]]]}},{"type":"Feature","properties":{"jobs":5,"pop":8,"pointCount":1,"homeWorkCommuteMedian":26896,"workHomeCommuteMedian":30168},"geometry":{"type":"Polygon","coordinates":[[[26.561208900860624,58.17472290216038],[26.561208900860624,58.18371610579763],[26.57020210449787,58.18371610579763],[26.57020210449787,58.17472290216038],[26.561208900860624,58.17472290216038]]]}},{"type":"Feature","properties":{"jobs":0,"pop":7,"pointCount":1,"homeWorkCommuteMedian":26124,"workHomeCommuteMedian":-1},"geometry":{"type":"Polygon","coordinates":[[[26.561208900860624,58.20170251307212],[26.561208900860624,58.21069571670937],[26.57020210449787,58.21069571670937],[26.57020210449787,58.20170251307212],[26.561208900860624,58.20170251307212]]]}},{"type":"Feature","properties":{"jobs":16,"pop":0,"pointCount":1,"homeWorkCommuteMedian":-1,"workHomeCommuteMedian":24271},"geometry":{"type":"Polygon","coordinates":[[[26.561208900860624,58.21069571670937],[26.561208900860624,58.21968892034661],[26.57020210449787,58.21968892034661],[26.57020210449787,58.21069571670937],[26.561208900860624,58.21069571670937]]]}},{"type":"Feature","properties":{"jobs":15,"pop":11,"pointCount":2,"homeWorkCommuteMedian":42860,"workHomeCommuteMedian":25250},"geometry":{"type":"Polygon","coordinates":[[[26.561208900860624,58.21968892034661],[26.561208900860624,58.22868212398386],[26.57020210449787,58.22868212398386],[26.57020210449787,58.21968892034661],[26.561208900860624,58.21968892034661]]]}},{"type":"Feature","properties":{"jobs":0,"pop":11,"pointCount":1,"homeWorkCommuteMedian":18005,"workHomeCommuteMedian":-1},"geometry":{"type":"Polygon","coordinates":[[[26.561208900860624,58.22868212398386],[26.561208900860624,58.237675327621105],[26.57020210449787,58.237675327621105],[26.57020210449787,58.22868212398386],[26.561208900860624,58.22868212398386]]]}},{"type":"Feature","properties":{"jobs":10,"pop":0,"pointCount":1,"homeWorkCommuteMedian":-1,"workHomeCommuteMedian":14757},"geometry":{"type":"Polygon","coordinates":[[[26.561208900860624,58.2556617348956],[26.561208900860624,58.26465493853284],[26.57020210449787,58.26465493853284],[26.57020210449787,58.2556617348956],[26.561208900860624,58.2556617348956]]]}},{"type":"Feature","properties":{"jobs":0,"pop":11,"pointCount":1,"homeWorkCommuteMedian":16230,"workHomeCommuteMedian":-1},"geometry":{"type":"Polygon","coordinates":[[[26.561208900860624,58.27364814217009],[26.561208900860624,58.282641345807335],[26.57020210449787,58.282641345807335],[26.57020210449787,58.27364814217009],[26.561208900860624,58.27364814217009]]]}},{"type":"Feature","properties":{"jobs":26,"pop":8,"pointCount":2,"homeWorkCommuteMedian":14591,"workHomeCommuteMedian":52179},"geometry":{"type":"Polygon","coordinates":[[[26.561208900860624,58.29163454944458],[26.561208900860624,58.30062775308183],[26.57020210449787,58.30062775308183],[26.57020210449787,58.29163454944458],[26.561208900860624,58.29163454944458]]]}},{"type":"Feature","properties":{"jobs":0,"pop":9,"pointCount":1,"homeWorkCommuteMedian":36299,"workHomeCommuteMedian":-1},"geometry":{"type":"Polygon","coordinates":[[[26.561208900860624,58.372573382179795],[26.561208900860624,58.38156658581704],[26.57020210449787,58.38156658581704],[26.57020210449787,58.372573382179795],[26.561208900860624,58.372573382179795]]]}},{"type":"Feature","properties":{"jobs":75,"pop":94,"pointCount":3,"homeWorkCommuteMedian":10748,"workHomeCommuteMedian":15485},"geometry":{"type":"Polygon","coordinates":[[[26.561208900860624,58.38156658581704],[26.561208900860624,58.39055978945429],[26.57020210449787,58.39055978945429],[26.57020210449787,58.38156658581704],[26.561208900860624,58.38156658581704]]]}},{"type":"Feature","properties":{"jobs":0,"pop":8,"pointCount":1,"homeWorkCommuteMedian":15045,"workHomeCommuteMedian":-1},"geometry":{"type":"Polygon","coordinates":[[[26.561208900860624,58.39055978945429],[26.561208900860624,58.39955299309153],[26.57020210449787,58.39955299309153],[26.57020210449787,58.39055978945429],[26.561208900860624,58.39055978945429]]]}},{"type":"Feature","properties":{"jobs":0,"pop":7,"pointCount":1,"homeWorkCommuteMedian":10657,"workHomeCommuteMedian":-1},"geometry":{"type":"Polygon","coordinates":[[[26.561208900860624,58.435525807640516],[26.561208900860624,58.44451901127776],[26.57020210449787,58.44451901127776],[26.57020210449787,58.435525807640516],[26.561208900860624,58.435525807640516]]]}},{"type":"Feature","properties":{"jobs":0,"pop":7,"pointCount":1,"homeWorkCommuteMedian":16428,"workHomeCommuteMedian":-1},"geometry":{"type":"Polygon","coordinates":[[[26.561208900860624,58.44451901127776],[26.561208900860624,58.45351221491501],[26.57020210449787,58.45351221491501],[26.57020210449787,58.44451901127776],[26.561208900860624,58.44451901127776]]]}},{"type":"Feature","properties":{"jobs":14,"pop":0,"pointCount":1,"homeWorkCommuteMedian":-1,"workHomeCommuteMedian":41609},"geometry":{"type":"Polygon","coordinates":[[[26.561208900860624,58.462505418552254],[26.561208900860624,58.4714986221895],[26.57020210449787,58.4714986221895],[26.57020210449787,58.462505418552254],[26.561208900860624,58.462505418552254]]]}},{"type":"Feature","properties":{"jobs":0,"pop":6,"pointCount":1,"homeWorkCommuteMedian":38995,"workHomeCommuteMedian":-1},"geometry":{"type":"Polygon","coordinates":[[[26.561208900860624,58.507471436738484],[26.561208900860624,58.51646464037573],[26.57020210449787,58.51646464037573],[26.57020210449787,58.507471436738484],[26.561208900860624,58.507471436738484]]]}},{"type":"Feature","properties":{"jobs":6,"pop":11,"pointCount":2,"homeWorkCommuteMedian":23542,"workHomeCommuteMedian":25959},"geometry":{"type":"Polygon","coordinates":[[[26.561208900860624,58.552437454924714],[26.561208900860624,58.56143065856196],[26.57020210449787,58.56143065856196],[26.57020210449787,58.552437454924714],[26.561208900860624,58.552437454924714]]]}},{"type":"Feature","properties":{"jobs":0,"pop":14,"pointCount":1,"homeWorkCommuteMedian":7206,"workHomeCommuteMedian":-1},"geometry":{"type":"Polygon","coordinates":[[[26.57020210449787,58.04881805123894],[26.57020210449787,58.057811254876185],[26.579195308135116,58.057811254876185],[26.579195308135116,58.04881805123894],[26.57020210449787,58.04881805123894]]]}},{"type":"Feature","properties":{"jobs":5,"pop":0,"pointCount":1,"homeWorkCommuteMedian":-1,"workHomeCommuteMedian":16704},"geometry":{"type":"Polygon","coordinates":[[[26.57020210449787,58.16572969852314],[26.57020210449787,58.17472290216038],[26.579195308135116,58.17472290216038],[26.579195308135116,58.16572969852314],[26.57020210449787,58.16572969852314]]]}},{"type":"Feature","properties":{"jobs":0,"pop":13,"pointCount":1,"homeWorkCommuteMedian":35633,"workHomeCommuteMedian":-1},"geometry":{"type":"Polygon","coordinates":[[[26.57020210449787,58.17472290216038],[26.57020210449787,58.18371610579763],[26.579195308135116,58.18371610579763],[26.579195308135116,58.17472290216038],[26.57020210449787,58.17472290216038]]]}},{"type":"Feature","properties":{"jobs":106,"pop":5,"pointCount":3,"homeWorkCommuteMedian":25197,"workHomeCommuteMedian":17922},"geometry":{"type":"Polygon","coordinates":[[[26.57020210449787,58.192709309434875],[26.57020210449787,58.20170251307212],[26.579195308135116,58.20170251307212],[26.579195308135116,58.192709309434875],[26.57020210449787,58.192709309434875]]]}},{"type":"Feature","properties":{"jobs":0,"pop":10,"pointCount":1,"homeWorkCommuteMedian":11929,"workHomeCommuteMedian":-1},"geometry":{"type":"Polygon","coordinates":[[[26.57020210449787,58.20170251307212],[26.57020210449787,58.21069571670937],[26.579195308135116,58.21069571670937],[26.579195308135116,58.20170251307212],[26.57020210449787,58.20170251307212]]]}},{"type":"Feature","properties":{"jobs":0,"pop":9,"pointCount":1,"homeWorkCommuteMedian":7328,"workHomeCommuteMedian":-1},"geometry":{"type":"Polygon","coordinates":[[[26.57020210449787,58.22868212398386],[26.57020210449787,58.237675327621105],[26.579195308135116,58.237675327621105],[26.579195308135116,58.22868212398386],[26.57020210449787,58.22868212398386]]]}},{"type":"Feature","properties":{"jobs":19,"pop":12,"pointCount":2,"homeWorkCommuteMedian":33419,"workHomeCommuteMedian":13944},"geometry":{"type":"Polygon","coordinates":[[[26.57020210449787,58.237675327621105],[26.57020210449787,58.24666853125835],[26.579195308135116,58.24666853125835],[26.579195308135116,58.237675327621105],[26.57020210449787,58.237675327621105]]]}},{"type":"Feature","properties":{"jobs":0,"pop":12,"pointCount":1,"homeWorkCommuteMedian":8429,"workHomeCommuteMedian":-1},"geometry":{"type":"Polygon","coordinates":[[[26.57020210449787,58.26465493853284],[26.57020210449787,58.27364814217009],[26.579195308135116,58.27364814217009],[26.579195308135116,58.26465493853284],[26.57020210449787,58.26465493853284]]]}},{"type":"Feature","properties":{"jobs":0,"pop":20,"pointCount":2,"homeWorkCommuteMedian":7689,"workHomeCommuteMedian":-1},"geometry":{"type":"Polygon","coordinates":[[[26.57020210449787,58.282641345807335],[26.57020210449787,58.29163454944458],[26.579195308135116,58.29163454944458],[26.579195308135116,58.282641345807335],[26.57020210449787,58.282641345807335]]]}},{"type":"Feature","properties":{"jobs":0,"pop":9,"pointCount":1,"homeWorkCommuteMedian":7523,"workHomeCommuteMedian":-1},"geometry":{"type":"Polygon","coordinates":[[[26.57020210449787,58.34559377126806],[26.57020210449787,58.3545869749053],[26.579195308135116,58.3545869749053],[26.579195308135116,58.34559377126806],[26.57020210449787,58.34559377126806]]]}},{"type":"Feature","properties":{"jobs":21,"pop":0,"pointCount":2,"homeWorkCommuteMedian":-1,"workHomeCommuteMedian":11119},"geometry":{"type":"Polygon","coordinates":[[[26.57020210449787,58.3545869749053],[26.57020210449787,58.36358017854255],[26.579195308135116,58.36358017854255],[26.579195308135116,58.3545869749053],[26.57020210449787,58.3545869749053]]]}},{"type":"Feature","properties":{"jobs":0,"pop":29,"pointCount":3,"homeWorkCommuteMedian":13327,"workHomeCommuteMedian":-1},"geometry":{"type":"Polygon","coordinates":[[[26.57020210449787,58.38156658581704],[26.57020210449787,58.39055978945429],[26.579195308135116,58.39055978945429],[26.579195308135116,58.38156658581704],[26.57020210449787,58.38156658581704]]]}},{"type":"Feature","properties":{"jobs":0,"pop":11,"pointCount":1,"homeWorkCommuteMedian":10343,"workHomeCommuteMedian":-1},"geometry":{"type":"Polygon","coordinates":[[[26.57020210449787,58.40854619672878],[26.57020210449787,58.417539400366024],[26.579195308135116,58.417539400366024],[26.579195308135116,58.40854619672878],[26.57020210449787,58.40854619672878]]]}},{"type":"Feature","properties":{"jobs":0,"pop":5,"pointCount":1,"homeWorkCommuteMedian":12064,"workHomeCommuteMedian":-1},"geometry":{"type":"Polygon","coordinates":[[[26.57020210449787,58.417539400366024],[26.57020210449787,58.42653260400327],[26.579195308135116,58.42653260400327],[26.579195308135116,58.417539400366024],[26.57020210449787,58.417539400366024]]]}},{"type":"Feature","properties":{"jobs":8,"pop":0,"pointCount":1,"homeWorkCommuteMedian":-1,"workHomeCommuteMedian":3444},"geometry":{"type":"Polygon","coordinates":[[[26.57020210449787,58.54344425128747],[26.57020210449787,58.552437454924714],[26.579195308135116,58.552437454924714],[26.579195308135116,58.54344425128747],[26.57020210449787,58.54344425128747]]]}},{"type":"Feature","properties":{"jobs":104,"pop":14,"pointCount":7,"homeWorkCommuteMedian":11744,"workHomeCommuteMedian":40863},"geometry":{"type":"Polygon","coordinates":[[[26.57020210449787,58.552437454924714],[26.57020210449787,58.56143065856196],[26.579195308135116,58.56143065856196],[26.579195308135116,58.552437454924714],[26.57020210449787,58.552437454924714]]]}},{"type":"Feature","properties":{"jobs":6,"pop":0,"pointCount":1,"homeWorkCommuteMedian":-1,"workHomeCommuteMedian":75875},"geometry":{"type":"Polygon","coordinates":[[[26.57020210449787,58.56143065856196],[26.57020210449787,58.570423862199206],[26.579195308135116,58.570423862199206],[26.579195308135116,58.56143065856196],[26.57020210449787,58.56143065856196]]]}},{"type":"Feature","properties":{"jobs":0,"pop":10,"pointCount":1,"homeWorkCommuteMedian":35747,"workHomeCommuteMedian":-1},"geometry":{"type":"Polygon","coordinates":[[[26.579195308135116,58.09378406942517],[26.579195308135116,58.102777273062415],[26.588188511772362,58.102777273062415],[26.588188511772362,58.09378406942517],[26.579195308135116,58.09378406942517]]]}},{"type":"Feature","properties":{"jobs":16,"pop":0,"pointCount":1,"homeWorkCommuteMedian":-1,"workHomeCommuteMedian":37890},"geometry":{"type":"Polygon","coordinates":[[[26.579195308135116,58.11177047669966],[26.579195308135116,58.12076368033691],[26.588188511772362,58.12076368033691],[26.588188511772362,58.11177047669966],[26.579195308135116,58.11177047669966]]]}},{"type":"Feature","properties":{"jobs":5,"pop":0,"pointCount":1,"homeWorkCommuteMedian":-1,"workHomeCommuteMedian":35036},"geometry":{"type":"Polygon","coordinates":[[[26.579195308135116,58.12076368033691],[26.579195308135116,58.12975688397415],[26.588188511772362,58.12975688397415],[26.588188511772362,58.12076368033691],[26.579195308135116,58.12076368033691]]]}},{"type":"Feature","properties":{"jobs":9,"pop":9,"pointCount":2,"homeWorkCommuteMedian":11870,"workHomeCommuteMedian":7907},"geometry":{"type":"Polygon","coordinates":[[[26.579195308135116,58.192709309434875],[26.579195308135116,58.20170251307212],[26.588188511772362,58.20170251307212],[26.588188511772362,58.192709309434875],[26.579195308135116,58.192709309434875]]]}},{"type":"Feature","properties":{"jobs":0,"pop":5,"pointCount":1,"homeWorkCommuteMedian":26839,"workHomeCommuteMedian":-1},"geometry":{"type":"Polygon","coordinates":[[[26.579195308135116,58.20170251307212],[26.579195308135116,58.21069571670937],[26.588188511772362,58.21069571670937],[26.588188511772362,58.20170251307212],[26.579195308135116,58.20170251307212]]]}},{"type":"Feature","properties":{"jobs":0,"pop":8,"pointCount":1,"homeWorkCommuteMedian":9749,"workHomeCommuteMedian":-1},"geometry":{"type":"Polygon","coordinates":[[[26.579195308135116,58.21069571670937],[26.579195308135116,58.21968892034661],[26.588188511772362,58.21968892034661],[26.588188511772362,58.21069571670937],[26.579195308135116,58.21069571670937]]]}},{"type":"Feature","properties":{"jobs":0,"pop":9,"pointCount":1,"homeWorkCommuteMedian":14605,"workHomeCommuteMedian":-1},"geometry":{"type":"Polygon","coordinates":[[[26.579195308135116,58.27364814217009],[26.579195308135116,58.282641345807335],[26.588188511772362,58.282641345807335],[26.588188511772362,58.27364814217009],[26.579195308135116,58.27364814217009]]]}},{"type":"Feature","properties":{"jobs":0,"pop":8,"pointCount":1,"homeWorkCommuteMedian":9453,"workHomeCommuteMedian":-1},"geometry":{"type":"Polygon","coordinates":[[[26.579195308135116,58.29163454944458],[26.579195308135116,58.30062775308183],[26.588188511772362,58.30062775308183],[26.588188511772362,58.29163454944458],[26.579195308135116,58.29163454944458]]]}},{"type":"Feature","properties":{"jobs":32,"pop":6,"pointCount":2,"homeWorkCommuteMedian":16886,"workHomeCommuteMedian":9865},"geometry":{"type":"Polygon","coordinates":[[[26.579195308135116,58.30962095671907],[26.579195308135116,58.31861416035632],[26.588188511772362,58.31861416035632],[26.588188511772362,58.30962095671907],[26.579195308135116,58.30962095671907]]]}},{"type":"Feature","properties":{"jobs":0,"pop":11,"pointCount":2,"homeWorkCommuteMedian":17396,"workHomeCommuteMedian":-1},"geometry":{"type":"Polygon","coordinates":[[[26.579195308135116,58.31861416035632],[26.579195308135116,58.327607363993565],[26.588188511772362,58.327607363993565],[26.588188511772362,58.31861416035632],[26.579195308135116,58.31861416035632]]]}},{"type":"Feature","properties":{"jobs":0,"pop":14,"pointCount":1,"homeWorkCommuteMedian":13987,"workHomeCommuteMedian":-1},"geometry":{"type":"Polygon","coordinates":[[[26.579195308135116,58.36358017854255],[26.579195308135116,58.372573382179795],[26.588188511772362,58.372573382179795],[26.588188511772362,58.36358017854255],[26.579195308135116,58.36358017854255]]]}},{"type":"Feature","properties":{"jobs":13,"pop":11,"pointCount":2,"homeWorkCommuteMedian":9532,"workHomeCommuteMedian":10989},"geometry":{"type":"Polygon","coordinates":[[[26.579195308135116,58.38156658581704],[26.579195308135116,58.39055978945429],[26.588188511772362,58.39055978945429],[26.588188511772362,58.38156658581704],[26.579195308135116,58.38156658581704]]]}},{"type":"Feature","properties":{"jobs":0,"pop":6,"pointCount":1,"homeWorkCommuteMedian":10044,"workHomeCommuteMedian":-1},"geometry":{"type":"Polygon","coordinates":[[[26.579195308135116,58.39955299309153],[26.579195308135116,58.40854619672878],[26.588188511772362,58.40854619672878],[26.588188511772362,58.39955299309153],[26.579195308135116,58.39955299309153]]]}},{"type":"Feature","properties":{"jobs":10,"pop":0,"pointCount":1,"homeWorkCommuteMedian":-1,"workHomeCommuteMedian":16240},"geometry":{"type":"Polygon","coordinates":[[[26.579195308135116,58.42653260400327],[26.579195308135116,58.435525807640516],[26.588188511772362,58.435525807640516],[26.588188511772362,58.42653260400327],[26.579195308135116,58.42653260400327]]]}},{"type":"Feature","properties":{"jobs":0,"pop":5,"pointCount":1,"homeWorkCommuteMedian":23843,"workHomeCommuteMedian":-1},"geometry":{"type":"Polygon","coordinates":[[[26.579195308135116,58.462505418552254],[26.579195308135116,58.4714986221895],[26.588188511772362,58.4714986221895],[26.588188511772362,58.462505418552254],[26.579195308135116,58.462505418552254]]]}},{"type":"Feature","properties":{"jobs":0,"pop":6,"pointCount":1,"homeWorkCommuteMedian":23823,"workHomeCommuteMedian":-1},"geometry":{"type":"Polygon","coordinates":[[[26.579195308135116,58.4714986221895],[26.579195308135116,58.480491825826746],[26.588188511772362,58.480491825826746],[26.588188511772362,58.4714986221895],[26.579195308135116,58.4714986221895]]]}},{"type":"Feature","properties":{"jobs":0,"pop":6,"pointCount":1,"homeWorkCommuteMedian":20197,"workHomeCommuteMedian":-1},"geometry":{"type":"Polygon","coordinates":[[[26.579195308135116,58.480491825826746],[26.579195308135116,58.48948502946399],[26.588188511772362,58.48948502946399],[26.588188511772362,58.480491825826746],[26.579195308135116,58.480491825826746]]]}},{"type":"Feature","properties":{"jobs":0,"pop":7,"pointCount":1,"homeWorkCommuteMedian":17012,"workHomeCommuteMedian":-1},"geometry":{"type":"Polygon","coordinates":[[[26.579195308135116,58.525457844012976],[26.579195308135116,58.53445104765022],[26.588188511772362,58.53445104765022],[26.588188511772362,58.525457844012976],[26.579195308135116,58.525457844012976]]]}},{"type":"Feature","properties":{"jobs":0,"pop":8,"pointCount":1,"homeWorkCommuteMedian":32321,"workHomeCommuteMedian":-1},"geometry":{"type":"Polygon","coordinates":[[[26.579195308135116,58.54344425128747],[26.579195308135116,58.552437454924714],[26.588188511772362,58.552437454924714],[26.588188511772362,58.54344425128747],[26.579195308135116,58.54344425128747]]]}},{"type":"Feature","properties":{"jobs":94,"pop":23,"pointCount":5,"homeWorkCommuteMedian":24645,"workHomeCommuteMedian":36756},"geometry":{"type":"Polygon","coordinates":[[[26.579195308135116,58.552437454924714],[26.579195308135116,58.56143065856196],[26.588188511772362,58.56143065856196],[26.588188511772362,58.552437454924714],[26.579195308135116,58.552437454924714]]]}},{"type":"Feature","properties":{"jobs":0,"pop":5,"pointCount":1,"homeWorkCommuteMedian":26906,"workHomeCommuteMedian":-1},"geometry":{"type":"Polygon","coordinates":[[[26.579195308135116,58.56143065856196],[26.579195308135116,58.570423862199206],[26.588188511772362,58.570423862199206],[26.588188511772362,58.56143065856196],[26.579195308135116,58.56143065856196]]]}},{"type":"Feature","properties":{"jobs":0,"pop":6,"pointCount":1,"homeWorkCommuteMedian":49285,"workHomeCommuteMedian":-1},"geometry":{"type":"Polygon","coordinates":[[[26.588188511772362,58.00385203305271],[26.588188511772362,58.012845236689955],[26.597181715409608,58.012845236689955],[26.597181715409608,58.00385203305271],[26.588188511772362,58.00385203305271]]]}},{"type":"Feature","properties":{"jobs":11,"pop":14,"pointCount":2,"homeWorkCommuteMedian":42048,"workHomeCommuteMedian":40553},"geometry":{"type":"Polygon","coordinates":[[[26.588188511772362,58.06680445851343],[26.588188511772362,58.07579766215068],[26.597181715409608,58.07579766215068],[26.597181715409608,58.06680445851343],[26.588188511772362,58.06680445851343]]]}},{"type":"Feature","properties":{"jobs":0,"pop":13,"pointCount":2,"homeWorkCommuteMedian":23564,"workHomeCommuteMedian":-1},"geometry":{"type":"Polygon","coordinates":[[[26.588188511772362,58.18371610579763],[26.588188511772362,58.192709309434875],[26.597181715409608,58.192709309434875],[26.597181715409608,58.18371610579763],[26.588188511772362,58.18371610579763]]]}},{"type":"Feature","properties":{"jobs":16,"pop":13,"pointCount":2,"homeWorkCommuteMedian":15119,"workHomeCommuteMedian":39510},"geometry":{"type":"Polygon","coordinates":[[[26.588188511772362,58.192709309434875],[26.588188511772362,58.20170251307212],[26.597181715409608,58.20170251307212],[26.597181715409608,58.192709309434875],[26.588188511772362,58.192709309434875]]]}},{"type":"Feature","properties":{"jobs":0,"pop":12,"pointCount":1,"homeWorkCommuteMedian":24786,"workHomeCommuteMedian":-1},"geometry":{"type":"Polygon","coordinates":[[[26.588188511772362,58.20170251307212],[26.588188511772362,58.21069571670937],[26.597181715409608,58.21069571670937],[26.597181715409608,58.20170251307212],[26.588188511772362,58.20170251307212]]]}},{"type":"Feature","properties":{"jobs":0,"pop":6,"pointCount":1,"homeWorkCommuteMedian":16078,"workHomeCommuteMedian":-1},"geometry":{"type":"Polygon","coordinates":[[[26.588188511772362,58.24666853125835],[26.588188511772362,58.2556617348956],[26.597181715409608,58.2556617348956],[26.597181715409608,58.24666853125835],[26.588188511772362,58.24666853125835]]]}},{"type":"Feature","properties":{"jobs":0,"pop":7,"pointCount":1,"homeWorkCommuteMedian":26951,"workHomeCommuteMedian":-1},"geometry":{"type":"Polygon","coordinates":[[[26.588188511772362,58.2556617348956],[26.588188511772362,58.26465493853284],[26.597181715409608,58.26465493853284],[26.597181715409608,58.2556617348956],[26.588188511772362,58.2556617348956]]]}},{"type":"Feature","properties":{"jobs":0,"pop":10,"pointCount":2,"homeWorkCommuteMedian":11784,"workHomeCommuteMedian":-1},"geometry":{"type":"Polygon","coordinates":[[[26.588188511772362,58.30062775308183],[26.588188511772362,58.30962095671907],[26.597181715409608,58.30962095671907],[26.597181715409608,58.30062775308183],[26.588188511772362,58.30062775308183]]]}},{"type":"Feature","properties":{"jobs":0,"pop":12,"pointCount":1,"homeWorkCommuteMedian":48326,"workHomeCommuteMedian":-1},"geometry":{"type":"Polygon","coordinates":[[[26.588188511772362,58.33660056763081],[26.588188511772362,58.34559377126806],[26.597181715409608,58.34559377126806],[26.597181715409608,58.33660056763081],[26.588188511772362,58.33660056763081]]]}},{"type":"Feature","properties":{"jobs":121,"pop":0,"pointCount":3,"homeWorkCommuteMedian":-1,"workHomeCommuteMedian":8814},"geometry":{"type":"Polygon","coordinates":[[[26.588188511772362,58.3545869749053],[26.588188511772362,58.36358017854255],[26.597181715409608,58.36358017854255],[26.597181715409608,58.3545869749053],[26.588188511772362,58.3545869749053]]]}},{"type":"Feature","properties":{"jobs":8,"pop":0,"pointCount":1,"homeWorkCommuteMedian":-1,"workHomeCommuteMedian":16203},"geometry":{"type":"Polygon","coordinates":[[[26.588188511772362,58.435525807640516],[26.588188511772362,58.44451901127776],[26.597181715409608,58.44451901127776],[26.597181715409608,58.435525807640516],[26.588188511772362,58.435525807640516]]]}},{"type":"Feature","properties":{"jobs":0,"pop":16,"pointCount":1,"homeWorkCommuteMedian":14030,"workHomeCommuteMedian":-1},"geometry":{"type":"Polygon","coordinates":[[[26.588188511772362,58.44451901127776],[26.588188511772362,58.45351221491501],[26.597181715409608,58.45351221491501],[26.597181715409608,58.44451901127776],[26.588188511772362,58.44451901127776]]]}},{"type":"Feature","properties":{"jobs":4,"pop":0,"pointCount":1,"homeWorkCommuteMedian":-1,"workHomeCommuteMedian":17656},"geometry":{"type":"Polygon","coordinates":[[[26.588188511772362,58.4714986221895],[26.588188511772362,58.480491825826746],[26.597181715409608,58.480491825826746],[26.597181715409608,58.4714986221895],[26.588188511772362,58.4714986221895]]]}},{"type":"Feature","properties":{"jobs":0,"pop":6,"pointCount":1,"homeWorkCommuteMedian":28425,"workHomeCommuteMedian":-1},"geometry":{"type":"Polygon","coordinates":[[[26.588188511772362,58.53445104765022],[26.588188511772362,58.54344425128747],[26.597181715409608,58.54344425128747],[26.597181715409608,58.53445104765022],[26.588188511772362,58.53445104765022]]]}},{"type":"Feature","properties":{"jobs":53,"pop":28,"pointCount":5,"homeWorkCommuteMedian":24369,"workHomeCommuteMedian":8977},"geometry":{"type":"Polygon","coordinates":[[[26.588188511772362,58.54344425128747],[26.588188511772362,58.552437454924714],[26.597181715409608,58.552437454924714],[26.597181715409608,58.54344425128747],[26.588188511772362,58.54344425128747]]]}},{"type":"Feature","properties":{"jobs":5,"pop":90,"pointCount":4,"homeWorkCommuteMedian":24152,"workHomeCommuteMedian":39030},"geometry":{"type":"Polygon","coordinates":[[[26.588188511772362,58.552437454924714],[26.588188511772362,58.56143065856196],[26.597181715409608,58.56143065856196],[26.597181715409608,58.552437454924714],[26.588188511772362,58.552437454924714]]]}},{"type":"Feature","properties":{"jobs":3,"pop":7,"pointCount":2,"homeWorkCommuteMedian":26657,"workHomeCommuteMedian":36705},"geometry":{"type":"Polygon","coordinates":[[[26.588188511772362,58.56143065856196],[26.588188511772362,58.570423862199206],[26.597181715409608,58.570423862199206],[26.597181715409608,58.56143065856196],[26.588188511772362,58.56143065856196]]]}},{"type":"Feature","properties":{"jobs":0,"pop":5,"pointCount":1,"homeWorkCommuteMedian":6008,"workHomeCommuteMedian":-1},"geometry":{"type":"Polygon","coordinates":[[[26.588188511772362,58.57941706583645],[26.588188511772362,58.5884102694737],[26.597181715409608,58.5884102694737],[26.597181715409608,58.57941706583645],[26.588188511772362,58.57941706583645]]]}},{"type":"Feature","properties":{"jobs":0,"pop":11,"pointCount":1,"homeWorkCommuteMedian":45620,"workHomeCommuteMedian":-1},"geometry":{"type":"Polygon","coordinates":[[[26.597181715409608,57.94089960759199],[26.597181715409608,57.94989281122923],[26.606174919046854,57.94989281122923],[26.606174919046854,57.94089960759199],[26.597181715409608,57.94089960759199]]]}},{"type":"Feature","properties":{"jobs":0,"pop":5,"pointCount":1,"homeWorkCommuteMedian":41018,"workHomeCommuteMedian":-1},"geometry":{"type":"Polygon","coordinates":[[[26.597181715409608,58.057811254876185],[26.597181715409608,58.06680445851343],[26.606174919046854,58.06680445851343],[26.606174919046854,58.057811254876185],[26.597181715409608,58.057811254876185]]]}},{"type":"Feature","properties":{"jobs":0,"pop":11,"pointCount":1,"homeWorkCommuteMedian":48037,"workHomeCommuteMedian":-1},"geometry":{"type":"Polygon","coordinates":[[[26.597181715409608,58.08479086578792],[26.597181715409608,58.09378406942517],[26.606174919046854,58.09378406942517],[26.606174919046854,58.08479086578792],[26.597181715409608,58.08479086578792]]]}},{"type":"Feature","properties":{"jobs":9,"pop":0,"pointCount":1,"homeWorkCommuteMedian":-1,"workHomeCommuteMedian":33690},"geometry":{"type":"Polygon","coordinates":[[[26.597181715409608,58.16572969852314],[26.597181715409608,58.17472290216038],[26.606174919046854,58.17472290216038],[26.606174919046854,58.16572969852314],[26.597181715409608,58.16572969852314]]]}},{"type":"Feature","properties":{"jobs":4,"pop":0,"pointCount":1,"homeWorkCommuteMedian":-1,"workHomeCommuteMedian":15418},"geometry":{"type":"Polygon","coordinates":[[[26.597181715409608,58.21968892034661],[26.597181715409608,58.22868212398386],[26.606174919046854,58.22868212398386],[26.606174919046854,58.21968892034661],[26.597181715409608,58.21968892034661]]]}},{"type":"Feature","properties":{"jobs":0,"pop":5,"pointCount":1,"homeWorkCommuteMedian":24112,"workHomeCommuteMedian":-1},"geometry":{"type":"Polygon","coordinates":[[[26.597181715409608,58.2556617348956],[26.597181715409608,58.26465493853284],[26.606174919046854,58.26465493853284],[26.606174919046854,58.2556617348956],[26.597181715409608,58.2556617348956]]]}},{"type":"Feature","properties":{"jobs":19,"pop":0,"pointCount":1,"homeWorkCommuteMedian":-1,"workHomeCommuteMedian":14154},"geometry":{"type":"Polygon","coordinates":[[[26.597181715409608,58.27364814217009],[26.597181715409608,58.282641345807335],[26.606174919046854,58.282641345807335],[26.606174919046854,58.27364814217009],[26.597181715409608,58.27364814217009]]]}},{"type":"Feature","properties":{"jobs":0,"pop":22,"pointCount":2,"homeWorkCommuteMedian":10848,"workHomeCommuteMedian":-1},"geometry":{"type":"Polygon","coordinates":[[[26.597181715409608,58.30962095671907],[26.597181715409608,58.31861416035632],[26.606174919046854,58.31861416035632],[26.606174919046854,58.30962095671907],[26.597181715409608,58.30962095671907]]]}},{"type":"Feature","properties":{"jobs":0,"pop":10,"pointCount":2,"homeWorkCommuteMedian":11834,"workHomeCommuteMedian":-1},"geometry":{"type":"Polygon","coordinates":[[[26.597181715409608,58.31861416035632],[26.597181715409608,58.327607363993565],[26.606174919046854,58.327607363993565],[26.606174919046854,58.31861416035632],[26.597181715409608,58.31861416035632]]]}},{"type":"Feature","properties":{"jobs":13,"pop":20,"pointCount":3,"homeWorkCommuteMedian":9412,"workHomeCommuteMedian":18626},"geometry":{"type":"Polygon","coordinates":[[[26.597181715409608,58.327607363993565],[26.597181715409608,58.33660056763081],[26.606174919046854,58.33660056763081],[26.606174919046854,58.327607363993565],[26.597181715409608,58.327607363993565]]]}},{"type":"Feature","properties":{"jobs":0,"pop":5,"pointCount":1,"homeWorkCommuteMedian":12146,"workHomeCommuteMedian":-1},"geometry":{"type":"Polygon","coordinates":[[[26.597181715409608,58.33660056763081],[26.597181715409608,58.34559377126806],[26.606174919046854,58.34559377126806],[26.606174919046854,58.33660056763081],[26.597181715409608,58.33660056763081]]]}},{"type":"Feature","properties":{"jobs":0,"pop":16,"pointCount":2,"homeWorkCommuteMedian":10293,"workHomeCommuteMedian":-1},"geometry":{"type":"Polygon","coordinates":[[[26.597181715409608,58.34559377126806],[26.597181715409608,58.3545869749053],[26.606174919046854,58.3545869749053],[26.606174919046854,58.34559377126806],[26.597181715409608,58.34559377126806]]]}},{"type":"Feature","properties":{"jobs":0,"pop":6,"pointCount":1,"homeWorkCommuteMedian":8430,"workHomeCommuteMedian":-1},"geometry":{"type":"Polygon","coordinates":[[[26.597181715409608,58.3545869749053],[26.597181715409608,58.36358017854255],[26.606174919046854,58.36358017854255],[26.606174919046854,58.3545869749053],[26.597181715409608,58.3545869749053]]]}},{"type":"Feature","properties":{"jobs":0,"pop":14,"pointCount":2,"homeWorkCommuteMedian":9551,"workHomeCommuteMedian":-1},"geometry":{"type":"Polygon","coordinates":[[[26.597181715409608,58.36358017854255],[26.597181715409608,58.372573382179795],[26.606174919046854,58.372573382179795],[26.606174919046854,58.36358017854255],[26.597181715409608,58.36358017854255]]]}},{"type":"Feature","properties":{"jobs":11,"pop":52,"pointCount":5,"homeWorkCommuteMedian":7539,"workHomeCommuteMedian":8925},"geometry":{"type":"Polygon","coordinates":[[[26.597181715409608,58.372573382179795],[26.597181715409608,58.38156658581704],[26.606174919046854,58.38156658581704],[26.606174919046854,58.372573382179795],[26.597181715409608,58.372573382179795]]]}},{"type":"Feature","properties":{"jobs":22,"pop":0,"pointCount":1,"homeWorkCommuteMedian":-1,"workHomeCommuteMedian":16659},"geometry":{"type":"Polygon","coordinates":[[[26.597181715409608,58.4714986221895],[26.597181715409608,58.480491825826746],[26.606174919046854,58.480491825826746],[26.606174919046854,58.4714986221895],[26.597181715409608,58.4714986221895]]]}},{"type":"Feature","properties":{"jobs":0,"pop":9,"pointCount":1,"homeWorkCommuteMedian":22826,"workHomeCommuteMedian":-1},"geometry":{"type":"Polygon","coordinates":[[[26.597181715409608,58.480491825826746],[26.597181715409608,58.48948502946399],[26.606174919046854,58.48948502946399],[26.606174919046854,58.480491825826746],[26.597181715409608,58.480491825826746]]]}},{"type":"Feature","properties":{"jobs":113,"pop":226,"pointCount":9,"homeWorkCommuteMedian":22999,"workHomeCommuteMedian":76873},"geometry":{"type":"Polygon","coordinates":[[[26.597181715409608,58.54344425128747],[26.597181715409608,58.552437454924714],[26.606174919046854,58.552437454924714],[26.606174919046854,58.54344425128747],[26.597181715409608,58.54344425128747]]]}},{"type":"Feature","properties":{"jobs":0,"pop":37,"pointCount":1,"homeWorkCommuteMedian":21440,"workHomeCommuteMedian":-1},"geometry":{"type":"Polygon","coordinates":[[[26.597181715409608,58.552437454924714],[26.597181715409608,58.56143065856196],[26.606174919046854,58.56143065856196],[26.606174919046854,58.552437454924714],[26.597181715409608,58.552437454924714]]]}},{"type":"Feature","properties":{"jobs":0,"pop":13,"pointCount":1,"homeWorkCommuteMedian":33177,"workHomeCommuteMedian":-1},"geometry":{"type":"Polygon","coordinates":[[[26.606174919046854,58.09378406942517],[26.606174919046854,58.102777273062415],[26.6151681226841,58.102777273062415],[26.6151681226841,58.09378406942517],[26.606174919046854,58.09378406942517]]]}},{"type":"Feature","properties":{"jobs":0,"pop":10,"pointCount":1,"homeWorkCommuteMedian":41789,"workHomeCommuteMedian":-1},"geometry":{"type":"Polygon","coordinates":[[[26.606174919046854,58.17472290216038],[26.606174919046854,58.18371610579763],[26.6151681226841,58.18371610579763],[26.6151681226841,58.17472290216038],[26.606174919046854,58.17472290216038]]]}},{"type":"Feature","properties":{"jobs":0,"pop":9,"pointCount":1,"homeWorkCommuteMedian":28699,"workHomeCommuteMedian":-1},"geometry":{"type":"Polygon","coordinates":[[[26.606174919046854,58.18371610579763],[26.606174919046854,58.192709309434875],[26.6151681226841,58.192709309434875],[26.6151681226841,58.18371610579763],[26.606174919046854,58.18371610579763]]]}},{"type":"Feature","properties":{"jobs":8,"pop":0,"pointCount":1,"homeWorkCommuteMedian":-1,"workHomeCommuteMedian":7626},"geometry":{"type":"Polygon","coordinates":[[[26.606174919046854,58.21069571670937],[26.606174919046854,58.21968892034661],[26.6151681226841,58.21968892034661],[26.6151681226841,58.21069571670937],[26.606174919046854,58.21069571670937]]]}},{"type":"Feature","properties":{"jobs":17,"pop":22,"pointCount":3,"homeWorkCommuteMedian":25372,"workHomeCommuteMedian":24145},"geometry":{"type":"Polygon","coordinates":[[[26.606174919046854,58.24666853125835],[26.606174919046854,58.2556617348956],[26.6151681226841,58.2556617348956],[26.6151681226841,58.24666853125835],[26.606174919046854,58.24666853125835]]]}},{"type":"Feature","properties":{"jobs":10,"pop":35,"pointCount":4,"homeWorkCommuteMedian":10165,"workHomeCommuteMedian":10273},"geometry":{"type":"Polygon","coordinates":[[[26.606174919046854,58.30962095671907],[26.606174919046854,58.31861416035632],[26.6151681226841,58.31861416035632],[26.6151681226841,58.30962095671907],[26.606174919046854,58.30962095671907]]]}},{"type":"Feature","properties":{"jobs":0,"pop":42,"pointCount":3,"homeWorkCommuteMedian":10110,"workHomeCommuteMedian":-1},"geometry":{"type":"Polygon","coordinates":[[[26.606174919046854,58.31861416035632],[26.606174919046854,58.327607363993565],[26.6151681226841,58.327607363993565],[26.6151681226841,58.31861416035632],[26.606174919046854,58.31861416035632]]]}},{"type":"Feature","properties":{"jobs":0,"pop":29,"pointCount":3,"homeWorkCommuteMedian":26106,"workHomeCommuteMedian":-1},"geometry":{"type":"Polygon","coordinates":[[[26.606174919046854,58.327607363993565],[26.606174919046854,58.33660056763081],[26.6151681226841,58.33660056763081],[26.6151681226841,58.327607363993565],[26.606174919046854,58.327607363993565]]]}},{"type":"Feature","properties":{"jobs":0,"pop":17,"pointCount":2,"homeWorkCommuteMedian":10033,"workHomeCommuteMedian":-1},"geometry":{"type":"Polygon","coordinates":[[[26.606174919046854,58.33660056763081],[26.606174919046854,58.34559377126806],[26.6151681226841,58.34559377126806],[26.6151681226841,58.33660056763081],[26.606174919046854,58.33660056763081]]]}},{"type":"Feature","properties":{"jobs":0,"pop":19,"pointCount":2,"homeWorkCommuteMedian":8006,"workHomeCommuteMedian":-1},"geometry":{"type":"Polygon","coordinates":[[[26.606174919046854,58.34559377126806],[26.606174919046854,58.3545869749053],[26.6151681226841,58.3545869749053],[26.6151681226841,58.34559377126806],[26.606174919046854,58.34559377126806]]]}},{"type":"Feature","properties":{"jobs":0,"pop":8,"pointCount":1,"homeWorkCommuteMedian":6361,"workHomeCommuteMedian":-1},"geometry":{"type":"Polygon","coordinates":[[[26.606174919046854,58.36358017854255],[26.606174919046854,58.372573382179795],[26.6151681226841,58.372573382179795],[26.6151681226841,58.36358017854255],[26.606174919046854,58.36358017854255]]]}},{"type":"Feature","properties":{"jobs":24,"pop":0,"pointCount":2,"homeWorkCommuteMedian":-1,"workHomeCommuteMedian":10390},"geometry":{"type":"Polygon","coordinates":[[[26.606174919046854,58.372573382179795],[26.606174919046854,58.38156658581704],[26.6151681226841,58.38156658581704],[26.6151681226841,58.372573382179795],[26.606174919046854,58.372573382179795]]]}},{"type":"Feature","properties":{"jobs":0,"pop":18,"pointCount":2,"homeWorkCommuteMedian":8547,"workHomeCommuteMedian":-1},"geometry":{"type":"Polygon","coordinates":[[[26.606174919046854,58.39955299309153],[26.606174919046854,58.40854619672878],[26.6151681226841,58.40854619672878],[26.6151681226841,58.39955299309153],[26.606174919046854,58.39955299309153]]]}},{"type":"Feature","properties":{"jobs":27,"pop":0,"pointCount":2,"homeWorkCommuteMedian":-1,"workHomeCommuteMedian":9754},"geometry":{"type":"Polygon","coordinates":[[[26.606174919046854,58.40854619672878],[26.606174919046854,58.417539400366024],[26.6151681226841,58.417539400366024],[26.6151681226841,58.40854619672878],[26.606174919046854,58.40854619672878]]]}},{"type":"Feature","properties":{"jobs":0,"pop":27,"pointCount":1,"homeWorkCommuteMedian":24244,"workHomeCommuteMedian":-1},"geometry":{"type":"Polygon","coordinates":[[[26.606174919046854,58.462505418552254],[26.606174919046854,58.4714986221895],[26.6151681226841,58.4714986221895],[26.6151681226841,58.462505418552254],[26.606174919046854,58.462505418552254]]]}},{"type":"Feature","properties":{"jobs":0,"pop":7,"pointCount":1,"homeWorkCommuteMedian":17894,"workHomeCommuteMedian":-1},"geometry":{"type":"Polygon","coordinates":[[[26.606174919046854,58.53445104765022],[26.606174919046854,58.54344425128747],[26.6151681226841,58.54344425128747],[26.6151681226841,58.53445104765022],[26.606174919046854,58.53445104765022]]]}},{"type":"Feature","properties":{"jobs":56,"pop":5,"pointCount":3,"homeWorkCommuteMedian":3234,"workHomeCommuteMedian":11826},"geometry":{"type":"Polygon","coordinates":[[[26.606174919046854,58.54344425128747],[26.606174919046854,58.552437454924714],[26.6151681226841,58.552437454924714],[26.6151681226841,58.54344425128747],[26.606174919046854,58.54344425128747]]]}},{"type":"Feature","properties":{"jobs":0,"pop":16,"pointCount":2,"homeWorkCommuteMedian":8305,"workHomeCommuteMedian":-1},"geometry":{"type":"Polygon","coordinates":[[[26.606174919046854,58.552437454924714],[26.606174919046854,58.56143065856196],[26.6151681226841,58.56143065856196],[26.6151681226841,58.552437454924714],[26.606174919046854,58.552437454924714]]]}},{"type":"Feature","properties":{"jobs":6,"pop":11,"pointCount":1,"homeWorkCommuteMedian":25153,"workHomeCommuteMedian":55633},"geometry":{"type":"Polygon","coordinates":[[[26.6151681226841,58.00385203305271],[26.6151681226841,58.012845236689955],[26.624161326321346,58.012845236689955],[26.624161326321346,58.00385203305271],[26.6151681226841,58.00385203305271]]]}},{"type":"Feature","properties":{"jobs":0,"pop":7,"pointCount":1,"homeWorkCommuteMedian":53939,"workHomeCommuteMedian":-1},"geometry":{"type":"Polygon","coordinates":[[[26.6151681226841,58.012845236689955],[26.6151681226841,58.0218384403272],[26.624161326321346,58.0218384403272],[26.624161326321346,58.012845236689955],[26.6151681226841,58.012845236689955]]]}},{"type":"Feature","properties":{"jobs":1,"pop":0,"pointCount":1,"homeWorkCommuteMedian":-1,"workHomeCommuteMedian":17834},"geometry":{"type":"Polygon","coordinates":[[[26.6151681226841,58.06680445851343],[26.6151681226841,58.07579766215068],[26.624161326321346,58.07579766215068],[26.624161326321346,58.06680445851343],[26.6151681226841,58.06680445851343]]]}},{"type":"Feature","properties":{"jobs":0,"pop":2,"pointCount":1,"homeWorkCommuteMedian":39096,"workHomeCommuteMedian":-1},"geometry":{"type":"Polygon","coordinates":[[[26.6151681226841,58.07579766215068],[26.6151681226841,58.08479086578792],[26.624161326321346,58.08479086578792],[26.624161326321346,58.07579766215068],[26.6151681226841,58.07579766215068]]]}},{"type":"Feature","properties":{"jobs":9,"pop":0,"pointCount":1,"homeWorkCommuteMedian":-1,"workHomeCommuteMedian":23682},"geometry":{"type":"Polygon","coordinates":[[[26.6151681226841,58.09378406942517],[26.6151681226841,58.102777273062415],[26.624161326321346,58.102777273062415],[26.624161326321346,58.09378406942517],[26.6151681226841,58.09378406942517]]]}},{"type":"Feature","properties":{"jobs":12,"pop":0,"pointCount":1,"homeWorkCommuteMedian":-1,"workHomeCommuteMedian":47948},"geometry":{"type":"Polygon","coordinates":[[[26.6151681226841,58.1387500876114],[26.6151681226841,58.147743291248645],[26.624161326321346,58.147743291248645],[26.624161326321346,58.1387500876114],[26.6151681226841,58.1387500876114]]]}},{"type":"Feature","properties":{"jobs":0,"pop":9,"pointCount":1,"homeWorkCommuteMedian":34647,"workHomeCommuteMedian":-1},"geometry":{"type":"Polygon","coordinates":[[[26.6151681226841,58.16572969852314],[26.6151681226841,58.17472290216038],[26.624161326321346,58.17472290216038],[26.624161326321346,58.16572969852314],[26.6151681226841,58.16572969852314]]]}},{"type":"Feature","properties":{"jobs":0,"pop":8,"pointCount":1,"homeWorkCommuteMedian":18564,"workHomeCommuteMedian":-1},"geometry":{"type":"Polygon","coordinates":[[[26.6151681226841,58.27364814217009],[26.6151681226841,58.282641345807335],[26.624161326321346,58.282641345807335],[26.624161326321346,58.27364814217009],[26.6151681226841,58.27364814217009]]]}},{"type":"Feature","properties":{"jobs":11,"pop":0,"pointCount":1,"homeWorkCommuteMedian":-1,"workHomeCommuteMedian":48454},"geometry":{"type":"Polygon","coordinates":[[[26.6151681226841,58.29163454944458],[26.6151681226841,58.30062775308183],[26.624161326321346,58.30062775308183],[26.624161326321346,58.29163454944458],[26.6151681226841,58.29163454944458]]]}},{"type":"Feature","properties":{"jobs":11,"pop":38,"pointCount":5,"homeWorkCommuteMedian":10567,"workHomeCommuteMedian":46894},"geometry":{"type":"Polygon","coordinates":[[[26.6151681226841,58.30962095671907],[26.6151681226841,58.31861416035632],[26.624161326321346,58.31861416035632],[26.624161326321346,58.30962095671907],[26.6151681226841,58.30962095671907]]]}},{"type":"Feature","properties":{"jobs":33,"pop":62,"pointCount":7,"homeWorkCommuteMedian":8065,"workHomeCommuteMedian":18112},"geometry":{"type":"Polygon","coordinates":[[[26.6151681226841,58.31861416035632],[26.6151681226841,58.327607363993565],[26.624161326321346,58.327607363993565],[26.624161326321346,58.31861416035632],[26.6151681226841,58.31861416035632]]]}},{"type":"Feature","properties":{"jobs":0,"pop":47,"pointCount":4,"homeWorkCommuteMedian":10832,"workHomeCommuteMedian":-1},"geometry":{"type":"Polygon","coordinates":[[[26.6151681226841,58.327607363993565],[26.6151681226841,58.33660056763081],[26.624161326321346,58.33660056763081],[26.624161326321346,58.327607363993565],[26.6151681226841,58.327607363993565]]]}},{"type":"Feature","properties":{"jobs":0,"pop":14,"pointCount":2,"homeWorkCommuteMedian":10944,"workHomeCommuteMedian":-1},"geometry":{"type":"Polygon","coordinates":[[[26.6151681226841,58.33660056763081],[26.6151681226841,58.34559377126806],[26.624161326321346,58.34559377126806],[26.624161326321346,58.33660056763081],[26.6151681226841,58.33660056763081]]]}},{"type":"Feature","properties":{"jobs":72,"pop":0,"pointCount":2,"homeWorkCommuteMedian":-1,"workHomeCommuteMedian":28034},"geometry":{"type":"Polygon","coordinates":[[[26.6151681226841,58.34559377126806],[26.6151681226841,58.3545869749053],[26.624161326321346,58.3545869749053],[26.624161326321346,58.34559377126806],[26.6151681226841,58.34559377126806]]]}},{"type":"Feature","properties":{"jobs":0,"pop":222,"pointCount":5,"homeWorkCommuteMedian":7223,"workHomeCommuteMedian":-1},"geometry":{"type":"Polygon","coordinates":[[[26.6151681226841,58.3545869749053],[26.6151681226841,58.36358017854255],[26.624161326321346,58.36358017854255],[26.624161326321346,58.3545869749053],[26.6151681226841,58.3545869749053]]]}},{"type":"Feature","properties":{"jobs":0,"pop":42,"pointCount":1,"homeWorkCommuteMedian":52167,"workHomeCommuteMedian":-1},"geometry":{"type":"Polygon","coordinates":[[[26.6151681226841,58.36358017854255],[26.6151681226841,58.372573382179795],[26.624161326321346,58.372573382179795],[26.624161326321346,58.36358017854255],[26.6151681226841,58.36358017854255]]]}},{"type":"Feature","properties":{"jobs":349,"pop":0,"pointCount":7,"homeWorkCommuteMedian":-1,"workHomeCommuteMedian":11700},"geometry":{"type":"Polygon","coordinates":[[[26.6151681226841,58.372573382179795],[26.6151681226841,58.38156658581704],[26.624161326321346,58.38156658581704],[26.624161326321346,58.372573382179795],[26.6151681226841,58.372573382179795]]]}},{"type":"Feature","properties":{"jobs":0,"pop":75,"pointCount":3,"homeWorkCommuteMedian":7773,"workHomeCommuteMedian":-1},"geometry":{"type":"Polygon","coordinates":[[[26.6151681226841,58.38156658581704],[26.6151681226841,58.39055978945429],[26.624161326321346,58.39055978945429],[26.624161326321346,58.38156658581704],[26.6151681226841,58.38156658581704]]]}},{"type":"Feature","properties":{"jobs":10,"pop":7,"pointCount":2,"homeWorkCommuteMedian":7732,"workHomeCommuteMedian":6960},"geometry":{"type":"Polygon","coordinates":[[[26.6151681226841,58.39055978945429],[26.6151681226841,58.39955299309153],[26.624161326321346,58.39955299309153],[26.624161326321346,58.39055978945429],[26.6151681226841,58.39055978945429]]]}},{"type":"Feature","properties":{"jobs":0,"pop":9,"pointCount":1,"homeWorkCommuteMedian":10237,"workHomeCommuteMedian":-1},"geometry":{"type":"Polygon","coordinates":[[[26.6151681226841,58.39955299309153],[26.6151681226841,58.40854619672878],[26.624161326321346,58.40854619672878],[26.624161326321346,58.39955299309153],[26.6151681226841,58.39955299309153]]]}},{"type":"Feature","properties":{"jobs":0,"pop":8,"pointCount":1,"homeWorkCommuteMedian":51934,"workHomeCommuteMedian":-1},"geometry":{"type":"Polygon","coordinates":[[[26.6151681226841,58.44451901127776],[26.6151681226841,58.45351221491501],[26.624161326321346,58.45351221491501],[26.624161326321346,58.44451901127776],[26.6151681226841,58.44451901127776]]]}},{"type":"Feature","properties":{"jobs":0,"pop":5,"pointCount":1,"homeWorkCommuteMedian":14278,"workHomeCommuteMedian":-1},"geometry":{"type":"Polygon","coordinates":[[[26.6151681226841,58.462505418552254],[26.6151681226841,58.4714986221895],[26.624161326321346,58.4714986221895],[26.624161326321346,58.462505418552254],[26.6151681226841,58.462505418552254]]]}},{"type":"Feature","properties":{"jobs":0,"pop":10,"pointCount":1,"homeWorkCommuteMedian":34926,"workHomeCommuteMedian":-1},"geometry":{"type":"Polygon","coordinates":[[[26.6151681226841,58.525457844012976],[26.6151681226841,58.53445104765022],[26.624161326321346,58.53445104765022],[26.624161326321346,58.525457844012976],[26.6151681226841,58.525457844012976]]]}},{"type":"Feature","properties":{"jobs":0,"pop":5,"pointCount":1,"homeWorkCommuteMedian":28947,"workHomeCommuteMedian":-1},"geometry":{"type":"Polygon","coordinates":[[[26.6151681226841,58.552437454924714],[26.6151681226841,58.56143065856196],[26.624161326321346,58.56143065856196],[26.624161326321346,58.552437454924714],[26.6151681226841,58.552437454924714]]]}},{"type":"Feature","properties":{"jobs":0,"pop":13,"pointCount":1,"homeWorkCommuteMedian":30626,"workHomeCommuteMedian":-1},"geometry":{"type":"Polygon","coordinates":[[[26.6151681226841,58.570423862199206],[26.6151681226841,58.57941706583645],[26.624161326321346,58.57941706583645],[26.624161326321346,58.570423862199206],[26.6151681226841,58.570423862199206]]]}},{"type":"Feature","properties":{"jobs":2,"pop":0,"pointCount":1,"homeWorkCommuteMedian":-1,"workHomeCommuteMedian":38076},"geometry":{"type":"Polygon","coordinates":[[[26.6151681226841,58.57941706583645],[26.6151681226841,58.5884102694737],[26.624161326321346,58.5884102694737],[26.624161326321346,58.57941706583645],[26.6151681226841,58.57941706583645]]]}},{"type":"Feature","properties":{"jobs":0,"pop":11,"pointCount":1,"homeWorkCommuteMedian":30548,"workHomeCommuteMedian":-1},"geometry":{"type":"Polygon","coordinates":[[[26.6151681226841,58.5884102694737],[26.6151681226841,58.597403473110944],[26.624161326321346,58.597403473110944],[26.624161326321346,58.5884102694737],[26.6151681226841,58.5884102694737]]]}},{"type":"Feature","properties":{"jobs":4,"pop":0,"pointCount":1,"homeWorkCommuteMedian":-1,"workHomeCommuteMedian":5150},"geometry":{"type":"Polygon","coordinates":[[[26.624161326321346,57.94089960759199],[26.624161326321346,57.94989281122923],[26.633154529958592,57.94989281122923],[26.633154529958592,57.94089960759199],[26.624161326321346,57.94089960759199]]]}},{"type":"Feature","properties":{"jobs":0,"pop":6,"pointCount":1,"homeWorkCommuteMedian":44664,"workHomeCommuteMedian":-1},"geometry":{"type":"Polygon","coordinates":[[[26.624161326321346,58.012845236689955],[26.624161326321346,58.0218384403272],[26.633154529958592,58.0218384403272],[26.633154529958592,58.012845236689955],[26.624161326321346,58.012845236689955]]]}},{"type":"Feature","properties":{"jobs":0,"pop":12,"pointCount":1,"homeWorkCommuteMedian":19533,"workHomeCommuteMedian":-1},"geometry":{"type":"Polygon","coordinates":[[[26.624161326321346,58.03982484760169],[26.624161326321346,58.04881805123894],[26.633154529958592,58.04881805123894],[26.633154529958592,58.03982484760169],[26.624161326321346,58.03982484760169]]]}},{"type":"Feature","properties":{"jobs":0,"pop":22,"pointCount":1,"homeWorkCommuteMedian":20166,"workHomeCommuteMedian":-1},"geometry":{"type":"Polygon","coordinates":[[[26.624161326321346,58.15673649488589],[26.624161326321346,58.16572969852314],[26.633154529958592,58.16572969852314],[26.633154529958592,58.15673649488589],[26.624161326321346,58.15673649488589]]]}},{"type":"Feature","properties":{"jobs":0,"pop":7,"pointCount":1,"homeWorkCommuteMedian":26290,"workHomeCommuteMedian":-1},"geometry":{"type":"Polygon","coordinates":[[[26.624161326321346,58.18371610579763],[26.624161326321346,58.192709309434875],[26.633154529958592,58.192709309434875],[26.633154529958592,58.18371610579763],[26.624161326321346,58.18371610579763]]]}},{"type":"Feature","properties":{"jobs":0,"pop":16,"pointCount":1,"homeWorkCommuteMedian":23701,"workHomeCommuteMedian":-1},"geometry":{"type":"Polygon","coordinates":[[[26.624161326321346,58.22868212398386],[26.624161326321346,58.237675327621105],[26.633154529958592,58.237675327621105],[26.633154529958592,58.22868212398386],[26.624161326321346,58.22868212398386]]]}},{"type":"Feature","properties":{"jobs":0,"pop":26,"pointCount":3,"homeWorkCommuteMedian":35131,"workHomeCommuteMedian":-1},"geometry":{"type":"Polygon","coordinates":[[[26.624161326321346,58.30962095671907],[26.624161326321346,58.31861416035632],[26.633154529958592,58.31861416035632],[26.633154529958592,58.30962095671907],[26.624161326321346,58.30962095671907]]]}},{"type":"Feature","properties":{"jobs":0,"pop":26,"pointCount":2,"homeWorkCommuteMedian":10240,"workHomeCommuteMedian":-1},"geometry":{"type":"Polygon","coordinates":[[[26.624161326321346,58.31861416035632],[26.624161326321346,58.327607363993565],[26.633154529958592,58.327607363993565],[26.633154529958592,58.31861416035632],[26.624161326321346,58.31861416035632]]]}},{"type":"Feature","properties":{"jobs":13,"pop":36,"pointCount":4,"homeWorkCommuteMedian":6990,"workHomeCommuteMedian":11062},"geometry":{"type":"Polygon","coordinates":[[[26.624161326321346,58.327607363993565],[26.624161326321346,58.33660056763081],[26.633154529958592,58.33660056763081],[26.633154529958592,58.327607363993565],[26.624161326321346,58.327607363993565]]]}},{"type":"Feature","properties":{"jobs":5,"pop":9,"pointCount":2,"homeWorkCommuteMedian":7300,"workHomeCommuteMedian":6463},"geometry":{"type":"Polygon","coordinates":[[[26.624161326321346,58.3545869749053],[26.624161326321346,58.36358017854255],[26.633154529958592,58.36358017854255],[26.633154529958592,58.3545869749053],[26.624161326321346,58.3545869749053]]]}},{"type":"Feature","properties":{"jobs":6,"pop":10,"pointCount":2,"homeWorkCommuteMedian":9616,"workHomeCommuteMedian":15195},"geometry":{"type":"Polygon","coordinates":[[[26.624161326321346,58.36358017854255],[26.624161326321346,58.372573382179795],[26.633154529958592,58.372573382179795],[26.633154529958592,58.36358017854255],[26.624161326321346,58.36358017854255]]]}},{"type":"Feature","properties":{"jobs":0,"pop":8,"pointCount":1,"homeWorkCommuteMedian":2123,"workHomeCommuteMedian":-1},"geometry":{"type":"Polygon","coordinates":[[[26.624161326321346,58.40854619672878],[26.624161326321346,58.417539400366024],[26.633154529958592,58.417539400366024],[26.633154529958592,58.40854619672878],[26.624161326321346,58.40854619672878]]]}},{"type":"Feature","properties":{"jobs":18,"pop":0,"pointCount":2,"homeWorkCommuteMedian":-1,"workHomeCommuteMedian":26715},"geometry":{"type":"Polygon","coordinates":[[[26.624161326321346,58.42653260400327],[26.624161326321346,58.435525807640516],[26.633154529958592,58.435525807640516],[26.633154529958592,58.42653260400327],[26.624161326321346,58.42653260400327]]]}},{"type":"Feature","properties":{"jobs":0,"pop":8,"pointCount":1,"homeWorkCommuteMedian":11325,"workHomeCommuteMedian":-1},"geometry":{"type":"Polygon","coordinates":[[[26.624161326321346,58.435525807640516],[26.624161326321346,58.44451901127776],[26.633154529958592,58.44451901127776],[26.633154529958592,58.435525807640516],[26.624161326321346,58.435525807640516]]]}},{"type":"Feature","properties":{"jobs":14,"pop":9,"pointCount":1,"homeWorkCommuteMedian":12502,"workHomeCommuteMedian":12464},"geometry":{"type":"Polygon","coordinates":[[[26.624161326321346,58.45351221491501],[26.624161326321346,58.462505418552254],[26.633154529958592,58.462505418552254],[26.633154529958592,58.45351221491501],[26.624161326321346,58.45351221491501]]]}},{"type":"Feature","properties":{"jobs":53,"pop":26,"pointCount":3,"homeWorkCommuteMedian":11637,"workHomeCommuteMedian":17817},"geometry":{"type":"Polygon","coordinates":[[[26.624161326321346,58.4714986221895],[26.624161326321346,58.480491825826746],[26.633154529958592,58.480491825826746],[26.633154529958592,58.4714986221895],[26.624161326321346,58.4714986221895]]]}},{"type":"Feature","properties":{"jobs":11,"pop":0,"pointCount":1,"homeWorkCommuteMedian":-1,"workHomeCommuteMedian":13222},"geometry":{"type":"Polygon","coordinates":[[[26.624161326321346,58.49847823310124],[26.624161326321346,58.507471436738484],[26.633154529958592,58.507471436738484],[26.633154529958592,58.49847823310124],[26.624161326321346,58.49847823310124]]]}},{"type":"Feature","properties":{"jobs":0,"pop":17,"pointCount":1,"homeWorkCommuteMedian":25942,"workHomeCommuteMedian":-1},"geometry":{"type":"Polygon","coordinates":[[[26.624161326321346,58.56143065856196],[26.624161326321346,58.570423862199206],[26.633154529958592,58.570423862199206],[26.633154529958592,58.56143065856196],[26.624161326321346,58.56143065856196]]]}},{"type":"Feature","properties":{"jobs":4,"pop":0,"pointCount":1,"homeWorkCommuteMedian":-1,"workHomeCommuteMedian":5723},"geometry":{"type":"Polygon","coordinates":[[[26.624161326321346,58.5884102694737],[26.624161326321346,58.597403473110944],[26.633154529958592,58.597403473110944],[26.633154529958592,58.5884102694737],[26.624161326321346,58.5884102694737]]]}},{"type":"Feature","properties":{"jobs":0,"pop":6,"pointCount":1,"homeWorkCommuteMedian":55584,"workHomeCommuteMedian":-1},"geometry":{"type":"Polygon","coordinates":[[[26.633154529958592,57.967879218503725],[26.633154529958592,57.97687242214097],[26.642147733595838,57.97687242214097],[26.642147733595838,57.967879218503725],[26.633154529958592,57.967879218503725]]]}},{"type":"Feature","properties":{"jobs":0,"pop":11,"pointCount":1,"homeWorkCommuteMedian":46260,"workHomeCommuteMedian":-1},"geometry":{"type":"Polygon","coordinates":[[[26.633154529958592,58.00385203305271],[26.633154529958592,58.012845236689955],[26.642147733595838,58.012845236689955],[26.642147733595838,58.00385203305271],[26.633154529958592,58.00385203305271]]]}},{"type":"Feature","properties":{"jobs":9,"pop":0,"pointCount":1,"homeWorkCommuteMedian":-1,"workHomeCommuteMedian":47619},"geometry":{"type":"Polygon","coordinates":[[[26.633154529958592,58.03982484760169],[26.633154529958592,58.04881805123894],[26.642147733595838,58.04881805123894],[26.642147733595838,58.03982484760169],[26.633154529958592,58.03982484760169]]]}},{"type":"Feature","properties":{"jobs":30,"pop":0,"pointCount":1,"homeWorkCommuteMedian":-1,"workHomeCommuteMedian":36829},"geometry":{"type":"Polygon","coordinates":[[[26.633154529958592,58.07579766215068],[26.633154529958592,58.08479086578792],[26.642147733595838,58.08479086578792],[26.642147733595838,58.07579766215068],[26.633154529958592,58.07579766215068]]]}},{"type":"Feature","properties":{"jobs":54,"pop":5,"pointCount":2,"homeWorkCommuteMedian":21563,"workHomeCommuteMedian":42249},"geometry":{"type":"Polygon","coordinates":[[[26.633154529958592,58.16572969852314],[26.633154529958592,58.17472290216038],[26.642147733595838,58.17472290216038],[26.642147733595838,58.16572969852314],[26.633154529958592,58.16572969852314]]]}},{"type":"Feature","properties":{"jobs":11,"pop":64,"pointCount":1,"homeWorkCommuteMedian":16943,"workHomeCommuteMedian":30756},"geometry":{"type":"Polygon","coordinates":[[[26.633154529958592,58.17472290216038],[26.633154529958592,58.18371610579763],[26.642147733595838,58.18371610579763],[26.642147733595838,58.17472290216038],[26.633154529958592,58.17472290216038]]]}},{"type":"Feature","properties":{"jobs":54,"pop":0,"pointCount":2,"homeWorkCommuteMedian":-1,"workHomeCommuteMedian":31724},"geometry":{"type":"Polygon","coordinates":[[[26.633154529958592,58.21968892034661],[26.633154529958592,58.22868212398386],[26.642147733595838,58.22868212398386],[26.642147733595838,58.21968892034661],[26.633154529958592,58.21968892034661]]]}},{"type":"Feature","properties":{"jobs":0,"pop":9,"pointCount":1,"homeWorkCommuteMedian":15546,"workHomeCommuteMedian":-1},"geometry":{"type":"Polygon","coordinates":[[[26.633154529958592,58.24666853125835],[26.633154529958592,58.2556617348956],[26.642147733595838,58.2556617348956],[26.642147733595838,58.24666853125835],[26.633154529958592,58.24666853125835]]]}},{"type":"Feature","properties":{"jobs":7,"pop":12,"pointCount":3,"homeWorkCommuteMedian":10941,"workHomeCommuteMedian":9120},"geometry":{"type":"Polygon","coordinates":[[[26.633154529958592,58.31861416035632],[26.633154529958592,58.327607363993565],[26.642147733595838,58.327607363993565],[26.642147733595838,58.31861416035632],[26.633154529958592,58.31861416035632]]]}},{"type":"Feature","properties":{"jobs":45,"pop":91,"pointCount":7,"homeWorkCommuteMedian":7643,"workHomeCommuteMedian":36578},"geometry":{"type":"Polygon","coordinates":[[[26.633154529958592,58.327607363993565],[26.633154529958592,58.33660056763081],[26.642147733595838,58.33660056763081],[26.642147733595838,58.327607363993565],[26.633154529958592,58.327607363993565]]]}},{"type":"Feature","properties":{"jobs":0,"pop":14,"pointCount":1,"homeWorkCommuteMedian":25309,"workHomeCommuteMedian":-1},"geometry":{"type":"Polygon","coordinates":[[[26.633154529958592,58.42653260400327],[26.633154529958592,58.435525807640516],[26.642147733595838,58.435525807640516],[26.642147733595838,58.42653260400327],[26.633154529958592,58.42653260400327]]]}},{"type":"Feature","properties":{"jobs":0,"pop":13,"pointCount":1,"homeWorkCommuteMedian":12804,"workHomeCommuteMedian":-1},"geometry":{"type":"Polygon","coordinates":[[[26.633154529958592,58.44451901127776],[26.633154529958592,58.45351221491501],[26.642147733595838,58.45351221491501],[26.642147733595838,58.44451901127776],[26.633154529958592,58.44451901127776]]]}},{"type":"Feature","properties":{"jobs":0,"pop":9,"pointCount":1,"homeWorkCommuteMedian":26191,"workHomeCommuteMedian":-1},"geometry":{"type":"Polygon","coordinates":[[[26.633154529958592,58.462505418552254],[26.633154529958592,58.4714986221895],[26.642147733595838,58.4714986221895],[26.642147733595838,58.462505418552254],[26.633154529958592,58.462505418552254]]]}},{"type":"Feature","properties":{"jobs":0,"pop":9,"pointCount":1,"homeWorkCommuteMedian":17916,"workHomeCommuteMedian":-1},"geometry":{"type":"Polygon","coordinates":[[[26.633154529958592,58.4714986221895],[26.633154529958592,58.480491825826746],[26.642147733595838,58.480491825826746],[26.642147733595838,58.4714986221895],[26.633154529958592,58.4714986221895]]]}},{"type":"Feature","properties":{"jobs":0,"pop":8,"pointCount":1,"homeWorkCommuteMedian":18483,"workHomeCommuteMedian":-1},"geometry":{"type":"Polygon","coordinates":[[[26.633154529958592,58.48948502946399],[26.633154529958592,58.49847823310124],[26.642147733595838,58.49847823310124],[26.642147733595838,58.48948502946399],[26.633154529958592,58.48948502946399]]]}},{"type":"Feature","properties":{"jobs":23,"pop":9,"pointCount":2,"homeWorkCommuteMedian":6100,"workHomeCommuteMedian":13912},"geometry":{"type":"Polygon","coordinates":[[[26.633154529958592,58.525457844012976],[26.633154529958592,58.53445104765022],[26.642147733595838,58.53445104765022],[26.642147733595838,58.525457844012976],[26.633154529958592,58.525457844012976]]]}},{"type":"Feature","properties":{"jobs":20,"pop":0,"pointCount":1,"homeWorkCommuteMedian":-1,"workHomeCommuteMedian":3574},"geometry":{"type":"Polygon","coordinates":[[[26.633154529958592,58.56143065856196],[26.633154529958592,58.570423862199206],[26.642147733595838,58.570423862199206],[26.642147733595838,58.56143065856196],[26.633154529958592,58.56143065856196]]]}},{"type":"Feature","properties":{"jobs":4,"pop":18,"pointCount":2,"homeWorkCommuteMedian":57644,"workHomeCommuteMedian":8987},"geometry":{"type":"Polygon","coordinates":[[[26.642147733595838,57.95888601486648],[26.642147733595838,57.967879218503725],[26.651140937233084,57.967879218503725],[26.651140937233084,57.95888601486648],[26.642147733595838,57.95888601486648]]]}},{"type":"Feature","properties":{"jobs":0,"pop":7,"pointCount":1,"homeWorkCommuteMedian":57344,"workHomeCommuteMedian":-1},"geometry":{"type":"Polygon","coordinates":[[[26.642147733595838,57.97687242214097],[26.642147733595838,57.98586562577822],[26.651140937233084,57.98586562577822],[26.651140937233084,57.97687242214097],[26.642147733595838,57.97687242214097]]]}},{"type":"Feature","properties":{"jobs":32,"pop":0,"pointCount":2,"homeWorkCommuteMedian":-1,"workHomeCommuteMedian":34224},"geometry":{"type":"Polygon","coordinates":[[[26.642147733595838,58.07579766215068],[26.642147733595838,58.08479086578792],[26.651140937233084,58.08479086578792],[26.651140937233084,58.07579766215068],[26.642147733595838,58.07579766215068]]]}},{"type":"Feature","properties":{"jobs":9,"pop":50,"pointCount":4,"homeWorkCommuteMedian":31234,"workHomeCommuteMedian":53839},"geometry":{"type":"Polygon","coordinates":[[[26.642147733595838,58.08479086578792],[26.642147733595838,58.09378406942517],[26.651140937233084,58.09378406942517],[26.651140937233084,58.08479086578792],[26.642147733595838,58.08479086578792]]]}},{"type":"Feature","properties":{"jobs":0,"pop":5,"pointCount":1,"homeWorkCommuteMedian":38880,"workHomeCommuteMedian":-1},"geometry":{"type":"Polygon","coordinates":[[[26.642147733595838,58.09378406942517],[26.642147733595838,58.102777273062415],[26.651140937233084,58.102777273062415],[26.651140937233084,58.09378406942517],[26.642147733595838,58.09378406942517]]]}},{"type":"Feature","properties":{"jobs":3,"pop":0,"pointCount":1,"homeWorkCommuteMedian":-1,"workHomeCommuteMedian":51945},"geometry":{"type":"Polygon","coordinates":[[[26.642147733595838,58.21069571670937],[26.642147733595838,58.21968892034661],[26.651140937233084,58.21968892034661],[26.651140937233084,58.21069571670937],[26.642147733595838,58.21069571670937]]]}},{"type":"Feature","properties":{"jobs":18,"pop":0,"pointCount":1,"homeWorkCommuteMedian":-1,"workHomeCommuteMedian":14490},"geometry":{"type":"Polygon","coordinates":[[[26.642147733595838,58.282641345807335],[26.642147733595838,58.29163454944458],[26.651140937233084,58.29163454944458],[26.651140937233084,58.282641345807335],[26.642147733595838,58.282641345807335]]]}},{"type":"Feature","properties":{"jobs":0,"pop":18,"pointCount":2,"homeWorkCommuteMedian":10198,"workHomeCommuteMedian":-1},"geometry":{"type":"Polygon","coordinates":[[[26.642147733595838,58.30962095671907],[26.642147733595838,58.31861416035632],[26.651140937233084,58.31861416035632],[26.651140937233084,58.30962095671907],[26.642147733595838,58.30962095671907]]]}},{"type":"Feature","properties":{"jobs":30,"pop":6,"pointCount":3,"homeWorkCommuteMedian":22397,"workHomeCommuteMedian":30849},"geometry":{"type":"Polygon","coordinates":[[[26.642147733595838,58.31861416035632],[26.642147733595838,58.327607363993565],[26.651140937233084,58.327607363993565],[26.651140937233084,58.31861416035632],[26.642147733595838,58.31861416035632]]]}},{"type":"Feature","properties":{"jobs":0,"pop":25,"pointCount":2,"homeWorkCommuteMedian":5020,"workHomeCommuteMedian":-1},"geometry":{"type":"Polygon","coordinates":[[[26.642147733595838,58.327607363993565],[26.642147733595838,58.33660056763081],[26.651140937233084,58.33660056763081],[26.651140937233084,58.327607363993565],[26.642147733595838,58.327607363993565]]]}},{"type":"Feature","properties":{"jobs":13,"pop":0,"pointCount":1,"homeWorkCommuteMedian":-1,"workHomeCommuteMedian":10068},"geometry":{"type":"Polygon","coordinates":[[[26.642147733595838,58.33660056763081],[26.642147733595838,58.34559377126806],[26.651140937233084,58.34559377126806],[26.651140937233084,58.33660056763081],[26.642147733595838,58.33660056763081]]]}},{"type":"Feature","properties":{"jobs":0,"pop":54,"pointCount":2,"homeWorkCommuteMedian":8728,"workHomeCommuteMedian":-1},"geometry":{"type":"Polygon","coordinates":[[[26.642147733595838,58.34559377126806],[26.642147733595838,58.3545869749053],[26.651140937233084,58.3545869749053],[26.651140937233084,58.34559377126806],[26.642147733595838,58.34559377126806]]]}},{"type":"Feature","properties":{"jobs":230,"pop":390,"pointCount":12,"homeWorkCommuteMedian":7153,"workHomeCommuteMedian":10402},"geometry":{"type":"Polygon","coordinates":[[[26.642147733595838,58.3545869749053],[26.642147733595838,58.36358017854255],[26.651140937233084,58.36358017854255],[26.651140937233084,58.3545869749053],[26.642147733595838,58.3545869749053]]]}},{"type":"Feature","properties":{"jobs":0,"pop":271,"pointCount":6,"homeWorkCommuteMedian":6507,"workHomeCommuteMedian":-1},"geometry":{"type":"Polygon","coordinates":[[[26.642147733595838,58.36358017854255],[26.642147733595838,58.372573382179795],[26.651140937233084,58.372573382179795],[26.651140937233084,58.36358017854255],[26.642147733595838,58.36358017854255]]]}},{"type":"Feature","properties":{"jobs":0,"pop":26,"pointCount":1,"homeWorkCommuteMedian":21428,"workHomeCommuteMedian":-1},"geometry":{"type":"Polygon","coordinates":[[[26.642147733595838,58.372573382179795],[26.642147733595838,58.38156658581704],[26.651140937233084,58.38156658581704],[26.651140937233084,58.372573382179795],[26.642147733595838,58.372573382179795]]]}},{"type":"Feature","properties":{"jobs":0,"pop":14,"pointCount":2,"homeWorkCommuteMedian":4671,"workHomeCommuteMedian":-1},"geometry":{"type":"Polygon","coordinates":[[[26.642147733595838,58.38156658581704],[26.642147733595838,58.39055978945429],[26.651140937233084,58.39055978945429],[26.651140937233084,58.38156658581704],[26.642147733595838,58.38156658581704]]]}},{"type":"Feature","properties":{"jobs":0,"pop":10,"pointCount":1,"homeWorkCommuteMedian":14626,"workHomeCommuteMedian":-1},"geometry":{"type":"Polygon","coordinates":[[[26.642147733595838,58.42653260400327],[26.642147733595838,58.435525807640516],[26.651140937233084,58.435525807640516],[26.651140937233084,58.42653260400327],[26.642147733595838,58.42653260400327]]]}},{"type":"Feature","properties":{"jobs":0,"pop":9,"pointCount":1,"homeWorkCommuteMedian":38769,"workHomeCommuteMedian":-1},"geometry":{"type":"Polygon","coordinates":[[[26.642147733595838,58.44451901127776],[26.642147733595838,58.45351221491501],[26.651140937233084,58.45351221491501],[26.651140937233084,58.44451901127776],[26.642147733595838,58.44451901127776]]]}},{"type":"Feature","properties":{"jobs":13,"pop":30,"pointCount":3,"homeWorkCommuteMedian":13710,"workHomeCommuteMedian":17272},"geometry":{"type":"Polygon","coordinates":[[[26.642147733595838,58.45351221491501],[26.642147733595838,58.462505418552254],[26.651140937233084,58.462505418552254],[26.651140937233084,58.45351221491501],[26.642147733595838,58.45351221491501]]]}},{"type":"Feature","properties":{"jobs":38,"pop":0,"pointCount":1,"homeWorkCommuteMedian":-1,"workHomeCommuteMedian":58988},"geometry":{"type":"Polygon","coordinates":[[[26.642147733595838,58.462505418552254],[26.642147733595838,58.4714986221895],[26.651140937233084,58.4714986221895],[26.651140937233084,58.462505418552254],[26.642147733595838,58.462505418552254]]]}},{"type":"Feature","properties":{"jobs":0,"pop":6,"pointCount":1,"homeWorkCommuteMedian":60559,"workHomeCommuteMedian":-1},"geometry":{"type":"Polygon","coordinates":[[[26.642147733595838,58.4714986221895],[26.642147733595838,58.480491825826746],[26.651140937233084,58.480491825826746],[26.651140937233084,58.4714986221895],[26.642147733595838,58.4714986221895]]]}},{"type":"Feature","properties":{"jobs":0,"pop":6,"pointCount":1,"homeWorkCommuteMedian":17971,"workHomeCommuteMedian":-1},"geometry":{"type":"Polygon","coordinates":[[[26.642147733595838,58.480491825826746],[26.642147733595838,58.48948502946399],[26.651140937233084,58.48948502946399],[26.651140937233084,58.480491825826746],[26.642147733595838,58.480491825826746]]]}},{"type":"Feature","properties":{"jobs":0,"pop":11,"pointCount":1,"homeWorkCommuteMedian":45854,"workHomeCommuteMedian":-1},"geometry":{"type":"Polygon","coordinates":[[[26.642147733595838,58.48948502946399],[26.642147733595838,58.49847823310124],[26.651140937233084,58.49847823310124],[26.651140937233084,58.48948502946399],[26.642147733595838,58.48948502946399]]]}},{"type":"Feature","properties":{"jobs":5,"pop":0,"pointCount":1,"homeWorkCommuteMedian":-1,"workHomeCommuteMedian":9402},"geometry":{"type":"Polygon","coordinates":[[[26.642147733595838,58.525457844012976],[26.642147733595838,58.53445104765022],[26.651140937233084,58.53445104765022],[26.651140937233084,58.525457844012976],[26.642147733595838,58.525457844012976]]]}},{"type":"Feature","properties":{"jobs":0,"pop":11,"pointCount":1,"homeWorkCommuteMedian":31902,"workHomeCommuteMedian":-1},"geometry":{"type":"Polygon","coordinates":[[[26.642147733595838,58.57941706583645],[26.642147733595838,58.5884102694737],[26.651140937233084,58.5884102694737],[26.651140937233084,58.57941706583645],[26.642147733595838,58.57941706583645]]]}},{"type":"Feature","properties":{"jobs":9,"pop":0,"pointCount":1,"homeWorkCommuteMedian":-1,"workHomeCommuteMedian":3506},"geometry":{"type":"Polygon","coordinates":[[[26.651140937233084,58.057811254876185],[26.651140937233084,58.06680445851343],[26.66013414087033,58.06680445851343],[26.66013414087033,58.057811254876185],[26.651140937233084,58.057811254876185]]]}},{"type":"Feature","properties":{"jobs":11,"pop":15,"pointCount":2,"homeWorkCommuteMedian":43208,"workHomeCommuteMedian":36509},"geometry":{"type":"Polygon","coordinates":[[[26.651140937233084,58.08479086578792],[26.651140937233084,58.09378406942517],[26.66013414087033,58.09378406942517],[26.66013414087033,58.08479086578792],[26.651140937233084,58.08479086578792]]]}},{"type":"Feature","properties":{"jobs":20,"pop":13,"pointCount":3,"homeWorkCommuteMedian":27357,"workHomeCommuteMedian":11888},"geometry":{"type":"Polygon","coordinates":[[[26.651140937233084,58.24666853125835],[26.651140937233084,58.2556617348956],[26.66013414087033,58.2556617348956],[26.66013414087033,58.24666853125835],[26.651140937233084,58.24666853125835]]]}},{"type":"Feature","properties":{"jobs":32,"pop":15,"pointCount":3,"homeWorkCommuteMedian":18317,"workHomeCommuteMedian":42295},"geometry":{"type":"Polygon","coordinates":[[[26.651140937233084,58.2556617348956],[26.651140937233084,58.26465493853284],[26.66013414087033,58.26465493853284],[26.66013414087033,58.2556617348956],[26.651140937233084,58.2556617348956]]]}},{"type":"Feature","properties":{"jobs":6,"pop":14,"pointCount":2,"homeWorkCommuteMedian":47170,"workHomeCommuteMedian":14962},"geometry":{"type":"Polygon","coordinates":[[[26.651140937233084,58.27364814217009],[26.651140937233084,58.282641345807335],[26.66013414087033,58.282641345807335],[26.66013414087033,58.27364814217009],[26.651140937233084,58.27364814217009]]]}},{"type":"Feature","properties":{"jobs":8,"pop":0,"pointCount":1,"homeWorkCommuteMedian":-1,"workHomeCommuteMedian":3726},"geometry":{"type":"Polygon","coordinates":[[[26.651140937233084,58.282641345807335],[26.651140937233084,58.29163454944458],[26.66013414087033,58.29163454944458],[26.66013414087033,58.282641345807335],[26.651140937233084,58.282641345807335]]]}},{"type":"Feature","properties":{"jobs":0,"pop":23,"pointCount":2,"homeWorkCommuteMedian":4676,"workHomeCommuteMedian":-1},"geometry":{"type":"Polygon","coordinates":[[[26.651140937233084,58.30962095671907],[26.651140937233084,58.31861416035632],[26.66013414087033,58.31861416035632],[26.66013414087033,58.30962095671907],[26.651140937233084,58.30962095671907]]]}},{"type":"Feature","properties":{"jobs":0,"pop":12,"pointCount":1,"homeWorkCommuteMedian":6837,"workHomeCommuteMedian":-1},"geometry":{"type":"Polygon","coordinates":[[[26.651140937233084,58.31861416035632],[26.651140937233084,58.327607363993565],[26.66013414087033,58.327607363993565],[26.66013414087033,58.31861416035632],[26.651140937233084,58.31861416035632]]]}},{"type":"Feature","properties":{"jobs":0,"pop":48,"pointCount":5,"homeWorkCommuteMedian":5952,"workHomeCommuteMedian":-1},"geometry":{"type":"Polygon","coordinates":[[[26.651140937233084,58.33660056763081],[26.651140937233084,58.34559377126806],[26.66013414087033,58.34559377126806],[26.66013414087033,58.33660056763081],[26.651140937233084,58.33660056763081]]]}},{"type":"Feature","properties":{"jobs":23,"pop":63,"pointCount":4,"homeWorkCommuteMedian":5313,"workHomeCommuteMedian":11781},"geometry":{"type":"Polygon","coordinates":[[[26.651140937233084,58.34559377126806],[26.651140937233084,58.3545869749053],[26.66013414087033,58.3545869749053],[26.66013414087033,58.34559377126806],[26.651140937233084,58.34559377126806]]]}},{"type":"Feature","properties":{"jobs":13,"pop":111,"pointCount":7,"homeWorkCommuteMedian":7404,"workHomeCommuteMedian":3537},"geometry":{"type":"Polygon","coordinates":[[[26.651140937233084,58.3545869749053],[26.651140937233084,58.36358017854255],[26.66013414087033,58.36358017854255],[26.66013414087033,58.3545869749053],[26.651140937233084,58.3545869749053]]]}},{"type":"Feature","properties":{"jobs":41,"pop":190,"pointCount":8,"homeWorkCommuteMedian":7308,"workHomeCommuteMedian":51123},"geometry":{"type":"Polygon","coordinates":[[[26.651140937233084,58.36358017854255],[26.651140937233084,58.372573382179795],[26.66013414087033,58.372573382179795],[26.66013414087033,58.36358017854255],[26.651140937233084,58.36358017854255]]]}},{"type":"Feature","properties":{"jobs":10,"pop":7,"pointCount":2,"homeWorkCommuteMedian":3829,"workHomeCommuteMedian":9526},"geometry":{"type":"Polygon","coordinates":[[[26.651140937233084,58.372573382179795],[26.651140937233084,58.38156658581704],[26.66013414087033,58.38156658581704],[26.66013414087033,58.372573382179795],[26.651140937233084,58.372573382179795]]]}},{"type":"Feature","properties":{"jobs":12,"pop":9,"pointCount":1,"homeWorkCommuteMedian":41272,"workHomeCommuteMedian":10941},"geometry":{"type":"Polygon","coordinates":[[[26.651140937233084,58.39955299309153],[26.651140937233084,58.40854619672878],[26.66013414087033,58.40854619672878],[26.66013414087033,58.39955299309153],[26.651140937233084,58.39955299309153]]]}},{"type":"Feature","properties":{"jobs":245,"pop":5,"pointCount":6,"homeWorkCommuteMedian":3527,"workHomeCommuteMedian":8667},"geometry":{"type":"Polygon","coordinates":[[[26.651140937233084,58.40854619672878],[26.651140937233084,58.417539400366024],[26.66013414087033,58.417539400366024],[26.66013414087033,58.40854619672878],[26.651140937233084,58.40854619672878]]]}},{"type":"Feature","properties":{"jobs":129,"pop":14,"pointCount":3,"homeWorkCommuteMedian":9236,"workHomeCommuteMedian":13756},"geometry":{"type":"Polygon","coordinates":[[[26.651140937233084,58.417539400366024],[26.651140937233084,58.42653260400327],[26.66013414087033,58.42653260400327],[26.66013414087033,58.417539400366024],[26.651140937233084,58.417539400366024]]]}},{"type":"Feature","properties":{"jobs":0,"pop":13,"pointCount":2,"homeWorkCommuteMedian":13444,"workHomeCommuteMedian":-1},"geometry":{"type":"Polygon","coordinates":[[[26.651140937233084,58.42653260400327],[26.651140937233084,58.435525807640516],[26.66013414087033,58.435525807640516],[26.66013414087033,58.42653260400327],[26.651140937233084,58.42653260400327]]]}},{"type":"Feature","properties":{"jobs":44,"pop":78,"pointCount":5,"homeWorkCommuteMedian":15976,"workHomeCommuteMedian":14688},"geometry":{"type":"Polygon","coordinates":[[[26.651140937233084,58.45351221491501],[26.651140937233084,58.462505418552254],[26.66013414087033,58.462505418552254],[26.66013414087033,58.45351221491501],[26.651140937233084,58.45351221491501]]]}},{"type":"Feature","properties":{"jobs":55,"pop":0,"pointCount":2,"homeWorkCommuteMedian":-1,"workHomeCommuteMedian":13893},"geometry":{"type":"Polygon","coordinates":[[[26.651140937233084,58.462505418552254],[26.651140937233084,58.4714986221895],[26.66013414087033,58.4714986221895],[26.66013414087033,58.462505418552254],[26.651140937233084,58.462505418552254]]]}},{"type":"Feature","properties":{"jobs":0,"pop":13,"pointCount":1,"homeWorkCommuteMedian":15880,"workHomeCommuteMedian":-1},"geometry":{"type":"Polygon","coordinates":[[[26.651140937233084,58.480491825826746],[26.651140937233084,58.48948502946399],[26.66013414087033,58.48948502946399],[26.66013414087033,58.480491825826746],[26.651140937233084,58.480491825826746]]]}},{"type":"Feature","properties":{"jobs":0,"pop":9,"pointCount":1,"homeWorkCommuteMedian":19086,"workHomeCommuteMedian":-1},"geometry":{"type":"Polygon","coordinates":[[[26.651140937233084,58.49847823310124],[26.651140937233084,58.507471436738484],[26.66013414087033,58.507471436738484],[26.66013414087033,58.49847823310124],[26.651140937233084,58.49847823310124]]]}},{"type":"Feature","properties":{"jobs":0,"pop":7,"pointCount":1,"homeWorkCommuteMedian":30795,"workHomeCommuteMedian":-1},"geometry":{"type":"Polygon","coordinates":[[[26.651140937233084,58.507471436738484],[26.651140937233084,58.51646464037573],[26.66013414087033,58.51646464037573],[26.66013414087033,58.507471436738484],[26.651140937233084,58.507471436738484]]]}},{"type":"Feature","properties":{"jobs":16,"pop":5,"pointCount":2,"homeWorkCommuteMedian":27176,"workHomeCommuteMedian":15142},"geometry":{"type":"Polygon","coordinates":[[[26.651140937233084,58.570423862199206],[26.651140937233084,58.57941706583645],[26.66013414087033,58.57941706583645],[26.66013414087033,58.570423862199206],[26.651140937233084,58.570423862199206]]]}},{"type":"Feature","properties":{"jobs":5,"pop":0,"pointCount":1,"homeWorkCommuteMedian":-1,"workHomeCommuteMedian":55085},"geometry":{"type":"Polygon","coordinates":[[[26.66013414087033,58.04881805123894],[26.66013414087033,58.057811254876185],[26.669127344507576,58.057811254876185],[26.669127344507576,58.04881805123894],[26.66013414087033,58.04881805123894]]]}},{"type":"Feature","properties":{"jobs":0,"pop":6,"pointCount":1,"homeWorkCommuteMedian":39415,"workHomeCommuteMedian":-1},"geometry":{"type":"Polygon","coordinates":[[[26.66013414087033,58.057811254876185],[26.66013414087033,58.06680445851343],[26.669127344507576,58.06680445851343],[26.669127344507576,58.057811254876185],[26.66013414087033,58.057811254876185]]]}},{"type":"Feature","properties":{"jobs":28,"pop":0,"pointCount":1,"homeWorkCommuteMedian":-1,"workHomeCommuteMedian":14884},"geometry":{"type":"Polygon","coordinates":[[[26.66013414087033,58.08479086578792],[26.66013414087033,58.09378406942517],[26.669127344507576,58.09378406942517],[26.669127344507576,58.08479086578792],[26.66013414087033,58.08479086578792]]]}},{"type":"Feature","properties":{"jobs":0,"pop":9,"pointCount":1,"homeWorkCommuteMedian":35822,"workHomeCommuteMedian":-1},"geometry":{"type":"Polygon","coordinates":[[[26.66013414087033,58.18371610579763],[26.66013414087033,58.192709309434875],[26.669127344507576,58.192709309434875],[26.669127344507576,58.18371610579763],[26.66013414087033,58.18371610579763]]]}},{"type":"Feature","properties":{"jobs":0,"pop":5,"pointCount":1,"homeWorkCommuteMedian":7063,"workHomeCommuteMedian":-1},"geometry":{"type":"Polygon","coordinates":[[[26.66013414087033,58.2556617348956],[26.66013414087033,58.26465493853284],[26.669127344507576,58.26465493853284],[26.669127344507576,58.2556617348956],[26.66013414087033,58.2556617348956]]]}},{"type":"Feature","properties":{"jobs":6,"pop":0,"pointCount":1,"homeWorkCommuteMedian":-1,"workHomeCommuteMedian":6690},"geometry":{"type":"Polygon","coordinates":[[[26.66013414087033,58.327607363993565],[26.66013414087033,58.33660056763081],[26.669127344507576,58.33660056763081],[26.669127344507576,58.327607363993565],[26.66013414087033,58.327607363993565]]]}},{"type":"Feature","properties":{"jobs":37,"pop":16,"pointCount":3,"homeWorkCommuteMedian":9736,"workHomeCommuteMedian":7682},"geometry":{"type":"Polygon","coordinates":[[[26.66013414087033,58.33660056763081],[26.66013414087033,58.34559377126806],[26.669127344507576,58.34559377126806],[26.669127344507576,58.33660056763081],[26.66013414087033,58.33660056763081]]]}},{"type":"Feature","properties":{"jobs":171,"pop":60,"pointCount":11,"homeWorkCommuteMedian":6960,"workHomeCommuteMedian":9876},"geometry":{"type":"Polygon","coordinates":[[[26.66013414087033,58.34559377126806],[26.66013414087033,58.3545869749053],[26.669127344507576,58.3545869749053],[26.669127344507576,58.34559377126806],[26.66013414087033,58.34559377126806]]]}},{"type":"Feature","properties":{"jobs":6,"pop":18,"pointCount":4,"homeWorkCommuteMedian":5935,"workHomeCommuteMedian":54319},"geometry":{"type":"Polygon","coordinates":[[[26.66013414087033,58.3545869749053],[26.66013414087033,58.36358017854255],[26.669127344507576,58.36358017854255],[26.669127344507576,58.3545869749053],[26.66013414087033,58.3545869749053]]]}},{"type":"Feature","properties":{"jobs":13,"pop":83,"pointCount":3,"homeWorkCommuteMedian":3982,"workHomeCommuteMedian":10179},"geometry":{"type":"Polygon","coordinates":[[[26.66013414087033,58.36358017854255],[26.66013414087033,58.372573382179795],[26.669127344507576,58.372573382179795],[26.669127344507576,58.36358017854255],[26.66013414087033,58.36358017854255]]]}},{"type":"Feature","properties":{"jobs":0,"pop":15,"pointCount":1,"homeWorkCommuteMedian":25307,"workHomeCommuteMedian":-1},"geometry":{"type":"Polygon","coordinates":[[[26.66013414087033,58.372573382179795],[26.66013414087033,58.38156658581704],[26.669127344507576,58.38156658581704],[26.669127344507576,58.372573382179795],[26.66013414087033,58.372573382179795]]]}},{"type":"Feature","properties":{"jobs":50,"pop":0,"pointCount":3,"homeWorkCommuteMedian":-1,"workHomeCommuteMedian":9325},"geometry":{"type":"Polygon","coordinates":[[[26.66013414087033,58.38156658581704],[26.66013414087033,58.39055978945429],[26.669127344507576,58.39055978945429],[26.669127344507576,58.38156658581704],[26.66013414087033,58.38156658581704]]]}},{"type":"Feature","properties":{"jobs":0,"pop":13,"pointCount":2,"homeWorkCommuteMedian":7175,"workHomeCommuteMedian":-1},"geometry":{"type":"Polygon","coordinates":[[[26.66013414087033,58.39055978945429],[26.66013414087033,58.39955299309153],[26.669127344507576,58.39955299309153],[26.669127344507576,58.39055978945429],[26.66013414087033,58.39055978945429]]]}},{"type":"Feature","properties":{"jobs":6,"pop":20,"pointCount":4,"homeWorkCommuteMedian":6906,"workHomeCommuteMedian":4584},"geometry":{"type":"Polygon","coordinates":[[[26.66013414087033,58.39955299309153],[26.66013414087033,58.40854619672878],[26.669127344507576,58.40854619672878],[26.669127344507576,58.39955299309153],[26.66013414087033,58.39955299309153]]]}},{"type":"Feature","properties":{"jobs":17,"pop":37,"pointCount":3,"homeWorkCommuteMedian":20300,"workHomeCommuteMedian":9272},"geometry":{"type":"Polygon","coordinates":[[[26.66013414087033,58.417539400366024],[26.66013414087033,58.42653260400327],[26.669127344507576,58.42653260400327],[26.669127344507576,58.417539400366024],[26.66013414087033,58.417539400366024]]]}},{"type":"Feature","properties":{"jobs":0,"pop":24,"pointCount":2,"homeWorkCommuteMedian":7886,"workHomeCommuteMedian":-1},"geometry":{"type":"Polygon","coordinates":[[[26.66013414087033,58.42653260400327],[26.66013414087033,58.435525807640516],[26.669127344507576,58.435525807640516],[26.669127344507576,58.42653260400327],[26.66013414087033,58.42653260400327]]]}},{"type":"Feature","properties":{"jobs":0,"pop":10,"pointCount":1,"homeWorkCommuteMedian":6749,"workHomeCommuteMedian":-1},"geometry":{"type":"Polygon","coordinates":[[[26.66013414087033,58.44451901127776],[26.66013414087033,58.45351221491501],[26.669127344507576,58.45351221491501],[26.669127344507576,58.44451901127776],[26.66013414087033,58.44451901127776]]]}},{"type":"Feature","properties":{"jobs":0,"pop":14,"pointCount":2,"homeWorkCommuteMedian":74994,"workHomeCommuteMedian":-1},"geometry":{"type":"Polygon","coordinates":[[[26.66013414087033,58.45351221491501],[26.66013414087033,58.462505418552254],[26.669127344507576,58.462505418552254],[26.669127344507576,58.45351221491501],[26.66013414087033,58.45351221491501]]]}},{"type":"Feature","properties":{"jobs":6,"pop":0,"pointCount":1,"homeWorkCommuteMedian":-1,"workHomeCommuteMedian":12114},"geometry":{"type":"Polygon","coordinates":[[[26.66013414087033,58.4714986221895],[26.66013414087033,58.480491825826746],[26.669127344507576,58.480491825826746],[26.669127344507576,58.4714986221895],[26.66013414087033,58.4714986221895]]]}},{"type":"Feature","properties":{"jobs":0,"pop":12,"pointCount":1,"homeWorkCommuteMedian":17538,"workHomeCommuteMedian":-1},"geometry":{"type":"Polygon","coordinates":[[[26.66013414087033,58.480491825826746],[26.66013414087033,58.48948502946399],[26.669127344507576,58.48948502946399],[26.669127344507576,58.480491825826746],[26.66013414087033,58.480491825826746]]]}},{"type":"Feature","properties":{"jobs":0,"pop":6,"pointCount":1,"homeWorkCommuteMedian":7375,"workHomeCommuteMedian":-1},"geometry":{"type":"Polygon","coordinates":[[[26.66013414087033,58.48948502946399],[26.66013414087033,58.49847823310124],[26.669127344507576,58.49847823310124],[26.669127344507576,58.48948502946399],[26.66013414087033,58.48948502946399]]]}},{"type":"Feature","properties":{"jobs":1,"pop":0,"pointCount":1,"homeWorkCommuteMedian":-1,"workHomeCommuteMedian":5232},"geometry":{"type":"Polygon","coordinates":[[[26.66013414087033,58.49847823310124],[26.66013414087033,58.507471436738484],[26.669127344507576,58.507471436738484],[26.669127344507576,58.49847823310124],[26.66013414087033,58.49847823310124]]]}},{"type":"Feature","properties":{"jobs":4,"pop":0,"pointCount":1,"homeWorkCommuteMedian":-1,"workHomeCommuteMedian":18757},"geometry":{"type":"Polygon","coordinates":[[[26.66013414087033,58.507471436738484],[26.66013414087033,58.51646464037573],[26.669127344507576,58.51646464037573],[26.669127344507576,58.507471436738484],[26.66013414087033,58.507471436738484]]]}},{"type":"Feature","properties":{"jobs":0,"pop":9,"pointCount":1,"homeWorkCommuteMedian":20999,"workHomeCommuteMedian":-1},"geometry":{"type":"Polygon","coordinates":[[[26.66013414087033,58.51646464037573],[26.66013414087033,58.525457844012976],[26.669127344507576,58.525457844012976],[26.669127344507576,58.51646464037573],[26.66013414087033,58.51646464037573]]]}},{"type":"Feature","properties":{"jobs":0,"pop":10,"pointCount":1,"homeWorkCommuteMedian":27118,"workHomeCommuteMedian":-1},"geometry":{"type":"Polygon","coordinates":[[[26.66013414087033,58.525457844012976],[26.66013414087033,58.53445104765022],[26.669127344507576,58.53445104765022],[26.669127344507576,58.525457844012976],[26.66013414087033,58.525457844012976]]]}},{"type":"Feature","properties":{"jobs":7,"pop":8,"pointCount":2,"homeWorkCommuteMedian":38569,"workHomeCommuteMedian":15830},"geometry":{"type":"Polygon","coordinates":[[[26.66013414087033,58.54344425128747],[26.66013414087033,58.552437454924714],[26.669127344507576,58.552437454924714],[26.669127344507576,58.54344425128747],[26.66013414087033,58.54344425128747]]]}},{"type":"Feature","properties":{"jobs":7,"pop":5,"pointCount":2,"homeWorkCommuteMedian":60446,"workHomeCommuteMedian":51830},"geometry":{"type":"Polygon","coordinates":[[[26.669127344507576,57.94989281122923],[26.669127344507576,57.95888601486648],[26.678120548144822,57.95888601486648],[26.678120548144822,57.94989281122923],[26.669127344507576,57.94989281122923]]]}},{"type":"Feature","properties":{"jobs":0,"pop":16,"pointCount":1,"homeWorkCommuteMedian":41454,"workHomeCommuteMedian":-1},"geometry":{"type":"Polygon","coordinates":[[[26.669127344507576,57.99485882941546],[26.669127344507576,58.00385203305271],[26.678120548144822,58.00385203305271],[26.678120548144822,57.99485882941546],[26.669127344507576,57.99485882941546]]]}},{"type":"Feature","properties":{"jobs":6,"pop":12,"pointCount":1,"homeWorkCommuteMedian":59390,"workHomeCommuteMedian":35223},"geometry":{"type":"Polygon","coordinates":[[[26.669127344507576,58.00385203305271],[26.669127344507576,58.012845236689955],[26.678120548144822,58.012845236689955],[26.678120548144822,58.00385203305271],[26.669127344507576,58.00385203305271]]]}},{"type":"Feature","properties":{"jobs":18,"pop":9,"pointCount":2,"homeWorkCommuteMedian":29368,"workHomeCommuteMedian":32850},"geometry":{"type":"Polygon","coordinates":[[[26.669127344507576,58.09378406942517],[26.669127344507576,58.102777273062415],[26.678120548144822,58.102777273062415],[26.678120548144822,58.09378406942517],[26.669127344507576,58.09378406942517]]]}},{"type":"Feature","properties":{"jobs":0,"pop":6,"pointCount":1,"homeWorkCommuteMedian":28433,"workHomeCommuteMedian":-1},"geometry":{"type":"Polygon","coordinates":[[[26.669127344507576,58.147743291248645],[26.669127344507576,58.15673649488589],[26.678120548144822,58.15673649488589],[26.678120548144822,58.147743291248645],[26.669127344507576,58.147743291248645]]]}},{"type":"Feature","properties":{"jobs":0,"pop":7,"pointCount":1,"homeWorkCommuteMedian":18627,"workHomeCommuteMedian":-1},"geometry":{"type":"Polygon","coordinates":[[[26.669127344507576,58.22868212398386],[26.669127344507576,58.237675327621105],[26.678120548144822,58.237675327621105],[26.678120548144822,58.22868212398386],[26.669127344507576,58.22868212398386]]]}},{"type":"Feature","properties":{"jobs":0,"pop":8,"pointCount":1,"homeWorkCommuteMedian":10202,"workHomeCommuteMedian":-1},"geometry":{"type":"Polygon","coordinates":[[[26.669127344507576,58.237675327621105],[26.669127344507576,58.24666853125835],[26.678120548144822,58.24666853125835],[26.678120548144822,58.237675327621105],[26.669127344507576,58.237675327621105]]]}},{"type":"Feature","properties":{"jobs":14,"pop":0,"pointCount":1,"homeWorkCommuteMedian":-1,"workHomeCommuteMedian":7133},"geometry":{"type":"Polygon","coordinates":[[[26.669127344507576,58.24666853125835],[26.669127344507576,58.2556617348956],[26.678120548144822,58.2556617348956],[26.678120548144822,58.24666853125835],[26.669127344507576,58.24666853125835]]]}},{"type":"Feature","properties":{"jobs":9,"pop":0,"pointCount":1,"homeWorkCommuteMedian":-1,"workHomeCommuteMedian":18782},"geometry":{"type":"Polygon","coordinates":[[[26.669127344507576,58.30062775308183],[26.669127344507576,58.30962095671907],[26.678120548144822,58.30962095671907],[26.678120548144822,58.30062775308183],[26.669127344507576,58.30062775308183]]]}},{"type":"Feature","properties":{"jobs":0,"pop":28,"pointCount":4,"homeWorkCommuteMedian":6394,"workHomeCommuteMedian":-1},"geometry":{"type":"Polygon","coordinates":[[[26.669127344507576,58.31861416035632],[26.669127344507576,58.327607363993565],[26.678120548144822,58.327607363993565],[26.678120548144822,58.31861416035632],[26.669127344507576,58.31861416035632]]]}},{"type":"Feature","properties":{"jobs":0,"pop":7,"pointCount":1,"homeWorkCommuteMedian":26121,"workHomeCommuteMedian":-1},"geometry":{"type":"Polygon","coordinates":[[[26.669127344507576,58.327607363993565],[26.669127344507576,58.33660056763081],[26.678120548144822,58.33660056763081],[26.678120548144822,58.327607363993565],[26.669127344507576,58.327607363993565]]]}},{"type":"Feature","properties":{"jobs":141,"pop":40,"pointCount":7,"homeWorkCommuteMedian":7404,"workHomeCommuteMedian":9532},"geometry":{"type":"Polygon","coordinates":[[[26.669127344507576,58.34559377126806],[26.669127344507576,58.3545869749053],[26.678120548144822,58.3545869749053],[26.678120548144822,58.34559377126806],[26.669127344507576,58.34559377126806]]]}},{"type":"Feature","properties":{"jobs":1489,"pop":11,"pointCount":12,"homeWorkCommuteMedian":3934,"workHomeCommuteMedian":8984},"geometry":{"type":"Polygon","coordinates":[[[26.669127344507576,58.3545869749053],[26.669127344507576,58.36358017854255],[26.678120548144822,58.36358017854255],[26.678120548144822,58.3545869749053],[26.669127344507576,58.3545869749053]]]}},{"type":"Feature","properties":{"jobs":433,"pop":236,"pointCount":17,"homeWorkCommuteMedian":5414,"workHomeCommuteMedian":7717},"geometry":{"type":"Polygon","coordinates":[[[26.669127344507576,58.36358017854255],[26.669127344507576,58.372573382179795],[26.678120548144822,58.372573382179795],[26.678120548144822,58.36358017854255],[26.669127344507576,58.36358017854255]]]}},{"type":"Feature","properties":{"jobs":149,"pop":9,"pointCount":4,"homeWorkCommuteMedian":8578,"workHomeCommuteMedian":8420},"geometry":{"type":"Polygon","coordinates":[[[26.669127344507576,58.372573382179795],[26.669127344507576,58.38156658581704],[26.678120548144822,58.38156658581704],[26.678120548144822,58.372573382179795],[26.669127344507576,58.372573382179795]]]}},{"type":"Feature","properties":{"jobs":168,"pop":54,"pointCount":4,"homeWorkCommuteMedian":4157,"workHomeCommuteMedian":32459},"geometry":{"type":"Polygon","coordinates":[[[26.669127344507576,58.38156658581704],[26.669127344507576,58.39055978945429],[26.678120548144822,58.39055978945429],[26.678120548144822,58.38156658581704],[26.669127344507576,58.38156658581704]]]}},{"type":"Feature","properties":{"jobs":61,"pop":0,"pointCount":1,"homeWorkCommuteMedian":-1,"workHomeCommuteMedian":8420},"geometry":{"type":"Polygon","coordinates":[[[26.669127344507576,58.39055978945429],[26.669127344507576,58.39955299309153],[26.678120548144822,58.39955299309153],[26.678120548144822,58.39055978945429],[26.669127344507576,58.39055978945429]]]}},{"type":"Feature","properties":{"jobs":154,"pop":0,"pointCount":1,"homeWorkCommuteMedian":-1,"workHomeCommuteMedian":23601},"geometry":{"type":"Polygon","coordinates":[[[26.669127344507576,58.39955299309153],[26.669127344507576,58.40854619672878],[26.678120548144822,58.40854619672878],[26.678120548144822,58.39955299309153],[26.669127344507576,58.39955299309153]]]}},{"type":"Feature","properties":{"jobs":0,"pop":6,"pointCount":1,"homeWorkCommuteMedian":7679,"workHomeCommuteMedian":-1},"geometry":{"type":"Polygon","coordinates":[[[26.669127344507576,58.417539400366024],[26.669127344507576,58.42653260400327],[26.678120548144822,58.42653260400327],[26.678120548144822,58.417539400366024],[26.669127344507576,58.417539400366024]]]}},{"type":"Feature","properties":{"jobs":0,"pop":7,"pointCount":1,"homeWorkCommuteMedian":9172,"workHomeCommuteMedian":-1},"geometry":{"type":"Polygon","coordinates":[[[26.669127344507576,58.42653260400327],[26.669127344507576,58.435525807640516],[26.678120548144822,58.435525807640516],[26.678120548144822,58.42653260400327],[26.669127344507576,58.42653260400327]]]}},{"type":"Feature","properties":{"jobs":0,"pop":8,"pointCount":1,"homeWorkCommuteMedian":16680,"workHomeCommuteMedian":-1},"geometry":{"type":"Polygon","coordinates":[[[26.669127344507576,58.44451901127776],[26.669127344507576,58.45351221491501],[26.678120548144822,58.45351221491501],[26.678120548144822,58.44451901127776],[26.669127344507576,58.44451901127776]]]}},{"type":"Feature","properties":{"jobs":25,"pop":17,"pointCount":3,"homeWorkCommuteMedian":11826,"workHomeCommuteMedian":61392},"geometry":{"type":"Polygon","coordinates":[[[26.669127344507576,58.45351221491501],[26.669127344507576,58.462505418552254],[26.678120548144822,58.462505418552254],[26.678120548144822,58.45351221491501],[26.669127344507576,58.45351221491501]]]}},{"type":"Feature","properties":{"jobs":30,"pop":92,"pointCount":4,"homeWorkCommuteMedian":11454,"workHomeCommuteMedian":12706},"geometry":{"type":"Polygon","coordinates":[[[26.669127344507576,58.462505418552254],[26.669127344507576,58.4714986221895],[26.678120548144822,58.4714986221895],[26.678120548144822,58.462505418552254],[26.669127344507576,58.462505418552254]]]}},{"type":"Feature","properties":{"jobs":0,"pop":9,"pointCount":1,"homeWorkCommuteMedian":4673,"workHomeCommuteMedian":-1},"geometry":{"type":"Polygon","coordinates":[[[26.669127344507576,58.4714986221895],[26.669127344507576,58.480491825826746],[26.678120548144822,58.480491825826746],[26.678120548144822,58.4714986221895],[26.669127344507576,58.4714986221895]]]}},{"type":"Feature","properties":{"jobs":0,"pop":5,"pointCount":1,"homeWorkCommuteMedian":15509,"workHomeCommuteMedian":-1},"geometry":{"type":"Polygon","coordinates":[[[26.669127344507576,58.480491825826746],[26.669127344507576,58.48948502946399],[26.678120548144822,58.48948502946399],[26.678120548144822,58.480491825826746],[26.669127344507576,58.480491825826746]]]}},{"type":"Feature","properties":{"jobs":14,"pop":187,"pointCount":6,"homeWorkCommuteMedian":15374,"workHomeCommuteMedian":59844},"geometry":{"type":"Polygon","coordinates":[[[26.669127344507576,58.48948502946399],[26.669127344507576,58.49847823310124],[26.678120548144822,58.49847823310124],[26.678120548144822,58.48948502946399],[26.669127344507576,58.48948502946399]]]}},{"type":"Feature","properties":{"jobs":0,"pop":23,"pointCount":2,"homeWorkCommuteMedian":18791,"workHomeCommuteMedian":-1},"geometry":{"type":"Polygon","coordinates":[[[26.669127344507576,58.507471436738484],[26.669127344507576,58.51646464037573],[26.678120548144822,58.51646464037573],[26.678120548144822,58.507471436738484],[26.669127344507576,58.507471436738484]]]}},{"type":"Feature","properties":{"jobs":0,"pop":61,"pointCount":3,"homeWorkCommuteMedian":16643,"workHomeCommuteMedian":-1},"geometry":{"type":"Polygon","coordinates":[[[26.669127344507576,58.51646464037573],[26.669127344507576,58.525457844012976],[26.678120548144822,58.525457844012976],[26.678120548144822,58.51646464037573],[26.669127344507576,58.51646464037573]]]}},{"type":"Feature","properties":{"jobs":32,"pop":0,"pointCount":2,"homeWorkCommuteMedian":-1,"workHomeCommuteMedian":10004},"geometry":{"type":"Polygon","coordinates":[[[26.669127344507576,58.525457844012976],[26.669127344507576,58.53445104765022],[26.678120548144822,58.53445104765022],[26.678120548144822,58.525457844012976],[26.669127344507576,58.525457844012976]]]}},{"type":"Feature","properties":{"jobs":0,"pop":5,"pointCount":1,"homeWorkCommuteMedian":26771,"workHomeCommuteMedian":-1},"geometry":{"type":"Polygon","coordinates":[[[26.678120548144822,57.95888601486648],[26.678120548144822,57.967879218503725],[26.687113751782068,57.967879218503725],[26.687113751782068,57.95888601486648],[26.678120548144822,57.95888601486648]]]}},{"type":"Feature","properties":{"jobs":0,"pop":13,"pointCount":1,"homeWorkCommuteMedian":22453,"workHomeCommuteMedian":-1},"geometry":{"type":"Polygon","coordinates":[[[26.678120548144822,58.00385203305271],[26.678120548144822,58.012845236689955],[26.687113751782068,58.012845236689955],[26.687113751782068,58.00385203305271],[26.678120548144822,58.00385203305271]]]}},{"type":"Feature","properties":{"jobs":0,"pop":5,"pointCount":1,"homeWorkCommuteMedian":11534,"workHomeCommuteMedian":-1},"geometry":{"type":"Polygon","coordinates":[[[26.678120548144822,58.1387500876114],[26.678120548144822,58.147743291248645],[26.687113751782068,58.147743291248645],[26.687113751782068,58.1387500876114],[26.678120548144822,58.1387500876114]]]}},{"type":"Feature","properties":{"jobs":0,"pop":5,"pointCount":1,"homeWorkCommuteMedian":10186,"workHomeCommuteMedian":-1},"geometry":{"type":"Polygon","coordinates":[[[26.678120548144822,58.147743291248645],[26.678120548144822,58.15673649488589],[26.687113751782068,58.15673649488589],[26.687113751782068,58.147743291248645],[26.678120548144822,58.147743291248645]]]}},{"type":"Feature","properties":{"jobs":0,"pop":16,"pointCount":1,"homeWorkCommuteMedian":24267,"workHomeCommuteMedian":-1},"geometry":{"type":"Polygon","coordinates":[[[26.678120548144822,58.16572969852314],[26.678120548144822,58.17472290216038],[26.687113751782068,58.17472290216038],[26.687113751782068,58.16572969852314],[26.678120548144822,58.16572969852314]]]}},{"type":"Feature","properties":{"jobs":0,"pop":7,"pointCount":1,"homeWorkCommuteMedian":59854,"workHomeCommuteMedian":-1},"geometry":{"type":"Polygon","coordinates":[[[26.678120548144822,58.22868212398386],[26.678120548144822,58.237675327621105],[26.687113751782068,58.237675327621105],[26.687113751782068,58.22868212398386],[26.678120548144822,58.22868212398386]]]}},{"type":"Feature","properties":{"jobs":0,"pop":13,"pointCount":2,"homeWorkCommuteMedian":51157,"workHomeCommuteMedian":-1},"geometry":{"type":"Polygon","coordinates":[[[26.678120548144822,58.24666853125835],[26.678120548144822,58.2556617348956],[26.687113751782068,58.2556617348956],[26.687113751782068,58.24666853125835],[26.678120548144822,58.24666853125835]]]}},{"type":"Feature","properties":{"jobs":0,"pop":6,"pointCount":1,"homeWorkCommuteMedian":13712,"workHomeCommuteMedian":-1},"geometry":{"type":"Polygon","coordinates":[[[26.678120548144822,58.30062775308183],[26.678120548144822,58.30962095671907],[26.687113751782068,58.30962095671907],[26.687113751782068,58.30062775308183],[26.678120548144822,58.30062775308183]]]}},{"type":"Feature","properties":{"jobs":0,"pop":9,"pointCount":1,"homeWorkCommuteMedian":31388,"workHomeCommuteMedian":-1},"geometry":{"type":"Polygon","coordinates":[[[26.678120548144822,58.31861416035632],[26.678120548144822,58.327607363993565],[26.687113751782068,58.327607363993565],[26.687113751782068,58.31861416035632],[26.678120548144822,58.31861416035632]]]}},{"type":"Feature","properties":{"jobs":0,"pop":8,"pointCount":1,"homeWorkCommuteMedian":70217,"workHomeCommuteMedian":-1},"geometry":{"type":"Polygon","coordinates":[[[26.678120548144822,58.33660056763081],[26.678120548144822,58.34559377126806],[26.687113751782068,58.34559377126806],[26.687113751782068,58.33660056763081],[26.678120548144822,58.33660056763081]]]}},{"type":"Feature","properties":{"jobs":121,"pop":1381,"pointCount":9,"homeWorkCommuteMedian":5354,"workHomeCommuteMedian":6051},"geometry":{"type":"Polygon","coordinates":[[[26.678120548144822,58.34559377126806],[26.678120548144822,58.3545869749053],[26.687113751782068,58.3545869749053],[26.687113751782068,58.34559377126806],[26.678120548144822,58.34559377126806]]]}},{"type":"Feature","properties":{"jobs":1739,"pop":50,"pointCount":9,"homeWorkCommuteMedian":4379,"workHomeCommuteMedian":8058},"geometry":{"type":"Polygon","coordinates":[[[26.678120548144822,58.3545869749053],[26.678120548144822,58.36358017854255],[26.687113751782068,58.36358017854255],[26.687113751782068,58.3545869749053],[26.678120548144822,58.3545869749053]]]}},{"type":"Feature","properties":{"jobs":222,"pop":637,"pointCount":12,"homeWorkCommuteMedian":4351,"workHomeCommuteMedian":7096},"geometry":{"type":"Polygon","coordinates":[[[26.678120548144822,58.36358017854255],[26.678120548144822,58.372573382179795],[26.687113751782068,58.372573382179795],[26.687113751782068,58.36358017854255],[26.678120548144822,58.36358017854255]]]}},{"type":"Feature","properties":{"jobs":166,"pop":1336,"pointCount":7,"homeWorkCommuteMedian":4660,"workHomeCommuteMedian":9774},"geometry":{"type":"Polygon","coordinates":[[[26.678120548144822,58.372573382179795],[26.678120548144822,58.38156658581704],[26.687113751782068,58.38156658581704],[26.687113751782068,58.372573382179795],[26.678120548144822,58.372573382179795]]]}},{"type":"Feature","properties":{"jobs":1367,"pop":0,"pointCount":6,"homeWorkCommuteMedian":-1,"workHomeCommuteMedian":6393},"geometry":{"type":"Polygon","coordinates":[[[26.678120548144822,58.38156658581704],[26.678120548144822,58.39055978945429],[26.687113751782068,58.39055978945429],[26.687113751782068,58.38156658581704],[26.678120548144822,58.38156658581704]]]}},{"type":"Feature","properties":{"jobs":899,"pop":0,"pointCount":6,"homeWorkCommuteMedian":-1,"workHomeCommuteMedian":9551},"geometry":{"type":"Polygon","coordinates":[[[26.678120548144822,58.39055978945429],[26.678120548144822,58.39955299309153],[26.687113751782068,58.39955299309153],[26.687113751782068,58.39055978945429],[26.678120548144822,58.39055978945429]]]}},{"type":"Feature","properties":{"jobs":56,"pop":27,"pointCount":4,"homeWorkCommuteMedian":7278,"workHomeCommuteMedian":6702},"geometry":{"type":"Polygon","coordinates":[[[26.678120548144822,58.39955299309153],[26.678120548144822,58.40854619672878],[26.687113751782068,58.40854619672878],[26.687113751782068,58.39955299309153],[26.678120548144822,58.39955299309153]]]}},{"type":"Feature","properties":{"jobs":7,"pop":0,"pointCount":1,"homeWorkCommuteMedian":-1,"workHomeCommuteMedian":11550},"geometry":{"type":"Polygon","coordinates":[[[26.678120548144822,58.40854619672878],[26.678120548144822,58.417539400366024],[26.687113751782068,58.417539400366024],[26.687113751782068,58.40854619672878],[26.678120548144822,58.40854619672878]]]}},{"type":"Feature","properties":{"jobs":0,"pop":32,"pointCount":2,"homeWorkCommuteMedian":9890,"workHomeCommuteMedian":-1},"geometry":{"type":"Polygon","coordinates":[[[26.678120548144822,58.42653260400327],[26.678120548144822,58.435525807640516],[26.687113751782068,58.435525807640516],[26.687113751782068,58.42653260400327],[26.678120548144822,58.42653260400327]]]}},{"type":"Feature","properties":{"jobs":5,"pop":23,"pointCount":3,"homeWorkCommuteMedian":12090,"workHomeCommuteMedian":13292},"geometry":{"type":"Polygon","coordinates":[[[26.678120548144822,58.435525807640516],[26.678120548144822,58.44451901127776],[26.687113751782068,58.44451901127776],[26.687113751782068,58.435525807640516],[26.678120548144822,58.435525807640516]]]}},{"type":"Feature","properties":{"jobs":0,"pop":10,"pointCount":1,"homeWorkCommuteMedian":6114,"workHomeCommuteMedian":-1},"geometry":{"type":"Polygon","coordinates":[[[26.678120548144822,58.44451901127776],[26.678120548144822,58.45351221491501],[26.687113751782068,58.45351221491501],[26.687113751782068,58.44451901127776],[26.678120548144822,58.44451901127776]]]}},{"type":"Feature","properties":{"jobs":100,"pop":0,"pointCount":3,"homeWorkCommuteMedian":-1,"workHomeCommuteMedian":11988},"geometry":{"type":"Polygon","coordinates":[[[26.678120548144822,58.45351221491501],[26.678120548144822,58.462505418552254],[26.687113751782068,58.462505418552254],[26.687113751782068,58.45351221491501],[26.678120548144822,58.45351221491501]]]}},{"type":"Feature","properties":{"jobs":0,"pop":10,"pointCount":2,"homeWorkCommuteMedian":16037,"workHomeCommuteMedian":-1},"geometry":{"type":"Polygon","coordinates":[[[26.678120548144822,58.480491825826746],[26.678120548144822,58.48948502946399],[26.687113751782068,58.48948502946399],[26.687113751782068,58.480491825826746],[26.678120548144822,58.480491825826746]]]}},{"type":"Feature","properties":{"jobs":145,"pop":47,"pointCount":12,"homeWorkCommuteMedian":17584,"workHomeCommuteMedian":18271},"geometry":{"type":"Polygon","coordinates":[[[26.678120548144822,58.48948502946399],[26.678120548144822,58.49847823310124],[26.687113751782068,58.49847823310124],[26.687113751782068,58.48948502946399],[26.678120548144822,58.48948502946399]]]}},{"type":"Feature","properties":{"jobs":0,"pop":25,"pointCount":2,"homeWorkCommuteMedian":14999,"workHomeCommuteMedian":-1},"geometry":{"type":"Polygon","coordinates":[[[26.678120548144822,58.49847823310124],[26.678120548144822,58.507471436738484],[26.687113751782068,58.507471436738484],[26.687113751782068,58.49847823310124],[26.678120548144822,58.49847823310124]]]}},{"type":"Feature","properties":{"jobs":9,"pop":116,"pointCount":3,"homeWorkCommuteMedian":21156,"workHomeCommuteMedian":18871},"geometry":{"type":"Polygon","coordinates":[[[26.678120548144822,58.51646464037573],[26.678120548144822,58.525457844012976],[26.687113751782068,58.525457844012976],[26.687113751782068,58.51646464037573],[26.678120548144822,58.51646464037573]]]}},{"type":"Feature","properties":{"jobs":0,"pop":9,"pointCount":1,"homeWorkCommuteMedian":10151,"workHomeCommuteMedian":-1},"geometry":{"type":"Polygon","coordinates":[[[26.678120548144822,58.525457844012976],[26.678120548144822,58.53445104765022],[26.687113751782068,58.53445104765022],[26.687113751782068,58.525457844012976],[26.678120548144822,58.525457844012976]]]}},{"type":"Feature","properties":{"jobs":0,"pop":17,"pointCount":2,"homeWorkCommuteMedian":17545,"workHomeCommuteMedian":-1},"geometry":{"type":"Polygon","coordinates":[[[26.678120548144822,58.53445104765022],[26.678120548144822,58.54344425128747],[26.687113751782068,58.54344425128747],[26.687113751782068,58.53445104765022],[26.678120548144822,58.53445104765022]]]}},{"type":"Feature","properties":{"jobs":1,"pop":0,"pointCount":1,"homeWorkCommuteMedian":-1,"workHomeCommuteMedian":2187},"geometry":{"type":"Polygon","coordinates":[[[26.678120548144822,58.54344425128747],[26.678120548144822,58.552437454924714],[26.687113751782068,58.552437454924714],[26.687113751782068,58.54344425128747],[26.678120548144822,58.54344425128747]]]}},{"type":"Feature","properties":{"jobs":173,"pop":0,"pointCount":2,"homeWorkCommuteMedian":-1,"workHomeCommuteMedian":28922},"geometry":{"type":"Polygon","coordinates":[[[26.678120548144822,58.570423862199206],[26.678120548144822,58.57941706583645],[26.687113751782068,58.57941706583645],[26.687113751782068,58.570423862199206],[26.678120548144822,58.570423862199206]]]}},{"type":"Feature","properties":{"jobs":0,"pop":7,"pointCount":1,"homeWorkCommuteMedian":52718,"workHomeCommuteMedian":-1},"geometry":{"type":"Polygon","coordinates":[[[26.687113751782068,57.967879218503725],[26.687113751782068,57.97687242214097],[26.696106955419314,57.97687242214097],[26.696106955419314,57.967879218503725],[26.687113751782068,57.967879218503725]]]}},{"type":"Feature","properties":{"jobs":0,"pop":11,"pointCount":1,"homeWorkCommuteMedian":24772,"workHomeCommuteMedian":-1},"geometry":{"type":"Polygon","coordinates":[[[26.687113751782068,58.12076368033691],[26.687113751782068,58.12975688397415],[26.696106955419314,58.12975688397415],[26.696106955419314,58.12076368033691],[26.687113751782068,58.12076368033691]]]}},{"type":"Feature","properties":{"jobs":8,"pop":0,"pointCount":1,"homeWorkCommuteMedian":-1,"workHomeCommuteMedian":25918},"geometry":{"type":"Polygon","coordinates":[[[26.687113751782068,58.12975688397415],[26.687113751782068,58.1387500876114],[26.696106955419314,58.1387500876114],[26.696106955419314,58.12975688397415],[26.687113751782068,58.12975688397415]]]}},{"type":"Feature","properties":{"jobs":0,"pop":5,"pointCount":1,"homeWorkCommuteMedian":23714,"workHomeCommuteMedian":-1},"geometry":{"type":"Polygon","coordinates":[[[26.687113751782068,58.17472290216038],[26.687113751782068,58.18371610579763],[26.696106955419314,58.18371610579763],[26.696106955419314,58.17472290216038],[26.687113751782068,58.17472290216038]]]}},{"type":"Feature","properties":{"jobs":0,"pop":17,"pointCount":1,"homeWorkCommuteMedian":42081,"workHomeCommuteMedian":-1},"geometry":{"type":"Polygon","coordinates":[[[26.687113751782068,58.18371610579763],[26.687113751782068,58.192709309434875],[26.696106955419314,58.192709309434875],[26.696106955419314,58.18371610579763],[26.687113751782068,58.18371610579763]]]}},{"type":"Feature","properties":{"jobs":0,"pop":14,"pointCount":1,"homeWorkCommuteMedian":21894,"workHomeCommuteMedian":-1},"geometry":{"type":"Polygon","coordinates":[[[26.687113751782068,58.20170251307212],[26.687113751782068,58.21069571670937],[26.696106955419314,58.21069571670937],[26.696106955419314,58.20170251307212],[26.687113751782068,58.20170251307212]]]}},{"type":"Feature","properties":{"jobs":0,"pop":8,"pointCount":1,"homeWorkCommuteMedian":34694,"workHomeCommuteMedian":-1},"geometry":{"type":"Polygon","coordinates":[[[26.687113751782068,58.21069571670937],[26.687113751782068,58.21968892034661],[26.696106955419314,58.21968892034661],[26.696106955419314,58.21069571670937],[26.687113751782068,58.21069571670937]]]}},{"type":"Feature","properties":{"jobs":57,"pop":12,"pointCount":5,"homeWorkCommuteMedian":17534,"workHomeCommuteMedian":21169},"geometry":{"type":"Polygon","coordinates":[[[26.687113751782068,58.22868212398386],[26.687113751782068,58.237675327621105],[26.696106955419314,58.237675327621105],[26.696106955419314,58.22868212398386],[26.687113751782068,58.22868212398386]]]}},{"type":"Feature","properties":{"jobs":59,"pop":0,"pointCount":2,"homeWorkCommuteMedian":-1,"workHomeCommuteMedian":11455},"geometry":{"type":"Polygon","coordinates":[[[26.687113751782068,58.237675327621105],[26.687113751782068,58.24666853125835],[26.696106955419314,58.24666853125835],[26.696106955419314,58.237675327621105],[26.687113751782068,58.237675327621105]]]}},{"type":"Feature","properties":{"jobs":0,"pop":5,"pointCount":1,"homeWorkCommuteMedian":10766,"workHomeCommuteMedian":-1},"geometry":{"type":"Polygon","coordinates":[[[26.687113751782068,58.24666853125835],[26.687113751782068,58.2556617348956],[26.696106955419314,58.2556617348956],[26.696106955419314,58.24666853125835],[26.687113751782068,58.24666853125835]]]}},{"type":"Feature","properties":{"jobs":5,"pop":9,"pointCount":1,"homeWorkCommuteMedian":8776,"workHomeCommuteMedian":15582},"geometry":{"type":"Polygon","coordinates":[[[26.687113751782068,58.2556617348956],[26.687113751782068,58.26465493853284],[26.696106955419314,58.26465493853284],[26.696106955419314,58.2556617348956],[26.687113751782068,58.2556617348956]]]}},{"type":"Feature","properties":{"jobs":8,"pop":0,"pointCount":1,"homeWorkCommuteMedian":-1,"workHomeCommuteMedian":4620},"geometry":{"type":"Polygon","coordinates":[[[26.687113751782068,58.26465493853284],[26.687113751782068,58.27364814217009],[26.696106955419314,58.27364814217009],[26.696106955419314,58.26465493853284],[26.687113751782068,58.26465493853284]]]}},{"type":"Feature","properties":{"jobs":0,"pop":12,"pointCount":1,"homeWorkCommuteMedian":14392,"workHomeCommuteMedian":-1},"geometry":{"type":"Polygon","coordinates":[[[26.687113751782068,58.29163454944458],[26.687113751782068,58.30062775308183],[26.696106955419314,58.30062775308183],[26.696106955419314,58.29163454944458],[26.687113751782068,58.29163454944458]]]}},{"type":"Feature","properties":{"jobs":275,"pop":111,"pointCount":7,"homeWorkCommuteMedian":12216,"workHomeCommuteMedian":12408},"geometry":{"type":"Polygon","coordinates":[[[26.687113751782068,58.30962095671907],[26.687113751782068,58.31861416035632],[26.696106955419314,58.31861416035632],[26.696106955419314,58.30962095671907],[26.687113751782068,58.30962095671907]]]}},{"type":"Feature","properties":{"jobs":6,"pop":63,"pointCount":6,"homeWorkCommuteMedian":9618,"workHomeCommuteMedian":29522},"geometry":{"type":"Polygon","coordinates":[[[26.687113751782068,58.31861416035632],[26.687113751782068,58.327607363993565],[26.696106955419314,58.327607363993565],[26.696106955419314,58.31861416035632],[26.687113751782068,58.31861416035632]]]}},{"type":"Feature","properties":{"jobs":0,"pop":30,"pointCount":3,"homeWorkCommuteMedian":8595,"workHomeCommuteMedian":-1},"geometry":{"type":"Polygon","coordinates":[[[26.687113751782068,58.327607363993565],[26.687113751782068,58.33660056763081],[26.696106955419314,58.33660056763081],[26.696106955419314,58.327607363993565],[26.687113751782068,58.327607363993565]]]}},{"type":"Feature","properties":{"jobs":0,"pop":40,"pointCount":4,"homeWorkCommuteMedian":8637,"workHomeCommuteMedian":-1},"geometry":{"type":"Polygon","coordinates":[[[26.687113751782068,58.33660056763081],[26.687113751782068,58.34559377126806],[26.696106955419314,58.34559377126806],[26.696106955419314,58.33660056763081],[26.687113751782068,58.33660056763081]]]}},{"type":"Feature","properties":{"jobs":100,"pop":92,"pointCount":5,"homeWorkCommuteMedian":2472,"workHomeCommuteMedian":9848},"geometry":{"type":"Polygon","coordinates":[[[26.687113751782068,58.34559377126806],[26.687113751782068,58.3545869749053],[26.696106955419314,58.3545869749053],[26.696106955419314,58.34559377126806],[26.687113751782068,58.34559377126806]]]}},{"type":"Feature","properties":{"jobs":673,"pop":1601,"pointCount":16,"homeWorkCommuteMedian":3644,"workHomeCommuteMedian":7886},"geometry":{"type":"Polygon","coordinates":[[[26.687113751782068,58.3545869749053],[26.687113751782068,58.36358017854255],[26.696106955419314,58.36358017854255],[26.696106955419314,58.3545869749053],[26.687113751782068,58.3545869749053]]]}},{"type":"Feature","properties":{"jobs":5540,"pop":205,"pointCount":16,"homeWorkCommuteMedian":3816,"workHomeCommuteMedian":4620},"geometry":{"type":"Polygon","coordinates":[[[26.687113751782068,58.36358017854255],[26.687113751782068,58.372573382179795],[26.696106955419314,58.372573382179795],[26.696106955419314,58.36358017854255],[26.687113751782068,58.36358017854255]]]}},{"type":"Feature","properties":{"jobs":605,"pop":1368,"pointCount":10,"homeWorkCommuteMedian":3341,"workHomeCommuteMedian":6324},"geometry":{"type":"Polygon","coordinates":[[[26.687113751782068,58.372573382179795],[26.687113751782068,58.38156658581704],[26.696106955419314,58.38156658581704],[26.696106955419314,58.372573382179795],[26.687113751782068,58.372573382179795]]]}},{"type":"Feature","properties":{"jobs":1570,"pop":415,"pointCount":14,"homeWorkCommuteMedian":4286,"workHomeCommuteMedian":9762},"geometry":{"type":"Polygon","coordinates":[[[26.687113751782068,58.38156658581704],[26.687113751782068,58.39055978945429],[26.696106955419314,58.39055978945429],[26.696106955419314,58.38156658581704],[26.687113751782068,58.38156658581704]]]}},{"type":"Feature","properties":{"jobs":662,"pop":8,"pointCount":5,"homeWorkCommuteMedian":53454,"workHomeCommuteMedian":10397},"geometry":{"type":"Polygon","coordinates":[[[26.687113751782068,58.39055978945429],[26.687113751782068,58.39955299309153],[26.696106955419314,58.39955299309153],[26.696106955419314,58.39055978945429],[26.687113751782068,58.39055978945429]]]}},{"type":"Feature","properties":{"jobs":9,"pop":95,"pointCount":5,"homeWorkCommuteMedian":6875,"workHomeCommuteMedian":5008},"geometry":{"type":"Polygon","coordinates":[[[26.687113751782068,58.39955299309153],[26.687113751782068,58.40854619672878],[26.696106955419314,58.40854619672878],[26.696106955419314,58.39955299309153],[26.687113751782068,58.39955299309153]]]}},{"type":"Feature","properties":{"jobs":12,"pop":0,"pointCount":1,"homeWorkCommuteMedian":-1,"workHomeCommuteMedian":11009},"geometry":{"type":"Polygon","coordinates":[[[26.687113751782068,58.40854619672878],[26.687113751782068,58.417539400366024],[26.696106955419314,58.417539400366024],[26.696106955419314,58.40854619672878],[26.687113751782068,58.40854619672878]]]}},{"type":"Feature","properties":{"jobs":0,"pop":36,"pointCount":5,"homeWorkCommuteMedian":8766,"workHomeCommuteMedian":-1},"geometry":{"type":"Polygon","coordinates":[[[26.687113751782068,58.417539400366024],[26.687113751782068,58.42653260400327],[26.696106955419314,58.42653260400327],[26.696106955419314,58.417539400366024],[26.687113751782068,58.417539400366024]]]}},{"type":"Feature","properties":{"jobs":8,"pop":11,"pointCount":2,"homeWorkCommuteMedian":11546,"workHomeCommuteMedian":23437},"geometry":{"type":"Polygon","coordinates":[[[26.687113751782068,58.42653260400327],[26.687113751782068,58.435525807640516],[26.696106955419314,58.435525807640516],[26.696106955419314,58.42653260400327],[26.687113751782068,58.42653260400327]]]}},{"type":"Feature","properties":{"jobs":0,"pop":8,"pointCount":1,"homeWorkCommuteMedian":9877,"workHomeCommuteMedian":-1},"geometry":{"type":"Polygon","coordinates":[[[26.687113751782068,58.435525807640516],[26.687113751782068,58.44451901127776],[26.696106955419314,58.44451901127776],[26.696106955419314,58.435525807640516],[26.687113751782068,58.435525807640516]]]}},{"type":"Feature","properties":{"jobs":9,"pop":11,"pointCount":2,"homeWorkCommuteMedian":13078,"workHomeCommuteMedian":13292},"geometry":{"type":"Polygon","coordinates":[[[26.687113751782068,58.462505418552254],[26.687113751782068,58.4714986221895],[26.696106955419314,58.4714986221895],[26.696106955419314,58.462505418552254],[26.687113751782068,58.462505418552254]]]}},{"type":"Feature","properties":{"jobs":0,"pop":15,"pointCount":1,"homeWorkCommuteMedian":16588,"workHomeCommuteMedian":-1},"geometry":{"type":"Polygon","coordinates":[[[26.687113751782068,58.4714986221895],[26.687113751782068,58.480491825826746],[26.696106955419314,58.480491825826746],[26.696106955419314,58.4714986221895],[26.687113751782068,58.4714986221895]]]}},{"type":"Feature","properties":{"jobs":5,"pop":0,"pointCount":1,"homeWorkCommuteMedian":-1,"workHomeCommuteMedian":16515},"geometry":{"type":"Polygon","coordinates":[[[26.687113751782068,58.48948502946399],[26.687113751782068,58.49847823310124],[26.696106955419314,58.49847823310124],[26.696106955419314,58.48948502946399],[26.687113751782068,58.48948502946399]]]}},{"type":"Feature","properties":{"jobs":0,"pop":9,"pointCount":1,"homeWorkCommuteMedian":20482,"workHomeCommuteMedian":-1},"geometry":{"type":"Polygon","coordinates":[[[26.687113751782068,58.507471436738484],[26.687113751782068,58.51646464037573],[26.696106955419314,58.51646464037573],[26.696106955419314,58.507471436738484],[26.687113751782068,58.507471436738484]]]}},{"type":"Feature","properties":{"jobs":118,"pop":24,"pointCount":7,"homeWorkCommuteMedian":18646,"workHomeCommuteMedian":14258},"geometry":{"type":"Polygon","coordinates":[[[26.687113751782068,58.51646464037573],[26.687113751782068,58.525457844012976],[26.696106955419314,58.525457844012976],[26.696106955419314,58.51646464037573],[26.687113751782068,58.51646464037573]]]}},{"type":"Feature","properties":{"jobs":0,"pop":6,"pointCount":1,"homeWorkCommuteMedian":36937,"workHomeCommuteMedian":-1},"geometry":{"type":"Polygon","coordinates":[[[26.687113751782068,58.525457844012976],[26.687113751782068,58.53445104765022],[26.696106955419314,58.53445104765022],[26.696106955419314,58.525457844012976],[26.687113751782068,58.525457844012976]]]}},{"type":"Feature","properties":{"jobs":16,"pop":32,"pointCount":5,"homeWorkCommuteMedian":7336,"workHomeCommuteMedian":9900},"geometry":{"type":"Polygon","coordinates":[[[26.687113751782068,58.53445104765022],[26.687113751782068,58.54344425128747],[26.696106955419314,58.54344425128747],[26.696106955419314,58.53445104765022],[26.687113751782068,58.53445104765022]]]}},{"type":"Feature","properties":{"jobs":0,"pop":10,"pointCount":1,"homeWorkCommuteMedian":29539,"workHomeCommuteMedian":-1},"geometry":{"type":"Polygon","coordinates":[[[26.687113751782068,58.56143065856196],[26.687113751782068,58.570423862199206],[26.696106955419314,58.570423862199206],[26.696106955419314,58.56143065856196],[26.687113751782068,58.56143065856196]]]}},{"type":"Feature","properties":{"jobs":29,"pop":0,"pointCount":1,"homeWorkCommuteMedian":-1,"workHomeCommuteMedian":9956},"geometry":{"type":"Polygon","coordinates":[[[26.687113751782068,58.5884102694737],[26.687113751782068,58.597403473110944],[26.696106955419314,58.597403473110944],[26.696106955419314,58.5884102694737],[26.687113751782068,58.5884102694737]]]}},{"type":"Feature","properties":{"jobs":0,"pop":14,"pointCount":1,"homeWorkCommuteMedian":82246,"workHomeCommuteMedian":-1},"geometry":{"type":"Polygon","coordinates":[[[26.687113751782068,58.60639667674819],[26.687113751782068,58.615389880385436],[26.696106955419314,58.615389880385436],[26.696106955419314,58.60639667674819],[26.687113751782068,58.60639667674819]]]}},{"type":"Feature","properties":{"jobs":2,"pop":0,"pointCount":1,"homeWorkCommuteMedian":-1,"workHomeCommuteMedian":35257},"geometry":{"type":"Polygon","coordinates":[[[26.687113751782068,58.615389880385436],[26.687113751782068,58.62438308402268],[26.696106955419314,58.62438308402268],[26.696106955419314,58.615389880385436],[26.687113751782068,58.615389880385436]]]}},{"type":"Feature","properties":{"jobs":0,"pop":7,"pointCount":1,"homeWorkCommuteMedian":12748,"workHomeCommuteMedian":-1},"geometry":{"type":"Polygon","coordinates":[[[26.696106955419314,58.07579766215068],[26.696106955419314,58.08479086578792],[26.70510015905656,58.08479086578792],[26.70510015905656,58.07579766215068],[26.696106955419314,58.07579766215068]]]}},{"type":"Feature","properties":{"jobs":7,"pop":34,"pointCount":4,"homeWorkCommuteMedian":30169,"workHomeCommuteMedian":26104},"geometry":{"type":"Polygon","coordinates":[[[26.696106955419314,58.1387500876114],[26.696106955419314,58.147743291248645],[26.70510015905656,58.147743291248645],[26.70510015905656,58.1387500876114],[26.696106955419314,58.1387500876114]]]}},{"type":"Feature","properties":{"jobs":13,"pop":40,"pointCount":3,"homeWorkCommuteMedian":26946,"workHomeCommuteMedian":22453},"geometry":{"type":"Polygon","coordinates":[[[26.696106955419314,58.147743291248645],[26.696106955419314,58.15673649488589],[26.70510015905656,58.15673649488589],[26.70510015905656,58.147743291248645],[26.696106955419314,58.147743291248645]]]}},{"type":"Feature","properties":{"jobs":9,"pop":0,"pointCount":1,"homeWorkCommuteMedian":-1,"workHomeCommuteMedian":8560},"geometry":{"type":"Polygon","coordinates":[[[26.696106955419314,58.16572969852314],[26.696106955419314,58.17472290216038],[26.70510015905656,58.17472290216038],[26.70510015905656,58.16572969852314],[26.696106955419314,58.16572969852314]]]}},{"type":"Feature","properties":{"jobs":0,"pop":8,"pointCount":1,"homeWorkCommuteMedian":26047,"workHomeCommuteMedian":-1},"geometry":{"type":"Polygon","coordinates":[[[26.696106955419314,58.192709309434875],[26.696106955419314,58.20170251307212],[26.70510015905656,58.20170251307212],[26.70510015905656,58.192709309434875],[26.696106955419314,58.192709309434875]]]}},{"type":"Feature","properties":{"jobs":24,"pop":0,"pointCount":1,"homeWorkCommuteMedian":-1,"workHomeCommuteMedian":23676},"geometry":{"type":"Polygon","coordinates":[[[26.696106955419314,58.20170251307212],[26.696106955419314,58.21069571670937],[26.70510015905656,58.21069571670937],[26.70510015905656,58.20170251307212],[26.696106955419314,58.20170251307212]]]}},{"type":"Feature","properties":{"jobs":0,"pop":7,"pointCount":1,"homeWorkCommuteMedian":2326,"workHomeCommuteMedian":-1},"geometry":{"type":"Polygon","coordinates":[[[26.696106955419314,58.21968892034661],[26.696106955419314,58.22868212398386],[26.70510015905656,58.22868212398386],[26.70510015905656,58.21968892034661],[26.696106955419314,58.21968892034661]]]}},{"type":"Feature","properties":{"jobs":135,"pop":253,"pointCount":10,"homeWorkCommuteMedian":18005,"workHomeCommuteMedian":28476},"geometry":{"type":"Polygon","coordinates":[[[26.696106955419314,58.22868212398386],[26.696106955419314,58.237675327621105],[26.70510015905656,58.237675327621105],[26.70510015905656,58.22868212398386],[26.696106955419314,58.22868212398386]]]}},{"type":"Feature","properties":{"jobs":76,"pop":27,"pointCount":3,"homeWorkCommuteMedian":20656,"workHomeCommuteMedian":13685},"geometry":{"type":"Polygon","coordinates":[[[26.696106955419314,58.237675327621105],[26.696106955419314,58.24666853125835],[26.70510015905656,58.24666853125835],[26.70510015905656,58.237675327621105],[26.696106955419314,58.237675327621105]]]}},{"type":"Feature","properties":{"jobs":0,"pop":8,"pointCount":1,"homeWorkCommuteMedian":5481,"workHomeCommuteMedian":-1},"geometry":{"type":"Polygon","coordinates":[[[26.696106955419314,58.27364814217009],[26.696106955419314,58.282641345807335],[26.70510015905656,58.282641345807335],[26.70510015905656,58.27364814217009],[26.696106955419314,58.27364814217009]]]}},{"type":"Feature","properties":{"jobs":135,"pop":11,"pointCount":3,"homeWorkCommuteMedian":2980,"workHomeCommuteMedian":27665},"geometry":{"type":"Polygon","coordinates":[[[26.696106955419314,58.29163454944458],[26.696106955419314,58.30062775308183],[26.70510015905656,58.30062775308183],[26.70510015905656,58.29163454944458],[26.696106955419314,58.29163454944458]]]}},{"type":"Feature","properties":{"jobs":10,"pop":0,"pointCount":1,"homeWorkCommuteMedian":-1,"workHomeCommuteMedian":27484},"geometry":{"type":"Polygon","coordinates":[[[26.696106955419314,58.30062775308183],[26.696106955419314,58.30962095671907],[26.70510015905656,58.30962095671907],[26.70510015905656,58.30062775308183],[26.696106955419314,58.30062775308183]]]}},{"type":"Feature","properties":{"jobs":0,"pop":203,"pointCount":8,"homeWorkCommuteMedian":10099,"workHomeCommuteMedian":-1},"geometry":{"type":"Polygon","coordinates":[[[26.696106955419314,58.30962095671907],[26.696106955419314,58.31861416035632],[26.70510015905656,58.31861416035632],[26.70510015905656,58.30962095671907],[26.696106955419314,58.30962095671907]]]}},{"type":"Feature","properties":{"jobs":178,"pop":626,"pointCount":11,"homeWorkCommuteMedian":8817,"workHomeCommuteMedian":16271},"geometry":{"type":"Polygon","coordinates":[[[26.696106955419314,58.31861416035632],[26.696106955419314,58.327607363993565],[26.70510015905656,58.327607363993565],[26.70510015905656,58.31861416035632],[26.696106955419314,58.31861416035632]]]}},{"type":"Feature","properties":{"jobs":148,"pop":43,"pointCount":6,"homeWorkCommuteMedian":5982,"workHomeCommuteMedian":19304},"geometry":{"type":"Polygon","coordinates":[[[26.696106955419314,58.327607363993565],[26.696106955419314,58.33660056763081],[26.70510015905656,58.33660056763081],[26.70510015905656,58.327607363993565],[26.696106955419314,58.327607363993565]]]}},{"type":"Feature","properties":{"jobs":83,"pop":205,"pointCount":8,"homeWorkCommuteMedian":5625,"workHomeCommuteMedian":35882},"geometry":{"type":"Polygon","coordinates":[[[26.696106955419314,58.33660056763081],[26.696106955419314,58.34559377126806],[26.70510015905656,58.34559377126806],[26.70510015905656,58.33660056763081],[26.696106955419314,58.33660056763081]]]}},{"type":"Feature","properties":{"jobs":10,"pop":721,"pointCount":12,"homeWorkCommuteMedian":5272,"workHomeCommuteMedian":31260},"geometry":{"type":"Polygon","coordinates":[[[26.696106955419314,58.34559377126806],[26.696106955419314,58.3545869749053],[26.70510015905656,58.3545869749053],[26.70510015905656,58.34559377126806],[26.696106955419314,58.34559377126806]]]}},{"type":"Feature","properties":{"jobs":116,"pop":472,"pointCount":8,"homeWorkCommuteMedian":3418,"workHomeCommuteMedian":3029},"geometry":{"type":"Polygon","coordinates":[[[26.696106955419314,58.3545869749053],[26.696106955419314,58.36358017854255],[26.70510015905656,58.36358017854255],[26.70510015905656,58.3545869749053],[26.696106955419314,58.3545869749053]]]}},{"type":"Feature","properties":{"jobs":6608,"pop":819,"pointCount":16,"homeWorkCommuteMedian":3216,"workHomeCommuteMedian":6573},"geometry":{"type":"Polygon","coordinates":[[[26.696106955419314,58.36358017854255],[26.696106955419314,58.372573382179795],[26.70510015905656,58.372573382179795],[26.70510015905656,58.36358017854255],[26.696106955419314,58.36358017854255]]]}},{"type":"Feature","properties":{"jobs":832,"pop":1644,"pointCount":16,"homeWorkCommuteMedian":3688,"workHomeCommuteMedian":6078},"geometry":{"type":"Polygon","coordinates":[[[26.696106955419314,58.372573382179795],[26.696106955419314,58.38156658581704],[26.70510015905656,58.38156658581704],[26.70510015905656,58.372573382179795],[26.696106955419314,58.372573382179795]]]}},{"type":"Feature","properties":{"jobs":2108,"pop":673,"pointCount":15,"homeWorkCommuteMedian":3002,"workHomeCommuteMedian":5036},"geometry":{"type":"Polygon","coordinates":[[[26.696106955419314,58.38156658581704],[26.696106955419314,58.39055978945429],[26.70510015905656,58.39055978945429],[26.70510015905656,58.38156658581704],[26.696106955419314,58.38156658581704]]]}},{"type":"Feature","properties":{"jobs":0,"pop":472,"pointCount":5,"homeWorkCommuteMedian":6685,"workHomeCommuteMedian":-1},"geometry":{"type":"Polygon","coordinates":[[[26.696106955419314,58.39955299309153],[26.696106955419314,58.40854619672878],[26.70510015905656,58.40854619672878],[26.70510015905656,58.39955299309153],[26.696106955419314,58.39955299309153]]]}},{"type":"Feature","properties":{"jobs":0,"pop":72,"pointCount":3,"homeWorkCommuteMedian":10251,"workHomeCommuteMedian":-1},"geometry":{"type":"Polygon","coordinates":[[[26.696106955419314,58.40854619672878],[26.696106955419314,58.417539400366024],[26.70510015905656,58.417539400366024],[26.70510015905656,58.40854619672878],[26.696106955419314,58.40854619672878]]]}},{"type":"Feature","properties":{"jobs":0,"pop":61,"pointCount":1,"homeWorkCommuteMedian":8925,"workHomeCommuteMedian":-1},"geometry":{"type":"Polygon","coordinates":[[[26.696106955419314,58.417539400366024],[26.696106955419314,58.42653260400327],[26.70510015905656,58.42653260400327],[26.70510015905656,58.417539400366024],[26.696106955419314,58.417539400366024]]]}},{"type":"Feature","properties":{"jobs":7,"pop":0,"pointCount":1,"homeWorkCommuteMedian":-1,"workHomeCommuteMedian":15317},"geometry":{"type":"Polygon","coordinates":[[[26.696106955419314,58.4714986221895],[26.696106955419314,58.480491825826746],[26.70510015905656,58.480491825826746],[26.70510015905656,58.4714986221895],[26.696106955419314,58.4714986221895]]]}},{"type":"Feature","properties":{"jobs":49,"pop":0,"pointCount":1,"homeWorkCommuteMedian":-1,"workHomeCommuteMedian":16542},"geometry":{"type":"Polygon","coordinates":[[[26.696106955419314,58.480491825826746],[26.696106955419314,58.48948502946399],[26.70510015905656,58.48948502946399],[26.70510015905656,58.480491825826746],[26.696106955419314,58.480491825826746]]]}},{"type":"Feature","properties":{"jobs":33,"pop":9,"pointCount":2,"homeWorkCommuteMedian":58732,"workHomeCommuteMedian":10251},"geometry":{"type":"Polygon","coordinates":[[[26.696106955419314,58.48948502946399],[26.696106955419314,58.49847823310124],[26.70510015905656,58.49847823310124],[26.70510015905656,58.48948502946399],[26.696106955419314,58.48948502946399]]]}},{"type":"Feature","properties":{"jobs":0,"pop":5,"pointCount":1,"homeWorkCommuteMedian":22197,"workHomeCommuteMedian":-1},"geometry":{"type":"Polygon","coordinates":[[[26.696106955419314,58.49847823310124],[26.696106955419314,58.507471436738484],[26.70510015905656,58.507471436738484],[26.70510015905656,58.49847823310124],[26.696106955419314,58.49847823310124]]]}},{"type":"Feature","properties":{"jobs":36,"pop":0,"pointCount":2,"homeWorkCommuteMedian":-1,"workHomeCommuteMedian":68815},"geometry":{"type":"Polygon","coordinates":[[[26.696106955419314,58.507471436738484],[26.696106955419314,58.51646464037573],[26.70510015905656,58.51646464037573],[26.70510015905656,58.507471436738484],[26.696106955419314,58.507471436738484]]]}},{"type":"Feature","properties":{"jobs":35,"pop":0,"pointCount":1,"homeWorkCommuteMedian":-1,"workHomeCommuteMedian":21756},"geometry":{"type":"Polygon","coordinates":[[[26.696106955419314,58.525457844012976],[26.696106955419314,58.53445104765022],[26.70510015905656,58.53445104765022],[26.70510015905656,58.525457844012976],[26.696106955419314,58.525457844012976]]]}},{"type":"Feature","properties":{"jobs":0,"pop":15,"pointCount":2,"homeWorkCommuteMedian":24074,"workHomeCommuteMedian":-1},"geometry":{"type":"Polygon","coordinates":[[[26.696106955419314,58.54344425128747],[26.696106955419314,58.552437454924714],[26.70510015905656,58.552437454924714],[26.70510015905656,58.54344425128747],[26.696106955419314,58.54344425128747]]]}},{"type":"Feature","properties":{"jobs":0,"pop":11,"pointCount":1,"homeWorkCommuteMedian":96607,"workHomeCommuteMedian":-1},"geometry":{"type":"Polygon","coordinates":[[[26.696106955419314,58.57941706583645],[26.696106955419314,58.5884102694737],[26.70510015905656,58.5884102694737],[26.70510015905656,58.57941706583645],[26.696106955419314,58.57941706583645]]]}},{"type":"Feature","properties":{"jobs":0,"pop":14,"pointCount":1,"homeWorkCommuteMedian":64876,"workHomeCommuteMedian":-1},"geometry":{"type":"Polygon","coordinates":[[[26.70510015905656,58.012845236689955],[26.70510015905656,58.0218384403272],[26.714093362693806,58.0218384403272],[26.714093362693806,58.012845236689955],[26.70510015905656,58.012845236689955]]]}},{"type":"Feature","properties":{"jobs":0,"pop":7,"pointCount":1,"homeWorkCommuteMedian":42843,"workHomeCommuteMedian":-1},"geometry":{"type":"Polygon","coordinates":[[[26.70510015905656,58.0218384403272],[26.70510015905656,58.03083164396445],[26.714093362693806,58.03083164396445],[26.714093362693806,58.0218384403272],[26.70510015905656,58.0218384403272]]]}},{"type":"Feature","properties":{"jobs":0,"pop":16,"pointCount":2,"homeWorkCommuteMedian":25250,"workHomeCommuteMedian":-1},"geometry":{"type":"Polygon","coordinates":[[[26.70510015905656,58.06680445851343],[26.70510015905656,58.07579766215068],[26.714093362693806,58.07579766215068],[26.714093362693806,58.06680445851343],[26.70510015905656,58.06680445851343]]]}},{"type":"Feature","properties":{"jobs":8,"pop":0,"pointCount":1,"homeWorkCommuteMedian":-1,"workHomeCommuteMedian":75790},"geometry":{"type":"Polygon","coordinates":[[[26.70510015905656,58.08479086578792],[26.70510015905656,58.09378406942517],[26.714093362693806,58.09378406942517],[26.714093362693806,58.08479086578792],[26.70510015905656,58.08479086578792]]]}},{"type":"Feature","properties":{"jobs":25,"pop":0,"pointCount":1,"homeWorkCommuteMedian":-1,"workHomeCommuteMedian":31427},"geometry":{"type":"Polygon","coordinates":[[[26.70510015905656,58.147743291248645],[26.70510015905656,58.15673649488589],[26.714093362693806,58.15673649488589],[26.714093362693806,58.147743291248645],[26.70510015905656,58.147743291248645]]]}},{"type":"Feature","properties":{"jobs":0,"pop":11,"pointCount":1,"homeWorkCommuteMedian":22872,"workHomeCommuteMedian":-1},"geometry":{"type":"Polygon","coordinates":[[[26.70510015905656,58.18371610579763],[26.70510015905656,58.192709309434875],[26.714093362693806,58.192709309434875],[26.714093362693806,58.18371610579763],[26.70510015905656,58.18371610579763]]]}},{"type":"Feature","properties":{"jobs":0,"pop":6,"pointCount":1,"homeWorkCommuteMedian":23639,"workHomeCommuteMedian":-1},"geometry":{"type":"Polygon","coordinates":[[[26.70510015905656,58.21069571670937],[26.70510015905656,58.21968892034661],[26.714093362693806,58.21968892034661],[26.714093362693806,58.21069571670937],[26.70510015905656,58.21069571670937]]]}},{"type":"Feature","properties":{"jobs":5,"pop":9,"pointCount":2,"homeWorkCommuteMedian":14028,"workHomeCommuteMedian":29334},"geometry":{"type":"Polygon","coordinates":[[[26.70510015905656,58.21968892034661],[26.70510015905656,58.22868212398386],[26.714093362693806,58.22868212398386],[26.714093362693806,58.21968892034661],[26.70510015905656,58.21968892034661]]]}},{"type":"Feature","properties":{"jobs":10,"pop":7,"pointCount":2,"homeWorkCommuteMedian":19135,"workHomeCommuteMedian":11870},"geometry":{"type":"Polygon","coordinates":[[[26.70510015905656,58.237675327621105],[26.70510015905656,58.24666853125835],[26.714093362693806,58.24666853125835],[26.714093362693806,58.237675327621105],[26.70510015905656,58.237675327621105]]]}},{"type":"Feature","properties":{"jobs":0,"pop":14,"pointCount":1,"homeWorkCommuteMedian":12220,"workHomeCommuteMedian":-1},"geometry":{"type":"Polygon","coordinates":[[[26.70510015905656,58.26465493853284],[26.70510015905656,58.27364814217009],[26.714093362693806,58.27364814217009],[26.714093362693806,58.26465493853284],[26.70510015905656,58.26465493853284]]]}},{"type":"Feature","properties":{"jobs":0,"pop":9,"pointCount":1,"homeWorkCommuteMedian":36756,"workHomeCommuteMedian":-1},"geometry":{"type":"Polygon","coordinates":[[[26.70510015905656,58.27364814217009],[26.70510015905656,58.282641345807335],[26.714093362693806,58.282641345807335],[26.714093362693806,58.27364814217009],[26.70510015905656,58.27364814217009]]]}},{"type":"Feature","properties":{"jobs":5,"pop":5,"pointCount":2,"homeWorkCommuteMedian":4161,"workHomeCommuteMedian":28659},"geometry":{"type":"Polygon","coordinates":[[[26.70510015905656,58.282641345807335],[26.70510015905656,58.29163454944458],[26.714093362693806,58.29163454944458],[26.714093362693806,58.282641345807335],[26.70510015905656,58.282641345807335]]]}},{"type":"Feature","properties":{"jobs":561,"pop":7,"pointCount":14,"homeWorkCommuteMedian":11176,"workHomeCommuteMedian":11427},"geometry":{"type":"Polygon","coordinates":[[[26.70510015905656,58.29163454944458],[26.70510015905656,58.30062775308183],[26.714093362693806,58.30062775308183],[26.714093362693806,58.29163454944458],[26.70510015905656,58.29163454944458]]]}},{"type":"Feature","properties":{"jobs":5,"pop":5,"pointCount":2,"homeWorkCommuteMedian":33331,"workHomeCommuteMedian":7696},"geometry":{"type":"Polygon","coordinates":[[[26.70510015905656,58.30062775308183],[26.70510015905656,58.30962095671907],[26.714093362693806,58.30962095671907],[26.714093362693806,58.30062775308183],[26.70510015905656,58.30062775308183]]]}},{"type":"Feature","properties":{"jobs":173,"pop":210,"pointCount":12,"homeWorkCommuteMedian":7752,"workHomeCommuteMedian":11110},"geometry":{"type":"Polygon","coordinates":[[[26.70510015905656,58.30962095671907],[26.70510015905656,58.31861416035632],[26.714093362693806,58.31861416035632],[26.714093362693806,58.30962095671907],[26.70510015905656,58.30962095671907]]]}},{"type":"Feature","properties":{"jobs":315,"pop":343,"pointCount":15,"homeWorkCommuteMedian":9179,"workHomeCommuteMedian":10054},"geometry":{"type":"Polygon","coordinates":[[[26.70510015905656,58.31861416035632],[26.70510015905656,58.327607363993565],[26.714093362693806,58.327607363993565],[26.714093362693806,58.31861416035632],[26.70510015905656,58.31861416035632]]]}},{"type":"Feature","properties":{"jobs":270,"pop":110,"pointCount":8,"homeWorkCommuteMedian":5495,"workHomeCommuteMedian":21570},"geometry":{"type":"Polygon","coordinates":[[[26.70510015905656,58.327607363993565],[26.70510015905656,58.33660056763081],[26.714093362693806,58.33660056763081],[26.714093362693806,58.327607363993565],[26.70510015905656,58.327607363993565]]]}},{"type":"Feature","properties":{"jobs":110,"pop":139,"pointCount":9,"homeWorkCommuteMedian":6022,"workHomeCommuteMedian":7468},"geometry":{"type":"Polygon","coordinates":[[[26.70510015905656,58.33660056763081],[26.70510015905656,58.34559377126806],[26.714093362693806,58.34559377126806],[26.714093362693806,58.33660056763081],[26.70510015905656,58.33660056763081]]]}},{"type":"Feature","properties":{"jobs":131,"pop":885,"pointCount":9,"homeWorkCommuteMedian":3804,"workHomeCommuteMedian":7521},"geometry":{"type":"Polygon","coordinates":[[[26.70510015905656,58.34559377126806],[26.70510015905656,58.3545869749053],[26.714093362693806,58.3545869749053],[26.714093362693806,58.34559377126806],[26.70510015905656,58.34559377126806]]]}},{"type":"Feature","properties":{"jobs":154,"pop":975,"pointCount":13,"homeWorkCommuteMedian":3672,"workHomeCommuteMedian":21943},"geometry":{"type":"Polygon","coordinates":[[[26.70510015905656,58.3545869749053],[26.70510015905656,58.36358017854255],[26.714093362693806,58.36358017854255],[26.714093362693806,58.3545869749053],[26.70510015905656,58.3545869749053]]]}},{"type":"Feature","properties":{"jobs":356,"pop":587,"pointCount":13,"homeWorkCommuteMedian":2506,"workHomeCommuteMedian":4814},"geometry":{"type":"Polygon","coordinates":[[[26.70510015905656,58.36358017854255],[26.70510015905656,58.372573382179795],[26.714093362693806,58.372573382179795],[26.714093362693806,58.36358017854255],[26.70510015905656,58.36358017854255]]]}},{"type":"Feature","properties":{"jobs":1001,"pop":1632,"pointCount":14,"homeWorkCommuteMedian":3504,"workHomeCommuteMedian":6095},"geometry":{"type":"Polygon","coordinates":[[[26.70510015905656,58.372573382179795],[26.70510015905656,58.38156658581704],[26.714093362693806,58.38156658581704],[26.714093362693806,58.372573382179795],[26.70510015905656,58.372573382179795]]]}},{"type":"Feature","properties":{"jobs":377,"pop":1364,"pointCount":15,"homeWorkCommuteMedian":2722,"workHomeCommuteMedian":5781},"geometry":{"type":"Polygon","coordinates":[[[26.70510015905656,58.38156658581704],[26.70510015905656,58.39055978945429],[26.714093362693806,58.39055978945429],[26.714093362693806,58.38156658581704],[26.70510015905656,58.38156658581704]]]}},{"type":"Feature","properties":{"jobs":366,"pop":117,"pointCount":5,"homeWorkCommuteMedian":4967,"workHomeCommuteMedian":9293},"geometry":{"type":"Polygon","coordinates":[[[26.70510015905656,58.39055978945429],[26.70510015905656,58.39955299309153],[26.714093362693806,58.39955299309153],[26.714093362693806,58.39055978945429],[26.70510015905656,58.39055978945429]]]}},{"type":"Feature","properties":{"jobs":347,"pop":353,"pointCount":12,"homeWorkCommuteMedian":6036,"workHomeCommuteMedian":5896},"geometry":{"type":"Polygon","coordinates":[[[26.70510015905656,58.39955299309153],[26.70510015905656,58.40854619672878],[26.714093362693806,58.40854619672878],[26.714093362693806,58.39955299309153],[26.70510015905656,58.39955299309153]]]}},{"type":"Feature","properties":{"jobs":0,"pop":22,"pointCount":1,"homeWorkCommuteMedian":8105,"workHomeCommuteMedian":-1},"geometry":{"type":"Polygon","coordinates":[[[26.70510015905656,58.40854619672878],[26.70510015905656,58.417539400366024],[26.714093362693806,58.417539400366024],[26.714093362693806,58.40854619672878],[26.70510015905656,58.40854619672878]]]}},{"type":"Feature","properties":{"jobs":0,"pop":5,"pointCount":1,"homeWorkCommuteMedian":8775,"workHomeCommuteMedian":-1},"geometry":{"type":"Polygon","coordinates":[[[26.70510015905656,58.417539400366024],[26.70510015905656,58.42653260400327],[26.714093362693806,58.42653260400327],[26.714093362693806,58.417539400366024],[26.70510015905656,58.417539400366024]]]}},{"type":"Feature","properties":{"jobs":0,"pop":8,"pointCount":1,"homeWorkCommuteMedian":11550,"workHomeCommuteMedian":-1},"geometry":{"type":"Polygon","coordinates":[[[26.70510015905656,58.435525807640516],[26.70510015905656,58.44451901127776],[26.714093362693806,58.44451901127776],[26.714093362693806,58.435525807640516],[26.70510015905656,58.435525807640516]]]}},{"type":"Feature","properties":{"jobs":0,"pop":14,"pointCount":1,"homeWorkCommuteMedian":17008,"workHomeCommuteMedian":-1},"geometry":{"type":"Polygon","coordinates":[[[26.70510015905656,58.462505418552254],[26.70510015905656,58.4714986221895],[26.714093362693806,58.4714986221895],[26.714093362693806,58.462505418552254],[26.70510015905656,58.462505418552254]]]}},{"type":"Feature","properties":{"jobs":0,"pop":13,"pointCount":1,"homeWorkCommuteMedian":13424,"workHomeCommuteMedian":-1},"geometry":{"type":"Polygon","coordinates":[[[26.70510015905656,58.48948502946399],[26.70510015905656,58.49847823310124],[26.714093362693806,58.49847823310124],[26.714093362693806,58.48948502946399],[26.70510015905656,58.48948502946399]]]}},{"type":"Feature","properties":{"jobs":0,"pop":10,"pointCount":1,"homeWorkCommuteMedian":23362,"workHomeCommuteMedian":-1},"geometry":{"type":"Polygon","coordinates":[[[26.70510015905656,58.507471436738484],[26.70510015905656,58.51646464037573],[26.714093362693806,58.51646464037573],[26.714093362693806,58.507471436738484],[26.70510015905656,58.507471436738484]]]}},{"type":"Feature","properties":{"jobs":0,"pop":19,"pointCount":2,"homeWorkCommuteMedian":18903,"workHomeCommuteMedian":-1},"geometry":{"type":"Polygon","coordinates":[[[26.70510015905656,58.51646464037573],[26.70510015905656,58.525457844012976],[26.714093362693806,58.525457844012976],[26.714093362693806,58.51646464037573],[26.70510015905656,58.51646464037573]]]}},{"type":"Feature","properties":{"jobs":0,"pop":20,"pointCount":1,"homeWorkCommuteMedian":68827,"workHomeCommuteMedian":-1},"geometry":{"type":"Polygon","coordinates":[[[26.70510015905656,58.525457844012976],[26.70510015905656,58.53445104765022],[26.714093362693806,58.53445104765022],[26.714093362693806,58.525457844012976],[26.70510015905656,58.525457844012976]]]}},{"type":"Feature","properties":{"jobs":0,"pop":8,"pointCount":1,"homeWorkCommuteMedian":16668,"workHomeCommuteMedian":-1},"geometry":{"type":"Polygon","coordinates":[[[26.70510015905656,58.53445104765022],[26.70510015905656,58.54344425128747],[26.714093362693806,58.54344425128747],[26.714093362693806,58.53445104765022],[26.70510015905656,58.53445104765022]]]}},{"type":"Feature","properties":{"jobs":11,"pop":0,"pointCount":1,"homeWorkCommuteMedian":-1,"workHomeCommuteMedian":29463},"geometry":{"type":"Polygon","coordinates":[[[26.70510015905656,58.54344425128747],[26.70510015905656,58.552437454924714],[26.714093362693806,58.552437454924714],[26.714093362693806,58.54344425128747],[26.70510015905656,58.54344425128747]]]}},{"type":"Feature","properties":{"jobs":0,"pop":11,"pointCount":1,"homeWorkCommuteMedian":29872,"workHomeCommuteMedian":-1},"geometry":{"type":"Polygon","coordinates":[[[26.70510015905656,58.615389880385436],[26.70510015905656,58.62438308402268],[26.714093362693806,58.62438308402268],[26.714093362693806,58.615389880385436],[26.70510015905656,58.615389880385436]]]}},{"type":"Feature","properties":{"jobs":0,"pop":11,"pointCount":1,"homeWorkCommuteMedian":46743,"workHomeCommuteMedian":-1},"geometry":{"type":"Polygon","coordinates":[[[26.714093362693806,57.99485882941546],[26.714093362693806,58.00385203305271],[26.72308656633105,58.00385203305271],[26.72308656633105,57.99485882941546],[26.714093362693806,57.99485882941546]]]}},{"type":"Feature","properties":{"jobs":10,"pop":0,"pointCount":1,"homeWorkCommuteMedian":-1,"workHomeCommuteMedian":41882},"geometry":{"type":"Polygon","coordinates":[[[26.714093362693806,58.012845236689955],[26.714093362693806,58.0218384403272],[26.72308656633105,58.0218384403272],[26.72308656633105,58.012845236689955],[26.714093362693806,58.012845236689955]]]}},{"type":"Feature","properties":{"jobs":24,"pop":10,"pointCount":2,"homeWorkCommuteMedian":47326,"workHomeCommuteMedian":46590},"geometry":{"type":"Polygon","coordinates":[[[26.714093362693806,58.03083164396445],[26.714093362693806,58.03982484760169],[26.72308656633105,58.03982484760169],[26.72308656633105,58.03083164396445],[26.714093362693806,58.03083164396445]]]}},{"type":"Feature","properties":{"jobs":0,"pop":6,"pointCount":1,"homeWorkCommuteMedian":35882,"workHomeCommuteMedian":-1},"geometry":{"type":"Polygon","coordinates":[[[26.714093362693806,58.03982484760169],[26.714093362693806,58.04881805123894],[26.72308656633105,58.04881805123894],[26.72308656633105,58.03982484760169],[26.714093362693806,58.03982484760169]]]}},{"type":"Feature","properties":{"jobs":0,"pop":21,"pointCount":2,"homeWorkCommuteMedian":24306,"workHomeCommuteMedian":-1},"geometry":{"type":"Polygon","coordinates":[[[26.714093362693806,58.04881805123894],[26.714093362693806,58.057811254876185],[26.72308656633105,58.057811254876185],[26.72308656633105,58.04881805123894],[26.714093362693806,58.04881805123894]]]}},{"type":"Feature","properties":{"jobs":10,"pop":0,"pointCount":1,"homeWorkCommuteMedian":-1,"workHomeCommuteMedian":52630},"geometry":{"type":"Polygon","coordinates":[[[26.714093362693806,58.057811254876185],[26.714093362693806,58.06680445851343],[26.72308656633105,58.06680445851343],[26.72308656633105,58.057811254876185],[26.714093362693806,58.057811254876185]]]}},{"type":"Feature","properties":{"jobs":0,"pop":8,"pointCount":1,"homeWorkCommuteMedian":37628,"workHomeCommuteMedian":-1},"geometry":{"type":"Polygon","coordinates":[[[26.714093362693806,58.06680445851343],[26.714093362693806,58.07579766215068],[26.72308656633105,58.07579766215068],[26.72308656633105,58.06680445851343],[26.714093362693806,58.06680445851343]]]}},{"type":"Feature","properties":{"jobs":0,"pop":6,"pointCount":1,"homeWorkCommuteMedian":36578,"workHomeCommuteMedian":-1},"geometry":{"type":"Polygon","coordinates":[[[26.714093362693806,58.07579766215068],[26.714093362693806,58.08479086578792],[26.72308656633105,58.08479086578792],[26.72308656633105,58.07579766215068],[26.714093362693806,58.07579766215068]]]}},{"type":"Feature","properties":{"jobs":0,"pop":8,"pointCount":1,"homeWorkCommuteMedian":36750,"workHomeCommuteMedian":-1},"geometry":{"type":"Polygon","coordinates":[[[26.714093362693806,58.09378406942517],[26.714093362693806,58.102777273062415],[26.72308656633105,58.102777273062415],[26.72308656633105,58.09378406942517],[26.714093362693806,58.09378406942517]]]}},{"type":"Feature","properties":{"jobs":10,"pop":0,"pointCount":1,"homeWorkCommuteMedian":-1,"workHomeCommuteMedian":37935},"geometry":{"type":"Polygon","coordinates":[[[26.714093362693806,58.18371610579763],[26.714093362693806,58.192709309434875],[26.72308656633105,58.192709309434875],[26.72308656633105,58.18371610579763],[26.714093362693806,58.18371610579763]]]}},{"type":"Feature","properties":{"jobs":8,"pop":6,"pointCount":2,"homeWorkCommuteMedian":19291,"workHomeCommuteMedian":28988},"geometry":{"type":"Polygon","coordinates":[[[26.714093362693806,58.21069571670937],[26.714093362693806,58.21968892034661],[26.72308656633105,58.21968892034661],[26.72308656633105,58.21069571670937],[26.714093362693806,58.21069571670937]]]}},{"type":"Feature","properties":{"jobs":0,"pop":15,"pointCount":2,"homeWorkCommuteMedian":20166,"workHomeCommuteMedian":-1},"geometry":{"type":"Polygon","coordinates":[[[26.714093362693806,58.22868212398386],[26.714093362693806,58.237675327621105],[26.72308656633105,58.237675327621105],[26.72308656633105,58.22868212398386],[26.714093362693806,58.22868212398386]]]}},{"type":"Feature","properties":{"jobs":0,"pop":13,"pointCount":1,"homeWorkCommuteMedian":16452,"workHomeCommuteMedian":-1},"geometry":{"type":"Polygon","coordinates":[[[26.714093362693806,58.2556617348956],[26.714093362693806,58.26465493853284],[26.72308656633105,58.26465493853284],[26.72308656633105,58.2556617348956],[26.714093362693806,58.2556617348956]]]}},{"type":"Feature","properties":{"jobs":0,"pop":11,"pointCount":1,"homeWorkCommuteMedian":11762,"workHomeCommuteMedian":-1},"geometry":{"type":"Polygon","coordinates":[[[26.714093362693806,58.27364814217009],[26.714093362693806,58.282641345807335],[26.72308656633105,58.282641345807335],[26.72308656633105,58.27364814217009],[26.714093362693806,58.27364814217009]]]}},{"type":"Feature","properties":{"jobs":52,"pop":174,"pointCount":8,"homeWorkCommuteMedian":7311,"workHomeCommuteMedian":27667},"geometry":{"type":"Polygon","coordinates":[[[26.714093362693806,58.282641345807335],[26.714093362693806,58.29163454944458],[26.72308656633105,58.29163454944458],[26.72308656633105,58.282641345807335],[26.714093362693806,58.282641345807335]]]}},{"type":"Feature","properties":{"jobs":27,"pop":27,"pointCount":4,"homeWorkCommuteMedian":13884,"workHomeCommuteMedian":10590},"geometry":{"type":"Polygon","coordinates":[[[26.714093362693806,58.29163454944458],[26.714093362693806,58.30062775308183],[26.72308656633105,58.30062775308183],[26.72308656633105,58.29163454944458],[26.714093362693806,58.29163454944458]]]}},{"type":"Feature","properties":{"jobs":87,"pop":7,"pointCount":6,"homeWorkCommuteMedian":8484,"workHomeCommuteMedian":11900},"geometry":{"type":"Polygon","coordinates":[[[26.714093362693806,58.30062775308183],[26.714093362693806,58.30962095671907],[26.72308656633105,58.30962095671907],[26.72308656633105,58.30062775308183],[26.714093362693806,58.30062775308183]]]}},{"type":"Feature","properties":{"jobs":400,"pop":148,"pointCount":9,"homeWorkCommuteMedian":7193,"workHomeCommuteMedian":10748},"geometry":{"type":"Polygon","coordinates":[[[26.714093362693806,58.30962095671907],[26.714093362693806,58.31861416035632],[26.72308656633105,58.31861416035632],[26.72308656633105,58.30962095671907],[26.714093362693806,58.30962095671907]]]}},{"type":"Feature","properties":{"jobs":275,"pop":23,"pointCount":9,"homeWorkCommuteMedian":6803,"workHomeCommuteMedian":7686},"geometry":{"type":"Polygon","coordinates":[[[26.714093362693806,58.31861416035632],[26.714093362693806,58.327607363993565],[26.72308656633105,58.327607363993565],[26.72308656633105,58.31861416035632],[26.714093362693806,58.31861416035632]]]}},{"type":"Feature","properties":{"jobs":70,"pop":181,"pointCount":10,"homeWorkCommuteMedian":5909,"workHomeCommuteMedian":37462},"geometry":{"type":"Polygon","coordinates":[[[26.714093362693806,58.327607363993565],[26.714093362693806,58.33660056763081],[26.72308656633105,58.33660056763081],[26.72308656633105,58.327607363993565],[26.714093362693806,58.327607363993565]]]}},{"type":"Feature","properties":{"jobs":504,"pop":309,"pointCount":7,"homeWorkCommuteMedian":5693,"workHomeCommuteMedian":7220},"geometry":{"type":"Polygon","coordinates":[[[26.714093362693806,58.33660056763081],[26.714093362693806,58.34559377126806],[26.72308656633105,58.34559377126806],[26.72308656633105,58.33660056763081],[26.714093362693806,58.33660056763081]]]}},{"type":"Feature","properties":{"jobs":3024,"pop":1252,"pointCount":13,"homeWorkCommuteMedian":4044,"workHomeCommuteMedian":5251},"geometry":{"type":"Polygon","coordinates":[[[26.714093362693806,58.34559377126806],[26.714093362693806,58.3545869749053],[26.72308656633105,58.3545869749053],[26.72308656633105,58.34559377126806],[26.714093362693806,58.34559377126806]]]}},{"type":"Feature","properties":{"jobs":628,"pop":609,"pointCount":9,"homeWorkCommuteMedian":3013,"workHomeCommuteMedian":6166},"geometry":{"type":"Polygon","coordinates":[[[26.714093362693806,58.3545869749053],[26.714093362693806,58.36358017854255],[26.72308656633105,58.36358017854255],[26.72308656633105,58.3545869749053],[26.714093362693806,58.3545869749053]]]}},{"type":"Feature","properties":{"jobs":2233,"pop":2342,"pointCount":20,"homeWorkCommuteMedian":2789,"workHomeCommuteMedian":4442},"geometry":{"type":"Polygon","coordinates":[[[26.714093362693806,58.36358017854255],[26.714093362693806,58.372573382179795],[26.72308656633105,58.372573382179795],[26.72308656633105,58.36358017854255],[26.714093362693806,58.36358017854255]]]}},{"type":"Feature","properties":{"jobs":10360,"pop":1761,"pointCount":25,"homeWorkCommuteMedian":2970,"workHomeCommuteMedian":4001},"geometry":{"type":"Polygon","coordinates":[[[26.714093362693806,58.372573382179795],[26.714093362693806,58.38156658581704],[26.72308656633105,58.38156658581704],[26.72308656633105,58.372573382179795],[26.714093362693806,58.372573382179795]]]}},{"type":"Feature","properties":{"jobs":1669,"pop":1908,"pointCount":22,"homeWorkCommuteMedian":3443,"workHomeCommuteMedian":4757},"geometry":{"type":"Polygon","coordinates":[[[26.714093362693806,58.38156658581704],[26.714093362693806,58.39055978945429],[26.72308656633105,58.39055978945429],[26.72308656633105,58.38156658581704],[26.714093362693806,58.38156658581704]]]}},{"type":"Feature","properties":{"jobs":585,"pop":1019,"pointCount":11,"homeWorkCommuteMedian":4576,"workHomeCommuteMedian":5375},"geometry":{"type":"Polygon","coordinates":[[[26.714093362693806,58.39055978945429],[26.714093362693806,58.39955299309153],[26.72308656633105,58.39955299309153],[26.72308656633105,58.39055978945429],[26.714093362693806,58.39055978945429]]]}},{"type":"Feature","properties":{"jobs":51,"pop":943,"pointCount":9,"homeWorkCommuteMedian":5266,"workHomeCommuteMedian":21633},"geometry":{"type":"Polygon","coordinates":[[[26.714093362693806,58.39955299309153],[26.714093362693806,58.40854619672878],[26.72308656633105,58.40854619672878],[26.72308656633105,58.39955299309153],[26.714093362693806,58.39955299309153]]]}},{"type":"Feature","properties":{"jobs":175,"pop":63,"pointCount":7,"homeWorkCommuteMedian":6218,"workHomeCommuteMedian":7685},"geometry":{"type":"Polygon","coordinates":[[[26.714093362693806,58.40854619672878],[26.714093362693806,58.417539400366024],[26.72308656633105,58.417539400366024],[26.72308656633105,58.40854619672878],[26.714093362693806,58.40854619672878]]]}},{"type":"Feature","properties":{"jobs":107,"pop":0,"pointCount":2,"homeWorkCommuteMedian":-1,"workHomeCommuteMedian":19634},"geometry":{"type":"Polygon","coordinates":[[[26.714093362693806,58.417539400366024],[26.714093362693806,58.42653260400327],[26.72308656633105,58.42653260400327],[26.72308656633105,58.417539400366024],[26.714093362693806,58.417539400366024]]]}},{"type":"Feature","properties":{"jobs":0,"pop":5,"pointCount":1,"homeWorkCommuteMedian":8483,"workHomeCommuteMedian":-1},"geometry":{"type":"Polygon","coordinates":[[[26.714093362693806,58.435525807640516],[26.714093362693806,58.44451901127776],[26.72308656633105,58.44451901127776],[26.72308656633105,58.435525807640516],[26.714093362693806,58.435525807640516]]]}},{"type":"Feature","properties":{"jobs":10,"pop":0,"pointCount":1,"homeWorkCommuteMedian":-1,"workHomeCommuteMedian":38816},"geometry":{"type":"Polygon","coordinates":[[[26.714093362693806,58.462505418552254],[26.714093362693806,58.4714986221895],[26.72308656633105,58.4714986221895],[26.72308656633105,58.462505418552254],[26.714093362693806,58.462505418552254]]]}},{"type":"Feature","properties":{"jobs":0,"pop":5,"pointCount":1,"homeWorkCommuteMedian":13222,"workHomeCommuteMedian":-1},"geometry":{"type":"Polygon","coordinates":[[[26.714093362693806,58.552437454924714],[26.714093362693806,58.56143065856196],[26.72308656633105,58.56143065856196],[26.72308656633105,58.552437454924714],[26.714093362693806,58.552437454924714]]]}},{"type":"Feature","properties":{"jobs":0,"pop":11,"pointCount":1,"homeWorkCommuteMedian":13714,"workHomeCommuteMedian":-1},"geometry":{"type":"Polygon","coordinates":[[[26.714093362693806,58.56143065856196],[26.714093362693806,58.570423862199206],[26.72308656633105,58.570423862199206],[26.72308656633105,58.56143065856196],[26.714093362693806,58.56143065856196]]]}},{"type":"Feature","properties":{"jobs":0,"pop":7,"pointCount":1,"homeWorkCommuteMedian":29127,"workHomeCommuteMedian":-1},"geometry":{"type":"Polygon","coordinates":[[[26.714093362693806,58.570423862199206],[26.714093362693806,58.57941706583645],[26.72308656633105,58.57941706583645],[26.72308656633105,58.570423862199206],[26.714093362693806,58.570423862199206]]]}},{"type":"Feature","properties":{"jobs":34,"pop":0,"pointCount":2,"homeWorkCommuteMedian":-1,"workHomeCommuteMedian":8306},"geometry":{"type":"Polygon","coordinates":[[[26.714093362693806,58.60639667674819],[26.714093362693806,58.615389880385436],[26.72308656633105,58.615389880385436],[26.72308656633105,58.60639667674819],[26.714093362693806,58.60639667674819]]]}},{"type":"Feature","properties":{"jobs":0,"pop":7,"pointCount":1,"homeWorkCommuteMedian":31441,"workHomeCommuteMedian":-1},"geometry":{"type":"Polygon","coordinates":[[[26.72308656633105,57.97687242214097],[26.72308656633105,57.98586562577822],[26.732079769968298,57.98586562577822],[26.732079769968298,57.97687242214097],[26.72308656633105,57.97687242214097]]]}},{"type":"Feature","properties":{"jobs":11,"pop":9,"pointCount":2,"homeWorkCommuteMedian":9259,"workHomeCommuteMedian":21441},"geometry":{"type":"Polygon","coordinates":[[[26.72308656633105,57.98586562577822],[26.72308656633105,57.99485882941546],[26.732079769968298,57.99485882941546],[26.732079769968298,57.98586562577822],[26.72308656633105,57.98586562577822]]]}},{"type":"Feature","properties":{"jobs":10,"pop":0,"pointCount":2,"homeWorkCommuteMedian":-1,"workHomeCommuteMedian":37567},"geometry":{"type":"Polygon","coordinates":[[[26.72308656633105,58.057811254876185],[26.72308656633105,58.06680445851343],[26.732079769968298,58.06680445851343],[26.732079769968298,58.057811254876185],[26.72308656633105,58.057811254876185]]]}},{"type":"Feature","properties":{"jobs":7,"pop":10,"pointCount":2,"homeWorkCommuteMedian":36484,"workHomeCommuteMedian":45663},"geometry":{"type":"Polygon","coordinates":[[[26.72308656633105,58.06680445851343],[26.72308656633105,58.07579766215068],[26.732079769968298,58.07579766215068],[26.732079769968298,58.06680445851343],[26.72308656633105,58.06680445851343]]]}},{"type":"Feature","properties":{"jobs":0,"pop":10,"pointCount":1,"homeWorkCommuteMedian":35760,"workHomeCommuteMedian":-1},"geometry":{"type":"Polygon","coordinates":[[[26.72308656633105,58.07579766215068],[26.72308656633105,58.08479086578792],[26.732079769968298,58.08479086578792],[26.732079769968298,58.07579766215068],[26.72308656633105,58.07579766215068]]]}},{"type":"Feature","properties":{"jobs":0,"pop":8,"pointCount":1,"homeWorkCommuteMedian":57954,"workHomeCommuteMedian":-1},"geometry":{"type":"Polygon","coordinates":[[[26.72308656633105,58.08479086578792],[26.72308656633105,58.09378406942517],[26.732079769968298,58.09378406942517],[26.732079769968298,58.08479086578792],[26.72308656633105,58.08479086578792]]]}},{"type":"Feature","properties":{"jobs":33,"pop":41,"pointCount":4,"homeWorkCommuteMedian":33818,"workHomeCommuteMedian":30866},"geometry":{"type":"Polygon","coordinates":[[[26.72308656633105,58.09378406942517],[26.72308656633105,58.102777273062415],[26.732079769968298,58.102777273062415],[26.732079769968298,58.09378406942517],[26.72308656633105,58.09378406942517]]]}},{"type":"Feature","properties":{"jobs":0,"pop":13,"pointCount":2,"homeWorkCommuteMedian":32395,"workHomeCommuteMedian":-1},"geometry":{"type":"Polygon","coordinates":[[[26.72308656633105,58.21968892034661],[26.72308656633105,58.22868212398386],[26.732079769968298,58.22868212398386],[26.732079769968298,58.21968892034661],[26.72308656633105,58.21968892034661]]]}},{"type":"Feature","properties":{"jobs":0,"pop":5,"pointCount":1,"homeWorkCommuteMedian":14320,"workHomeCommuteMedian":-1},"geometry":{"type":"Polygon","coordinates":[[[26.72308656633105,58.26465493853284],[26.72308656633105,58.27364814217009],[26.732079769968298,58.27364814217009],[26.732079769968298,58.26465493853284],[26.72308656633105,58.26465493853284]]]}},{"type":"Feature","properties":{"jobs":0,"pop":28,"pointCount":4,"homeWorkCommuteMedian":12239,"workHomeCommuteMedian":-1},"geometry":{"type":"Polygon","coordinates":[[[26.72308656633105,58.27364814217009],[26.72308656633105,58.282641345807335],[26.732079769968298,58.282641345807335],[26.732079769968298,58.27364814217009],[26.72308656633105,58.27364814217009]]]}},{"type":"Feature","properties":{"jobs":0,"pop":10,"pointCount":1,"homeWorkCommuteMedian":11828,"workHomeCommuteMedian":-1},"geometry":{"type":"Polygon","coordinates":[[[26.72308656633105,58.282641345807335],[26.72308656633105,58.29163454944458],[26.732079769968298,58.29163454944458],[26.732079769968298,58.282641345807335],[26.72308656633105,58.282641345807335]]]}},{"type":"Feature","properties":{"jobs":0,"pop":270,"pointCount":4,"homeWorkCommuteMedian":11038,"workHomeCommuteMedian":-1},"geometry":{"type":"Polygon","coordinates":[[[26.72308656633105,58.30062775308183],[26.72308656633105,58.30962095671907],[26.732079769968298,58.30962095671907],[26.732079769968298,58.30062775308183],[26.72308656633105,58.30062775308183]]]}},{"type":"Feature","properties":{"jobs":229,"pop":1029,"pointCount":11,"homeWorkCommuteMedian":9197,"workHomeCommuteMedian":27396},"geometry":{"type":"Polygon","coordinates":[[[26.72308656633105,58.30962095671907],[26.72308656633105,58.31861416035632],[26.732079769968298,58.31861416035632],[26.732079769968298,58.30962095671907],[26.72308656633105,58.30962095671907]]]}},{"type":"Feature","properties":{"jobs":46,"pop":387,"pointCount":10,"homeWorkCommuteMedian":7712,"workHomeCommuteMedian":22706},"geometry":{"type":"Polygon","coordinates":[[[26.72308656633105,58.31861416035632],[26.72308656633105,58.327607363993565],[26.732079769968298,58.327607363993565],[26.732079769968298,58.31861416035632],[26.72308656633105,58.31861416035632]]]}},{"type":"Feature","properties":{"jobs":9,"pop":187,"pointCount":5,"homeWorkCommuteMedian":6806,"workHomeCommuteMedian":6216},"geometry":{"type":"Polygon","coordinates":[[[26.72308656633105,58.327607363993565],[26.72308656633105,58.33660056763081],[26.732079769968298,58.33660056763081],[26.732079769968298,58.327607363993565],[26.72308656633105,58.327607363993565]]]}},{"type":"Feature","properties":{"jobs":994,"pop":96,"pointCount":10,"homeWorkCommuteMedian":4667,"workHomeCommuteMedian":6559},"geometry":{"type":"Polygon","coordinates":[[[26.72308656633105,58.33660056763081],[26.72308656633105,58.34559377126806],[26.732079769968298,58.34559377126806],[26.732079769968298,58.33660056763081],[26.72308656633105,58.33660056763081]]]}},{"type":"Feature","properties":{"jobs":1074,"pop":1282,"pointCount":14,"homeWorkCommuteMedian":4004,"workHomeCommuteMedian":9764},"geometry":{"type":"Polygon","coordinates":[[[26.72308656633105,58.34559377126806],[26.72308656633105,58.3545869749053],[26.732079769968298,58.3545869749053],[26.732079769968298,58.34559377126806],[26.72308656633105,58.34559377126806]]]}},{"type":"Feature","properties":{"jobs":644,"pop":1968,"pointCount":15,"homeWorkCommuteMedian":3470,"workHomeCommuteMedian":17059},"geometry":{"type":"Polygon","coordinates":[[[26.72308656633105,58.3545869749053],[26.72308656633105,58.36358017854255],[26.732079769968298,58.36358017854255],[26.732079769968298,58.3545869749053],[26.72308656633105,58.3545869749053]]]}},{"type":"Feature","properties":{"jobs":1078,"pop":2404,"pointCount":15,"homeWorkCommuteMedian":3228,"workHomeCommuteMedian":3660},"geometry":{"type":"Polygon","coordinates":[[[26.72308656633105,58.36358017854255],[26.72308656633105,58.372573382179795],[26.732079769968298,58.372573382179795],[26.732079769968298,58.36358017854255],[26.72308656633105,58.36358017854255]]]}},{"type":"Feature","properties":{"jobs":6953,"pop":1877,"pointCount":23,"homeWorkCommuteMedian":2799,"workHomeCommuteMedian":4518},"geometry":{"type":"Polygon","coordinates":[[[26.72308656633105,58.372573382179795],[26.72308656633105,58.38156658581704],[26.732079769968298,58.38156658581704],[26.732079769968298,58.372573382179795],[26.72308656633105,58.372573382179795]]]}},{"type":"Feature","properties":{"jobs":2275,"pop":899,"pointCount":18,"homeWorkCommuteMedian":3776,"workHomeCommuteMedian":5023},"geometry":{"type":"Polygon","coordinates":[[[26.72308656633105,58.38156658581704],[26.72308656633105,58.39055978945429],[26.732079769968298,58.39055978945429],[26.732079769968298,58.38156658581704],[26.72308656633105,58.38156658581704]]]}},{"type":"Feature","properties":{"jobs":443,"pop":505,"pointCount":10,"homeWorkCommuteMedian":5668,"workHomeCommuteMedian":39714},"geometry":{"type":"Polygon","coordinates":[[[26.72308656633105,58.39055978945429],[26.72308656633105,58.39955299309153],[26.732079769968298,58.39955299309153],[26.732079769968298,58.39055978945429],[26.72308656633105,58.39055978945429]]]}},{"type":"Feature","properties":{"jobs":22,"pop":498,"pointCount":10,"homeWorkCommuteMedian":5978,"workHomeCommuteMedian":8316},"geometry":{"type":"Polygon","coordinates":[[[26.72308656633105,58.39955299309153],[26.72308656633105,58.40854619672878],[26.732079769968298,58.40854619672878],[26.732079769968298,58.39955299309153],[26.72308656633105,58.39955299309153]]]}},{"type":"Feature","properties":{"jobs":164,"pop":0,"pointCount":4,"homeWorkCommuteMedian":-1,"workHomeCommuteMedian":7166},"geometry":{"type":"Polygon","coordinates":[[[26.72308656633105,58.40854619672878],[26.72308656633105,58.417539400366024],[26.732079769968298,58.417539400366024],[26.732079769968298,58.40854619672878],[26.72308656633105,58.40854619672878]]]}},{"type":"Feature","properties":{"jobs":35,"pop":0,"pointCount":1,"homeWorkCommuteMedian":-1,"workHomeCommuteMedian":6749},"geometry":{"type":"Polygon","coordinates":[[[26.72308656633105,58.417539400366024],[26.72308656633105,58.42653260400327],[26.732079769968298,58.42653260400327],[26.732079769968298,58.417539400366024],[26.72308656633105,58.417539400366024]]]}},{"type":"Feature","properties":{"jobs":0,"pop":5,"pointCount":1,"homeWorkCommuteMedian":49995,"workHomeCommuteMedian":-1},"geometry":{"type":"Polygon","coordinates":[[[26.72308656633105,58.42653260400327],[26.72308656633105,58.435525807640516],[26.732079769968298,58.435525807640516],[26.732079769968298,58.42653260400327],[26.72308656633105,58.42653260400327]]]}},{"type":"Feature","properties":{"jobs":0,"pop":10,"pointCount":1,"homeWorkCommuteMedian":8087,"workHomeCommuteMedian":-1},"geometry":{"type":"Polygon","coordinates":[[[26.72308656633105,58.44451901127776],[26.72308656633105,58.45351221491501],[26.732079769968298,58.45351221491501],[26.732079769968298,58.44451901127776],[26.72308656633105,58.44451901127776]]]}},{"type":"Feature","properties":{"jobs":30,"pop":22,"pointCount":3,"homeWorkCommuteMedian":22208,"workHomeCommuteMedian":8258},"geometry":{"type":"Polygon","coordinates":[[[26.72308656633105,58.462505418552254],[26.72308656633105,58.4714986221895],[26.732079769968298,58.4714986221895],[26.732079769968298,58.462505418552254],[26.72308656633105,58.462505418552254]]]}},{"type":"Feature","properties":{"jobs":0,"pop":54,"pointCount":2,"homeWorkCommuteMedian":12890,"workHomeCommuteMedian":-1},"geometry":{"type":"Polygon","coordinates":[[[26.72308656633105,58.4714986221895],[26.72308656633105,58.480491825826746],[26.732079769968298,58.480491825826746],[26.732079769968298,58.4714986221895],[26.72308656633105,58.4714986221895]]]}},{"type":"Feature","properties":{"jobs":0,"pop":5,"pointCount":1,"homeWorkCommuteMedian":25169,"workHomeCommuteMedian":-1},"geometry":{"type":"Polygon","coordinates":[[[26.72308656633105,58.54344425128747],[26.72308656633105,58.552437454924714],[26.732079769968298,58.552437454924714],[26.732079769968298,58.54344425128747],[26.72308656633105,58.54344425128747]]]}},{"type":"Feature","properties":{"jobs":5,"pop":0,"pointCount":1,"homeWorkCommuteMedian":-1,"workHomeCommuteMedian":14578},"geometry":{"type":"Polygon","coordinates":[[[26.72308656633105,58.62438308402268],[26.72308656633105,58.63337628765993],[26.732079769968298,58.63337628765993],[26.732079769968298,58.62438308402268],[26.72308656633105,58.62438308402268]]]}},{"type":"Feature","properties":{"jobs":0,"pop":7,"pointCount":1,"homeWorkCommuteMedian":33955,"workHomeCommuteMedian":-1},"geometry":{"type":"Polygon","coordinates":[[[26.72308656633105,58.63337628765993],[26.72308656633105,58.642369491297174],[26.732079769968298,58.642369491297174],[26.732079769968298,58.63337628765993],[26.72308656633105,58.63337628765993]]]}},{"type":"Feature","properties":{"jobs":0,"pop":5,"pointCount":1,"homeWorkCommuteMedian":10756,"workHomeCommuteMedian":-1},"geometry":{"type":"Polygon","coordinates":[[[26.732079769968298,57.98586562577822],[26.732079769968298,57.99485882941546],[26.741072973605544,57.99485882941546],[26.741072973605544,57.98586562577822],[26.732079769968298,57.98586562577822]]]}},{"type":"Feature","properties":{"jobs":27,"pop":0,"pointCount":2,"homeWorkCommuteMedian":-1,"workHomeCommuteMedian":8074},"geometry":{"type":"Polygon","coordinates":[[[26.732079769968298,57.99485882941546],[26.732079769968298,58.00385203305271],[26.741072973605544,58.00385203305271],[26.741072973605544,57.99485882941546],[26.732079769968298,57.99485882941546]]]}},{"type":"Feature","properties":{"jobs":25,"pop":0,"pointCount":1,"homeWorkCommuteMedian":-1,"workHomeCommuteMedian":40000},"geometry":{"type":"Polygon","coordinates":[[[26.732079769968298,58.057811254876185],[26.732079769968298,58.06680445851343],[26.741072973605544,58.06680445851343],[26.741072973605544,58.057811254876185],[26.732079769968298,58.057811254876185]]]}},{"type":"Feature","properties":{"jobs":53,"pop":90,"pointCount":7,"homeWorkCommuteMedian":22074,"workHomeCommuteMedian":17634},"geometry":{"type":"Polygon","coordinates":[[[26.732079769968298,58.06680445851343],[26.732079769968298,58.07579766215068],[26.741072973605544,58.07579766215068],[26.741072973605544,58.06680445851343],[26.732079769968298,58.06680445851343]]]}},{"type":"Feature","properties":{"jobs":0,"pop":9,"pointCount":1,"homeWorkCommuteMedian":16925,"workHomeCommuteMedian":-1},"geometry":{"type":"Polygon","coordinates":[[[26.732079769968298,58.11177047669966],[26.732079769968298,58.12076368033691],[26.741072973605544,58.12076368033691],[26.741072973605544,58.11177047669966],[26.732079769968298,58.11177047669966]]]}},{"type":"Feature","properties":{"jobs":9,"pop":5,"pointCount":2,"homeWorkCommuteMedian":25143,"workHomeCommuteMedian":14351},"geometry":{"type":"Polygon","coordinates":[[[26.732079769968298,58.22868212398386],[26.732079769968298,58.237675327621105],[26.741072973605544,58.237675327621105],[26.741072973605544,58.22868212398386],[26.732079769968298,58.22868212398386]]]}},{"type":"Feature","properties":{"jobs":0,"pop":11,"pointCount":1,"homeWorkCommuteMedian":17040,"workHomeCommuteMedian":-1},"geometry":{"type":"Polygon","coordinates":[[[26.732079769968298,58.237675327621105],[26.732079769968298,58.24666853125835],[26.741072973605544,58.24666853125835],[26.741072973605544,58.237675327621105],[26.732079769968298,58.237675327621105]]]}},{"type":"Feature","properties":{"jobs":0,"pop":15,"pointCount":1,"homeWorkCommuteMedian":3751,"workHomeCommuteMedian":-1},"geometry":{"type":"Polygon","coordinates":[[[26.732079769968298,58.26465493853284],[26.732079769968298,58.27364814217009],[26.741072973605544,58.27364814217009],[26.741072973605544,58.26465493853284],[26.732079769968298,58.26465493853284]]]}},{"type":"Feature","properties":{"jobs":8,"pop":0,"pointCount":1,"homeWorkCommuteMedian":-1,"workHomeCommuteMedian":24985},"geometry":{"type":"Polygon","coordinates":[[[26.732079769968298,58.27364814217009],[26.732079769968298,58.282641345807335],[26.741072973605544,58.282641345807335],[26.741072973605544,58.27364814217009],[26.732079769968298,58.27364814217009]]]}},{"type":"Feature","properties":{"jobs":0,"pop":41,"pointCount":2,"homeWorkCommuteMedian":5524,"workHomeCommuteMedian":-1},"geometry":{"type":"Polygon","coordinates":[[[26.732079769968298,58.30962095671907],[26.732079769968298,58.31861416035632],[26.741072973605544,58.31861416035632],[26.741072973605544,58.30962095671907],[26.732079769968298,58.30962095671907]]]}},{"type":"Feature","properties":{"jobs":0,"pop":31,"pointCount":2,"homeWorkCommuteMedian":8087,"workHomeCommuteMedian":-1},"geometry":{"type":"Polygon","coordinates":[[[26.732079769968298,58.31861416035632],[26.732079769968298,58.327607363993565],[26.741072973605544,58.327607363993565],[26.741072973605544,58.31861416035632],[26.732079769968298,58.31861416035632]]]}},{"type":"Feature","properties":{"jobs":7,"pop":0,"pointCount":1,"homeWorkCommuteMedian":-1,"workHomeCommuteMedian":7308},"geometry":{"type":"Polygon","coordinates":[[[26.732079769968298,58.327607363993565],[26.732079769968298,58.33660056763081],[26.741072973605544,58.33660056763081],[26.741072973605544,58.327607363993565],[26.732079769968298,58.327607363993565]]]}},{"type":"Feature","properties":{"jobs":1098,"pop":9,"pointCount":6,"homeWorkCommuteMedian":5714,"workHomeCommuteMedian":7460},"geometry":{"type":"Polygon","coordinates":[[[26.732079769968298,58.33660056763081],[26.732079769968298,58.34559377126806],[26.741072973605544,58.34559377126806],[26.741072973605544,58.33660056763081],[26.732079769968298,58.33660056763081]]]}},{"type":"Feature","properties":{"jobs":1314,"pop":11,"pointCount":8,"homeWorkCommuteMedian":3454,"workHomeCommuteMedian":5934},"geometry":{"type":"Polygon","coordinates":[[[26.732079769968298,58.34559377126806],[26.732079769968298,58.3545869749053],[26.741072973605544,58.3545869749053],[26.741072973605544,58.34559377126806],[26.732079769968298,58.34559377126806]]]}},{"type":"Feature","properties":{"jobs":1476,"pop":609,"pointCount":15,"homeWorkCommuteMedian":4235,"workHomeCommuteMedian":6858},"geometry":{"type":"Polygon","coordinates":[[[26.732079769968298,58.3545869749053],[26.732079769968298,58.36358017854255],[26.741072973605544,58.36358017854255],[26.741072973605544,58.3545869749053],[26.732079769968298,58.3545869749053]]]}},{"type":"Feature","properties":{"jobs":643,"pop":1687,"pointCount":15,"homeWorkCommuteMedian":3055,"workHomeCommuteMedian":5487},"geometry":{"type":"Polygon","coordinates":[[[26.732079769968298,58.36358017854255],[26.732079769968298,58.372573382179795],[26.741072973605544,58.372573382179795],[26.741072973605544,58.36358017854255],[26.732079769968298,58.36358017854255]]]}},{"type":"Feature","properties":{"jobs":2824,"pop":1197,"pointCount":12,"homeWorkCommuteMedian":3081,"workHomeCommuteMedian":5088},"geometry":{"type":"Polygon","coordinates":[[[26.732079769968298,58.372573382179795],[26.732079769968298,58.38156658581704],[26.741072973605544,58.38156658581704],[26.741072973605544,58.372573382179795],[26.732079769968298,58.372573382179795]]]}},{"type":"Feature","properties":{"jobs":952,"pop":2700,"pointCount":16,"homeWorkCommuteMedian":3129,"workHomeCommuteMedian":4185},"geometry":{"type":"Polygon","coordinates":[[[26.732079769968298,58.38156658581704],[26.732079769968298,58.39055978945429],[26.741072973605544,58.39055978945429],[26.741072973605544,58.38156658581704],[26.732079769968298,58.38156658581704]]]}},{"type":"Feature","properties":{"jobs":185,"pop":157,"pointCount":10,"homeWorkCommuteMedian":3843,"workHomeCommuteMedian":5673},"geometry":{"type":"Polygon","coordinates":[[[26.732079769968298,58.39055978945429],[26.732079769968298,58.39955299309153],[26.741072973605544,58.39955299309153],[26.741072973605544,58.39055978945429],[26.732079769968298,58.39055978945429]]]}},{"type":"Feature","properties":{"jobs":103,"pop":472,"pointCount":10,"homeWorkCommuteMedian":6165,"workHomeCommuteMedian":23542},"geometry":{"type":"Polygon","coordinates":[[[26.732079769968298,58.39955299309153],[26.732079769968298,58.40854619672878],[26.741072973605544,58.40854619672878],[26.741072973605544,58.39955299309153],[26.732079769968298,58.39955299309153]]]}},{"type":"Feature","properties":{"jobs":51,"pop":81,"pointCount":4,"homeWorkCommuteMedian":4518,"workHomeCommuteMedian":7278},"geometry":{"type":"Polygon","coordinates":[[[26.732079769968298,58.40854619672878],[26.732079769968298,58.417539400366024],[26.741072973605544,58.417539400366024],[26.741072973605544,58.40854619672878],[26.732079769968298,58.40854619672878]]]}},{"type":"Feature","properties":{"jobs":0,"pop":15,"pointCount":2,"homeWorkCommuteMedian":22490,"workHomeCommuteMedian":-1},"geometry":{"type":"Polygon","coordinates":[[[26.732079769968298,58.435525807640516],[26.732079769968298,58.44451901127776],[26.741072973605544,58.44451901127776],[26.741072973605544,58.435525807640516],[26.732079769968298,58.435525807640516]]]}},{"type":"Feature","properties":{"jobs":16,"pop":0,"pointCount":1,"homeWorkCommuteMedian":-1,"workHomeCommuteMedian":9097},"geometry":{"type":"Polygon","coordinates":[[[26.732079769968298,58.462505418552254],[26.732079769968298,58.4714986221895],[26.741072973605544,58.4714986221895],[26.741072973605544,58.462505418552254],[26.732079769968298,58.462505418552254]]]}},{"type":"Feature","properties":{"jobs":6,"pop":5,"pointCount":1,"homeWorkCommuteMedian":12403,"workHomeCommuteMedian":8810},"geometry":{"type":"Polygon","coordinates":[[[26.732079769968298,58.4714986221895],[26.732079769968298,58.480491825826746],[26.741072973605544,58.480491825826746],[26.741072973605544,58.4714986221895],[26.732079769968298,58.4714986221895]]]}},{"type":"Feature","properties":{"jobs":4,"pop":0,"pointCount":1,"homeWorkCommuteMedian":-1,"workHomeCommuteMedian":14882},"geometry":{"type":"Polygon","coordinates":[[[26.732079769968298,58.525457844012976],[26.732079769968298,58.53445104765022],[26.741072973605544,58.53445104765022],[26.741072973605544,58.525457844012976],[26.732079769968298,58.525457844012976]]]}},{"type":"Feature","properties":{"jobs":0,"pop":6,"pointCount":1,"homeWorkCommuteMedian":90815,"workHomeCommuteMedian":-1},"geometry":{"type":"Polygon","coordinates":[[[26.732079769968298,58.57941706583645],[26.732079769968298,58.5884102694737],[26.741072973605544,58.5884102694737],[26.741072973605544,58.57941706583645],[26.732079769968298,58.57941706583645]]]}},{"type":"Feature","properties":{"jobs":10,"pop":0,"pointCount":1,"homeWorkCommuteMedian":-1,"workHomeCommuteMedian":29940},"geometry":{"type":"Polygon","coordinates":[[[26.732079769968298,58.597403473110944],[26.732079769968298,58.60639667674819],[26.741072973605544,58.60639667674819],[26.741072973605544,58.597403473110944],[26.732079769968298,58.597403473110944]]]}},{"type":"Feature","properties":{"jobs":16,"pop":84,"pointCount":5,"homeWorkCommuteMedian":30728,"workHomeCommuteMedian":16739},"geometry":{"type":"Polygon","coordinates":[[[26.732079769968298,58.60639667674819],[26.732079769968298,58.615389880385436],[26.741072973605544,58.615389880385436],[26.741072973605544,58.60639667674819],[26.732079769968298,58.60639667674819]]]}},{"type":"Feature","properties":{"jobs":37,"pop":0,"pointCount":1,"homeWorkCommuteMedian":-1,"workHomeCommuteMedian":25761},"geometry":{"type":"Polygon","coordinates":[[[26.732079769968298,58.615389880385436],[26.732079769968298,58.62438308402268],[26.741072973605544,58.62438308402268],[26.741072973605544,58.615389880385436],[26.732079769968298,58.615389880385436]]]}},{"type":"Feature","properties":{"jobs":0,"pop":11,"pointCount":1,"homeWorkCommuteMedian":24809,"workHomeCommuteMedian":-1},"geometry":{"type":"Polygon","coordinates":[[[26.732079769968298,58.63337628765993],[26.732079769968298,58.642369491297174],[26.741072973605544,58.642369491297174],[26.741072973605544,58.63337628765993],[26.732079769968298,58.63337628765993]]]}},{"type":"Feature","properties":{"jobs":8,"pop":37,"pointCount":4,"homeWorkCommuteMedian":45973,"workHomeCommuteMedian":6576},"geometry":{"type":"Polygon","coordinates":[[[26.741072973605544,57.98586562577822],[26.741072973605544,57.99485882941546],[26.75006617724279,57.99485882941546],[26.75006617724279,57.98586562577822],[26.741072973605544,57.98586562577822]]]}},{"type":"Feature","properties":{"jobs":11,"pop":37,"pointCount":4,"homeWorkCommuteMedian":18456,"workHomeCommuteMedian":34184},"geometry":{"type":"Polygon","coordinates":[[[26.741072973605544,58.057811254876185],[26.741072973605544,58.06680445851343],[26.75006617724279,58.06680445851343],[26.75006617724279,58.057811254876185],[26.741072973605544,58.057811254876185]]]}},{"type":"Feature","properties":{"jobs":12,"pop":10,"pointCount":1,"homeWorkCommuteMedian":51463,"workHomeCommuteMedian":39726},"geometry":{"type":"Polygon","coordinates":[[[26.741072973605544,58.06680445851343],[26.741072973605544,58.07579766215068],[26.75006617724279,58.07579766215068],[26.75006617724279,58.06680445851343],[26.741072973605544,58.06680445851343]]]}},{"type":"Feature","properties":{"jobs":17,"pop":0,"pointCount":1,"homeWorkCommuteMedian":-1,"workHomeCommuteMedian":39251},"geometry":{"type":"Polygon","coordinates":[[[26.741072973605544,58.21968892034661],[26.741072973605544,58.22868212398386],[26.75006617724279,58.22868212398386],[26.75006617724279,58.21968892034661],[26.741072973605544,58.21968892034661]]]}},{"type":"Feature","properties":{"jobs":0,"pop":15,"pointCount":2,"homeWorkCommuteMedian":21465,"workHomeCommuteMedian":-1},"geometry":{"type":"Polygon","coordinates":[[[26.741072973605544,58.22868212398386],[26.741072973605544,58.237675327621105],[26.75006617724279,58.237675327621105],[26.75006617724279,58.22868212398386],[26.741072973605544,58.22868212398386]]]}},{"type":"Feature","properties":{"jobs":8,"pop":0,"pointCount":1,"homeWorkCommuteMedian":-1,"workHomeCommuteMedian":8202},"geometry":{"type":"Polygon","coordinates":[[[26.741072973605544,58.237675327621105],[26.741072973605544,58.24666853125835],[26.75006617724279,58.24666853125835],[26.75006617724279,58.237675327621105],[26.741072973605544,58.237675327621105]]]}},{"type":"Feature","properties":{"jobs":0,"pop":10,"pointCount":1,"homeWorkCommuteMedian":13342,"workHomeCommuteMedian":-1},"geometry":{"type":"Polygon","coordinates":[[[26.741072973605544,58.2556617348956],[26.741072973605544,58.26465493853284],[26.75006617724279,58.26465493853284],[26.75006617724279,58.2556617348956],[26.741072973605544,58.2556617348956]]]}},{"type":"Feature","properties":{"jobs":9,"pop":0,"pointCount":1,"homeWorkCommuteMedian":-1,"workHomeCommuteMedian":7058},"geometry":{"type":"Polygon","coordinates":[[[26.741072973605544,58.31861416035632],[26.741072973605544,58.327607363993565],[26.75006617724279,58.327607363993565],[26.75006617724279,58.31861416035632],[26.741072973605544,58.31861416035632]]]}},{"type":"Feature","properties":{"jobs":763,"pop":0,"pointCount":1,"homeWorkCommuteMedian":-1,"workHomeCommuteMedian":5510},"geometry":{"type":"Polygon","coordinates":[[[26.741072973605544,58.33660056763081],[26.741072973605544,58.34559377126806],[26.75006617724279,58.34559377126806],[26.75006617724279,58.33660056763081],[26.741072973605544,58.33660056763081]]]}},{"type":"Feature","properties":{"jobs":713,"pop":0,"pointCount":2,"homeWorkCommuteMedian":-1,"workHomeCommuteMedian":7909},"geometry":{"type":"Polygon","coordinates":[[[26.741072973605544,58.34559377126806],[26.741072973605544,58.3545869749053],[26.75006617724279,58.3545869749053],[26.75006617724279,58.34559377126806],[26.741072973605544,58.34559377126806]]]}},{"type":"Feature","properties":{"jobs":682,"pop":33,"pointCount":5,"homeWorkCommuteMedian":4055,"workHomeCommuteMedian":5978},"geometry":{"type":"Polygon","coordinates":[[[26.741072973605544,58.3545869749053],[26.741072973605544,58.36358017854255],[26.75006617724279,58.36358017854255],[26.75006617724279,58.3545869749053],[26.741072973605544,58.3545869749053]]]}},{"type":"Feature","properties":{"jobs":1106,"pop":328,"pointCount":9,"homeWorkCommuteMedian":3202,"workHomeCommuteMedian":10472},"geometry":{"type":"Polygon","coordinates":[[[26.741072973605544,58.36358017854255],[26.741072973605544,58.372573382179795],[26.75006617724279,58.372573382179795],[26.75006617724279,58.36358017854255],[26.741072973605544,58.36358017854255]]]}},{"type":"Feature","properties":{"jobs":378,"pop":3018,"pointCount":13,"homeWorkCommuteMedian":4339,"workHomeCommuteMedian":27036},"geometry":{"type":"Polygon","coordinates":[[[26.741072973605544,58.372573382179795],[26.741072973605544,58.38156658581704],[26.75006617724279,58.38156658581704],[26.75006617724279,58.372573382179795],[26.741072973605544,58.372573382179795]]]}},{"type":"Feature","properties":{"jobs":334,"pop":757,"pointCount":14,"homeWorkCommuteMedian":3771,"workHomeCommuteMedian":7915},"geometry":{"type":"Polygon","coordinates":[[[26.741072973605544,58.38156658581704],[26.741072973605544,58.39055978945429],[26.75006617724279,58.39055978945429],[26.75006617724279,58.38156658581704],[26.741072973605544,58.38156658581704]]]}},{"type":"Feature","properties":{"jobs":975,"pop":0,"pointCount":6,"homeWorkCommuteMedian":-1,"workHomeCommuteMedian":7540},"geometry":{"type":"Polygon","coordinates":[[[26.741072973605544,58.39055978945429],[26.741072973605544,58.39955299309153],[26.75006617724279,58.39955299309153],[26.75006617724279,58.39055978945429],[26.741072973605544,58.39055978945429]]]}},{"type":"Feature","properties":{"jobs":20,"pop":498,"pointCount":7,"homeWorkCommuteMedian":5128,"workHomeCommuteMedian":6324},"geometry":{"type":"Polygon","coordinates":[[[26.741072973605544,58.39955299309153],[26.741072973605544,58.40854619672878],[26.75006617724279,58.40854619672878],[26.75006617724279,58.39955299309153],[26.741072973605544,58.39955299309153]]]}},{"type":"Feature","properties":{"jobs":0,"pop":37,"pointCount":1,"homeWorkCommuteMedian":6837,"workHomeCommuteMedian":-1},"geometry":{"type":"Polygon","coordinates":[[[26.741072973605544,58.40854619672878],[26.741072973605544,58.417539400366024],[26.75006617724279,58.417539400366024],[26.75006617724279,58.40854619672878],[26.741072973605544,58.40854619672878]]]}},{"type":"Feature","properties":{"jobs":0,"pop":45,"pointCount":3,"homeWorkCommuteMedian":9365,"workHomeCommuteMedian":-1},"geometry":{"type":"Polygon","coordinates":[[[26.741072973605544,58.417539400366024],[26.741072973605544,58.42653260400327],[26.75006617724279,58.42653260400327],[26.75006617724279,58.417539400366024],[26.741072973605544,58.417539400366024]]]}},{"type":"Feature","properties":{"jobs":0,"pop":8,"pointCount":1,"homeWorkCommuteMedian":11277,"workHomeCommuteMedian":-1},"geometry":{"type":"Polygon","coordinates":[[[26.741072973605544,58.435525807640516],[26.741072973605544,58.44451901127776],[26.75006617724279,58.44451901127776],[26.75006617724279,58.435525807640516],[26.741072973605544,58.435525807640516]]]}},{"type":"Feature","properties":{"jobs":0,"pop":12,"pointCount":1,"homeWorkCommuteMedian":55085,"workHomeCommuteMedian":-1},"geometry":{"type":"Polygon","coordinates":[[[26.741072973605544,58.45351221491501],[26.741072973605544,58.462505418552254],[26.75006617724279,58.462505418552254],[26.75006617724279,58.45351221491501],[26.741072973605544,58.45351221491501]]]}},{"type":"Feature","properties":{"jobs":0,"pop":16,"pointCount":1,"homeWorkCommuteMedian":13477,"workHomeCommuteMedian":-1},"geometry":{"type":"Polygon","coordinates":[[[26.741072973605544,58.462505418552254],[26.741072973605544,58.4714986221895],[26.75006617724279,58.4714986221895],[26.75006617724279,58.462505418552254],[26.741072973605544,58.462505418552254]]]}},{"type":"Feature","properties":{"jobs":1,"pop":24,"pointCount":1,"homeWorkCommuteMedian":36163,"workHomeCommuteMedian":8322},"geometry":{"type":"Polygon","coordinates":[[[26.741072973605544,58.525457844012976],[26.741072973605544,58.53445104765022],[26.75006617724279,58.53445104765022],[26.75006617724279,58.525457844012976],[26.741072973605544,58.525457844012976]]]}},{"type":"Feature","properties":{"jobs":6,"pop":12,"pointCount":2,"homeWorkCommuteMedian":27529,"workHomeCommuteMedian":16349},"geometry":{"type":"Polygon","coordinates":[[[26.741072973605544,58.56143065856196],[26.741072973605544,58.570423862199206],[26.75006617724279,58.570423862199206],[26.75006617724279,58.56143065856196],[26.741072973605544,58.56143065856196]]]}},{"type":"Feature","properties":{"jobs":32,"pop":6,"pointCount":3,"homeWorkCommuteMedian":2699,"workHomeCommuteMedian":30074},"geometry":{"type":"Polygon","coordinates":[[[26.741072973605544,58.597403473110944],[26.741072973605544,58.60639667674819],[26.75006617724279,58.60639667674819],[26.75006617724279,58.597403473110944],[26.741072973605544,58.597403473110944]]]}},{"type":"Feature","properties":{"jobs":0,"pop":21,"pointCount":2,"homeWorkCommuteMedian":29061,"workHomeCommuteMedian":-1},"geometry":{"type":"Polygon","coordinates":[[[26.741072973605544,58.60639667674819],[26.741072973605544,58.615389880385436],[26.75006617724279,58.615389880385436],[26.75006617724279,58.60639667674819],[26.741072973605544,58.60639667674819]]]}},{"type":"Feature","properties":{"jobs":5,"pop":17,"pointCount":2,"homeWorkCommuteMedian":53209,"workHomeCommuteMedian":21700},"geometry":{"type":"Polygon","coordinates":[[[26.75006617724279,57.93190640395474],[26.75006617724279,57.94089960759199],[26.759059380880036,57.94089960759199],[26.759059380880036,57.93190640395474],[26.75006617724279,57.93190640395474]]]}},{"type":"Feature","properties":{"jobs":12,"pop":11,"pointCount":2,"homeWorkCommuteMedian":49372,"workHomeCommuteMedian":11250},"geometry":{"type":"Polygon","coordinates":[[[26.75006617724279,57.97687242214097],[26.75006617724279,57.98586562577822],[26.759059380880036,57.98586562577822],[26.759059380880036,57.97687242214097],[26.75006617724279,57.97687242214097]]]}},{"type":"Feature","properties":{"jobs":43,"pop":105,"pointCount":5,"homeWorkCommuteMedian":22207,"workHomeCommuteMedian":48326},"geometry":{"type":"Polygon","coordinates":[[[26.75006617724279,57.98586562577822],[26.75006617724279,57.99485882941546],[26.759059380880036,57.99485882941546],[26.759059380880036,57.98586562577822],[26.75006617724279,57.98586562577822]]]}},{"type":"Feature","properties":{"jobs":0,"pop":9,"pointCount":1,"homeWorkCommuteMedian":37201,"workHomeCommuteMedian":-1},"geometry":{"type":"Polygon","coordinates":[[[26.75006617724279,58.00385203305271],[26.75006617724279,58.012845236689955],[26.759059380880036,58.012845236689955],[26.759059380880036,58.00385203305271],[26.75006617724279,58.00385203305271]]]}},{"type":"Feature","properties":{"jobs":0,"pop":7,"pointCount":1,"homeWorkCommuteMedian":18616,"workHomeCommuteMedian":-1},"geometry":{"type":"Polygon","coordinates":[[[26.75006617724279,58.192709309434875],[26.75006617724279,58.20170251307212],[26.759059380880036,58.20170251307212],[26.759059380880036,58.192709309434875],[26.75006617724279,58.192709309434875]]]}},{"type":"Feature","properties":{"jobs":7,"pop":0,"pointCount":1,"homeWorkCommuteMedian":-1,"workHomeCommuteMedian":24298},"geometry":{"type":"Polygon","coordinates":[[[26.75006617724279,58.20170251307212],[26.75006617724279,58.21069571670937],[26.759059380880036,58.21069571670937],[26.759059380880036,58.20170251307212],[26.75006617724279,58.20170251307212]]]}},{"type":"Feature","properties":{"jobs":0,"pop":7,"pointCount":1,"homeWorkCommuteMedian":25295,"workHomeCommuteMedian":-1},"geometry":{"type":"Polygon","coordinates":[[[26.75006617724279,58.21069571670937],[26.75006617724279,58.21968892034661],[26.759059380880036,58.21968892034661],[26.759059380880036,58.21069571670937],[26.75006617724279,58.21069571670937]]]}},{"type":"Feature","properties":{"jobs":0,"pop":7,"pointCount":1,"homeWorkCommuteMedian":6054,"workHomeCommuteMedian":-1},"geometry":{"type":"Polygon","coordinates":[[[26.75006617724279,58.3545869749053],[26.75006617724279,58.36358017854255],[26.759059380880036,58.36358017854255],[26.759059380880036,58.3545869749053],[26.75006617724279,58.3545869749053]]]}},{"type":"Feature","properties":{"jobs":445,"pop":131,"pointCount":5,"homeWorkCommuteMedian":3912,"workHomeCommuteMedian":13124},"geometry":{"type":"Polygon","coordinates":[[[26.75006617724279,58.36358017854255],[26.75006617724279,58.372573382179795],[26.759059380880036,58.372573382179795],[26.759059380880036,58.36358017854255],[26.75006617724279,58.36358017854255]]]}},{"type":"Feature","properties":{"jobs":1434,"pop":2754,"pointCount":18,"homeWorkCommuteMedian":5008,"workHomeCommuteMedian":6184},"geometry":{"type":"Polygon","coordinates":[[[26.75006617724279,58.372573382179795],[26.75006617724279,58.38156658581704],[26.759059380880036,58.38156658581704],[26.759059380880036,58.372573382179795],[26.75006617724279,58.372573382179795]]]}},{"type":"Feature","properties":{"jobs":117,"pop":1577,"pointCount":11,"homeWorkCommuteMedian":4797,"workHomeCommuteMedian":4347},"geometry":{"type":"Polygon","coordinates":[[[26.75006617724279,58.38156658581704],[26.75006617724279,58.39055978945429],[26.759059380880036,58.39055978945429],[26.759059380880036,58.38156658581704],[26.75006617724279,58.38156658581704]]]}},{"type":"Feature","properties":{"jobs":19,"pop":92,"pointCount":7,"homeWorkCommuteMedian":5958,"workHomeCommuteMedian":31803},"geometry":{"type":"Polygon","coordinates":[[[26.75006617724279,58.39055978945429],[26.75006617724279,58.39955299309153],[26.759059380880036,58.39955299309153],[26.759059380880036,58.39055978945429],[26.75006617724279,58.39055978945429]]]}},{"type":"Feature","properties":{"jobs":30,"pop":107,"pointCount":5,"homeWorkCommuteMedian":4940,"workHomeCommuteMedian":12157},"geometry":{"type":"Polygon","coordinates":[[[26.75006617724279,58.39955299309153],[26.75006617724279,58.40854619672878],[26.759059380880036,58.40854619672878],[26.759059380880036,58.39955299309153],[26.75006617724279,58.39955299309153]]]}},{"type":"Feature","properties":{"jobs":52,"pop":31,"pointCount":4,"homeWorkCommuteMedian":14057,"workHomeCommuteMedian":16333},"geometry":{"type":"Polygon","coordinates":[[[26.75006617724279,58.40854619672878],[26.75006617724279,58.417539400366024],[26.759059380880036,58.417539400366024],[26.759059380880036,58.40854619672878],[26.75006617724279,58.40854619672878]]]}},{"type":"Feature","properties":{"jobs":26,"pop":139,"pointCount":9,"homeWorkCommuteMedian":8563,"workHomeCommuteMedian":12367},"geometry":{"type":"Polygon","coordinates":[[[26.75006617724279,58.417539400366024],[26.75006617724279,58.42653260400327],[26.759059380880036,58.42653260400327],[26.759059380880036,58.417539400366024],[26.75006617724279,58.417539400366024]]]}},{"type":"Feature","properties":{"jobs":57,"pop":17,"pointCount":3,"homeWorkCommuteMedian":10606,"workHomeCommuteMedian":10152},"geometry":{"type":"Polygon","coordinates":[[[26.75006617724279,58.42653260400327],[26.75006617724279,58.435525807640516],[26.759059380880036,58.435525807640516],[26.759059380880036,58.42653260400327],[26.75006617724279,58.42653260400327]]]}},{"type":"Feature","properties":{"jobs":10,"pop":0,"pointCount":1,"homeWorkCommuteMedian":-1,"workHomeCommuteMedian":18022},"geometry":{"type":"Polygon","coordinates":[[[26.75006617724279,58.44451901127776],[26.75006617724279,58.45351221491501],[26.759059380880036,58.45351221491501],[26.759059380880036,58.44451901127776],[26.75006617724279,58.44451901127776]]]}},{"type":"Feature","properties":{"jobs":0,"pop":10,"pointCount":1,"homeWorkCommuteMedian":18520,"workHomeCommuteMedian":-1},"geometry":{"type":"Polygon","coordinates":[[[26.75006617724279,58.49847823310124],[26.75006617724279,58.507471436738484],[26.759059380880036,58.507471436738484],[26.759059380880036,58.49847823310124],[26.75006617724279,58.49847823310124]]]}},{"type":"Feature","properties":{"jobs":0,"pop":8,"pointCount":1,"homeWorkCommuteMedian":10004,"workHomeCommuteMedian":-1},"geometry":{"type":"Polygon","coordinates":[[[26.75006617724279,58.54344425128747],[26.75006617724279,58.552437454924714],[26.759059380880036,58.552437454924714],[26.759059380880036,58.54344425128747],[26.75006617724279,58.54344425128747]]]}},{"type":"Feature","properties":{"jobs":6,"pop":0,"pointCount":1,"homeWorkCommuteMedian":-1,"workHomeCommuteMedian":38739},"geometry":{"type":"Polygon","coordinates":[[[26.75006617724279,58.597403473110944],[26.75006617724279,58.60639667674819],[26.759059380880036,58.60639667674819],[26.759059380880036,58.597403473110944],[26.75006617724279,58.597403473110944]]]}},{"type":"Feature","properties":{"jobs":40,"pop":36,"pointCount":5,"homeWorkCommuteMedian":48309,"workHomeCommuteMedian":13201},"geometry":{"type":"Polygon","coordinates":[[[26.759059380880036,57.97687242214097],[26.759059380880036,57.98586562577822],[26.76805258451728,57.98586562577822],[26.76805258451728,57.97687242214097],[26.759059380880036,57.97687242214097]]]}},{"type":"Feature","properties":{"jobs":59,"pop":55,"pointCount":4,"homeWorkCommuteMedian":46431,"workHomeCommuteMedian":10764},"geometry":{"type":"Polygon","coordinates":[[[26.759059380880036,57.98586562577822],[26.759059380880036,57.99485882941546],[26.76805258451728,57.99485882941546],[26.76805258451728,57.98586562577822],[26.759059380880036,57.98586562577822]]]}},{"type":"Feature","properties":{"jobs":8,"pop":0,"pointCount":1,"homeWorkCommuteMedian":-1,"workHomeCommuteMedian":22315},"geometry":{"type":"Polygon","coordinates":[[[26.759059380880036,58.09378406942517],[26.759059380880036,58.102777273062415],[26.76805258451728,58.102777273062415],[26.76805258451728,58.09378406942517],[26.759059380880036,58.09378406942517]]]}},{"type":"Feature","properties":{"jobs":0,"pop":7,"pointCount":1,"homeWorkCommuteMedian":22738,"workHomeCommuteMedian":-1},"geometry":{"type":"Polygon","coordinates":[[[26.759059380880036,58.102777273062415],[26.759059380880036,58.11177047669966],[26.76805258451728,58.11177047669966],[26.76805258451728,58.102777273062415],[26.759059380880036,58.102777273062415]]]}},{"type":"Feature","properties":{"jobs":13,"pop":7,"pointCount":1,"homeWorkCommuteMedian":30142,"workHomeCommuteMedian":16482},"geometry":{"type":"Polygon","coordinates":[[[26.759059380880036,58.21069571670937],[26.759059380880036,58.21968892034661],[26.76805258451728,58.21968892034661],[26.76805258451728,58.21069571670937],[26.759059380880036,58.21069571670937]]]}},{"type":"Feature","properties":{"jobs":16,"pop":0,"pointCount":1,"homeWorkCommuteMedian":-1,"workHomeCommuteMedian":59143},"geometry":{"type":"Polygon","coordinates":[[[26.759059380880036,58.27364814217009],[26.759059380880036,58.282641345807335],[26.76805258451728,58.282641345807335],[26.76805258451728,58.27364814217009],[26.759059380880036,58.27364814217009]]]}},{"type":"Feature","properties":{"jobs":68,"pop":0,"pointCount":1,"homeWorkCommuteMedian":-1,"workHomeCommuteMedian":15851},"geometry":{"type":"Polygon","coordinates":[[[26.759059380880036,58.282641345807335],[26.759059380880036,58.29163454944458],[26.76805258451728,58.29163454944458],[26.76805258451728,58.282641345807335],[26.759059380880036,58.282641345807335]]]}},{"type":"Feature","properties":{"jobs":43,"pop":5,"pointCount":3,"homeWorkCommuteMedian":19502,"workHomeCommuteMedian":13903},"geometry":{"type":"Polygon","coordinates":[[[26.759059380880036,58.29163454944458],[26.759059380880036,58.30062775308183],[26.76805258451728,58.30062775308183],[26.76805258451728,58.29163454944458],[26.759059380880036,58.29163454944458]]]}},{"type":"Feature","properties":{"jobs":0,"pop":81,"pointCount":5,"homeWorkCommuteMedian":9763,"workHomeCommuteMedian":-1},"geometry":{"type":"Polygon","coordinates":[[[26.759059380880036,58.34559377126806],[26.759059380880036,58.3545869749053],[26.76805258451728,58.3545869749053],[26.76805258451728,58.34559377126806],[26.759059380880036,58.34559377126806]]]}},{"type":"Feature","properties":{"jobs":0,"pop":29,"pointCount":2,"homeWorkCommuteMedian":12487,"workHomeCommuteMedian":-1},"geometry":{"type":"Polygon","coordinates":[[[26.759059380880036,58.3545869749053],[26.759059380880036,58.36358017854255],[26.76805258451728,58.36358017854255],[26.76805258451728,58.3545869749053],[26.759059380880036,58.3545869749053]]]}},{"type":"Feature","properties":{"jobs":236,"pop":268,"pointCount":6,"homeWorkCommuteMedian":4871,"workHomeCommuteMedian":6910},"geometry":{"type":"Polygon","coordinates":[[[26.759059380880036,58.36358017854255],[26.759059380880036,58.372573382179795],[26.76805258451728,58.372573382179795],[26.76805258451728,58.36358017854255],[26.759059380880036,58.36358017854255]]]}},{"type":"Feature","properties":{"jobs":405,"pop":4765,"pointCount":15,"homeWorkCommuteMedian":5094,"workHomeCommuteMedian":6341},"geometry":{"type":"Polygon","coordinates":[[[26.759059380880036,58.372573382179795],[26.759059380880036,58.38156658581704],[26.76805258451728,58.38156658581704],[26.76805258451728,58.372573382179795],[26.759059380880036,58.372573382179795]]]}},{"type":"Feature","properties":{"jobs":96,"pop":138,"pointCount":4,"homeWorkCommuteMedian":7096,"workHomeCommuteMedian":5851},"geometry":{"type":"Polygon","coordinates":[[[26.759059380880036,58.38156658581704],[26.759059380880036,58.39055978945429],[26.76805258451728,58.39055978945429],[26.76805258451728,58.38156658581704],[26.759059380880036,58.38156658581704]]]}},{"type":"Feature","properties":{"jobs":11,"pop":0,"pointCount":1,"homeWorkCommuteMedian":-1,"workHomeCommuteMedian":3792},"geometry":{"type":"Polygon","coordinates":[[[26.759059380880036,58.39055978945429],[26.759059380880036,58.39955299309153],[26.76805258451728,58.39955299309153],[26.76805258451728,58.39055978945429],[26.759059380880036,58.39055978945429]]]}},{"type":"Feature","properties":{"jobs":6,"pop":31,"pointCount":5,"homeWorkCommuteMedian":5987,"workHomeCommuteMedian":6566},"geometry":{"type":"Polygon","coordinates":[[[26.759059380880036,58.40854619672878],[26.759059380880036,58.417539400366024],[26.76805258451728,58.417539400366024],[26.76805258451728,58.40854619672878],[26.759059380880036,58.40854619672878]]]}},{"type":"Feature","properties":{"jobs":228,"pop":299,"pointCount":12,"homeWorkCommuteMedian":9063,"workHomeCommuteMedian":7509},"geometry":{"type":"Polygon","coordinates":[[[26.759059380880036,58.417539400366024],[26.759059380880036,58.42653260400327],[26.76805258451728,58.42653260400327],[26.76805258451728,58.417539400366024],[26.759059380880036,58.417539400366024]]]}},{"type":"Feature","properties":{"jobs":5,"pop":14,"pointCount":3,"homeWorkCommuteMedian":9596,"workHomeCommuteMedian":10726},"geometry":{"type":"Polygon","coordinates":[[[26.759059380880036,58.42653260400327],[26.759059380880036,58.435525807640516],[26.76805258451728,58.435525807640516],[26.76805258451728,58.42653260400327],[26.759059380880036,58.42653260400327]]]}},{"type":"Feature","properties":{"jobs":118,"pop":61,"pointCount":5,"homeWorkCommuteMedian":15305,"workHomeCommuteMedian":14953},"geometry":{"type":"Polygon","coordinates":[[[26.759059380880036,58.48948502946399],[26.759059380880036,58.49847823310124],[26.76805258451728,58.49847823310124],[26.76805258451728,58.48948502946399],[26.759059380880036,58.48948502946399]]]}},{"type":"Feature","properties":{"jobs":2,"pop":0,"pointCount":1,"homeWorkCommuteMedian":-1,"workHomeCommuteMedian":7909},"geometry":{"type":"Polygon","coordinates":[[[26.759059380880036,58.552437454924714],[26.759059380880036,58.56143065856196],[26.76805258451728,58.56143065856196],[26.76805258451728,58.552437454924714],[26.759059380880036,58.552437454924714]]]}},{"type":"Feature","properties":{"jobs":4,"pop":38,"pointCount":2,"homeWorkCommuteMedian":25391,"workHomeCommuteMedian":27753},"geometry":{"type":"Polygon","coordinates":[[[26.759059380880036,58.570423862199206],[26.759059380880036,58.57941706583645],[26.76805258451728,58.57941706583645],[26.76805258451728,58.570423862199206],[26.759059380880036,58.570423862199206]]]}},{"type":"Feature","properties":{"jobs":0,"pop":11,"pointCount":1,"homeWorkCommuteMedian":32055,"workHomeCommuteMedian":-1},"geometry":{"type":"Polygon","coordinates":[[[26.759059380880036,58.62438308402268],[26.759059380880036,58.63337628765993],[26.76805258451728,58.63337628765993],[26.76805258451728,58.62438308402268],[26.759059380880036,58.62438308402268]]]}},{"type":"Feature","properties":{"jobs":8,"pop":12,"pointCount":1,"homeWorkCommuteMedian":12141,"workHomeCommuteMedian":41637},"geometry":{"type":"Polygon","coordinates":[[[26.76805258451728,57.97687242214097],[26.76805258451728,57.98586562577822],[26.777045788154528,57.98586562577822],[26.777045788154528,57.97687242214097],[26.76805258451728,57.97687242214097]]]}},{"type":"Feature","properties":{"jobs":25,"pop":12,"pointCount":2,"homeWorkCommuteMedian":6827,"workHomeCommuteMedian":11071},"geometry":{"type":"Polygon","coordinates":[[[26.76805258451728,57.98586562577822],[26.76805258451728,57.99485882941546],[26.777045788154528,57.99485882941546],[26.777045788154528,57.98586562577822],[26.76805258451728,57.98586562577822]]]}},{"type":"Feature","properties":{"jobs":0,"pop":5,"pointCount":1,"homeWorkCommuteMedian":23666,"workHomeCommuteMedian":-1},"geometry":{"type":"Polygon","coordinates":[[[26.76805258451728,58.102777273062415],[26.76805258451728,58.11177047669966],[26.777045788154528,58.11177047669966],[26.777045788154528,58.102777273062415],[26.76805258451728,58.102777273062415]]]}},{"type":"Feature","properties":{"jobs":0,"pop":10,"pointCount":1,"homeWorkCommuteMedian":26823,"workHomeCommuteMedian":-1},"geometry":{"type":"Polygon","coordinates":[[[26.76805258451728,58.11177047669966],[26.76805258451728,58.12076368033691],[26.777045788154528,58.12076368033691],[26.777045788154528,58.11177047669966],[26.76805258451728,58.11177047669966]]]}},{"type":"Feature","properties":{"jobs":0,"pop":6,"pointCount":1,"homeWorkCommuteMedian":68136,"workHomeCommuteMedian":-1},"geometry":{"type":"Polygon","coordinates":[[[26.76805258451728,58.1387500876114],[26.76805258451728,58.147743291248645],[26.777045788154528,58.147743291248645],[26.777045788154528,58.1387500876114],[26.76805258451728,58.1387500876114]]]}},{"type":"Feature","properties":{"jobs":11,"pop":23,"pointCount":1,"homeWorkCommuteMedian":30934,"workHomeCommuteMedian":44719},"geometry":{"type":"Polygon","coordinates":[[[26.76805258451728,58.15673649488589],[26.76805258451728,58.16572969852314],[26.777045788154528,58.16572969852314],[26.777045788154528,58.15673649488589],[26.76805258451728,58.15673649488589]]]}},{"type":"Feature","properties":{"jobs":0,"pop":9,"pointCount":1,"homeWorkCommuteMedian":44480,"workHomeCommuteMedian":-1},"geometry":{"type":"Polygon","coordinates":[[[26.76805258451728,58.16572969852314],[26.76805258451728,58.17472290216038],[26.777045788154528,58.17472290216038],[26.777045788154528,58.16572969852314],[26.76805258451728,58.16572969852314]]]}},{"type":"Feature","properties":{"jobs":0,"pop":6,"pointCount":1,"homeWorkCommuteMedian":23403,"workHomeCommuteMedian":-1},"geometry":{"type":"Polygon","coordinates":[[[26.76805258451728,58.20170251307212],[26.76805258451728,58.21069571670937],[26.777045788154528,58.21069571670937],[26.777045788154528,58.20170251307212],[26.76805258451728,58.20170251307212]]]}},{"type":"Feature","properties":{"jobs":0,"pop":5,"pointCount":1,"homeWorkCommuteMedian":24700,"workHomeCommuteMedian":-1},"geometry":{"type":"Polygon","coordinates":[[[26.76805258451728,58.21968892034661],[26.76805258451728,58.22868212398386],[26.777045788154528,58.22868212398386],[26.777045788154528,58.21968892034661],[26.76805258451728,58.21968892034661]]]}},{"type":"Feature","properties":{"jobs":37,"pop":15,"pointCount":3,"homeWorkCommuteMedian":19962,"workHomeCommuteMedian":11692},"geometry":{"type":"Polygon","coordinates":[[[26.76805258451728,58.237675327621105],[26.76805258451728,58.24666853125835],[26.777045788154528,58.24666853125835],[26.777045788154528,58.237675327621105],[26.76805258451728,58.237675327621105]]]}},{"type":"Feature","properties":{"jobs":0,"pop":26,"pointCount":3,"homeWorkCommuteMedian":21861,"workHomeCommuteMedian":-1},"geometry":{"type":"Polygon","coordinates":[[[26.76805258451728,58.26465493853284],[26.76805258451728,58.27364814217009],[26.777045788154528,58.27364814217009],[26.777045788154528,58.26465493853284],[26.76805258451728,58.26465493853284]]]}},{"type":"Feature","properties":{"jobs":0,"pop":7,"pointCount":1,"homeWorkCommuteMedian":15198,"workHomeCommuteMedian":-1},"geometry":{"type":"Polygon","coordinates":[[[26.76805258451728,58.282641345807335],[26.76805258451728,58.29163454944458],[26.777045788154528,58.29163454944458],[26.777045788154528,58.282641345807335],[26.76805258451728,58.282641345807335]]]}},{"type":"Feature","properties":{"jobs":9,"pop":7,"pointCount":2,"homeWorkCommuteMedian":19634,"workHomeCommuteMedian":17192},"geometry":{"type":"Polygon","coordinates":[[[26.76805258451728,58.29163454944458],[26.76805258451728,58.30062775308183],[26.777045788154528,58.30062775308183],[26.777045788154528,58.29163454944458],[26.76805258451728,58.29163454944458]]]}},{"type":"Feature","properties":{"jobs":8,"pop":38,"pointCount":3,"homeWorkCommuteMedian":11263,"workHomeCommuteMedian":17754},"geometry":{"type":"Polygon","coordinates":[[[26.76805258451728,58.30962095671907],[26.76805258451728,58.31861416035632],[26.777045788154528,58.31861416035632],[26.777045788154528,58.30962095671907],[26.76805258451728,58.30962095671907]]]}},{"type":"Feature","properties":{"jobs":3,"pop":15,"pointCount":3,"homeWorkCommuteMedian":21044,"workHomeCommuteMedian":12058},"geometry":{"type":"Polygon","coordinates":[[[26.76805258451728,58.31861416035632],[26.76805258451728,58.327607363993565],[26.777045788154528,58.327607363993565],[26.777045788154528,58.31861416035632],[26.76805258451728,58.31861416035632]]]}},{"type":"Feature","properties":{"jobs":36,"pop":77,"pointCount":5,"homeWorkCommuteMedian":7892,"workHomeCommuteMedian":8241},"geometry":{"type":"Polygon","coordinates":[[[26.76805258451728,58.33660056763081],[26.76805258451728,58.34559377126806],[26.777045788154528,58.34559377126806],[26.777045788154528,58.33660056763081],[26.76805258451728,58.33660056763081]]]}},{"type":"Feature","properties":{"jobs":0,"pop":119,"pointCount":7,"homeWorkCommuteMedian":7255,"workHomeCommuteMedian":-1},"geometry":{"type":"Polygon","coordinates":[[[26.76805258451728,58.34559377126806],[26.76805258451728,58.3545869749053],[26.777045788154528,58.3545869749053],[26.777045788154528,58.34559377126806],[26.76805258451728,58.34559377126806]]]}},{"type":"Feature","properties":{"jobs":123,"pop":3151,"pointCount":12,"homeWorkCommuteMedian":5534,"workHomeCommuteMedian":6244},"geometry":{"type":"Polygon","coordinates":[[[26.76805258451728,58.36358017854255],[26.76805258451728,58.372573382179795],[26.777045788154528,58.372573382179795],[26.777045788154528,58.36358017854255],[26.76805258451728,58.36358017854255]]]}},{"type":"Feature","properties":{"jobs":890,"pop":871,"pointCount":8,"homeWorkCommuteMedian":6049,"workHomeCommuteMedian":6002},"geometry":{"type":"Polygon","coordinates":[[[26.76805258451728,58.372573382179795],[26.76805258451728,58.38156658581704],[26.777045788154528,58.38156658581704],[26.777045788154528,58.372573382179795],[26.76805258451728,58.372573382179795]]]}},{"type":"Feature","properties":{"jobs":56,"pop":0,"pointCount":3,"homeWorkCommuteMedian":-1,"workHomeCommuteMedian":29546},"geometry":{"type":"Polygon","coordinates":[[[26.76805258451728,58.38156658581704],[26.76805258451728,58.39055978945429],[26.777045788154528,58.39055978945429],[26.777045788154528,58.38156658581704],[26.76805258451728,58.38156658581704]]]}},{"type":"Feature","properties":{"jobs":23,"pop":0,"pointCount":2,"homeWorkCommuteMedian":-1,"workHomeCommuteMedian":6444},"geometry":{"type":"Polygon","coordinates":[[[26.76805258451728,58.39055978945429],[26.76805258451728,58.39955299309153],[26.777045788154528,58.39955299309153],[26.777045788154528,58.39055978945429],[26.76805258451728,58.39055978945429]]]}},{"type":"Feature","properties":{"jobs":28,"pop":72,"pointCount":8,"homeWorkCommuteMedian":8654,"workHomeCommuteMedian":48336},"geometry":{"type":"Polygon","coordinates":[[[26.76805258451728,58.417539400366024],[26.76805258451728,58.42653260400327],[26.777045788154528,58.42653260400327],[26.777045788154528,58.417539400366024],[26.76805258451728,58.417539400366024]]]}},{"type":"Feature","properties":{"jobs":0,"pop":36,"pointCount":2,"homeWorkCommuteMedian":7802,"workHomeCommuteMedian":-1},"geometry":{"type":"Polygon","coordinates":[[[26.76805258451728,58.42653260400327],[26.76805258451728,58.435525807640516],[26.777045788154528,58.435525807640516],[26.777045788154528,58.42653260400327],[26.76805258451728,58.42653260400327]]]}},{"type":"Feature","properties":{"jobs":0,"pop":12,"pointCount":2,"homeWorkCommuteMedian":7488,"workHomeCommuteMedian":-1},"geometry":{"type":"Polygon","coordinates":[[[26.76805258451728,58.435525807640516],[26.76805258451728,58.44451901127776],[26.777045788154528,58.44451901127776],[26.777045788154528,58.435525807640516],[26.76805258451728,58.435525807640516]]]}},{"type":"Feature","properties":{"jobs":5,"pop":12,"pointCount":2,"homeWorkCommuteMedian":13050,"workHomeCommuteMedian":38765},"geometry":{"type":"Polygon","coordinates":[[[26.76805258451728,58.45351221491501],[26.76805258451728,58.462505418552254],[26.777045788154528,58.462505418552254],[26.777045788154528,58.45351221491501],[26.76805258451728,58.45351221491501]]]}},{"type":"Feature","properties":{"jobs":0,"pop":17,"pointCount":1,"homeWorkCommuteMedian":42463,"workHomeCommuteMedian":-1},"geometry":{"type":"Polygon","coordinates":[[[26.76805258451728,58.462505418552254],[26.76805258451728,58.4714986221895],[26.777045788154528,58.4714986221895],[26.777045788154528,58.462505418552254],[26.76805258451728,58.462505418552254]]]}},{"type":"Feature","properties":{"jobs":15,"pop":29,"pointCount":4,"homeWorkCommuteMedian":16605,"workHomeCommuteMedian":42408},"geometry":{"type":"Polygon","coordinates":[[[26.76805258451728,58.48948502946399],[26.76805258451728,58.49847823310124],[26.777045788154528,58.49847823310124],[26.777045788154528,58.48948502946399],[26.76805258451728,58.48948502946399]]]}},{"type":"Feature","properties":{"jobs":0,"pop":11,"pointCount":1,"homeWorkCommuteMedian":1241,"workHomeCommuteMedian":-1},"geometry":{"type":"Polygon","coordinates":[[[26.76805258451728,58.49847823310124],[26.76805258451728,58.507471436738484],[26.777045788154528,58.507471436738484],[26.777045788154528,58.49847823310124],[26.76805258451728,58.49847823310124]]]}},{"type":"Feature","properties":{"jobs":0,"pop":7,"pointCount":1,"homeWorkCommuteMedian":21293,"workHomeCommuteMedian":-1},"geometry":{"type":"Polygon","coordinates":[[[26.76805258451728,58.51646464037573],[26.76805258451728,58.525457844012976],[26.777045788154528,58.525457844012976],[26.777045788154528,58.51646464037573],[26.76805258451728,58.51646464037573]]]}},{"type":"Feature","properties":{"jobs":15,"pop":28,"pointCount":4,"homeWorkCommuteMedian":12052,"workHomeCommuteMedian":20336},"geometry":{"type":"Polygon","coordinates":[[[26.76805258451728,58.525457844012976],[26.76805258451728,58.53445104765022],[26.777045788154528,58.53445104765022],[26.777045788154528,58.525457844012976],[26.76805258451728,58.525457844012976]]]}},{"type":"Feature","properties":{"jobs":3,"pop":6,"pointCount":2,"homeWorkCommuteMedian":28308,"workHomeCommuteMedian":26749},"geometry":{"type":"Polygon","coordinates":[[[26.76805258451728,58.54344425128747],[26.76805258451728,58.552437454924714],[26.777045788154528,58.552437454924714],[26.777045788154528,58.54344425128747],[26.76805258451728,58.54344425128747]]]}},{"type":"Feature","properties":{"jobs":0,"pop":8,"pointCount":1,"homeWorkCommuteMedian":8064,"workHomeCommuteMedian":-1},"geometry":{"type":"Polygon","coordinates":[[[26.76805258451728,58.552437454924714],[26.76805258451728,58.56143065856196],[26.777045788154528,58.56143065856196],[26.777045788154528,58.552437454924714],[26.76805258451728,58.552437454924714]]]}},{"type":"Feature","properties":{"jobs":0,"pop":6,"pointCount":1,"homeWorkCommuteMedian":25606,"workHomeCommuteMedian":-1},"geometry":{"type":"Polygon","coordinates":[[[26.76805258451728,58.57941706583645],[26.76805258451728,58.5884102694737],[26.777045788154528,58.5884102694737],[26.777045788154528,58.57941706583645],[26.76805258451728,58.57941706583645]]]}},{"type":"Feature","properties":{"jobs":0,"pop":6,"pointCount":1,"homeWorkCommuteMedian":50810,"workHomeCommuteMedian":-1},"geometry":{"type":"Polygon","coordinates":[[[26.76805258451728,58.615389880385436],[26.76805258451728,58.62438308402268],[26.777045788154528,58.62438308402268],[26.777045788154528,58.615389880385436],[26.76805258451728,58.615389880385436]]]}},{"type":"Feature","properties":{"jobs":0,"pop":8,"pointCount":1,"homeWorkCommuteMedian":6103,"workHomeCommuteMedian":-1},"geometry":{"type":"Polygon","coordinates":[[[26.777045788154528,58.08479086578792],[26.777045788154528,58.09378406942517],[26.786038991791774,58.09378406942517],[26.786038991791774,58.08479086578792],[26.777045788154528,58.08479086578792]]]}},{"type":"Feature","properties":{"jobs":0,"pop":6,"pointCount":1,"homeWorkCommuteMedian":31893,"workHomeCommuteMedian":-1},"geometry":{"type":"Polygon","coordinates":[[[26.777045788154528,58.16572969852314],[26.777045788154528,58.17472290216038],[26.786038991791774,58.17472290216038],[26.786038991791774,58.16572969852314],[26.777045788154528,58.16572969852314]]]}},{"type":"Feature","properties":{"jobs":0,"pop":13,"pointCount":2,"homeWorkCommuteMedian":18154,"workHomeCommuteMedian":-1},"geometry":{"type":"Polygon","coordinates":[[[26.777045788154528,58.237675327621105],[26.777045788154528,58.24666853125835],[26.786038991791774,58.24666853125835],[26.786038991791774,58.237675327621105],[26.777045788154528,58.237675327621105]]]}},{"type":"Feature","properties":{"jobs":56,"pop":97,"pointCount":8,"homeWorkCommuteMedian":12066,"workHomeCommuteMedian":27582},"geometry":{"type":"Polygon","coordinates":[[[26.777045788154528,58.24666853125835],[26.777045788154528,58.2556617348956],[26.786038991791774,58.2556617348956],[26.786038991791774,58.24666853125835],[26.777045788154528,58.24666853125835]]]}},{"type":"Feature","properties":{"jobs":0,"pop":15,"pointCount":2,"homeWorkCommuteMedian":21523,"workHomeCommuteMedian":-1},"geometry":{"type":"Polygon","coordinates":[[[26.777045788154528,58.26465493853284],[26.777045788154528,58.27364814217009],[26.786038991791774,58.27364814217009],[26.786038991791774,58.26465493853284],[26.777045788154528,58.26465493853284]]]}},{"type":"Feature","properties":{"jobs":0,"pop":5,"pointCount":1,"homeWorkCommuteMedian":8398,"workHomeCommuteMedian":-1},"geometry":{"type":"Polygon","coordinates":[[[26.777045788154528,58.27364814217009],[26.777045788154528,58.282641345807335],[26.786038991791774,58.282641345807335],[26.786038991791774,58.27364814217009],[26.777045788154528,58.27364814217009]]]}},{"type":"Feature","properties":{"jobs":0,"pop":14,"pointCount":2,"homeWorkCommuteMedian":12759,"workHomeCommuteMedian":-1},"geometry":{"type":"Polygon","coordinates":[[[26.777045788154528,58.282641345807335],[26.777045788154528,58.29163454944458],[26.786038991791774,58.29163454944458],[26.786038991791774,58.282641345807335],[26.777045788154528,58.282641345807335]]]}},{"type":"Feature","properties":{"jobs":26,"pop":11,"pointCount":2,"homeWorkCommuteMedian":17810,"workHomeCommuteMedian":12850},"geometry":{"type":"Polygon","coordinates":[[[26.777045788154528,58.30962095671907],[26.777045788154528,58.31861416035632],[26.786038991791774,58.31861416035632],[26.786038991791774,58.30962095671907],[26.777045788154528,58.30962095671907]]]}},{"type":"Feature","properties":{"jobs":0,"pop":11,"pointCount":2,"homeWorkCommuteMedian":9096,"workHomeCommuteMedian":-1},"geometry":{"type":"Polygon","coordinates":[[[26.777045788154528,58.31861416035632],[26.777045788154528,58.327607363993565],[26.786038991791774,58.327607363993565],[26.786038991791774,58.31861416035632],[26.777045788154528,58.31861416035632]]]}},{"type":"Feature","properties":{"jobs":0,"pop":9,"pointCount":1,"homeWorkCommuteMedian":14435,"workHomeCommuteMedian":-1},"geometry":{"type":"Polygon","coordinates":[[[26.777045788154528,58.327607363993565],[26.777045788154528,58.33660056763081],[26.786038991791774,58.33660056763081],[26.786038991791774,58.327607363993565],[26.777045788154528,58.327607363993565]]]}},{"type":"Feature","properties":{"jobs":0,"pop":186,"pointCount":9,"homeWorkCommuteMedian":7670,"workHomeCommuteMedian":-1},"geometry":{"type":"Polygon","coordinates":[[[26.777045788154528,58.33660056763081],[26.777045788154528,58.34559377126806],[26.786038991791774,58.34559377126806],[26.786038991791774,58.33660056763081],[26.777045788154528,58.33660056763081]]]}},{"type":"Feature","properties":{"jobs":0,"pop":291,"pointCount":8,"homeWorkCommuteMedian":8450,"workHomeCommuteMedian":-1},"geometry":{"type":"Polygon","coordinates":[[[26.777045788154528,58.34559377126806],[26.777045788154528,58.3545869749053],[26.786038991791774,58.3545869749053],[26.786038991791774,58.34559377126806],[26.777045788154528,58.34559377126806]]]}},{"type":"Feature","properties":{"jobs":118,"pop":530,"pointCount":10,"homeWorkCommuteMedian":6999,"workHomeCommuteMedian":7378},"geometry":{"type":"Polygon","coordinates":[[[26.777045788154528,58.3545869749053],[26.777045788154528,58.36358017854255],[26.786038991791774,58.36358017854255],[26.786038991791774,58.3545869749053],[26.777045788154528,58.3545869749053]]]}},{"type":"Feature","properties":{"jobs":192,"pop":501,"pointCount":6,"homeWorkCommuteMedian":6095,"workHomeCommuteMedian":10604},"geometry":{"type":"Polygon","coordinates":[[[26.777045788154528,58.36358017854255],[26.777045788154528,58.372573382179795],[26.786038991791774,58.372573382179795],[26.786038991791774,58.36358017854255],[26.777045788154528,58.36358017854255]]]}},{"type":"Feature","properties":{"jobs":222,"pop":1431,"pointCount":12,"homeWorkCommuteMedian":6573,"workHomeCommuteMedian":20656},"geometry":{"type":"Polygon","coordinates":[[[26.777045788154528,58.372573382179795],[26.777045788154528,58.38156658581704],[26.786038991791774,58.38156658581704],[26.786038991791774,58.372573382179795],[26.777045788154528,58.372573382179795]]]}},{"type":"Feature","properties":{"jobs":1,"pop":64,"pointCount":2,"homeWorkCommuteMedian":8711,"workHomeCommuteMedian":9165},"geometry":{"type":"Polygon","coordinates":[[[26.777045788154528,58.38156658581704],[26.777045788154528,58.39055978945429],[26.786038991791774,58.39055978945429],[26.786038991791774,58.38156658581704],[26.777045788154528,58.38156658581704]]]}},{"type":"Feature","properties":{"jobs":135,"pop":7,"pointCount":5,"homeWorkCommuteMedian":7517,"workHomeCommuteMedian":7988},"geometry":{"type":"Polygon","coordinates":[[[26.777045788154528,58.40854619672878],[26.777045788154528,58.417539400366024],[26.786038991791774,58.417539400366024],[26.786038991791774,58.40854619672878],[26.777045788154528,58.40854619672878]]]}},{"type":"Feature","properties":{"jobs":28,"pop":15,"pointCount":5,"homeWorkCommuteMedian":8549,"workHomeCommuteMedian":12948},"geometry":{"type":"Polygon","coordinates":[[[26.777045788154528,58.417539400366024],[26.777045788154528,58.42653260400327],[26.786038991791774,58.42653260400327],[26.786038991791774,58.417539400366024],[26.777045788154528,58.417539400366024]]]}},{"type":"Feature","properties":{"jobs":33,"pop":6,"pointCount":3,"homeWorkCommuteMedian":1422,"workHomeCommuteMedian":29849},"geometry":{"type":"Polygon","coordinates":[[[26.777045788154528,58.42653260400327],[26.777045788154528,58.435525807640516],[26.786038991791774,58.435525807640516],[26.786038991791774,58.42653260400327],[26.777045788154528,58.42653260400327]]]}},{"type":"Feature","properties":{"jobs":0,"pop":11,"pointCount":1,"homeWorkCommuteMedian":11638,"workHomeCommuteMedian":-1},"geometry":{"type":"Polygon","coordinates":[[[26.777045788154528,58.435525807640516],[26.777045788154528,58.44451901127776],[26.786038991791774,58.44451901127776],[26.786038991791774,58.435525807640516],[26.777045788154528,58.435525807640516]]]}},{"type":"Feature","properties":{"jobs":17,"pop":0,"pointCount":1,"homeWorkCommuteMedian":-1,"workHomeCommuteMedian":37404},"geometry":{"type":"Polygon","coordinates":[[[26.777045788154528,58.462505418552254],[26.777045788154528,58.4714986221895],[26.786038991791774,58.4714986221895],[26.786038991791774,58.462505418552254],[26.777045788154528,58.462505418552254]]]}},{"type":"Feature","properties":{"jobs":10,"pop":7,"pointCount":1,"homeWorkCommuteMedian":7237,"workHomeCommuteMedian":78541},"geometry":{"type":"Polygon","coordinates":[[[26.777045788154528,58.4714986221895],[26.777045788154528,58.480491825826746],[26.786038991791774,58.480491825826746],[26.786038991791774,58.4714986221895],[26.777045788154528,58.4714986221895]]]}},{"type":"Feature","properties":{"jobs":0,"pop":5,"pointCount":1,"homeWorkCommuteMedian":19690,"workHomeCommuteMedian":-1},"geometry":{"type":"Polygon","coordinates":[[[26.777045788154528,58.48948502946399],[26.777045788154528,58.49847823310124],[26.786038991791774,58.49847823310124],[26.786038991791774,58.48948502946399],[26.777045788154528,58.48948502946399]]]}},{"type":"Feature","properties":{"jobs":0,"pop":12,"pointCount":1,"homeWorkCommuteMedian":12367,"workHomeCommuteMedian":-1},"geometry":{"type":"Polygon","coordinates":[[[26.777045788154528,58.49847823310124],[26.777045788154528,58.507471436738484],[26.786038991791774,58.507471436738484],[26.786038991791774,58.49847823310124],[26.777045788154528,58.49847823310124]]]}},{"type":"Feature","properties":{"jobs":0,"pop":5,"pointCount":1,"homeWorkCommuteMedian":25839,"workHomeCommuteMedian":-1},"geometry":{"type":"Polygon","coordinates":[[[26.777045788154528,58.54344425128747],[26.777045788154528,58.552437454924714],[26.786038991791774,58.552437454924714],[26.786038991791774,58.54344425128747],[26.777045788154528,58.54344425128747]]]}},{"type":"Feature","properties":{"jobs":0,"pop":11,"pointCount":1,"homeWorkCommuteMedian":24583,"workHomeCommuteMedian":-1},"geometry":{"type":"Polygon","coordinates":[[[26.777045788154528,58.570423862199206],[26.777045788154528,58.57941706583645],[26.786038991791774,58.57941706583645],[26.786038991791774,58.570423862199206],[26.777045788154528,58.570423862199206]]]}},{"type":"Feature","properties":{"jobs":9,"pop":0,"pointCount":1,"homeWorkCommuteMedian":-1,"workHomeCommuteMedian":7258},"geometry":{"type":"Polygon","coordinates":[[[26.786038991791774,57.967879218503725],[26.786038991791774,57.97687242214097],[26.79503219542902,57.97687242214097],[26.79503219542902,57.967879218503725],[26.786038991791774,57.967879218503725]]]}},{"type":"Feature","properties":{"jobs":62,"pop":24,"pointCount":2,"homeWorkCommuteMedian":12856,"workHomeCommuteMedian":52601},"geometry":{"type":"Polygon","coordinates":[[[26.786038991791774,57.97687242214097],[26.786038991791774,57.98586562577822],[26.79503219542902,57.98586562577822],[26.79503219542902,57.97687242214097],[26.786038991791774,57.97687242214097]]]}},{"type":"Feature","properties":{"jobs":0,"pop":6,"pointCount":1,"homeWorkCommuteMedian":4911,"workHomeCommuteMedian":-1},"geometry":{"type":"Polygon","coordinates":[[[26.786038991791774,57.98586562577822],[26.786038991791774,57.99485882941546],[26.79503219542902,57.99485882941546],[26.79503219542902,57.98586562577822],[26.786038991791774,57.98586562577822]]]}},{"type":"Feature","properties":{"jobs":0,"pop":5,"pointCount":1,"homeWorkCommuteMedian":4880,"workHomeCommuteMedian":-1},"geometry":{"type":"Polygon","coordinates":[[[26.786038991791774,58.00385203305271],[26.786038991791774,58.012845236689955],[26.79503219542902,58.012845236689955],[26.79503219542902,58.00385203305271],[26.786038991791774,58.00385203305271]]]}},{"type":"Feature","properties":{"jobs":2,"pop":0,"pointCount":1,"homeWorkCommuteMedian":-1,"workHomeCommuteMedian":25168},"geometry":{"type":"Polygon","coordinates":[[[26.786038991791774,58.0218384403272],[26.786038991791774,58.03083164396445],[26.79503219542902,58.03083164396445],[26.79503219542902,58.0218384403272],[26.786038991791774,58.0218384403272]]]}},{"type":"Feature","properties":{"jobs":0,"pop":19,"pointCount":2,"homeWorkCommuteMedian":23595,"workHomeCommuteMedian":-1},"geometry":{"type":"Polygon","coordinates":[[[26.786038991791774,58.21069571670937],[26.786038991791774,58.21968892034661],[26.79503219542902,58.21968892034661],[26.79503219542902,58.21069571670937],[26.786038991791774,58.21069571670937]]]}},{"type":"Feature","properties":{"jobs":7,"pop":30,"pointCount":2,"homeWorkCommuteMedian":11946,"workHomeCommuteMedian":20151},"geometry":{"type":"Polygon","coordinates":[[[26.786038991791774,58.237675327621105],[26.786038991791774,58.24666853125835],[26.79503219542902,58.24666853125835],[26.79503219542902,58.237675327621105],[26.786038991791774,58.237675327621105]]]}},{"type":"Feature","properties":{"jobs":0,"pop":13,"pointCount":1,"homeWorkCommuteMedian":16477,"workHomeCommuteMedian":-1},"geometry":{"type":"Polygon","coordinates":[[[26.786038991791774,58.2556617348956],[26.786038991791774,58.26465493853284],[26.79503219542902,58.26465493853284],[26.79503219542902,58.2556617348956],[26.786038991791774,58.2556617348956]]]}},{"type":"Feature","properties":{"jobs":0,"pop":49,"pointCount":2,"homeWorkCommuteMedian":9346,"workHomeCommuteMedian":-1},"geometry":{"type":"Polygon","coordinates":[[[26.786038991791774,58.31861416035632],[26.786038991791774,58.327607363993565],[26.79503219542902,58.327607363993565],[26.79503219542902,58.31861416035632],[26.786038991791774,58.31861416035632]]]}},{"type":"Feature","properties":{"jobs":0,"pop":32,"pointCount":2,"homeWorkCommuteMedian":10116,"workHomeCommuteMedian":-1},"geometry":{"type":"Polygon","coordinates":[[[26.786038991791774,58.327607363993565],[26.786038991791774,58.33660056763081],[26.79503219542902,58.33660056763081],[26.79503219542902,58.327607363993565],[26.786038991791774,58.327607363993565]]]}},{"type":"Feature","properties":{"jobs":0,"pop":107,"pointCount":8,"homeWorkCommuteMedian":9479,"workHomeCommuteMedian":-1},"geometry":{"type":"Polygon","coordinates":[[[26.786038991791774,58.33660056763081],[26.786038991791774,58.34559377126806],[26.79503219542902,58.34559377126806],[26.79503219542902,58.33660056763081],[26.786038991791774,58.33660056763081]]]}},{"type":"Feature","properties":{"jobs":15,"pop":512,"pointCount":12,"homeWorkCommuteMedian":8641,"workHomeCommuteMedian":52720},"geometry":{"type":"Polygon","coordinates":[[[26.786038991791774,58.34559377126806],[26.786038991791774,58.3545869749053],[26.79503219542902,58.3545869749053],[26.79503219542902,58.34559377126806],[26.786038991791774,58.34559377126806]]]}},{"type":"Feature","properties":{"jobs":0,"pop":232,"pointCount":7,"homeWorkCommuteMedian":7182,"workHomeCommuteMedian":-1},"geometry":{"type":"Polygon","coordinates":[[[26.786038991791774,58.3545869749053],[26.786038991791774,58.36358017854255],[26.79503219542902,58.36358017854255],[26.79503219542902,58.3545869749053],[26.786038991791774,58.3545869749053]]]}},{"type":"Feature","properties":{"jobs":370,"pop":233,"pointCount":13,"homeWorkCommuteMedian":8532,"workHomeCommuteMedian":8517},"geometry":{"type":"Polygon","coordinates":[[[26.786038991791774,58.36358017854255],[26.786038991791774,58.372573382179795],[26.79503219542902,58.372573382179795],[26.79503219542902,58.36358017854255],[26.786038991791774,58.36358017854255]]]}},{"type":"Feature","properties":{"jobs":0,"pop":88,"pointCount":4,"homeWorkCommuteMedian":7581,"workHomeCommuteMedian":-1},"geometry":{"type":"Polygon","coordinates":[[[26.786038991791774,58.372573382179795],[26.786038991791774,58.38156658581704],[26.79503219542902,58.38156658581704],[26.79503219542902,58.372573382179795],[26.786038991791774,58.372573382179795]]]}},{"type":"Feature","properties":{"jobs":0,"pop":5,"pointCount":1,"homeWorkCommuteMedian":5218,"workHomeCommuteMedian":-1},"geometry":{"type":"Polygon","coordinates":[[[26.786038991791774,58.38156658581704],[26.786038991791774,58.39055978945429],[26.79503219542902,58.39055978945429],[26.79503219542902,58.38156658581704],[26.786038991791774,58.38156658581704]]]}},{"type":"Feature","properties":{"jobs":0,"pop":16,"pointCount":2,"homeWorkCommuteMedian":9774,"workHomeCommuteMedian":-1},"geometry":{"type":"Polygon","coordinates":[[[26.786038991791774,58.39055978945429],[26.786038991791774,58.39955299309153],[26.79503219542902,58.39955299309153],[26.79503219542902,58.39055978945429],[26.786038991791774,58.39055978945429]]]}},{"type":"Feature","properties":{"jobs":28,"pop":6,"pointCount":2,"homeWorkCommuteMedian":9882,"workHomeCommuteMedian":10358},"geometry":{"type":"Polygon","coordinates":[[[26.786038991791774,58.417539400366024],[26.786038991791774,58.42653260400327],[26.79503219542902,58.42653260400327],[26.79503219542902,58.417539400366024],[26.786038991791774,58.417539400366024]]]}},{"type":"Feature","properties":{"jobs":5,"pop":6,"pointCount":2,"homeWorkCommuteMedian":6328,"workHomeCommuteMedian":14487},"geometry":{"type":"Polygon","coordinates":[[[26.786038991791774,58.42653260400327],[26.786038991791774,58.435525807640516],[26.79503219542902,58.435525807640516],[26.79503219542902,58.42653260400327],[26.786038991791774,58.42653260400327]]]}},{"type":"Feature","properties":{"jobs":0,"pop":9,"pointCount":1,"homeWorkCommuteMedian":27631,"workHomeCommuteMedian":-1},"geometry":{"type":"Polygon","coordinates":[[[26.786038991791774,58.462505418552254],[26.786038991791774,58.4714986221895],[26.79503219542902,58.4714986221895],[26.79503219542902,58.462505418552254],[26.786038991791774,58.462505418552254]]]}},{"type":"Feature","properties":{"jobs":6,"pop":0,"pointCount":1,"homeWorkCommuteMedian":-1,"workHomeCommuteMedian":82843},"geometry":{"type":"Polygon","coordinates":[[[26.786038991791774,58.48948502946399],[26.786038991791774,58.49847823310124],[26.79503219542902,58.49847823310124],[26.79503219542902,58.48948502946399],[26.786038991791774,58.48948502946399]]]}},{"type":"Feature","properties":{"jobs":25,"pop":11,"pointCount":3,"homeWorkCommuteMedian":23122,"workHomeCommuteMedian":21220},"geometry":{"type":"Polygon","coordinates":[[[26.786038991791774,58.525457844012976],[26.786038991791774,58.53445104765022],[26.79503219542902,58.53445104765022],[26.79503219542902,58.525457844012976],[26.786038991791774,58.525457844012976]]]}},{"type":"Feature","properties":{"jobs":0,"pop":11,"pointCount":1,"homeWorkCommuteMedian":8306,"workHomeCommuteMedian":-1},"geometry":{"type":"Polygon","coordinates":[[[26.786038991791774,58.56143065856196],[26.786038991791774,58.570423862199206],[26.79503219542902,58.570423862199206],[26.79503219542902,58.56143065856196],[26.786038991791774,58.56143065856196]]]}},{"type":"Feature","properties":{"jobs":6,"pop":0,"pointCount":1,"homeWorkCommuteMedian":-1,"workHomeCommuteMedian":17545},"geometry":{"type":"Polygon","coordinates":[[[26.786038991791774,58.615389880385436],[26.786038991791774,58.62438308402268],[26.79503219542902,58.62438308402268],[26.79503219542902,58.615389880385436],[26.786038991791774,58.615389880385436]]]}},{"type":"Feature","properties":{"jobs":21,"pop":0,"pointCount":1,"homeWorkCommuteMedian":-1,"workHomeCommuteMedian":23666},"geometry":{"type":"Polygon","coordinates":[[[26.79503219542902,57.93190640395474],[26.79503219542902,57.94089960759199],[26.804025399066266,57.94089960759199],[26.804025399066266,57.93190640395474],[26.79503219542902,57.93190640395474]]]}},{"type":"Feature","properties":{"jobs":0,"pop":9,"pointCount":1,"homeWorkCommuteMedian":53998,"workHomeCommuteMedian":-1},"geometry":{"type":"Polygon","coordinates":[[[26.79503219542902,57.967879218503725],[26.79503219542902,57.97687242214097],[26.804025399066266,57.97687242214097],[26.804025399066266,57.967879218503725],[26.79503219542902,57.967879218503725]]]}},{"type":"Feature","properties":{"jobs":0,"pop":8,"pointCount":1,"homeWorkCommuteMedian":53483,"workHomeCommuteMedian":-1},"geometry":{"type":"Polygon","coordinates":[[[26.79503219542902,57.97687242214097],[26.79503219542902,57.98586562577822],[26.804025399066266,57.98586562577822],[26.804025399066266,57.97687242214097],[26.79503219542902,57.97687242214097]]]}},{"type":"Feature","properties":{"jobs":0,"pop":5,"pointCount":1,"homeWorkCommuteMedian":34960,"workHomeCommuteMedian":-1},"geometry":{"type":"Polygon","coordinates":[[[26.79503219542902,57.98586562577822],[26.79503219542902,57.99485882941546],[26.804025399066266,57.99485882941546],[26.804025399066266,57.98586562577822],[26.79503219542902,57.98586562577822]]]}},{"type":"Feature","properties":{"jobs":0,"pop":5,"pointCount":1,"homeWorkCommuteMedian":36695,"workHomeCommuteMedian":-1},"geometry":{"type":"Polygon","coordinates":[[[26.79503219542902,57.99485882941546],[26.79503219542902,58.00385203305271],[26.804025399066266,58.00385203305271],[26.804025399066266,57.99485882941546],[26.79503219542902,57.99485882941546]]]}},{"type":"Feature","properties":{"jobs":0,"pop":9,"pointCount":1,"homeWorkCommuteMedian":41099,"workHomeCommuteMedian":-1},"geometry":{"type":"Polygon","coordinates":[[[26.79503219542902,58.00385203305271],[26.79503219542902,58.012845236689955],[26.804025399066266,58.012845236689955],[26.804025399066266,58.00385203305271],[26.79503219542902,58.00385203305271]]]}},{"type":"Feature","properties":{"jobs":0,"pop":10,"pointCount":1,"homeWorkCommuteMedian":24923,"workHomeCommuteMedian":-1},"geometry":{"type":"Polygon","coordinates":[[[26.79503219542902,58.012845236689955],[26.79503219542902,58.0218384403272],[26.804025399066266,58.0218384403272],[26.804025399066266,58.012845236689955],[26.79503219542902,58.012845236689955]]]}},{"type":"Feature","properties":{"jobs":0,"pop":11,"pointCount":1,"homeWorkCommuteMedian":52124,"workHomeCommuteMedian":-1},"geometry":{"type":"Polygon","coordinates":[[[26.79503219542902,58.0218384403272],[26.79503219542902,58.03083164396445],[26.804025399066266,58.03083164396445],[26.804025399066266,58.0218384403272],[26.79503219542902,58.0218384403272]]]}},{"type":"Feature","properties":{"jobs":0,"pop":5,"pointCount":1,"homeWorkCommuteMedian":46537,"workHomeCommuteMedian":-1},"geometry":{"type":"Polygon","coordinates":[[[26.79503219542902,58.06680445851343],[26.79503219542902,58.07579766215068],[26.804025399066266,58.07579766215068],[26.804025399066266,58.06680445851343],[26.79503219542902,58.06680445851343]]]}},{"type":"Feature","properties":{"jobs":0,"pop":12,"pointCount":1,"homeWorkCommuteMedian":21739,"workHomeCommuteMedian":-1},"geometry":{"type":"Polygon","coordinates":[[[26.79503219542902,58.07579766215068],[26.79503219542902,58.08479086578792],[26.804025399066266,58.08479086578792],[26.804025399066266,58.07579766215068],[26.79503219542902,58.07579766215068]]]}},{"type":"Feature","properties":{"jobs":9,"pop":10,"pointCount":1,"homeWorkCommuteMedian":29692,"workHomeCommuteMedian":41272},"geometry":{"type":"Polygon","coordinates":[[[26.79503219542902,58.102777273062415],[26.79503219542902,58.11177047669966],[26.804025399066266,58.11177047669966],[26.804025399066266,58.102777273062415],[26.79503219542902,58.102777273062415]]]}},{"type":"Feature","properties":{"jobs":16,"pop":10,"pointCount":2,"homeWorkCommuteMedian":11477,"workHomeCommuteMedian":25127},"geometry":{"type":"Polygon","coordinates":[[[26.79503219542902,58.20170251307212],[26.79503219542902,58.21069571670937],[26.804025399066266,58.21069571670937],[26.804025399066266,58.20170251307212],[26.79503219542902,58.20170251307212]]]}},{"type":"Feature","properties":{"jobs":0,"pop":8,"pointCount":1,"homeWorkCommuteMedian":22174,"workHomeCommuteMedian":-1},"geometry":{"type":"Polygon","coordinates":[[[26.79503219542902,58.21968892034661],[26.79503219542902,58.22868212398386],[26.804025399066266,58.22868212398386],[26.804025399066266,58.21968892034661],[26.79503219542902,58.21968892034661]]]}},{"type":"Feature","properties":{"jobs":8,"pop":0,"pointCount":1,"homeWorkCommuteMedian":-1,"workHomeCommuteMedian":41357},"geometry":{"type":"Polygon","coordinates":[[[26.79503219542902,58.22868212398386],[26.79503219542902,58.237675327621105],[26.804025399066266,58.237675327621105],[26.804025399066266,58.22868212398386],[26.79503219542902,58.22868212398386]]]}},{"type":"Feature","properties":{"jobs":46,"pop":0,"pointCount":2,"homeWorkCommuteMedian":-1,"workHomeCommuteMedian":30613},"geometry":{"type":"Polygon","coordinates":[[[26.79503219542902,58.237675327621105],[26.79503219542902,58.24666853125835],[26.804025399066266,58.24666853125835],[26.804025399066266,58.237675327621105],[26.79503219542902,58.237675327621105]]]}},{"type":"Feature","properties":{"jobs":0,"pop":11,"pointCount":1,"homeWorkCommuteMedian":8961,"workHomeCommuteMedian":-1},"geometry":{"type":"Polygon","coordinates":[[[26.79503219542902,58.24666853125835],[26.79503219542902,58.2556617348956],[26.804025399066266,58.2556617348956],[26.804025399066266,58.24666853125835],[26.79503219542902,58.24666853125835]]]}},{"type":"Feature","properties":{"jobs":0,"pop":9,"pointCount":1,"homeWorkCommuteMedian":9865,"workHomeCommuteMedian":-1},"geometry":{"type":"Polygon","coordinates":[[[26.79503219542902,58.30962095671907],[26.79503219542902,58.31861416035632],[26.804025399066266,58.31861416035632],[26.804025399066266,58.30962095671907],[26.79503219542902,58.30962095671907]]]}},{"type":"Feature","properties":{"jobs":0,"pop":63,"pointCount":4,"homeWorkCommuteMedian":10518,"workHomeCommuteMedian":-1},"geometry":{"type":"Polygon","coordinates":[[[26.79503219542902,58.31861416035632],[26.79503219542902,58.327607363993565],[26.804025399066266,58.327607363993565],[26.804025399066266,58.31861416035632],[26.79503219542902,58.31861416035632]]]}},{"type":"Feature","properties":{"jobs":24,"pop":62,"pointCount":4,"homeWorkCommuteMedian":10723,"workHomeCommuteMedian":11378},"geometry":{"type":"Polygon","coordinates":[[[26.79503219542902,58.327607363993565],[26.79503219542902,58.33660056763081],[26.804025399066266,58.33660056763081],[26.804025399066266,58.327607363993565],[26.79503219542902,58.327607363993565]]]}},{"type":"Feature","properties":{"jobs":5,"pop":27,"pointCount":2,"homeWorkCommuteMedian":11703,"workHomeCommuteMedian":17252},"geometry":{"type":"Polygon","coordinates":[[[26.79503219542902,58.33660056763081],[26.79503219542902,58.34559377126806],[26.804025399066266,58.34559377126806],[26.804025399066266,58.33660056763081],[26.79503219542902,58.33660056763081]]]}},{"type":"Feature","properties":{"jobs":0,"pop":165,"pointCount":6,"homeWorkCommuteMedian":8280,"workHomeCommuteMedian":-1},"geometry":{"type":"Polygon","coordinates":[[[26.79503219542902,58.34559377126806],[26.79503219542902,58.3545869749053],[26.804025399066266,58.3545869749053],[26.804025399066266,58.34559377126806],[26.79503219542902,58.34559377126806]]]}},{"type":"Feature","properties":{"jobs":0,"pop":82,"pointCount":5,"homeWorkCommuteMedian":10054,"workHomeCommuteMedian":-1},"geometry":{"type":"Polygon","coordinates":[[[26.79503219542902,58.3545869749053],[26.79503219542902,58.36358017854255],[26.804025399066266,58.36358017854255],[26.804025399066266,58.3545869749053],[26.79503219542902,58.3545869749053]]]}},{"type":"Feature","properties":{"jobs":77,"pop":265,"pointCount":7,"homeWorkCommuteMedian":8332,"workHomeCommuteMedian":9846},"geometry":{"type":"Polygon","coordinates":[[[26.79503219542902,58.36358017854255],[26.79503219542902,58.372573382179795],[26.804025399066266,58.372573382179795],[26.804025399066266,58.36358017854255],[26.79503219542902,58.36358017854255]]]}},{"type":"Feature","properties":{"jobs":0,"pop":106,"pointCount":4,"homeWorkCommuteMedian":5176,"workHomeCommuteMedian":-1},"geometry":{"type":"Polygon","coordinates":[[[26.79503219542902,58.372573382179795],[26.79503219542902,58.38156658581704],[26.804025399066266,58.38156658581704],[26.804025399066266,58.372573382179795],[26.79503219542902,58.372573382179795]]]}},{"type":"Feature","properties":{"jobs":0,"pop":55,"pointCount":1,"homeWorkCommuteMedian":9328,"workHomeCommuteMedian":-1},"geometry":{"type":"Polygon","coordinates":[[[26.79503219542902,58.38156658581704],[26.79503219542902,58.39055978945429],[26.804025399066266,58.39055978945429],[26.804025399066266,58.38156658581704],[26.79503219542902,58.38156658581704]]]}},{"type":"Feature","properties":{"jobs":7,"pop":0,"pointCount":1,"homeWorkCommuteMedian":-1,"workHomeCommuteMedian":11119},"geometry":{"type":"Polygon","coordinates":[[[26.79503219542902,58.417539400366024],[26.79503219542902,58.42653260400327],[26.804025399066266,58.42653260400327],[26.804025399066266,58.417539400366024],[26.79503219542902,58.417539400366024]]]}},{"type":"Feature","properties":{"jobs":0,"pop":6,"pointCount":1,"homeWorkCommuteMedian":12547,"workHomeCommuteMedian":-1},"geometry":{"type":"Polygon","coordinates":[[[26.79503219542902,58.44451901127776],[26.79503219542902,58.45351221491501],[26.804025399066266,58.45351221491501],[26.804025399066266,58.44451901127776],[26.79503219542902,58.44451901127776]]]}},{"type":"Feature","properties":{"jobs":12,"pop":21,"pointCount":3,"homeWorkCommuteMedian":19985,"workHomeCommuteMedian":56776},"geometry":{"type":"Polygon","coordinates":[[[26.79503219542902,58.4714986221895],[26.79503219542902,58.480491825826746],[26.804025399066266,58.480491825826746],[26.804025399066266,58.4714986221895],[26.79503219542902,58.4714986221895]]]}},{"type":"Feature","properties":{"jobs":8,"pop":0,"pointCount":1,"homeWorkCommuteMedian":-1,"workHomeCommuteMedian":42878},"geometry":{"type":"Polygon","coordinates":[[[26.79503219542902,58.51646464037573],[26.79503219542902,58.525457844012976],[26.804025399066266,58.525457844012976],[26.804025399066266,58.51646464037573],[26.79503219542902,58.51646464037573]]]}},{"type":"Feature","properties":{"jobs":0,"pop":9,"pointCount":1,"homeWorkCommuteMedian":19821,"workHomeCommuteMedian":-1},"geometry":{"type":"Polygon","coordinates":[[[26.804025399066266,57.95888601486648],[26.804025399066266,57.967879218503725],[26.81301860270351,57.967879218503725],[26.81301860270351,57.95888601486648],[26.804025399066266,57.95888601486648]]]}},{"type":"Feature","properties":{"jobs":2,"pop":0,"pointCount":1,"homeWorkCommuteMedian":-1,"workHomeCommuteMedian":40566},"geometry":{"type":"Polygon","coordinates":[[[26.804025399066266,58.057811254876185],[26.804025399066266,58.06680445851343],[26.81301860270351,58.06680445851343],[26.81301860270351,58.057811254876185],[26.804025399066266,58.057811254876185]]]}},{"type":"Feature","properties":{"jobs":0,"pop":6,"pointCount":1,"homeWorkCommuteMedian":61277,"workHomeCommuteMedian":-1},"geometry":{"type":"Polygon","coordinates":[[[26.804025399066266,58.17472290216038],[26.804025399066266,58.18371610579763],[26.81301860270351,58.18371610579763],[26.81301860270351,58.17472290216038],[26.804025399066266,58.17472290216038]]]}},{"type":"Feature","properties":{"jobs":0,"pop":12,"pointCount":2,"homeWorkCommuteMedian":15552,"workHomeCommuteMedian":-1},"geometry":{"type":"Polygon","coordinates":[[[26.804025399066266,58.237675327621105],[26.804025399066266,58.24666853125835],[26.81301860270351,58.24666853125835],[26.81301860270351,58.237675327621105],[26.804025399066266,58.237675327621105]]]}},{"type":"Feature","properties":{"jobs":0,"pop":5,"pointCount":1,"homeWorkCommuteMedian":10054,"workHomeCommuteMedian":-1},"geometry":{"type":"Polygon","coordinates":[[[26.804025399066266,58.30962095671907],[26.804025399066266,58.31861416035632],[26.81301860270351,58.31861416035632],[26.81301860270351,58.30962095671907],[26.804025399066266,58.30962095671907]]]}},{"type":"Feature","properties":{"jobs":0,"pop":59,"pointCount":3,"homeWorkCommuteMedian":11266,"workHomeCommuteMedian":-1},"geometry":{"type":"Polygon","coordinates":[[[26.804025399066266,58.31861416035632],[26.804025399066266,58.327607363993565],[26.81301860270351,58.327607363993565],[26.81301860270351,58.31861416035632],[26.804025399066266,58.31861416035632]]]}},{"type":"Feature","properties":{"jobs":0,"pop":50,"pointCount":2,"homeWorkCommuteMedian":14628,"workHomeCommuteMedian":-1},"geometry":{"type":"Polygon","coordinates":[[[26.804025399066266,58.327607363993565],[26.804025399066266,58.33660056763081],[26.81301860270351,58.33660056763081],[26.81301860270351,58.327607363993565],[26.804025399066266,58.327607363993565]]]}},{"type":"Feature","properties":{"jobs":0,"pop":29,"pointCount":2,"homeWorkCommuteMedian":34631,"workHomeCommuteMedian":-1},"geometry":{"type":"Polygon","coordinates":[[[26.804025399066266,58.33660056763081],[26.804025399066266,58.34559377126806],[26.81301860270351,58.34559377126806],[26.81301860270351,58.33660056763081],[26.804025399066266,58.33660056763081]]]}},{"type":"Feature","properties":{"jobs":0,"pop":8,"pointCount":1,"homeWorkCommuteMedian":6546,"workHomeCommuteMedian":-1},"geometry":{"type":"Polygon","coordinates":[[[26.804025399066266,58.3545869749053],[26.804025399066266,58.36358017854255],[26.81301860270351,58.36358017854255],[26.81301860270351,58.3545869749053],[26.804025399066266,58.3545869749053]]]}},{"type":"Feature","properties":{"jobs":0,"pop":9,"pointCount":1,"homeWorkCommuteMedian":19481,"workHomeCommuteMedian":-1},"geometry":{"type":"Polygon","coordinates":[[[26.804025399066266,58.36358017854255],[26.804025399066266,58.372573382179795],[26.81301860270351,58.372573382179795],[26.81301860270351,58.36358017854255],[26.804025399066266,58.36358017854255]]]}},{"type":"Feature","properties":{"jobs":0,"pop":9,"pointCount":1,"homeWorkCommuteMedian":21428,"workHomeCommuteMedian":-1},"geometry":{"type":"Polygon","coordinates":[[[26.804025399066266,58.372573382179795],[26.804025399066266,58.38156658581704],[26.81301860270351,58.38156658581704],[26.81301860270351,58.372573382179795],[26.804025399066266,58.372573382179795]]]}},{"type":"Feature","properties":{"jobs":0,"pop":14,"pointCount":1,"homeWorkCommuteMedian":10381,"workHomeCommuteMedian":-1},"geometry":{"type":"Polygon","coordinates":[[[26.804025399066266,58.38156658581704],[26.804025399066266,58.39055978945429],[26.81301860270351,58.39055978945429],[26.81301860270351,58.38156658581704],[26.804025399066266,58.38156658581704]]]}},{"type":"Feature","properties":{"jobs":0,"pop":5,"pointCount":1,"homeWorkCommuteMedian":5511,"workHomeCommuteMedian":-1},"geometry":{"type":"Polygon","coordinates":[[[26.804025399066266,58.39055978945429],[26.804025399066266,58.39955299309153],[26.81301860270351,58.39955299309153],[26.81301860270351,58.39055978945429],[26.804025399066266,58.39055978945429]]]}},{"type":"Feature","properties":{"jobs":0,"pop":10,"pointCount":1,"homeWorkCommuteMedian":12968,"workHomeCommuteMedian":-1},"geometry":{"type":"Polygon","coordinates":[[[26.804025399066266,58.417539400366024],[26.804025399066266,58.42653260400327],[26.81301860270351,58.42653260400327],[26.81301860270351,58.417539400366024],[26.804025399066266,58.417539400366024]]]}},{"type":"Feature","properties":{"jobs":0,"pop":5,"pointCount":1,"homeWorkCommuteMedian":13267,"workHomeCommuteMedian":-1},"geometry":{"type":"Polygon","coordinates":[[[26.804025399066266,58.42653260400327],[26.804025399066266,58.435525807640516],[26.81301860270351,58.435525807640516],[26.81301860270351,58.42653260400327],[26.804025399066266,58.42653260400327]]]}},{"type":"Feature","properties":{"jobs":0,"pop":6,"pointCount":1,"homeWorkCommuteMedian":10365,"workHomeCommuteMedian":-1},"geometry":{"type":"Polygon","coordinates":[[[26.804025399066266,58.435525807640516],[26.804025399066266,58.44451901127776],[26.81301860270351,58.44451901127776],[26.81301860270351,58.435525807640516],[26.804025399066266,58.435525807640516]]]}},{"type":"Feature","properties":{"jobs":5,"pop":0,"pointCount":1,"homeWorkCommuteMedian":-1,"workHomeCommuteMedian":14237},"geometry":{"type":"Polygon","coordinates":[[[26.804025399066266,58.44451901127776],[26.804025399066266,58.45351221491501],[26.81301860270351,58.45351221491501],[26.81301860270351,58.44451901127776],[26.804025399066266,58.44451901127776]]]}},{"type":"Feature","properties":{"jobs":0,"pop":6,"pointCount":1,"homeWorkCommuteMedian":14658,"workHomeCommuteMedian":-1},"geometry":{"type":"Polygon","coordinates":[[[26.804025399066266,58.462505418552254],[26.804025399066266,58.4714986221895],[26.81301860270351,58.4714986221895],[26.81301860270351,58.462505418552254],[26.804025399066266,58.462505418552254]]]}},{"type":"Feature","properties":{"jobs":0,"pop":6,"pointCount":1,"homeWorkCommuteMedian":25655,"workHomeCommuteMedian":-1},"geometry":{"type":"Polygon","coordinates":[[[26.804025399066266,58.54344425128747],[26.804025399066266,58.552437454924714],[26.81301860270351,58.552437454924714],[26.81301860270351,58.54344425128747],[26.804025399066266,58.54344425128747]]]}},{"type":"Feature","properties":{"jobs":0,"pop":16,"pointCount":1,"homeWorkCommuteMedian":51944,"workHomeCommuteMedian":-1},"geometry":{"type":"Polygon","coordinates":[[[26.81301860270351,57.91391999668025],[26.81301860270351,57.922913200317495],[26.822011806340758,57.922913200317495],[26.822011806340758,57.91391999668025],[26.81301860270351,57.91391999668025]]]}},{"type":"Feature","properties":{"jobs":0,"pop":8,"pointCount":1,"homeWorkCommuteMedian":57365,"workHomeCommuteMedian":-1},"geometry":{"type":"Polygon","coordinates":[[[26.81301860270351,57.922913200317495],[26.81301860270351,57.93190640395474],[26.822011806340758,57.93190640395474],[26.822011806340758,57.922913200317495],[26.81301860270351,57.922913200317495]]]}},{"type":"Feature","properties":{"jobs":15,"pop":35,"pointCount":4,"homeWorkCommuteMedian":39484,"workHomeCommuteMedian":5110},"geometry":{"type":"Polygon","coordinates":[[[26.81301860270351,57.94989281122923],[26.81301860270351,57.95888601486648],[26.822011806340758,57.95888601486648],[26.822011806340758,57.94989281122923],[26.81301860270351,57.94989281122923]]]}},{"type":"Feature","properties":{"jobs":0,"pop":14,"pointCount":2,"homeWorkCommuteMedian":42949,"workHomeCommuteMedian":-1},"geometry":{"type":"Polygon","coordinates":[[[26.81301860270351,58.06680445851343],[26.81301860270351,58.07579766215068],[26.822011806340758,58.07579766215068],[26.822011806340758,58.06680445851343],[26.81301860270351,58.06680445851343]]]}},{"type":"Feature","properties":{"jobs":15,"pop":0,"pointCount":1,"homeWorkCommuteMedian":-1,"workHomeCommuteMedian":41788},"geometry":{"type":"Polygon","coordinates":[[[26.81301860270351,58.08479086578792],[26.81301860270351,58.09378406942517],[26.822011806340758,58.09378406942517],[26.822011806340758,58.08479086578792],[26.81301860270351,58.08479086578792]]]}},{"type":"Feature","properties":{"jobs":25,"pop":5,"pointCount":2,"homeWorkCommuteMedian":21953,"workHomeCommuteMedian":24841},"geometry":{"type":"Polygon","coordinates":[[[26.81301860270351,58.18371610579763],[26.81301860270351,58.192709309434875],[26.822011806340758,58.192709309434875],[26.822011806340758,58.18371610579763],[26.81301860270351,58.18371610579763]]]}},{"type":"Feature","properties":{"jobs":0,"pop":8,"pointCount":1,"homeWorkCommuteMedian":17323,"workHomeCommuteMedian":-1},"geometry":{"type":"Polygon","coordinates":[[[26.81301860270351,58.20170251307212],[26.81301860270351,58.21069571670937],[26.822011806340758,58.21069571670937],[26.822011806340758,58.20170251307212],[26.81301860270351,58.20170251307212]]]}},{"type":"Feature","properties":{"jobs":0,"pop":12,"pointCount":1,"homeWorkCommuteMedian":10590,"workHomeCommuteMedian":-1},"geometry":{"type":"Polygon","coordinates":[[[26.81301860270351,58.22868212398386],[26.81301860270351,58.237675327621105],[26.822011806340758,58.237675327621105],[26.822011806340758,58.22868212398386],[26.81301860270351,58.22868212398386]]]}},{"type":"Feature","properties":{"jobs":7,"pop":0,"pointCount":1,"homeWorkCommuteMedian":-1,"workHomeCommuteMedian":46768},"geometry":{"type":"Polygon","coordinates":[[[26.81301860270351,58.237675327621105],[26.81301860270351,58.24666853125835],[26.822011806340758,58.24666853125835],[26.822011806340758,58.237675327621105],[26.81301860270351,58.237675327621105]]]}},{"type":"Feature","properties":{"jobs":12,"pop":6,"pointCount":1,"homeWorkCommuteMedian":17881,"workHomeCommuteMedian":27485},"geometry":{"type":"Polygon","coordinates":[[[26.81301860270351,58.26465493853284],[26.81301860270351,58.27364814217009],[26.822011806340758,58.27364814217009],[26.822011806340758,58.26465493853284],[26.81301860270351,58.26465493853284]]]}},{"type":"Feature","properties":{"jobs":7,"pop":5,"pointCount":2,"homeWorkCommuteMedian":14392,"workHomeCommuteMedian":19146},"geometry":{"type":"Polygon","coordinates":[[[26.81301860270351,58.27364814217009],[26.81301860270351,58.282641345807335],[26.822011806340758,58.282641345807335],[26.822011806340758,58.27364814217009],[26.81301860270351,58.27364814217009]]]}},{"type":"Feature","properties":{"jobs":0,"pop":7,"pointCount":1,"homeWorkCommuteMedian":14477,"workHomeCommuteMedian":-1},"geometry":{"type":"Polygon","coordinates":[[[26.81301860270351,58.282641345807335],[26.81301860270351,58.29163454944458],[26.822011806340758,58.29163454944458],[26.822011806340758,58.282641345807335],[26.81301860270351,58.282641345807335]]]}},{"type":"Feature","properties":{"jobs":0,"pop":8,"pointCount":1,"homeWorkCommuteMedian":12433,"workHomeCommuteMedian":-1},"geometry":{"type":"Polygon","coordinates":[[[26.81301860270351,58.30062775308183],[26.81301860270351,58.30962095671907],[26.822011806340758,58.30962095671907],[26.822011806340758,58.30062775308183],[26.81301860270351,58.30062775308183]]]}},{"type":"Feature","properties":{"jobs":17,"pop":37,"pointCount":4,"homeWorkCommuteMedian":14306,"workHomeCommuteMedian":3234},"geometry":{"type":"Polygon","coordinates":[[[26.81301860270351,58.30962095671907],[26.81301860270351,58.31861416035632],[26.822011806340758,58.31861416035632],[26.822011806340758,58.30962095671907],[26.81301860270351,58.30962095671907]]]}},{"type":"Feature","properties":{"jobs":11,"pop":31,"pointCount":5,"homeWorkCommuteMedian":11879,"workHomeCommuteMedian":13184},"geometry":{"type":"Polygon","coordinates":[[[26.81301860270351,58.31861416035632],[26.81301860270351,58.327607363993565],[26.822011806340758,58.327607363993565],[26.822011806340758,58.31861416035632],[26.81301860270351,58.31861416035632]]]}},{"type":"Feature","properties":{"jobs":0,"pop":11,"pointCount":1,"homeWorkCommuteMedian":11581,"workHomeCommuteMedian":-1},"geometry":{"type":"Polygon","coordinates":[[[26.81301860270351,58.33660056763081],[26.81301860270351,58.34559377126806],[26.822011806340758,58.34559377126806],[26.822011806340758,58.33660056763081],[26.81301860270351,58.33660056763081]]]}},{"type":"Feature","properties":{"jobs":0,"pop":56,"pointCount":1,"homeWorkCommuteMedian":31796,"workHomeCommuteMedian":-1},"geometry":{"type":"Polygon","coordinates":[[[26.81301860270351,58.34559377126806],[26.81301860270351,58.3545869749053],[26.822011806340758,58.3545869749053],[26.822011806340758,58.34559377126806],[26.81301860270351,58.34559377126806]]]}},{"type":"Feature","properties":{"jobs":0,"pop":7,"pointCount":1,"homeWorkCommuteMedian":9684,"workHomeCommuteMedian":-1},"geometry":{"type":"Polygon","coordinates":[[[26.81301860270351,58.3545869749053],[26.81301860270351,58.36358017854255],[26.822011806340758,58.36358017854255],[26.822011806340758,58.3545869749053],[26.81301860270351,58.3545869749053]]]}},{"type":"Feature","properties":{"jobs":15,"pop":0,"pointCount":2,"homeWorkCommuteMedian":-1,"workHomeCommuteMedian":52192},"geometry":{"type":"Polygon","coordinates":[[[26.81301860270351,58.39055978945429],[26.81301860270351,58.39955299309153],[26.822011806340758,58.39955299309153],[26.822011806340758,58.39055978945429],[26.81301860270351,58.39055978945429]]]}},{"type":"Feature","properties":{"jobs":0,"pop":7,"pointCount":1,"homeWorkCommuteMedian":11140,"workHomeCommuteMedian":-1},"geometry":{"type":"Polygon","coordinates":[[[26.81301860270351,58.417539400366024],[26.81301860270351,58.42653260400327],[26.822011806340758,58.42653260400327],[26.822011806340758,58.417539400366024],[26.81301860270351,58.417539400366024]]]}},{"type":"Feature","properties":{"jobs":0,"pop":8,"pointCount":1,"homeWorkCommuteMedian":8162,"workHomeCommuteMedian":-1},"geometry":{"type":"Polygon","coordinates":[[[26.81301860270351,58.42653260400327],[26.81301860270351,58.435525807640516],[26.822011806340758,58.435525807640516],[26.822011806340758,58.42653260400327],[26.81301860270351,58.42653260400327]]]}},{"type":"Feature","properties":{"jobs":0,"pop":11,"pointCount":2,"homeWorkCommuteMedian":11109,"workHomeCommuteMedian":-1},"geometry":{"type":"Polygon","coordinates":[[[26.81301860270351,58.435525807640516],[26.81301860270351,58.44451901127776],[26.822011806340758,58.44451901127776],[26.822011806340758,58.435525807640516],[26.81301860270351,58.435525807640516]]]}},{"type":"Feature","properties":{"jobs":7,"pop":5,"pointCount":2,"homeWorkCommuteMedian":12048,"workHomeCommuteMedian":10747},"geometry":{"type":"Polygon","coordinates":[[[26.81301860270351,58.44451901127776],[26.81301860270351,58.45351221491501],[26.822011806340758,58.45351221491501],[26.822011806340758,58.44451901127776],[26.81301860270351,58.44451901127776]]]}},{"type":"Feature","properties":{"jobs":26,"pop":5,"pointCount":1,"homeWorkCommuteMedian":10577,"workHomeCommuteMedian":35786},"geometry":{"type":"Polygon","coordinates":[[[26.81301860270351,58.45351221491501],[26.81301860270351,58.462505418552254],[26.822011806340758,58.462505418552254],[26.822011806340758,58.45351221491501],[26.81301860270351,58.45351221491501]]]}},{"type":"Feature","properties":{"jobs":10,"pop":0,"pointCount":1,"homeWorkCommuteMedian":-1,"workHomeCommuteMedian":15807},"geometry":{"type":"Polygon","coordinates":[[[26.81301860270351,58.4714986221895],[26.81301860270351,58.480491825826746],[26.822011806340758,58.480491825826746],[26.822011806340758,58.4714986221895],[26.81301860270351,58.4714986221895]]]}},{"type":"Feature","properties":{"jobs":0,"pop":6,"pointCount":1,"homeWorkCommuteMedian":22651,"workHomeCommuteMedian":-1},"geometry":{"type":"Polygon","coordinates":[[[26.81301860270351,58.51646464037573],[26.81301860270351,58.525457844012976],[26.822011806340758,58.525457844012976],[26.822011806340758,58.51646464037573],[26.81301860270351,58.51646464037573]]]}},{"type":"Feature","properties":{"jobs":0,"pop":7,"pointCount":1,"homeWorkCommuteMedian":24048,"workHomeCommuteMedian":-1},"geometry":{"type":"Polygon","coordinates":[[[26.81301860270351,58.570423862199206],[26.81301860270351,58.57941706583645],[26.822011806340758,58.57941706583645],[26.822011806340758,58.570423862199206],[26.81301860270351,58.570423862199206]]]}},{"type":"Feature","properties":{"jobs":0,"pop":5,"pointCount":1,"homeWorkCommuteMedian":29317,"workHomeCommuteMedian":-1},"geometry":{"type":"Polygon","coordinates":[[[26.81301860270351,58.57941706583645],[26.81301860270351,58.5884102694737],[26.822011806340758,58.5884102694737],[26.822011806340758,58.57941706583645],[26.81301860270351,58.57941706583645]]]}},{"type":"Feature","properties":{"jobs":24,"pop":0,"pointCount":1,"homeWorkCommuteMedian":-1,"workHomeCommuteMedian":6827},"geometry":{"type":"Polygon","coordinates":[[[26.822011806340758,57.94089960759199],[26.822011806340758,57.94989281122923],[26.831005009978004,57.94989281122923],[26.831005009978004,57.94089960759199],[26.822011806340758,57.94089960759199]]]}},{"type":"Feature","properties":{"jobs":0,"pop":17,"pointCount":1,"homeWorkCommuteMedian":50889,"workHomeCommuteMedian":-1},"geometry":{"type":"Polygon","coordinates":[[[26.822011806340758,57.94989281122923],[26.822011806340758,57.95888601486648],[26.831005009978004,57.95888601486648],[26.831005009978004,57.94989281122923],[26.822011806340758,57.94989281122923]]]}},{"type":"Feature","properties":{"jobs":38,"pop":36,"pointCount":4,"homeWorkCommuteMedian":42825,"workHomeCommuteMedian":11679},"geometry":{"type":"Polygon","coordinates":[[[26.822011806340758,58.06680445851343],[26.822011806340758,58.07579766215068],[26.831005009978004,58.07579766215068],[26.831005009978004,58.06680445851343],[26.822011806340758,58.06680445851343]]]}},{"type":"Feature","properties":{"jobs":5,"pop":9,"pointCount":2,"homeWorkCommuteMedian":30850,"workHomeCommuteMedian":26121},"geometry":{"type":"Polygon","coordinates":[[[26.822011806340758,58.147743291248645],[26.822011806340758,58.15673649488589],[26.831005009978004,58.15673649488589],[26.831005009978004,58.147743291248645],[26.822011806340758,58.147743291248645]]]}},{"type":"Feature","properties":{"jobs":0,"pop":6,"pointCount":1,"homeWorkCommuteMedian":16490,"workHomeCommuteMedian":-1},"geometry":{"type":"Polygon","coordinates":[[[26.822011806340758,58.16572969852314],[26.822011806340758,58.17472290216038],[26.831005009978004,58.17472290216038],[26.831005009978004,58.16572969852314],[26.822011806340758,58.16572969852314]]]}},{"type":"Feature","properties":{"jobs":0,"pop":7,"pointCount":1,"homeWorkCommuteMedian":11421,"workHomeCommuteMedian":-1},"geometry":{"type":"Polygon","coordinates":[[[26.822011806340758,58.17472290216038],[26.822011806340758,58.18371610579763],[26.831005009978004,58.18371610579763],[26.831005009978004,58.17472290216038],[26.822011806340758,58.17472290216038]]]}},{"type":"Feature","properties":{"jobs":4,"pop":0,"pointCount":1,"homeWorkCommuteMedian":-1,"workHomeCommuteMedian":24417},"geometry":{"type":"Polygon","coordinates":[[[26.822011806340758,58.20170251307212],[26.822011806340758,58.21069571670937],[26.831005009978004,58.21069571670937],[26.831005009978004,58.20170251307212],[26.822011806340758,58.20170251307212]]]}},{"type":"Feature","properties":{"jobs":0,"pop":12,"pointCount":1,"homeWorkCommuteMedian":23986,"workHomeCommuteMedian":-1},"geometry":{"type":"Polygon","coordinates":[[[26.822011806340758,58.237675327621105],[26.822011806340758,58.24666853125835],[26.831005009978004,58.24666853125835],[26.831005009978004,58.237675327621105],[26.822011806340758,58.237675327621105]]]}},{"type":"Feature","properties":{"jobs":0,"pop":6,"pointCount":1,"homeWorkCommuteMedian":17116,"workHomeCommuteMedian":-1},"geometry":{"type":"Polygon","coordinates":[[[26.822011806340758,58.282641345807335],[26.822011806340758,58.29163454944458],[26.831005009978004,58.29163454944458],[26.831005009978004,58.282641345807335],[26.822011806340758,58.282641345807335]]]}},{"type":"Feature","properties":{"jobs":0,"pop":82,"pointCount":4,"homeWorkCommuteMedian":12723,"workHomeCommuteMedian":-1},"geometry":{"type":"Polygon","coordinates":[[[26.822011806340758,58.30962095671907],[26.822011806340758,58.31861416035632],[26.831005009978004,58.31861416035632],[26.831005009978004,58.30962095671907],[26.822011806340758,58.30962095671907]]]}},{"type":"Feature","properties":{"jobs":0,"pop":48,"pointCount":5,"homeWorkCommuteMedian":11947,"workHomeCommuteMedian":-1},"geometry":{"type":"Polygon","coordinates":[[[26.822011806340758,58.31861416035632],[26.822011806340758,58.327607363993565],[26.831005009978004,58.327607363993565],[26.831005009978004,58.31861416035632],[26.822011806340758,58.31861416035632]]]}},{"type":"Feature","properties":{"jobs":0,"pop":72,"pointCount":6,"homeWorkCommuteMedian":8782,"workHomeCommuteMedian":-1},"geometry":{"type":"Polygon","coordinates":[[[26.822011806340758,58.34559377126806],[26.822011806340758,58.3545869749053],[26.831005009978004,58.3545869749053],[26.831005009978004,58.34559377126806],[26.822011806340758,58.34559377126806]]]}},{"type":"Feature","properties":{"jobs":0,"pop":17,"pointCount":1,"homeWorkCommuteMedian":8631,"workHomeCommuteMedian":-1},"geometry":{"type":"Polygon","coordinates":[[[26.822011806340758,58.36358017854255],[26.822011806340758,58.372573382179795],[26.831005009978004,58.372573382179795],[26.831005009978004,58.36358017854255],[26.822011806340758,58.36358017854255]]]}},{"type":"Feature","properties":{"jobs":12,"pop":29,"pointCount":3,"homeWorkCommuteMedian":12774,"workHomeCommuteMedian":10307},"geometry":{"type":"Polygon","coordinates":[[[26.822011806340758,58.372573382179795],[26.822011806340758,58.38156658581704],[26.831005009978004,58.38156658581704],[26.831005009978004,58.372573382179795],[26.822011806340758,58.372573382179795]]]}},{"type":"Feature","properties":{"jobs":7,"pop":15,"pointCount":2,"homeWorkCommuteMedian":14902,"workHomeCommuteMedian":10114},"geometry":{"type":"Polygon","coordinates":[[[26.822011806340758,58.39055978945429],[26.822011806340758,58.39955299309153],[26.831005009978004,58.39955299309153],[26.831005009978004,58.39055978945429],[26.822011806340758,58.39055978945429]]]}},{"type":"Feature","properties":{"jobs":34,"pop":0,"pointCount":1,"homeWorkCommuteMedian":-1,"workHomeCommuteMedian":49614},"geometry":{"type":"Polygon","coordinates":[[[26.822011806340758,58.39955299309153],[26.822011806340758,58.40854619672878],[26.831005009978004,58.40854619672878],[26.831005009978004,58.39955299309153],[26.822011806340758,58.39955299309153]]]}},{"type":"Feature","properties":{"jobs":43,"pop":0,"pointCount":1,"homeWorkCommuteMedian":-1,"workHomeCommuteMedian":12810},"geometry":{"type":"Polygon","coordinates":[[[26.822011806340758,58.435525807640516],[26.822011806340758,58.44451901127776],[26.831005009978004,58.44451901127776],[26.831005009978004,58.435525807640516],[26.822011806340758,58.435525807640516]]]}},{"type":"Feature","properties":{"jobs":0,"pop":25,"pointCount":2,"homeWorkCommuteMedian":11543,"workHomeCommuteMedian":-1},"geometry":{"type":"Polygon","coordinates":[[[26.822011806340758,58.44451901127776],[26.822011806340758,58.45351221491501],[26.831005009978004,58.45351221491501],[26.831005009978004,58.44451901127776],[26.822011806340758,58.44451901127776]]]}},{"type":"Feature","properties":{"jobs":18,"pop":0,"pointCount":1,"homeWorkCommuteMedian":-1,"workHomeCommuteMedian":16604},"geometry":{"type":"Polygon","coordinates":[[[26.822011806340758,58.462505418552254],[26.822011806340758,58.4714986221895],[26.831005009978004,58.4714986221895],[26.831005009978004,58.462505418552254],[26.822011806340758,58.462505418552254]]]}},{"type":"Feature","properties":{"jobs":0,"pop":13,"pointCount":1,"homeWorkCommuteMedian":16742,"workHomeCommuteMedian":-1},"geometry":{"type":"Polygon","coordinates":[[[26.822011806340758,58.4714986221895],[26.822011806340758,58.480491825826746],[26.831005009978004,58.480491825826746],[26.831005009978004,58.4714986221895],[26.822011806340758,58.4714986221895]]]}},{"type":"Feature","properties":{"jobs":9,"pop":22,"pointCount":2,"homeWorkCommuteMedian":51988,"workHomeCommuteMedian":18158},"geometry":{"type":"Polygon","coordinates":[[[26.831005009978004,57.967879218503725],[26.831005009978004,57.97687242214097],[26.83999821361525,57.97687242214097],[26.83999821361525,57.967879218503725],[26.831005009978004,57.967879218503725]]]}},{"type":"Feature","properties":{"jobs":3,"pop":26,"pointCount":3,"homeWorkCommuteMedian":51592,"workHomeCommuteMedian":8280},"geometry":{"type":"Polygon","coordinates":[[[26.831005009978004,58.00385203305271],[26.831005009978004,58.012845236689955],[26.83999821361525,58.012845236689955],[26.83999821361525,58.00385203305271],[26.831005009978004,58.00385203305271]]]}},{"type":"Feature","properties":{"jobs":0,"pop":13,"pointCount":1,"homeWorkCommuteMedian":41201,"workHomeCommuteMedian":-1},"geometry":{"type":"Polygon","coordinates":[[[26.831005009978004,58.057811254876185],[26.831005009978004,58.06680445851343],[26.83999821361525,58.06680445851343],[26.83999821361525,58.057811254876185],[26.831005009978004,58.057811254876185]]]}},{"type":"Feature","properties":{"jobs":36,"pop":116,"pointCount":8,"homeWorkCommuteMedian":41505,"workHomeCommuteMedian":24091},"geometry":{"type":"Polygon","coordinates":[[[26.831005009978004,58.06680445851343],[26.831005009978004,58.07579766215068],[26.83999821361525,58.07579766215068],[26.83999821361525,58.06680445851343],[26.831005009978004,58.06680445851343]]]}},{"type":"Feature","properties":{"jobs":0,"pop":6,"pointCount":1,"homeWorkCommuteMedian":43866,"workHomeCommuteMedian":-1},"geometry":{"type":"Polygon","coordinates":[[[26.831005009978004,58.07579766215068],[26.831005009978004,58.08479086578792],[26.83999821361525,58.08479086578792],[26.83999821361525,58.07579766215068],[26.831005009978004,58.07579766215068]]]}},{"type":"Feature","properties":{"jobs":0,"pop":6,"pointCount":1,"homeWorkCommuteMedian":26766,"workHomeCommuteMedian":-1},"geometry":{"type":"Polygon","coordinates":[[[26.831005009978004,58.17472290216038],[26.831005009978004,58.18371610579763],[26.83999821361525,58.18371610579763],[26.83999821361525,58.17472290216038],[26.831005009978004,58.17472290216038]]]}},{"type":"Feature","properties":{"jobs":0,"pop":7,"pointCount":1,"homeWorkCommuteMedian":25973,"workHomeCommuteMedian":-1},"geometry":{"type":"Polygon","coordinates":[[[26.831005009978004,58.20170251307212],[26.831005009978004,58.21069571670937],[26.83999821361525,58.21069571670937],[26.83999821361525,58.20170251307212],[26.831005009978004,58.20170251307212]]]}},{"type":"Feature","properties":{"jobs":0,"pop":5,"pointCount":1,"homeWorkCommuteMedian":57072,"workHomeCommuteMedian":-1},"geometry":{"type":"Polygon","coordinates":[[[26.831005009978004,58.26465493853284],[26.831005009978004,58.27364814217009],[26.83999821361525,58.27364814217009],[26.83999821361525,58.26465493853284],[26.831005009978004,58.26465493853284]]]}},{"type":"Feature","properties":{"jobs":14,"pop":52,"pointCount":7,"homeWorkCommuteMedian":11688,"workHomeCommuteMedian":3371},"geometry":{"type":"Polygon","coordinates":[[[26.831005009978004,58.30962095671907],[26.831005009978004,58.31861416035632],[26.83999821361525,58.31861416035632],[26.83999821361525,58.30962095671907],[26.831005009978004,58.30962095671907]]]}},{"type":"Feature","properties":{"jobs":0,"pop":8,"pointCount":1,"homeWorkCommuteMedian":16998,"workHomeCommuteMedian":-1},"geometry":{"type":"Polygon","coordinates":[[[26.831005009978004,58.327607363993565],[26.831005009978004,58.33660056763081],[26.83999821361525,58.33660056763081],[26.83999821361525,58.327607363993565],[26.831005009978004,58.327607363993565]]]}},{"type":"Feature","properties":{"jobs":23,"pop":0,"pointCount":1,"homeWorkCommuteMedian":-1,"workHomeCommuteMedian":49068},"geometry":{"type":"Polygon","coordinates":[[[26.831005009978004,58.33660056763081],[26.831005009978004,58.34559377126806],[26.83999821361525,58.34559377126806],[26.83999821361525,58.33660056763081],[26.831005009978004,58.33660056763081]]]}},{"type":"Feature","properties":{"jobs":0,"pop":14,"pointCount":1,"homeWorkCommuteMedian":10408,"workHomeCommuteMedian":-1},"geometry":{"type":"Polygon","coordinates":[[[26.831005009978004,58.34559377126806],[26.831005009978004,58.3545869749053],[26.83999821361525,58.3545869749053],[26.83999821361525,58.34559377126806],[26.831005009978004,58.34559377126806]]]}},{"type":"Feature","properties":{"jobs":0,"pop":32,"pointCount":1,"homeWorkCommuteMedian":12700,"workHomeCommuteMedian":-1},"geometry":{"type":"Polygon","coordinates":[[[26.831005009978004,58.3545869749053],[26.831005009978004,58.36358017854255],[26.83999821361525,58.36358017854255],[26.83999821361525,58.3545869749053],[26.831005009978004,58.3545869749053]]]}},{"type":"Feature","properties":{"jobs":0,"pop":13,"pointCount":1,"homeWorkCommuteMedian":11139,"workHomeCommuteMedian":-1},"geometry":{"type":"Polygon","coordinates":[[[26.831005009978004,58.36358017854255],[26.831005009978004,58.372573382179795],[26.83999821361525,58.372573382179795],[26.83999821361525,58.36358017854255],[26.831005009978004,58.36358017854255]]]}},{"type":"Feature","properties":{"jobs":0,"pop":5,"pointCount":1,"homeWorkCommuteMedian":9795,"workHomeCommuteMedian":-1},"geometry":{"type":"Polygon","coordinates":[[[26.831005009978004,58.38156658581704],[26.831005009978004,58.39055978945429],[26.83999821361525,58.39055978945429],[26.83999821361525,58.38156658581704],[26.831005009978004,58.38156658581704]]]}},{"type":"Feature","properties":{"jobs":0,"pop":13,"pointCount":2,"homeWorkCommuteMedian":7839,"workHomeCommuteMedian":-1},"geometry":{"type":"Polygon","coordinates":[[[26.831005009978004,58.42653260400327],[26.831005009978004,58.435525807640516],[26.83999821361525,58.435525807640516],[26.83999821361525,58.42653260400327],[26.831005009978004,58.42653260400327]]]}},{"type":"Feature","properties":{"jobs":31,"pop":0,"pointCount":1,"homeWorkCommuteMedian":-1,"workHomeCommuteMedian":21590},"geometry":{"type":"Polygon","coordinates":[[[26.831005009978004,58.435525807640516],[26.831005009978004,58.44451901127776],[26.83999821361525,58.44451901127776],[26.83999821361525,58.435525807640516],[26.831005009978004,58.435525807640516]]]}},{"type":"Feature","properties":{"jobs":0,"pop":13,"pointCount":1,"homeWorkCommuteMedian":8283,"workHomeCommuteMedian":-1},"geometry":{"type":"Polygon","coordinates":[[[26.831005009978004,58.44451901127776],[26.831005009978004,58.45351221491501],[26.83999821361525,58.45351221491501],[26.83999821361525,58.44451901127776],[26.831005009978004,58.44451901127776]]]}},{"type":"Feature","properties":{"jobs":13,"pop":11,"pointCount":3,"homeWorkCommuteMedian":15184,"workHomeCommuteMedian":23328},"geometry":{"type":"Polygon","coordinates":[[[26.831005009978004,58.462505418552254],[26.831005009978004,58.4714986221895],[26.83999821361525,58.4714986221895],[26.83999821361525,58.462505418552254],[26.831005009978004,58.462505418552254]]]}},{"type":"Feature","properties":{"jobs":0,"pop":6,"pointCount":1,"homeWorkCommuteMedian":29155,"workHomeCommuteMedian":-1},"geometry":{"type":"Polygon","coordinates":[[[26.831005009978004,58.49847823310124],[26.831005009978004,58.507471436738484],[26.83999821361525,58.507471436738484],[26.83999821361525,58.49847823310124],[26.831005009978004,58.49847823310124]]]}},{"type":"Feature","properties":{"jobs":24,"pop":0,"pointCount":1,"homeWorkCommuteMedian":-1,"workHomeCommuteMedian":14347},"geometry":{"type":"Polygon","coordinates":[[[26.83999821361525,58.057811254876185],[26.83999821361525,58.06680445851343],[26.848991417252495,58.06680445851343],[26.848991417252495,58.057811254876185],[26.83999821361525,58.057811254876185]]]}},{"type":"Feature","properties":{"jobs":24,"pop":35,"pointCount":2,"homeWorkCommuteMedian":41021,"workHomeCommuteMedian":13542},"geometry":{"type":"Polygon","coordinates":[[[26.83999821361525,58.06680445851343],[26.83999821361525,58.07579766215068],[26.848991417252495,58.07579766215068],[26.848991417252495,58.06680445851343],[26.83999821361525,58.06680445851343]]]}},{"type":"Feature","properties":{"jobs":10,"pop":0,"pointCount":1,"homeWorkCommuteMedian":-1,"workHomeCommuteMedian":30314},"geometry":{"type":"Polygon","coordinates":[[[26.83999821361525,58.15673649488589],[26.83999821361525,58.16572969852314],[26.848991417252495,58.16572969852314],[26.848991417252495,58.15673649488589],[26.83999821361525,58.15673649488589]]]}},{"type":"Feature","properties":{"jobs":12,"pop":20,"pointCount":3,"homeWorkCommuteMedian":20028,"workHomeCommuteMedian":47639},"geometry":{"type":"Polygon","coordinates":[[[26.83999821361525,58.2556617348956],[26.83999821361525,58.26465493853284],[26.848991417252495,58.26465493853284],[26.848991417252495,58.2556617348956],[26.83999821361525,58.2556617348956]]]}},{"type":"Feature","properties":{"jobs":7,"pop":0,"pointCount":1,"homeWorkCommuteMedian":-1,"workHomeCommuteMedian":21428},"geometry":{"type":"Polygon","coordinates":[[[26.83999821361525,58.26465493853284],[26.83999821361525,58.27364814217009],[26.848991417252495,58.27364814217009],[26.848991417252495,58.26465493853284],[26.83999821361525,58.26465493853284]]]}},{"type":"Feature","properties":{"jobs":0,"pop":5,"pointCount":1,"homeWorkCommuteMedian":14873,"workHomeCommuteMedian":-1},"geometry":{"type":"Polygon","coordinates":[[[26.83999821361525,58.29163454944458],[26.83999821361525,58.30062775308183],[26.848991417252495,58.30062775308183],[26.848991417252495,58.29163454944458],[26.83999821361525,58.29163454944458]]]}},{"type":"Feature","properties":{"jobs":14,"pop":0,"pointCount":1,"homeWorkCommuteMedian":-1,"workHomeCommuteMedian":12559},"geometry":{"type":"Polygon","coordinates":[[[26.83999821361525,58.30062775308183],[26.83999821361525,58.30962095671907],[26.848991417252495,58.30962095671907],[26.848991417252495,58.30062775308183],[26.83999821361525,58.30062775308183]]]}},{"type":"Feature","properties":{"jobs":0,"pop":24,"pointCount":3,"homeWorkCommuteMedian":40533,"workHomeCommuteMedian":-1},"geometry":{"type":"Polygon","coordinates":[[[26.83999821361525,58.30962095671907],[26.83999821361525,58.31861416035632],[26.848991417252495,58.31861416035632],[26.848991417252495,58.30962095671907],[26.83999821361525,58.30962095671907]]]}},{"type":"Feature","properties":{"jobs":0,"pop":7,"pointCount":1,"homeWorkCommuteMedian":22114,"workHomeCommuteMedian":-1},"geometry":{"type":"Polygon","coordinates":[[[26.83999821361525,58.31861416035632],[26.83999821361525,58.327607363993565],[26.848991417252495,58.327607363993565],[26.848991417252495,58.31861416035632],[26.83999821361525,58.31861416035632]]]}},{"type":"Feature","properties":{"jobs":31,"pop":0,"pointCount":2,"homeWorkCommuteMedian":-1,"workHomeCommuteMedian":17573},"geometry":{"type":"Polygon","coordinates":[[[26.83999821361525,58.33660056763081],[26.83999821361525,58.34559377126806],[26.848991417252495,58.34559377126806],[26.848991417252495,58.33660056763081],[26.83999821361525,58.33660056763081]]]}},{"type":"Feature","properties":{"jobs":5,"pop":7,"pointCount":2,"homeWorkCommuteMedian":15566,"workHomeCommuteMedian":7007},"geometry":{"type":"Polygon","coordinates":[[[26.83999821361525,58.3545869749053],[26.83999821361525,58.36358017854255],[26.848991417252495,58.36358017854255],[26.848991417252495,58.3545869749053],[26.83999821361525,58.3545869749053]]]}},{"type":"Feature","properties":{"jobs":0,"pop":119,"pointCount":7,"homeWorkCommuteMedian":9296,"workHomeCommuteMedian":-1},"geometry":{"type":"Polygon","coordinates":[[[26.83999821361525,58.36358017854255],[26.83999821361525,58.372573382179795],[26.848991417252495,58.372573382179795],[26.848991417252495,58.36358017854255],[26.83999821361525,58.36358017854255]]]}},{"type":"Feature","properties":{"jobs":0,"pop":38,"pointCount":1,"homeWorkCommuteMedian":16971,"workHomeCommuteMedian":-1},"geometry":{"type":"Polygon","coordinates":[[[26.83999821361525,58.42653260400327],[26.83999821361525,58.435525807640516],[26.848991417252495,58.435525807640516],[26.848991417252495,58.42653260400327],[26.83999821361525,58.42653260400327]]]}},{"type":"Feature","properties":{"jobs":5,"pop":0,"pointCount":1,"homeWorkCommuteMedian":-1,"workHomeCommuteMedian":13424},"geometry":{"type":"Polygon","coordinates":[[[26.83999821361525,58.435525807640516],[26.83999821361525,58.44451901127776],[26.848991417252495,58.44451901127776],[26.848991417252495,58.435525807640516],[26.83999821361525,58.435525807640516]]]}},{"type":"Feature","properties":{"jobs":6,"pop":10,"pointCount":2,"homeWorkCommuteMedian":22872,"workHomeCommuteMedian":15285},"geometry":{"type":"Polygon","coordinates":[[[26.83999821361525,58.44451901127776],[26.83999821361525,58.45351221491501],[26.848991417252495,58.45351221491501],[26.848991417252495,58.44451901127776],[26.83999821361525,58.44451901127776]]]}},{"type":"Feature","properties":{"jobs":0,"pop":49,"pointCount":2,"homeWorkCommuteMedian":13663,"workHomeCommuteMedian":-1},"geometry":{"type":"Polygon","coordinates":[[[26.83999821361525,58.4714986221895],[26.83999821361525,58.480491825826746],[26.848991417252495,58.480491825826746],[26.848991417252495,58.4714986221895],[26.83999821361525,58.4714986221895]]]}},{"type":"Feature","properties":{"jobs":0,"pop":6,"pointCount":1,"homeWorkCommuteMedian":24800,"workHomeCommuteMedian":-1},"geometry":{"type":"Polygon","coordinates":[[[26.83999821361525,58.49847823310124],[26.83999821361525,58.507471436738484],[26.848991417252495,58.507471436738484],[26.848991417252495,58.49847823310124],[26.83999821361525,58.49847823310124]]]}},{"type":"Feature","properties":{"jobs":0,"pop":6,"pointCount":1,"homeWorkCommuteMedian":28750,"workHomeCommuteMedian":-1},"geometry":{"type":"Polygon","coordinates":[[[26.83999821361525,58.56143065856196],[26.83999821361525,58.570423862199206],[26.848991417252495,58.570423862199206],[26.848991417252495,58.56143065856196],[26.83999821361525,58.56143065856196]]]}},{"type":"Feature","properties":{"jobs":0,"pop":6,"pointCount":1,"homeWorkCommuteMedian":7843,"workHomeCommuteMedian":-1},"geometry":{"type":"Polygon","coordinates":[[[26.848991417252495,57.95888601486648],[26.848991417252495,57.967879218503725],[26.85798462088974,57.967879218503725],[26.85798462088974,57.95888601486648],[26.848991417252495,57.95888601486648]]]}},{"type":"Feature","properties":{"jobs":0,"pop":3,"pointCount":1,"homeWorkCommuteMedian":18366,"workHomeCommuteMedian":-1},"geometry":{"type":"Polygon","coordinates":[[[26.848991417252495,57.97687242214097],[26.848991417252495,57.98586562577822],[26.85798462088974,57.98586562577822],[26.85798462088974,57.97687242214097],[26.848991417252495,57.97687242214097]]]}},{"type":"Feature","properties":{"jobs":10,"pop":0,"pointCount":1,"homeWorkCommuteMedian":-1,"workHomeCommuteMedian":56060},"geometry":{"type":"Polygon","coordinates":[[[26.848991417252495,57.98586562577822],[26.848991417252495,57.99485882941546],[26.85798462088974,57.99485882941546],[26.85798462088974,57.98586562577822],[26.848991417252495,57.98586562577822]]]}},{"type":"Feature","properties":{"jobs":0,"pop":5,"pointCount":1,"homeWorkCommuteMedian":7825,"workHomeCommuteMedian":-1},"geometry":{"type":"Polygon","coordinates":[[[26.848991417252495,58.147743291248645],[26.848991417252495,58.15673649488589],[26.85798462088974,58.15673649488589],[26.85798462088974,58.147743291248645],[26.848991417252495,58.147743291248645]]]}},{"type":"Feature","properties":{"jobs":0,"pop":6,"pointCount":1,"homeWorkCommuteMedian":25656,"workHomeCommuteMedian":-1},"geometry":{"type":"Polygon","coordinates":[[[26.848991417252495,58.24666853125835],[26.848991417252495,58.2556617348956],[26.85798462088974,58.2556617348956],[26.85798462088974,58.24666853125835],[26.848991417252495,58.24666853125835]]]}},{"type":"Feature","properties":{"jobs":0,"pop":6,"pointCount":1,"homeWorkCommuteMedian":8435,"workHomeCommuteMedian":-1},"geometry":{"type":"Polygon","coordinates":[[[26.848991417252495,58.2556617348956],[26.848991417252495,58.26465493853284],[26.85798462088974,58.26465493853284],[26.85798462088974,58.2556617348956],[26.848991417252495,58.2556617348956]]]}},{"type":"Feature","properties":{"jobs":9,"pop":6,"pointCount":1,"homeWorkCommuteMedian":12695,"workHomeCommuteMedian":11354},"geometry":{"type":"Polygon","coordinates":[[[26.848991417252495,58.29163454944458],[26.848991417252495,58.30062775308183],[26.85798462088974,58.30062775308183],[26.85798462088974,58.29163454944458],[26.848991417252495,58.29163454944458]]]}},{"type":"Feature","properties":{"jobs":0,"pop":8,"pointCount":1,"homeWorkCommuteMedian":14264,"workHomeCommuteMedian":-1},"geometry":{"type":"Polygon","coordinates":[[[26.848991417252495,58.30062775308183],[26.848991417252495,58.30962095671907],[26.85798462088974,58.30962095671907],[26.85798462088974,58.30062775308183],[26.848991417252495,58.30062775308183]]]}},{"type":"Feature","properties":{"jobs":0,"pop":6,"pointCount":1,"homeWorkCommuteMedian":13745,"workHomeCommuteMedian":-1},"geometry":{"type":"Polygon","coordinates":[[[26.848991417252495,58.30962095671907],[26.848991417252495,58.31861416035632],[26.85798462088974,58.31861416035632],[26.85798462088974,58.30962095671907],[26.848991417252495,58.30962095671907]]]}},{"type":"Feature","properties":{"jobs":0,"pop":7,"pointCount":1,"homeWorkCommuteMedian":71986,"workHomeCommuteMedian":-1},"geometry":{"type":"Polygon","coordinates":[[[26.848991417252495,58.34559377126806],[26.848991417252495,58.3545869749053],[26.85798462088974,58.3545869749053],[26.85798462088974,58.34559377126806],[26.848991417252495,58.34559377126806]]]}},{"type":"Feature","properties":{"jobs":0,"pop":8,"pointCount":1,"homeWorkCommuteMedian":9475,"workHomeCommuteMedian":-1},"geometry":{"type":"Polygon","coordinates":[[[26.848991417252495,58.36358017854255],[26.848991417252495,58.372573382179795],[26.85798462088974,58.372573382179795],[26.85798462088974,58.36358017854255],[26.848991417252495,58.36358017854255]]]}},{"type":"Feature","properties":{"jobs":0,"pop":8,"pointCount":1,"homeWorkCommuteMedian":11046,"workHomeCommuteMedian":-1},"geometry":{"type":"Polygon","coordinates":[[[26.848991417252495,58.372573382179795],[26.848991417252495,58.38156658581704],[26.85798462088974,58.38156658581704],[26.85798462088974,58.372573382179795],[26.848991417252495,58.372573382179795]]]}},{"type":"Feature","properties":{"jobs":0,"pop":8,"pointCount":1,"homeWorkCommuteMedian":24797,"workHomeCommuteMedian":-1},"geometry":{"type":"Polygon","coordinates":[[[26.848991417252495,58.39055978945429],[26.848991417252495,58.39955299309153],[26.85798462088974,58.39955299309153],[26.85798462088974,58.39055978945429],[26.848991417252495,58.39055978945429]]]}},{"type":"Feature","properties":{"jobs":0,"pop":12,"pointCount":1,"homeWorkCommuteMedian":16258,"workHomeCommuteMedian":-1},"geometry":{"type":"Polygon","coordinates":[[[26.848991417252495,58.417539400366024],[26.848991417252495,58.42653260400327],[26.85798462088974,58.42653260400327],[26.85798462088974,58.417539400366024],[26.848991417252495,58.417539400366024]]]}},{"type":"Feature","properties":{"jobs":10,"pop":0,"pointCount":1,"homeWorkCommuteMedian":-1,"workHomeCommuteMedian":13862},"geometry":{"type":"Polygon","coordinates":[[[26.848991417252495,58.42653260400327],[26.848991417252495,58.435525807640516],[26.85798462088974,58.435525807640516],[26.85798462088974,58.42653260400327],[26.848991417252495,58.42653260400327]]]}},{"type":"Feature","properties":{"jobs":0,"pop":7,"pointCount":1,"homeWorkCommuteMedian":65970,"workHomeCommuteMedian":-1},"geometry":{"type":"Polygon","coordinates":[[[26.848991417252495,58.45351221491501],[26.848991417252495,58.462505418552254],[26.85798462088974,58.462505418552254],[26.85798462088974,58.45351221491501],[26.848991417252495,58.45351221491501]]]}},{"type":"Feature","properties":{"jobs":0,"pop":8,"pointCount":1,"homeWorkCommuteMedian":19106,"workHomeCommuteMedian":-1},"geometry":{"type":"Polygon","coordinates":[[[26.848991417252495,58.462505418552254],[26.848991417252495,58.4714986221895],[26.85798462088974,58.4714986221895],[26.85798462088974,58.462505418552254],[26.848991417252495,58.462505418552254]]]}},{"type":"Feature","properties":{"jobs":6,"pop":0,"pointCount":1,"homeWorkCommuteMedian":-1,"workHomeCommuteMedian":5843},"geometry":{"type":"Polygon","coordinates":[[[26.848991417252495,58.4714986221895],[26.848991417252495,58.480491825826746],[26.85798462088974,58.480491825826746],[26.85798462088974,58.4714986221895],[26.848991417252495,58.4714986221895]]]}},{"type":"Feature","properties":{"jobs":0,"pop":5,"pointCount":1,"homeWorkCommuteMedian":4505,"workHomeCommuteMedian":-1},"geometry":{"type":"Polygon","coordinates":[[[26.848991417252495,58.56143065856196],[26.848991417252495,58.570423862199206],[26.85798462088974,58.570423862199206],[26.85798462088974,58.56143065856196],[26.848991417252495,58.56143065856196]]]}},{"type":"Feature","properties":{"jobs":0,"pop":6,"pointCount":1,"homeWorkCommuteMedian":62847,"workHomeCommuteMedian":-1},"geometry":{"type":"Polygon","coordinates":[[[26.85798462088974,57.94089960759199],[26.85798462088974,57.94989281122923],[26.866977824526987,57.94989281122923],[26.866977824526987,57.94089960759199],[26.85798462088974,57.94089960759199]]]}},{"type":"Feature","properties":{"jobs":7,"pop":17,"pointCount":2,"homeWorkCommuteMedian":56740,"workHomeCommuteMedian":21739},"geometry":{"type":"Polygon","coordinates":[[[26.85798462088974,57.94989281122923],[26.85798462088974,57.95888601486648],[26.866977824526987,57.95888601486648],[26.866977824526987,57.94989281122923],[26.85798462088974,57.94989281122923]]]}},{"type":"Feature","properties":{"jobs":0,"pop":6,"pointCount":1,"homeWorkCommuteMedian":76873,"workHomeCommuteMedian":-1},"geometry":{"type":"Polygon","coordinates":[[[26.85798462088974,57.97687242214097],[26.85798462088974,57.98586562577822],[26.866977824526987,57.98586562577822],[26.866977824526987,57.97687242214097],[26.85798462088974,57.97687242214097]]]}},{"type":"Feature","properties":{"jobs":9,"pop":7,"pointCount":2,"homeWorkCommuteMedian":45601,"workHomeCommuteMedian":67760},"geometry":{"type":"Polygon","coordinates":[[[26.85798462088974,58.03982484760169],[26.85798462088974,58.04881805123894],[26.866977824526987,58.04881805123894],[26.866977824526987,58.03982484760169],[26.85798462088974,58.03982484760169]]]}},{"type":"Feature","properties":{"jobs":0,"pop":16,"pointCount":2,"homeWorkCommuteMedian":46169,"workHomeCommuteMedian":-1},"geometry":{"type":"Polygon","coordinates":[[[26.85798462088974,58.07579766215068],[26.85798462088974,58.08479086578792],[26.866977824526987,58.08479086578792],[26.866977824526987,58.07579766215068],[26.85798462088974,58.07579766215068]]]}},{"type":"Feature","properties":{"jobs":6,"pop":7,"pointCount":1,"homeWorkCommuteMedian":20149,"workHomeCommuteMedian":29028},"geometry":{"type":"Polygon","coordinates":[[[26.85798462088974,58.17472290216038],[26.85798462088974,58.18371610579763],[26.866977824526987,58.18371610579763],[26.866977824526987,58.17472290216038],[26.85798462088974,58.17472290216038]]]}},{"type":"Feature","properties":{"jobs":0,"pop":5,"pointCount":1,"homeWorkCommuteMedian":46621,"workHomeCommuteMedian":-1},"geometry":{"type":"Polygon","coordinates":[[[26.85798462088974,58.237675327621105],[26.85798462088974,58.24666853125835],[26.866977824526987,58.24666853125835],[26.866977824526987,58.237675327621105],[26.85798462088974,58.237675327621105]]]}},{"type":"Feature","properties":{"jobs":18,"pop":39,"pointCount":3,"homeWorkCommuteMedian":12810,"workHomeCommuteMedian":15535},"geometry":{"type":"Polygon","coordinates":[[[26.85798462088974,58.29163454944458],[26.85798462088974,58.30062775308183],[26.866977824526987,58.30062775308183],[26.866977824526987,58.29163454944458],[26.85798462088974,58.29163454944458]]]}},{"type":"Feature","properties":{"jobs":73,"pop":0,"pointCount":4,"homeWorkCommuteMedian":-1,"workHomeCommuteMedian":12538},"geometry":{"type":"Polygon","coordinates":[[[26.85798462088974,58.30062775308183],[26.85798462088974,58.30962095671907],[26.866977824526987,58.30962095671907],[26.866977824526987,58.30062775308183],[26.85798462088974,58.30062775308183]]]}},{"type":"Feature","properties":{"jobs":0,"pop":18,"pointCount":1,"homeWorkCommuteMedian":13060,"workHomeCommuteMedian":-1},"geometry":{"type":"Polygon","coordinates":[[[26.85798462088974,58.34559377126806],[26.85798462088974,58.3545869749053],[26.866977824526987,58.3545869749053],[26.866977824526987,58.34559377126806],[26.85798462088974,58.34559377126806]]]}},{"type":"Feature","properties":{"jobs":6,"pop":5,"pointCount":2,"homeWorkCommuteMedian":11247,"workHomeCommuteMedian":14973},"geometry":{"type":"Polygon","coordinates":[[[26.85798462088974,58.372573382179795],[26.85798462088974,58.38156658581704],[26.866977824526987,58.38156658581704],[26.866977824526987,58.372573382179795],[26.85798462088974,58.372573382179795]]]}},{"type":"Feature","properties":{"jobs":0,"pop":8,"pointCount":1,"homeWorkCommuteMedian":11030,"workHomeCommuteMedian":-1},"geometry":{"type":"Polygon","coordinates":[[[26.85798462088974,58.42653260400327],[26.85798462088974,58.435525807640516],[26.866977824526987,58.435525807640516],[26.866977824526987,58.42653260400327],[26.85798462088974,58.42653260400327]]]}},{"type":"Feature","properties":{"jobs":8,"pop":6,"pointCount":1,"homeWorkCommuteMedian":17817,"workHomeCommuteMedian":57547},"geometry":{"type":"Polygon","coordinates":[[[26.85798462088974,58.45351221491501],[26.85798462088974,58.462505418552254],[26.866977824526987,58.462505418552254],[26.866977824526987,58.45351221491501],[26.85798462088974,58.45351221491501]]]}},{"type":"Feature","properties":{"jobs":0,"pop":7,"pointCount":1,"homeWorkCommuteMedian":25177,"workHomeCommuteMedian":-1},"geometry":{"type":"Polygon","coordinates":[[[26.85798462088974,58.48948502946399],[26.85798462088974,58.49847823310124],[26.866977824526987,58.49847823310124],[26.866977824526987,58.48948502946399],[26.85798462088974,58.48948502946399]]]}},{"type":"Feature","properties":{"jobs":1,"pop":16,"pointCount":1,"homeWorkCommuteMedian":48303,"workHomeCommuteMedian":23373},"geometry":{"type":"Polygon","coordinates":[[[26.85798462088974,58.507471436738484],[26.85798462088974,58.51646464037573],[26.866977824526987,58.51646464037573],[26.866977824526987,58.507471436738484],[26.85798462088974,58.507471436738484]]]}},{"type":"Feature","properties":{"jobs":2,"pop":8,"pointCount":2,"homeWorkCommuteMedian":88032,"workHomeCommuteMedian":27025},"geometry":{"type":"Polygon","coordinates":[[[26.85798462088974,58.57941706583645],[26.85798462088974,58.5884102694737],[26.866977824526987,58.5884102694737],[26.866977824526987,58.57941706583645],[26.85798462088974,58.57941706583645]]]}},{"type":"Feature","properties":{"jobs":15,"pop":0,"pointCount":1,"homeWorkCommuteMedian":-1,"workHomeCommuteMedian":54154},"geometry":{"type":"Polygon","coordinates":[[[26.866977824526987,57.97687242214097],[26.866977824526987,57.98586562577822],[26.875971028164233,57.98586562577822],[26.875971028164233,57.97687242214097],[26.866977824526987,57.97687242214097]]]}},{"type":"Feature","properties":{"jobs":0,"pop":9,"pointCount":1,"homeWorkCommuteMedian":9833,"workHomeCommuteMedian":-1},"geometry":{"type":"Polygon","coordinates":[[[26.866977824526987,58.00385203305271],[26.866977824526987,58.012845236689955],[26.875971028164233,58.012845236689955],[26.875971028164233,58.00385203305271],[26.866977824526987,58.00385203305271]]]}},{"type":"Feature","properties":{"jobs":0,"pop":8,"pointCount":1,"homeWorkCommuteMedian":42931,"workHomeCommuteMedian":-1},"geometry":{"type":"Polygon","coordinates":[[[26.866977824526987,58.03083164396445],[26.866977824526987,58.03982484760169],[26.875971028164233,58.03982484760169],[26.875971028164233,58.03083164396445],[26.866977824526987,58.03083164396445]]]}},{"type":"Feature","properties":{"jobs":0,"pop":9,"pointCount":1,"homeWorkCommuteMedian":30168,"workHomeCommuteMedian":-1},"geometry":{"type":"Polygon","coordinates":[[[26.866977824526987,58.237675327621105],[26.866977824526987,58.24666853125835],[26.875971028164233,58.24666853125835],[26.875971028164233,58.237675327621105],[26.866977824526987,58.237675327621105]]]}},{"type":"Feature","properties":{"jobs":39,"pop":119,"pointCount":6,"homeWorkCommuteMedian":15621,"workHomeCommuteMedian":14219},"geometry":{"type":"Polygon","coordinates":[[[26.866977824526987,58.29163454944458],[26.866977824526987,58.30062775308183],[26.875971028164233,58.30062775308183],[26.875971028164233,58.29163454944458],[26.866977824526987,58.29163454944458]]]}},{"type":"Feature","properties":{"jobs":29,"pop":24,"pointCount":4,"homeWorkCommuteMedian":13246,"workHomeCommuteMedian":15390},"geometry":{"type":"Polygon","coordinates":[[[26.866977824526987,58.30062775308183],[26.866977824526987,58.30962095671907],[26.875971028164233,58.30962095671907],[26.875971028164233,58.30062775308183],[26.866977824526987,58.30062775308183]]]}},{"type":"Feature","properties":{"jobs":0,"pop":6,"pointCount":1,"homeWorkCommuteMedian":18213,"workHomeCommuteMedian":-1},"geometry":{"type":"Polygon","coordinates":[[[26.866977824526987,58.30962095671907],[26.866977824526987,58.31861416035632],[26.875971028164233,58.31861416035632],[26.875971028164233,58.30962095671907],[26.866977824526987,58.30962095671907]]]}},{"type":"Feature","properties":{"jobs":5,"pop":0,"pointCount":1,"homeWorkCommuteMedian":-1,"workHomeCommuteMedian":11620},"geometry":{"type":"Polygon","coordinates":[[[26.866977824526987,58.31861416035632],[26.866977824526987,58.327607363993565],[26.875971028164233,58.327607363993565],[26.875971028164233,58.31861416035632],[26.866977824526987,58.31861416035632]]]}},{"type":"Feature","properties":{"jobs":0,"pop":203,"pointCount":3,"homeWorkCommuteMedian":12894,"workHomeCommuteMedian":-1},"geometry":{"type":"Polygon","coordinates":[[[26.866977824526987,58.34559377126806],[26.866977824526987,58.3545869749053],[26.875971028164233,58.3545869749053],[26.875971028164233,58.34559377126806],[26.866977824526987,58.34559377126806]]]}},{"type":"Feature","properties":{"jobs":163,"pop":0,"pointCount":2,"homeWorkCommuteMedian":-1,"workHomeCommuteMedian":12341},"geometry":{"type":"Polygon","coordinates":[[[26.866977824526987,58.3545869749053],[26.866977824526987,58.36358017854255],[26.875971028164233,58.36358017854255],[26.875971028164233,58.3545869749053],[26.866977824526987,58.3545869749053]]]}},{"type":"Feature","properties":{"jobs":42,"pop":0,"pointCount":2,"homeWorkCommuteMedian":-1,"workHomeCommuteMedian":8017},"geometry":{"type":"Polygon","coordinates":[[[26.866977824526987,58.36358017854255],[26.866977824526987,58.372573382179795],[26.875971028164233,58.372573382179795],[26.875971028164233,58.36358017854255],[26.866977824526987,58.36358017854255]]]}},{"type":"Feature","properties":{"jobs":5,"pop":0,"pointCount":1,"homeWorkCommuteMedian":-1,"workHomeCommuteMedian":7839},"geometry":{"type":"Polygon","coordinates":[[[26.866977824526987,58.39055978945429],[26.866977824526987,58.39955299309153],[26.875971028164233,58.39955299309153],[26.875971028164233,58.39055978945429],[26.866977824526987,58.39055978945429]]]}},{"type":"Feature","properties":{"jobs":0,"pop":6,"pointCount":1,"homeWorkCommuteMedian":7538,"workHomeCommuteMedian":-1},"geometry":{"type":"Polygon","coordinates":[[[26.866977824526987,58.39955299309153],[26.866977824526987,58.40854619672878],[26.875971028164233,58.40854619672878],[26.875971028164233,58.39955299309153],[26.866977824526987,58.39955299309153]]]}},{"type":"Feature","properties":{"jobs":0,"pop":8,"pointCount":1,"homeWorkCommuteMedian":15683,"workHomeCommuteMedian":-1},"geometry":{"type":"Polygon","coordinates":[[[26.866977824526987,58.45351221491501],[26.866977824526987,58.462505418552254],[26.875971028164233,58.462505418552254],[26.875971028164233,58.45351221491501],[26.866977824526987,58.45351221491501]]]}},{"type":"Feature","properties":{"jobs":0,"pop":6,"pointCount":1,"homeWorkCommuteMedian":53839,"workHomeCommuteMedian":-1},"geometry":{"type":"Polygon","coordinates":[[[26.866977824526987,58.48948502946399],[26.866977824526987,58.49847823310124],[26.875971028164233,58.49847823310124],[26.875971028164233,58.48948502946399],[26.866977824526987,58.48948502946399]]]}},{"type":"Feature","properties":{"jobs":5,"pop":0,"pointCount":1,"homeWorkCommuteMedian":-1,"workHomeCommuteMedian":19624},"geometry":{"type":"Polygon","coordinates":[[[26.866977824526987,58.49847823310124],[26.866977824526987,58.507471436738484],[26.875971028164233,58.507471436738484],[26.875971028164233,58.49847823310124],[26.866977824526987,58.49847823310124]]]}},{"type":"Feature","properties":{"jobs":53,"pop":27,"pointCount":7,"homeWorkCommuteMedian":22843,"workHomeCommuteMedian":23020},"geometry":{"type":"Polygon","coordinates":[[[26.866977824526987,58.525457844012976],[26.866977824526987,58.53445104765022],[26.875971028164233,58.53445104765022],[26.875971028164233,58.525457844012976],[26.866977824526987,58.525457844012976]]]}},{"type":"Feature","properties":{"jobs":14,"pop":0,"pointCount":1,"homeWorkCommuteMedian":-1,"workHomeCommuteMedian":15298},"geometry":{"type":"Polygon","coordinates":[[[26.875971028164233,57.967879218503725],[26.875971028164233,57.97687242214097],[26.88496423180148,57.97687242214097],[26.88496423180148,57.967879218503725],[26.875971028164233,57.967879218503725]]]}},{"type":"Feature","properties":{"jobs":13,"pop":133,"pointCount":6,"homeWorkCommuteMedian":24319,"workHomeCommuteMedian":57287},"geometry":{"type":"Polygon","coordinates":[[[26.875971028164233,57.97687242214097],[26.875971028164233,57.98586562577822],[26.88496423180148,57.98586562577822],[26.88496423180148,57.97687242214097],[26.875971028164233,57.97687242214097]]]}},{"type":"Feature","properties":{"jobs":0,"pop":6,"pointCount":1,"homeWorkCommuteMedian":32360,"workHomeCommuteMedian":-1},"geometry":{"type":"Polygon","coordinates":[[[26.875971028164233,58.04881805123894],[26.875971028164233,58.057811254876185],[26.88496423180148,58.057811254876185],[26.88496423180148,58.04881805123894],[26.875971028164233,58.04881805123894]]]}},{"type":"Feature","properties":{"jobs":2,"pop":0,"pointCount":1,"homeWorkCommuteMedian":-1,"workHomeCommuteMedian":17757},"geometry":{"type":"Polygon","coordinates":[[[26.875971028164233,58.102777273062415],[26.875971028164233,58.11177047669966],[26.88496423180148,58.11177047669966],[26.88496423180148,58.102777273062415],[26.875971028164233,58.102777273062415]]]}},{"type":"Feature","properties":{"jobs":9,"pop":5,"pointCount":2,"homeWorkCommuteMedian":23463,"workHomeCommuteMedian":29751},"geometry":{"type":"Polygon","coordinates":[[[26.875971028164233,58.24666853125835],[26.875971028164233,58.2556617348956],[26.88496423180148,58.2556617348956],[26.88496423180148,58.24666853125835],[26.875971028164233,58.24666853125835]]]}},{"type":"Feature","properties":{"jobs":0,"pop":25,"pointCount":3,"homeWorkCommuteMedian":15253,"workHomeCommuteMedian":-1},"geometry":{"type":"Polygon","coordinates":[[[26.875971028164233,58.29163454944458],[26.875971028164233,58.30062775308183],[26.88496423180148,58.30062775308183],[26.88496423180148,58.29163454944458],[26.875971028164233,58.29163454944458]]]}},{"type":"Feature","properties":{"jobs":23,"pop":10,"pointCount":2,"homeWorkCommuteMedian":13742,"workHomeCommuteMedian":20283},"geometry":{"type":"Polygon","coordinates":[[[26.875971028164233,58.31861416035632],[26.875971028164233,58.327607363993565],[26.88496423180148,58.327607363993565],[26.88496423180148,58.31861416035632],[26.875971028164233,58.31861416035632]]]}},{"type":"Feature","properties":{"jobs":0,"pop":15,"pointCount":1,"homeWorkCommuteMedian":11706,"workHomeCommuteMedian":-1},"geometry":{"type":"Polygon","coordinates":[[[26.875971028164233,58.327607363993565],[26.875971028164233,58.33660056763081],[26.88496423180148,58.33660056763081],[26.88496423180148,58.327607363993565],[26.875971028164233,58.327607363993565]]]}},{"type":"Feature","properties":{"jobs":236,"pop":86,"pointCount":10,"homeWorkCommuteMedian":13104,"workHomeCommuteMedian":13200},"geometry":{"type":"Polygon","coordinates":[[[26.875971028164233,58.3545869749053],[26.875971028164233,58.36358017854255],[26.88496423180148,58.36358017854255],[26.88496423180148,58.3545869749053],[26.875971028164233,58.3545869749053]]]}},{"type":"Feature","properties":{"jobs":0,"pop":9,"pointCount":1,"homeWorkCommuteMedian":19230,"workHomeCommuteMedian":-1},"geometry":{"type":"Polygon","coordinates":[[[26.875971028164233,58.372573382179795],[26.875971028164233,58.38156658581704],[26.88496423180148,58.38156658581704],[26.88496423180148,58.372573382179795],[26.875971028164233,58.372573382179795]]]}},{"type":"Feature","properties":{"jobs":18,"pop":9,"pointCount":2,"homeWorkCommuteMedian":12900,"workHomeCommuteMedian":20335},"geometry":{"type":"Polygon","coordinates":[[[26.875971028164233,58.39055978945429],[26.875971028164233,58.39955299309153],[26.88496423180148,58.39955299309153],[26.88496423180148,58.39055978945429],[26.875971028164233,58.39055978945429]]]}},{"type":"Feature","properties":{"jobs":0,"pop":14,"pointCount":2,"homeWorkCommuteMedian":20308,"workHomeCommuteMedian":-1},"geometry":{"type":"Polygon","coordinates":[[[26.875971028164233,58.49847823310124],[26.875971028164233,58.507471436738484],[26.88496423180148,58.507471436738484],[26.88496423180148,58.49847823310124],[26.875971028164233,58.49847823310124]]]}},{"type":"Feature","properties":{"jobs":10,"pop":79,"pointCount":2,"homeWorkCommuteMedian":20690,"workHomeCommuteMedian":18443},"geometry":{"type":"Polygon","coordinates":[[[26.875971028164233,58.507471436738484],[26.875971028164233,58.51646464037573],[26.88496423180148,58.51646464037573],[26.88496423180148,58.507471436738484],[26.875971028164233,58.507471436738484]]]}},{"type":"Feature","properties":{"jobs":0,"pop":10,"pointCount":1,"homeWorkCommuteMedian":13524,"workHomeCommuteMedian":-1},"geometry":{"type":"Polygon","coordinates":[[[26.875971028164233,58.51646464037573],[26.875971028164233,58.525457844012976],[26.88496423180148,58.525457844012976],[26.88496423180148,58.51646464037573],[26.875971028164233,58.51646464037573]]]}},{"type":"Feature","properties":{"jobs":0,"pop":19,"pointCount":2,"homeWorkCommuteMedian":22109,"workHomeCommuteMedian":-1},"geometry":{"type":"Polygon","coordinates":[[[26.875971028164233,58.525457844012976],[26.875971028164233,58.53445104765022],[26.88496423180148,58.53445104765022],[26.88496423180148,58.525457844012976],[26.875971028164233,58.525457844012976]]]}},{"type":"Feature","properties":{"jobs":89,"pop":7,"pointCount":6,"homeWorkCommuteMedian":7258,"workHomeCommuteMedian":18805},"geometry":{"type":"Polygon","coordinates":[[[26.88496423180148,57.967879218503725],[26.88496423180148,57.97687242214097],[26.893957435438725,57.97687242214097],[26.893957435438725,57.967879218503725],[26.88496423180148,57.967879218503725]]]}},{"type":"Feature","properties":{"jobs":0,"pop":17,"pointCount":2,"homeWorkCommuteMedian":56563,"workHomeCommuteMedian":-1},"geometry":{"type":"Polygon","coordinates":[[[26.88496423180148,57.99485882941546],[26.88496423180148,58.00385203305271],[26.893957435438725,58.00385203305271],[26.893957435438725,57.99485882941546],[26.88496423180148,57.99485882941546]]]}},{"type":"Feature","properties":{"jobs":22,"pop":7,"pointCount":2,"homeWorkCommuteMedian":13506,"workHomeCommuteMedian":6830},"geometry":{"type":"Polygon","coordinates":[[[26.88496423180148,58.00385203305271],[26.88496423180148,58.012845236689955],[26.893957435438725,58.012845236689955],[26.893957435438725,58.00385203305271],[26.88496423180148,58.00385203305271]]]}},{"type":"Feature","properties":{"jobs":0,"pop":5,"pointCount":1,"homeWorkCommuteMedian":43089,"workHomeCommuteMedian":-1},"geometry":{"type":"Polygon","coordinates":[[[26.88496423180148,58.012845236689955],[26.88496423180148,58.0218384403272],[26.893957435438725,58.0218384403272],[26.893957435438725,58.012845236689955],[26.88496423180148,58.012845236689955]]]}},{"type":"Feature","properties":{"jobs":0,"pop":9,"pointCount":1,"homeWorkCommuteMedian":19261,"workHomeCommuteMedian":-1},"geometry":{"type":"Polygon","coordinates":[[[26.88496423180148,58.04881805123894],[26.88496423180148,58.057811254876185],[26.893957435438725,58.057811254876185],[26.893957435438725,58.04881805123894],[26.88496423180148,58.04881805123894]]]}},{"type":"Feature","properties":{"jobs":0,"pop":23,"pointCount":1,"homeWorkCommuteMedian":9916,"workHomeCommuteMedian":-1},"geometry":{"type":"Polygon","coordinates":[[[26.88496423180148,58.057811254876185],[26.88496423180148,58.06680445851343],[26.893957435438725,58.06680445851343],[26.893957435438725,58.057811254876185],[26.88496423180148,58.057811254876185]]]}},{"type":"Feature","properties":{"jobs":0,"pop":7,"pointCount":1,"homeWorkCommuteMedian":32741,"workHomeCommuteMedian":-1},"geometry":{"type":"Polygon","coordinates":[[[26.88496423180148,58.11177047669966],[26.88496423180148,58.12076368033691],[26.893957435438725,58.12076368033691],[26.893957435438725,58.11177047669966],[26.88496423180148,58.11177047669966]]]}},{"type":"Feature","properties":{"jobs":7,"pop":0,"pointCount":1,"homeWorkCommuteMedian":-1,"workHomeCommuteMedian":37565},"geometry":{"type":"Polygon","coordinates":[[[26.88496423180148,58.12076368033691],[26.88496423180148,58.12975688397415],[26.893957435438725,58.12975688397415],[26.893957435438725,58.12076368033691],[26.88496423180148,58.12076368033691]]]}},{"type":"Feature","properties":{"jobs":0,"pop":13,"pointCount":1,"homeWorkCommuteMedian":32367,"workHomeCommuteMedian":-1},"geometry":{"type":"Polygon","coordinates":[[[26.88496423180148,58.12975688397415],[26.88496423180148,58.1387500876114],[26.893957435438725,58.1387500876114],[26.893957435438725,58.12975688397415],[26.88496423180148,58.12975688397415]]]}},{"type":"Feature","properties":{"jobs":0,"pop":6,"pointCount":1,"homeWorkCommuteMedian":30022,"workHomeCommuteMedian":-1},"geometry":{"type":"Polygon","coordinates":[[[26.88496423180148,58.1387500876114],[26.88496423180148,58.147743291248645],[26.893957435438725,58.147743291248645],[26.893957435438725,58.1387500876114],[26.88496423180148,58.1387500876114]]]}},{"type":"Feature","properties":{"jobs":0,"pop":13,"pointCount":1,"homeWorkCommuteMedian":69568,"workHomeCommuteMedian":-1},"geometry":{"type":"Polygon","coordinates":[[[26.88496423180148,58.17472290216038],[26.88496423180148,58.18371610579763],[26.893957435438725,58.18371610579763],[26.893957435438725,58.17472290216038],[26.88496423180148,58.17472290216038]]]}},{"type":"Feature","properties":{"jobs":8,"pop":10,"pointCount":2,"homeWorkCommuteMedian":23118,"workHomeCommuteMedian":11477},"geometry":{"type":"Polygon","coordinates":[[[26.88496423180148,58.21968892034661],[26.88496423180148,58.22868212398386],[26.893957435438725,58.22868212398386],[26.893957435438725,58.21968892034661],[26.88496423180148,58.21968892034661]]]}},{"type":"Feature","properties":{"jobs":0,"pop":21,"pointCount":2,"homeWorkCommuteMedian":19304,"workHomeCommuteMedian":-1},"geometry":{"type":"Polygon","coordinates":[[[26.88496423180148,58.2556617348956],[26.88496423180148,58.26465493853284],[26.893957435438725,58.26465493853284],[26.893957435438725,58.2556617348956],[26.88496423180148,58.2556617348956]]]}},{"type":"Feature","properties":{"jobs":0,"pop":23,"pointCount":2,"homeWorkCommuteMedian":17258,"workHomeCommuteMedian":-1},"geometry":{"type":"Polygon","coordinates":[[[26.88496423180148,58.29163454944458],[26.88496423180148,58.30062775308183],[26.893957435438725,58.30062775308183],[26.893957435438725,58.29163454944458],[26.88496423180148,58.29163454944458]]]}},{"type":"Feature","properties":{"jobs":9,"pop":7,"pointCount":2,"homeWorkCommuteMedian":55633,"workHomeCommuteMedian":15269},"geometry":{"type":"Polygon","coordinates":[[[26.88496423180148,58.30962095671907],[26.88496423180148,58.31861416035632],[26.893957435438725,58.31861416035632],[26.893957435438725,58.30962095671907],[26.88496423180148,58.30962095671907]]]}},{"type":"Feature","properties":{"jobs":1,"pop":6,"pointCount":2,"homeWorkCommuteMedian":37410,"workHomeCommuteMedian":10722},"geometry":{"type":"Polygon","coordinates":[[[26.88496423180148,58.327607363993565],[26.88496423180148,58.33660056763081],[26.893957435438725,58.33660056763081],[26.893957435438725,58.327607363993565],[26.88496423180148,58.327607363993565]]]}},{"type":"Feature","properties":{"jobs":50,"pop":128,"pointCount":6,"homeWorkCommuteMedian":18008,"workHomeCommuteMedian":15286},"geometry":{"type":"Polygon","coordinates":[[[26.88496423180148,58.34559377126806],[26.88496423180148,58.3545869749053],[26.893957435438725,58.3545869749053],[26.893957435438725,58.34559377126806],[26.88496423180148,58.34559377126806]]]}},{"type":"Feature","properties":{"jobs":0,"pop":16,"pointCount":2,"homeWorkCommuteMedian":17118,"workHomeCommuteMedian":-1},"geometry":{"type":"Polygon","coordinates":[[[26.88496423180148,58.3545869749053],[26.88496423180148,58.36358017854255],[26.893957435438725,58.36358017854255],[26.893957435438725,58.3545869749053],[26.88496423180148,58.3545869749053]]]}},{"type":"Feature","properties":{"jobs":35,"pop":0,"pointCount":1,"homeWorkCommuteMedian":-1,"workHomeCommuteMedian":16781},"geometry":{"type":"Polygon","coordinates":[[[26.88496423180148,58.36358017854255],[26.88496423180148,58.372573382179795],[26.893957435438725,58.372573382179795],[26.893957435438725,58.36358017854255],[26.88496423180148,58.36358017854255]]]}},{"type":"Feature","properties":{"jobs":39,"pop":0,"pointCount":2,"homeWorkCommuteMedian":-1,"workHomeCommuteMedian":12457},"geometry":{"type":"Polygon","coordinates":[[[26.88496423180148,58.372573382179795],[26.88496423180148,58.38156658581704],[26.893957435438725,58.38156658581704],[26.893957435438725,58.372573382179795],[26.88496423180148,58.372573382179795]]]}},{"type":"Feature","properties":{"jobs":0,"pop":27,"pointCount":3,"homeWorkCommuteMedian":17667,"workHomeCommuteMedian":-1},"geometry":{"type":"Polygon","coordinates":[[[26.88496423180148,58.40854619672878],[26.88496423180148,58.417539400366024],[26.893957435438725,58.417539400366024],[26.893957435438725,58.40854619672878],[26.88496423180148,58.40854619672878]]]}},{"type":"Feature","properties":{"jobs":8,"pop":0,"pointCount":1,"homeWorkCommuteMedian":-1,"workHomeCommuteMedian":22021},"geometry":{"type":"Polygon","coordinates":[[[26.88496423180148,58.45351221491501],[26.88496423180148,58.462505418552254],[26.893957435438725,58.462505418552254],[26.893957435438725,58.45351221491501],[26.88496423180148,58.45351221491501]]]}},{"type":"Feature","properties":{"jobs":0,"pop":8,"pointCount":1,"homeWorkCommuteMedian":26515,"workHomeCommuteMedian":-1},"geometry":{"type":"Polygon","coordinates":[[[26.88496423180148,58.462505418552254],[26.88496423180148,58.4714986221895],[26.893957435438725,58.4714986221895],[26.893957435438725,58.462505418552254],[26.88496423180148,58.462505418552254]]]}},{"type":"Feature","properties":{"jobs":8,"pop":0,"pointCount":1,"homeWorkCommuteMedian":-1,"workHomeCommuteMedian":23521},"geometry":{"type":"Polygon","coordinates":[[[26.88496423180148,58.480491825826746],[26.88496423180148,58.48948502946399],[26.893957435438725,58.48948502946399],[26.893957435438725,58.480491825826746],[26.88496423180148,58.480491825826746]]]}},{"type":"Feature","properties":{"jobs":66,"pop":105,"pointCount":6,"homeWorkCommuteMedian":19022,"workHomeCommuteMedian":23085},"geometry":{"type":"Polygon","coordinates":[[[26.88496423180148,58.507471436738484],[26.88496423180148,58.51646464037573],[26.893957435438725,58.51646464037573],[26.893957435438725,58.507471436738484],[26.88496423180148,58.507471436738484]]]}},{"type":"Feature","properties":{"jobs":0,"pop":6,"pointCount":1,"homeWorkCommuteMedian":20308,"workHomeCommuteMedian":-1},"geometry":{"type":"Polygon","coordinates":[[[26.88496423180148,58.51646464037573],[26.88496423180148,58.525457844012976],[26.893957435438725,58.525457844012976],[26.893957435438725,58.51646464037573],[26.88496423180148,58.51646464037573]]]}},{"type":"Feature","properties":{"jobs":4,"pop":9,"pointCount":2,"homeWorkCommuteMedian":36633,"workHomeCommuteMedian":93597},"geometry":{"type":"Polygon","coordinates":[[[26.88496423180148,58.57941706583645],[26.88496423180148,58.5884102694737],[26.893957435438725,58.5884102694737],[26.893957435438725,58.57941706583645],[26.88496423180148,58.57941706583645]]]}},{"type":"Feature","properties":{"jobs":18,"pop":0,"pointCount":1,"homeWorkCommuteMedian":-1,"workHomeCommuteMedian":47170},"geometry":{"type":"Polygon","coordinates":[[[26.893957435438725,57.967879218503725],[26.893957435438725,57.97687242214097],[26.90295063907597,57.97687242214097],[26.90295063907597,57.967879218503725],[26.893957435438725,57.967879218503725]]]}},{"type":"Feature","properties":{"jobs":9,"pop":0,"pointCount":1,"homeWorkCommuteMedian":-1,"workHomeCommuteMedian":9916},"geometry":{"type":"Polygon","coordinates":[[[26.893957435438725,57.98586562577822],[26.893957435438725,57.99485882941546],[26.90295063907597,57.99485882941546],[26.90295063907597,57.98586562577822],[26.893957435438725,57.98586562577822]]]}},{"type":"Feature","properties":{"jobs":0,"pop":6,"pointCount":1,"homeWorkCommuteMedian":49193,"workHomeCommuteMedian":-1},"geometry":{"type":"Polygon","coordinates":[[[26.893957435438725,58.012845236689955],[26.893957435438725,58.0218384403272],[26.90295063907597,58.0218384403272],[26.90295063907597,58.012845236689955],[26.893957435438725,58.012845236689955]]]}},{"type":"Feature","properties":{"jobs":10,"pop":10,"pointCount":2,"homeWorkCommuteMedian":59844,"workHomeCommuteMedian":56743},"geometry":{"type":"Polygon","coordinates":[[[26.893957435438725,58.057811254876185],[26.893957435438725,58.06680445851343],[26.90295063907597,58.06680445851343],[26.90295063907597,58.057811254876185],[26.893957435438725,58.057811254876185]]]}},{"type":"Feature","properties":{"jobs":0,"pop":15,"pointCount":2,"homeWorkCommuteMedian":38847,"workHomeCommuteMedian":-1},"geometry":{"type":"Polygon","coordinates":[[[26.893957435438725,58.102777273062415],[26.893957435438725,58.11177047669966],[26.90295063907597,58.11177047669966],[26.90295063907597,58.102777273062415],[26.893957435438725,58.102777273062415]]]}},{"type":"Feature","properties":{"jobs":0,"pop":13,"pointCount":1,"homeWorkCommuteMedian":18300,"workHomeCommuteMedian":-1},"geometry":{"type":"Polygon","coordinates":[[[26.893957435438725,58.147743291248645],[26.893957435438725,58.15673649488589],[26.90295063907597,58.15673649488589],[26.90295063907597,58.147743291248645],[26.893957435438725,58.147743291248645]]]}},{"type":"Feature","properties":{"jobs":0,"pop":5,"pointCount":1,"homeWorkCommuteMedian":25100,"workHomeCommuteMedian":-1},"geometry":{"type":"Polygon","coordinates":[[[26.893957435438725,58.16572969852314],[26.893957435438725,58.17472290216038],[26.90295063907597,58.17472290216038],[26.90295063907597,58.16572969852314],[26.893957435438725,58.16572969852314]]]}},{"type":"Feature","properties":{"jobs":0,"pop":24,"pointCount":2,"homeWorkCommuteMedian":16427,"workHomeCommuteMedian":-1},"geometry":{"type":"Polygon","coordinates":[[[26.893957435438725,58.282641345807335],[26.893957435438725,58.29163454944458],[26.90295063907597,58.29163454944458],[26.90295063907597,58.282641345807335],[26.893957435438725,58.282641345807335]]]}},{"type":"Feature","properties":{"jobs":36,"pop":0,"pointCount":1,"homeWorkCommuteMedian":-1,"workHomeCommuteMedian":15067},"geometry":{"type":"Polygon","coordinates":[[[26.893957435438725,58.29163454944458],[26.893957435438725,58.30062775308183],[26.90295063907597,58.30062775308183],[26.90295063907597,58.29163454944458],[26.893957435438725,58.29163454944458]]]}},{"type":"Feature","properties":{"jobs":0,"pop":5,"pointCount":1,"homeWorkCommuteMedian":27149,"workHomeCommuteMedian":-1},"geometry":{"type":"Polygon","coordinates":[[[26.893957435438725,58.34559377126806],[26.893957435438725,58.3545869749053],[26.90295063907597,58.3545869749053],[26.90295063907597,58.34559377126806],[26.893957435438725,58.34559377126806]]]}},{"type":"Feature","properties":{"jobs":0,"pop":8,"pointCount":1,"homeWorkCommuteMedian":28845,"workHomeCommuteMedian":-1},"geometry":{"type":"Polygon","coordinates":[[[26.893957435438725,58.3545869749053],[26.893957435438725,58.36358017854255],[26.90295063907597,58.36358017854255],[26.90295063907597,58.3545869749053],[26.893957435438725,58.3545869749053]]]}},{"type":"Feature","properties":{"jobs":9,"pop":0,"pointCount":1,"homeWorkCommuteMedian":-1,"workHomeCommuteMedian":13113},"geometry":{"type":"Polygon","coordinates":[[[26.893957435438725,58.36358017854255],[26.893957435438725,58.372573382179795],[26.90295063907597,58.372573382179795],[26.90295063907597,58.36358017854255],[26.893957435438725,58.36358017854255]]]}},{"type":"Feature","properties":{"jobs":11,"pop":0,"pointCount":1,"homeWorkCommuteMedian":-1,"workHomeCommuteMedian":38552},"geometry":{"type":"Polygon","coordinates":[[[26.893957435438725,58.372573382179795],[26.893957435438725,58.38156658581704],[26.90295063907597,58.38156658581704],[26.90295063907597,58.372573382179795],[26.893957435438725,58.372573382179795]]]}},{"type":"Feature","properties":{"jobs":0,"pop":13,"pointCount":1,"homeWorkCommuteMedian":14955,"workHomeCommuteMedian":-1},"geometry":{"type":"Polygon","coordinates":[[[26.893957435438725,58.39055978945429],[26.893957435438725,58.39955299309153],[26.90295063907597,58.39955299309153],[26.90295063907597,58.39055978945429],[26.893957435438725,58.39055978945429]]]}},{"type":"Feature","properties":{"jobs":0,"pop":5,"pointCount":1,"homeWorkCommuteMedian":57639,"workHomeCommuteMedian":-1},"geometry":{"type":"Polygon","coordinates":[[[26.893957435438725,58.39955299309153],[26.893957435438725,58.40854619672878],[26.90295063907597,58.40854619672878],[26.90295063907597,58.39955299309153],[26.893957435438725,58.39955299309153]]]}},{"type":"Feature","properties":{"jobs":52,"pop":46,"pointCount":3,"homeWorkCommuteMedian":18794,"workHomeCommuteMedian":11595},"geometry":{"type":"Polygon","coordinates":[[[26.893957435438725,58.40854619672878],[26.893957435438725,58.417539400366024],[26.90295063907597,58.417539400366024],[26.90295063907597,58.40854619672878],[26.893957435438725,58.40854619672878]]]}},{"type":"Feature","properties":{"jobs":0,"pop":13,"pointCount":1,"homeWorkCommuteMedian":23756,"workHomeCommuteMedian":-1},"geometry":{"type":"Polygon","coordinates":[[[26.893957435438725,58.4714986221895],[26.893957435438725,58.480491825826746],[26.90295063907597,58.480491825826746],[26.90295063907597,58.4714986221895],[26.893957435438725,58.4714986221895]]]}},{"type":"Feature","properties":{"jobs":0,"pop":9,"pointCount":1,"homeWorkCommuteMedian":19256,"workHomeCommuteMedian":-1},"geometry":{"type":"Polygon","coordinates":[[[26.893957435438725,58.49847823310124],[26.893957435438725,58.507471436738484],[26.90295063907597,58.507471436738484],[26.90295063907597,58.49847823310124],[26.893957435438725,58.49847823310124]]]}},{"type":"Feature","properties":{"jobs":0,"pop":5,"pointCount":1,"homeWorkCommuteMedian":66222,"workHomeCommuteMedian":-1},"geometry":{"type":"Polygon","coordinates":[[[26.893957435438725,58.597403473110944],[26.893957435438725,58.60639667674819],[26.90295063907597,58.60639667674819],[26.90295063907597,58.597403473110944],[26.893957435438725,58.597403473110944]]]}},{"type":"Feature","properties":{"jobs":0,"pop":10,"pointCount":1,"homeWorkCommuteMedian":23515,"workHomeCommuteMedian":-1},"geometry":{"type":"Polygon","coordinates":[[[26.90295063907597,57.94089960759199],[26.90295063907597,57.94989281122923],[26.911943842713217,57.94989281122923],[26.911943842713217,57.94089960759199],[26.90295063907597,57.94089960759199]]]}},{"type":"Feature","properties":{"jobs":0,"pop":7,"pointCount":1,"homeWorkCommuteMedian":52192,"workHomeCommuteMedian":-1},"geometry":{"type":"Polygon","coordinates":[[[26.90295063907597,58.03982484760169],[26.90295063907597,58.04881805123894],[26.911943842713217,58.04881805123894],[26.911943842713217,58.03982484760169],[26.90295063907597,58.03982484760169]]]}},{"type":"Feature","properties":{"jobs":25,"pop":6,"pointCount":2,"homeWorkCommuteMedian":44892,"workHomeCommuteMedian":33888},"geometry":{"type":"Polygon","coordinates":[[[26.90295063907597,58.057811254876185],[26.90295063907597,58.06680445851343],[26.911943842713217,58.06680445851343],[26.911943842713217,58.057811254876185],[26.90295063907597,58.057811254876185]]]}},{"type":"Feature","properties":{"jobs":18,"pop":12,"pointCount":2,"homeWorkCommuteMedian":32606,"workHomeCommuteMedian":15289},"geometry":{"type":"Polygon","coordinates":[[[26.90295063907597,58.1387500876114],[26.90295063907597,58.147743291248645],[26.911943842713217,58.147743291248645],[26.911943842713217,58.1387500876114],[26.90295063907597,58.1387500876114]]]}},{"type":"Feature","properties":{"jobs":13,"pop":0,"pointCount":1,"homeWorkCommuteMedian":-1,"workHomeCommuteMedian":32402},"geometry":{"type":"Polygon","coordinates":[[[26.90295063907597,58.16572969852314],[26.90295063907597,58.17472290216038],[26.911943842713217,58.17472290216038],[26.911943842713217,58.16572969852314],[26.90295063907597,58.16572969852314]]]}},{"type":"Feature","properties":{"jobs":15,"pop":9,"pointCount":2,"homeWorkCommuteMedian":10971,"workHomeCommuteMedian":15410},"geometry":{"type":"Polygon","coordinates":[[[26.90295063907597,58.26465493853284],[26.90295063907597,58.27364814217009],[26.911943842713217,58.27364814217009],[26.911943842713217,58.26465493853284],[26.90295063907597,58.26465493853284]]]}},{"type":"Feature","properties":{"jobs":0,"pop":11,"pointCount":1,"homeWorkCommuteMedian":21821,"workHomeCommuteMedian":-1},"geometry":{"type":"Polygon","coordinates":[[[26.90295063907597,58.27364814217009],[26.90295063907597,58.282641345807335],[26.911943842713217,58.282641345807335],[26.911943842713217,58.27364814217009],[26.90295063907597,58.27364814217009]]]}},{"type":"Feature","properties":{"jobs":30,"pop":0,"pointCount":1,"homeWorkCommuteMedian":-1,"workHomeCommuteMedian":19129},"geometry":{"type":"Polygon","coordinates":[[[26.90295063907597,58.282641345807335],[26.90295063907597,58.29163454944458],[26.911943842713217,58.29163454944458],[26.911943842713217,58.282641345807335],[26.90295063907597,58.282641345807335]]]}},{"type":"Feature","properties":{"jobs":0,"pop":11,"pointCount":1,"homeWorkCommuteMedian":20596,"workHomeCommuteMedian":-1},"geometry":{"type":"Polygon","coordinates":[[[26.90295063907597,58.30062775308183],[26.90295063907597,58.30962095671907],[26.911943842713217,58.30962095671907],[26.911943842713217,58.30062775308183],[26.90295063907597,58.30062775308183]]]}},{"type":"Feature","properties":{"jobs":0,"pop":8,"pointCount":1,"homeWorkCommuteMedian":18727,"workHomeCommuteMedian":-1},"geometry":{"type":"Polygon","coordinates":[[[26.90295063907597,58.31861416035632],[26.90295063907597,58.327607363993565],[26.911943842713217,58.327607363993565],[26.911943842713217,58.31861416035632],[26.90295063907597,58.31861416035632]]]}},{"type":"Feature","properties":{"jobs":0,"pop":23,"pointCount":3,"homeWorkCommuteMedian":14559,"workHomeCommuteMedian":-1},"geometry":{"type":"Polygon","coordinates":[[[26.90295063907597,58.34559377126806],[26.90295063907597,58.3545869749053],[26.911943842713217,58.3545869749053],[26.911943842713217,58.34559377126806],[26.90295063907597,58.34559377126806]]]}},{"type":"Feature","properties":{"jobs":0,"pop":18,"pointCount":2,"homeWorkCommuteMedian":18311,"workHomeCommuteMedian":-1},"geometry":{"type":"Polygon","coordinates":[[[26.90295063907597,58.36358017854255],[26.90295063907597,58.372573382179795],[26.911943842713217,58.372573382179795],[26.911943842713217,58.36358017854255],[26.90295063907597,58.36358017854255]]]}},{"type":"Feature","properties":{"jobs":0,"pop":18,"pointCount":2,"homeWorkCommuteMedian":14806,"workHomeCommuteMedian":-1},"geometry":{"type":"Polygon","coordinates":[[[26.90295063907597,58.372573382179795],[26.90295063907597,58.38156658581704],[26.911943842713217,58.38156658581704],[26.911943842713217,58.372573382179795],[26.90295063907597,58.372573382179795]]]}},{"type":"Feature","properties":{"jobs":0,"pop":11,"pointCount":1,"homeWorkCommuteMedian":16931,"workHomeCommuteMedian":-1},"geometry":{"type":"Polygon","coordinates":[[[26.90295063907597,58.39055978945429],[26.90295063907597,58.39955299309153],[26.911943842713217,58.39955299309153],[26.911943842713217,58.39055978945429],[26.90295063907597,58.39055978945429]]]}},{"type":"Feature","properties":{"jobs":0,"pop":11,"pointCount":1,"homeWorkCommuteMedian":13160,"workHomeCommuteMedian":-1},"geometry":{"type":"Polygon","coordinates":[[[26.90295063907597,58.39955299309153],[26.90295063907597,58.40854619672878],[26.911943842713217,58.40854619672878],[26.911943842713217,58.39955299309153],[26.90295063907597,58.39955299309153]]]}},{"type":"Feature","properties":{"jobs":17,"pop":0,"pointCount":1,"homeWorkCommuteMedian":-1,"workHomeCommuteMedian":14173},"geometry":{"type":"Polygon","coordinates":[[[26.90295063907597,58.435525807640516],[26.90295063907597,58.44451901127776],[26.911943842713217,58.44451901127776],[26.911943842713217,58.435525807640516],[26.90295063907597,58.435525807640516]]]}},{"type":"Feature","properties":{"jobs":0,"pop":9,"pointCount":1,"homeWorkCommuteMedian":19738,"workHomeCommuteMedian":-1},"geometry":{"type":"Polygon","coordinates":[[[26.90295063907597,58.44451901127776],[26.90295063907597,58.45351221491501],[26.911943842713217,58.45351221491501],[26.911943842713217,58.44451901127776],[26.90295063907597,58.44451901127776]]]}},{"type":"Feature","properties":{"jobs":6,"pop":0,"pointCount":1,"homeWorkCommuteMedian":-1,"workHomeCommuteMedian":25420},"geometry":{"type":"Polygon","coordinates":[[[26.90295063907597,58.48948502946399],[26.90295063907597,58.49847823310124],[26.911943842713217,58.49847823310124],[26.911943842713217,58.48948502946399],[26.90295063907597,58.48948502946399]]]}},{"type":"Feature","properties":{"jobs":7,"pop":0,"pointCount":1,"homeWorkCommuteMedian":-1,"workHomeCommuteMedian":36008},"geometry":{"type":"Polygon","coordinates":[[[26.90295063907597,58.57941706583645],[26.90295063907597,58.5884102694737],[26.911943842713217,58.5884102694737],[26.911943842713217,58.57941706583645],[26.90295063907597,58.57941706583645]]]}},{"type":"Feature","properties":{"jobs":0,"pop":7,"pointCount":1,"homeWorkCommuteMedian":49569,"workHomeCommuteMedian":-1},"geometry":{"type":"Polygon","coordinates":[[[26.90295063907597,58.642369491297174],[26.90295063907597,58.65136269493442],[26.911943842713217,58.65136269493442],[26.911943842713217,58.642369491297174],[26.90295063907597,58.642369491297174]]]}},{"type":"Feature","properties":{"jobs":0,"pop":14,"pointCount":1,"homeWorkCommuteMedian":63894,"workHomeCommuteMedian":-1},"geometry":{"type":"Polygon","coordinates":[[[26.911943842713217,57.97687242214097],[26.911943842713217,57.98586562577822],[26.920937046350463,57.98586562577822],[26.920937046350463,57.97687242214097],[26.911943842713217,57.97687242214097]]]}},{"type":"Feature","properties":{"jobs":32,"pop":0,"pointCount":1,"homeWorkCommuteMedian":-1,"workHomeCommuteMedian":12351},"geometry":{"type":"Polygon","coordinates":[[[26.911943842713217,58.012845236689955],[26.911943842713217,58.0218384403272],[26.920937046350463,58.0218384403272],[26.920937046350463,58.012845236689955],[26.911943842713217,58.012845236689955]]]}},{"type":"Feature","properties":{"jobs":0,"pop":15,"pointCount":1,"homeWorkCommuteMedian":50636,"workHomeCommuteMedian":-1},"geometry":{"type":"Polygon","coordinates":[[[26.911943842713217,58.0218384403272],[26.911943842713217,58.03083164396445],[26.920937046350463,58.03083164396445],[26.920937046350463,58.0218384403272],[26.911943842713217,58.0218384403272]]]}},{"type":"Feature","properties":{"jobs":0,"pop":5,"pointCount":1,"homeWorkCommuteMedian":42587,"workHomeCommuteMedian":-1},"geometry":{"type":"Polygon","coordinates":[[[26.911943842713217,58.04881805123894],[26.911943842713217,58.057811254876185],[26.920937046350463,58.057811254876185],[26.920937046350463,58.04881805123894],[26.911943842713217,58.04881805123894]]]}},{"type":"Feature","properties":{"jobs":0,"pop":32,"pointCount":2,"homeWorkCommuteMedian":15392,"workHomeCommuteMedian":-1},"geometry":{"type":"Polygon","coordinates":[[[26.911943842713217,58.1387500876114],[26.911943842713217,58.147743291248645],[26.920937046350463,58.147743291248645],[26.920937046350463,58.1387500876114],[26.911943842713217,58.1387500876114]]]}},{"type":"Feature","properties":{"jobs":0,"pop":5,"pointCount":1,"homeWorkCommuteMedian":57583,"workHomeCommuteMedian":-1},"geometry":{"type":"Polygon","coordinates":[[[26.911943842713217,58.16572969852314],[26.911943842713217,58.17472290216038],[26.920937046350463,58.17472290216038],[26.920937046350463,58.16572969852314],[26.911943842713217,58.16572969852314]]]}},{"type":"Feature","properties":{"jobs":0,"pop":6,"pointCount":1,"homeWorkCommuteMedian":22157,"workHomeCommuteMedian":-1},"geometry":{"type":"Polygon","coordinates":[[[26.911943842713217,58.2556617348956],[26.911943842713217,58.26465493853284],[26.920937046350463,58.26465493853284],[26.920937046350463,58.2556617348956],[26.911943842713217,58.2556617348956]]]}},{"type":"Feature","properties":{"jobs":0,"pop":21,"pointCount":1,"homeWorkCommuteMedian":19366,"workHomeCommuteMedian":-1},"geometry":{"type":"Polygon","coordinates":[[[26.911943842713217,58.26465493853284],[26.911943842713217,58.27364814217009],[26.920937046350463,58.27364814217009],[26.920937046350463,58.26465493853284],[26.911943842713217,58.26465493853284]]]}},{"type":"Feature","properties":{"jobs":0,"pop":11,"pointCount":1,"homeWorkCommuteMedian":19303,"workHomeCommuteMedian":-1},"geometry":{"type":"Polygon","coordinates":[[[26.911943842713217,58.282641345807335],[26.911943842713217,58.29163454944458],[26.920937046350463,58.29163454944458],[26.920937046350463,58.282641345807335],[26.911943842713217,58.282641345807335]]]}},{"type":"Feature","properties":{"jobs":5,"pop":24,"pointCount":3,"homeWorkCommuteMedian":15143,"workHomeCommuteMedian":11563},"geometry":{"type":"Polygon","coordinates":[[[26.911943842713217,58.34559377126806],[26.911943842713217,58.3545869749053],[26.920937046350463,58.3545869749053],[26.920937046350463,58.34559377126806],[26.911943842713217,58.34559377126806]]]}},{"type":"Feature","properties":{"jobs":13,"pop":0,"pointCount":1,"homeWorkCommuteMedian":-1,"workHomeCommuteMedian":9568},"geometry":{"type":"Polygon","coordinates":[[[26.911943842713217,58.39055978945429],[26.911943842713217,58.39955299309153],[26.920937046350463,58.39955299309153],[26.920937046350463,58.39055978945429],[26.911943842713217,58.39055978945429]]]}},{"type":"Feature","properties":{"jobs":12,"pop":10,"pointCount":2,"homeWorkCommuteMedian":29579,"workHomeCommuteMedian":25656},"geometry":{"type":"Polygon","coordinates":[[[26.911943842713217,58.417539400366024],[26.911943842713217,58.42653260400327],[26.920937046350463,58.42653260400327],[26.920937046350463,58.417539400366024],[26.911943842713217,58.417539400366024]]]}},{"type":"Feature","properties":{"jobs":48,"pop":0,"pointCount":3,"homeWorkCommuteMedian":-1,"workHomeCommuteMedian":15305},"geometry":{"type":"Polygon","coordinates":[[[26.911943842713217,58.435525807640516],[26.911943842713217,58.44451901127776],[26.920937046350463,58.44451901127776],[26.920937046350463,58.435525807640516],[26.911943842713217,58.435525807640516]]]}},{"type":"Feature","properties":{"jobs":0,"pop":36,"pointCount":1,"homeWorkCommuteMedian":22326,"workHomeCommuteMedian":-1},"geometry":{"type":"Polygon","coordinates":[[[26.911943842713217,58.49847823310124],[26.911943842713217,58.507471436738484],[26.920937046350463,58.507471436738484],[26.920937046350463,58.49847823310124],[26.911943842713217,58.49847823310124]]]}},{"type":"Feature","properties":{"jobs":0,"pop":10,"pointCount":1,"homeWorkCommuteMedian":20628,"workHomeCommuteMedian":-1},"geometry":{"type":"Polygon","coordinates":[[[26.911943842713217,58.507471436738484],[26.911943842713217,58.51646464037573],[26.920937046350463,58.51646464037573],[26.920937046350463,58.507471436738484],[26.911943842713217,58.507471436738484]]]}},{"type":"Feature","properties":{"jobs":0,"pop":8,"pointCount":1,"homeWorkCommuteMedian":39467,"workHomeCommuteMedian":-1},"geometry":{"type":"Polygon","coordinates":[[[26.911943842713217,58.57941706583645],[26.911943842713217,58.5884102694737],[26.920937046350463,58.5884102694737],[26.920937046350463,58.57941706583645],[26.911943842713217,58.57941706583645]]]}},{"type":"Feature","properties":{"jobs":1,"pop":0,"pointCount":1,"homeWorkCommuteMedian":-1,"workHomeCommuteMedian":45618},"geometry":{"type":"Polygon","coordinates":[[[26.911943842713217,58.642369491297174],[26.911943842713217,58.65136269493442],[26.920937046350463,58.65136269493442],[26.920937046350463,58.642369491297174],[26.911943842713217,58.642369491297174]]]}},{"type":"Feature","properties":{"jobs":5,"pop":0,"pointCount":1,"homeWorkCommuteMedian":-1,"workHomeCommuteMedian":55510},"geometry":{"type":"Polygon","coordinates":[[[26.920937046350463,57.94089960759199],[26.920937046350463,57.94989281122923],[26.92993024998771,57.94989281122923],[26.92993024998771,57.94089960759199],[26.920937046350463,57.94089960759199]]]}},{"type":"Feature","properties":{"jobs":10,"pop":0,"pointCount":1,"homeWorkCommuteMedian":-1,"workHomeCommuteMedian":15188},"geometry":{"type":"Polygon","coordinates":[[[26.920937046350463,58.11177047669966],[26.920937046350463,58.12076368033691],[26.92993024998771,58.12076368033691],[26.92993024998771,58.11177047669966],[26.920937046350463,58.11177047669966]]]}},{"type":"Feature","properties":{"jobs":16,"pop":6,"pointCount":2,"homeWorkCommuteMedian":27531,"workHomeCommuteMedian":38946},"geometry":{"type":"Polygon","coordinates":[[[26.920937046350463,58.12076368033691],[26.920937046350463,58.12975688397415],[26.92993024998771,58.12975688397415],[26.92993024998771,58.12076368033691],[26.920937046350463,58.12076368033691]]]}},{"type":"Feature","properties":{"jobs":16,"pop":0,"pointCount":1,"homeWorkCommuteMedian":-1,"workHomeCommuteMedian":31654},"geometry":{"type":"Polygon","coordinates":[[[26.920937046350463,58.15673649488589],[26.920937046350463,58.16572969852314],[26.92993024998771,58.16572969852314],[26.92993024998771,58.15673649488589],[26.920937046350463,58.15673649488589]]]}},{"type":"Feature","properties":{"jobs":0,"pop":9,"pointCount":1,"homeWorkCommuteMedian":25177,"workHomeCommuteMedian":-1},"geometry":{"type":"Polygon","coordinates":[[[26.920937046350463,58.21968892034661],[26.920937046350463,58.22868212398386],[26.92993024998771,58.22868212398386],[26.92993024998771,58.21968892034661],[26.920937046350463,58.21968892034661]]]}},{"type":"Feature","properties":{"jobs":2,"pop":4,"pointCount":2,"homeWorkCommuteMedian":24310,"workHomeCommuteMedian":33411},"geometry":{"type":"Polygon","coordinates":[[[26.920937046350463,58.237675327621105],[26.920937046350463,58.24666853125835],[26.92993024998771,58.24666853125835],[26.92993024998771,58.237675327621105],[26.920937046350463,58.237675327621105]]]}},{"type":"Feature","properties":{"jobs":0,"pop":16,"pointCount":2,"homeWorkCommuteMedian":17191,"workHomeCommuteMedian":-1},"geometry":{"type":"Polygon","coordinates":[[[26.920937046350463,58.327607363993565],[26.920937046350463,58.33660056763081],[26.92993024998771,58.33660056763081],[26.92993024998771,58.327607363993565],[26.920937046350463,58.327607363993565]]]}},{"type":"Feature","properties":{"jobs":74,"pop":6,"pointCount":4,"homeWorkCommuteMedian":11529,"workHomeCommuteMedian":16386},"geometry":{"type":"Polygon","coordinates":[[[26.920937046350463,58.34559377126806],[26.920937046350463,58.3545869749053],[26.92993024998771,58.3545869749053],[26.92993024998771,58.34559377126806],[26.920937046350463,58.34559377126806]]]}},{"type":"Feature","properties":{"jobs":14,"pop":7,"pointCount":1,"homeWorkCommuteMedian":14166,"workHomeCommuteMedian":12066},"geometry":{"type":"Polygon","coordinates":[[[26.920937046350463,58.36358017854255],[26.920937046350463,58.372573382179795],[26.92993024998771,58.372573382179795],[26.92993024998771,58.36358017854255],[26.920937046350463,58.36358017854255]]]}},{"type":"Feature","properties":{"jobs":0,"pop":7,"pointCount":1,"homeWorkCommuteMedian":20477,"workHomeCommuteMedian":-1},"geometry":{"type":"Polygon","coordinates":[[[26.920937046350463,58.40854619672878],[26.920937046350463,58.417539400366024],[26.92993024998771,58.417539400366024],[26.92993024998771,58.40854619672878],[26.920937046350463,58.40854619672878]]]}},{"type":"Feature","properties":{"jobs":11,"pop":0,"pointCount":1,"homeWorkCommuteMedian":-1,"workHomeCommuteMedian":18456},"geometry":{"type":"Polygon","coordinates":[[[26.920937046350463,58.417539400366024],[26.920937046350463,58.42653260400327],[26.92993024998771,58.42653260400327],[26.92993024998771,58.417539400366024],[26.920937046350463,58.417539400366024]]]}},{"type":"Feature","properties":{"jobs":5,"pop":0,"pointCount":1,"homeWorkCommuteMedian":-1,"workHomeCommuteMedian":11247},"geometry":{"type":"Polygon","coordinates":[[[26.920937046350463,58.42653260400327],[26.920937046350463,58.435525807640516],[26.92993024998771,58.435525807640516],[26.92993024998771,58.42653260400327],[26.920937046350463,58.42653260400327]]]}},{"type":"Feature","properties":{"jobs":6,"pop":7,"pointCount":2,"homeWorkCommuteMedian":21646,"workHomeCommuteMedian":18014},"geometry":{"type":"Polygon","coordinates":[[[26.920937046350463,58.435525807640516],[26.920937046350463,58.44451901127776],[26.92993024998771,58.44451901127776],[26.92993024998771,58.435525807640516],[26.920937046350463,58.435525807640516]]]}},{"type":"Feature","properties":{"jobs":5,"pop":13,"pointCount":1,"homeWorkCommuteMedian":19651,"workHomeCommuteMedian":21778},"geometry":{"type":"Polygon","coordinates":[[[26.920937046350463,58.462505418552254],[26.920937046350463,58.4714986221895],[26.92993024998771,58.4714986221895],[26.92993024998771,58.462505418552254],[26.920937046350463,58.462505418552254]]]}},{"type":"Feature","properties":{"jobs":21,"pop":0,"pointCount":2,"homeWorkCommuteMedian":-1,"workHomeCommuteMedian":61541},"geometry":{"type":"Polygon","coordinates":[[[26.92993024998771,57.94089960759199],[26.92993024998771,57.94989281122923],[26.938923453624955,57.94989281122923],[26.938923453624955,57.94089960759199],[26.92993024998771,57.94089960759199]]]}},{"type":"Feature","properties":{"jobs":0,"pop":5,"pointCount":1,"homeWorkCommuteMedian":13106,"workHomeCommuteMedian":-1},"geometry":{"type":"Polygon","coordinates":[[[26.92993024998771,57.97687242214097],[26.92993024998771,57.98586562577822],[26.938923453624955,57.98586562577822],[26.938923453624955,57.97687242214097],[26.92993024998771,57.97687242214097]]]}},{"type":"Feature","properties":{"jobs":0,"pop":18,"pointCount":1,"homeWorkCommuteMedian":37986,"workHomeCommuteMedian":-1},"geometry":{"type":"Polygon","coordinates":[[[26.92993024998771,58.12076368033691],[26.92993024998771,58.12975688397415],[26.938923453624955,58.12975688397415],[26.938923453624955,58.12076368033691],[26.92993024998771,58.12076368033691]]]}},{"type":"Feature","properties":{"jobs":0,"pop":20,"pointCount":2,"homeWorkCommuteMedian":34945,"workHomeCommuteMedian":-1},"geometry":{"type":"Polygon","coordinates":[[[26.92993024998771,58.147743291248645],[26.92993024998771,58.15673649488589],[26.938923453624955,58.15673649488589],[26.938923453624955,58.147743291248645],[26.92993024998771,58.147743291248645]]]}},{"type":"Feature","properties":{"jobs":97,"pop":0,"pointCount":5,"homeWorkCommuteMedian":-1,"workHomeCommuteMedian":31523},"geometry":{"type":"Polygon","coordinates":[[[26.92993024998771,58.15673649488589],[26.92993024998771,58.16572969852314],[26.938923453624955,58.16572969852314],[26.938923453624955,58.15673649488589],[26.92993024998771,58.15673649488589]]]}},{"type":"Feature","properties":{"jobs":112,"pop":157,"pointCount":11,"homeWorkCommuteMedian":33163,"workHomeCommuteMedian":33501},"geometry":{"type":"Polygon","coordinates":[[[26.92993024998771,58.16572969852314],[26.92993024998771,58.17472290216038],[26.938923453624955,58.17472290216038],[26.938923453624955,58.16572969852314],[26.92993024998771,58.16572969852314]]]}},{"type":"Feature","properties":{"jobs":0,"pop":9,"pointCount":1,"homeWorkCommuteMedian":35233,"workHomeCommuteMedian":-1},"geometry":{"type":"Polygon","coordinates":[[[26.92993024998771,58.17472290216038],[26.92993024998771,58.18371610579763],[26.938923453624955,58.18371610579763],[26.938923453624955,58.17472290216038],[26.92993024998771,58.17472290216038]]]}},{"type":"Feature","properties":{"jobs":0,"pop":9,"pointCount":1,"homeWorkCommuteMedian":30604,"workHomeCommuteMedian":-1},"geometry":{"type":"Polygon","coordinates":[[[26.92993024998771,58.22868212398386],[26.92993024998771,58.237675327621105],[26.938923453624955,58.237675327621105],[26.938923453624955,58.22868212398386],[26.92993024998771,58.22868212398386]]]}},{"type":"Feature","properties":{"jobs":1,"pop":0,"pointCount":1,"homeWorkCommuteMedian":-1,"workHomeCommuteMedian":31344},"geometry":{"type":"Polygon","coordinates":[[[26.92993024998771,58.26465493853284],[26.92993024998771,58.27364814217009],[26.938923453624955,58.27364814217009],[26.938923453624955,58.26465493853284],[26.92993024998771,58.26465493853284]]]}},{"type":"Feature","properties":{"jobs":8,"pop":0,"pointCount":1,"homeWorkCommuteMedian":-1,"workHomeCommuteMedian":15552},"geometry":{"type":"Polygon","coordinates":[[[26.92993024998771,58.30962095671907],[26.92993024998771,58.31861416035632],[26.938923453624955,58.31861416035632],[26.938923453624955,58.30962095671907],[26.92993024998771,58.30962095671907]]]}},{"type":"Feature","properties":{"jobs":21,"pop":14,"pointCount":2,"homeWorkCommuteMedian":15883,"workHomeCommuteMedian":19040},"geometry":{"type":"Polygon","coordinates":[[[26.92993024998771,58.33660056763081],[26.92993024998771,58.34559377126806],[26.938923453624955,58.34559377126806],[26.938923453624955,58.33660056763081],[26.92993024998771,58.33660056763081]]]}},{"type":"Feature","properties":{"jobs":0,"pop":17,"pointCount":2,"homeWorkCommuteMedian":24985,"workHomeCommuteMedian":-1},"geometry":{"type":"Polygon","coordinates":[[[26.92993024998771,58.36358017854255],[26.92993024998771,58.372573382179795],[26.938923453624955,58.372573382179795],[26.938923453624955,58.36358017854255],[26.92993024998771,58.36358017854255]]]}},{"type":"Feature","properties":{"jobs":25,"pop":58,"pointCount":4,"homeWorkCommuteMedian":16333,"workHomeCommuteMedian":16551},"geometry":{"type":"Polygon","coordinates":[[[26.92993024998771,58.435525807640516],[26.92993024998771,58.44451901127776],[26.938923453624955,58.44451901127776],[26.938923453624955,58.435525807640516],[26.92993024998771,58.435525807640516]]]}},{"type":"Feature","properties":{"jobs":16,"pop":0,"pointCount":3,"homeWorkCommuteMedian":-1,"workHomeCommuteMedian":16554},"geometry":{"type":"Polygon","coordinates":[[[26.92993024998771,58.44451901127776],[26.92993024998771,58.45351221491501],[26.938923453624955,58.45351221491501],[26.938923453624955,58.44451901127776],[26.92993024998771,58.44451901127776]]]}},{"type":"Feature","properties":{"jobs":1,"pop":0,"pointCount":1,"homeWorkCommuteMedian":-1,"workHomeCommuteMedian":5682},"geometry":{"type":"Polygon","coordinates":[[[26.92993024998771,58.48948502946399],[26.92993024998771,58.49847823310124],[26.938923453624955,58.49847823310124],[26.938923453624955,58.48948502946399],[26.92993024998771,58.48948502946399]]]}},{"type":"Feature","properties":{"jobs":0,"pop":10,"pointCount":1,"homeWorkCommuteMedian":22644,"workHomeCommuteMedian":-1},"geometry":{"type":"Polygon","coordinates":[[[26.92993024998771,58.507471436738484],[26.92993024998771,58.51646464037573],[26.938923453624955,58.51646464037573],[26.938923453624955,58.507471436738484],[26.92993024998771,58.507471436738484]]]}},{"type":"Feature","properties":{"jobs":0,"pop":19,"pointCount":1,"homeWorkCommuteMedian":64990,"workHomeCommuteMedian":-1},"geometry":{"type":"Polygon","coordinates":[[[26.938923453624955,57.94089960759199],[26.938923453624955,57.94989281122923],[26.9479166572622,57.94989281122923],[26.9479166572622,57.94089960759199],[26.938923453624955,57.94089960759199]]]}},{"type":"Feature","properties":{"jobs":0,"pop":5,"pointCount":1,"homeWorkCommuteMedian":15279,"workHomeCommuteMedian":-1},"geometry":{"type":"Polygon","coordinates":[[[26.938923453624955,57.97687242214097],[26.938923453624955,57.98586562577822],[26.9479166572622,57.98586562577822],[26.9479166572622,57.97687242214097],[26.938923453624955,57.97687242214097]]]}},{"type":"Feature","properties":{"jobs":0,"pop":5,"pointCount":1,"homeWorkCommuteMedian":59036,"workHomeCommuteMedian":-1},"geometry":{"type":"Polygon","coordinates":[[[26.938923453624955,57.98586562577822],[26.938923453624955,57.99485882941546],[26.9479166572622,57.99485882941546],[26.9479166572622,57.98586562577822],[26.938923453624955,57.98586562577822]]]}},{"type":"Feature","properties":{"jobs":0,"pop":14,"pointCount":1,"homeWorkCommuteMedian":13542,"workHomeCommuteMedian":-1},"geometry":{"type":"Polygon","coordinates":[[[26.938923453624955,57.99485882941546],[26.938923453624955,58.00385203305271],[26.9479166572622,58.00385203305271],[26.9479166572622,57.99485882941546],[26.938923453624955,57.99485882941546]]]}},{"type":"Feature","properties":{"jobs":5,"pop":0,"pointCount":1,"homeWorkCommuteMedian":-1,"workHomeCommuteMedian":11864},"geometry":{"type":"Polygon","coordinates":[[[26.938923453624955,58.00385203305271],[26.938923453624955,58.012845236689955],[26.9479166572622,58.012845236689955],[26.9479166572622,58.00385203305271],[26.938923453624955,58.00385203305271]]]}},{"type":"Feature","properties":{"jobs":0,"pop":5,"pointCount":1,"homeWorkCommuteMedian":11362,"workHomeCommuteMedian":-1},"geometry":{"type":"Polygon","coordinates":[[[26.938923453624955,58.0218384403272],[26.938923453624955,58.03083164396445],[26.9479166572622,58.03083164396445],[26.9479166572622,58.0218384403272],[26.938923453624955,58.0218384403272]]]}},{"type":"Feature","properties":{"jobs":0,"pop":10,"pointCount":1,"homeWorkCommuteMedian":11316,"workHomeCommuteMedian":-1},"geometry":{"type":"Polygon","coordinates":[[[26.938923453624955,58.057811254876185],[26.938923453624955,58.06680445851343],[26.9479166572622,58.06680445851343],[26.9479166572622,58.057811254876185],[26.938923453624955,58.057811254876185]]]}},{"type":"Feature","properties":{"jobs":0,"pop":10,"pointCount":1,"homeWorkCommuteMedian":34358,"workHomeCommuteMedian":-1},"geometry":{"type":"Polygon","coordinates":[[[26.938923453624955,58.1387500876114],[26.938923453624955,58.147743291248645],[26.9479166572622,58.147743291248645],[26.9479166572622,58.1387500876114],[26.938923453624955,58.1387500876114]]]}},{"type":"Feature","properties":{"jobs":9,"pop":5,"pointCount":2,"homeWorkCommuteMedian":34241,"workHomeCommuteMedian":16379},"geometry":{"type":"Polygon","coordinates":[[[26.938923453624955,58.147743291248645],[26.938923453624955,58.15673649488589],[26.9479166572622,58.15673649488589],[26.9479166572622,58.147743291248645],[26.938923453624955,58.147743291248645]]]}},{"type":"Feature","properties":{"jobs":0,"pop":5,"pointCount":1,"homeWorkCommuteMedian":17252,"workHomeCommuteMedian":-1},"geometry":{"type":"Polygon","coordinates":[[[26.938923453624955,58.16572969852314],[26.938923453624955,58.17472290216038],[26.9479166572622,58.17472290216038],[26.9479166572622,58.16572969852314],[26.938923453624955,58.16572969852314]]]}},{"type":"Feature","properties":{"jobs":0,"pop":34,"pointCount":2,"homeWorkCommuteMedian":16430,"workHomeCommuteMedian":-1},"geometry":{"type":"Polygon","coordinates":[[[26.938923453624955,58.21968892034661],[26.938923453624955,58.22868212398386],[26.9479166572622,58.22868212398386],[26.9479166572622,58.21968892034661],[26.938923453624955,58.21968892034661]]]}},{"type":"Feature","properties":{"jobs":8,"pop":11,"pointCount":2,"homeWorkCommuteMedian":23103,"workHomeCommuteMedian":41226},"geometry":{"type":"Polygon","coordinates":[[[26.938923453624955,58.282641345807335],[26.938923453624955,58.29163454944458],[26.9479166572622,58.29163454944458],[26.9479166572622,58.282641345807335],[26.938923453624955,58.282641345807335]]]}},{"type":"Feature","properties":{"jobs":0,"pop":13,"pointCount":1,"homeWorkCommuteMedian":20782,"workHomeCommuteMedian":-1},"geometry":{"type":"Polygon","coordinates":[[[26.938923453624955,58.29163454944458],[26.938923453624955,58.30062775308183],[26.9479166572622,58.30062775308183],[26.9479166572622,58.29163454944458],[26.938923453624955,58.29163454944458]]]}},{"type":"Feature","properties":{"jobs":6,"pop":10,"pointCount":2,"homeWorkCommuteMedian":24344,"workHomeCommuteMedian":6481},"geometry":{"type":"Polygon","coordinates":[[[26.938923453624955,58.30062775308183],[26.938923453624955,58.30962095671907],[26.9479166572622,58.30962095671907],[26.9479166572622,58.30062775308183],[26.938923453624955,58.30062775308183]]]}},{"type":"Feature","properties":{"jobs":0,"pop":11,"pointCount":1,"homeWorkCommuteMedian":9202,"workHomeCommuteMedian":-1},"geometry":{"type":"Polygon","coordinates":[[[26.938923453624955,58.31861416035632],[26.938923453624955,58.327607363993565],[26.9479166572622,58.327607363993565],[26.9479166572622,58.31861416035632],[26.938923453624955,58.31861416035632]]]}},{"type":"Feature","properties":{"jobs":0,"pop":6,"pointCount":1,"homeWorkCommuteMedian":19937,"workHomeCommuteMedian":-1},"geometry":{"type":"Polygon","coordinates":[[[26.938923453624955,58.33660056763081],[26.938923453624955,58.34559377126806],[26.9479166572622,58.34559377126806],[26.9479166572622,58.33660056763081],[26.938923453624955,58.33660056763081]]]}},{"type":"Feature","properties":{"jobs":0,"pop":15,"pointCount":1,"homeWorkCommuteMedian":15590,"workHomeCommuteMedian":-1},"geometry":{"type":"Polygon","coordinates":[[[26.938923453624955,58.36358017854255],[26.938923453624955,58.372573382179795],[26.9479166572622,58.372573382179795],[26.9479166572622,58.36358017854255],[26.938923453624955,58.36358017854255]]]}},{"type":"Feature","properties":{"jobs":0,"pop":5,"pointCount":1,"homeWorkCommuteMedian":22888,"workHomeCommuteMedian":-1},"geometry":{"type":"Polygon","coordinates":[[[26.938923453624955,58.507471436738484],[26.938923453624955,58.51646464037573],[26.9479166572622,58.51646464037573],[26.9479166572622,58.507471436738484],[26.938923453624955,58.507471436738484]]]}},{"type":"Feature","properties":{"jobs":0,"pop":7,"pointCount":1,"homeWorkCommuteMedian":33467,"workHomeCommuteMedian":-1},"geometry":{"type":"Polygon","coordinates":[[[26.938923453624955,58.53445104765022],[26.938923453624955,58.54344425128747],[26.9479166572622,58.54344425128747],[26.9479166572622,58.53445104765022],[26.938923453624955,58.53445104765022]]]}},{"type":"Feature","properties":{"jobs":0,"pop":10,"pointCount":1,"homeWorkCommuteMedian":17771,"workHomeCommuteMedian":-1},"geometry":{"type":"Polygon","coordinates":[[[26.9479166572622,57.94089960759199],[26.9479166572622,57.94989281122923],[26.956909860899447,57.94989281122923],[26.956909860899447,57.94089960759199],[26.9479166572622,57.94089960759199]]]}},{"type":"Feature","properties":{"jobs":5,"pop":0,"pointCount":1,"homeWorkCommuteMedian":-1,"workHomeCommuteMedian":15014},"geometry":{"type":"Polygon","coordinates":[[[26.9479166572622,57.967879218503725],[26.9479166572622,57.97687242214097],[26.956909860899447,57.97687242214097],[26.956909860899447,57.967879218503725],[26.9479166572622,57.967879218503725]]]}},{"type":"Feature","properties":{"jobs":0,"pop":11,"pointCount":1,"homeWorkCommuteMedian":12985,"workHomeCommuteMedian":-1},"geometry":{"type":"Polygon","coordinates":[[[26.9479166572622,58.00385203305271],[26.9479166572622,58.012845236689955],[26.956909860899447,58.012845236689955],[26.956909860899447,58.00385203305271],[26.9479166572622,58.00385203305271]]]}},{"type":"Feature","properties":{"jobs":0,"pop":6,"pointCount":1,"homeWorkCommuteMedian":7985,"workHomeCommuteMedian":-1},"geometry":{"type":"Polygon","coordinates":[[[26.9479166572622,58.0218384403272],[26.9479166572622,58.03083164396445],[26.956909860899447,58.03083164396445],[26.956909860899447,58.0218384403272],[26.9479166572622,58.0218384403272]]]}},{"type":"Feature","properties":{"jobs":31,"pop":0,"pointCount":2,"homeWorkCommuteMedian":-1,"workHomeCommuteMedian":50006},"geometry":{"type":"Polygon","coordinates":[[[26.9479166572622,58.03083164396445],[26.9479166572622,58.03982484760169],[26.956909860899447,58.03982484760169],[26.956909860899447,58.03083164396445],[26.9479166572622,58.03083164396445]]]}},{"type":"Feature","properties":{"jobs":45,"pop":13,"pointCount":2,"homeWorkCommuteMedian":10793,"workHomeCommuteMedian":45569},"geometry":{"type":"Polygon","coordinates":[[[26.9479166572622,58.057811254876185],[26.9479166572622,58.06680445851343],[26.956909860899447,58.06680445851343],[26.956909860899447,58.057811254876185],[26.9479166572622,58.057811254876185]]]}},{"type":"Feature","properties":{"jobs":0,"pop":13,"pointCount":1,"homeWorkCommuteMedian":35642,"workHomeCommuteMedian":-1},"geometry":{"type":"Polygon","coordinates":[[[26.9479166572622,58.12076368033691],[26.9479166572622,58.12975688397415],[26.956909860899447,58.12975688397415],[26.956909860899447,58.12076368033691],[26.9479166572622,58.12076368033691]]]}},{"type":"Feature","properties":{"jobs":0,"pop":6,"pointCount":1,"homeWorkCommuteMedian":23978,"workHomeCommuteMedian":-1},"geometry":{"type":"Polygon","coordinates":[[[26.9479166572622,58.147743291248645],[26.9479166572622,58.15673649488589],[26.956909860899447,58.15673649488589],[26.956909860899447,58.147743291248645],[26.9479166572622,58.147743291248645]]]}},{"type":"Feature","properties":{"jobs":15,"pop":21,"pointCount":3,"homeWorkCommuteMedian":29672,"workHomeCommuteMedian":23387},"geometry":{"type":"Polygon","coordinates":[[[26.9479166572622,58.20170251307212],[26.9479166572622,58.21069571670937],[26.956909860899447,58.21069571670937],[26.956909860899447,58.20170251307212],[26.9479166572622,58.20170251307212]]]}},{"type":"Feature","properties":{"jobs":0,"pop":10,"pointCount":1,"homeWorkCommuteMedian":4814,"workHomeCommuteMedian":-1},"geometry":{"type":"Polygon","coordinates":[[[26.9479166572622,58.21069571670937],[26.9479166572622,58.21968892034661],[26.956909860899447,58.21968892034661],[26.956909860899447,58.21069571670937],[26.9479166572622,58.21069571670937]]]}},{"type":"Feature","properties":{"jobs":0,"pop":7,"pointCount":1,"homeWorkCommuteMedian":3559,"workHomeCommuteMedian":-1},"geometry":{"type":"Polygon","coordinates":[[[26.9479166572622,58.2556617348956],[26.9479166572622,58.26465493853284],[26.956909860899447,58.26465493853284],[26.956909860899447,58.2556617348956],[26.9479166572622,58.2556617348956]]]}},{"type":"Feature","properties":{"jobs":0,"pop":7,"pointCount":1,"homeWorkCommuteMedian":30732,"workHomeCommuteMedian":-1},"geometry":{"type":"Polygon","coordinates":[[[26.9479166572622,58.27364814217009],[26.9479166572622,58.282641345807335],[26.956909860899447,58.282641345807335],[26.956909860899447,58.27364814217009],[26.9479166572622,58.27364814217009]]]}},{"type":"Feature","properties":{"jobs":0,"pop":6,"pointCount":1,"homeWorkCommuteMedian":22669,"workHomeCommuteMedian":-1},"geometry":{"type":"Polygon","coordinates":[[[26.9479166572622,58.30062775308183],[26.9479166572622,58.30962095671907],[26.956909860899447,58.30962095671907],[26.956909860899447,58.30062775308183],[26.9479166572622,58.30062775308183]]]}},{"type":"Feature","properties":{"jobs":0,"pop":5,"pointCount":1,"homeWorkCommuteMedian":17236,"workHomeCommuteMedian":-1},"geometry":{"type":"Polygon","coordinates":[[[26.9479166572622,58.30962095671907],[26.9479166572622,58.31861416035632],[26.956909860899447,58.31861416035632],[26.956909860899447,58.30962095671907],[26.9479166572622,58.30962095671907]]]}},{"type":"Feature","properties":{"jobs":8,"pop":0,"pointCount":1,"homeWorkCommuteMedian":-1,"workHomeCommuteMedian":16384},"geometry":{"type":"Polygon","coordinates":[[[26.9479166572622,58.31861416035632],[26.9479166572622,58.327607363993565],[26.956909860899447,58.327607363993565],[26.956909860899447,58.31861416035632],[26.9479166572622,58.31861416035632]]]}},{"type":"Feature","properties":{"jobs":0,"pop":16,"pointCount":2,"homeWorkCommuteMedian":12903,"workHomeCommuteMedian":-1},"geometry":{"type":"Polygon","coordinates":[[[26.9479166572622,58.33660056763081],[26.9479166572622,58.34559377126806],[26.956909860899447,58.34559377126806],[26.956909860899447,58.33660056763081],[26.9479166572622,58.33660056763081]]]}},{"type":"Feature","properties":{"jobs":0,"pop":7,"pointCount":1,"homeWorkCommuteMedian":21570,"workHomeCommuteMedian":-1},"geometry":{"type":"Polygon","coordinates":[[[26.9479166572622,58.34559377126806],[26.9479166572622,58.3545869749053],[26.956909860899447,58.3545869749053],[26.956909860899447,58.34559377126806],[26.9479166572622,58.34559377126806]]]}},{"type":"Feature","properties":{"jobs":13,"pop":0,"pointCount":1,"homeWorkCommuteMedian":-1,"workHomeCommuteMedian":34694},"geometry":{"type":"Polygon","coordinates":[[[26.9479166572622,58.36358017854255],[26.9479166572622,58.372573382179795],[26.956909860899447,58.372573382179795],[26.956909860899447,58.36358017854255],[26.9479166572622,58.36358017854255]]]}},{"type":"Feature","properties":{"jobs":9,"pop":11,"pointCount":2,"homeWorkCommuteMedian":23521,"workHomeCommuteMedian":61451},"geometry":{"type":"Polygon","coordinates":[[[26.9479166572622,58.372573382179795],[26.9479166572622,58.38156658581704],[26.956909860899447,58.38156658581704],[26.956909860899447,58.372573382179795],[26.9479166572622,58.372573382179795]]]}},{"type":"Feature","properties":{"jobs":0,"pop":5,"pointCount":1,"homeWorkCommuteMedian":29522,"workHomeCommuteMedian":-1},"geometry":{"type":"Polygon","coordinates":[[[26.9479166572622,58.435525807640516],[26.9479166572622,58.44451901127776],[26.956909860899447,58.44451901127776],[26.956909860899447,58.435525807640516],[26.9479166572622,58.435525807640516]]]}},{"type":"Feature","properties":{"jobs":0,"pop":11,"pointCount":1,"homeWorkCommuteMedian":7323,"workHomeCommuteMedian":-1},"geometry":{"type":"Polygon","coordinates":[[[26.9479166572622,58.51646464037573],[26.9479166572622,58.525457844012976],[26.956909860899447,58.525457844012976],[26.956909860899447,58.51646464037573],[26.9479166572622,58.51646464037573]]]}},{"type":"Feature","properties":{"jobs":0,"pop":10,"pointCount":1,"homeWorkCommuteMedian":30514,"workHomeCommuteMedian":-1},"geometry":{"type":"Polygon","coordinates":[[[26.9479166572622,58.525457844012976],[26.9479166572622,58.53445104765022],[26.956909860899447,58.53445104765022],[26.956909860899447,58.525457844012976],[26.9479166572622,58.525457844012976]]]}},{"type":"Feature","properties":{"jobs":0,"pop":9,"pointCount":1,"homeWorkCommuteMedian":12317,"workHomeCommuteMedian":-1},"geometry":{"type":"Polygon","coordinates":[[[26.9479166572622,58.570423862199206],[26.9479166572622,58.57941706583645],[26.956909860899447,58.57941706583645],[26.956909860899447,58.570423862199206],[26.9479166572622,58.570423862199206]]]}},{"type":"Feature","properties":{"jobs":0,"pop":15,"pointCount":1,"homeWorkCommuteMedian":65074,"workHomeCommuteMedian":-1},"geometry":{"type":"Polygon","coordinates":[[[26.956909860899447,57.967879218503725],[26.956909860899447,57.97687242214097],[26.965903064536693,57.97687242214097],[26.965903064536693,57.967879218503725],[26.956909860899447,57.967879218503725]]]}},{"type":"Feature","properties":{"jobs":0,"pop":8,"pointCount":1,"homeWorkCommuteMedian":46795,"workHomeCommuteMedian":-1},"geometry":{"type":"Polygon","coordinates":[[[26.956909860899447,58.03083164396445],[26.956909860899447,58.03982484760169],[26.965903064536693,58.03982484760169],[26.965903064536693,58.03083164396445],[26.956909860899447,58.03083164396445]]]}},{"type":"Feature","properties":{"jobs":9,"pop":11,"pointCount":1,"homeWorkCommuteMedian":46002,"workHomeCommuteMedian":4806},"geometry":{"type":"Polygon","coordinates":[[[26.956909860899447,58.03982484760169],[26.956909860899447,58.04881805123894],[26.965903064536693,58.04881805123894],[26.965903064536693,58.03982484760169],[26.956909860899447,58.03982484760169]]]}},{"type":"Feature","properties":{"jobs":0,"pop":5,"pointCount":1,"homeWorkCommuteMedian":45443,"workHomeCommuteMedian":-1},"geometry":{"type":"Polygon","coordinates":[[[26.956909860899447,58.04881805123894],[26.956909860899447,58.057811254876185],[26.965903064536693,58.057811254876185],[26.965903064536693,58.04881805123894],[26.956909860899447,58.04881805123894]]]}},{"type":"Feature","properties":{"jobs":10,"pop":54,"pointCount":3,"homeWorkCommuteMedian":30344,"workHomeCommuteMedian":37965},"geometry":{"type":"Polygon","coordinates":[[[26.956909860899447,58.057811254876185],[26.956909860899447,58.06680445851343],[26.965903064536693,58.06680445851343],[26.965903064536693,58.057811254876185],[26.956909860899447,58.057811254876185]]]}},{"type":"Feature","properties":{"jobs":0,"pop":9,"pointCount":1,"homeWorkCommuteMedian":1900,"workHomeCommuteMedian":-1},"geometry":{"type":"Polygon","coordinates":[[[26.956909860899447,58.06680445851343],[26.956909860899447,58.07579766215068],[26.965903064536693,58.07579766215068],[26.965903064536693,58.06680445851343],[26.956909860899447,58.06680445851343]]]}},{"type":"Feature","properties":{"jobs":5,"pop":0,"pointCount":1,"homeWorkCommuteMedian":-1,"workHomeCommuteMedian":39045},"geometry":{"type":"Polygon","coordinates":[[[26.956909860899447,58.12076368033691],[26.956909860899447,58.12975688397415],[26.965903064536693,58.12975688397415],[26.965903064536693,58.12076368033691],[26.956909860899447,58.12076368033691]]]}},{"type":"Feature","properties":{"jobs":0,"pop":8,"pointCount":1,"homeWorkCommuteMedian":23258,"workHomeCommuteMedian":-1},"geometry":{"type":"Polygon","coordinates":[[[26.956909860899447,58.27364814217009],[26.956909860899447,58.282641345807335],[26.965903064536693,58.282641345807335],[26.965903064536693,58.27364814217009],[26.956909860899447,58.27364814217009]]]}},{"type":"Feature","properties":{"jobs":15,"pop":12,"pointCount":2,"homeWorkCommuteMedian":21555,"workHomeCommuteMedian":45429},"geometry":{"type":"Polygon","coordinates":[[[26.956909860899447,58.30962095671907],[26.956909860899447,58.31861416035632],[26.965903064536693,58.31861416035632],[26.965903064536693,58.30962095671907],[26.956909860899447,58.30962095671907]]]}},{"type":"Feature","properties":{"jobs":0,"pop":6,"pointCount":1,"homeWorkCommuteMedian":11354,"workHomeCommuteMedian":-1},"geometry":{"type":"Polygon","coordinates":[[[26.956909860899447,58.31861416035632],[26.956909860899447,58.327607363993565],[26.965903064536693,58.327607363993565],[26.965903064536693,58.31861416035632],[26.956909860899447,58.31861416035632]]]}},{"type":"Feature","properties":{"jobs":0,"pop":16,"pointCount":2,"homeWorkCommuteMedian":18730,"workHomeCommuteMedian":-1},"geometry":{"type":"Polygon","coordinates":[[[26.956909860899447,58.36358017854255],[26.956909860899447,58.372573382179795],[26.965903064536693,58.372573382179795],[26.965903064536693,58.36358017854255],[26.956909860899447,58.36358017854255]]]}},{"type":"Feature","properties":{"jobs":11,"pop":0,"pointCount":1,"homeWorkCommuteMedian":-1,"workHomeCommuteMedian":14732},"geometry":{"type":"Polygon","coordinates":[[[26.956909860899447,58.38156658581704],[26.956909860899447,58.39055978945429],[26.965903064536693,58.39055978945429],[26.965903064536693,58.38156658581704],[26.956909860899447,58.38156658581704]]]}},{"type":"Feature","properties":{"jobs":0,"pop":5,"pointCount":1,"homeWorkCommuteMedian":6999,"workHomeCommuteMedian":-1},"geometry":{"type":"Polygon","coordinates":[[[26.956909860899447,58.39055978945429],[26.956909860899447,58.39955299309153],[26.965903064536693,58.39955299309153],[26.965903064536693,58.39055978945429],[26.956909860899447,58.39055978945429]]]}},{"type":"Feature","properties":{"jobs":14,"pop":12,"pointCount":3,"homeWorkCommuteMedian":25356,"workHomeCommuteMedian":21606},"geometry":{"type":"Polygon","coordinates":[[[26.956909860899447,58.40854619672878],[26.956909860899447,58.417539400366024],[26.965903064536693,58.417539400366024],[26.965903064536693,58.40854619672878],[26.956909860899447,58.40854619672878]]]}},{"type":"Feature","properties":{"jobs":8,"pop":15,"pointCount":1,"homeWorkCommuteMedian":24410,"workHomeCommuteMedian":16672},"geometry":{"type":"Polygon","coordinates":[[[26.956909860899447,58.45351221491501],[26.956909860899447,58.462505418552254],[26.965903064536693,58.462505418552254],[26.965903064536693,58.45351221491501],[26.956909860899447,58.45351221491501]]]}},{"type":"Feature","properties":{"jobs":0,"pop":7,"pointCount":1,"homeWorkCommuteMedian":25610,"workHomeCommuteMedian":-1},"geometry":{"type":"Polygon","coordinates":[[[26.956909860899447,58.49847823310124],[26.956909860899447,58.507471436738484],[26.965903064536693,58.507471436738484],[26.965903064536693,58.49847823310124],[26.956909860899447,58.49847823310124]]]}},{"type":"Feature","properties":{"jobs":8,"pop":0,"pointCount":1,"homeWorkCommuteMedian":-1,"workHomeCommuteMedian":6998},"geometry":{"type":"Polygon","coordinates":[[[26.956909860899447,58.507471436738484],[26.956909860899447,58.51646464037573],[26.965903064536693,58.51646464037573],[26.965903064536693,58.507471436738484],[26.956909860899447,58.507471436738484]]]}},{"type":"Feature","properties":{"jobs":0,"pop":2,"pointCount":1,"homeWorkCommuteMedian":55858,"workHomeCommuteMedian":-1},"geometry":{"type":"Polygon","coordinates":[[[26.956909860899447,58.67834230584616],[26.956909860899447,58.687335509483404],[26.965903064536693,58.687335509483404],[26.965903064536693,58.67834230584616],[26.956909860899447,58.67834230584616]]]}},{"type":"Feature","properties":{"jobs":0,"pop":8,"pointCount":1,"homeWorkCommuteMedian":317,"workHomeCommuteMedian":-1},"geometry":{"type":"Polygon","coordinates":[[[26.956909860899447,58.705321916757896],[26.956909860899447,58.71431512039514],[26.965903064536693,58.71431512039514],[26.965903064536693,58.705321916757896],[26.956909860899447,58.705321916757896]]]}},{"type":"Feature","properties":{"jobs":0,"pop":15,"pointCount":2,"homeWorkCommuteMedian":36705,"workHomeCommuteMedian":-1},"geometry":{"type":"Polygon","coordinates":[[[26.956909860899447,58.71431512039514],[26.956909860899447,58.72330832403239],[26.965903064536693,58.72330832403239],[26.965903064536693,58.71431512039514],[26.956909860899447,58.71431512039514]]]}},{"type":"Feature","properties":{"jobs":0,"pop":3,"pointCount":1,"homeWorkCommuteMedian":12345,"workHomeCommuteMedian":-1},"geometry":{"type":"Polygon","coordinates":[[[26.956909860899447,58.72330832403239],[26.956909860899447,58.732301527669634],[26.965903064536693,58.732301527669634],[26.965903064536693,58.72330832403239],[26.956909860899447,58.72330832403239]]]}},{"type":"Feature","properties":{"jobs":0,"pop":6,"pointCount":1,"homeWorkCommuteMedian":51275,"workHomeCommuteMedian":-1},"geometry":{"type":"Polygon","coordinates":[[[26.965903064536693,57.93190640395474],[26.965903064536693,57.94089960759199],[26.97489626817394,57.94089960759199],[26.97489626817394,57.93190640395474],[26.965903064536693,57.93190640395474]]]}},{"type":"Feature","properties":{"jobs":9,"pop":0,"pointCount":1,"homeWorkCommuteMedian":-1,"workHomeCommuteMedian":43599},"geometry":{"type":"Polygon","coordinates":[[[26.965903064536693,58.00385203305271],[26.965903064536693,58.012845236689955],[26.97489626817394,58.012845236689955],[26.97489626817394,58.00385203305271],[26.965903064536693,58.00385203305271]]]}},{"type":"Feature","properties":{"jobs":0,"pop":7,"pointCount":1,"homeWorkCommuteMedian":77396,"workHomeCommuteMedian":-1},"geometry":{"type":"Polygon","coordinates":[[[26.965903064536693,58.012845236689955],[26.965903064536693,58.0218384403272],[26.97489626817394,58.0218384403272],[26.97489626817394,58.012845236689955],[26.965903064536693,58.012845236689955]]]}},{"type":"Feature","properties":{"jobs":37,"pop":9,"pointCount":2,"homeWorkCommuteMedian":43413,"workHomeCommuteMedian":18400},"geometry":{"type":"Polygon","coordinates":[[[26.965903064536693,58.06680445851343],[26.965903064536693,58.07579766215068],[26.97489626817394,58.07579766215068],[26.97489626817394,58.06680445851343],[26.965903064536693,58.06680445851343]]]}},{"type":"Feature","properties":{"jobs":13,"pop":15,"pointCount":2,"homeWorkCommuteMedian":37242,"workHomeCommuteMedian":37887},"geometry":{"type":"Polygon","coordinates":[[[26.965903064536693,58.1387500876114],[26.965903064536693,58.147743291248645],[26.97489626817394,58.147743291248645],[26.97489626817394,58.1387500876114],[26.965903064536693,58.1387500876114]]]}},{"type":"Feature","properties":{"jobs":28,"pop":20,"pointCount":4,"homeWorkCommuteMedian":37411,"workHomeCommuteMedian":40776},"geometry":{"type":"Polygon","coordinates":[[[26.965903064536693,58.147743291248645],[26.965903064536693,58.15673649488589],[26.97489626817394,58.15673649488589],[26.97489626817394,58.147743291248645],[26.965903064536693,58.147743291248645]]]}},{"type":"Feature","properties":{"jobs":0,"pop":7,"pointCount":1,"homeWorkCommuteMedian":8024,"workHomeCommuteMedian":-1},"geometry":{"type":"Polygon","coordinates":[[[26.965903064536693,58.26465493853284],[26.965903064536693,58.27364814217009],[26.97489626817394,58.27364814217009],[26.97489626817394,58.26465493853284],[26.965903064536693,58.26465493853284]]]}},{"type":"Feature","properties":{"jobs":0,"pop":7,"pointCount":1,"homeWorkCommuteMedian":24922,"workHomeCommuteMedian":-1},"geometry":{"type":"Polygon","coordinates":[[[26.965903064536693,58.282641345807335],[26.965903064536693,58.29163454944458],[26.97489626817394,58.29163454944458],[26.97489626817394,58.282641345807335],[26.965903064536693,58.282641345807335]]]}},{"type":"Feature","properties":{"jobs":55,"pop":15,"pointCount":4,"homeWorkCommuteMedian":20224,"workHomeCommuteMedian":17453},"geometry":{"type":"Polygon","coordinates":[[[26.965903064536693,58.30962095671907],[26.965903064536693,58.31861416035632],[26.97489626817394,58.31861416035632],[26.97489626817394,58.30962095671907],[26.965903064536693,58.30962095671907]]]}},{"type":"Feature","properties":{"jobs":0,"pop":33,"pointCount":2,"homeWorkCommuteMedian":19749,"workHomeCommuteMedian":-1},"geometry":{"type":"Polygon","coordinates":[[[26.965903064536693,58.31861416035632],[26.965903064536693,58.327607363993565],[26.97489626817394,58.327607363993565],[26.97489626817394,58.31861416035632],[26.965903064536693,58.31861416035632]]]}},{"type":"Feature","properties":{"jobs":0,"pop":32,"pointCount":3,"homeWorkCommuteMedian":18816,"workHomeCommuteMedian":-1},"geometry":{"type":"Polygon","coordinates":[[[26.965903064536693,58.327607363993565],[26.965903064536693,58.33660056763081],[26.97489626817394,58.33660056763081],[26.97489626817394,58.327607363993565],[26.965903064536693,58.327607363993565]]]}},{"type":"Feature","properties":{"jobs":0,"pop":10,"pointCount":1,"homeWorkCommuteMedian":39510,"workHomeCommuteMedian":-1},"geometry":{"type":"Polygon","coordinates":[[[26.965903064536693,58.33660056763081],[26.965903064536693,58.34559377126806],[26.97489626817394,58.34559377126806],[26.97489626817394,58.33660056763081],[26.965903064536693,58.33660056763081]]]}},{"type":"Feature","properties":{"jobs":0,"pop":5,"pointCount":1,"homeWorkCommuteMedian":24147,"workHomeCommuteMedian":-1},"geometry":{"type":"Polygon","coordinates":[[[26.965903064536693,58.34559377126806],[26.965903064536693,58.3545869749053],[26.97489626817394,58.3545869749053],[26.97489626817394,58.34559377126806],[26.965903064536693,58.34559377126806]]]}},{"type":"Feature","properties":{"jobs":9,"pop":11,"pointCount":2,"homeWorkCommuteMedian":59433,"workHomeCommuteMedian":62184},"geometry":{"type":"Polygon","coordinates":[[[26.965903064536693,58.38156658581704],[26.965903064536693,58.39055978945429],[26.97489626817394,58.39055978945429],[26.97489626817394,58.38156658581704],[26.965903064536693,58.38156658581704]]]}},{"type":"Feature","properties":{"jobs":8,"pop":0,"pointCount":1,"homeWorkCommuteMedian":-1,"workHomeCommuteMedian":21224},"geometry":{"type":"Polygon","coordinates":[[[26.965903064536693,58.615389880385436],[26.965903064536693,58.62438308402268],[26.97489626817394,58.62438308402268],[26.97489626817394,58.615389880385436],[26.965903064536693,58.615389880385436]]]}},{"type":"Feature","properties":{"jobs":0,"pop":7,"pointCount":1,"homeWorkCommuteMedian":44617,"workHomeCommuteMedian":-1},"geometry":{"type":"Polygon","coordinates":[[[26.965903064536693,58.63337628765993],[26.965903064536693,58.642369491297174],[26.97489626817394,58.642369491297174],[26.97489626817394,58.63337628765993],[26.965903064536693,58.63337628765993]]]}},{"type":"Feature","properties":{"jobs":11,"pop":0,"pointCount":1,"homeWorkCommuteMedian":-1,"workHomeCommuteMedian":6460},"geometry":{"type":"Polygon","coordinates":[[[26.965903064536693,58.705321916757896],[26.965903064536693,58.71431512039514],[26.97489626817394,58.71431512039514],[26.97489626817394,58.705321916757896],[26.965903064536693,58.705321916757896]]]}},{"type":"Feature","properties":{"jobs":1,"pop":0,"pointCount":1,"homeWorkCommuteMedian":-1,"workHomeCommuteMedian":42463},"geometry":{"type":"Polygon","coordinates":[[[26.965903064536693,58.74129473130688],[26.965903064536693,58.750287934944126],[26.97489626817394,58.750287934944126],[26.97489626817394,58.74129473130688],[26.965903064536693,58.74129473130688]]]}},{"type":"Feature","properties":{"jobs":5,"pop":0,"pointCount":1,"homeWorkCommuteMedian":-1,"workHomeCommuteMedian":7028},"geometry":{"type":"Polygon","coordinates":[[[26.97489626817394,57.94989281122923],[26.97489626817394,57.95888601486648],[26.983889471811185,57.95888601486648],[26.983889471811185,57.94989281122923],[26.97489626817394,57.94989281122923]]]}},{"type":"Feature","properties":{"jobs":0,"pop":13,"pointCount":1,"homeWorkCommuteMedian":9407,"workHomeCommuteMedian":-1},"geometry":{"type":"Polygon","coordinates":[[[26.97489626817394,58.012845236689955],[26.97489626817394,58.0218384403272],[26.983889471811185,58.0218384403272],[26.983889471811185,58.012845236689955],[26.97489626817394,58.012845236689955]]]}},{"type":"Feature","properties":{"jobs":4,"pop":4,"pointCount":2,"homeWorkCommuteMedian":37566,"workHomeCommuteMedian":38508},"geometry":{"type":"Polygon","coordinates":[[[26.97489626817394,58.15673649488589],[26.97489626817394,58.16572969852314],[26.983889471811185,58.16572969852314],[26.983889471811185,58.15673649488589],[26.97489626817394,58.15673649488589]]]}},{"type":"Feature","properties":{"jobs":63,"pop":40,"pointCount":5,"homeWorkCommuteMedian":19434,"workHomeCommuteMedian":21047},"geometry":{"type":"Polygon","coordinates":[[[26.97489626817394,58.327607363993565],[26.97489626817394,58.33660056763081],[26.983889471811185,58.33660056763081],[26.983889471811185,58.327607363993565],[26.97489626817394,58.327607363993565]]]}},{"type":"Feature","properties":{"jobs":37,"pop":0,"pointCount":2,"homeWorkCommuteMedian":-1,"workHomeCommuteMedian":13160},"geometry":{"type":"Polygon","coordinates":[[[26.97489626817394,58.33660056763081],[26.97489626817394,58.34559377126806],[26.983889471811185,58.34559377126806],[26.983889471811185,58.33660056763081],[26.97489626817394,58.33660056763081]]]}},{"type":"Feature","properties":{"jobs":0,"pop":50,"pointCount":3,"homeWorkCommuteMedian":19405,"workHomeCommuteMedian":-1},"geometry":{"type":"Polygon","coordinates":[[[26.97489626817394,58.372573382179795],[26.97489626817394,58.38156658581704],[26.983889471811185,58.38156658581704],[26.983889471811185,58.372573382179795],[26.97489626817394,58.372573382179795]]]}},{"type":"Feature","properties":{"jobs":0,"pop":17,"pointCount":2,"homeWorkCommuteMedian":20297,"workHomeCommuteMedian":-1},"geometry":{"type":"Polygon","coordinates":[[[26.97489626817394,58.39055978945429],[26.97489626817394,58.39955299309153],[26.983889471811185,58.39955299309153],[26.983889471811185,58.39055978945429],[26.97489626817394,58.39055978945429]]]}},{"type":"Feature","properties":{"jobs":4,"pop":0,"pointCount":1,"homeWorkCommuteMedian":-1,"workHomeCommuteMedian":28964},"geometry":{"type":"Polygon","coordinates":[[[26.97489626817394,58.4714986221895],[26.97489626817394,58.480491825826746],[26.983889471811185,58.480491825826746],[26.983889471811185,58.4714986221895],[26.97489626817394,58.4714986221895]]]}},{"type":"Feature","properties":{"jobs":0,"pop":14,"pointCount":1,"homeWorkCommuteMedian":26839,"workHomeCommuteMedian":-1},"geometry":{"type":"Polygon","coordinates":[[[26.97489626817394,58.49847823310124],[26.97489626817394,58.507471436738484],[26.983889471811185,58.507471436738484],[26.983889471811185,58.49847823310124],[26.97489626817394,58.49847823310124]]]}},{"type":"Feature","properties":{"jobs":9,"pop":10,"pointCount":2,"homeWorkCommuteMedian":24526,"workHomeCommuteMedian":6382},"geometry":{"type":"Polygon","coordinates":[[[26.97489626817394,58.507471436738484],[26.97489626817394,58.51646464037573],[26.983889471811185,58.51646464037573],[26.983889471811185,58.507471436738484],[26.97489626817394,58.507471436738484]]]}},{"type":"Feature","properties":{"jobs":0,"pop":10,"pointCount":1,"homeWorkCommuteMedian":32328,"workHomeCommuteMedian":-1},"geometry":{"type":"Polygon","coordinates":[[[26.97489626817394,58.570423862199206],[26.97489626817394,58.57941706583645],[26.983889471811185,58.57941706583645],[26.983889471811185,58.570423862199206],[26.97489626817394,58.570423862199206]]]}},{"type":"Feature","properties":{"jobs":4,"pop":0,"pointCount":1,"homeWorkCommuteMedian":-1,"workHomeCommuteMedian":57566},"geometry":{"type":"Polygon","coordinates":[[[26.97489626817394,58.63337628765993],[26.97489626817394,58.642369491297174],[26.983889471811185,58.642369491297174],[26.983889471811185,58.63337628765993],[26.97489626817394,58.63337628765993]]]}},{"type":"Feature","properties":{"jobs":7,"pop":0,"pointCount":1,"homeWorkCommuteMedian":-1,"workHomeCommuteMedian":76944},"geometry":{"type":"Polygon","coordinates":[[[26.97489626817394,58.687335509483404],[26.97489626817394,58.69632871312065],[26.983889471811185,58.69632871312065],[26.983889471811185,58.687335509483404],[26.97489626817394,58.687335509483404]]]}},{"type":"Feature","properties":{"jobs":0,"pop":16,"pointCount":2,"homeWorkCommuteMedian":53404,"workHomeCommuteMedian":-1},"geometry":{"type":"Polygon","coordinates":[[[26.97489626817394,58.71431512039514],[26.97489626817394,58.72330832403239],[26.983889471811185,58.72330832403239],[26.983889471811185,58.71431512039514],[26.97489626817394,58.71431512039514]]]}},{"type":"Feature","properties":{"jobs":0,"pop":9,"pointCount":1,"homeWorkCommuteMedian":62066,"workHomeCommuteMedian":-1},"geometry":{"type":"Polygon","coordinates":[[[26.983889471811185,57.967879218503725],[26.983889471811185,57.97687242214097],[26.99288267544843,57.97687242214097],[26.99288267544843,57.967879218503725],[26.983889471811185,57.967879218503725]]]}},{"type":"Feature","properties":{"jobs":0,"pop":22,"pointCount":2,"homeWorkCommuteMedian":18001,"workHomeCommuteMedian":-1},"geometry":{"type":"Polygon","coordinates":[[[26.983889471811185,58.0218384403272],[26.983889471811185,58.03083164396445],[26.99288267544843,58.03083164396445],[26.99288267544843,58.0218384403272],[26.983889471811185,58.0218384403272]]]}},{"type":"Feature","properties":{"jobs":0,"pop":5,"pointCount":1,"homeWorkCommuteMedian":44768,"workHomeCommuteMedian":-1},"geometry":{"type":"Polygon","coordinates":[[[26.983889471811185,58.26465493853284],[26.983889471811185,58.27364814217009],[26.99288267544843,58.27364814217009],[26.99288267544843,58.26465493853284],[26.983889471811185,58.26465493853284]]]}},{"type":"Feature","properties":{"jobs":0,"pop":107,"pointCount":1,"homeWorkCommuteMedian":17857,"workHomeCommuteMedian":-1},"geometry":{"type":"Polygon","coordinates":[[[26.983889471811185,58.327607363993565],[26.983889471811185,58.33660056763081],[26.99288267544843,58.33660056763081],[26.99288267544843,58.327607363993565],[26.983889471811185,58.327607363993565]]]}},{"type":"Feature","properties":{"jobs":38,"pop":6,"pointCount":3,"homeWorkCommuteMedian":43689,"workHomeCommuteMedian":35865},"geometry":{"type":"Polygon","coordinates":[[[26.983889471811185,58.33660056763081],[26.983889471811185,58.34559377126806],[26.99288267544843,58.34559377126806],[26.99288267544843,58.33660056763081],[26.983889471811185,58.33660056763081]]]}},{"type":"Feature","properties":{"jobs":0,"pop":10,"pointCount":1,"homeWorkCommuteMedian":21491,"workHomeCommuteMedian":-1},"geometry":{"type":"Polygon","coordinates":[[[26.983889471811185,58.34559377126806],[26.983889471811185,58.3545869749053],[26.99288267544843,58.3545869749053],[26.99288267544843,58.34559377126806],[26.983889471811185,58.34559377126806]]]}},{"type":"Feature","properties":{"jobs":19,"pop":0,"pointCount":1,"homeWorkCommuteMedian":-1,"workHomeCommuteMedian":17810},"geometry":{"type":"Polygon","coordinates":[[[26.983889471811185,58.372573382179795],[26.983889471811185,58.38156658581704],[26.99288267544843,58.38156658581704],[26.99288267544843,58.372573382179795],[26.983889471811185,58.372573382179795]]]}},{"type":"Feature","properties":{"jobs":0,"pop":9,"pointCount":1,"homeWorkCommuteMedian":20291,"workHomeCommuteMedian":-1},"geometry":{"type":"Polygon","coordinates":[[[26.983889471811185,58.38156658581704],[26.983889471811185,58.39055978945429],[26.99288267544843,58.39055978945429],[26.99288267544843,58.38156658581704],[26.983889471811185,58.38156658581704]]]}},{"type":"Feature","properties":{"jobs":15,"pop":0,"pointCount":1,"homeWorkCommuteMedian":-1,"workHomeCommuteMedian":18163},"geometry":{"type":"Polygon","coordinates":[[[26.983889471811185,58.417539400366024],[26.983889471811185,58.42653260400327],[26.99288267544843,58.42653260400327],[26.99288267544843,58.417539400366024],[26.983889471811185,58.417539400366024]]]}},{"type":"Feature","properties":{"jobs":5,"pop":10,"pointCount":2,"homeWorkCommuteMedian":28712,"workHomeCommuteMedian":85125},"geometry":{"type":"Polygon","coordinates":[[[26.983889471811185,58.45351221491501],[26.983889471811185,58.462505418552254],[26.99288267544843,58.462505418552254],[26.99288267544843,58.45351221491501],[26.983889471811185,58.45351221491501]]]}},{"type":"Feature","properties":{"jobs":0,"pop":7,"pointCount":1,"homeWorkCommuteMedian":6265,"workHomeCommuteMedian":-1},"geometry":{"type":"Polygon","coordinates":[[[26.983889471811185,58.507471436738484],[26.983889471811185,58.51646464037573],[26.99288267544843,58.51646464037573],[26.99288267544843,58.507471436738484],[26.983889471811185,58.507471436738484]]]}},{"type":"Feature","properties":{"jobs":5,"pop":0,"pointCount":1,"homeWorkCommuteMedian":-1,"workHomeCommuteMedian":16568},"geometry":{"type":"Polygon","coordinates":[[[26.983889471811185,58.705321916757896],[26.983889471811185,58.71431512039514],[26.99288267544843,58.71431512039514],[26.99288267544843,58.705321916757896],[26.983889471811185,58.705321916757896]]]}},{"type":"Feature","properties":{"jobs":0,"pop":8,"pointCount":1,"homeWorkCommuteMedian":19022,"workHomeCommuteMedian":-1},"geometry":{"type":"Polygon","coordinates":[[[26.983889471811185,58.71431512039514],[26.983889471811185,58.72330832403239],[26.99288267544843,58.72330832403239],[26.99288267544843,58.71431512039514],[26.983889471811185,58.71431512039514]]]}},{"type":"Feature","properties":{"jobs":0,"pop":5,"pointCount":1,"homeWorkCommuteMedian":10095,"workHomeCommuteMedian":-1},"geometry":{"type":"Polygon","coordinates":[[[26.99288267544843,57.922913200317495],[26.99288267544843,57.93190640395474],[27.001875879085677,57.93190640395474],[27.001875879085677,57.922913200317495],[26.99288267544843,57.922913200317495]]]}},{"type":"Feature","properties":{"jobs":0,"pop":5,"pointCount":1,"homeWorkCommuteMedian":82843,"workHomeCommuteMedian":-1},"geometry":{"type":"Polygon","coordinates":[[[26.99288267544843,57.94989281122923],[26.99288267544843,57.95888601486648],[27.001875879085677,57.95888601486648],[27.001875879085677,57.94989281122923],[26.99288267544843,57.94989281122923]]]}},{"type":"Feature","properties":{"jobs":53,"pop":123,"pointCount":3,"homeWorkCommuteMedian":63057,"workHomeCommuteMedian":12243},"geometry":{"type":"Polygon","coordinates":[[[26.99288267544843,57.95888601486648],[26.99288267544843,57.967879218503725],[27.001875879085677,57.967879218503725],[27.001875879085677,57.95888601486648],[26.99288267544843,57.95888601486648]]]}},{"type":"Feature","properties":{"jobs":27,"pop":0,"pointCount":2,"homeWorkCommuteMedian":-1,"workHomeCommuteMedian":55283},"geometry":{"type":"Polygon","coordinates":[[[26.99288267544843,57.967879218503725],[26.99288267544843,57.97687242214097],[27.001875879085677,57.97687242214097],[27.001875879085677,57.967879218503725],[26.99288267544843,57.967879218503725]]]}},{"type":"Feature","properties":{"jobs":0,"pop":6,"pointCount":1,"homeWorkCommuteMedian":61457,"workHomeCommuteMedian":-1},"geometry":{"type":"Polygon","coordinates":[[[26.99288267544843,57.97687242214097],[26.99288267544843,57.98586562577822],[27.001875879085677,57.98586562577822],[27.001875879085677,57.97687242214097],[26.99288267544843,57.97687242214097]]]}},{"type":"Feature","properties":{"jobs":0,"pop":14,"pointCount":2,"homeWorkCommuteMedian":10134,"workHomeCommuteMedian":-1},"geometry":{"type":"Polygon","coordinates":[[[26.99288267544843,58.0218384403272],[26.99288267544843,58.03083164396445],[27.001875879085677,58.03083164396445],[27.001875879085677,58.0218384403272],[26.99288267544843,58.0218384403272]]]}},{"type":"Feature","properties":{"jobs":32,"pop":10,"pointCount":4,"homeWorkCommuteMedian":4481,"workHomeCommuteMedian":44640},"geometry":{"type":"Polygon","coordinates":[[[26.99288267544843,58.03083164396445],[26.99288267544843,58.03982484760169],[27.001875879085677,58.03982484760169],[27.001875879085677,58.03083164396445],[26.99288267544843,58.03083164396445]]]}},{"type":"Feature","properties":{"jobs":0,"pop":8,"pointCount":1,"homeWorkCommuteMedian":47639,"workHomeCommuteMedian":-1},"geometry":{"type":"Polygon","coordinates":[[[26.99288267544843,58.03982484760169],[26.99288267544843,58.04881805123894],[27.001875879085677,58.04881805123894],[27.001875879085677,58.03982484760169],[26.99288267544843,58.03982484760169]]]}},{"type":"Feature","properties":{"jobs":0,"pop":21,"pointCount":3,"homeWorkCommuteMedian":41708,"workHomeCommuteMedian":-1},"geometry":{"type":"Polygon","coordinates":[[[26.99288267544843,58.08479086578792],[26.99288267544843,58.09378406942517],[27.001875879085677,58.09378406942517],[27.001875879085677,58.08479086578792],[26.99288267544843,58.08479086578792]]]}},{"type":"Feature","properties":{"jobs":0,"pop":11,"pointCount":1,"homeWorkCommuteMedian":38201,"workHomeCommuteMedian":-1},"geometry":{"type":"Polygon","coordinates":[[[26.99288267544843,58.12076368033691],[26.99288267544843,58.12975688397415],[27.001875879085677,58.12975688397415],[27.001875879085677,58.12076368033691],[26.99288267544843,58.12076368033691]]]}},{"type":"Feature","properties":{"jobs":0,"pop":40,"pointCount":1,"homeWorkCommuteMedian":16367,"workHomeCommuteMedian":-1},"geometry":{"type":"Polygon","coordinates":[[[26.99288267544843,58.1387500876114],[26.99288267544843,58.147743291248645],[27.001875879085677,58.147743291248645],[27.001875879085677,58.1387500876114],[26.99288267544843,58.1387500876114]]]}},{"type":"Feature","properties":{"jobs":0,"pop":9,"pointCount":1,"homeWorkCommuteMedian":30478,"workHomeCommuteMedian":-1},"geometry":{"type":"Polygon","coordinates":[[[26.99288267544843,58.237675327621105],[26.99288267544843,58.24666853125835],[27.001875879085677,58.24666853125835],[27.001875879085677,58.237675327621105],[26.99288267544843,58.237675327621105]]]}},{"type":"Feature","properties":{"jobs":0,"pop":5,"pointCount":1,"homeWorkCommuteMedian":24800,"workHomeCommuteMedian":-1},"geometry":{"type":"Polygon","coordinates":[[[26.99288267544843,58.24666853125835],[26.99288267544843,58.2556617348956],[27.001875879085677,58.2556617348956],[27.001875879085677,58.24666853125835],[26.99288267544843,58.24666853125835]]]}},{"type":"Feature","properties":{"jobs":0,"pop":14,"pointCount":1,"homeWorkCommuteMedian":73547,"workHomeCommuteMedian":-1},"geometry":{"type":"Polygon","coordinates":[[[26.99288267544843,58.2556617348956],[26.99288267544843,58.26465493853284],[27.001875879085677,58.26465493853284],[27.001875879085677,58.2556617348956],[26.99288267544843,58.2556617348956]]]}},{"type":"Feature","properties":{"jobs":11,"pop":0,"pointCount":1,"homeWorkCommuteMedian":-1,"workHomeCommuteMedian":25857},"geometry":{"type":"Polygon","coordinates":[[[26.99288267544843,58.282641345807335],[26.99288267544843,58.29163454944458],[27.001875879085677,58.29163454944458],[27.001875879085677,58.282641345807335],[26.99288267544843,58.282641345807335]]]}},{"type":"Feature","properties":{"jobs":0,"pop":13,"pointCount":2,"homeWorkCommuteMedian":17212,"workHomeCommuteMedian":-1},"geometry":{"type":"Polygon","coordinates":[[[26.99288267544843,58.31861416035632],[26.99288267544843,58.327607363993565],[27.001875879085677,58.327607363993565],[27.001875879085677,58.31861416035632],[26.99288267544843,58.31861416035632]]]}},{"type":"Feature","properties":{"jobs":0,"pop":5,"pointCount":1,"homeWorkCommuteMedian":19741,"workHomeCommuteMedian":-1},"geometry":{"type":"Polygon","coordinates":[[[26.99288267544843,58.33660056763081],[26.99288267544843,58.34559377126806],[27.001875879085677,58.34559377126806],[27.001875879085677,58.33660056763081],[26.99288267544843,58.33660056763081]]]}},{"type":"Feature","properties":{"jobs":0,"pop":14,"pointCount":2,"homeWorkCommuteMedian":21135,"workHomeCommuteMedian":-1},"geometry":{"type":"Polygon","coordinates":[[[26.99288267544843,58.36358017854255],[26.99288267544843,58.372573382179795],[27.001875879085677,58.372573382179795],[27.001875879085677,58.36358017854255],[26.99288267544843,58.36358017854255]]]}},{"type":"Feature","properties":{"jobs":13,"pop":0,"pointCount":1,"homeWorkCommuteMedian":-1,"workHomeCommuteMedian":22565},"geometry":{"type":"Polygon","coordinates":[[[26.99288267544843,58.38156658581704],[26.99288267544843,58.39055978945429],[27.001875879085677,58.39055978945429],[27.001875879085677,58.38156658581704],[26.99288267544843,58.38156658581704]]]}},{"type":"Feature","properties":{"jobs":0,"pop":10,"pointCount":1,"homeWorkCommuteMedian":21064,"workHomeCommuteMedian":-1},"geometry":{"type":"Polygon","coordinates":[[[26.99288267544843,58.39055978945429],[26.99288267544843,58.39955299309153],[27.001875879085677,58.39955299309153],[27.001875879085677,58.39055978945429],[26.99288267544843,58.39055978945429]]]}},{"type":"Feature","properties":{"jobs":0,"pop":5,"pointCount":1,"homeWorkCommuteMedian":23387,"workHomeCommuteMedian":-1},"geometry":{"type":"Polygon","coordinates":[[[26.99288267544843,58.40854619672878],[26.99288267544843,58.417539400366024],[27.001875879085677,58.417539400366024],[27.001875879085677,58.40854619672878],[26.99288267544843,58.40854619672878]]]}},{"type":"Feature","properties":{"jobs":9,"pop":23,"pointCount":2,"homeWorkCommuteMedian":49488,"workHomeCommuteMedian":14862},"geometry":{"type":"Polygon","coordinates":[[[26.99288267544843,58.62438308402268],[26.99288267544843,58.63337628765993],[27.001875879085677,58.63337628765993],[27.001875879085677,58.62438308402268],[26.99288267544843,58.62438308402268]]]}},{"type":"Feature","properties":{"jobs":0,"pop":12,"pointCount":1,"homeWorkCommuteMedian":7738,"workHomeCommuteMedian":-1},"geometry":{"type":"Polygon","coordinates":[[[26.99288267544843,58.66934910220891],[26.99288267544843,58.67834230584616],[27.001875879085677,58.67834230584616],[27.001875879085677,58.66934910220891],[26.99288267544843,58.66934910220891]]]}},{"type":"Feature","properties":{"jobs":0,"pop":13,"pointCount":2,"homeWorkCommuteMedian":54679,"workHomeCommuteMedian":-1},"geometry":{"type":"Polygon","coordinates":[[[26.99288267544843,58.687335509483404],[26.99288267544843,58.69632871312065],[27.001875879085677,58.69632871312065],[27.001875879085677,58.687335509483404],[26.99288267544843,58.687335509483404]]]}},{"type":"Feature","properties":{"jobs":0,"pop":6,"pointCount":1,"homeWorkCommuteMedian":57619,"workHomeCommuteMedian":-1},"geometry":{"type":"Polygon","coordinates":[[[26.99288267544843,58.705321916757896],[26.99288267544843,58.71431512039514],[27.001875879085677,58.71431512039514],[27.001875879085677,58.705321916757896],[26.99288267544843,58.705321916757896]]]}},{"type":"Feature","properties":{"jobs":26,"pop":0,"pointCount":1,"homeWorkCommuteMedian":-1,"workHomeCommuteMedian":62794},"geometry":{"type":"Polygon","coordinates":[[[27.001875879085677,57.94989281122923],[27.001875879085677,57.95888601486648],[27.010869082722923,57.95888601486648],[27.010869082722923,57.94989281122923],[27.001875879085677,57.94989281122923]]]}},{"type":"Feature","properties":{"jobs":9,"pop":9,"pointCount":2,"homeWorkCommuteMedian":15843,"workHomeCommuteMedian":51157},"geometry":{"type":"Polygon","coordinates":[[[27.001875879085677,57.95888601486648],[27.001875879085677,57.967879218503725],[27.010869082722923,57.967879218503725],[27.010869082722923,57.95888601486648],[27.001875879085677,57.95888601486648]]]}},{"type":"Feature","properties":{"jobs":12,"pop":21,"pointCount":2,"homeWorkCommuteMedian":68490,"workHomeCommuteMedian":90815},"geometry":{"type":"Polygon","coordinates":[[[27.001875879085677,57.967879218503725],[27.001875879085677,57.97687242214097],[27.010869082722923,57.97687242214097],[27.010869082722923,57.967879218503725],[27.001875879085677,57.967879218503725]]]}},{"type":"Feature","properties":{"jobs":0,"pop":44,"pointCount":5,"homeWorkCommuteMedian":5886,"workHomeCommuteMedian":-1},"geometry":{"type":"Polygon","coordinates":[[[27.001875879085677,58.03083164396445],[27.001875879085677,58.03982484760169],[27.010869082722923,58.03982484760169],[27.010869082722923,58.03083164396445],[27.001875879085677,58.03083164396445]]]}},{"type":"Feature","properties":{"jobs":0,"pop":7,"pointCount":1,"homeWorkCommuteMedian":15408,"workHomeCommuteMedian":-1},"geometry":{"type":"Polygon","coordinates":[[[27.001875879085677,58.12975688397415],[27.001875879085677,58.1387500876114],[27.010869082722923,58.1387500876114],[27.010869082722923,58.12975688397415],[27.001875879085677,58.12975688397415]]]}},{"type":"Feature","properties":{"jobs":0,"pop":6,"pointCount":1,"homeWorkCommuteMedian":40965,"workHomeCommuteMedian":-1},"geometry":{"type":"Polygon","coordinates":[[[27.001875879085677,58.1387500876114],[27.001875879085677,58.147743291248645],[27.010869082722923,58.147743291248645],[27.010869082722923,58.1387500876114],[27.001875879085677,58.1387500876114]]]}},{"type":"Feature","properties":{"jobs":5,"pop":16,"pointCount":2,"homeWorkCommuteMedian":39141,"workHomeCommuteMedian":46497},"geometry":{"type":"Polygon","coordinates":[[[27.001875879085677,58.18371610579763],[27.001875879085677,58.192709309434875],[27.010869082722923,58.192709309434875],[27.010869082722923,58.18371610579763],[27.001875879085677,58.18371610579763]]]}},{"type":"Feature","properties":{"jobs":7,"pop":0,"pointCount":1,"homeWorkCommuteMedian":-1,"workHomeCommuteMedian":10326},"geometry":{"type":"Polygon","coordinates":[[[27.001875879085677,58.237675327621105],[27.001875879085677,58.24666853125835],[27.010869082722923,58.24666853125835],[27.010869082722923,58.237675327621105],[27.001875879085677,58.237675327621105]]]}},{"type":"Feature","properties":{"jobs":0,"pop":10,"pointCount":1,"homeWorkCommuteMedian":8726,"workHomeCommuteMedian":-1},"geometry":{"type":"Polygon","coordinates":[[[27.001875879085677,58.24666853125835],[27.001875879085677,58.2556617348956],[27.010869082722923,58.2556617348956],[27.010869082722923,58.24666853125835],[27.001875879085677,58.24666853125835]]]}},{"type":"Feature","properties":{"jobs":19,"pop":6,"pointCount":3,"homeWorkCommuteMedian":24879,"workHomeCommuteMedian":10436},"geometry":{"type":"Polygon","coordinates":[[[27.001875879085677,58.26465493853284],[27.001875879085677,58.27364814217009],[27.010869082722923,58.27364814217009],[27.010869082722923,58.26465493853284],[27.001875879085677,58.26465493853284]]]}},{"type":"Feature","properties":{"jobs":0,"pop":7,"pointCount":1,"homeWorkCommuteMedian":27730,"workHomeCommuteMedian":-1},"geometry":{"type":"Polygon","coordinates":[[[27.001875879085677,58.27364814217009],[27.001875879085677,58.282641345807335],[27.010869082722923,58.282641345807335],[27.010869082722923,58.27364814217009],[27.001875879085677,58.27364814217009]]]}},{"type":"Feature","properties":{"jobs":0,"pop":5,"pointCount":1,"homeWorkCommuteMedian":22134,"workHomeCommuteMedian":-1},"geometry":{"type":"Polygon","coordinates":[[[27.001875879085677,58.29163454944458],[27.001875879085677,58.30062775308183],[27.010869082722923,58.30062775308183],[27.010869082722923,58.29163454944458],[27.001875879085677,58.29163454944458]]]}},{"type":"Feature","properties":{"jobs":0,"pop":8,"pointCount":1,"homeWorkCommuteMedian":22345,"workHomeCommuteMedian":-1},"geometry":{"type":"Polygon","coordinates":[[[27.001875879085677,58.327607363993565],[27.001875879085677,58.33660056763081],[27.010869082722923,58.33660056763081],[27.010869082722923,58.327607363993565],[27.001875879085677,58.327607363993565]]]}},{"type":"Feature","properties":{"jobs":0,"pop":6,"pointCount":1,"homeWorkCommuteMedian":20180,"workHomeCommuteMedian":-1},"geometry":{"type":"Polygon","coordinates":[[[27.001875879085677,58.372573382179795],[27.001875879085677,58.38156658581704],[27.010869082722923,58.38156658581704],[27.010869082722923,58.372573382179795],[27.001875879085677,58.372573382179795]]]}},{"type":"Feature","properties":{"jobs":0,"pop":8,"pointCount":1,"homeWorkCommuteMedian":26180,"workHomeCommuteMedian":-1},"geometry":{"type":"Polygon","coordinates":[[[27.001875879085677,58.40854619672878],[27.001875879085677,58.417539400366024],[27.010869082722923,58.417539400366024],[27.010869082722923,58.40854619672878],[27.001875879085677,58.40854619672878]]]}},{"type":"Feature","properties":{"jobs":5,"pop":0,"pointCount":1,"homeWorkCommuteMedian":-1,"workHomeCommuteMedian":30230},"geometry":{"type":"Polygon","coordinates":[[[27.001875879085677,58.507471436738484],[27.001875879085677,58.51646464037573],[27.010869082722923,58.51646464037573],[27.010869082722923,58.507471436738484],[27.001875879085677,58.507471436738484]]]}},{"type":"Feature","properties":{"jobs":0,"pop":7,"pointCount":1,"homeWorkCommuteMedian":67547,"workHomeCommuteMedian":-1},"geometry":{"type":"Polygon","coordinates":[[[27.010869082722923,57.94089960759199],[27.010869082722923,57.94989281122923],[27.01986228636017,57.94989281122923],[27.01986228636017,57.94089960759199],[27.010869082722923,57.94089960759199]]]}},{"type":"Feature","properties":{"jobs":0,"pop":9,"pointCount":1,"homeWorkCommuteMedian":58826,"workHomeCommuteMedian":-1},"geometry":{"type":"Polygon","coordinates":[[[27.010869082722923,57.967879218503725],[27.010869082722923,57.97687242214097],[27.01986228636017,57.97687242214097],[27.01986228636017,57.967879218503725],[27.010869082722923,57.967879218503725]]]}},{"type":"Feature","properties":{"jobs":0,"pop":11,"pointCount":1,"homeWorkCommuteMedian":83376,"workHomeCommuteMedian":-1},"geometry":{"type":"Polygon","coordinates":[[[27.010869082722923,57.97687242214097],[27.010869082722923,57.98586562577822],[27.01986228636017,57.98586562577822],[27.01986228636017,57.97687242214097],[27.010869082722923,57.97687242214097]]]}},{"type":"Feature","properties":{"jobs":0,"pop":15,"pointCount":1,"homeWorkCommuteMedian":3025,"workHomeCommuteMedian":-1},"geometry":{"type":"Polygon","coordinates":[[[27.010869082722923,58.03982484760169],[27.010869082722923,58.04881805123894],[27.01986228636017,58.04881805123894],[27.01986228636017,58.03982484760169],[27.010869082722923,58.03982484760169]]]}},{"type":"Feature","properties":{"jobs":0,"pop":7,"pointCount":1,"homeWorkCommuteMedian":6025,"workHomeCommuteMedian":-1},"geometry":{"type":"Polygon","coordinates":[[[27.010869082722923,58.04881805123894],[27.010869082722923,58.057811254876185],[27.01986228636017,58.057811254876185],[27.01986228636017,58.04881805123894],[27.010869082722923,58.04881805123894]]]}},{"type":"Feature","properties":{"jobs":0,"pop":8,"pointCount":1,"homeWorkCommuteMedian":8585,"workHomeCommuteMedian":-1},"geometry":{"type":"Polygon","coordinates":[[[27.010869082722923,58.09378406942517],[27.010869082722923,58.102777273062415],[27.01986228636017,58.102777273062415],[27.01986228636017,58.09378406942517],[27.010869082722923,58.09378406942517]]]}},{"type":"Feature","properties":{"jobs":6,"pop":6,"pointCount":2,"homeWorkCommuteMedian":40531,"workHomeCommuteMedian":40145},"geometry":{"type":"Polygon","coordinates":[[[27.010869082722923,58.12975688397415],[27.010869082722923,58.1387500876114],[27.01986228636017,58.1387500876114],[27.01986228636017,58.12975688397415],[27.010869082722923,58.12975688397415]]]}},{"type":"Feature","properties":{"jobs":114,"pop":0,"pointCount":2,"homeWorkCommuteMedian":-1,"workHomeCommuteMedian":41527},"geometry":{"type":"Polygon","coordinates":[[[27.010869082722923,58.1387500876114],[27.010869082722923,58.147743291248645],[27.01986228636017,58.147743291248645],[27.01986228636017,58.1387500876114],[27.010869082722923,58.1387500876114]]]}},{"type":"Feature","properties":{"jobs":0,"pop":19,"pointCount":1,"homeWorkCommuteMedian":25226,"workHomeCommuteMedian":-1},"geometry":{"type":"Polygon","coordinates":[[[27.010869082722923,58.20170251307212],[27.010869082722923,58.21069571670937],[27.01986228636017,58.21069571670937],[27.01986228636017,58.20170251307212],[27.010869082722923,58.20170251307212]]]}},{"type":"Feature","properties":{"jobs":11,"pop":15,"pointCount":1,"homeWorkCommuteMedian":30849,"workHomeCommuteMedian":21345},"geometry":{"type":"Polygon","coordinates":[[[27.010869082722923,58.21069571670937],[27.010869082722923,58.21968892034661],[27.01986228636017,58.21968892034661],[27.01986228636017,58.21069571670937],[27.010869082722923,58.21069571670937]]]}},{"type":"Feature","properties":{"jobs":0,"pop":6,"pointCount":1,"homeWorkCommuteMedian":15390,"workHomeCommuteMedian":-1},"geometry":{"type":"Polygon","coordinates":[[[27.010869082722923,58.237675327621105],[27.010869082722923,58.24666853125835],[27.01986228636017,58.24666853125835],[27.01986228636017,58.237675327621105],[27.010869082722923,58.237675327621105]]]}},{"type":"Feature","properties":{"jobs":0,"pop":6,"pointCount":1,"homeWorkCommuteMedian":31427,"workHomeCommuteMedian":-1},"geometry":{"type":"Polygon","coordinates":[[[27.010869082722923,58.24666853125835],[27.010869082722923,58.2556617348956],[27.01986228636017,58.2556617348956],[27.01986228636017,58.24666853125835],[27.010869082722923,58.24666853125835]]]}},{"type":"Feature","properties":{"jobs":0,"pop":7,"pointCount":1,"homeWorkCommuteMedian":11968,"workHomeCommuteMedian":-1},"geometry":{"type":"Polygon","coordinates":[[[27.010869082722923,58.26465493853284],[27.010869082722923,58.27364814217009],[27.01986228636017,58.27364814217009],[27.01986228636017,58.26465493853284],[27.010869082722923,58.26465493853284]]]}},{"type":"Feature","properties":{"jobs":4,"pop":15,"pointCount":3,"homeWorkCommuteMedian":24832,"workHomeCommuteMedian":10105},"geometry":{"type":"Polygon","coordinates":[[[27.010869082722923,58.27364814217009],[27.010869082722923,58.282641345807335],[27.01986228636017,58.282641345807335],[27.01986228636017,58.27364814217009],[27.010869082722923,58.27364814217009]]]}},{"type":"Feature","properties":{"jobs":6,"pop":20,"pointCount":1,"homeWorkCommuteMedian":20971,"workHomeCommuteMedian":11028},"geometry":{"type":"Polygon","coordinates":[[[27.010869082722923,58.282641345807335],[27.010869082722923,58.29163454944458],[27.01986228636017,58.29163454944458],[27.01986228636017,58.282641345807335],[27.010869082722923,58.282641345807335]]]}},{"type":"Feature","properties":{"jobs":0,"pop":10,"pointCount":1,"homeWorkCommuteMedian":30703,"workHomeCommuteMedian":-1},"geometry":{"type":"Polygon","coordinates":[[[27.010869082722923,58.29163454944458],[27.010869082722923,58.30062775308183],[27.01986228636017,58.30062775308183],[27.01986228636017,58.29163454944458],[27.010869082722923,58.29163454944458]]]}},{"type":"Feature","properties":{"jobs":14,"pop":0,"pointCount":1,"homeWorkCommuteMedian":-1,"workHomeCommuteMedian":28893},"geometry":{"type":"Polygon","coordinates":[[[27.010869082722923,58.34559377126806],[27.010869082722923,58.3545869749053],[27.01986228636017,58.3545869749053],[27.01986228636017,58.34559377126806],[27.010869082722923,58.34559377126806]]]}},{"type":"Feature","properties":{"jobs":0,"pop":15,"pointCount":2,"homeWorkCommuteMedian":21678,"workHomeCommuteMedian":-1},"geometry":{"type":"Polygon","coordinates":[[[27.010869082722923,58.3545869749053],[27.010869082722923,58.36358017854255],[27.01986228636017,58.36358017854255],[27.01986228636017,58.3545869749053],[27.010869082722923,58.3545869749053]]]}},{"type":"Feature","properties":{"jobs":0,"pop":8,"pointCount":1,"homeWorkCommuteMedian":18989,"workHomeCommuteMedian":-1},"geometry":{"type":"Polygon","coordinates":[[[27.010869082722923,58.372573382179795],[27.010869082722923,58.38156658581704],[27.01986228636017,58.38156658581704],[27.01986228636017,58.372573382179795],[27.010869082722923,58.372573382179795]]]}},{"type":"Feature","properties":{"jobs":13,"pop":59,"pointCount":2,"homeWorkCommuteMedian":50716,"workHomeCommuteMedian":13970},"geometry":{"type":"Polygon","coordinates":[[[27.010869082722923,58.66934910220891],[27.010869082722923,58.67834230584616],[27.01986228636017,58.67834230584616],[27.01986228636017,58.66934910220891],[27.010869082722923,58.66934910220891]]]}},{"type":"Feature","properties":{"jobs":11,"pop":7,"pointCount":2,"homeWorkCommuteMedian":12782,"workHomeCommuteMedian":24809},"geometry":{"type":"Polygon","coordinates":[[[27.010869082722923,58.67834230584616],[27.010869082722923,58.687335509483404],[27.01986228636017,58.687335509483404],[27.01986228636017,58.67834230584616],[27.010869082722923,58.67834230584616]]]}},{"type":"Feature","properties":{"jobs":15,"pop":0,"pointCount":1,"homeWorkCommuteMedian":-1,"workHomeCommuteMedian":15713},"geometry":{"type":"Polygon","coordinates":[[[27.010869082722923,58.687335509483404],[27.010869082722923,58.69632871312065],[27.01986228636017,58.69632871312065],[27.01986228636017,58.687335509483404],[27.010869082722923,58.687335509483404]]]}},{"type":"Feature","properties":{"jobs":0,"pop":9,"pointCount":1,"homeWorkCommuteMedian":58469,"workHomeCommuteMedian":-1},"geometry":{"type":"Polygon","coordinates":[[[27.010869082722923,58.69632871312065],[27.010869082722923,58.705321916757896],[27.01986228636017,58.705321916757896],[27.01986228636017,58.69632871312065],[27.010869082722923,58.69632871312065]]]}},{"type":"Feature","properties":{"jobs":1,"pop":6,"pointCount":2,"homeWorkCommuteMedian":67119,"workHomeCommuteMedian":15175},"geometry":{"type":"Polygon","coordinates":[[[27.010869082722923,58.74129473130688],[27.010869082722923,58.750287934944126],[27.01986228636017,58.750287934944126],[27.01986228636017,58.74129473130688],[27.010869082722923,58.74129473130688]]]}},{"type":"Feature","properties":{"jobs":0,"pop":10,"pointCount":1,"homeWorkCommuteMedian":64062,"workHomeCommuteMedian":-1},"geometry":{"type":"Polygon","coordinates":[[[27.01986228636017,57.91391999668025],[27.01986228636017,57.922913200317495],[27.028855489997415,57.922913200317495],[27.028855489997415,57.91391999668025],[27.01986228636017,57.91391999668025]]]}},{"type":"Feature","properties":{"jobs":0,"pop":13,"pointCount":2,"homeWorkCommuteMedian":59065,"workHomeCommuteMedian":-1},"geometry":{"type":"Polygon","coordinates":[[[27.01986228636017,57.967879218503725],[27.01986228636017,57.97687242214097],[27.028855489997415,57.97687242214097],[27.028855489997415,57.967879218503725],[27.01986228636017,57.967879218503725]]]}},{"type":"Feature","properties":{"jobs":0,"pop":6,"pointCount":1,"homeWorkCommuteMedian":4390,"workHomeCommuteMedian":-1},"geometry":{"type":"Polygon","coordinates":[[[27.01986228636017,58.03083164396445],[27.01986228636017,58.03982484760169],[27.028855489997415,58.03982484760169],[27.028855489997415,58.03083164396445],[27.01986228636017,58.03083164396445]]]}},{"type":"Feature","properties":{"jobs":0,"pop":5,"pointCount":1,"homeWorkCommuteMedian":3671,"workHomeCommuteMedian":-1},"geometry":{"type":"Polygon","coordinates":[[[27.01986228636017,58.07579766215068],[27.01986228636017,58.08479086578792],[27.028855489997415,58.08479086578792],[27.028855489997415,58.07579766215068],[27.01986228636017,58.07579766215068]]]}},{"type":"Feature","properties":{"jobs":0,"pop":5,"pointCount":1,"homeWorkCommuteMedian":24522,"workHomeCommuteMedian":-1},"geometry":{"type":"Polygon","coordinates":[[[27.01986228636017,58.2556617348956],[27.01986228636017,58.26465493853284],[27.028855489997415,58.26465493853284],[27.028855489997415,58.2556617348956],[27.01986228636017,58.2556617348956]]]}},{"type":"Feature","properties":{"jobs":0,"pop":12,"pointCount":1,"homeWorkCommuteMedian":7560,"workHomeCommuteMedian":-1},"geometry":{"type":"Polygon","coordinates":[[[27.01986228636017,58.27364814217009],[27.01986228636017,58.282641345807335],[27.028855489997415,58.282641345807335],[27.028855489997415,58.27364814217009],[27.01986228636017,58.27364814217009]]]}},{"type":"Feature","properties":{"jobs":0,"pop":6,"pointCount":1,"homeWorkCommuteMedian":28583,"workHomeCommuteMedian":-1},"geometry":{"type":"Polygon","coordinates":[[[27.01986228636017,58.31861416035632],[27.01986228636017,58.327607363993565],[27.028855489997415,58.327607363993565],[27.028855489997415,58.31861416035632],[27.01986228636017,58.31861416035632]]]}},{"type":"Feature","properties":{"jobs":0,"pop":7,"pointCount":1,"homeWorkCommuteMedian":12949,"workHomeCommuteMedian":-1},"geometry":{"type":"Polygon","coordinates":[[[27.01986228636017,58.33660056763081],[27.01986228636017,58.34559377126806],[27.028855489997415,58.34559377126806],[27.028855489997415,58.33660056763081],[27.01986228636017,58.33660056763081]]]}},{"type":"Feature","properties":{"jobs":7,"pop":0,"pointCount":1,"homeWorkCommuteMedian":-1,"workHomeCommuteMedian":21909},"geometry":{"type":"Polygon","coordinates":[[[27.01986228636017,58.372573382179795],[27.01986228636017,58.38156658581704],[27.028855489997415,58.38156658581704],[27.028855489997415,58.372573382179795],[27.01986228636017,58.372573382179795]]]}},{"type":"Feature","properties":{"jobs":0,"pop":12,"pointCount":1,"homeWorkCommuteMedian":64060,"workHomeCommuteMedian":-1},"geometry":{"type":"Polygon","coordinates":[[[27.01986228636017,58.39055978945429],[27.01986228636017,58.39955299309153],[27.028855489997415,58.39955299309153],[27.028855489997415,58.39055978945429],[27.01986228636017,58.39055978945429]]]}},{"type":"Feature","properties":{"jobs":0,"pop":6,"pointCount":1,"homeWorkCommuteMedian":51885,"workHomeCommuteMedian":-1},"geometry":{"type":"Polygon","coordinates":[[[27.01986228636017,58.417539400366024],[27.01986228636017,58.42653260400327],[27.028855489997415,58.42653260400327],[27.028855489997415,58.417539400366024],[27.01986228636017,58.417539400366024]]]}},{"type":"Feature","properties":{"jobs":0,"pop":7,"pointCount":1,"homeWorkCommuteMedian":30384,"workHomeCommuteMedian":-1},"geometry":{"type":"Polygon","coordinates":[[[27.01986228636017,58.53445104765022],[27.01986228636017,58.54344425128747],[27.028855489997415,58.54344425128747],[27.028855489997415,58.53445104765022],[27.01986228636017,58.53445104765022]]]}},{"type":"Feature","properties":{"jobs":9,"pop":13,"pointCount":1,"homeWorkCommuteMedian":51398,"workHomeCommuteMedian":6290},"geometry":{"type":"Polygon","coordinates":[[[27.01986228636017,58.660355898571666],[27.01986228636017,58.66934910220891],[27.028855489997415,58.66934910220891],[27.028855489997415,58.660355898571666],[27.01986228636017,58.660355898571666]]]}},{"type":"Feature","properties":{"jobs":28,"pop":84,"pointCount":4,"homeWorkCommuteMedian":49517,"workHomeCommuteMedian":13710},"geometry":{"type":"Polygon","coordinates":[[[27.01986228636017,58.66934910220891],[27.01986228636017,58.67834230584616],[27.028855489997415,58.67834230584616],[27.028855489997415,58.66934910220891],[27.01986228636017,58.66934910220891]]]}},{"type":"Feature","properties":{"jobs":0,"pop":19,"pointCount":1,"homeWorkCommuteMedian":63901,"workHomeCommuteMedian":-1},"geometry":{"type":"Polygon","coordinates":[[[27.028855489997415,57.922913200317495],[27.028855489997415,57.93190640395474],[27.03784869363466,57.93190640395474],[27.03784869363466,57.922913200317495],[27.028855489997415,57.922913200317495]]]}},{"type":"Feature","properties":{"jobs":15,"pop":0,"pointCount":1,"homeWorkCommuteMedian":-1,"workHomeCommuteMedian":12844},"geometry":{"type":"Polygon","coordinates":[[[27.028855489997415,57.93190640395474],[27.028855489997415,57.94089960759199],[27.03784869363466,57.94089960759199],[27.03784869363466,57.93190640395474],[27.028855489997415,57.93190640395474]]]}},{"type":"Feature","properties":{"jobs":0,"pop":14,"pointCount":2,"homeWorkCommuteMedian":58362,"workHomeCommuteMedian":-1},"geometry":{"type":"Polygon","coordinates":[[[27.028855489997415,57.967879218503725],[27.028855489997415,57.97687242214097],[27.03784869363466,57.97687242214097],[27.03784869363466,57.967879218503725],[27.028855489997415,57.967879218503725]]]}},{"type":"Feature","properties":{"jobs":4,"pop":7,"pointCount":2,"homeWorkCommuteMedian":63460,"workHomeCommuteMedian":9445},"geometry":{"type":"Polygon","coordinates":[[[27.028855489997415,57.97687242214097],[27.028855489997415,57.98586562577822],[27.03784869363466,57.98586562577822],[27.03784869363466,57.97687242214097],[27.028855489997415,57.97687242214097]]]}},{"type":"Feature","properties":{"jobs":23,"pop":0,"pointCount":2,"homeWorkCommuteMedian":-1,"workHomeCommuteMedian":6409},"geometry":{"type":"Polygon","coordinates":[[[27.028855489997415,58.057811254876185],[27.028855489997415,58.06680445851343],[27.03784869363466,58.06680445851343],[27.03784869363466,58.057811254876185],[27.028855489997415,58.057811254876185]]]}},{"type":"Feature","properties":{"jobs":11,"pop":0,"pointCount":1,"homeWorkCommuteMedian":-1,"workHomeCommuteMedian":5245},"geometry":{"type":"Polygon","coordinates":[[[27.028855489997415,58.06680445851343],[27.028855489997415,58.07579766215068],[27.03784869363466,58.07579766215068],[27.03784869363466,58.06680445851343],[27.028855489997415,58.06680445851343]]]}},{"type":"Feature","properties":{"jobs":9,"pop":0,"pointCount":1,"homeWorkCommuteMedian":-1,"workHomeCommuteMedian":10376},"geometry":{"type":"Polygon","coordinates":[[[27.028855489997415,58.07579766215068],[27.028855489997415,58.08479086578792],[27.03784869363466,58.08479086578792],[27.03784869363466,58.07579766215068],[27.028855489997415,58.07579766215068]]]}},{"type":"Feature","properties":{"jobs":0,"pop":37,"pointCount":3,"homeWorkCommuteMedian":22997,"workHomeCommuteMedian":-1},"geometry":{"type":"Polygon","coordinates":[[[27.028855489997415,58.09378406942517],[27.028855489997415,58.102777273062415],[27.03784869363466,58.102777273062415],[27.03784869363466,58.09378406942517],[27.028855489997415,58.09378406942517]]]}},{"type":"Feature","properties":{"jobs":0,"pop":6,"pointCount":1,"homeWorkCommuteMedian":9521,"workHomeCommuteMedian":-1},"geometry":{"type":"Polygon","coordinates":[[[27.028855489997415,58.12076368033691],[27.028855489997415,58.12975688397415],[27.03784869363466,58.12975688397415],[27.03784869363466,58.12076368033691],[27.028855489997415,58.12076368033691]]]}},{"type":"Feature","properties":{"jobs":0,"pop":10,"pointCount":1,"homeWorkCommuteMedian":28141,"workHomeCommuteMedian":-1},"geometry":{"type":"Polygon","coordinates":[[[27.028855489997415,58.21968892034661],[27.028855489997415,58.22868212398386],[27.03784869363466,58.22868212398386],[27.03784869363466,58.21968892034661],[27.028855489997415,58.21968892034661]]]}},{"type":"Feature","properties":{"jobs":0,"pop":12,"pointCount":1,"homeWorkCommuteMedian":26578,"workHomeCommuteMedian":-1},"geometry":{"type":"Polygon","coordinates":[[[27.028855489997415,58.29163454944458],[27.028855489997415,58.30062775308183],[27.03784869363466,58.30062775308183],[27.03784869363466,58.29163454944458],[27.028855489997415,58.29163454944458]]]}},{"type":"Feature","properties":{"jobs":0,"pop":14,"pointCount":2,"homeWorkCommuteMedian":23161,"workHomeCommuteMedian":-1},"geometry":{"type":"Polygon","coordinates":[[[27.028855489997415,58.3545869749053],[27.028855489997415,58.36358017854255],[27.03784869363466,58.36358017854255],[27.03784869363466,58.3545869749053],[27.028855489997415,58.3545869749053]]]}},{"type":"Feature","properties":{"jobs":0,"pop":7,"pointCount":1,"homeWorkCommuteMedian":17204,"workHomeCommuteMedian":-1},"geometry":{"type":"Polygon","coordinates":[[[27.028855489997415,58.462505418552254],[27.028855489997415,58.4714986221895],[27.03784869363466,58.4714986221895],[27.03784869363466,58.462505418552254],[27.028855489997415,58.462505418552254]]]}},{"type":"Feature","properties":{"jobs":6,"pop":0,"pointCount":1,"homeWorkCommuteMedian":-1,"workHomeCommuteMedian":13524},"geometry":{"type":"Polygon","coordinates":[[[27.028855489997415,58.53445104765022],[27.028855489997415,58.54344425128747],[27.03784869363466,58.54344425128747],[27.03784869363466,58.53445104765022],[27.028855489997415,58.53445104765022]]]}},{"type":"Feature","properties":{"jobs":7,"pop":15,"pointCount":3,"homeWorkCommuteMedian":50786,"workHomeCommuteMedian":1233},"geometry":{"type":"Polygon","coordinates":[[[27.028855489997415,58.66934910220891],[27.028855489997415,58.67834230584616],[27.03784869363466,58.67834230584616],[27.03784869363466,58.66934910220891],[27.028855489997415,58.66934910220891]]]}},{"type":"Feature","properties":{"jobs":0,"pop":11,"pointCount":1,"homeWorkCommuteMedian":15175,"workHomeCommuteMedian":-1},"geometry":{"type":"Polygon","coordinates":[[[27.028855489997415,58.687335509483404],[27.028855489997415,58.69632871312065],[27.03784869363466,58.69632871312065],[27.03784869363466,58.687335509483404],[27.028855489997415,58.687335509483404]]]}},{"type":"Feature","properties":{"jobs":0,"pop":5,"pointCount":1,"homeWorkCommuteMedian":65862,"workHomeCommuteMedian":-1},"geometry":{"type":"Polygon","coordinates":[[[27.028855489997415,58.74129473130688],[27.028855489997415,58.750287934944126],[27.03784869363466,58.750287934944126],[27.03784869363466,58.74129473130688],[27.028855489997415,58.74129473130688]]]}},{"type":"Feature","properties":{"jobs":25,"pop":7,"pointCount":2,"homeWorkCommuteMedian":11529,"workHomeCommuteMedian":23978},"geometry":{"type":"Polygon","coordinates":[[[27.03784869363466,57.967879218503725],[27.03784869363466,57.97687242214097],[27.046841897271907,57.97687242214097],[27.046841897271907,57.967879218503725],[27.03784869363466,57.967879218503725]]]}},{"type":"Feature","properties":{"jobs":0,"pop":12,"pointCount":1,"homeWorkCommuteMedian":8735,"workHomeCommuteMedian":-1},"geometry":{"type":"Polygon","coordinates":[[[27.03784869363466,57.98586562577822],[27.03784869363466,57.99485882941546],[27.046841897271907,57.99485882941546],[27.046841897271907,57.98586562577822],[27.03784869363466,57.98586562577822]]]}},{"type":"Feature","properties":{"jobs":9,"pop":14,"pointCount":1,"homeWorkCommuteMedian":55098,"workHomeCommuteMedian":64869},"geometry":{"type":"Polygon","coordinates":[[[27.03784869363466,58.012845236689955],[27.03784869363466,58.0218384403272],[27.046841897271907,58.0218384403272],[27.046841897271907,58.012845236689955],[27.03784869363466,58.012845236689955]]]}},{"type":"Feature","properties":{"jobs":0,"pop":7,"pointCount":1,"homeWorkCommuteMedian":54053,"workHomeCommuteMedian":-1},"geometry":{"type":"Polygon","coordinates":[[[27.03784869363466,58.03083164396445],[27.03784869363466,58.03982484760169],[27.046841897271907,58.03982484760169],[27.046841897271907,58.03083164396445],[27.03784869363466,58.03083164396445]]]}},{"type":"Feature","properties":{"jobs":3,"pop":34,"pointCount":3,"homeWorkCommuteMedian":46623,"workHomeCommuteMedian":45261},"geometry":{"type":"Polygon","coordinates":[[[27.03784869363466,58.03982484760169],[27.03784869363466,58.04881805123894],[27.046841897271907,58.04881805123894],[27.046841897271907,58.03982484760169],[27.03784869363466,58.03982484760169]]]}},{"type":"Feature","properties":{"jobs":103,"pop":430,"pointCount":10,"homeWorkCommuteMedian":12173,"workHomeCommuteMedian":5543},"geometry":{"type":"Polygon","coordinates":[[[27.03784869363466,58.04881805123894],[27.03784869363466,58.057811254876185],[27.046841897271907,58.057811254876185],[27.046841897271907,58.04881805123894],[27.03784869363466,58.04881805123894]]]}},{"type":"Feature","properties":{"jobs":17,"pop":0,"pointCount":1,"homeWorkCommuteMedian":-1,"workHomeCommuteMedian":11529},"geometry":{"type":"Polygon","coordinates":[[[27.03784869363466,58.057811254876185],[27.03784869363466,58.06680445851343],[27.046841897271907,58.06680445851343],[27.046841897271907,58.057811254876185],[27.03784869363466,58.057811254876185]]]}},{"type":"Feature","properties":{"jobs":99,"pop":7,"pointCount":5,"homeWorkCommuteMedian":5562,"workHomeCommuteMedian":9521},"geometry":{"type":"Polygon","coordinates":[[[27.03784869363466,58.06680445851343],[27.03784869363466,58.07579766215068],[27.046841897271907,58.07579766215068],[27.046841897271907,58.06680445851343],[27.03784869363466,58.06680445851343]]]}},{"type":"Feature","properties":{"jobs":0,"pop":8,"pointCount":1,"homeWorkCommuteMedian":46895,"workHomeCommuteMedian":-1},"geometry":{"type":"Polygon","coordinates":[[[27.03784869363466,58.08479086578792],[27.03784869363466,58.09378406942517],[27.046841897271907,58.09378406942517],[27.046841897271907,58.08479086578792],[27.03784869363466,58.08479086578792]]]}},{"type":"Feature","properties":{"jobs":16,"pop":6,"pointCount":3,"homeWorkCommuteMedian":56050,"workHomeCommuteMedian":46443},"geometry":{"type":"Polygon","coordinates":[[[27.03784869363466,58.09378406942517],[27.03784869363466,58.102777273062415],[27.046841897271907,58.102777273062415],[27.046841897271907,58.09378406942517],[27.03784869363466,58.09378406942517]]]}},{"type":"Feature","properties":{"jobs":8,"pop":0,"pointCount":1,"homeWorkCommuteMedian":-1,"workHomeCommuteMedian":45007},"geometry":{"type":"Polygon","coordinates":[[[27.03784869363466,58.102777273062415],[27.03784869363466,58.11177047669966],[27.046841897271907,58.11177047669966],[27.046841897271907,58.102777273062415],[27.03784869363466,58.102777273062415]]]}},{"type":"Feature","properties":{"jobs":5,"pop":9,"pointCount":1,"homeWorkCommuteMedian":30363,"workHomeCommuteMedian":23527},"geometry":{"type":"Polygon","coordinates":[[[27.03784869363466,58.11177047669966],[27.03784869363466,58.12076368033691],[27.046841897271907,58.12076368033691],[27.046841897271907,58.11177047669966],[27.03784869363466,58.11177047669966]]]}},{"type":"Feature","properties":{"jobs":0,"pop":15,"pointCount":1,"homeWorkCommuteMedian":33676,"workHomeCommuteMedian":-1},"geometry":{"type":"Polygon","coordinates":[[[27.03784869363466,58.21968892034661],[27.03784869363466,58.22868212398386],[27.046841897271907,58.22868212398386],[27.046841897271907,58.21968892034661],[27.03784869363466,58.21968892034661]]]}},{"type":"Feature","properties":{"jobs":0,"pop":6,"pointCount":1,"homeWorkCommuteMedian":20943,"workHomeCommuteMedian":-1},"geometry":{"type":"Polygon","coordinates":[[[27.03784869363466,58.237675327621105],[27.03784869363466,58.24666853125835],[27.046841897271907,58.24666853125835],[27.046841897271907,58.237675327621105],[27.03784869363466,58.237675327621105]]]}},{"type":"Feature","properties":{"jobs":0,"pop":31,"pointCount":1,"homeWorkCommuteMedian":27426,"workHomeCommuteMedian":-1},"geometry":{"type":"Polygon","coordinates":[[[27.03784869363466,58.27364814217009],[27.03784869363466,58.282641345807335],[27.046841897271907,58.282641345807335],[27.046841897271907,58.27364814217009],[27.03784869363466,58.27364814217009]]]}},{"type":"Feature","properties":{"jobs":8,"pop":46,"pointCount":3,"homeWorkCommuteMedian":24961,"workHomeCommuteMedian":7381},"geometry":{"type":"Polygon","coordinates":[[[27.03784869363466,58.282641345807335],[27.03784869363466,58.29163454944458],[27.046841897271907,58.29163454944458],[27.046841897271907,58.282641345807335],[27.03784869363466,58.282641345807335]]]}},{"type":"Feature","properties":{"jobs":2,"pop":0,"pointCount":1,"homeWorkCommuteMedian":-1,"workHomeCommuteMedian":7813},"geometry":{"type":"Polygon","coordinates":[[[27.03784869363466,58.30062775308183],[27.03784869363466,58.30962095671907],[27.046841897271907,58.30962095671907],[27.046841897271907,58.30062775308183],[27.03784869363466,58.30062775308183]]]}},{"type":"Feature","properties":{"jobs":0,"pop":8,"pointCount":1,"homeWorkCommuteMedian":22976,"workHomeCommuteMedian":-1},"geometry":{"type":"Polygon","coordinates":[[[27.03784869363466,58.3545869749053],[27.03784869363466,58.36358017854255],[27.046841897271907,58.36358017854255],[27.046841897271907,58.3545869749053],[27.03784869363466,58.3545869749053]]]}},{"type":"Feature","properties":{"jobs":37,"pop":37,"pointCount":3,"homeWorkCommuteMedian":17099,"workHomeCommuteMedian":25206},"geometry":{"type":"Polygon","coordinates":[[[27.03784869363466,58.372573382179795],[27.03784869363466,58.38156658581704],[27.046841897271907,58.38156658581704],[27.046841897271907,58.372573382179795],[27.03784869363466,58.372573382179795]]]}},{"type":"Feature","properties":{"jobs":18,"pop":59,"pointCount":2,"homeWorkCommuteMedian":26776,"workHomeCommuteMedian":25307},"geometry":{"type":"Polygon","coordinates":[[[27.03784869363466,58.38156658581704],[27.03784869363466,58.39055978945429],[27.046841897271907,58.39055978945429],[27.046841897271907,58.38156658581704],[27.03784869363466,58.38156658581704]]]}},{"type":"Feature","properties":{"jobs":22,"pop":0,"pointCount":1,"homeWorkCommuteMedian":-1,"workHomeCommuteMedian":36937},"geometry":{"type":"Polygon","coordinates":[[[27.03784869363466,58.39055978945429],[27.03784869363466,58.39955299309153],[27.046841897271907,58.39955299309153],[27.046841897271907,58.39055978945429],[27.03784869363466,58.39055978945429]]]}},{"type":"Feature","properties":{"jobs":0,"pop":6,"pointCount":1,"homeWorkCommuteMedian":27154,"workHomeCommuteMedian":-1},"geometry":{"type":"Polygon","coordinates":[[[27.03784869363466,58.525457844012976],[27.03784869363466,58.53445104765022],[27.046841897271907,58.53445104765022],[27.046841897271907,58.525457844012976],[27.03784869363466,58.525457844012976]]]}},{"type":"Feature","properties":{"jobs":0,"pop":7,"pointCount":1,"homeWorkCommuteMedian":57599,"workHomeCommuteMedian":-1},"geometry":{"type":"Polygon","coordinates":[[[27.046841897271907,57.94089960759199],[27.046841897271907,57.94989281122923],[27.055835100909153,57.94989281122923],[27.055835100909153,57.94089960759199],[27.046841897271907,57.94089960759199]]]}},{"type":"Feature","properties":{"jobs":0,"pop":9,"pointCount":1,"homeWorkCommuteMedian":22923,"workHomeCommuteMedian":-1},"geometry":{"type":"Polygon","coordinates":[[[27.046841897271907,57.94989281122923],[27.046841897271907,57.95888601486648],[27.055835100909153,57.95888601486648],[27.055835100909153,57.94989281122923],[27.046841897271907,57.94989281122923]]]}},{"type":"Feature","properties":{"jobs":14,"pop":5,"pointCount":2,"homeWorkCommuteMedian":47639,"workHomeCommuteMedian":58466},"geometry":{"type":"Polygon","coordinates":[[[27.046841897271907,57.95888601486648],[27.046841897271907,57.967879218503725],[27.055835100909153,57.967879218503725],[27.055835100909153,57.95888601486648],[27.046841897271907,57.95888601486648]]]}},{"type":"Feature","properties":{"jobs":16,"pop":6,"pointCount":2,"homeWorkCommuteMedian":55379,"workHomeCommuteMedian":54494},"geometry":{"type":"Polygon","coordinates":[[[27.046841897271907,57.97687242214097],[27.046841897271907,57.98586562577822],[27.055835100909153,57.98586562577822],[27.055835100909153,57.97687242214097],[27.046841897271907,57.97687242214097]]]}},{"type":"Feature","properties":{"jobs":0,"pop":15,"pointCount":2,"homeWorkCommuteMedian":57616,"workHomeCommuteMedian":-1},"geometry":{"type":"Polygon","coordinates":[[[27.046841897271907,57.99485882941546],[27.046841897271907,58.00385203305271],[27.055835100909153,58.00385203305271],[27.055835100909153,57.99485882941546],[27.046841897271907,57.99485882941546]]]}},{"type":"Feature","properties":{"jobs":0,"pop":5,"pointCount":1,"homeWorkCommuteMedian":4453,"workHomeCommuteMedian":-1},"geometry":{"type":"Polygon","coordinates":[[[27.046841897271907,58.012845236689955],[27.046841897271907,58.0218384403272],[27.055835100909153,58.0218384403272],[27.055835100909153,58.012845236689955],[27.046841897271907,58.012845236689955]]]}},{"type":"Feature","properties":{"jobs":0,"pop":12,"pointCount":1,"homeWorkCommuteMedian":6409,"workHomeCommuteMedian":-1},"geometry":{"type":"Polygon","coordinates":[[[27.046841897271907,58.03083164396445],[27.046841897271907,58.03982484760169],[27.055835100909153,58.03982484760169],[27.055835100909153,58.03083164396445],[27.046841897271907,58.03083164396445]]]}},{"type":"Feature","properties":{"jobs":6,"pop":307,"pointCount":3,"homeWorkCommuteMedian":15298,"workHomeCommuteMedian":50001},"geometry":{"type":"Polygon","coordinates":[[[27.046841897271907,58.03982484760169],[27.046841897271907,58.04881805123894],[27.055835100909153,58.04881805123894],[27.055835100909153,58.03982484760169],[27.046841897271907,58.03982484760169]]]}},{"type":"Feature","properties":{"jobs":769,"pop":543,"pointCount":19,"homeWorkCommuteMedian":13127,"workHomeCommuteMedian":6457},"geometry":{"type":"Polygon","coordinates":[[[27.046841897271907,58.04881805123894],[27.046841897271907,58.057811254876185],[27.055835100909153,58.057811254876185],[27.055835100909153,58.04881805123894],[27.046841897271907,58.04881805123894]]]}},{"type":"Feature","properties":{"jobs":51,"pop":108,"pointCount":9,"homeWorkCommuteMedian":11517,"workHomeCommuteMedian":8565},"geometry":{"type":"Polygon","coordinates":[[[27.046841897271907,58.057811254876185],[27.046841897271907,58.06680445851343],[27.055835100909153,58.06680445851343],[27.055835100909153,58.057811254876185],[27.046841897271907,58.057811254876185]]]}},{"type":"Feature","properties":{"jobs":45,"pop":28,"pointCount":4,"homeWorkCommuteMedian":42369,"workHomeCommuteMedian":56943},"geometry":{"type":"Polygon","coordinates":[[[27.046841897271907,58.06680445851343],[27.046841897271907,58.07579766215068],[27.055835100909153,58.07579766215068],[27.055835100909153,58.06680445851343],[27.046841897271907,58.06680445851343]]]}},{"type":"Feature","properties":{"jobs":0,"pop":7,"pointCount":1,"homeWorkCommuteMedian":44457,"workHomeCommuteMedian":-1},"geometry":{"type":"Polygon","coordinates":[[[27.046841897271907,58.09378406942517],[27.046841897271907,58.102777273062415],[27.055835100909153,58.102777273062415],[27.055835100909153,58.09378406942517],[27.046841897271907,58.09378406942517]]]}},{"type":"Feature","properties":{"jobs":227,"pop":0,"pointCount":1,"homeWorkCommuteMedian":-1,"workHomeCommuteMedian":43978},"geometry":{"type":"Polygon","coordinates":[[[27.046841897271907,58.102777273062415],[27.046841897271907,58.11177047669966],[27.055835100909153,58.11177047669966],[27.055835100909153,58.102777273062415],[27.046841897271907,58.102777273062415]]]}},{"type":"Feature","properties":{"jobs":0,"pop":12,"pointCount":1,"homeWorkCommuteMedian":28655,"workHomeCommuteMedian":-1},"geometry":{"type":"Polygon","coordinates":[[[27.046841897271907,58.20170251307212],[27.046841897271907,58.21069571670937],[27.055835100909153,58.21069571670937],[27.055835100909153,58.20170251307212],[27.046841897271907,58.20170251307212]]]}},{"type":"Feature","properties":{"jobs":17,"pop":11,"pointCount":3,"homeWorkCommuteMedian":71876,"workHomeCommuteMedian":50928},"geometry":{"type":"Polygon","coordinates":[[[27.046841897271907,58.21069571670937],[27.046841897271907,58.21968892034661],[27.055835100909153,58.21968892034661],[27.055835100909153,58.21069571670937],[27.046841897271907,58.21069571670937]]]}},{"type":"Feature","properties":{"jobs":5,"pop":120,"pointCount":2,"homeWorkCommuteMedian":27527,"workHomeCommuteMedian":36677},"geometry":{"type":"Polygon","coordinates":[[[27.046841897271907,58.27364814217009],[27.046841897271907,58.282641345807335],[27.055835100909153,58.282641345807335],[27.055835100909153,58.27364814217009],[27.046841897271907,58.27364814217009]]]}},{"type":"Feature","properties":{"jobs":101,"pop":29,"pointCount":10,"homeWorkCommuteMedian":29564,"workHomeCommuteMedian":12424},"geometry":{"type":"Polygon","coordinates":[[[27.046841897271907,58.282641345807335],[27.046841897271907,58.29163454944458],[27.055835100909153,58.29163454944458],[27.055835100909153,58.282641345807335],[27.046841897271907,58.282641345807335]]]}},{"type":"Feature","properties":{"jobs":9,"pop":5,"pointCount":2,"homeWorkCommuteMedian":51413,"workHomeCommuteMedian":8118},"geometry":{"type":"Polygon","coordinates":[[[27.046841897271907,58.3545869749053],[27.046841897271907,58.36358017854255],[27.055835100909153,58.36358017854255],[27.055835100909153,58.3545869749053],[27.046841897271907,58.3545869749053]]]}},{"type":"Feature","properties":{"jobs":106,"pop":0,"pointCount":1,"homeWorkCommuteMedian":-1,"workHomeCommuteMedian":19579},"geometry":{"type":"Polygon","coordinates":[[[27.046841897271907,58.372573382179795],[27.046841897271907,58.38156658581704],[27.055835100909153,58.38156658581704],[27.055835100909153,58.372573382179795],[27.046841897271907,58.372573382179795]]]}},{"type":"Feature","properties":{"jobs":0,"pop":29,"pointCount":1,"homeWorkCommuteMedian":22989,"workHomeCommuteMedian":-1},"geometry":{"type":"Polygon","coordinates":[[[27.046841897271907,58.39055978945429],[27.046841897271907,58.39955299309153],[27.055835100909153,58.39955299309153],[27.055835100909153,58.39055978945429],[27.046841897271907,58.39055978945429]]]}},{"type":"Feature","properties":{"jobs":3,"pop":0,"pointCount":1,"homeWorkCommuteMedian":-1,"workHomeCommuteMedian":67734},"geometry":{"type":"Polygon","coordinates":[[[27.046841897271907,58.40854619672878],[27.046841897271907,58.417539400366024],[27.055835100909153,58.417539400366024],[27.055835100909153,58.40854619672878],[27.046841897271907,58.40854619672878]]]}},{"type":"Feature","properties":{"jobs":0,"pop":11,"pointCount":1,"homeWorkCommuteMedian":61963,"workHomeCommuteMedian":-1},"geometry":{"type":"Polygon","coordinates":[[[27.046841897271907,58.42653260400327],[27.046841897271907,58.435525807640516],[27.055835100909153,58.435525807640516],[27.055835100909153,58.42653260400327],[27.046841897271907,58.42653260400327]]]}},{"type":"Feature","properties":{"jobs":0,"pop":7,"pointCount":1,"homeWorkCommuteMedian":6922,"workHomeCommuteMedian":-1},"geometry":{"type":"Polygon","coordinates":[[[27.046841897271907,58.642369491297174],[27.046841897271907,58.65136269493442],[27.055835100909153,58.65136269493442],[27.055835100909153,58.642369491297174],[27.046841897271907,58.642369491297174]]]}},{"type":"Feature","properties":{"jobs":0,"pop":12,"pointCount":2,"homeWorkCommuteMedian":87768,"workHomeCommuteMedian":-1},"geometry":{"type":"Polygon","coordinates":[[[27.046841897271907,58.67834230584616],[27.046841897271907,58.687335509483404],[27.055835100909153,58.687335509483404],[27.055835100909153,58.67834230584616],[27.046841897271907,58.67834230584616]]]}},{"type":"Feature","properties":{"jobs":0,"pop":6,"pointCount":1,"homeWorkCommuteMedian":63265,"workHomeCommuteMedian":-1},"geometry":{"type":"Polygon","coordinates":[[[27.055835100909153,57.922913200317495],[27.055835100909153,57.93190640395474],[27.0648283045464,57.93190640395474],[27.0648283045464,57.922913200317495],[27.055835100909153,57.922913200317495]]]}},{"type":"Feature","properties":{"jobs":0,"pop":5,"pointCount":1,"homeWorkCommuteMedian":28308,"workHomeCommuteMedian":-1},"geometry":{"type":"Polygon","coordinates":[[[27.055835100909153,57.94089960759199],[27.055835100909153,57.94989281122923],[27.0648283045464,57.94989281122923],[27.0648283045464,57.94089960759199],[27.055835100909153,57.94089960759199]]]}},{"type":"Feature","properties":{"jobs":0,"pop":10,"pointCount":1,"homeWorkCommuteMedian":61500,"workHomeCommuteMedian":-1},"geometry":{"type":"Polygon","coordinates":[[[27.055835100909153,57.94989281122923],[27.055835100909153,57.95888601486648],[27.0648283045464,57.95888601486648],[27.0648283045464,57.94989281122923],[27.055835100909153,57.94989281122923]]]}},{"type":"Feature","properties":{"jobs":0,"pop":13,"pointCount":2,"homeWorkCommuteMedian":59310,"workHomeCommuteMedian":-1},"geometry":{"type":"Polygon","coordinates":[[[27.055835100909153,57.967879218503725],[27.055835100909153,57.97687242214097],[27.0648283045464,57.97687242214097],[27.0648283045464,57.967879218503725],[27.055835100909153,57.967879218503725]]]}},{"type":"Feature","properties":{"jobs":35,"pop":32,"pointCount":4,"homeWorkCommuteMedian":11147,"workHomeCommuteMedian":6176},"geometry":{"type":"Polygon","coordinates":[[[27.055835100909153,57.97687242214097],[27.055835100909153,57.98586562577822],[27.0648283045464,57.98586562577822],[27.0648283045464,57.97687242214097],[27.055835100909153,57.97687242214097]]]}},{"type":"Feature","properties":{"jobs":0,"pop":9,"pointCount":1,"homeWorkCommuteMedian":45171,"workHomeCommuteMedian":-1},"geometry":{"type":"Polygon","coordinates":[[[27.055835100909153,57.99485882941546],[27.055835100909153,58.00385203305271],[27.0648283045464,58.00385203305271],[27.0648283045464,57.99485882941546],[27.055835100909153,57.99485882941546]]]}},{"type":"Feature","properties":{"jobs":21,"pop":16,"pointCount":4,"homeWorkCommuteMedian":55075,"workHomeCommuteMedian":9822},"geometry":{"type":"Polygon","coordinates":[[[27.055835100909153,58.012845236689955],[27.055835100909153,58.0218384403272],[27.0648283045464,58.0218384403272],[27.0648283045464,58.012845236689955],[27.055835100909153,58.012845236689955]]]}},{"type":"Feature","properties":{"jobs":31,"pop":0,"pointCount":2,"homeWorkCommuteMedian":-1,"workHomeCommuteMedian":19821},"geometry":{"type":"Polygon","coordinates":[[[27.055835100909153,58.0218384403272],[27.055835100909153,58.03083164396445],[27.0648283045464,58.03083164396445],[27.0648283045464,58.0218384403272],[27.055835100909153,58.0218384403272]]]}},{"type":"Feature","properties":{"jobs":0,"pop":20,"pointCount":3,"homeWorkCommuteMedian":25396,"workHomeCommuteMedian":-1},"geometry":{"type":"Polygon","coordinates":[[[27.055835100909153,58.03982484760169],[27.055835100909153,58.04881805123894],[27.0648283045464,58.04881805123894],[27.0648283045464,58.03982484760169],[27.055835100909153,58.03982484760169]]]}},{"type":"Feature","properties":{"jobs":189,"pop":122,"pointCount":10,"homeWorkCommuteMedian":12415,"workHomeCommuteMedian":8735},"geometry":{"type":"Polygon","coordinates":[[[27.055835100909153,58.04881805123894],[27.055835100909153,58.057811254876185],[27.0648283045464,58.057811254876185],[27.0648283045464,58.04881805123894],[27.055835100909153,58.04881805123894]]]}},{"type":"Feature","properties":{"jobs":6,"pop":29,"pointCount":2,"homeWorkCommuteMedian":14619,"workHomeCommuteMedian":25344},"geometry":{"type":"Polygon","coordinates":[[[27.055835100909153,58.057811254876185],[27.055835100909153,58.06680445851343],[27.0648283045464,58.06680445851343],[27.0648283045464,58.057811254876185],[27.055835100909153,58.057811254876185]]]}},{"type":"Feature","properties":{"jobs":0,"pop":24,"pointCount":3,"homeWorkCommuteMedian":2980,"workHomeCommuteMedian":-1},"geometry":{"type":"Polygon","coordinates":[[[27.055835100909153,58.06680445851343],[27.055835100909153,58.07579766215068],[27.0648283045464,58.07579766215068],[27.0648283045464,58.06680445851343],[27.055835100909153,58.06680445851343]]]}},{"type":"Feature","properties":{"jobs":0,"pop":5,"pointCount":1,"homeWorkCommuteMedian":39564,"workHomeCommuteMedian":-1},"geometry":{"type":"Polygon","coordinates":[[[27.055835100909153,58.18371610579763],[27.055835100909153,58.192709309434875],[27.0648283045464,58.192709309434875],[27.0648283045464,58.18371610579763],[27.055835100909153,58.18371610579763]]]}},{"type":"Feature","properties":{"jobs":5,"pop":0,"pointCount":1,"homeWorkCommuteMedian":-1,"workHomeCommuteMedian":43199},"geometry":{"type":"Polygon","coordinates":[[[27.055835100909153,58.192709309434875],[27.055835100909153,58.20170251307212],[27.0648283045464,58.20170251307212],[27.0648283045464,58.192709309434875],[27.055835100909153,58.192709309434875]]]}},{"type":"Feature","properties":{"jobs":0,"pop":18,"pointCount":2,"homeWorkCommuteMedian":34776,"workHomeCommuteMedian":-1},"geometry":{"type":"Polygon","coordinates":[[[27.055835100909153,58.20170251307212],[27.055835100909153,58.21069571670937],[27.0648283045464,58.21069571670937],[27.0648283045464,58.20170251307212],[27.055835100909153,58.20170251307212]]]}},{"type":"Feature","properties":{"jobs":14,"pop":0,"pointCount":1,"homeWorkCommuteMedian":-1,"workHomeCommuteMedian":45854},"geometry":{"type":"Polygon","coordinates":[[[27.055835100909153,58.21069571670937],[27.055835100909153,58.21968892034661],[27.0648283045464,58.21968892034661],[27.0648283045464,58.21069571670937],[27.055835100909153,58.21069571670937]]]}},{"type":"Feature","properties":{"jobs":0,"pop":63,"pointCount":1,"homeWorkCommuteMedian":26563,"workHomeCommuteMedian":-1},"geometry":{"type":"Polygon","coordinates":[[[27.055835100909153,58.27364814217009],[27.055835100909153,58.282641345807335],[27.0648283045464,58.282641345807335],[27.0648283045464,58.27364814217009],[27.055835100909153,58.27364814217009]]]}},{"type":"Feature","properties":{"jobs":5,"pop":23,"pointCount":4,"homeWorkCommuteMedian":24952,"workHomeCommuteMedian":58767},"geometry":{"type":"Polygon","coordinates":[[[27.055835100909153,58.282641345807335],[27.055835100909153,58.29163454944458],[27.0648283045464,58.29163454944458],[27.0648283045464,58.282641345807335],[27.055835100909153,58.282641345807335]]]}},{"type":"Feature","properties":{"jobs":37,"pop":6,"pointCount":2,"homeWorkCommuteMedian":28072,"workHomeCommuteMedian":15776},"geometry":{"type":"Polygon","coordinates":[[[27.055835100909153,58.29163454944458],[27.055835100909153,58.30062775308183],[27.0648283045464,58.30062775308183],[27.0648283045464,58.29163454944458],[27.055835100909153,58.29163454944458]]]}},{"type":"Feature","properties":{"jobs":0,"pop":10,"pointCount":2,"homeWorkCommuteMedian":27207,"workHomeCommuteMedian":-1},"geometry":{"type":"Polygon","coordinates":[[[27.055835100909153,58.38156658581704],[27.055835100909153,58.39055978945429],[27.0648283045464,58.39055978945429],[27.0648283045464,58.38156658581704],[27.055835100909153,58.38156658581704]]]}},{"type":"Feature","properties":{"jobs":0,"pop":15,"pointCount":2,"homeWorkCommuteMedian":26806,"workHomeCommuteMedian":-1},"geometry":{"type":"Polygon","coordinates":[[[27.055835100909153,58.40854619672878],[27.055835100909153,58.417539400366024],[27.0648283045464,58.417539400366024],[27.0648283045464,58.40854619672878],[27.055835100909153,58.40854619672878]]]}},{"type":"Feature","properties":{"jobs":0,"pop":9,"pointCount":1,"homeWorkCommuteMedian":33975,"workHomeCommuteMedian":-1},"geometry":{"type":"Polygon","coordinates":[[[27.055835100909153,58.54344425128747],[27.055835100909153,58.552437454924714],[27.0648283045464,58.552437454924714],[27.0648283045464,58.54344425128747],[27.055835100909153,58.54344425128747]]]}},{"type":"Feature","properties":{"jobs":0,"pop":5,"pointCount":1,"homeWorkCommuteMedian":5454,"workHomeCommuteMedian":-1},"geometry":{"type":"Polygon","coordinates":[[[27.055835100909153,58.57941706583645],[27.055835100909153,58.5884102694737],[27.0648283045464,58.5884102694737],[27.0648283045464,58.57941706583645],[27.055835100909153,58.57941706583645]]]}},{"type":"Feature","properties":{"jobs":1,"pop":11,"pointCount":2,"homeWorkCommuteMedian":12090,"workHomeCommuteMedian":6209},"geometry":{"type":"Polygon","coordinates":[[[27.055835100909153,58.62438308402268],[27.055835100909153,58.63337628765993],[27.0648283045464,58.63337628765993],[27.0648283045464,58.62438308402268],[27.055835100909153,58.62438308402268]]]}},{"type":"Feature","properties":{"jobs":20,"pop":23,"pointCount":2,"homeWorkCommuteMedian":82299,"workHomeCommuteMedian":7405},"geometry":{"type":"Polygon","coordinates":[[[27.055835100909153,58.63337628765993],[27.055835100909153,58.642369491297174],[27.0648283045464,58.642369491297174],[27.0648283045464,58.63337628765993],[27.055835100909153,58.63337628765993]]]}},{"type":"Feature","properties":{"jobs":2,"pop":0,"pointCount":1,"homeWorkCommuteMedian":-1,"workHomeCommuteMedian":33945},"geometry":{"type":"Polygon","coordinates":[[[27.055835100909153,58.660355898571666],[27.055835100909153,58.66934910220891],[27.0648283045464,58.66934910220891],[27.0648283045464,58.660355898571666],[27.055835100909153,58.660355898571666]]]}},{"type":"Feature","properties":{"jobs":3,"pop":0,"pointCount":1,"homeWorkCommuteMedian":-1,"workHomeCommuteMedian":23399},"geometry":{"type":"Polygon","coordinates":[[[27.055835100909153,58.66934910220891],[27.055835100909153,58.67834230584616],[27.0648283045464,58.67834230584616],[27.0648283045464,58.66934910220891],[27.055835100909153,58.66934910220891]]]}},{"type":"Feature","properties":{"jobs":0,"pop":5,"pointCount":1,"homeWorkCommuteMedian":2576,"workHomeCommuteMedian":-1},"geometry":{"type":"Polygon","coordinates":[[[27.055835100909153,58.71431512039514],[27.055835100909153,58.72330832403239],[27.0648283045464,58.72330832403239],[27.0648283045464,58.71431512039514],[27.055835100909153,58.71431512039514]]]}},{"type":"Feature","properties":{"jobs":0,"pop":9,"pointCount":1,"homeWorkCommuteMedian":77136,"workHomeCommuteMedian":-1},"geometry":{"type":"Polygon","coordinates":[[[27.0648283045464,57.91391999668025],[27.0648283045464,57.922913200317495],[27.073821508183645,57.922913200317495],[27.073821508183645,57.91391999668025],[27.0648283045464,57.91391999668025]]]}},{"type":"Feature","properties":{"jobs":0,"pop":9,"pointCount":1,"homeWorkCommuteMedian":25529,"workHomeCommuteMedian":-1},"geometry":{"type":"Polygon","coordinates":[[[27.0648283045464,58.03083164396445],[27.0648283045464,58.03982484760169],[27.073821508183645,58.03982484760169],[27.073821508183645,58.03083164396445],[27.0648283045464,58.03083164396445]]]}},{"type":"Feature","properties":{"jobs":0,"pop":54,"pointCount":4,"homeWorkCommuteMedian":15188,"workHomeCommuteMedian":-1},"geometry":{"type":"Polygon","coordinates":[[[27.0648283045464,58.03982484760169],[27.0648283045464,58.04881805123894],[27.073821508183645,58.04881805123894],[27.073821508183645,58.03982484760169],[27.0648283045464,58.03982484760169]]]}},{"type":"Feature","properties":{"jobs":42,"pop":82,"pointCount":11,"homeWorkCommuteMedian":16773,"workHomeCommuteMedian":34847},"geometry":{"type":"Polygon","coordinates":[[[27.0648283045464,58.04881805123894],[27.0648283045464,58.057811254876185],[27.073821508183645,58.057811254876185],[27.073821508183645,58.04881805123894],[27.0648283045464,58.04881805123894]]]}},{"type":"Feature","properties":{"jobs":147,"pop":318,"pointCount":12,"homeWorkCommuteMedian":22449,"workHomeCommuteMedian":10933},"geometry":{"type":"Polygon","coordinates":[[[27.0648283045464,58.057811254876185],[27.0648283045464,58.06680445851343],[27.073821508183645,58.06680445851343],[27.073821508183645,58.057811254876185],[27.0648283045464,58.057811254876185]]]}},{"type":"Feature","properties":{"jobs":32,"pop":0,"pointCount":2,"homeWorkCommuteMedian":-1,"workHomeCommuteMedian":3599},"geometry":{"type":"Polygon","coordinates":[[[27.0648283045464,58.06680445851343],[27.0648283045464,58.07579766215068],[27.073821508183645,58.07579766215068],[27.073821508183645,58.06680445851343],[27.0648283045464,58.06680445851343]]]}},{"type":"Feature","properties":{"jobs":7,"pop":0,"pointCount":1,"homeWorkCommuteMedian":-1,"workHomeCommuteMedian":2954},"geometry":{"type":"Polygon","coordinates":[[[27.0648283045464,58.07579766215068],[27.0648283045464,58.08479086578792],[27.073821508183645,58.08479086578792],[27.073821508183645,58.07579766215068],[27.0648283045464,58.07579766215068]]]}},{"type":"Feature","properties":{"jobs":17,"pop":0,"pointCount":1,"homeWorkCommuteMedian":-1,"workHomeCommuteMedian":41116},"geometry":{"type":"Polygon","coordinates":[[[27.0648283045464,58.11177047669966],[27.0648283045464,58.12076368033691],[27.073821508183645,58.12076368033691],[27.073821508183645,58.11177047669966],[27.0648283045464,58.11177047669966]]]}},{"type":"Feature","properties":{"jobs":0,"pop":10,"pointCount":1,"homeWorkCommuteMedian":10469,"workHomeCommuteMedian":-1},"geometry":{"type":"Polygon","coordinates":[[[27.0648283045464,58.12076368033691],[27.0648283045464,58.12975688397415],[27.073821508183645,58.12975688397415],[27.073821508183645,58.12076368033691],[27.0648283045464,58.12076368033691]]]}},{"type":"Feature","properties":{"jobs":0,"pop":10,"pointCount":1,"homeWorkCommuteMedian":35512,"workHomeCommuteMedian":-1},"geometry":{"type":"Polygon","coordinates":[[[27.0648283045464,58.15673649488589],[27.0648283045464,58.16572969852314],[27.073821508183645,58.16572969852314],[27.073821508183645,58.15673649488589],[27.0648283045464,58.15673649488589]]]}},{"type":"Feature","properties":{"jobs":68,"pop":88,"pointCount":9,"homeWorkCommuteMedian":33385,"workHomeCommuteMedian":32318},"geometry":{"type":"Polygon","coordinates":[[[27.0648283045464,58.20170251307212],[27.0648283045464,58.21069571670937],[27.073821508183645,58.21069571670937],[27.073821508183645,58.20170251307212],[27.0648283045464,58.20170251307212]]]}},{"type":"Feature","properties":{"jobs":20,"pop":96,"pointCount":6,"homeWorkCommuteMedian":36354,"workHomeCommuteMedian":22114},"geometry":{"type":"Polygon","coordinates":[[[27.0648283045464,58.21069571670937],[27.0648283045464,58.21968892034661],[27.073821508183645,58.21968892034661],[27.073821508183645,58.21069571670937],[27.0648283045464,58.21069571670937]]]}},{"type":"Feature","properties":{"jobs":2,"pop":0,"pointCount":1,"homeWorkCommuteMedian":-1,"workHomeCommuteMedian":26776},"geometry":{"type":"Polygon","coordinates":[[[27.0648283045464,58.2556617348956],[27.0648283045464,58.26465493853284],[27.073821508183645,58.26465493853284],[27.073821508183645,58.2556617348956],[27.0648283045464,58.2556617348956]]]}},{"type":"Feature","properties":{"jobs":15,"pop":0,"pointCount":1,"homeWorkCommuteMedian":-1,"workHomeCommuteMedian":26856},"geometry":{"type":"Polygon","coordinates":[[[27.0648283045464,58.282641345807335],[27.0648283045464,58.29163454944458],[27.073821508183645,58.29163454944458],[27.073821508183645,58.282641345807335],[27.0648283045464,58.282641345807335]]]}},{"type":"Feature","properties":{"jobs":11,"pop":0,"pointCount":1,"homeWorkCommuteMedian":-1,"workHomeCommuteMedian":31438},"geometry":{"type":"Polygon","coordinates":[[[27.0648283045464,58.34559377126806],[27.0648283045464,58.3545869749053],[27.073821508183645,58.3545869749053],[27.073821508183645,58.34559377126806],[27.0648283045464,58.34559377126806]]]}},{"type":"Feature","properties":{"jobs":0,"pop":10,"pointCount":1,"homeWorkCommuteMedian":23387,"workHomeCommuteMedian":-1},"geometry":{"type":"Polygon","coordinates":[[[27.0648283045464,58.3545869749053],[27.0648283045464,58.36358017854255],[27.073821508183645,58.36358017854255],[27.073821508183645,58.3545869749053],[27.0648283045464,58.3545869749053]]]}},{"type":"Feature","properties":{"jobs":0,"pop":10,"pointCount":1,"homeWorkCommuteMedian":26664,"workHomeCommuteMedian":-1},"geometry":{"type":"Polygon","coordinates":[[[27.0648283045464,58.36358017854255],[27.0648283045464,58.372573382179795],[27.073821508183645,58.372573382179795],[27.073821508183645,58.36358017854255],[27.0648283045464,58.36358017854255]]]}},{"type":"Feature","properties":{"jobs":13,"pop":19,"pointCount":2,"homeWorkCommuteMedian":23884,"workHomeCommuteMedian":24877},"geometry":{"type":"Polygon","coordinates":[[[27.0648283045464,58.372573382179795],[27.0648283045464,58.38156658581704],[27.073821508183645,58.38156658581704],[27.073821508183645,58.372573382179795],[27.0648283045464,58.372573382179795]]]}},{"type":"Feature","properties":{"jobs":0,"pop":6,"pointCount":1,"homeWorkCommuteMedian":24093,"workHomeCommuteMedian":-1},"geometry":{"type":"Polygon","coordinates":[[[27.0648283045464,58.38156658581704],[27.0648283045464,58.39055978945429],[27.073821508183645,58.39055978945429],[27.073821508183645,58.38156658581704],[27.0648283045464,58.38156658581704]]]}},{"type":"Feature","properties":{"jobs":0,"pop":12,"pointCount":1,"homeWorkCommuteMedian":38739,"workHomeCommuteMedian":-1},"geometry":{"type":"Polygon","coordinates":[[[27.0648283045464,58.462505418552254],[27.0648283045464,58.4714986221895],[27.073821508183645,58.4714986221895],[27.073821508183645,58.462505418552254],[27.0648283045464,58.462505418552254]]]}},{"type":"Feature","properties":{"jobs":14,"pop":0,"pointCount":1,"homeWorkCommuteMedian":-1,"workHomeCommuteMedian":19771},"geometry":{"type":"Polygon","coordinates":[[[27.0648283045464,58.51646464037573],[27.0648283045464,58.525457844012976],[27.073821508183645,58.525457844012976],[27.073821508183645,58.51646464037573],[27.0648283045464,58.51646464037573]]]}},{"type":"Feature","properties":{"jobs":2,"pop":20,"pointCount":4,"homeWorkCommuteMedian":31659,"workHomeCommuteMedian":685},"geometry":{"type":"Polygon","coordinates":[[[27.0648283045464,58.54344425128747],[27.0648283045464,58.552437454924714],[27.073821508183645,58.552437454924714],[27.073821508183645,58.54344425128747],[27.0648283045464,58.54344425128747]]]}},{"type":"Feature","properties":{"jobs":4,"pop":0,"pointCount":1,"homeWorkCommuteMedian":-1,"workHomeCommuteMedian":13371},"geometry":{"type":"Polygon","coordinates":[[[27.0648283045464,58.60639667674819],[27.0648283045464,58.615389880385436],[27.073821508183645,58.615389880385436],[27.073821508183645,58.60639667674819],[27.0648283045464,58.60639667674819]]]}},{"type":"Feature","properties":{"jobs":0,"pop":5,"pointCount":1,"homeWorkCommuteMedian":44588,"workHomeCommuteMedian":-1},"geometry":{"type":"Polygon","coordinates":[[[27.0648283045464,58.615389880385436],[27.0648283045464,58.62438308402268],[27.073821508183645,58.62438308402268],[27.073821508183645,58.615389880385436],[27.0648283045464,58.615389880385436]]]}},{"type":"Feature","properties":{"jobs":0,"pop":2,"pointCount":1,"homeWorkCommuteMedian":44520,"workHomeCommuteMedian":-1},"geometry":{"type":"Polygon","coordinates":[[[27.0648283045464,58.62438308402268],[27.0648283045464,58.63337628765993],[27.073821508183645,58.63337628765993],[27.073821508183645,58.62438308402268],[27.0648283045464,58.62438308402268]]]}},{"type":"Feature","properties":{"jobs":0,"pop":15,"pointCount":1,"homeWorkCommuteMedian":57044,"workHomeCommuteMedian":-1},"geometry":{"type":"Polygon","coordinates":[[[27.0648283045464,58.642369491297174],[27.0648283045464,58.65136269493442],[27.073821508183645,58.65136269493442],[27.073821508183645,58.642369491297174],[27.0648283045464,58.642369491297174]]]}},{"type":"Feature","properties":{"jobs":0,"pop":6,"pointCount":1,"homeWorkCommuteMedian":55928,"workHomeCommuteMedian":-1},"geometry":{"type":"Polygon","coordinates":[[[27.0648283045464,58.65136269493442],[27.0648283045464,58.660355898571666],[27.073821508183645,58.660355898571666],[27.073821508183645,58.65136269493442],[27.0648283045464,58.65136269493442]]]}},{"type":"Feature","properties":{"jobs":0,"pop":11,"pointCount":1,"homeWorkCommuteMedian":52750,"workHomeCommuteMedian":-1},"geometry":{"type":"Polygon","coordinates":[[[27.0648283045464,58.660355898571666],[27.0648283045464,58.66934910220891],[27.073821508183645,58.66934910220891],[27.073821508183645,58.660355898571666],[27.0648283045464,58.660355898571666]]]}},{"type":"Feature","properties":{"jobs":14,"pop":20,"pointCount":1,"homeWorkCommuteMedian":59690,"workHomeCommuteMedian":20166},"geometry":{"type":"Polygon","coordinates":[[[27.0648283045464,58.71431512039514],[27.0648283045464,58.72330832403239],[27.073821508183645,58.72330832403239],[27.073821508183645,58.71431512039514],[27.0648283045464,58.71431512039514]]]}},{"type":"Feature","properties":{"jobs":2,"pop":0,"pointCount":1,"homeWorkCommuteMedian":-1,"workHomeCommuteMedian":12097},"geometry":{"type":"Polygon","coordinates":[[[27.0648283045464,58.732301527669634],[27.0648283045464,58.74129473130688],[27.073821508183645,58.74129473130688],[27.073821508183645,58.732301527669634],[27.0648283045464,58.732301527669634]]]}},{"type":"Feature","properties":{"jobs":0,"pop":1,"pointCount":1,"homeWorkCommuteMedian":47605,"workHomeCommuteMedian":-1},"geometry":{"type":"Polygon","coordinates":[[[27.0648283045464,58.74129473130688],[27.0648283045464,58.750287934944126],[27.073821508183645,58.750287934944126],[27.073821508183645,58.74129473130688],[27.0648283045464,58.74129473130688]]]}},{"type":"Feature","properties":{"jobs":0,"pop":5,"pointCount":1,"homeWorkCommuteMedian":13304,"workHomeCommuteMedian":-1},"geometry":{"type":"Polygon","coordinates":[[[27.073821508183645,57.95888601486648],[27.073821508183645,57.967879218503725],[27.08281471182089,57.967879218503725],[27.08281471182089,57.95888601486648],[27.073821508183645,57.95888601486648]]]}},{"type":"Feature","properties":{"jobs":0,"pop":12,"pointCount":1,"homeWorkCommuteMedian":55590,"workHomeCommuteMedian":-1},"geometry":{"type":"Polygon","coordinates":[[[27.073821508183645,57.97687242214097],[27.073821508183645,57.98586562577822],[27.08281471182089,57.98586562577822],[27.08281471182089,57.97687242214097],[27.073821508183645,57.97687242214097]]]}},{"type":"Feature","properties":{"jobs":0,"pop":8,"pointCount":1,"homeWorkCommuteMedian":43017,"workHomeCommuteMedian":-1},"geometry":{"type":"Polygon","coordinates":[[[27.073821508183645,58.03083164396445],[27.073821508183645,58.03982484760169],[27.08281471182089,58.03982484760169],[27.08281471182089,58.03083164396445],[27.073821508183645,58.03083164396445]]]}},{"type":"Feature","properties":{"jobs":61,"pop":20,"pointCount":6,"homeWorkCommuteMedian":11864,"workHomeCommuteMedian":3703},"geometry":{"type":"Polygon","coordinates":[[[27.073821508183645,58.03982484760169],[27.073821508183645,58.04881805123894],[27.08281471182089,58.04881805123894],[27.08281471182089,58.03982484760169],[27.073821508183645,58.03982484760169]]]}},{"type":"Feature","properties":{"jobs":11,"pop":66,"pointCount":6,"homeWorkCommuteMedian":45467,"workHomeCommuteMedian":2500},"geometry":{"type":"Polygon","coordinates":[[[27.073821508183645,58.04881805123894],[27.073821508183645,58.057811254876185],[27.08281471182089,58.057811254876185],[27.08281471182089,58.04881805123894],[27.073821508183645,58.04881805123894]]]}},{"type":"Feature","properties":{"jobs":81,"pop":462,"pointCount":9,"homeWorkCommuteMedian":24841,"workHomeCommuteMedian":12536},"geometry":{"type":"Polygon","coordinates":[[[27.073821508183645,58.057811254876185],[27.073821508183645,58.06680445851343],[27.08281471182089,58.06680445851343],[27.08281471182089,58.057811254876185],[27.073821508183645,58.057811254876185]]]}},{"type":"Feature","properties":{"jobs":371,"pop":118,"pointCount":13,"homeWorkCommuteMedian":6844,"workHomeCommuteMedian":4111},"geometry":{"type":"Polygon","coordinates":[[[27.073821508183645,58.06680445851343],[27.073821508183645,58.07579766215068],[27.08281471182089,58.07579766215068],[27.08281471182089,58.06680445851343],[27.073821508183645,58.06680445851343]]]}},{"type":"Feature","properties":{"jobs":0,"pop":29,"pointCount":2,"homeWorkCommuteMedian":50710,"workHomeCommuteMedian":-1},"geometry":{"type":"Polygon","coordinates":[[[27.073821508183645,58.07579766215068],[27.073821508183645,58.08479086578792],[27.08281471182089,58.08479086578792],[27.08281471182089,58.07579766215068],[27.073821508183645,58.07579766215068]]]}},{"type":"Feature","properties":{"jobs":0,"pop":63,"pointCount":3,"homeWorkCommuteMedian":48281,"workHomeCommuteMedian":-1},"geometry":{"type":"Polygon","coordinates":[[[27.073821508183645,58.08479086578792],[27.073821508183645,58.09378406942517],[27.08281471182089,58.09378406942517],[27.08281471182089,58.08479086578792],[27.073821508183645,58.08479086578792]]]}},{"type":"Feature","properties":{"jobs":5,"pop":8,"pointCount":2,"homeWorkCommuteMedian":11476,"workHomeCommuteMedian":9246},"geometry":{"type":"Polygon","coordinates":[[[27.073821508183645,58.16572969852314],[27.073821508183645,58.17472290216038],[27.08281471182089,58.17472290216038],[27.08281471182089,58.16572969852314],[27.073821508183645,58.16572969852314]]]}},{"type":"Feature","properties":{"jobs":0,"pop":8,"pointCount":1,"homeWorkCommuteMedian":44874,"workHomeCommuteMedian":-1},"geometry":{"type":"Polygon","coordinates":[[[27.073821508183645,58.18371610579763],[27.073821508183645,58.192709309434875],[27.08281471182089,58.192709309434875],[27.08281471182089,58.18371610579763],[27.073821508183645,58.18371610579763]]]}},{"type":"Feature","properties":{"jobs":5,"pop":15,"pointCount":3,"homeWorkCommuteMedian":17381,"workHomeCommuteMedian":27125},"geometry":{"type":"Polygon","coordinates":[[[27.073821508183645,58.192709309434875],[27.073821508183645,58.20170251307212],[27.08281471182089,58.20170251307212],[27.08281471182089,58.192709309434875],[27.073821508183645,58.192709309434875]]]}},{"type":"Feature","properties":{"jobs":35,"pop":8,"pointCount":4,"homeWorkCommuteMedian":16750,"workHomeCommuteMedian":31926},"geometry":{"type":"Polygon","coordinates":[[[27.073821508183645,58.20170251307212],[27.073821508183645,58.21069571670937],[27.08281471182089,58.21069571670937],[27.08281471182089,58.20170251307212],[27.073821508183645,58.20170251307212]]]}},{"type":"Feature","properties":{"jobs":0,"pop":7,"pointCount":1,"homeWorkCommuteMedian":31414,"workHomeCommuteMedian":-1},"geometry":{"type":"Polygon","coordinates":[[[27.073821508183645,58.2556617348956],[27.073821508183645,58.26465493853284],[27.08281471182089,58.26465493853284],[27.08281471182089,58.2556617348956],[27.073821508183645,58.2556617348956]]]}},{"type":"Feature","properties":{"jobs":0,"pop":13,"pointCount":1,"homeWorkCommuteMedian":30376,"workHomeCommuteMedian":-1},"geometry":{"type":"Polygon","coordinates":[[[27.073821508183645,58.30062775308183],[27.073821508183645,58.30962095671907],[27.08281471182089,58.30962095671907],[27.08281471182089,58.30062775308183],[27.073821508183645,58.30062775308183]]]}},{"type":"Feature","properties":{"jobs":0,"pop":9,"pointCount":1,"homeWorkCommuteMedian":27916,"workHomeCommuteMedian":-1},"geometry":{"type":"Polygon","coordinates":[[[27.073821508183645,58.31861416035632],[27.073821508183645,58.327607363993565],[27.08281471182089,58.327607363993565],[27.08281471182089,58.31861416035632],[27.073821508183645,58.31861416035632]]]}},{"type":"Feature","properties":{"jobs":0,"pop":9,"pointCount":1,"homeWorkCommuteMedian":26327,"workHomeCommuteMedian":-1},"geometry":{"type":"Polygon","coordinates":[[[27.073821508183645,58.33660056763081],[27.073821508183645,58.34559377126806],[27.08281471182089,58.34559377126806],[27.08281471182089,58.33660056763081],[27.073821508183645,58.33660056763081]]]}},{"type":"Feature","properties":{"jobs":0,"pop":11,"pointCount":1,"homeWorkCommuteMedian":3340,"workHomeCommuteMedian":-1},"geometry":{"type":"Polygon","coordinates":[[[27.073821508183645,58.34559377126806],[27.073821508183645,58.3545869749053],[27.08281471182089,58.3545869749053],[27.08281471182089,58.34559377126806],[27.073821508183645,58.34559377126806]]]}},{"type":"Feature","properties":{"jobs":7,"pop":5,"pointCount":2,"homeWorkCommuteMedian":25640,"workHomeCommuteMedian":55232},"geometry":{"type":"Polygon","coordinates":[[[27.073821508183645,58.3545869749053],[27.073821508183645,58.36358017854255],[27.08281471182089,58.36358017854255],[27.08281471182089,58.3545869749053],[27.073821508183645,58.3545869749053]]]}},{"type":"Feature","properties":{"jobs":0,"pop":16,"pointCount":2,"homeWorkCommuteMedian":26348,"workHomeCommuteMedian":-1},"geometry":{"type":"Polygon","coordinates":[[[27.073821508183645,58.36358017854255],[27.073821508183645,58.372573382179795],[27.08281471182089,58.372573382179795],[27.08281471182089,58.36358017854255],[27.073821508183645,58.36358017854255]]]}},{"type":"Feature","properties":{"jobs":2,"pop":0,"pointCount":1,"homeWorkCommuteMedian":-1,"workHomeCommuteMedian":51332},"geometry":{"type":"Polygon","coordinates":[[[27.073821508183645,58.39955299309153],[27.073821508183645,58.40854619672878],[27.08281471182089,58.40854619672878],[27.08281471182089,58.39955299309153],[27.073821508183645,58.39955299309153]]]}},{"type":"Feature","properties":{"jobs":7,"pop":6,"pointCount":2,"homeWorkCommuteMedian":44195,"workHomeCommuteMedian":28708},"geometry":{"type":"Polygon","coordinates":[[[27.073821508183645,58.44451901127776],[27.073821508183645,58.45351221491501],[27.08281471182089,58.45351221491501],[27.08281471182089,58.44451901127776],[27.073821508183645,58.44451901127776]]]}},{"type":"Feature","properties":{"jobs":0,"pop":7,"pointCount":1,"homeWorkCommuteMedian":32996,"workHomeCommuteMedian":-1},"geometry":{"type":"Polygon","coordinates":[[[27.073821508183645,58.480491825826746],[27.073821508183645,58.48948502946399],[27.08281471182089,58.48948502946399],[27.08281471182089,58.480491825826746],[27.073821508183645,58.480491825826746]]]}},{"type":"Feature","properties":{"jobs":0,"pop":7,"pointCount":1,"homeWorkCommuteMedian":32316,"workHomeCommuteMedian":-1},"geometry":{"type":"Polygon","coordinates":[[[27.073821508183645,58.507471436738484],[27.073821508183645,58.51646464037573],[27.08281471182089,58.51646464037573],[27.08281471182089,58.507471436738484],[27.073821508183645,58.507471436738484]]]}},{"type":"Feature","properties":{"jobs":35,"pop":114,"pointCount":5,"homeWorkCommuteMedian":32220,"workHomeCommuteMedian":31120},"geometry":{"type":"Polygon","coordinates":[[[27.073821508183645,58.51646464037573],[27.073821508183645,58.525457844012976],[27.08281471182089,58.525457844012976],[27.08281471182089,58.51646464037573],[27.073821508183645,58.51646464037573]]]}},{"type":"Feature","properties":{"jobs":15,"pop":69,"pointCount":2,"homeWorkCommuteMedian":30820,"workHomeCommuteMedian":727},"geometry":{"type":"Polygon","coordinates":[[[27.073821508183645,58.525457844012976],[27.073821508183645,58.53445104765022],[27.08281471182089,58.53445104765022],[27.08281471182089,58.525457844012976],[27.073821508183645,58.525457844012976]]]}},{"type":"Feature","properties":{"jobs":2,"pop":0,"pointCount":1,"homeWorkCommuteMedian":-1,"workHomeCommuteMedian":18827},"geometry":{"type":"Polygon","coordinates":[[[27.073821508183645,58.615389880385436],[27.073821508183645,58.62438308402268],[27.08281471182089,58.62438308402268],[27.08281471182089,58.615389880385436],[27.073821508183645,58.615389880385436]]]}},{"type":"Feature","properties":{"jobs":0,"pop":12,"pointCount":1,"homeWorkCommuteMedian":58138,"workHomeCommuteMedian":-1},"geometry":{"type":"Polygon","coordinates":[[[27.073821508183645,58.642369491297174],[27.073821508183645,58.65136269493442],[27.08281471182089,58.65136269493442],[27.08281471182089,58.642369491297174],[27.073821508183645,58.642369491297174]]]}},{"type":"Feature","properties":{"jobs":0,"pop":6,"pointCount":1,"homeWorkCommuteMedian":54514,"workHomeCommuteMedian":-1},"geometry":{"type":"Polygon","coordinates":[[[27.073821508183645,58.687335509483404],[27.073821508183645,58.69632871312065],[27.08281471182089,58.69632871312065],[27.08281471182089,58.687335509483404],[27.073821508183645,58.687335509483404]]]}},{"type":"Feature","properties":{"jobs":0,"pop":14,"pointCount":1,"homeWorkCommuteMedian":8239,"workHomeCommuteMedian":-1},"geometry":{"type":"Polygon","coordinates":[[[27.073821508183645,58.705321916757896],[27.073821508183645,58.71431512039514],[27.08281471182089,58.71431512039514],[27.08281471182089,58.705321916757896],[27.073821508183645,58.705321916757896]]]}},{"type":"Feature","properties":{"jobs":4,"pop":0,"pointCount":1,"homeWorkCommuteMedian":-1,"workHomeCommuteMedian":18215},"geometry":{"type":"Polygon","coordinates":[[[27.073821508183645,58.74129473130688],[27.073821508183645,58.750287934944126],[27.08281471182089,58.750287934944126],[27.08281471182089,58.74129473130688],[27.073821508183645,58.74129473130688]]]}},{"type":"Feature","properties":{"jobs":0,"pop":8,"pointCount":1,"homeWorkCommuteMedian":8560,"workHomeCommuteMedian":-1},"geometry":{"type":"Polygon","coordinates":[[[27.08281471182089,57.99485882941546],[27.08281471182089,58.00385203305271],[27.091807915458137,58.00385203305271],[27.091807915458137,57.99485882941546],[27.08281471182089,57.99485882941546]]]}},{"type":"Feature","properties":{"jobs":33,"pop":7,"pointCount":2,"homeWorkCommuteMedian":92114,"workHomeCommuteMedian":8387},"geometry":{"type":"Polygon","coordinates":[[[27.08281471182089,58.00385203305271],[27.08281471182089,58.012845236689955],[27.091807915458137,58.012845236689955],[27.091807915458137,58.00385203305271],[27.08281471182089,58.00385203305271]]]}},{"type":"Feature","properties":{"jobs":58,"pop":113,"pointCount":4,"homeWorkCommuteMedian":52924,"workHomeCommuteMedian":6493},"geometry":{"type":"Polygon","coordinates":[[[27.08281471182089,58.012845236689955],[27.08281471182089,58.0218384403272],[27.091807915458137,58.0218384403272],[27.091807915458137,58.012845236689955],[27.08281471182089,58.012845236689955]]]}},{"type":"Feature","properties":{"jobs":0,"pop":5,"pointCount":1,"homeWorkCommuteMedian":48454,"workHomeCommuteMedian":-1},"geometry":{"type":"Polygon","coordinates":[[[27.08281471182089,58.03083164396445],[27.08281471182089,58.03982484760169],[27.091807915458137,58.03982484760169],[27.091807915458137,58.03083164396445],[27.08281471182089,58.03083164396445]]]}},{"type":"Feature","properties":{"jobs":30,"pop":0,"pointCount":2,"homeWorkCommuteMedian":-1,"workHomeCommuteMedian":17838},"geometry":{"type":"Polygon","coordinates":[[[27.08281471182089,58.03982484760169],[27.08281471182089,58.04881805123894],[27.091807915458137,58.04881805123894],[27.091807915458137,58.03982484760169],[27.08281471182089,58.03982484760169]]]}},{"type":"Feature","properties":{"jobs":70,"pop":70,"pointCount":7,"homeWorkCommuteMedian":4148,"workHomeCommuteMedian":9582},"geometry":{"type":"Polygon","coordinates":[[[27.08281471182089,58.057811254876185],[27.08281471182089,58.06680445851343],[27.091807915458137,58.06680445851343],[27.091807915458137,58.057811254876185],[27.08281471182089,58.057811254876185]]]}},{"type":"Feature","properties":{"jobs":104,"pop":234,"pointCount":9,"homeWorkCommuteMedian":28628,"workHomeCommuteMedian":17696},"geometry":{"type":"Polygon","coordinates":[[[27.08281471182089,58.06680445851343],[27.08281471182089,58.07579766215068],[27.091807915458137,58.07579766215068],[27.091807915458137,58.06680445851343],[27.08281471182089,58.06680445851343]]]}},{"type":"Feature","properties":{"jobs":153,"pop":94,"pointCount":11,"homeWorkCommuteMedian":48657,"workHomeCommuteMedian":7035},"geometry":{"type":"Polygon","coordinates":[[[27.08281471182089,58.08479086578792],[27.08281471182089,58.09378406942517],[27.091807915458137,58.09378406942517],[27.091807915458137,58.08479086578792],[27.08281471182089,58.08479086578792]]]}},{"type":"Feature","properties":{"jobs":30,"pop":0,"pointCount":1,"homeWorkCommuteMedian":-1,"workHomeCommuteMedian":6560},"geometry":{"type":"Polygon","coordinates":[[[27.08281471182089,58.09378406942517],[27.08281471182089,58.102777273062415],[27.091807915458137,58.102777273062415],[27.091807915458137,58.09378406942517],[27.08281471182089,58.09378406942517]]]}},{"type":"Feature","properties":{"jobs":0,"pop":11,"pointCount":2,"homeWorkCommuteMedian":49039,"workHomeCommuteMedian":-1},"geometry":{"type":"Polygon","coordinates":[[[27.08281471182089,58.16572969852314],[27.08281471182089,58.17472290216038],[27.091807915458137,58.17472290216038],[27.091807915458137,58.16572969852314],[27.08281471182089,58.16572969852314]]]}},{"type":"Feature","properties":{"jobs":16,"pop":19,"pointCount":2,"homeWorkCommuteMedian":37777,"workHomeCommuteMedian":34282},"geometry":{"type":"Polygon","coordinates":[[[27.08281471182089,58.18371610579763],[27.08281471182089,58.192709309434875],[27.091807915458137,58.192709309434875],[27.091807915458137,58.18371610579763],[27.08281471182089,58.18371610579763]]]}},{"type":"Feature","properties":{"jobs":52,"pop":0,"pointCount":1,"homeWorkCommuteMedian":-1,"workHomeCommuteMedian":32442},"geometry":{"type":"Polygon","coordinates":[[[27.08281471182089,58.20170251307212],[27.08281471182089,58.21069571670937],[27.091807915458137,58.21069571670937],[27.091807915458137,58.20170251307212],[27.08281471182089,58.20170251307212]]]}},{"type":"Feature","properties":{"jobs":0,"pop":7,"pointCount":1,"homeWorkCommuteMedian":28376,"workHomeCommuteMedian":-1},"geometry":{"type":"Polygon","coordinates":[[[27.08281471182089,58.282641345807335],[27.08281471182089,58.29163454944458],[27.091807915458137,58.29163454944458],[27.091807915458137,58.282641345807335],[27.08281471182089,58.282641345807335]]]}},{"type":"Feature","properties":{"jobs":0,"pop":5,"pointCount":1,"homeWorkCommuteMedian":15067,"workHomeCommuteMedian":-1},"geometry":{"type":"Polygon","coordinates":[[[27.08281471182089,58.30962095671907],[27.08281471182089,58.31861416035632],[27.091807915458137,58.31861416035632],[27.091807915458137,58.30962095671907],[27.08281471182089,58.30962095671907]]]}},{"type":"Feature","properties":{"jobs":0,"pop":7,"pointCount":1,"homeWorkCommuteMedian":41982,"workHomeCommuteMedian":-1},"geometry":{"type":"Polygon","coordinates":[[[27.08281471182089,58.3545869749053],[27.08281471182089,58.36358017854255],[27.091807915458137,58.36358017854255],[27.091807915458137,58.3545869749053],[27.08281471182089,58.3545869749053]]]}},{"type":"Feature","properties":{"jobs":0,"pop":13,"pointCount":1,"homeWorkCommuteMedian":9967,"workHomeCommuteMedian":-1},"geometry":{"type":"Polygon","coordinates":[[[27.08281471182089,58.51646464037573],[27.08281471182089,58.525457844012976],[27.091807915458137,58.525457844012976],[27.091807915458137,58.51646464037573],[27.08281471182089,58.51646464037573]]]}},{"type":"Feature","properties":{"jobs":0,"pop":14,"pointCount":1,"homeWorkCommuteMedian":32079,"workHomeCommuteMedian":-1},"geometry":{"type":"Polygon","coordinates":[[[27.08281471182089,58.525457844012976],[27.08281471182089,58.53445104765022],[27.091807915458137,58.53445104765022],[27.091807915458137,58.525457844012976],[27.08281471182089,58.525457844012976]]]}},{"type":"Feature","properties":{"jobs":0,"pop":6,"pointCount":1,"homeWorkCommuteMedian":44448,"workHomeCommuteMedian":-1},"geometry":{"type":"Polygon","coordinates":[[[27.08281471182089,58.615389880385436],[27.08281471182089,58.62438308402268],[27.091807915458137,58.62438308402268],[27.091807915458137,58.615389880385436],[27.08281471182089,58.615389880385436]]]}},{"type":"Feature","properties":{"jobs":3,"pop":11,"pointCount":3,"homeWorkCommuteMedian":45307,"workHomeCommuteMedian":7914},"geometry":{"type":"Polygon","coordinates":[[[27.08281471182089,58.62438308402268],[27.08281471182089,58.63337628765993],[27.091807915458137,58.63337628765993],[27.091807915458137,58.62438308402268],[27.08281471182089,58.62438308402268]]]}},{"type":"Feature","properties":{"jobs":2,"pop":0,"pointCount":1,"homeWorkCommuteMedian":-1,"workHomeCommuteMedian":11125},"geometry":{"type":"Polygon","coordinates":[[[27.08281471182089,58.63337628765993],[27.08281471182089,58.642369491297174],[27.091807915458137,58.642369491297174],[27.091807915458137,58.63337628765993],[27.08281471182089,58.63337628765993]]]}},{"type":"Feature","properties":{"jobs":0,"pop":6,"pointCount":1,"homeWorkCommuteMedian":56453,"workHomeCommuteMedian":-1},"geometry":{"type":"Polygon","coordinates":[[[27.08281471182089,58.71431512039514],[27.08281471182089,58.72330832403239],[27.091807915458137,58.72330832403239],[27.091807915458137,58.71431512039514],[27.08281471182089,58.71431512039514]]]}},{"type":"Feature","properties":{"jobs":11,"pop":0,"pointCount":1,"homeWorkCommuteMedian":-1,"workHomeCommuteMedian":11883},"geometry":{"type":"Polygon","coordinates":[[[27.08281471182089,58.72330832403239],[27.08281471182089,58.732301527669634],[27.091807915458137,58.732301527669634],[27.091807915458137,58.72330832403239],[27.08281471182089,58.72330832403239]]]}},{"type":"Feature","properties":{"jobs":0,"pop":5,"pointCount":1,"homeWorkCommuteMedian":56873,"workHomeCommuteMedian":-1},"geometry":{"type":"Polygon","coordinates":[[[27.08281471182089,58.74129473130688],[27.08281471182089,58.750287934944126],[27.091807915458137,58.750287934944126],[27.091807915458137,58.74129473130688],[27.08281471182089,58.74129473130688]]]}},{"type":"Feature","properties":{"jobs":6,"pop":14,"pointCount":3,"homeWorkCommuteMedian":7473,"workHomeCommuteMedian":60315},"geometry":{"type":"Polygon","coordinates":[[[27.091807915458137,57.98586562577822],[27.091807915458137,57.99485882941546],[27.100801119095383,57.99485882941546],[27.100801119095383,57.98586562577822],[27.091807915458137,57.98586562577822]]]}},{"type":"Feature","properties":{"jobs":13,"pop":0,"pointCount":1,"homeWorkCommuteMedian":-1,"workHomeCommuteMedian":58424},"geometry":{"type":"Polygon","coordinates":[[[27.091807915458137,57.99485882941546],[27.091807915458137,58.00385203305271],[27.100801119095383,58.00385203305271],[27.100801119095383,57.99485882941546],[27.091807915458137,57.99485882941546]]]}},{"type":"Feature","properties":{"jobs":0,"pop":26,"pointCount":4,"homeWorkCommuteMedian":55411,"workHomeCommuteMedian":-1},"geometry":{"type":"Polygon","coordinates":[[[27.091807915458137,58.012845236689955],[27.091807915458137,58.0218384403272],[27.100801119095383,58.0218384403272],[27.100801119095383,58.012845236689955],[27.091807915458137,58.012845236689955]]]}},{"type":"Feature","properties":{"jobs":0,"pop":5,"pointCount":1,"homeWorkCommuteMedian":43780,"workHomeCommuteMedian":-1},"geometry":{"type":"Polygon","coordinates":[[[27.091807915458137,58.03982484760169],[27.091807915458137,58.04881805123894],[27.100801119095383,58.04881805123894],[27.100801119095383,58.03982484760169],[27.091807915458137,58.03982484760169]]]}},{"type":"Feature","properties":{"jobs":162,"pop":127,"pointCount":7,"homeWorkCommuteMedian":49183,"workHomeCommuteMedian":6924},"geometry":{"type":"Polygon","coordinates":[[[27.091807915458137,58.057811254876185],[27.091807915458137,58.06680445851343],[27.100801119095383,58.06680445851343],[27.100801119095383,58.057811254876185],[27.091807915458137,58.057811254876185]]]}},{"type":"Feature","properties":{"jobs":16,"pop":12,"pointCount":1,"homeWorkCommuteMedian":4521,"workHomeCommuteMedian":51203},"geometry":{"type":"Polygon","coordinates":[[[27.091807915458137,58.06680445851343],[27.091807915458137,58.07579766215068],[27.100801119095383,58.07579766215068],[27.100801119095383,58.06680445851343],[27.091807915458137,58.06680445851343]]]}},{"type":"Feature","properties":{"jobs":0,"pop":8,"pointCount":1,"homeWorkCommuteMedian":51517,"workHomeCommuteMedian":-1},"geometry":{"type":"Polygon","coordinates":[[[27.091807915458137,58.07579766215068],[27.091807915458137,58.08479086578792],[27.100801119095383,58.08479086578792],[27.100801119095383,58.07579766215068],[27.091807915458137,58.07579766215068]]]}},{"type":"Feature","properties":{"jobs":67,"pop":0,"pointCount":3,"homeWorkCommuteMedian":-1,"workHomeCommuteMedian":9839},"geometry":{"type":"Polygon","coordinates":[[[27.091807915458137,58.09378406942517],[27.091807915458137,58.102777273062415],[27.100801119095383,58.102777273062415],[27.100801119095383,58.09378406942517],[27.091807915458137,58.09378406942517]]]}},{"type":"Feature","properties":{"jobs":0,"pop":6,"pointCount":1,"homeWorkCommuteMedian":12536,"workHomeCommuteMedian":-1},"geometry":{"type":"Polygon","coordinates":[[[27.091807915458137,58.15673649488589],[27.091807915458137,58.16572969852314],[27.100801119095383,58.16572969852314],[27.100801119095383,58.15673649488589],[27.091807915458137,58.15673649488589]]]}},{"type":"Feature","properties":{"jobs":0,"pop":10,"pointCount":1,"homeWorkCommuteMedian":48258,"workHomeCommuteMedian":-1},"geometry":{"type":"Polygon","coordinates":[[[27.091807915458137,58.21968892034661],[27.091807915458137,58.22868212398386],[27.100801119095383,58.22868212398386],[27.100801119095383,58.21968892034661],[27.091807915458137,58.21968892034661]]]}},{"type":"Feature","properties":{"jobs":0,"pop":7,"pointCount":1,"homeWorkCommuteMedian":30000,"workHomeCommuteMedian":-1},"geometry":{"type":"Polygon","coordinates":[[[27.091807915458137,58.30062775308183],[27.091807915458137,58.30962095671907],[27.100801119095383,58.30962095671907],[27.100801119095383,58.30062775308183],[27.091807915458137,58.30062775308183]]]}},{"type":"Feature","properties":{"jobs":0,"pop":9,"pointCount":1,"homeWorkCommuteMedian":43986,"workHomeCommuteMedian":-1},"geometry":{"type":"Polygon","coordinates":[[[27.091807915458137,58.63337628765993],[27.091807915458137,58.642369491297174],[27.100801119095383,58.642369491297174],[27.100801119095383,58.63337628765993],[27.091807915458137,58.63337628765993]]]}},{"type":"Feature","properties":{"jobs":17,"pop":0,"pointCount":1,"homeWorkCommuteMedian":-1,"workHomeCommuteMedian":7738},"geometry":{"type":"Polygon","coordinates":[[[27.091807915458137,58.69632871312065],[27.091807915458137,58.705321916757896],[27.100801119095383,58.705321916757896],[27.100801119095383,58.69632871312065],[27.091807915458137,58.69632871312065]]]}},{"type":"Feature","properties":{"jobs":0,"pop":12,"pointCount":1,"homeWorkCommuteMedian":55031,"workHomeCommuteMedian":-1},"geometry":{"type":"Polygon","coordinates":[[[27.091807915458137,58.705321916757896],[27.091807915458137,58.71431512039514],[27.100801119095383,58.71431512039514],[27.100801119095383,58.705321916757896],[27.091807915458137,58.705321916757896]]]}},{"type":"Feature","properties":{"jobs":0,"pop":10,"pointCount":1,"homeWorkCommuteMedian":57693,"workHomeCommuteMedian":-1},"geometry":{"type":"Polygon","coordinates":[[[27.091807915458137,58.732301527669634],[27.091807915458137,58.74129473130688],[27.100801119095383,58.74129473130688],[27.100801119095383,58.732301527669634],[27.091807915458137,58.732301527669634]]]}},{"type":"Feature","properties":{"jobs":0,"pop":6,"pointCount":1,"homeWorkCommuteMedian":60154,"workHomeCommuteMedian":-1},"geometry":{"type":"Polygon","coordinates":[[[27.100801119095383,57.97687242214097],[27.100801119095383,57.98586562577822],[27.10979432273263,57.98586562577822],[27.10979432273263,57.97687242214097],[27.100801119095383,57.97687242214097]]]}},{"type":"Feature","properties":{"jobs":0,"pop":8,"pointCount":1,"homeWorkCommuteMedian":8302,"workHomeCommuteMedian":-1},"geometry":{"type":"Polygon","coordinates":[[[27.100801119095383,57.99485882941546],[27.100801119095383,58.00385203305271],[27.10979432273263,58.00385203305271],[27.10979432273263,57.99485882941546],[27.100801119095383,57.99485882941546]]]}},{"type":"Feature","properties":{"jobs":5,"pop":0,"pointCount":1,"homeWorkCommuteMedian":-1,"workHomeCommuteMedian":10127},"geometry":{"type":"Polygon","coordinates":[[[27.100801119095383,58.012845236689955],[27.100801119095383,58.0218384403272],[27.10979432273263,58.0218384403272],[27.10979432273263,58.012845236689955],[27.100801119095383,58.012845236689955]]]}},{"type":"Feature","properties":{"jobs":101,"pop":7,"pointCount":4,"homeWorkCommuteMedian":8648,"workHomeCommuteMedian":23515},"geometry":{"type":"Polygon","coordinates":[[[27.100801119095383,58.057811254876185],[27.100801119095383,58.06680445851343],[27.10979432273263,58.06680445851343],[27.10979432273263,58.057811254876185],[27.100801119095383,58.057811254876185]]]}},{"type":"Feature","properties":{"jobs":0,"pop":10,"pointCount":1,"homeWorkCommuteMedian":51591,"workHomeCommuteMedian":-1},"geometry":{"type":"Polygon","coordinates":[[[27.100801119095383,58.07579766215068],[27.100801119095383,58.08479086578792],[27.10979432273263,58.08479086578792],[27.10979432273263,58.07579766215068],[27.100801119095383,58.07579766215068]]]}},{"type":"Feature","properties":{"jobs":14,"pop":0,"pointCount":1,"homeWorkCommuteMedian":-1,"workHomeCommuteMedian":11741},"geometry":{"type":"Polygon","coordinates":[[[27.100801119095383,58.20170251307212],[27.100801119095383,58.21069571670937],[27.10979432273263,58.21069571670937],[27.10979432273263,58.20170251307212],[27.100801119095383,58.20170251307212]]]}},{"type":"Feature","properties":{"jobs":5,"pop":7,"pointCount":2,"homeWorkCommuteMedian":57282,"workHomeCommuteMedian":33794},"geometry":{"type":"Polygon","coordinates":[[[27.100801119095383,58.21069571670937],[27.100801119095383,58.21968892034661],[27.10979432273263,58.21968892034661],[27.10979432273263,58.21069571670937],[27.100801119095383,58.21069571670937]]]}},{"type":"Feature","properties":{"jobs":7,"pop":0,"pointCount":1,"homeWorkCommuteMedian":-1,"workHomeCommuteMedian":26182},"geometry":{"type":"Polygon","coordinates":[[[27.100801119095383,58.27364814217009],[27.100801119095383,58.282641345807335],[27.10979432273263,58.282641345807335],[27.10979432273263,58.27364814217009],[27.100801119095383,58.27364814217009]]]}},{"type":"Feature","properties":{"jobs":13,"pop":0,"pointCount":1,"homeWorkCommuteMedian":-1,"workHomeCommuteMedian":20222},"geometry":{"type":"Polygon","coordinates":[[[27.100801119095383,58.38156658581704],[27.100801119095383,58.39055978945429],[27.10979432273263,58.39055978945429],[27.10979432273263,58.38156658581704],[27.100801119095383,58.38156658581704]]]}},{"type":"Feature","properties":{"jobs":0,"pop":9,"pointCount":1,"homeWorkCommuteMedian":35901,"workHomeCommuteMedian":-1},"geometry":{"type":"Polygon","coordinates":[[[27.100801119095383,58.54344425128747],[27.100801119095383,58.552437454924714],[27.10979432273263,58.552437454924714],[27.10979432273263,58.54344425128747],[27.100801119095383,58.54344425128747]]]}},{"type":"Feature","properties":{"jobs":1,"pop":8,"pointCount":2,"homeWorkCommuteMedian":6570,"workHomeCommuteMedian":1742},"geometry":{"type":"Polygon","coordinates":[[[27.100801119095383,58.597403473110944],[27.100801119095383,58.60639667674819],[27.10979432273263,58.60639667674819],[27.10979432273263,58.597403473110944],[27.100801119095383,58.597403473110944]]]}},{"type":"Feature","properties":{"jobs":0,"pop":1,"pointCount":1,"homeWorkCommuteMedian":40690,"workHomeCommuteMedian":-1},"geometry":{"type":"Polygon","coordinates":[[[27.100801119095383,58.615389880385436],[27.100801119095383,58.62438308402268],[27.10979432273263,58.62438308402268],[27.10979432273263,58.615389880385436],[27.100801119095383,58.615389880385436]]]}},{"type":"Feature","properties":{"jobs":0,"pop":4,"pointCount":1,"homeWorkCommuteMedian":4280,"workHomeCommuteMedian":-1},"geometry":{"type":"Polygon","coordinates":[[[27.100801119095383,58.65136269493442],[27.100801119095383,58.660355898571666],[27.10979432273263,58.660355898571666],[27.10979432273263,58.65136269493442],[27.100801119095383,58.65136269493442]]]}},{"type":"Feature","properties":{"jobs":4,"pop":2,"pointCount":2,"homeWorkCommuteMedian":10218,"workHomeCommuteMedian":6308},"geometry":{"type":"Polygon","coordinates":[[[27.100801119095383,58.687335509483404],[27.100801119095383,58.69632871312065],[27.10979432273263,58.69632871312065],[27.10979432273263,58.687335509483404],[27.100801119095383,58.687335509483404]]]}},{"type":"Feature","properties":{"jobs":3,"pop":9,"pointCount":2,"homeWorkCommuteMedian":15662,"workHomeCommuteMedian":8531},"geometry":{"type":"Polygon","coordinates":[[[27.100801119095383,58.705321916757896],[27.100801119095383,58.71431512039514],[27.10979432273263,58.71431512039514],[27.10979432273263,58.705321916757896],[27.100801119095383,58.705321916757896]]]}},{"type":"Feature","properties":{"jobs":0,"pop":5,"pointCount":1,"homeWorkCommuteMedian":55504,"workHomeCommuteMedian":-1},"geometry":{"type":"Polygon","coordinates":[[[27.100801119095383,58.72330832403239],[27.100801119095383,58.732301527669634],[27.10979432273263,58.732301527669634],[27.10979432273263,58.72330832403239],[27.100801119095383,58.72330832403239]]]}},{"type":"Feature","properties":{"jobs":15,"pop":0,"pointCount":1,"homeWorkCommuteMedian":-1,"workHomeCommuteMedian":12114},"geometry":{"type":"Polygon","coordinates":[[[27.10979432273263,58.06680445851343],[27.10979432273263,58.07579766215068],[27.118787526369875,58.07579766215068],[27.118787526369875,58.06680445851343],[27.10979432273263,58.06680445851343]]]}},{"type":"Feature","properties":{"jobs":0,"pop":9,"pointCount":1,"homeWorkCommuteMedian":13166,"workHomeCommuteMedian":-1},"geometry":{"type":"Polygon","coordinates":[[[27.10979432273263,58.21069571670937],[27.10979432273263,58.21968892034661],[27.118787526369875,58.21968892034661],[27.118787526369875,58.21069571670937],[27.10979432273263,58.21069571670937]]]}},{"type":"Feature","properties":{"jobs":13,"pop":0,"pointCount":1,"homeWorkCommuteMedian":-1,"workHomeCommuteMedian":39534},"geometry":{"type":"Polygon","coordinates":[[[27.10979432273263,58.29163454944458],[27.10979432273263,58.30062775308183],[27.118787526369875,58.30062775308183],[27.118787526369875,58.29163454944458],[27.10979432273263,58.29163454944458]]]}},{"type":"Feature","properties":{"jobs":0,"pop":9,"pointCount":1,"homeWorkCommuteMedian":36516,"workHomeCommuteMedian":-1},"geometry":{"type":"Polygon","coordinates":[[[27.10979432273263,58.51646464037573],[27.10979432273263,58.525457844012976],[27.118787526369875,58.525457844012976],[27.118787526369875,58.51646464037573],[27.10979432273263,58.51646464037573]]]}},{"type":"Feature","properties":{"jobs":0,"pop":3,"pointCount":1,"homeWorkCommuteMedian":6127,"workHomeCommuteMedian":-1},"geometry":{"type":"Polygon","coordinates":[[[27.10979432273263,58.552437454924714],[27.10979432273263,58.56143065856196],[27.118787526369875,58.56143065856196],[27.118787526369875,58.552437454924714],[27.10979432273263,58.552437454924714]]]}},{"type":"Feature","properties":{"jobs":2,"pop":0,"pointCount":1,"homeWorkCommuteMedian":-1,"workHomeCommuteMedian":29155},"geometry":{"type":"Polygon","coordinates":[[[27.10979432273263,58.60639667674819],[27.10979432273263,58.615389880385436],[27.118787526369875,58.615389880385436],[27.118787526369875,58.60639667674819],[27.10979432273263,58.60639667674819]]]}},{"type":"Feature","properties":{"jobs":0,"pop":5,"pointCount":1,"homeWorkCommuteMedian":45296,"workHomeCommuteMedian":-1},"geometry":{"type":"Polygon","coordinates":[[[27.10979432273263,58.63337628765993],[27.10979432273263,58.642369491297174],[27.118787526369875,58.642369491297174],[27.118787526369875,58.63337628765993],[27.10979432273263,58.63337628765993]]]}},{"type":"Feature","properties":{"jobs":0,"pop":5,"pointCount":1,"homeWorkCommuteMedian":6457,"workHomeCommuteMedian":-1},"geometry":{"type":"Polygon","coordinates":[[[27.118787526369875,58.00385203305271],[27.118787526369875,58.012845236689955],[27.12778073000712,58.012845236689955],[27.12778073000712,58.00385203305271],[27.118787526369875,58.00385203305271]]]}},{"type":"Feature","properties":{"jobs":0,"pop":13,"pointCount":2,"homeWorkCommuteMedian":23161,"workHomeCommuteMedian":-1},"geometry":{"type":"Polygon","coordinates":[[[27.118787526369875,58.11177047669966],[27.118787526369875,58.12076368033691],[27.12778073000712,58.12076368033691],[27.12778073000712,58.11177047669966],[27.118787526369875,58.11177047669966]]]}},{"type":"Feature","properties":{"jobs":0,"pop":10,"pointCount":1,"homeWorkCommuteMedian":57112,"workHomeCommuteMedian":-1},"geometry":{"type":"Polygon","coordinates":[[[27.118787526369875,58.12076368033691],[27.118787526369875,58.12975688397415],[27.12778073000712,58.12975688397415],[27.12778073000712,58.12076368033691],[27.118787526369875,58.12076368033691]]]}},{"type":"Feature","properties":{"jobs":4,"pop":0,"pointCount":1,"homeWorkCommuteMedian":-1,"workHomeCommuteMedian":34147},"geometry":{"type":"Polygon","coordinates":[[[27.118787526369875,58.22868212398386],[27.118787526369875,58.237675327621105],[27.12778073000712,58.237675327621105],[27.12778073000712,58.22868212398386],[27.118787526369875,58.22868212398386]]]}},{"type":"Feature","properties":{"jobs":14,"pop":16,"pointCount":2,"homeWorkCommuteMedian":30434,"workHomeCommuteMedian":34389},"geometry":{"type":"Polygon","coordinates":[[[27.118787526369875,58.26465493853284],[27.118787526369875,58.27364814217009],[27.12778073000712,58.27364814217009],[27.12778073000712,58.26465493853284],[27.118787526369875,58.26465493853284]]]}},{"type":"Feature","properties":{"jobs":0,"pop":9,"pointCount":1,"homeWorkCommuteMedian":35212,"workHomeCommuteMedian":-1},"geometry":{"type":"Polygon","coordinates":[[[27.118787526369875,58.56143065856196],[27.118787526369875,58.570423862199206],[27.12778073000712,58.570423862199206],[27.12778073000712,58.56143065856196],[27.118787526369875,58.56143065856196]]]}},{"type":"Feature","properties":{"jobs":6,"pop":0,"pointCount":1,"homeWorkCommuteMedian":-1,"workHomeCommuteMedian":21772},"geometry":{"type":"Polygon","coordinates":[[[27.118787526369875,58.570423862199206],[27.118787526369875,58.57941706583645],[27.12778073000712,58.57941706583645],[27.12778073000712,58.570423862199206],[27.118787526369875,58.570423862199206]]]}},{"type":"Feature","properties":{"jobs":8,"pop":17,"pointCount":1,"homeWorkCommuteMedian":39146,"workHomeCommuteMedian":9847},"geometry":{"type":"Polygon","coordinates":[[[27.118787526369875,58.57941706583645],[27.118787526369875,58.5884102694737],[27.12778073000712,58.5884102694737],[27.12778073000712,58.57941706583645],[27.118787526369875,58.57941706583645]]]}},{"type":"Feature","properties":{"jobs":56,"pop":9,"pointCount":3,"homeWorkCommuteMedian":30869,"workHomeCommuteMedian":12782},"geometry":{"type":"Polygon","coordinates":[[[27.118787526369875,58.597403473110944],[27.118787526369875,58.60639667674819],[27.12778073000712,58.60639667674819],[27.12778073000712,58.597403473110944],[27.118787526369875,58.597403473110944]]]}},{"type":"Feature","properties":{"jobs":0,"pop":11,"pointCount":2,"homeWorkCommuteMedian":43456,"workHomeCommuteMedian":-1},"geometry":{"type":"Polygon","coordinates":[[[27.118787526369875,58.60639667674819],[27.118787526369875,58.615389880385436],[27.12778073000712,58.615389880385436],[27.12778073000712,58.60639667674819],[27.118787526369875,58.60639667674819]]]}},{"type":"Feature","properties":{"jobs":0,"pop":6,"pointCount":1,"homeWorkCommuteMedian":43938,"workHomeCommuteMedian":-1},"geometry":{"type":"Polygon","coordinates":[[[27.118787526369875,58.62438308402268],[27.118787526369875,58.63337628765993],[27.12778073000712,58.63337628765993],[27.12778073000712,58.62438308402268],[27.118787526369875,58.62438308402268]]]}},{"type":"Feature","properties":{"jobs":0,"pop":13,"pointCount":1,"homeWorkCommuteMedian":55276,"workHomeCommuteMedian":-1},"geometry":{"type":"Polygon","coordinates":[[[27.118787526369875,58.660355898571666],[27.118787526369875,58.66934910220891],[27.12778073000712,58.66934910220891],[27.12778073000712,58.660355898571666],[27.118787526369875,58.660355898571666]]]}},{"type":"Feature","properties":{"jobs":13,"pop":0,"pointCount":1,"homeWorkCommuteMedian":-1,"workHomeCommuteMedian":7732},"geometry":{"type":"Polygon","coordinates":[[[27.118787526369875,58.71431512039514],[27.118787526369875,58.72330832403239],[27.12778073000712,58.72330832403239],[27.12778073000712,58.71431512039514],[27.118787526369875,58.71431512039514]]]}},{"type":"Feature","properties":{"jobs":0,"pop":5,"pointCount":1,"homeWorkCommuteMedian":42936,"workHomeCommuteMedian":-1},"geometry":{"type":"Polygon","coordinates":[[[27.12778073000712,57.99485882941546],[27.12778073000712,58.00385203305271],[27.136773933644367,58.00385203305271],[27.136773933644367,57.99485882941546],[27.12778073000712,57.99485882941546]]]}},{"type":"Feature","properties":{"jobs":0,"pop":11,"pointCount":2,"homeWorkCommuteMedian":55620,"workHomeCommuteMedian":-1},"geometry":{"type":"Polygon","coordinates":[[[27.12778073000712,58.00385203305271],[27.12778073000712,58.012845236689955],[27.136773933644367,58.012845236689955],[27.136773933644367,58.00385203305271],[27.12778073000712,58.00385203305271]]]}},{"type":"Feature","properties":{"jobs":30,"pop":9,"pointCount":2,"homeWorkCommuteMedian":5261,"workHomeCommuteMedian":6161},"geometry":{"type":"Polygon","coordinates":[[[27.12778073000712,58.03083164396445],[27.12778073000712,58.03982484760169],[27.136773933644367,58.03982484760169],[27.136773933644367,58.03083164396445],[27.12778073000712,58.03083164396445]]]}},{"type":"Feature","properties":{"jobs":0,"pop":10,"pointCount":1,"homeWorkCommuteMedian":11068,"workHomeCommuteMedian":-1},"geometry":{"type":"Polygon","coordinates":[[[27.12778073000712,58.11177047669966],[27.12778073000712,58.12076368033691],[27.136773933644367,58.12076368033691],[27.136773933644367,58.11177047669966],[27.12778073000712,58.11177047669966]]]}},{"type":"Feature","properties":{"jobs":0,"pop":8,"pointCount":1,"homeWorkCommuteMedian":32490,"workHomeCommuteMedian":-1},"geometry":{"type":"Polygon","coordinates":[[[27.12778073000712,58.2556617348956],[27.12778073000712,58.26465493853284],[27.136773933644367,58.26465493853284],[27.136773933644367,58.2556617348956],[27.12778073000712,58.2556617348956]]]}},{"type":"Feature","properties":{"jobs":11,"pop":22,"pointCount":3,"homeWorkCommuteMedian":32068,"workHomeCommuteMedian":57644},"geometry":{"type":"Polygon","coordinates":[[[27.12778073000712,58.26465493853284],[27.12778073000712,58.27364814217009],[27.136773933644367,58.27364814217009],[27.136773933644367,58.26465493853284],[27.12778073000712,58.26465493853284]]]}},{"type":"Feature","properties":{"jobs":0,"pop":7,"pointCount":1,"homeWorkCommuteMedian":37803,"workHomeCommuteMedian":-1},"geometry":{"type":"Polygon","coordinates":[[[27.12778073000712,58.507471436738484],[27.12778073000712,58.51646464037573],[27.136773933644367,58.51646464037573],[27.136773933644367,58.507471436738484],[27.12778073000712,58.507471436738484]]]}},{"type":"Feature","properties":{"jobs":0,"pop":7,"pointCount":1,"homeWorkCommuteMedian":39191,"workHomeCommuteMedian":-1},"geometry":{"type":"Polygon","coordinates":[[[27.12778073000712,58.5884102694737],[27.12778073000712,58.597403473110944],[27.136773933644367,58.597403473110944],[27.136773933644367,58.5884102694737],[27.12778073000712,58.5884102694737]]]}},{"type":"Feature","properties":{"jobs":187,"pop":148,"pointCount":10,"homeWorkCommuteMedian":39490,"workHomeCommuteMedian":11866},"geometry":{"type":"Polygon","coordinates":[[[27.12778073000712,58.597403473110944],[27.12778073000712,58.60639667674819],[27.136773933644367,58.60639667674819],[27.136773933644367,58.597403473110944],[27.12778073000712,58.597403473110944]]]}},{"type":"Feature","properties":{"jobs":8,"pop":5,"pointCount":3,"homeWorkCommuteMedian":7177,"workHomeCommuteMedian":10810},"geometry":{"type":"Polygon","coordinates":[[[27.12778073000712,58.60639667674819],[27.12778073000712,58.615389880385436],[27.136773933644367,58.615389880385436],[27.136773933644367,58.60639667674819],[27.12778073000712,58.60639667674819]]]}},{"type":"Feature","properties":{"jobs":0,"pop":5,"pointCount":1,"homeWorkCommuteMedian":44371,"workHomeCommuteMedian":-1},"geometry":{"type":"Polygon","coordinates":[[[27.12778073000712,58.615389880385436],[27.12778073000712,58.62438308402268],[27.136773933644367,58.62438308402268],[27.136773933644367,58.615389880385436],[27.12778073000712,58.615389880385436]]]}},{"type":"Feature","properties":{"jobs":0,"pop":8,"pointCount":1,"homeWorkCommuteMedian":60668,"workHomeCommuteMedian":-1},"geometry":{"type":"Polygon","coordinates":[[[27.136773933644367,57.95888601486648],[27.136773933644367,57.967879218503725],[27.145767137281613,57.967879218503725],[27.145767137281613,57.95888601486648],[27.136773933644367,57.95888601486648]]]}},{"type":"Feature","properties":{"jobs":5,"pop":0,"pointCount":1,"homeWorkCommuteMedian":-1,"workHomeCommuteMedian":9159},"geometry":{"type":"Polygon","coordinates":[[[27.136773933644367,58.00385203305271],[27.136773933644367,58.012845236689955],[27.145767137281613,58.012845236689955],[27.145767137281613,58.00385203305271],[27.136773933644367,58.00385203305271]]]}},{"type":"Feature","properties":{"jobs":0,"pop":8,"pointCount":1,"homeWorkCommuteMedian":12051,"workHomeCommuteMedian":-1},"geometry":{"type":"Polygon","coordinates":[[[27.136773933644367,58.06680445851343],[27.136773933644367,58.07579766215068],[27.145767137281613,58.07579766215068],[27.145767137281613,58.06680445851343],[27.136773933644367,58.06680445851343]]]}},{"type":"Feature","properties":{"jobs":0,"pop":7,"pointCount":1,"homeWorkCommuteMedian":54687,"workHomeCommuteMedian":-1},"geometry":{"type":"Polygon","coordinates":[[[27.136773933644367,58.07579766215068],[27.136773933644367,58.08479086578792],[27.145767137281613,58.08479086578792],[27.145767137281613,58.07579766215068],[27.136773933644367,58.07579766215068]]]}},{"type":"Feature","properties":{"jobs":0,"pop":5,"pointCount":1,"homeWorkCommuteMedian":8220,"workHomeCommuteMedian":-1},"geometry":{"type":"Polygon","coordinates":[[[27.136773933644367,58.08479086578792],[27.136773933644367,58.09378406942517],[27.145767137281613,58.09378406942517],[27.145767137281613,58.08479086578792],[27.136773933644367,58.08479086578792]]]}},{"type":"Feature","properties":{"jobs":8,"pop":18,"pointCount":2,"homeWorkCommuteMedian":53610,"workHomeCommuteMedian":22477},"geometry":{"type":"Polygon","coordinates":[[[27.136773933644367,58.09378406942517],[27.136773933644367,58.102777273062415],[27.145767137281613,58.102777273062415],[27.145767137281613,58.09378406942517],[27.136773933644367,58.09378406942517]]]}},{"type":"Feature","properties":{"jobs":22,"pop":0,"pointCount":1,"homeWorkCommuteMedian":-1,"workHomeCommuteMedian":11860},"geometry":{"type":"Polygon","coordinates":[[[27.136773933644367,58.5884102694737],[27.136773933644367,58.597403473110944],[27.145767137281613,58.597403473110944],[27.145767137281613,58.5884102694737],[27.136773933644367,58.5884102694737]]]}},{"type":"Feature","properties":{"jobs":0,"pop":11,"pointCount":1,"homeWorkCommuteMedian":41592,"workHomeCommuteMedian":-1},"geometry":{"type":"Polygon","coordinates":[[[27.136773933644367,58.597403473110944],[27.136773933644367,58.60639667674819],[27.145767137281613,58.60639667674819],[27.145767137281613,58.597403473110944],[27.136773933644367,58.597403473110944]]]}},{"type":"Feature","properties":{"jobs":0,"pop":11,"pointCount":2,"homeWorkCommuteMedian":12319,"workHomeCommuteMedian":-1},"geometry":{"type":"Polygon","coordinates":[[[27.136773933644367,58.60639667674819],[27.136773933644367,58.615389880385436],[27.145767137281613,58.615389880385436],[27.145767137281613,58.60639667674819],[27.136773933644367,58.60639667674819]]]}},{"type":"Feature","properties":{"jobs":4,"pop":6,"pointCount":2,"homeWorkCommuteMedian":48478,"workHomeCommuteMedian":22964},"geometry":{"type":"Polygon","coordinates":[[[27.136773933644367,58.63337628765993],[27.136773933644367,58.642369491297174],[27.145767137281613,58.642369491297174],[27.145767137281613,58.63337628765993],[27.136773933644367,58.63337628765993]]]}},{"type":"Feature","properties":{"jobs":0,"pop":6,"pointCount":1,"homeWorkCommuteMedian":11883,"workHomeCommuteMedian":-1},"geometry":{"type":"Polygon","coordinates":[[[27.136773933644367,58.642369491297174],[27.136773933644367,58.65136269493442],[27.145767137281613,58.65136269493442],[27.145767137281613,58.642369491297174],[27.136773933644367,58.642369491297174]]]}},{"type":"Feature","properties":{"jobs":9,"pop":0,"pointCount":1,"homeWorkCommuteMedian":-1,"workHomeCommuteMedian":8239},"geometry":{"type":"Polygon","coordinates":[[[27.136773933644367,58.660355898571666],[27.136773933644367,58.66934910220891],[27.145767137281613,58.66934910220891],[27.145767137281613,58.660355898571666],[27.136773933644367,58.660355898571666]]]}},{"type":"Feature","properties":{"jobs":0,"pop":6,"pointCount":1,"homeWorkCommuteMedian":54539,"workHomeCommuteMedian":-1},"geometry":{"type":"Polygon","coordinates":[[[27.136773933644367,58.687335509483404],[27.136773933644367,58.69632871312065],[27.145767137281613,58.69632871312065],[27.145767137281613,58.687335509483404],[27.136773933644367,58.687335509483404]]]}},{"type":"Feature","properties":{"jobs":4,"pop":9,"pointCount":1,"homeWorkCommuteMedian":55607,"workHomeCommuteMedian":5076},"geometry":{"type":"Polygon","coordinates":[[[27.136773933644367,58.69632871312065],[27.136773933644367,58.705321916757896],[27.145767137281613,58.705321916757896],[27.145767137281613,58.69632871312065],[27.136773933644367,58.69632871312065]]]}},{"type":"Feature","properties":{"jobs":1,"pop":0,"pointCount":1,"homeWorkCommuteMedian":-1,"workHomeCommuteMedian":17808},"geometry":{"type":"Polygon","coordinates":[[[27.145767137281613,57.94989281122923],[27.145767137281613,57.95888601486648],[27.15476034091886,57.95888601486648],[27.15476034091886,57.94989281122923],[27.145767137281613,57.94989281122923]]]}},{"type":"Feature","properties":{"jobs":59,"pop":0,"pointCount":1,"homeWorkCommuteMedian":-1,"workHomeCommuteMedian":8713},"geometry":{"type":"Polygon","coordinates":[[[27.145767137281613,58.04881805123894],[27.145767137281613,58.057811254876185],[27.15476034091886,58.057811254876185],[27.15476034091886,58.04881805123894],[27.145767137281613,58.04881805123894]]]}},{"type":"Feature","properties":{"jobs":7,"pop":0,"pointCount":1,"homeWorkCommuteMedian":-1,"workHomeCommuteMedian":23121},"geometry":{"type":"Polygon","coordinates":[[[27.145767137281613,58.057811254876185],[27.145767137281613,58.06680445851343],[27.15476034091886,58.06680445851343],[27.15476034091886,58.057811254876185],[27.145767137281613,58.057811254876185]]]}},{"type":"Feature","properties":{"jobs":6,"pop":8,"pointCount":1,"homeWorkCommuteMedian":10376,"workHomeCommuteMedian":21660},"geometry":{"type":"Polygon","coordinates":[[[27.145767137281613,58.06680445851343],[27.145767137281613,58.07579766215068],[27.15476034091886,58.07579766215068],[27.15476034091886,58.06680445851343],[27.145767137281613,58.06680445851343]]]}},{"type":"Feature","properties":{"jobs":0,"pop":5,"pointCount":1,"homeWorkCommuteMedian":55677,"workHomeCommuteMedian":-1},"geometry":{"type":"Polygon","coordinates":[[[27.145767137281613,58.11177047669966],[27.145767137281613,58.12076368033691],[27.15476034091886,58.12076368033691],[27.15476034091886,58.11177047669966],[27.145767137281613,58.11177047669966]]]}},{"type":"Feature","properties":{"jobs":0,"pop":7,"pointCount":1,"homeWorkCommuteMedian":34091,"workHomeCommuteMedian":-1},"geometry":{"type":"Polygon","coordinates":[[[27.145767137281613,58.29163454944458],[27.145767137281613,58.30062775308183],[27.15476034091886,58.30062775308183],[27.15476034091886,58.29163454944458],[27.145767137281613,58.29163454944458]]]}},{"type":"Feature","properties":{"jobs":0,"pop":9,"pointCount":1,"homeWorkCommuteMedian":6496,"workHomeCommuteMedian":-1},"geometry":{"type":"Polygon","coordinates":[[[27.145767137281613,58.57941706583645],[27.145767137281613,58.5884102694737],[27.15476034091886,58.5884102694737],[27.15476034091886,58.57941706583645],[27.145767137281613,58.57941706583645]]]}},{"type":"Feature","properties":{"jobs":0,"pop":13,"pointCount":1,"homeWorkCommuteMedian":42108,"workHomeCommuteMedian":-1},"geometry":{"type":"Polygon","coordinates":[[[27.145767137281613,58.5884102694737],[27.145767137281613,58.597403473110944],[27.15476034091886,58.597403473110944],[27.15476034091886,58.5884102694737],[27.145767137281613,58.5884102694737]]]}},{"type":"Feature","properties":{"jobs":3,"pop":14,"pointCount":2,"homeWorkCommuteMedian":46804,"workHomeCommuteMedian":95233},"geometry":{"type":"Polygon","coordinates":[[[27.145767137281613,58.615389880385436],[27.145767137281613,58.62438308402268],[27.15476034091886,58.62438308402268],[27.15476034091886,58.615389880385436],[27.145767137281613,58.615389880385436]]]}},{"type":"Feature","properties":{"jobs":0,"pop":12,"pointCount":1,"homeWorkCommuteMedian":5101,"workHomeCommuteMedian":-1},"geometry":{"type":"Polygon","coordinates":[[[27.145767137281613,58.63337628765993],[27.145767137281613,58.642369491297174],[27.15476034091886,58.642369491297174],[27.15476034091886,58.63337628765993],[27.145767137281613,58.63337628765993]]]}},{"type":"Feature","properties":{"jobs":0,"pop":11,"pointCount":2,"homeWorkCommuteMedian":50471,"workHomeCommuteMedian":-1},"geometry":{"type":"Polygon","coordinates":[[[27.145767137281613,58.660355898571666],[27.145767137281613,58.66934910220891],[27.15476034091886,58.66934910220891],[27.15476034091886,58.660355898571666],[27.145767137281613,58.660355898571666]]]}},{"type":"Feature","properties":{"jobs":0,"pop":9,"pointCount":1,"homeWorkCommuteMedian":19771,"workHomeCommuteMedian":-1},"geometry":{"type":"Polygon","coordinates":[[[27.145767137281613,58.67834230584616],[27.145767137281613,58.687335509483404],[27.15476034091886,58.687335509483404],[27.15476034091886,58.67834230584616],[27.145767137281613,58.67834230584616]]]}},{"type":"Feature","properties":{"jobs":0,"pop":13,"pointCount":1,"homeWorkCommuteMedian":33411,"workHomeCommuteMedian":-1},"geometry":{"type":"Polygon","coordinates":[[[27.15476034091886,58.0218384403272],[27.15476034091886,58.03083164396445],[27.163753544556105,58.03083164396445],[27.163753544556105,58.0218384403272],[27.15476034091886,58.0218384403272]]]}},{"type":"Feature","properties":{"jobs":0,"pop":8,"pointCount":1,"homeWorkCommuteMedian":20432,"workHomeCommuteMedian":-1},"geometry":{"type":"Polygon","coordinates":[[[27.15476034091886,58.03982484760169],[27.15476034091886,58.04881805123894],[27.163753544556105,58.04881805123894],[27.163753544556105,58.03982484760169],[27.15476034091886,58.03982484760169]]]}},{"type":"Feature","properties":{"jobs":0,"pop":14,"pointCount":1,"homeWorkCommuteMedian":46770,"workHomeCommuteMedian":-1},"geometry":{"type":"Polygon","coordinates":[[[27.15476034091886,58.21069571670937],[27.15476034091886,58.21968892034661],[27.163753544556105,58.21968892034661],[27.163753544556105,58.21069571670937],[27.15476034091886,58.21069571670937]]]}},{"type":"Feature","properties":{"jobs":0,"pop":3,"pointCount":1,"homeWorkCommuteMedian":46780,"workHomeCommuteMedian":-1},"geometry":{"type":"Polygon","coordinates":[[[27.15476034091886,58.4714986221895],[27.15476034091886,58.480491825826746],[27.163753544556105,58.480491825826746],[27.163753544556105,58.4714986221895],[27.15476034091886,58.4714986221895]]]}},{"type":"Feature","properties":{"jobs":0,"pop":12,"pointCount":1,"homeWorkCommuteMedian":38443,"workHomeCommuteMedian":-1},"geometry":{"type":"Polygon","coordinates":[[[27.15476034091886,58.507471436738484],[27.15476034091886,58.51646464037573],[27.163753544556105,58.51646464037573],[27.163753544556105,58.507471436738484],[27.15476034091886,58.507471436738484]]]}},{"type":"Feature","properties":{"jobs":0,"pop":11,"pointCount":1,"homeWorkCommuteMedian":45774,"workHomeCommuteMedian":-1},"geometry":{"type":"Polygon","coordinates":[[[27.15476034091886,58.62438308402268],[27.15476034091886,58.63337628765993],[27.163753544556105,58.63337628765993],[27.163753544556105,58.62438308402268],[27.15476034091886,58.62438308402268]]]}},{"type":"Feature","properties":{"jobs":0,"pop":57,"pointCount":4,"homeWorkCommuteMedian":46465,"workHomeCommuteMedian":-1},"geometry":{"type":"Polygon","coordinates":[[[27.15476034091886,58.65136269493442],[27.15476034091886,58.660355898571666],[27.163753544556105,58.660355898571666],[27.163753544556105,58.65136269493442],[27.15476034091886,58.65136269493442]]]}},{"type":"Feature","properties":{"jobs":116,"pop":148,"pointCount":10,"homeWorkCommuteMedian":13970,"workHomeCommuteMedian":18614},"geometry":{"type":"Polygon","coordinates":[[[27.15476034091886,58.660355898571666],[27.15476034091886,58.66934910220891],[27.163753544556105,58.66934910220891],[27.163753544556105,58.660355898571666],[27.15476034091886,58.660355898571666]]]}},{"type":"Feature","properties":{"jobs":55,"pop":0,"pointCount":3,"homeWorkCommuteMedian":-1,"workHomeCommuteMedian":16943},"geometry":{"type":"Polygon","coordinates":[[[27.15476034091886,58.66934910220891],[27.15476034091886,58.67834230584616],[27.163753544556105,58.67834230584616],[27.163753544556105,58.66934910220891],[27.15476034091886,58.66934910220891]]]}},{"type":"Feature","properties":{"jobs":0,"pop":3,"pointCount":1,"homeWorkCommuteMedian":64539,"workHomeCommuteMedian":-1},"geometry":{"type":"Polygon","coordinates":[[[27.163753544556105,57.93190640395474],[27.163753544556105,57.94089960759199],[27.17274674819335,57.94089960759199],[27.17274674819335,57.93190640395474],[27.163753544556105,57.93190640395474]]]}},{"type":"Feature","properties":{"jobs":0,"pop":4,"pointCount":1,"homeWorkCommuteMedian":65996,"workHomeCommuteMedian":-1},"geometry":{"type":"Polygon","coordinates":[[[27.163753544556105,57.94989281122923],[27.163753544556105,57.95888601486648],[27.17274674819335,57.95888601486648],[27.17274674819335,57.94989281122923],[27.163753544556105,57.94989281122923]]]}},{"type":"Feature","properties":{"jobs":0,"pop":16,"pointCount":2,"homeWorkCommuteMedian":9611,"workHomeCommuteMedian":-1},"geometry":{"type":"Polygon","coordinates":[[[27.163753544556105,58.012845236689955],[27.163753544556105,58.0218384403272],[27.17274674819335,58.0218384403272],[27.17274674819335,58.012845236689955],[27.163753544556105,58.012845236689955]]]}},{"type":"Feature","properties":{"jobs":10,"pop":0,"pointCount":1,"homeWorkCommuteMedian":-1,"workHomeCommuteMedian":39636},"geometry":{"type":"Polygon","coordinates":[[[27.163753544556105,58.15673649488589],[27.163753544556105,58.16572969852314],[27.17274674819335,58.16572969852314],[27.17274674819335,58.15673649488589],[27.163753544556105,58.15673649488589]]]}},{"type":"Feature","properties":{"jobs":0,"pop":7,"pointCount":1,"homeWorkCommuteMedian":41605,"workHomeCommuteMedian":-1},"geometry":{"type":"Polygon","coordinates":[[[27.163753544556105,58.17472290216038],[27.163753544556105,58.18371610579763],[27.17274674819335,58.18371610579763],[27.17274674819335,58.17472290216038],[27.163753544556105,58.17472290216038]]]}},{"type":"Feature","properties":{"jobs":5,"pop":0,"pointCount":1,"homeWorkCommuteMedian":-1,"workHomeCommuteMedian":66222},"geometry":{"type":"Polygon","coordinates":[[[27.163753544556105,58.20170251307212],[27.163753544556105,58.21069571670937],[27.17274674819335,58.21069571670937],[27.17274674819335,58.20170251307212],[27.163753544556105,58.20170251307212]]]}},{"type":"Feature","properties":{"jobs":5,"pop":0,"pointCount":1,"homeWorkCommuteMedian":-1,"workHomeCommuteMedian":38180},"geometry":{"type":"Polygon","coordinates":[[[27.163753544556105,58.49847823310124],[27.163753544556105,58.507471436738484],[27.17274674819335,58.507471436738484],[27.17274674819335,58.49847823310124],[27.163753544556105,58.49847823310124]]]}},{"type":"Feature","properties":{"jobs":6,"pop":0,"pointCount":1,"homeWorkCommuteMedian":-1,"workHomeCommuteMedian":3141},"geometry":{"type":"Polygon","coordinates":[[[27.163753544556105,58.57941706583645],[27.163753544556105,58.5884102694737],[27.17274674819335,58.5884102694737],[27.17274674819335,58.57941706583645],[27.163753544556105,58.57941706583645]]]}},{"type":"Feature","properties":{"jobs":7,"pop":5,"pointCount":2,"homeWorkCommuteMedian":48021,"workHomeCommuteMedian":9496},"geometry":{"type":"Polygon","coordinates":[[[27.163753544556105,58.642369491297174],[27.163753544556105,58.65136269493442],[27.17274674819335,58.65136269493442],[27.17274674819335,58.642369491297174],[27.163753544556105,58.642369491297174]]]}},{"type":"Feature","properties":{"jobs":0,"pop":37,"pointCount":2,"homeWorkCommuteMedian":47054,"workHomeCommuteMedian":-1},"geometry":{"type":"Polygon","coordinates":[[[27.163753544556105,58.660355898571666],[27.163753544556105,58.66934910220891],[27.17274674819335,58.66934910220891],[27.17274674819335,58.660355898571666],[27.163753544556105,58.660355898571666]]]}},{"type":"Feature","properties":{"jobs":30,"pop":0,"pointCount":1,"homeWorkCommuteMedian":-1,"workHomeCommuteMedian":771},"geometry":{"type":"Polygon","coordinates":[[[27.163753544556105,58.66934910220891],[27.163753544556105,58.67834230584616],[27.17274674819335,58.67834230584616],[27.17274674819335,58.66934910220891],[27.163753544556105,58.66934910220891]]]}},{"type":"Feature","properties":{"jobs":2,"pop":0,"pointCount":1,"homeWorkCommuteMedian":-1,"workHomeCommuteMedian":14693},"geometry":{"type":"Polygon","coordinates":[[[27.17274674819335,57.93190640395474],[27.17274674819335,57.94089960759199],[27.181739951830597,57.94089960759199],[27.181739951830597,57.93190640395474],[27.17274674819335,57.93190640395474]]]}},{"type":"Feature","properties":{"jobs":9,"pop":0,"pointCount":1,"homeWorkCommuteMedian":-1,"workHomeCommuteMedian":10289},"geometry":{"type":"Polygon","coordinates":[[[27.17274674819335,58.012845236689955],[27.17274674819335,58.0218384403272],[27.181739951830597,58.0218384403272],[27.181739951830597,58.012845236689955],[27.17274674819335,58.012845236689955]]]}},{"type":"Feature","properties":{"jobs":0,"pop":7,"pointCount":1,"homeWorkCommuteMedian":65897,"workHomeCommuteMedian":-1},"geometry":{"type":"Polygon","coordinates":[[[27.17274674819335,58.057811254876185],[27.17274674819335,58.06680445851343],[27.181739951830597,58.06680445851343],[27.181739951830597,58.057811254876185],[27.17274674819335,58.057811254876185]]]}},{"type":"Feature","properties":{"jobs":5,"pop":7,"pointCount":2,"homeWorkCommuteMedian":56044,"workHomeCommuteMedian":6596},"geometry":{"type":"Polygon","coordinates":[[[27.17274674819335,58.06680445851343],[27.17274674819335,58.07579766215068],[27.181739951830597,58.07579766215068],[27.181739951830597,58.06680445851343],[27.17274674819335,58.06680445851343]]]}},{"type":"Feature","properties":{"jobs":17,"pop":14,"pointCount":2,"homeWorkCommuteMedian":5682,"workHomeCommuteMedian":15408},"geometry":{"type":"Polygon","coordinates":[[[27.17274674819335,58.09378406942517],[27.17274674819335,58.102777273062415],[27.181739951830597,58.102777273062415],[27.181739951830597,58.09378406942517],[27.17274674819335,58.09378406942517]]]}},{"type":"Feature","properties":{"jobs":0,"pop":13,"pointCount":1,"homeWorkCommuteMedian":80992,"workHomeCommuteMedian":-1},"geometry":{"type":"Polygon","coordinates":[[[27.17274674819335,58.147743291248645],[27.17274674819335,58.15673649488589],[27.181739951830597,58.15673649488589],[27.181739951830597,58.147743291248645],[27.17274674819335,58.147743291248645]]]}},{"type":"Feature","properties":{"jobs":0,"pop":17,"pointCount":2,"homeWorkCommuteMedian":46839,"workHomeCommuteMedian":-1},"geometry":{"type":"Polygon","coordinates":[[[27.17274674819335,58.15673649488589],[27.17274674819335,58.16572969852314],[27.181739951830597,58.16572969852314],[27.181739951830597,58.15673649488589],[27.17274674819335,58.15673649488589]]]}},{"type":"Feature","properties":{"jobs":0,"pop":7,"pointCount":1,"homeWorkCommuteMedian":28331,"workHomeCommuteMedian":-1},"geometry":{"type":"Polygon","coordinates":[[[27.17274674819335,58.480491825826746],[27.17274674819335,58.48948502946399],[27.181739951830597,58.48948502946399],[27.181739951830597,58.480491825826746],[27.17274674819335,58.480491825826746]]]}},{"type":"Feature","properties":{"jobs":0,"pop":9,"pointCount":1,"homeWorkCommuteMedian":40164,"workHomeCommuteMedian":-1},"geometry":{"type":"Polygon","coordinates":[[[27.17274674819335,58.53445104765022],[27.17274674819335,58.54344425128747],[27.181739951830597,58.54344425128747],[27.181739951830597,58.53445104765022],[27.17274674819335,58.53445104765022]]]}},{"type":"Feature","properties":{"jobs":1,"pop":0,"pointCount":1,"homeWorkCommuteMedian":-1,"workHomeCommuteMedian":18147},"geometry":{"type":"Polygon","coordinates":[[[27.17274674819335,58.615389880385436],[27.17274674819335,58.62438308402268],[27.181739951830597,58.62438308402268],[27.181739951830597,58.615389880385436],[27.17274674819335,58.615389880385436]]]}},{"type":"Feature","properties":{"jobs":0,"pop":8,"pointCount":1,"homeWorkCommuteMedian":44343,"workHomeCommuteMedian":-1},"geometry":{"type":"Polygon","coordinates":[[[27.17274674819335,58.62438308402268],[27.17274674819335,58.63337628765993],[27.181739951830597,58.63337628765993],[27.181739951830597,58.62438308402268],[27.17274674819335,58.62438308402268]]]}},{"type":"Feature","properties":{"jobs":0,"pop":7,"pointCount":1,"homeWorkCommuteMedian":17838,"workHomeCommuteMedian":-1},"geometry":{"type":"Polygon","coordinates":[[[27.181739951830597,57.94089960759199],[27.181739951830597,57.94989281122923],[27.190733155467843,57.94989281122923],[27.190733155467843,57.94089960759199],[27.181739951830597,57.94089960759199]]]}},{"type":"Feature","properties":{"jobs":9,"pop":0,"pointCount":1,"homeWorkCommuteMedian":-1,"workHomeCommuteMedian":28454},"geometry":{"type":"Polygon","coordinates":[[[27.181739951830597,57.98586562577822],[27.181739951830597,57.99485882941546],[27.190733155467843,57.99485882941546],[27.190733155467843,57.98586562577822],[27.181739951830597,57.98586562577822]]]}},{"type":"Feature","properties":{"jobs":0,"pop":9,"pointCount":1,"homeWorkCommuteMedian":58222,"workHomeCommuteMedian":-1},"geometry":{"type":"Polygon","coordinates":[[[27.181739951830597,58.012845236689955],[27.181739951830597,58.0218384403272],[27.190733155467843,58.0218384403272],[27.190733155467843,58.012845236689955],[27.181739951830597,58.012845236689955]]]}},{"type":"Feature","properties":{"jobs":0,"pop":6,"pointCount":1,"homeWorkCommuteMedian":55879,"workHomeCommuteMedian":-1},"geometry":{"type":"Polygon","coordinates":[[[27.181739951830597,58.04881805123894],[27.181739951830597,58.057811254876185],[27.190733155467843,58.057811254876185],[27.190733155467843,58.04881805123894],[27.181739951830597,58.04881805123894]]]}},{"type":"Feature","properties":{"jobs":0,"pop":7,"pointCount":1,"homeWorkCommuteMedian":68259,"workHomeCommuteMedian":-1},"geometry":{"type":"Polygon","coordinates":[[[27.181739951830597,58.06680445851343],[27.181739951830597,58.07579766215068],[27.190733155467843,58.07579766215068],[27.190733155467843,58.06680445851343],[27.181739951830597,58.06680445851343]]]}},{"type":"Feature","properties":{"jobs":0,"pop":5,"pointCount":1,"homeWorkCommuteMedian":13864,"workHomeCommuteMedian":-1},"geometry":{"type":"Polygon","coordinates":[[[27.181739951830597,58.07579766215068],[27.181739951830597,58.08479086578792],[27.190733155467843,58.08479086578792],[27.190733155467843,58.07579766215068],[27.181739951830597,58.07579766215068]]]}},{"type":"Feature","properties":{"jobs":0,"pop":111,"pointCount":2,"homeWorkCommuteMedian":44128,"workHomeCommuteMedian":-1},"geometry":{"type":"Polygon","coordinates":[[[27.181739951830597,58.147743291248645],[27.181739951830597,58.15673649488589],[27.190733155467843,58.15673649488589],[27.190733155467843,58.147743291248645],[27.181739951830597,58.147743291248645]]]}},{"type":"Feature","properties":{"jobs":34,"pop":35,"pointCount":3,"homeWorkCommuteMedian":44170,"workHomeCommuteMedian":12051},"geometry":{"type":"Polygon","coordinates":[[[27.181739951830597,58.15673649488589],[27.181739951830597,58.16572969852314],[27.190733155467843,58.16572969852314],[27.190733155467843,58.15673649488589],[27.181739951830597,58.15673649488589]]]}},{"type":"Feature","properties":{"jobs":10,"pop":0,"pointCount":1,"homeWorkCommuteMedian":-1,"workHomeCommuteMedian":43511},"geometry":{"type":"Polygon","coordinates":[[[27.181739951830597,58.17472290216038],[27.181739951830597,58.18371610579763],[27.190733155467843,58.18371610579763],[27.190733155467843,58.17472290216038],[27.181739951830597,58.17472290216038]]]}},{"type":"Feature","properties":{"jobs":3,"pop":4,"pointCount":2,"homeWorkCommuteMedian":14862,"workHomeCommuteMedian":3956},"geometry":{"type":"Polygon","coordinates":[[[27.181739951830597,58.57941706583645],[27.181739951830597,58.5884102694737],[27.190733155467843,58.5884102694737],[27.190733155467843,58.57941706583645],[27.181739951830597,58.57941706583645]]]}},{"type":"Feature","properties":{"jobs":0,"pop":2,"pointCount":1,"homeWorkCommuteMedian":46274,"workHomeCommuteMedian":-1},"geometry":{"type":"Polygon","coordinates":[[[27.181739951830597,58.5884102694737],[27.181739951830597,58.597403473110944],[27.190733155467843,58.597403473110944],[27.190733155467843,58.5884102694737],[27.181739951830597,58.5884102694737]]]}},{"type":"Feature","properties":{"jobs":0,"pop":7,"pointCount":1,"homeWorkCommuteMedian":9496,"workHomeCommuteMedian":-1},"geometry":{"type":"Polygon","coordinates":[[[27.181739951830597,58.615389880385436],[27.181739951830597,58.62438308402268],[27.190733155467843,58.62438308402268],[27.190733155467843,58.615389880385436],[27.181739951830597,58.615389880385436]]]}},{"type":"Feature","properties":{"jobs":0,"pop":5,"pointCount":1,"homeWorkCommuteMedian":10662,"workHomeCommuteMedian":-1},"geometry":{"type":"Polygon","coordinates":[[[27.181739951830597,58.62438308402268],[27.181739951830597,58.63337628765993],[27.190733155467843,58.63337628765993],[27.190733155467843,58.62438308402268],[27.181739951830597,58.62438308402268]]]}},{"type":"Feature","properties":{"jobs":0,"pop":9,"pointCount":1,"homeWorkCommuteMedian":9822,"workHomeCommuteMedian":-1},"geometry":{"type":"Polygon","coordinates":[[[27.190733155467843,57.99485882941546],[27.190733155467843,58.00385203305271],[27.19972635910509,58.00385203305271],[27.19972635910509,57.99485882941546],[27.190733155467843,57.99485882941546]]]}},{"type":"Feature","properties":{"jobs":6,"pop":10,"pointCount":2,"homeWorkCommuteMedian":44980,"workHomeCommuteMedian":12173},"geometry":{"type":"Polygon","coordinates":[[[27.190733155467843,58.0218384403272],[27.190733155467843,58.03083164396445],[27.19972635910509,58.03083164396445],[27.19972635910509,58.0218384403272],[27.190733155467843,58.0218384403272]]]}},{"type":"Feature","properties":{"jobs":17,"pop":12,"pointCount":3,"homeWorkCommuteMedian":56922,"workHomeCommuteMedian":21953},"geometry":{"type":"Polygon","coordinates":[[[27.190733155467843,58.057811254876185],[27.190733155467843,58.06680445851343],[27.19972635910509,58.06680445851343],[27.19972635910509,58.057811254876185],[27.190733155467843,58.057811254876185]]]}},{"type":"Feature","properties":{"jobs":0,"pop":5,"pointCount":1,"homeWorkCommuteMedian":35865,"workHomeCommuteMedian":-1},"geometry":{"type":"Polygon","coordinates":[[[27.190733155467843,58.08479086578792],[27.190733155467843,58.09378406942517],[27.19972635910509,58.09378406942517],[27.19972635910509,58.08479086578792],[27.190733155467843,58.08479086578792]]]}},{"type":"Feature","properties":{"jobs":7,"pop":0,"pointCount":1,"homeWorkCommuteMedian":-1,"workHomeCommuteMedian":28614},"geometry":{"type":"Polygon","coordinates":[[[27.190733155467843,58.12975688397415],[27.190733155467843,58.1387500876114],[27.19972635910509,58.1387500876114],[27.19972635910509,58.12975688397415],[27.190733155467843,58.12975688397415]]]}},{"type":"Feature","properties":{"jobs":151,"pop":17,"pointCount":10,"homeWorkCommuteMedian":44373,"workHomeCommuteMedian":19572},"geometry":{"type":"Polygon","coordinates":[[[27.190733155467843,58.15673649488589],[27.190733155467843,58.16572969852314],[27.19972635910509,58.16572969852314],[27.19972635910509,58.15673649488589],[27.190733155467843,58.15673649488589]]]}},{"type":"Feature","properties":{"jobs":0,"pop":6,"pointCount":1,"homeWorkCommuteMedian":52854,"workHomeCommuteMedian":-1},"geometry":{"type":"Polygon","coordinates":[[[27.190733155467843,58.18371610579763],[27.190733155467843,58.192709309434875],[27.19972635910509,58.192709309434875],[27.19972635910509,58.18371610579763],[27.190733155467843,58.18371610579763]]]}},{"type":"Feature","properties":{"jobs":1,"pop":0,"pointCount":1,"homeWorkCommuteMedian":-1,"workHomeCommuteMedian":3706},"geometry":{"type":"Polygon","coordinates":[[[27.190733155467843,58.480491825826746],[27.190733155467843,58.48948502946399],[27.19972635910509,58.48948502946399],[27.19972635910509,58.480491825826746],[27.190733155467843,58.480491825826746]]]}},{"type":"Feature","properties":{"jobs":0,"pop":6,"pointCount":1,"homeWorkCommuteMedian":37900,"workHomeCommuteMedian":-1},"geometry":{"type":"Polygon","coordinates":[[[27.190733155467843,58.53445104765022],[27.190733155467843,58.54344425128747],[27.19972635910509,58.54344425128747],[27.19972635910509,58.53445104765022],[27.190733155467843,58.53445104765022]]]}},{"type":"Feature","properties":{"jobs":0,"pop":10,"pointCount":1,"homeWorkCommuteMedian":5425,"workHomeCommuteMedian":-1},"geometry":{"type":"Polygon","coordinates":[[[27.190733155467843,58.597403473110944],[27.190733155467843,58.60639667674819],[27.19972635910509,58.60639667674819],[27.19972635910509,58.597403473110944],[27.190733155467843,58.597403473110944]]]}},{"type":"Feature","properties":{"jobs":0,"pop":20,"pointCount":2,"homeWorkCommuteMedian":68486,"workHomeCommuteMedian":-1},"geometry":{"type":"Polygon","coordinates":[[[27.19972635910509,57.94089960759199],[27.19972635910509,57.94989281122923],[27.208719562742335,57.94989281122923],[27.208719562742335,57.94089960759199],[27.19972635910509,57.94089960759199]]]}},{"type":"Feature","properties":{"jobs":2,"pop":6,"pointCount":2,"homeWorkCommuteMedian":69211,"workHomeCommuteMedian":32124},"geometry":{"type":"Polygon","coordinates":[[[27.19972635910509,57.94989281122923],[27.19972635910509,57.95888601486648],[27.208719562742335,57.95888601486648],[27.208719562742335,57.94989281122923],[27.19972635910509,57.94989281122923]]]}},{"type":"Feature","properties":{"jobs":0,"pop":4,"pointCount":1,"homeWorkCommuteMedian":90960,"workHomeCommuteMedian":-1},"geometry":{"type":"Polygon","coordinates":[[[27.19972635910509,57.967879218503725],[27.19972635910509,57.97687242214097],[27.208719562742335,57.97687242214097],[27.208719562742335,57.967879218503725],[27.19972635910509,57.967879218503725]]]}},{"type":"Feature","properties":{"jobs":0,"pop":6,"pointCount":1,"homeWorkCommuteMedian":13983,"workHomeCommuteMedian":-1},"geometry":{"type":"Polygon","coordinates":[[[27.19972635910509,58.0218384403272],[27.19972635910509,58.03083164396445],[27.208719562742335,58.03083164396445],[27.208719562742335,58.0218384403272],[27.19972635910509,58.0218384403272]]]}},{"type":"Feature","properties":{"jobs":15,"pop":0,"pointCount":1,"homeWorkCommuteMedian":-1,"workHomeCommuteMedian":8648},"geometry":{"type":"Polygon","coordinates":[[[27.19972635910509,58.04881805123894],[27.19972635910509,58.057811254876185],[27.208719562742335,58.057811254876185],[27.208719562742335,58.04881805123894],[27.19972635910509,58.04881805123894]]]}},{"type":"Feature","properties":{"jobs":0,"pop":9,"pointCount":1,"homeWorkCommuteMedian":20956,"workHomeCommuteMedian":-1},"geometry":{"type":"Polygon","coordinates":[[[27.19972635910509,58.11177047669966],[27.19972635910509,58.12076368033691],[27.208719562742335,58.12076368033691],[27.208719562742335,58.11177047669966],[27.19972635910509,58.11177047669966]]]}},{"type":"Feature","properties":{"jobs":0,"pop":17,"pointCount":1,"homeWorkCommuteMedian":58633,"workHomeCommuteMedian":-1},"geometry":{"type":"Polygon","coordinates":[[[27.19972635910509,58.12076368033691],[27.19972635910509,58.12975688397415],[27.208719562742335,58.12975688397415],[27.208719562742335,58.12076368033691],[27.19972635910509,58.12076368033691]]]}},{"type":"Feature","properties":{"jobs":45,"pop":0,"pointCount":1,"homeWorkCommuteMedian":-1,"workHomeCommuteMedian":26638},"geometry":{"type":"Polygon","coordinates":[[[27.19972635910509,58.15673649488589],[27.19972635910509,58.16572969852314],[27.208719562742335,58.16572969852314],[27.208719562742335,58.15673649488589],[27.19972635910509,58.15673649488589]]]}},{"type":"Feature","properties":{"jobs":0,"pop":5,"pointCount":1,"homeWorkCommuteMedian":31158,"workHomeCommuteMedian":-1},"geometry":{"type":"Polygon","coordinates":[[[27.19972635910509,58.16572969852314],[27.19972635910509,58.17472290216038],[27.208719562742335,58.17472290216038],[27.208719562742335,58.16572969852314],[27.19972635910509,58.16572969852314]]]}},{"type":"Feature","properties":{"jobs":0,"pop":6,"pointCount":1,"homeWorkCommuteMedian":53035,"workHomeCommuteMedian":-1},"geometry":{"type":"Polygon","coordinates":[[[27.19972635910509,58.18371610579763],[27.19972635910509,58.192709309434875],[27.208719562742335,58.192709309434875],[27.208719562742335,58.18371610579763],[27.19972635910509,58.18371610579763]]]}},{"type":"Feature","properties":{"jobs":0,"pop":8,"pointCount":1,"homeWorkCommuteMedian":40708,"workHomeCommuteMedian":-1},"geometry":{"type":"Polygon","coordinates":[[[27.19972635910509,58.48948502946399],[27.19972635910509,58.49847823310124],[27.208719562742335,58.49847823310124],[27.208719562742335,58.48948502946399],[27.19972635910509,58.48948502946399]]]}},{"type":"Feature","properties":{"jobs":0,"pop":6,"pointCount":1,"homeWorkCommuteMedian":43965,"workHomeCommuteMedian":-1},"geometry":{"type":"Polygon","coordinates":[[[27.19972635910509,58.552437454924714],[27.19972635910509,58.56143065856196],[27.208719562742335,58.56143065856196],[27.208719562742335,58.552437454924714],[27.19972635910509,58.552437454924714]]]}},{"type":"Feature","properties":{"jobs":0,"pop":3,"pointCount":1,"homeWorkCommuteMedian":44355,"workHomeCommuteMedian":-1},"geometry":{"type":"Polygon","coordinates":[[[27.19972635910509,58.570423862199206],[27.19972635910509,58.57941706583645],[27.208719562742335,58.57941706583645],[27.208719562742335,58.570423862199206],[27.19972635910509,58.570423862199206]]]}},{"type":"Feature","properties":{"jobs":8,"pop":7,"pointCount":2,"homeWorkCommuteMedian":45454,"workHomeCommuteMedian":46483},"geometry":{"type":"Polygon","coordinates":[[[27.19972635910509,58.597403473110944],[27.19972635910509,58.60639667674819],[27.208719562742335,58.60639667674819],[27.208719562742335,58.597403473110944],[27.19972635910509,58.597403473110944]]]}},{"type":"Feature","properties":{"jobs":9,"pop":6,"pointCount":2,"homeWorkCommuteMedian":80576,"workHomeCommuteMedian":46166},"geometry":{"type":"Polygon","coordinates":[[[27.19972635910509,58.60639667674819],[27.19972635910509,58.615389880385436],[27.208719562742335,58.615389880385436],[27.208719562742335,58.60639667674819],[27.19972635910509,58.60639667674819]]]}},{"type":"Feature","properties":{"jobs":57,"pop":40,"pointCount":5,"homeWorkCommuteMedian":72507,"workHomeCommuteMedian":54999},"geometry":{"type":"Polygon","coordinates":[[[27.208719562742335,57.94089960759199],[27.208719562742335,57.94989281122923],[27.21771276637958,57.94989281122923],[27.21771276637958,57.94089960759199],[27.208719562742335,57.94089960759199]]]}},{"type":"Feature","properties":{"jobs":2,"pop":7,"pointCount":2,"homeWorkCommuteMedian":13591,"workHomeCommuteMedian":24905},"geometry":{"type":"Polygon","coordinates":[[[27.208719562742335,57.967879218503725],[27.208719562742335,57.97687242214097],[27.21771276637958,57.97687242214097],[27.21771276637958,57.967879218503725],[27.208719562742335,57.967879218503725]]]}},{"type":"Feature","properties":{"jobs":0,"pop":12,"pointCount":1,"homeWorkCommuteMedian":9216,"workHomeCommuteMedian":-1},"geometry":{"type":"Polygon","coordinates":[[[27.208719562742335,58.04881805123894],[27.208719562742335,58.057811254876185],[27.21771276637958,58.057811254876185],[27.21771276637958,58.04881805123894],[27.208719562742335,58.04881805123894]]]}},{"type":"Feature","properties":{"jobs":8,"pop":9,"pointCount":1,"homeWorkCommuteMedian":18400,"workHomeCommuteMedian":51885},"geometry":{"type":"Polygon","coordinates":[[[27.208719562742335,58.08479086578792],[27.208719562742335,58.09378406942517],[27.21771276637958,58.09378406942517],[27.21771276637958,58.08479086578792],[27.208719562742335,58.08479086578792]]]}},{"type":"Feature","properties":{"jobs":0,"pop":8,"pointCount":1,"homeWorkCommuteMedian":18301,"workHomeCommuteMedian":-1},"geometry":{"type":"Polygon","coordinates":[[[27.208719562742335,58.11177047669966],[27.208719562742335,58.12076368033691],[27.21771276637958,58.12076368033691],[27.21771276637958,58.11177047669966],[27.208719562742335,58.11177047669966]]]}},{"type":"Feature","properties":{"jobs":0,"pop":5,"pointCount":1,"homeWorkCommuteMedian":55578,"workHomeCommuteMedian":-1},"geometry":{"type":"Polygon","coordinates":[[[27.208719562742335,58.12076368033691],[27.208719562742335,58.12975688397415],[27.21771276637958,58.12975688397415],[27.21771276637958,58.12076368033691],[27.208719562742335,58.12076368033691]]]}},{"type":"Feature","properties":{"jobs":0,"pop":7,"pointCount":1,"homeWorkCommuteMedian":44086,"workHomeCommuteMedian":-1},"geometry":{"type":"Polygon","coordinates":[[[27.208719562742335,58.17472290216038],[27.208719562742335,58.18371610579763],[27.21771276637958,58.18371610579763],[27.21771276637958,58.17472290216038],[27.208719562742335,58.17472290216038]]]}},{"type":"Feature","properties":{"jobs":0,"pop":3,"pointCount":1,"homeWorkCommuteMedian":39541,"workHomeCommuteMedian":-1},"geometry":{"type":"Polygon","coordinates":[[[27.208719562742335,58.237675327621105],[27.208719562742335,58.24666853125835],[27.21771276637958,58.24666853125835],[27.21771276637958,58.237675327621105],[27.208719562742335,58.237675327621105]]]}},{"type":"Feature","properties":{"jobs":2,"pop":13,"pointCount":1,"homeWorkCommuteMedian":30206,"workHomeCommuteMedian":10784},"geometry":{"type":"Polygon","coordinates":[[[27.208719562742335,58.27364814217009],[27.208719562742335,58.282641345807335],[27.21771276637958,58.282641345807335],[27.21771276637958,58.27364814217009],[27.208719562742335,58.27364814217009]]]}},{"type":"Feature","properties":{"jobs":17,"pop":0,"pointCount":1,"homeWorkCommuteMedian":-1,"workHomeCommuteMedian":29558},"geometry":{"type":"Polygon","coordinates":[[[27.208719562742335,58.48948502946399],[27.208719562742335,58.49847823310124],[27.21771276637958,58.49847823310124],[27.21771276637958,58.48948502946399],[27.208719562742335,58.48948502946399]]]}},{"type":"Feature","properties":{"jobs":29,"pop":28,"pointCount":6,"homeWorkCommuteMedian":39534,"workHomeCommuteMedian":10662},"geometry":{"type":"Polygon","coordinates":[[[27.208719562742335,58.54344425128747],[27.208719562742335,58.552437454924714],[27.21771276637958,58.552437454924714],[27.21771276637958,58.54344425128747],[27.208719562742335,58.54344425128747]]]}},{"type":"Feature","properties":{"jobs":6,"pop":33,"pointCount":4,"homeWorkCommuteMedian":40863,"workHomeCommuteMedian":43689},"geometry":{"type":"Polygon","coordinates":[[[27.208719562742335,58.552437454924714],[27.208719562742335,58.56143065856196],[27.21771276637958,58.56143065856196],[27.21771276637958,58.552437454924714],[27.208719562742335,58.552437454924714]]]}},{"type":"Feature","properties":{"jobs":0,"pop":12,"pointCount":1,"homeWorkCommuteMedian":13820,"workHomeCommuteMedian":-1},"geometry":{"type":"Polygon","coordinates":[[[27.208719562742335,58.597403473110944],[27.208719562742335,58.60639667674819],[27.21771276637958,58.60639667674819],[27.21771276637958,58.597403473110944],[27.208719562742335,58.597403473110944]]]}},{"type":"Feature","properties":{"jobs":11,"pop":5,"pointCount":2,"homeWorkCommuteMedian":74016,"workHomeCommuteMedian":23347},"geometry":{"type":"Polygon","coordinates":[[[27.21771276637958,57.94089960759199],[27.21771276637958,57.94989281122923],[27.226705970016827,57.94989281122923],[27.226705970016827,57.94089960759199],[27.21771276637958,57.94089960759199]]]}},{"type":"Feature","properties":{"jobs":10,"pop":0,"pointCount":1,"homeWorkCommuteMedian":-1,"workHomeCommuteMedian":18001},"geometry":{"type":"Polygon","coordinates":[[[27.21771276637958,58.00385203305271],[27.21771276637958,58.012845236689955],[27.226705970016827,58.012845236689955],[27.226705970016827,58.00385203305271],[27.21771276637958,58.00385203305271]]]}},{"type":"Feature","properties":{"jobs":41,"pop":34,"pointCount":3,"homeWorkCommuteMedian":49614,"workHomeCommuteMedian":49773},"geometry":{"type":"Polygon","coordinates":[[[27.21771276637958,58.08479086578792],[27.21771276637958,58.09378406942517],[27.226705970016827,58.09378406942517],[27.226705970016827,58.08479086578792],[27.21771276637958,58.08479086578792]]]}},{"type":"Feature","properties":{"jobs":0,"pop":20,"pointCount":2,"homeWorkCommuteMedian":17637,"workHomeCommuteMedian":-1},"geometry":{"type":"Polygon","coordinates":[[[27.21771276637958,58.09378406942517],[27.21771276637958,58.102777273062415],[27.226705970016827,58.102777273062415],[27.226705970016827,58.09378406942517],[27.21771276637958,58.09378406942517]]]}},{"type":"Feature","properties":{"jobs":6,"pop":15,"pointCount":2,"homeWorkCommuteMedian":47556,"workHomeCommuteMedian":16728},"geometry":{"type":"Polygon","coordinates":[[[27.21771276637958,58.15673649488589],[27.21771276637958,58.16572969852314],[27.226705970016827,58.16572969852314],[27.226705970016827,58.15673649488589],[27.21771276637958,58.15673649488589]]]}},{"type":"Feature","properties":{"jobs":0,"pop":11,"pointCount":1,"homeWorkCommuteMedian":48013,"workHomeCommuteMedian":-1},"geometry":{"type":"Polygon","coordinates":[[[27.21771276637958,58.16572969852314],[27.21771276637958,58.17472290216038],[27.226705970016827,58.17472290216038],[27.226705970016827,58.16572969852314],[27.21771276637958,58.16572969852314]]]}},{"type":"Feature","properties":{"jobs":5,"pop":0,"pointCount":1,"homeWorkCommuteMedian":-1,"workHomeCommuteMedian":64749},"geometry":{"type":"Polygon","coordinates":[[[27.21771276637958,58.22868212398386],[27.21771276637958,58.237675327621105],[27.226705970016827,58.237675327621105],[27.226705970016827,58.22868212398386],[27.21771276637958,58.22868212398386]]]}},{"type":"Feature","properties":{"jobs":0,"pop":11,"pointCount":1,"homeWorkCommuteMedian":43965,"workHomeCommuteMedian":-1},"geometry":{"type":"Polygon","coordinates":[[[27.21771276637958,58.53445104765022],[27.21771276637958,58.54344425128747],[27.226705970016827,58.54344425128747],[27.226705970016827,58.53445104765022],[27.21771276637958,58.53445104765022]]]}},{"type":"Feature","properties":{"jobs":8,"pop":8,"pointCount":2,"homeWorkCommuteMedian":44350,"workHomeCommuteMedian":9222},"geometry":{"type":"Polygon","coordinates":[[[27.21771276637958,58.54344425128747],[27.21771276637958,58.552437454924714],[27.226705970016827,58.552437454924714],[27.226705970016827,58.54344425128747],[27.21771276637958,58.54344425128747]]]}},{"type":"Feature","properties":{"jobs":0,"pop":4,"pointCount":1,"homeWorkCommuteMedian":15180,"workHomeCommuteMedian":-1},"geometry":{"type":"Polygon","coordinates":[[[27.226705970016827,57.98586562577822],[27.226705970016827,57.99485882941546],[27.235699173654073,57.99485882941546],[27.235699173654073,57.98586562577822],[27.226705970016827,57.98586562577822]]]}},{"type":"Feature","properties":{"jobs":0,"pop":3,"pointCount":1,"homeWorkCommuteMedian":26457,"workHomeCommuteMedian":-1},"geometry":{"type":"Polygon","coordinates":[[[27.226705970016827,58.00385203305271],[27.226705970016827,58.012845236689955],[27.235699173654073,58.012845236689955],[27.235699173654073,58.00385203305271],[27.226705970016827,58.00385203305271]]]}},{"type":"Feature","properties":{"jobs":0,"pop":8,"pointCount":1,"homeWorkCommuteMedian":62205,"workHomeCommuteMedian":-1},"geometry":{"type":"Polygon","coordinates":[[[27.226705970016827,58.08479086578792],[27.226705970016827,58.09378406942517],[27.235699173654073,58.09378406942517],[27.235699173654073,58.08479086578792],[27.226705970016827,58.08479086578792]]]}},{"type":"Feature","properties":{"jobs":0,"pop":7,"pointCount":1,"homeWorkCommuteMedian":55463,"workHomeCommuteMedian":-1},"geometry":{"type":"Polygon","coordinates":[[[27.226705970016827,58.12076368033691],[27.226705970016827,58.12975688397415],[27.235699173654073,58.12975688397415],[27.235699173654073,58.12076368033691],[27.226705970016827,58.12076368033691]]]}},{"type":"Feature","properties":{"jobs":4,"pop":0,"pointCount":1,"homeWorkCommuteMedian":-1,"workHomeCommuteMedian":47620},"geometry":{"type":"Polygon","coordinates":[[[27.226705970016827,58.12975688397415],[27.226705970016827,58.1387500876114],[27.235699173654073,58.1387500876114],[27.235699173654073,58.12975688397415],[27.226705970016827,58.12975688397415]]]}},{"type":"Feature","properties":{"jobs":0,"pop":5,"pointCount":1,"homeWorkCommuteMedian":46387,"workHomeCommuteMedian":-1},"geometry":{"type":"Polygon","coordinates":[[[27.226705970016827,58.1387500876114],[27.226705970016827,58.147743291248645],[27.235699173654073,58.147743291248645],[27.235699173654073,58.1387500876114],[27.226705970016827,58.1387500876114]]]}},{"type":"Feature","properties":{"jobs":0,"pop":24,"pointCount":3,"homeWorkCommuteMedian":42179,"workHomeCommuteMedian":-1},"geometry":{"type":"Polygon","coordinates":[[[27.226705970016827,58.525457844012976],[27.226705970016827,58.53445104765022],[27.235699173654073,58.53445104765022],[27.235699173654073,58.525457844012976],[27.226705970016827,58.525457844012976]]]}},{"type":"Feature","properties":{"jobs":0,"pop":11,"pointCount":1,"homeWorkCommuteMedian":30175,"workHomeCommuteMedian":-1},"geometry":{"type":"Polygon","coordinates":[[[27.235699173654073,57.91391999668025],[27.235699173654073,57.922913200317495],[27.24469237729132,57.922913200317495],[27.24469237729132,57.91391999668025],[27.235699173654073,57.91391999668025]]]}},{"type":"Feature","properties":{"jobs":0,"pop":6,"pointCount":1,"homeWorkCommuteMedian":72537,"workHomeCommuteMedian":-1},"geometry":{"type":"Polygon","coordinates":[[[27.235699173654073,57.922913200317495],[27.235699173654073,57.93190640395474],[27.24469237729132,57.93190640395474],[27.24469237729132,57.922913200317495],[27.235699173654073,57.922913200317495]]]}},{"type":"Feature","properties":{"jobs":0,"pop":9,"pointCount":1,"homeWorkCommuteMedian":69796,"workHomeCommuteMedian":-1},"geometry":{"type":"Polygon","coordinates":[[[27.235699173654073,57.94089960759199],[27.235699173654073,57.94989281122923],[27.24469237729132,57.94989281122923],[27.24469237729132,57.94089960759199],[27.235699173654073,57.94089960759199]]]}},{"type":"Feature","properties":{"jobs":0,"pop":5,"pointCount":1,"homeWorkCommuteMedian":47306,"workHomeCommuteMedian":-1},"geometry":{"type":"Polygon","coordinates":[[[27.235699173654073,58.18371610579763],[27.235699173654073,58.192709309434875],[27.24469237729132,58.192709309434875],[27.24469237729132,58.18371610579763],[27.235699173654073,58.18371610579763]]]}},{"type":"Feature","properties":{"jobs":10,"pop":16,"pointCount":3,"homeWorkCommuteMedian":59796,"workHomeCommuteMedian":14590},"geometry":{"type":"Polygon","coordinates":[[[27.235699173654073,58.480491825826746],[27.235699173654073,58.48948502946399],[27.24469237729132,58.48948502946399],[27.24469237729132,58.480491825826746],[27.235699173654073,58.480491825826746]]]}},{"type":"Feature","properties":{"jobs":30,"pop":19,"pointCount":4,"homeWorkCommuteMedian":42362,"workHomeCommuteMedian":45406},"geometry":{"type":"Polygon","coordinates":[[[27.235699173654073,58.48948502946399],[27.235699173654073,58.49847823310124],[27.24469237729132,58.49847823310124],[27.24469237729132,58.48948502946399],[27.235699173654073,58.48948502946399]]]}},{"type":"Feature","properties":{"jobs":4,"pop":17,"pointCount":2,"homeWorkCommuteMedian":45236,"workHomeCommuteMedian":6548},"geometry":{"type":"Polygon","coordinates":[[[27.235699173654073,58.51646464037573],[27.235699173654073,58.525457844012976],[27.24469237729132,58.525457844012976],[27.24469237729132,58.51646464037573],[27.235699173654073,58.51646464037573]]]}},{"type":"Feature","properties":{"jobs":2,"pop":0,"pointCount":1,"homeWorkCommuteMedian":-1,"workHomeCommuteMedian":21029},"geometry":{"type":"Polygon","coordinates":[[[27.24469237729132,57.967879218503725],[27.24469237729132,57.97687242214097],[27.253685580928565,57.97687242214097],[27.253685580928565,57.967879218503725],[27.24469237729132,57.967879218503725]]]}},{"type":"Feature","properties":{"jobs":0,"pop":10,"pointCount":1,"homeWorkCommuteMedian":9324,"workHomeCommuteMedian":-1},"geometry":{"type":"Polygon","coordinates":[[[27.24469237729132,57.98586562577822],[27.24469237729132,57.99485882941546],[27.253685580928565,57.99485882941546],[27.253685580928565,57.98586562577822],[27.24469237729132,57.98586562577822]]]}},{"type":"Feature","properties":{"jobs":1,"pop":0,"pointCount":1,"homeWorkCommuteMedian":-1,"workHomeCommuteMedian":14553},"geometry":{"type":"Polygon","coordinates":[[[27.24469237729132,57.99485882941546],[27.24469237729132,58.00385203305271],[27.253685580928565,58.00385203305271],[27.253685580928565,57.99485882941546],[27.24469237729132,57.99485882941546]]]}},{"type":"Feature","properties":{"jobs":3,"pop":3,"pointCount":2,"homeWorkCommuteMedian":11625,"workHomeCommuteMedian":16527},"geometry":{"type":"Polygon","coordinates":[[[27.24469237729132,58.0218384403272],[27.24469237729132,58.03083164396445],[27.253685580928565,58.03083164396445],[27.253685580928565,58.0218384403272],[27.24469237729132,58.0218384403272]]]}},{"type":"Feature","properties":{"jobs":0,"pop":6,"pointCount":1,"homeWorkCommuteMedian":59715,"workHomeCommuteMedian":-1},"geometry":{"type":"Polygon","coordinates":[[[27.24469237729132,58.057811254876185],[27.24469237729132,58.06680445851343],[27.253685580928565,58.06680445851343],[27.253685580928565,58.057811254876185],[27.24469237729132,58.057811254876185]]]}},{"type":"Feature","properties":{"jobs":0,"pop":7,"pointCount":1,"homeWorkCommuteMedian":48189,"workHomeCommuteMedian":-1},"geometry":{"type":"Polygon","coordinates":[[[27.24469237729132,58.12076368033691],[27.24469237729132,58.12975688397415],[27.253685580928565,58.12975688397415],[27.253685580928565,58.12076368033691],[27.24469237729132,58.12076368033691]]]}},{"type":"Feature","properties":{"jobs":6,"pop":20,"pointCount":2,"homeWorkCommuteMedian":21536,"workHomeCommuteMedian":18305},"geometry":{"type":"Polygon","coordinates":[[[27.24469237729132,58.1387500876114],[27.24469237729132,58.147743291248645],[27.253685580928565,58.147743291248645],[27.253685580928565,58.1387500876114],[27.24469237729132,58.1387500876114]]]}},{"type":"Feature","properties":{"jobs":0,"pop":11,"pointCount":1,"homeWorkCommuteMedian":45696,"workHomeCommuteMedian":-1},"geometry":{"type":"Polygon","coordinates":[[[27.24469237729132,58.18371610579763],[27.24469237729132,58.192709309434875],[27.253685580928565,58.192709309434875],[27.253685580928565,58.18371610579763],[27.24469237729132,58.18371610579763]]]}},{"type":"Feature","properties":{"jobs":0,"pop":13,"pointCount":1,"homeWorkCommuteMedian":47209,"workHomeCommuteMedian":-1},"geometry":{"type":"Polygon","coordinates":[[[27.24469237729132,58.192709309434875],[27.24469237729132,58.20170251307212],[27.253685580928565,58.20170251307212],[27.253685580928565,58.192709309434875],[27.24469237729132,58.192709309434875]]]}},{"type":"Feature","properties":{"jobs":30,"pop":0,"pointCount":1,"homeWorkCommuteMedian":-1,"workHomeCommuteMedian":30206},"geometry":{"type":"Polygon","coordinates":[[[27.253685580928565,58.07579766215068],[27.253685580928565,58.08479086578792],[27.26267878456581,58.08479086578792],[27.26267878456581,58.07579766215068],[27.253685580928565,58.07579766215068]]]}},{"type":"Feature","properties":{"jobs":4,"pop":0,"pointCount":1,"homeWorkCommuteMedian":-1,"workHomeCommuteMedian":25529},"geometry":{"type":"Polygon","coordinates":[[[27.253685580928565,58.16572969852314],[27.253685580928565,58.17472290216038],[27.26267878456581,58.17472290216038],[27.26267878456581,58.16572969852314],[27.253685580928565,58.16572969852314]]]}},{"type":"Feature","properties":{"jobs":23,"pop":0,"pointCount":3,"homeWorkCommuteMedian":-1,"workHomeCommuteMedian":23485},"geometry":{"type":"Polygon","coordinates":[[[27.253685580928565,58.20170251307212],[27.253685580928565,58.21069571670937],[27.26267878456581,58.21069571670937],[27.26267878456581,58.20170251307212],[27.253685580928565,58.20170251307212]]]}},{"type":"Feature","properties":{"jobs":1,"pop":10,"pointCount":1,"homeWorkCommuteMedian":66583,"workHomeCommuteMedian":5906},"geometry":{"type":"Polygon","coordinates":[[[27.26267878456581,57.95888601486648],[27.26267878456581,57.967879218503725],[27.271671988203057,57.967879218503725],[27.271671988203057,57.95888601486648],[27.26267878456581,57.95888601486648]]]}},{"type":"Feature","properties":{"jobs":0,"pop":12,"pointCount":1,"homeWorkCommuteMedian":7226,"workHomeCommuteMedian":-1},"geometry":{"type":"Polygon","coordinates":[[[27.26267878456581,58.00385203305271],[27.26267878456581,58.012845236689955],[27.271671988203057,58.012845236689955],[27.271671988203057,58.00385203305271],[27.26267878456581,58.00385203305271]]]}},{"type":"Feature","properties":{"jobs":0,"pop":17,"pointCount":2,"homeWorkCommuteMedian":32124,"workHomeCommuteMedian":-1},"geometry":{"type":"Polygon","coordinates":[[[27.26267878456581,58.11177047669966],[27.26267878456581,58.12076368033691],[27.271671988203057,58.12076368033691],[27.271671988203057,58.11177047669966],[27.26267878456581,58.11177047669966]]]}},{"type":"Feature","properties":{"jobs":22,"pop":0,"pointCount":1,"homeWorkCommuteMedian":-1,"workHomeCommuteMedian":40533},"geometry":{"type":"Polygon","coordinates":[[[27.26267878456581,58.1387500876114],[27.26267878456581,58.147743291248645],[27.271671988203057,58.147743291248645],[27.271671988203057,58.1387500876114],[27.26267878456581,58.1387500876114]]]}},{"type":"Feature","properties":{"jobs":0,"pop":8,"pointCount":1,"homeWorkCommuteMedian":42568,"workHomeCommuteMedian":-1},"geometry":{"type":"Polygon","coordinates":[[[27.26267878456581,58.192709309434875],[27.26267878456581,58.20170251307212],[27.271671988203057,58.20170251307212],[27.271671988203057,58.192709309434875],[27.26267878456581,58.192709309434875]]]}},{"type":"Feature","properties":{"jobs":5,"pop":0,"pointCount":1,"homeWorkCommuteMedian":-1,"workHomeCommuteMedian":25100},"geometry":{"type":"Polygon","coordinates":[[[27.26267878456581,58.20170251307212],[27.26267878456581,58.21069571670937],[27.271671988203057,58.21069571670937],[27.271671988203057,58.20170251307212],[27.26267878456581,58.20170251307212]]]}},{"type":"Feature","properties":{"jobs":12,"pop":14,"pointCount":1,"homeWorkCommuteMedian":31151,"workHomeCommuteMedian":25396},"geometry":{"type":"Polygon","coordinates":[[[27.26267878456581,58.21069571670937],[27.26267878456581,58.21968892034661],[27.271671988203057,58.21968892034661],[27.271671988203057,58.21069571670937],[27.26267878456581,58.21069571670937]]]}},{"type":"Feature","properties":{"jobs":0,"pop":6,"pointCount":1,"homeWorkCommuteMedian":38424,"workHomeCommuteMedian":-1},"geometry":{"type":"Polygon","coordinates":[[[27.26267878456581,58.26465493853284],[27.26267878456581,58.27364814217009],[27.271671988203057,58.27364814217009],[27.271671988203057,58.26465493853284],[27.26267878456581,58.26465493853284]]]}},{"type":"Feature","properties":{"jobs":2,"pop":8,"pointCount":2,"homeWorkCommuteMedian":64454,"workHomeCommuteMedian":7009},"geometry":{"type":"Polygon","coordinates":[[[27.271671988203057,57.98586562577822],[27.271671988203057,57.99485882941546],[27.280665191840303,57.99485882941546],[27.280665191840303,57.98586562577822],[27.271671988203057,57.98586562577822]]]}},{"type":"Feature","properties":{"jobs":3,"pop":0,"pointCount":1,"homeWorkCommuteMedian":-1,"workHomeCommuteMedian":10669},"geometry":{"type":"Polygon","coordinates":[[[27.271671988203057,58.00385203305271],[27.271671988203057,58.012845236689955],[27.280665191840303,58.012845236689955],[27.280665191840303,58.00385203305271],[27.271671988203057,58.00385203305271]]]}},{"type":"Feature","properties":{"jobs":0,"pop":8,"pointCount":1,"homeWorkCommuteMedian":18042,"workHomeCommuteMedian":-1},"geometry":{"type":"Polygon","coordinates":[[[27.271671988203057,58.06680445851343],[27.271671988203057,58.07579766215068],[27.280665191840303,58.07579766215068],[27.280665191840303,58.06680445851343],[27.271671988203057,58.06680445851343]]]}},{"type":"Feature","properties":{"jobs":9,"pop":0,"pointCount":1,"homeWorkCommuteMedian":-1,"workHomeCommuteMedian":76629},"geometry":{"type":"Polygon","coordinates":[[[27.271671988203057,58.12076368033691],[27.271671988203057,58.12975688397415],[27.280665191840303,58.12975688397415],[27.280665191840303,58.12076368033691],[27.271671988203057,58.12076368033691]]]}},{"type":"Feature","properties":{"jobs":0,"pop":4,"pointCount":1,"homeWorkCommuteMedian":15012,"workHomeCommuteMedian":-1},"geometry":{"type":"Polygon","coordinates":[[[27.271671988203057,58.147743291248645],[27.271671988203057,58.15673649488589],[27.280665191840303,58.15673649488589],[27.280665191840303,58.147743291248645],[27.271671988203057,58.147743291248645]]]}},{"type":"Feature","properties":{"jobs":2,"pop":0,"pointCount":1,"homeWorkCommuteMedian":-1,"workHomeCommuteMedian":37410},"geometry":{"type":"Polygon","coordinates":[[[27.271671988203057,58.327607363993565],[27.271671988203057,58.33660056763081],[27.280665191840303,58.33660056763081],[27.280665191840303,58.327607363993565],[27.271671988203057,58.327607363993565]]]}},{"type":"Feature","properties":{"jobs":0,"pop":10,"pointCount":1,"homeWorkCommuteMedian":43644,"workHomeCommuteMedian":-1},"geometry":{"type":"Polygon","coordinates":[[[27.280665191840303,58.20170251307212],[27.280665191840303,58.21069571670937],[27.28965839547755,58.21069571670937],[27.28965839547755,58.20170251307212],[27.280665191840303,58.20170251307212]]]}},{"type":"Feature","properties":{"jobs":0,"pop":11,"pointCount":1,"homeWorkCommuteMedian":30550,"workHomeCommuteMedian":-1},"geometry":{"type":"Polygon","coordinates":[[[27.280665191840303,58.31861416035632],[27.280665191840303,58.327607363993565],[27.28965839547755,58.327607363993565],[27.28965839547755,58.31861416035632],[27.280665191840303,58.31861416035632]]]}},{"type":"Feature","properties":{"jobs":0,"pop":15,"pointCount":2,"homeWorkCommuteMedian":67192,"workHomeCommuteMedian":-1},"geometry":{"type":"Polygon","coordinates":[[[27.28965839547755,58.012845236689955],[27.28965839547755,58.0218384403272],[27.298651599114795,58.0218384403272],[27.298651599114795,58.012845236689955],[27.28965839547755,58.012845236689955]]]}},{"type":"Feature","properties":{"jobs":0,"pop":5,"pointCount":1,"homeWorkCommuteMedian":18298,"workHomeCommuteMedian":-1},"geometry":{"type":"Polygon","coordinates":[[[27.28965839547755,58.03083164396445],[27.28965839547755,58.03982484760169],[27.298651599114795,58.03982484760169],[27.298651599114795,58.03083164396445],[27.28965839547755,58.03083164396445]]]}},{"type":"Feature","properties":{"jobs":38,"pop":73,"pointCount":5,"homeWorkCommuteMedian":12631,"workHomeCommuteMedian":21174},"geometry":{"type":"Polygon","coordinates":[[[27.28965839547755,58.03982484760169],[27.28965839547755,58.04881805123894],[27.298651599114795,58.04881805123894],[27.298651599114795,58.03982484760169],[27.28965839547755,58.03982484760169]]]}},{"type":"Feature","properties":{"jobs":16,"pop":0,"pointCount":1,"homeWorkCommuteMedian":-1,"workHomeCommuteMedian":14978},"geometry":{"type":"Polygon","coordinates":[[[27.28965839547755,58.04881805123894],[27.28965839547755,58.057811254876185],[27.298651599114795,58.057811254876185],[27.298651599114795,58.04881805123894],[27.28965839547755,58.04881805123894]]]}},{"type":"Feature","properties":{"jobs":0,"pop":6,"pointCount":1,"homeWorkCommuteMedian":19803,"workHomeCommuteMedian":-1},"geometry":{"type":"Polygon","coordinates":[[[27.28965839547755,58.057811254876185],[27.28965839547755,58.06680445851343],[27.298651599114795,58.06680445851343],[27.298651599114795,58.057811254876185],[27.28965839547755,58.057811254876185]]]}},{"type":"Feature","properties":{"jobs":1,"pop":0,"pointCount":1,"homeWorkCommuteMedian":-1,"workHomeCommuteMedian":15012},"geometry":{"type":"Polygon","coordinates":[[[27.28965839547755,58.2556617348956],[27.28965839547755,58.26465493853284],[27.298651599114795,58.26465493853284],[27.298651599114795,58.2556617348956],[27.28965839547755,58.2556617348956]]]}},{"type":"Feature","properties":{"jobs":0,"pop":10,"pointCount":1,"homeWorkCommuteMedian":28893,"workHomeCommuteMedian":-1},"geometry":{"type":"Polygon","coordinates":[[[27.28965839547755,58.282641345807335],[27.28965839547755,58.29163454944458],[27.298651599114795,58.29163454944458],[27.298651599114795,58.282641345807335],[27.28965839547755,58.282641345807335]]]}},{"type":"Feature","properties":{"jobs":3,"pop":11,"pointCount":2,"homeWorkCommuteMedian":17508,"workHomeCommuteMedian":27004},"geometry":{"type":"Polygon","coordinates":[[[27.298651599114795,58.0218384403272],[27.298651599114795,58.03083164396445],[27.30764480275204,58.03083164396445],[27.30764480275204,58.0218384403272],[27.298651599114795,58.0218384403272]]]}},{"type":"Feature","properties":{"jobs":0,"pop":6,"pointCount":1,"homeWorkCommuteMedian":13473,"workHomeCommuteMedian":-1},"geometry":{"type":"Polygon","coordinates":[[[27.298651599114795,58.03982484760169],[27.298651599114795,58.04881805123894],[27.30764480275204,58.04881805123894],[27.30764480275204,58.03982484760169],[27.298651599114795,58.03982484760169]]]}},{"type":"Feature","properties":{"jobs":5,"pop":0,"pointCount":1,"homeWorkCommuteMedian":-1,"workHomeCommuteMedian":60419},"geometry":{"type":"Polygon","coordinates":[[[27.298651599114795,58.057811254876185],[27.298651599114795,58.06680445851343],[27.30764480275204,58.06680445851343],[27.30764480275204,58.057811254876185],[27.298651599114795,58.057811254876185]]]}},{"type":"Feature","properties":{"jobs":0,"pop":6,"pointCount":1,"homeWorkCommuteMedian":16821,"workHomeCommuteMedian":-1},"geometry":{"type":"Polygon","coordinates":[[[27.298651599114795,58.07579766215068],[27.298651599114795,58.08479086578792],[27.30764480275204,58.08479086578792],[27.30764480275204,58.07579766215068],[27.298651599114795,58.07579766215068]]]}},{"type":"Feature","properties":{"jobs":0,"pop":7,"pointCount":1,"homeWorkCommuteMedian":46330,"workHomeCommuteMedian":-1},"geometry":{"type":"Polygon","coordinates":[[[27.298651599114795,58.24666853125835],[27.298651599114795,58.2556617348956],[27.30764480275204,58.2556617348956],[27.30764480275204,58.24666853125835],[27.298651599114795,58.24666853125835]]]}},{"type":"Feature","properties":{"jobs":13,"pop":0,"pointCount":2,"homeWorkCommuteMedian":-1,"workHomeCommuteMedian":47048},"geometry":{"type":"Polygon","coordinates":[[[27.298651599114795,58.26465493853284],[27.298651599114795,58.27364814217009],[27.30764480275204,58.27364814217009],[27.30764480275204,58.26465493853284],[27.298651599114795,58.26465493853284]]]}},{"type":"Feature","properties":{"jobs":0,"pop":5,"pointCount":1,"homeWorkCommuteMedian":69784,"workHomeCommuteMedian":-1},"geometry":{"type":"Polygon","coordinates":[[[27.30764480275204,58.00385203305271],[27.30764480275204,58.012845236689955],[27.316638006389287,58.012845236689955],[27.316638006389287,58.00385203305271],[27.30764480275204,58.00385203305271]]]}},{"type":"Feature","properties":{"jobs":8,"pop":12,"pointCount":1,"homeWorkCommuteMedian":61201,"workHomeCommuteMedian":10375},"geometry":{"type":"Polygon","coordinates":[[[27.30764480275204,58.057811254876185],[27.30764480275204,58.06680445851343],[27.316638006389287,58.06680445851343],[27.316638006389287,58.057811254876185],[27.30764480275204,58.057811254876185]]]}},{"type":"Feature","properties":{"jobs":27,"pop":11,"pointCount":2,"homeWorkCommuteMedian":22231,"workHomeCommuteMedian":31470},"geometry":{"type":"Polygon","coordinates":[[[27.30764480275204,58.26465493853284],[27.30764480275204,58.27364814217009],[27.316638006389287,58.27364814217009],[27.316638006389287,58.26465493853284],[27.30764480275204,58.26465493853284]]]}},{"type":"Feature","properties":{"jobs":76,"pop":0,"pointCount":1,"homeWorkCommuteMedian":-1,"workHomeCommuteMedian":38890},"geometry":{"type":"Polygon","coordinates":[[[27.316638006389287,57.93190640395474],[27.316638006389287,57.94089960759199],[27.325631210026533,57.94089960759199],[27.325631210026533,57.93190640395474],[27.316638006389287,57.93190640395474]]]}},{"type":"Feature","properties":{"jobs":8,"pop":0,"pointCount":1,"homeWorkCommuteMedian":-1,"workHomeCommuteMedian":42315},"geometry":{"type":"Polygon","coordinates":[[[27.316638006389287,57.98586562577822],[27.316638006389287,57.99485882941546],[27.325631210026533,57.99485882941546],[27.325631210026533,57.98586562577822],[27.316638006389287,57.98586562577822]]]}},{"type":"Feature","properties":{"jobs":0,"pop":7,"pointCount":1,"homeWorkCommuteMedian":54334,"workHomeCommuteMedian":-1},"geometry":{"type":"Polygon","coordinates":[[[27.316638006389287,58.09378406942517],[27.316638006389287,58.102777273062415],[27.325631210026533,58.102777273062415],[27.325631210026533,58.09378406942517],[27.316638006389287,58.09378406942517]]]}},{"type":"Feature","properties":{"jobs":7,"pop":0,"pointCount":1,"homeWorkCommuteMedian":-1,"workHomeCommuteMedian":27318},"geometry":{"type":"Polygon","coordinates":[[[27.316638006389287,58.192709309434875],[27.316638006389287,58.20170251307212],[27.325631210026533,58.20170251307212],[27.325631210026533,58.192709309434875],[27.316638006389287,58.192709309434875]]]}},{"type":"Feature","properties":{"jobs":2,"pop":0,"pointCount":1,"homeWorkCommuteMedian":-1,"workHomeCommuteMedian":36043},"geometry":{"type":"Polygon","coordinates":[[[27.316638006389287,58.21968892034661],[27.316638006389287,58.22868212398386],[27.325631210026533,58.22868212398386],[27.325631210026533,58.21968892034661],[27.316638006389287,58.21968892034661]]]}},{"type":"Feature","properties":{"jobs":0,"pop":4,"pointCount":1,"homeWorkCommuteMedian":42970,"workHomeCommuteMedian":-1},"geometry":{"type":"Polygon","coordinates":[[[27.316638006389287,58.22868212398386],[27.316638006389287,58.237675327621105],[27.325631210026533,58.237675327621105],[27.325631210026533,58.22868212398386],[27.316638006389287,58.22868212398386]]]}},{"type":"Feature","properties":{"jobs":26,"pop":23,"pointCount":4,"homeWorkCommuteMedian":69201,"workHomeCommuteMedian":11164},"geometry":{"type":"Polygon","coordinates":[[[27.325631210026533,57.98586562577822],[27.325631210026533,57.99485882941546],[27.33462441366378,57.99485882941546],[27.33462441366378,57.98586562577822],[27.325631210026533,57.98586562577822]]]}},{"type":"Feature","properties":{"jobs":0,"pop":17,"pointCount":1,"homeWorkCommuteMedian":24083,"workHomeCommuteMedian":-1},"geometry":{"type":"Polygon","coordinates":[[[27.325631210026533,57.99485882941546],[27.325631210026533,58.00385203305271],[27.33462441366378,58.00385203305271],[27.33462441366378,57.99485882941546],[27.325631210026533,57.99485882941546]]]}},{"type":"Feature","properties":{"jobs":0,"pop":1,"pointCount":1,"homeWorkCommuteMedian":13516,"workHomeCommuteMedian":-1},"geometry":{"type":"Polygon","coordinates":[[[27.325631210026533,58.00385203305271],[27.325631210026533,58.012845236689955],[27.33462441366378,58.012845236689955],[27.33462441366378,58.00385203305271],[27.325631210026533,58.00385203305271]]]}},{"type":"Feature","properties":{"jobs":0,"pop":8,"pointCount":1,"homeWorkCommuteMedian":10982,"workHomeCommuteMedian":-1},"geometry":{"type":"Polygon","coordinates":[[[27.325631210026533,58.07579766215068],[27.325631210026533,58.08479086578792],[27.33462441366378,58.08479086578792],[27.33462441366378,58.07579766215068],[27.325631210026533,58.07579766215068]]]}},{"type":"Feature","properties":{"jobs":0,"pop":10,"pointCount":1,"homeWorkCommuteMedian":35353,"workHomeCommuteMedian":-1},"geometry":{"type":"Polygon","coordinates":[[[27.325631210026533,58.08479086578792],[27.325631210026533,58.09378406942517],[27.33462441366378,58.09378406942517],[27.33462441366378,58.08479086578792],[27.325631210026533,58.08479086578792]]]}},{"type":"Feature","properties":{"jobs":62,"pop":8,"pointCount":5,"homeWorkCommuteMedian":69221,"workHomeCommuteMedian":15687},"geometry":{"type":"Polygon","coordinates":[[[27.33462441366378,57.98586562577822],[27.33462441366378,57.99485882941546],[27.343617617301025,57.99485882941546],[27.343617617301025,57.98586562577822],[27.33462441366378,57.98586562577822]]]}},{"type":"Feature","properties":{"jobs":0,"pop":30,"pointCount":2,"homeWorkCommuteMedian":69513,"workHomeCommuteMedian":-1},"geometry":{"type":"Polygon","coordinates":[[[27.33462441366378,58.00385203305271],[27.33462441366378,58.012845236689955],[27.343617617301025,58.012845236689955],[27.343617617301025,58.00385203305271],[27.33462441366378,58.00385203305271]]]}},{"type":"Feature","properties":{"jobs":1,"pop":0,"pointCount":1,"homeWorkCommuteMedian":-1,"workHomeCommuteMedian":6132},"geometry":{"type":"Polygon","coordinates":[[[27.33462441366378,58.012845236689955],[27.33462441366378,58.0218384403272],[27.343617617301025,58.0218384403272],[27.343617617301025,58.012845236689955],[27.33462441366378,58.012845236689955]]]}},{"type":"Feature","properties":{"jobs":32,"pop":29,"pointCount":3,"homeWorkCommuteMedian":7872,"workHomeCommuteMedian":34241},"geometry":{"type":"Polygon","coordinates":[[[27.33462441366378,58.08479086578792],[27.33462441366378,58.09378406942517],[27.343617617301025,58.09378406942517],[27.343617617301025,58.08479086578792],[27.33462441366378,58.08479086578792]]]}},{"type":"Feature","properties":{"jobs":0,"pop":10,"pointCount":1,"homeWorkCommuteMedian":82645,"workHomeCommuteMedian":-1},"geometry":{"type":"Polygon","coordinates":[[[27.33462441366378,58.12076368033691],[27.33462441366378,58.12975688397415],[27.343617617301025,58.12975688397415],[27.343617617301025,58.12076368033691],[27.33462441366378,58.12076368033691]]]}},{"type":"Feature","properties":{"jobs":9,"pop":4,"pointCount":2,"homeWorkCommuteMedian":5863,"workHomeCommuteMedian":24896},"geometry":{"type":"Polygon","coordinates":[[[27.343617617301025,57.94989281122923],[27.343617617301025,57.95888601486648],[27.35261082093827,57.95888601486648],[27.35261082093827,57.94989281122923],[27.343617617301025,57.94989281122923]]]}},{"type":"Feature","properties":{"jobs":0,"pop":19,"pointCount":1,"homeWorkCommuteMedian":68495,"workHomeCommuteMedian":-1},"geometry":{"type":"Polygon","coordinates":[[[27.343617617301025,57.967879218503725],[27.343617617301025,57.97687242214097],[27.35261082093827,57.97687242214097],[27.35261082093827,57.967879218503725],[27.343617617301025,57.967879218503725]]]}},{"type":"Feature","properties":{"jobs":0,"pop":10,"pointCount":1,"homeWorkCommuteMedian":15882,"workHomeCommuteMedian":-1},"geometry":{"type":"Polygon","coordinates":[[[27.343617617301025,57.97687242214097],[27.343617617301025,57.98586562577822],[27.35261082093827,57.98586562577822],[27.35261082093827,57.97687242214097],[27.343617617301025,57.97687242214097]]]}},{"type":"Feature","properties":{"jobs":40,"pop":0,"pointCount":2,"homeWorkCommuteMedian":-1,"workHomeCommuteMedian":15886},"geometry":{"type":"Polygon","coordinates":[[[27.343617617301025,57.98586562577822],[27.343617617301025,57.99485882941546],[27.35261082093827,57.99485882941546],[27.35261082093827,57.98586562577822],[27.343617617301025,57.98586562577822]]]}},{"type":"Feature","properties":{"jobs":11,"pop":53,"pointCount":2,"homeWorkCommuteMedian":36043,"workHomeCommuteMedian":22449},"geometry":{"type":"Polygon","coordinates":[[[27.343617617301025,57.99485882941546],[27.343617617301025,58.00385203305271],[27.35261082093827,58.00385203305271],[27.35261082093827,57.99485882941546],[27.343617617301025,57.99485882941546]]]}},{"type":"Feature","properties":{"jobs":0,"pop":43,"pointCount":3,"homeWorkCommuteMedian":26638,"workHomeCommuteMedian":-1},"geometry":{"type":"Polygon","coordinates":[[[27.343617617301025,58.00385203305271],[27.343617617301025,58.012845236689955],[27.35261082093827,58.012845236689955],[27.35261082093827,58.00385203305271],[27.343617617301025,58.00385203305271]]]}},{"type":"Feature","properties":{"jobs":0,"pop":14,"pointCount":2,"homeWorkCommuteMedian":72099,"workHomeCommuteMedian":-1},"geometry":{"type":"Polygon","coordinates":[[[27.343617617301025,58.012845236689955],[27.343617617301025,58.0218384403272],[27.35261082093827,58.0218384403272],[27.35261082093827,58.012845236689955],[27.343617617301025,58.012845236689955]]]}},{"type":"Feature","properties":{"jobs":3,"pop":0,"pointCount":1,"homeWorkCommuteMedian":-1,"workHomeCommuteMedian":5024},"geometry":{"type":"Polygon","coordinates":[[[27.343617617301025,58.102777273062415],[27.343617617301025,58.11177047669966],[27.35261082093827,58.11177047669966],[27.35261082093827,58.102777273062415],[27.343617617301025,58.102777273062415]]]}},{"type":"Feature","properties":{"jobs":0,"pop":6,"pointCount":1,"homeWorkCommuteMedian":55231,"workHomeCommuteMedian":-1},"geometry":{"type":"Polygon","coordinates":[[[27.343617617301025,58.11177047669966],[27.343617617301025,58.12076368033691],[27.35261082093827,58.12076368033691],[27.35261082093827,58.11177047669966],[27.343617617301025,58.11177047669966]]]}},{"type":"Feature","properties":{"jobs":2,"pop":3,"pointCount":1,"homeWorkCommuteMedian":64433,"workHomeCommuteMedian":64805},"geometry":{"type":"Polygon","coordinates":[[[27.343617617301025,58.39055978945429],[27.343617617301025,58.39955299309153],[27.35261082093827,58.39955299309153],[27.35261082093827,58.39055978945429],[27.343617617301025,58.39055978945429]]]}},{"type":"Feature","properties":{"jobs":6,"pop":0,"pointCount":1,"homeWorkCommuteMedian":-1,"workHomeCommuteMedian":13473},"geometry":{"type":"Polygon","coordinates":[[[27.35261082093827,57.967879218503725],[27.35261082093827,57.97687242214097],[27.361604024575517,57.97687242214097],[27.361604024575517,57.967879218503725],[27.35261082093827,57.967879218503725]]]}},{"type":"Feature","properties":{"jobs":31,"pop":34,"pointCount":6,"homeWorkCommuteMedian":22881,"workHomeCommuteMedian":13591},"geometry":{"type":"Polygon","coordinates":[[[27.35261082093827,58.00385203305271],[27.35261082093827,58.012845236689955],[27.361604024575517,58.012845236689955],[27.361604024575517,58.00385203305271],[27.35261082093827,58.00385203305271]]]}},{"type":"Feature","properties":{"jobs":5,"pop":7,"pointCount":2,"homeWorkCommuteMedian":77462,"workHomeCommuteMedian":3185},"geometry":{"type":"Polygon","coordinates":[[[27.35261082093827,58.057811254876185],[27.35261082093827,58.06680445851343],[27.361604024575517,58.06680445851343],[27.361604024575517,58.057811254876185],[27.35261082093827,58.057811254876185]]]}},{"type":"Feature","properties":{"jobs":1,"pop":3,"pointCount":2,"homeWorkCommuteMedian":51332,"workHomeCommuteMedian":47980},"geometry":{"type":"Polygon","coordinates":[[[27.35261082093827,58.26465493853284],[27.35261082093827,58.27364814217009],[27.361604024575517,58.27364814217009],[27.361604024575517,58.26465493853284],[27.35261082093827,58.26465493853284]]]}},{"type":"Feature","properties":{"jobs":0,"pop":6,"pointCount":1,"homeWorkCommuteMedian":12528,"workHomeCommuteMedian":-1},"geometry":{"type":"Polygon","coordinates":[[[27.361604024575517,57.99485882941546],[27.361604024575517,58.00385203305271],[27.370597228212763,58.00385203305271],[27.370597228212763,57.99485882941546],[27.361604024575517,57.99485882941546]]]}},{"type":"Feature","properties":{"jobs":0,"pop":11,"pointCount":1,"homeWorkCommuteMedian":4308,"workHomeCommuteMedian":-1},"geometry":{"type":"Polygon","coordinates":[[[27.361604024575517,58.012845236689955],[27.361604024575517,58.0218384403272],[27.370597228212763,58.0218384403272],[27.370597228212763,58.012845236689955],[27.361604024575517,58.012845236689955]]]}},{"type":"Feature","properties":{"jobs":0,"pop":8,"pointCount":1,"homeWorkCommuteMedian":7729,"workHomeCommuteMedian":-1},"geometry":{"type":"Polygon","coordinates":[[[27.361604024575517,58.0218384403272],[27.361604024575517,58.03083164396445],[27.370597228212763,58.03083164396445],[27.370597228212763,58.0218384403272],[27.361604024575517,58.0218384403272]]]}},{"type":"Feature","properties":{"jobs":0,"pop":7,"pointCount":1,"homeWorkCommuteMedian":64372,"workHomeCommuteMedian":-1},"geometry":{"type":"Polygon","coordinates":[[[27.361604024575517,58.03083164396445],[27.361604024575517,58.03982484760169],[27.370597228212763,58.03982484760169],[27.370597228212763,58.03083164396445],[27.361604024575517,58.03083164396445]]]}},{"type":"Feature","properties":{"jobs":0,"pop":7,"pointCount":1,"homeWorkCommuteMedian":57387,"workHomeCommuteMedian":-1},"geometry":{"type":"Polygon","coordinates":[[[27.361604024575517,58.057811254876185],[27.361604024575517,58.06680445851343],[27.370597228212763,58.06680445851343],[27.370597228212763,58.057811254876185],[27.361604024575517,58.057811254876185]]]}},{"type":"Feature","properties":{"jobs":4,"pop":0,"pointCount":1,"homeWorkCommuteMedian":-1,"workHomeCommuteMedian":7868},"geometry":{"type":"Polygon","coordinates":[[[27.361604024575517,58.07579766215068],[27.361604024575517,58.08479086578792],[27.370597228212763,58.08479086578792],[27.370597228212763,58.07579766215068],[27.361604024575517,58.07579766215068]]]}},{"type":"Feature","properties":{"jobs":5,"pop":0,"pointCount":1,"homeWorkCommuteMedian":-1,"workHomeCommuteMedian":24083},"geometry":{"type":"Polygon","coordinates":[[[27.361604024575517,58.15673649488589],[27.361604024575517,58.16572969852314],[27.370597228212763,58.16572969852314],[27.370597228212763,58.15673649488589],[27.361604024575517,58.15673649488589]]]}},{"type":"Feature","properties":{"jobs":10,"pop":6,"pointCount":2,"homeWorkCommuteMedian":64130,"workHomeCommuteMedian":59682},"geometry":{"type":"Polygon","coordinates":[[[27.361604024575517,58.38156658581704],[27.361604024575517,58.39055978945429],[27.370597228212763,58.39055978945429],[27.370597228212763,58.38156658581704],[27.361604024575517,58.38156658581704]]]}},{"type":"Feature","properties":{"jobs":0,"pop":13,"pointCount":1,"homeWorkCommuteMedian":72206,"workHomeCommuteMedian":-1},"geometry":{"type":"Polygon","coordinates":[[[27.370597228212763,57.97687242214097],[27.370597228212763,57.98586562577822],[27.37959043185001,57.98586562577822],[27.37959043185001,57.97687242214097],[27.370597228212763,57.97687242214097]]]}},{"type":"Feature","properties":{"jobs":0,"pop":6,"pointCount":1,"homeWorkCommuteMedian":16739,"workHomeCommuteMedian":-1},"geometry":{"type":"Polygon","coordinates":[[[27.370597228212763,57.99485882941546],[27.370597228212763,58.00385203305271],[27.37959043185001,58.00385203305271],[27.37959043185001,57.99485882941546],[27.370597228212763,57.99485882941546]]]}},{"type":"Feature","properties":{"jobs":13,"pop":0,"pointCount":2,"homeWorkCommuteMedian":-1,"workHomeCommuteMedian":66359},"geometry":{"type":"Polygon","coordinates":[[[27.370597228212763,58.012845236689955],[27.370597228212763,58.0218384403272],[27.37959043185001,58.0218384403272],[27.37959043185001,58.012845236689955],[27.370597228212763,58.012845236689955]]]}},{"type":"Feature","properties":{"jobs":0,"pop":11,"pointCount":2,"homeWorkCommuteMedian":72090,"workHomeCommuteMedian":-1},"geometry":{"type":"Polygon","coordinates":[[[27.370597228212763,58.0218384403272],[27.370597228212763,58.03083164396445],[27.37959043185001,58.03083164396445],[27.37959043185001,58.0218384403272],[27.370597228212763,58.0218384403272]]]}},{"type":"Feature","properties":{"jobs":0,"pop":18,"pointCount":1,"homeWorkCommuteMedian":58302,"workHomeCommuteMedian":-1},"geometry":{"type":"Polygon","coordinates":[[[27.370597228212763,58.07579766215068],[27.370597228212763,58.08479086578792],[27.37959043185001,58.08479086578792],[27.37959043185001,58.07579766215068],[27.370597228212763,58.07579766215068]]]}},{"type":"Feature","properties":{"jobs":0,"pop":45,"pointCount":1,"homeWorkCommuteMedian":59715,"workHomeCommuteMedian":-1},"geometry":{"type":"Polygon","coordinates":[[[27.370597228212763,58.147743291248645],[27.370597228212763,58.15673649488589],[27.37959043185001,58.15673649488589],[27.37959043185001,58.147743291248645],[27.370597228212763,58.147743291248645]]]}},{"type":"Feature","properties":{"jobs":0,"pop":8,"pointCount":1,"homeWorkCommuteMedian":18758,"workHomeCommuteMedian":-1},"geometry":{"type":"Polygon","coordinates":[[[27.370597228212763,58.22868212398386],[27.370597228212763,58.237675327621105],[27.37959043185001,58.237675327621105],[27.37959043185001,58.22868212398386],[27.370597228212763,58.22868212398386]]]}},{"type":"Feature","properties":{"jobs":3,"pop":0,"pointCount":1,"homeWorkCommuteMedian":-1,"workHomeCommuteMedian":8629},"geometry":{"type":"Polygon","coordinates":[[[27.37959043185001,57.97687242214097],[27.37959043185001,57.98586562577822],[27.388583635487254,57.98586562577822],[27.388583635487254,57.97687242214097],[27.37959043185001,57.97687242214097]]]}},{"type":"Feature","properties":{"jobs":0,"pop":7,"pointCount":1,"homeWorkCommuteMedian":10062,"workHomeCommuteMedian":-1},"geometry":{"type":"Polygon","coordinates":[[[27.37959043185001,58.0218384403272],[27.37959043185001,58.03083164396445],[27.388583635487254,58.03083164396445],[27.388583635487254,58.0218384403272],[27.37959043185001,58.0218384403272]]]}},{"type":"Feature","properties":{"jobs":1,"pop":0,"pointCount":1,"homeWorkCommuteMedian":-1,"workHomeCommuteMedian":30641},"geometry":{"type":"Polygon","coordinates":[[[27.37959043185001,58.03982484760169],[27.37959043185001,58.04881805123894],[27.388583635487254,58.04881805123894],[27.388583635487254,58.03982484760169],[27.37959043185001,58.03982484760169]]]}},{"type":"Feature","properties":{"jobs":0,"pop":51,"pointCount":1,"homeWorkCommuteMedian":60019,"workHomeCommuteMedian":-1},"geometry":{"type":"Polygon","coordinates":[[[27.37959043185001,58.06680445851343],[27.37959043185001,58.07579766215068],[27.388583635487254,58.07579766215068],[27.388583635487254,58.06680445851343],[27.37959043185001,58.06680445851343]]]}},{"type":"Feature","properties":{"jobs":0,"pop":8,"pointCount":1,"homeWorkCommuteMedian":58671,"workHomeCommuteMedian":-1},"geometry":{"type":"Polygon","coordinates":[[[27.37959043185001,58.09378406942517],[27.37959043185001,58.102777273062415],[27.388583635487254,58.102777273062415],[27.388583635487254,58.09378406942517],[27.37959043185001,58.09378406942517]]]}},{"type":"Feature","properties":{"jobs":22,"pop":11,"pointCount":3,"homeWorkCommuteMedian":60523,"workHomeCommuteMedian":7659},"geometry":{"type":"Polygon","coordinates":[[[27.37959043185001,58.102777273062415],[27.37959043185001,58.11177047669966],[27.388583635487254,58.11177047669966],[27.388583635487254,58.102777273062415],[27.37959043185001,58.102777273062415]]]}},{"type":"Feature","properties":{"jobs":0,"pop":16,"pointCount":2,"homeWorkCommuteMedian":7972,"workHomeCommuteMedian":-1},"geometry":{"type":"Polygon","coordinates":[[[27.37959043185001,58.12975688397415],[27.37959043185001,58.1387500876114],[27.388583635487254,58.1387500876114],[27.388583635487254,58.12975688397415],[27.37959043185001,58.12975688397415]]]}},{"type":"Feature","properties":{"jobs":0,"pop":5,"pointCount":1,"homeWorkCommuteMedian":57706,"workHomeCommuteMedian":-1},"geometry":{"type":"Polygon","coordinates":[[[27.37959043185001,58.1387500876114],[27.37959043185001,58.147743291248645],[27.388583635487254,58.147743291248645],[27.388583635487254,58.1387500876114],[27.37959043185001,58.1387500876114]]]}},{"type":"Feature","properties":{"jobs":0,"pop":16,"pointCount":1,"homeWorkCommuteMedian":57024,"workHomeCommuteMedian":-1},"geometry":{"type":"Polygon","coordinates":[[[27.37959043185001,58.22868212398386],[27.37959043185001,58.237675327621105],[27.388583635487254,58.237675327621105],[27.388583635487254,58.22868212398386],[27.37959043185001,58.22868212398386]]]}},{"type":"Feature","properties":{"jobs":0,"pop":10,"pointCount":1,"homeWorkCommuteMedian":64981,"workHomeCommuteMedian":-1},"geometry":{"type":"Polygon","coordinates":[[[27.388583635487254,58.03083164396445],[27.388583635487254,58.03982484760169],[27.3975768391245,58.03982484760169],[27.3975768391245,58.03083164396445],[27.388583635487254,58.03083164396445]]]}},{"type":"Feature","properties":{"jobs":9,"pop":0,"pointCount":1,"homeWorkCommuteMedian":-1,"workHomeCommuteMedian":7568},"geometry":{"type":"Polygon","coordinates":[[[27.388583635487254,58.102777273062415],[27.388583635487254,58.11177047669966],[27.3975768391245,58.11177047669966],[27.3975768391245,58.102777273062415],[27.388583635487254,58.102777273062415]]]}},{"type":"Feature","properties":{"jobs":10,"pop":0,"pointCount":1,"homeWorkCommuteMedian":-1,"workHomeCommuteMedian":7341},"geometry":{"type":"Polygon","coordinates":[[[27.388583635487254,58.12975688397415],[27.388583635487254,58.1387500876114],[27.3975768391245,58.1387500876114],[27.3975768391245,58.12975688397415],[27.388583635487254,58.12975688397415]]]}},{"type":"Feature","properties":{"jobs":0,"pop":6,"pointCount":1,"homeWorkCommuteMedian":22258,"workHomeCommuteMedian":-1},"geometry":{"type":"Polygon","coordinates":[[[27.388583635487254,58.147743291248645],[27.388583635487254,58.15673649488589],[27.3975768391245,58.15673649488589],[27.3975768391245,58.147743291248645],[27.388583635487254,58.147743291248645]]]}},{"type":"Feature","properties":{"jobs":0,"pop":8,"pointCount":1,"homeWorkCommuteMedian":58526,"workHomeCommuteMedian":-1},"geometry":{"type":"Polygon","coordinates":[[[27.388583635487254,58.16572969852314],[27.388583635487254,58.17472290216038],[27.3975768391245,58.17472290216038],[27.3975768391245,58.16572969852314],[27.388583635487254,58.16572969852314]]]}},{"type":"Feature","properties":{"jobs":19,"pop":0,"pointCount":2,"homeWorkCommuteMedian":-1,"workHomeCommuteMedian":17126},"geometry":{"type":"Polygon","coordinates":[[[27.388583635487254,58.22868212398386],[27.388583635487254,58.237675327621105],[27.3975768391245,58.237675327621105],[27.3975768391245,58.22868212398386],[27.388583635487254,58.22868212398386]]]}},{"type":"Feature","properties":{"jobs":0,"pop":5,"pointCount":1,"homeWorkCommuteMedian":73261,"workHomeCommuteMedian":-1},"geometry":{"type":"Polygon","coordinates":[[[27.3975768391245,58.012845236689955],[27.3975768391245,58.0218384403272],[27.406570042761746,58.0218384403272],[27.406570042761746,58.012845236689955],[27.3975768391245,58.012845236689955]]]}},{"type":"Feature","properties":{"jobs":5,"pop":0,"pointCount":1,"homeWorkCommuteMedian":-1,"workHomeCommuteMedian":6708},"geometry":{"type":"Polygon","coordinates":[[[27.3975768391245,58.0218384403272],[27.3975768391245,58.03083164396445],[27.406570042761746,58.03083164396445],[27.406570042761746,58.0218384403272],[27.3975768391245,58.0218384403272]]]}},{"type":"Feature","properties":{"jobs":8,"pop":0,"pointCount":1,"homeWorkCommuteMedian":-1,"workHomeCommuteMedian":59897},"geometry":{"type":"Polygon","coordinates":[[[27.3975768391245,58.03083164396445],[27.3975768391245,58.03982484760169],[27.406570042761746,58.03982484760169],[27.406570042761746,58.03083164396445],[27.3975768391245,58.03083164396445]]]}},{"type":"Feature","properties":{"jobs":0,"pop":7,"pointCount":1,"homeWorkCommuteMedian":21315,"workHomeCommuteMedian":-1},"geometry":{"type":"Polygon","coordinates":[[[27.3975768391245,58.07579766215068],[27.3975768391245,58.08479086578792],[27.406570042761746,58.08479086578792],[27.406570042761746,58.07579766215068],[27.3975768391245,58.07579766215068]]]}},{"type":"Feature","properties":{"jobs":0,"pop":20,"pointCount":1,"homeWorkCommuteMedian":54928,"workHomeCommuteMedian":-1},"geometry":{"type":"Polygon","coordinates":[[[27.3975768391245,58.16572969852314],[27.3975768391245,58.17472290216038],[27.406570042761746,58.17472290216038],[27.406570042761746,58.16572969852314],[27.3975768391245,58.16572969852314]]]}},{"type":"Feature","properties":{"jobs":0,"pop":5,"pointCount":1,"homeWorkCommuteMedian":52437,"workHomeCommuteMedian":-1},"geometry":{"type":"Polygon","coordinates":[[[27.3975768391245,58.21968892034661],[27.3975768391245,58.22868212398386],[27.406570042761746,58.22868212398386],[27.406570042761746,58.21968892034661],[27.3975768391245,58.21968892034661]]]}},{"type":"Feature","properties":{"jobs":0,"pop":25,"pointCount":1,"homeWorkCommuteMedian":67733,"workHomeCommuteMedian":-1},"geometry":{"type":"Polygon","coordinates":[[[27.406570042761746,58.06680445851343],[27.406570042761746,58.07579766215068],[27.415563246398992,58.07579766215068],[27.415563246398992,58.06680445851343],[27.406570042761746,58.06680445851343]]]}},{"type":"Feature","properties":{"jobs":0,"pop":8,"pointCount":1,"homeWorkCommuteMedian":66603,"workHomeCommuteMedian":-1},"geometry":{"type":"Polygon","coordinates":[[[27.406570042761746,58.07579766215068],[27.406570042761746,58.08479086578792],[27.415563246398992,58.08479086578792],[27.415563246398992,58.07579766215068],[27.406570042761746,58.07579766215068]]]}},{"type":"Feature","properties":{"jobs":0,"pop":6,"pointCount":1,"homeWorkCommuteMedian":46768,"workHomeCommuteMedian":-1},"geometry":{"type":"Polygon","coordinates":[[[27.406570042761746,58.08479086578792],[27.406570042761746,58.09378406942517],[27.415563246398992,58.09378406942517],[27.415563246398992,58.08479086578792],[27.406570042761746,58.08479086578792]]]}},{"type":"Feature","properties":{"jobs":0,"pop":5,"pointCount":1,"homeWorkCommuteMedian":35580,"workHomeCommuteMedian":-1},"geometry":{"type":"Polygon","coordinates":[[[27.406570042761746,58.1387500876114],[27.406570042761746,58.147743291248645],[27.415563246398992,58.147743291248645],[27.415563246398992,58.1387500876114],[27.406570042761746,58.1387500876114]]]}},{"type":"Feature","properties":{"jobs":17,"pop":0,"pointCount":1,"homeWorkCommuteMedian":-1,"workHomeCommuteMedian":10923},"geometry":{"type":"Polygon","coordinates":[[[27.406570042761746,58.16572969852314],[27.406570042761746,58.17472290216038],[27.415563246398992,58.17472290216038],[27.415563246398992,58.16572969852314],[27.406570042761746,58.16572969852314]]]}},{"type":"Feature","properties":{"jobs":7,"pop":12,"pointCount":2,"homeWorkCommuteMedian":59143,"workHomeCommuteMedian":60394},"geometry":{"type":"Polygon","coordinates":[[[27.406570042761746,58.27364814217009],[27.406570042761746,58.282641345807335],[27.415563246398992,58.282641345807335],[27.415563246398992,58.27364814217009],[27.406570042761746,58.27364814217009]]]}},{"type":"Feature","properties":{"jobs":16,"pop":6,"pointCount":2,"homeWorkCommuteMedian":69788,"workHomeCommuteMedian":56479},"geometry":{"type":"Polygon","coordinates":[[[27.406570042761746,58.33660056763081],[27.406570042761746,58.34559377126806],[27.415563246398992,58.34559377126806],[27.415563246398992,58.33660056763081],[27.406570042761746,58.33660056763081]]]}},{"type":"Feature","properties":{"jobs":11,"pop":0,"pointCount":1,"homeWorkCommuteMedian":-1,"workHomeCommuteMedian":26294},"geometry":{"type":"Polygon","coordinates":[[[27.415563246398992,58.06680445851343],[27.415563246398992,58.07579766215068],[27.42455645003624,58.07579766215068],[27.42455645003624,58.06680445851343],[27.415563246398992,58.06680445851343]]]}},{"type":"Feature","properties":{"jobs":6,"pop":5,"pointCount":2,"homeWorkCommuteMedian":20817,"workHomeCommuteMedian":5528},"geometry":{"type":"Polygon","coordinates":[[[27.415563246398992,58.07579766215068],[27.415563246398992,58.08479086578792],[27.42455645003624,58.08479086578792],[27.42455645003624,58.07579766215068],[27.415563246398992,58.07579766215068]]]}},{"type":"Feature","properties":{"jobs":0,"pop":20,"pointCount":1,"homeWorkCommuteMedian":41226,"workHomeCommuteMedian":-1},"geometry":{"type":"Polygon","coordinates":[[[27.415563246398992,58.09378406942517],[27.415563246398992,58.102777273062415],[27.42455645003624,58.102777273062415],[27.42455645003624,58.09378406942517],[27.415563246398992,58.09378406942517]]]}},{"type":"Feature","properties":{"jobs":16,"pop":0,"pointCount":1,"homeWorkCommuteMedian":-1,"workHomeCommuteMedian":6191},"geometry":{"type":"Polygon","coordinates":[[[27.415563246398992,58.12975688397415],[27.415563246398992,58.1387500876114],[27.42455645003624,58.1387500876114],[27.42455645003624,58.12975688397415],[27.415563246398992,58.12975688397415]]]}},{"type":"Feature","properties":{"jobs":0,"pop":8,"pointCount":1,"homeWorkCommuteMedian":52101,"workHomeCommuteMedian":-1},"geometry":{"type":"Polygon","coordinates":[[[27.415563246398992,58.21968892034661],[27.415563246398992,58.22868212398386],[27.42455645003624,58.22868212398386],[27.42455645003624,58.21968892034661],[27.415563246398992,58.21968892034661]]]}},{"type":"Feature","properties":{"jobs":31,"pop":23,"pointCount":3,"homeWorkCommuteMedian":64109,"workHomeCommuteMedian":13516},"geometry":{"type":"Polygon","coordinates":[[[27.42455645003624,58.08479086578792],[27.42455645003624,58.09378406942517],[27.433549653673484,58.09378406942517],[27.433549653673484,58.08479086578792],[27.42455645003624,58.08479086578792]]]}},{"type":"Feature","properties":{"jobs":11,"pop":5,"pointCount":2,"homeWorkCommuteMedian":19572,"workHomeCommuteMedian":18301},"geometry":{"type":"Polygon","coordinates":[[[27.42455645003624,58.09378406942517],[27.42455645003624,58.102777273062415],[27.433549653673484,58.102777273062415],[27.433549653673484,58.09378406942517],[27.42455645003624,58.09378406942517]]]}},{"type":"Feature","properties":{"jobs":0,"pop":5,"pointCount":1,"homeWorkCommuteMedian":59201,"workHomeCommuteMedian":-1},"geometry":{"type":"Polygon","coordinates":[[[27.42455645003624,58.11177047669966],[27.42455645003624,58.12076368033691],[27.433549653673484,58.12076368033691],[27.433549653673484,58.11177047669966],[27.42455645003624,58.11177047669966]]]}},{"type":"Feature","properties":{"jobs":0,"pop":29,"pointCount":2,"homeWorkCommuteMedian":7959,"workHomeCommuteMedian":-1},"geometry":{"type":"Polygon","coordinates":[[[27.42455645003624,58.12076368033691],[27.42455645003624,58.12975688397415],[27.433549653673484,58.12975688397415],[27.433549653673484,58.12076368033691],[27.42455645003624,58.12076368033691]]]}},{"type":"Feature","properties":{"jobs":0,"pop":13,"pointCount":2,"homeWorkCommuteMedian":58831,"workHomeCommuteMedian":-1},"geometry":{"type":"Polygon","coordinates":[[[27.42455645003624,58.12975688397415],[27.42455645003624,58.1387500876114],[27.433549653673484,58.1387500876114],[27.433549653673484,58.12975688397415],[27.42455645003624,58.12975688397415]]]}},{"type":"Feature","properties":{"jobs":11,"pop":8,"pointCount":2,"homeWorkCommuteMedian":41296,"workHomeCommuteMedian":5672},"geometry":{"type":"Polygon","coordinates":[[[27.42455645003624,58.1387500876114],[27.42455645003624,58.147743291248645],[27.433549653673484,58.147743291248645],[27.433549653673484,58.1387500876114],[27.42455645003624,58.1387500876114]]]}},{"type":"Feature","properties":{"jobs":0,"pop":7,"pointCount":1,"homeWorkCommuteMedian":10087,"workHomeCommuteMedian":-1},"geometry":{"type":"Polygon","coordinates":[[[27.42455645003624,58.17472290216038],[27.42455645003624,58.18371610579763],[27.433549653673484,58.18371610579763],[27.433549653673484,58.17472290216038],[27.42455645003624,58.17472290216038]]]}},{"type":"Feature","properties":{"jobs":4,"pop":0,"pointCount":1,"homeWorkCommuteMedian":-1,"workHomeCommuteMedian":14647},"geometry":{"type":"Polygon","coordinates":[[[27.433549653673484,58.0218384403272],[27.433549653673484,58.03083164396445],[27.44254285731073,58.03083164396445],[27.44254285731073,58.0218384403272],[27.433549653673484,58.0218384403272]]]}},{"type":"Feature","properties":{"jobs":48,"pop":0,"pointCount":2,"homeWorkCommuteMedian":-1,"workHomeCommuteMedian":2936},"geometry":{"type":"Polygon","coordinates":[[[27.433549653673484,58.08479086578792],[27.433549653673484,58.09378406942517],[27.44254285731073,58.09378406942517],[27.44254285731073,58.08479086578792],[27.433549653673484,58.08479086578792]]]}},{"type":"Feature","properties":{"jobs":0,"pop":20,"pointCount":3,"homeWorkCommuteMedian":4661,"workHomeCommuteMedian":-1},"geometry":{"type":"Polygon","coordinates":[[[27.433549653673484,58.09378406942517],[27.433549653673484,58.102777273062415],[27.44254285731073,58.102777273062415],[27.44254285731073,58.09378406942517],[27.433549653673484,58.09378406942517]]]}},{"type":"Feature","properties":{"jobs":25,"pop":6,"pointCount":1,"homeWorkCommuteMedian":18305,"workHomeCommuteMedian":4662},"geometry":{"type":"Polygon","coordinates":[[[27.433549653673484,58.11177047669966],[27.433549653673484,58.12076368033691],[27.44254285731073,58.12076368033691],[27.44254285731073,58.11177047669966],[27.433549653673484,58.11177047669966]]]}},{"type":"Feature","properties":{"jobs":0,"pop":8,"pointCount":1,"homeWorkCommuteMedian":6328,"workHomeCommuteMedian":-1},"geometry":{"type":"Polygon","coordinates":[[[27.433549653673484,58.1387500876114],[27.433549653673484,58.147743291248645],[27.44254285731073,58.147743291248645],[27.44254285731073,58.1387500876114],[27.433549653673484,58.1387500876114]]]}},{"type":"Feature","properties":{"jobs":17,"pop":15,"pointCount":2,"homeWorkCommuteMedian":63033,"workHomeCommuteMedian":9838},"geometry":{"type":"Polygon","coordinates":[[[27.433549653673484,58.17472290216038],[27.433549653673484,58.18371610579763],[27.44254285731073,58.18371610579763],[27.44254285731073,58.17472290216038],[27.433549653673484,58.17472290216038]]]}},{"type":"Feature","properties":{"jobs":0,"pop":6,"pointCount":1,"homeWorkCommuteMedian":58377,"workHomeCommuteMedian":-1},"geometry":{"type":"Polygon","coordinates":[[[27.433549653673484,58.18371610579763],[27.433549653673484,58.192709309434875],[27.44254285731073,58.192709309434875],[27.44254285731073,58.18371610579763],[27.433549653673484,58.18371610579763]]]}},{"type":"Feature","properties":{"jobs":6,"pop":0,"pointCount":1,"homeWorkCommuteMedian":-1,"workHomeCommuteMedian":54967},"geometry":{"type":"Polygon","coordinates":[[[27.433549653673484,58.21069571670937],[27.433549653673484,58.21968892034661],[27.44254285731073,58.21968892034661],[27.44254285731073,58.21069571670937],[27.433549653673484,58.21069571670937]]]}},{"type":"Feature","properties":{"jobs":0,"pop":38,"pointCount":2,"homeWorkCommuteMedian":55981,"workHomeCommuteMedian":-1},"geometry":{"type":"Polygon","coordinates":[[[27.433549653673484,58.22868212398386],[27.433549653673484,58.237675327621105],[27.44254285731073,58.237675327621105],[27.44254285731073,58.22868212398386],[27.433549653673484,58.22868212398386]]]}},{"type":"Feature","properties":{"jobs":0,"pop":6,"pointCount":1,"homeWorkCommuteMedian":28925,"workHomeCommuteMedian":-1},"geometry":{"type":"Polygon","coordinates":[[[27.44254285731073,58.00385203305271],[27.44254285731073,58.012845236689955],[27.451536060947976,58.012845236689955],[27.451536060947976,58.00385203305271],[27.44254285731073,58.00385203305271]]]}},{"type":"Feature","properties":{"jobs":32,"pop":73,"pointCount":3,"homeWorkCommuteMedian":1673,"workHomeCommuteMedian":59390},"geometry":{"type":"Polygon","coordinates":[[[27.44254285731073,58.08479086578792],[27.44254285731073,58.09378406942517],[27.451536060947976,58.09378406942517],[27.451536060947976,58.08479086578792],[27.44254285731073,58.08479086578792]]]}},{"type":"Feature","properties":{"jobs":740,"pop":104,"pointCount":12,"homeWorkCommuteMedian":5547,"workHomeCommuteMedian":17702},"geometry":{"type":"Polygon","coordinates":[[[27.44254285731073,58.09378406942517],[27.44254285731073,58.102777273062415],[27.451536060947976,58.102777273062415],[27.451536060947976,58.09378406942517],[27.44254285731073,58.09378406942517]]]}},{"type":"Feature","properties":{"jobs":10,"pop":41,"pointCount":3,"homeWorkCommuteMedian":62515,"workHomeCommuteMedian":29118},"geometry":{"type":"Polygon","coordinates":[[[27.44254285731073,58.102777273062415],[27.44254285731073,58.11177047669966],[27.451536060947976,58.11177047669966],[27.451536060947976,58.102777273062415],[27.44254285731073,58.102777273062415]]]}},{"type":"Feature","properties":{"jobs":0,"pop":8,"pointCount":1,"homeWorkCommuteMedian":1478,"workHomeCommuteMedian":-1},"geometry":{"type":"Polygon","coordinates":[[[27.44254285731073,58.11177047669966],[27.44254285731073,58.12076368033691],[27.451536060947976,58.12076368033691],[27.451536060947976,58.11177047669966],[27.44254285731073,58.11177047669966]]]}},{"type":"Feature","properties":{"jobs":0,"pop":11,"pointCount":1,"homeWorkCommuteMedian":78772,"workHomeCommuteMedian":-1},"geometry":{"type":"Polygon","coordinates":[[[27.44254285731073,58.1387500876114],[27.44254285731073,58.147743291248645],[27.451536060947976,58.147743291248645],[27.451536060947976,58.1387500876114],[27.44254285731073,58.1387500876114]]]}},{"type":"Feature","properties":{"jobs":25,"pop":46,"pointCount":4,"homeWorkCommuteMedian":25572,"workHomeCommuteMedian":57504},"geometry":{"type":"Polygon","coordinates":[[[27.44254285731073,58.147743291248645],[27.44254285731073,58.15673649488589],[27.451536060947976,58.15673649488589],[27.451536060947976,58.147743291248645],[27.44254285731073,58.147743291248645]]]}},{"type":"Feature","properties":{"jobs":7,"pop":0,"pointCount":1,"homeWorkCommuteMedian":-1,"workHomeCommuteMedian":29514},"geometry":{"type":"Polygon","coordinates":[[[27.44254285731073,58.21968892034661],[27.44254285731073,58.22868212398386],[27.451536060947976,58.22868212398386],[27.451536060947976,58.21968892034661],[27.44254285731073,58.21968892034661]]]}},{"type":"Feature","properties":{"jobs":0,"pop":9,"pointCount":1,"homeWorkCommuteMedian":54966,"workHomeCommuteMedian":-1},"geometry":{"type":"Polygon","coordinates":[[[27.44254285731073,58.237675327621105],[27.44254285731073,58.24666853125835],[27.451536060947976,58.24666853125835],[27.451536060947976,58.237675327621105],[27.44254285731073,58.237675327621105]]]}},{"type":"Feature","properties":{"jobs":14,"pop":41,"pointCount":4,"homeWorkCommuteMedian":15886,"workHomeCommuteMedian":18124},"geometry":{"type":"Polygon","coordinates":[[[27.451536060947976,58.08479086578792],[27.451536060947976,58.09378406942517],[27.460529264585222,58.09378406942517],[27.460529264585222,58.08479086578792],[27.451536060947976,58.08479086578792]]]}},{"type":"Feature","properties":{"jobs":124,"pop":104,"pointCount":10,"homeWorkCommuteMedian":7868,"workHomeCommuteMedian":10062},"geometry":{"type":"Polygon","coordinates":[[[27.451536060947976,58.09378406942517],[27.451536060947976,58.102777273062415],[27.460529264585222,58.102777273062415],[27.460529264585222,58.09378406942517],[27.451536060947976,58.09378406942517]]]}},{"type":"Feature","properties":{"jobs":20,"pop":154,"pointCount":8,"homeWorkCommuteMedian":53661,"workHomeCommuteMedian":7872},"geometry":{"type":"Polygon","coordinates":[[[27.451536060947976,58.102777273062415],[27.451536060947976,58.11177047669966],[27.460529264585222,58.11177047669966],[27.460529264585222,58.102777273062415],[27.451536060947976,58.102777273062415]]]}},{"type":"Feature","properties":{"jobs":0,"pop":5,"pointCount":1,"homeWorkCommuteMedian":113260,"workHomeCommuteMedian":-1},"geometry":{"type":"Polygon","coordinates":[[[27.451536060947976,58.12076368033691],[27.451536060947976,58.12975688397415],[27.460529264585222,58.12975688397415],[27.460529264585222,58.12076368033691],[27.451536060947976,58.12076368033691]]]}},{"type":"Feature","properties":{"jobs":0,"pop":8,"pointCount":1,"homeWorkCommuteMedian":76785,"workHomeCommuteMedian":-1},"geometry":{"type":"Polygon","coordinates":[[[27.451536060947976,58.147743291248645],[27.451536060947976,58.15673649488589],[27.460529264585222,58.15673649488589],[27.460529264585222,58.147743291248645],[27.451536060947976,58.147743291248645]]]}},{"type":"Feature","properties":{"jobs":15,"pop":7,"pointCount":2,"homeWorkCommuteMedian":74405,"workHomeCommuteMedian":37518},"geometry":{"type":"Polygon","coordinates":[[[27.451536060947976,58.15673649488589],[27.451536060947976,58.16572969852314],[27.460529264585222,58.16572969852314],[27.460529264585222,58.15673649488589],[27.451536060947976,58.15673649488589]]]}},{"type":"Feature","properties":{"jobs":0,"pop":13,"pointCount":1,"homeWorkCommuteMedian":56309,"workHomeCommuteMedian":-1},"geometry":{"type":"Polygon","coordinates":[[[27.451536060947976,58.16572969852314],[27.451536060947976,58.17472290216038],[27.460529264585222,58.17472290216038],[27.460529264585222,58.16572969852314],[27.451536060947976,58.16572969852314]]]}},{"type":"Feature","properties":{"jobs":18,"pop":9,"pointCount":2,"homeWorkCommuteMedian":18124,"workHomeCommuteMedian":21315},"geometry":{"type":"Polygon","coordinates":[[[27.451536060947976,58.22868212398386],[27.451536060947976,58.237675327621105],[27.460529264585222,58.237675327621105],[27.460529264585222,58.22868212398386],[27.451536060947976,58.22868212398386]]]}},{"type":"Feature","properties":{"jobs":0,"pop":7,"pointCount":1,"homeWorkCommuteMedian":52835,"workHomeCommuteMedian":-1},"geometry":{"type":"Polygon","coordinates":[[[27.451536060947976,58.24666853125835],[27.451536060947976,58.2556617348956],[27.460529264585222,58.2556617348956],[27.460529264585222,58.24666853125835],[27.451536060947976,58.24666853125835]]]}},{"type":"Feature","properties":{"jobs":8,"pop":0,"pointCount":1,"homeWorkCommuteMedian":-1,"workHomeCommuteMedian":7729},"geometry":{"type":"Polygon","coordinates":[[[27.460529264585222,58.03083164396445],[27.460529264585222,58.03982484760169],[27.46952246822247,58.03982484760169],[27.46952246822247,58.03083164396445],[27.460529264585222,58.03083164396445]]]}},{"type":"Feature","properties":{"jobs":32,"pop":142,"pointCount":6,"homeWorkCommuteMedian":21029,"workHomeCommuteMedian":1472},"geometry":{"type":"Polygon","coordinates":[[[27.460529264585222,58.08479086578792],[27.460529264585222,58.09378406942517],[27.46952246822247,58.09378406942517],[27.46952246822247,58.08479086578792],[27.460529264585222,58.08479086578792]]]}},{"type":"Feature","properties":{"jobs":213,"pop":376,"pointCount":14,"homeWorkCommuteMedian":63625,"workHomeCommuteMedian":6328},"geometry":{"type":"Polygon","coordinates":[[[27.460529264585222,58.09378406942517],[27.460529264585222,58.102777273062415],[27.46952246822247,58.102777273062415],[27.46952246822247,58.09378406942517],[27.460529264585222,58.09378406942517]]]}},{"type":"Feature","properties":{"jobs":25,"pop":0,"pointCount":1,"homeWorkCommuteMedian":-1,"workHomeCommuteMedian":18298},"geometry":{"type":"Polygon","coordinates":[[[27.460529264585222,58.102777273062415],[27.460529264585222,58.11177047669966],[27.46952246822247,58.11177047669966],[27.46952246822247,58.102777273062415],[27.460529264585222,58.102777273062415]]]}},{"type":"Feature","properties":{"jobs":0,"pop":6,"pointCount":1,"homeWorkCommuteMedian":3555,"workHomeCommuteMedian":-1},"geometry":{"type":"Polygon","coordinates":[[[27.460529264585222,58.11177047669966],[27.460529264585222,58.12076368033691],[27.46952246822247,58.12076368033691],[27.46952246822247,58.11177047669966],[27.460529264585222,58.11177047669966]]]}},{"type":"Feature","properties":{"jobs":7,"pop":0,"pointCount":1,"homeWorkCommuteMedian":-1,"workHomeCommuteMedian":5622},"geometry":{"type":"Polygon","coordinates":[[[27.460529264585222,58.12975688397415],[27.460529264585222,58.1387500876114],[27.46952246822247,58.1387500876114],[27.46952246822247,58.12975688397415],[27.460529264585222,58.12975688397415]]]}},{"type":"Feature","properties":{"jobs":0,"pop":20,"pointCount":1,"homeWorkCommuteMedian":58555,"workHomeCommuteMedian":-1},"geometry":{"type":"Polygon","coordinates":[[[27.460529264585222,58.1387500876114],[27.460529264585222,58.147743291248645],[27.46952246822247,58.147743291248645],[27.46952246822247,58.1387500876114],[27.460529264585222,58.1387500876114]]]}},{"type":"Feature","properties":{"jobs":12,"pop":0,"pointCount":1,"homeWorkCommuteMedian":-1,"workHomeCommuteMedian":63156},"geometry":{"type":"Polygon","coordinates":[[[27.460529264585222,58.147743291248645],[27.460529264585222,58.15673649488589],[27.46952246822247,58.15673649488589],[27.46952246822247,58.147743291248645],[27.460529264585222,58.147743291248645]]]}},{"type":"Feature","properties":{"jobs":32,"pop":0,"pointCount":1,"homeWorkCommuteMedian":-1,"workHomeCommuteMedian":7472},"geometry":{"type":"Polygon","coordinates":[[[27.460529264585222,58.15673649488589],[27.460529264585222,58.16572969852314],[27.46952246822247,58.16572969852314],[27.46952246822247,58.15673649488589],[27.460529264585222,58.15673649488589]]]}},{"type":"Feature","properties":{"jobs":0,"pop":29,"pointCount":3,"homeWorkCommuteMedian":58140,"workHomeCommuteMedian":-1},"geometry":{"type":"Polygon","coordinates":[[[27.460529264585222,58.237675327621105],[27.460529264585222,58.24666853125835],[27.46952246822247,58.24666853125835],[27.46952246822247,58.237675327621105],[27.460529264585222,58.237675327621105]]]}},{"type":"Feature","properties":{"jobs":0,"pop":3,"pointCount":1,"homeWorkCommuteMedian":72950,"workHomeCommuteMedian":-1},"geometry":{"type":"Polygon","coordinates":[[[27.46952246822247,58.03083164396445],[27.46952246822247,58.03982484760169],[27.478515671859714,58.03982484760169],[27.478515671859714,58.03083164396445],[27.46952246822247,58.03083164396445]]]}},{"type":"Feature","properties":{"jobs":0,"pop":8,"pointCount":1,"homeWorkCommuteMedian":2254,"workHomeCommuteMedian":-1},"geometry":{"type":"Polygon","coordinates":[[[27.46952246822247,58.07579766215068],[27.46952246822247,58.08479086578792],[27.478515671859714,58.08479086578792],[27.478515671859714,58.07579766215068],[27.46952246822247,58.07579766215068]]]}},{"type":"Feature","properties":{"jobs":49,"pop":16,"pointCount":5,"homeWorkCommuteMedian":19442,"workHomeCommuteMedian":3555},"geometry":{"type":"Polygon","coordinates":[[[27.46952246822247,58.08479086578792],[27.46952246822247,58.09378406942517],[27.478515671859714,58.09378406942517],[27.478515671859714,58.08479086578792],[27.46952246822247,58.08479086578792]]]}},{"type":"Feature","properties":{"jobs":0,"pop":127,"pointCount":7,"homeWorkCommuteMedian":31216,"workHomeCommuteMedian":-1},"geometry":{"type":"Polygon","coordinates":[[[27.46952246822247,58.09378406942517],[27.46952246822247,58.102777273062415],[27.478515671859714,58.102777273062415],[27.478515671859714,58.09378406942517],[27.46952246822247,58.09378406942517]]]}},{"type":"Feature","properties":{"jobs":0,"pop":5,"pointCount":1,"homeWorkCommuteMedian":87067,"workHomeCommuteMedian":-1},"geometry":{"type":"Polygon","coordinates":[[[27.46952246822247,58.12076368033691],[27.46952246822247,58.12975688397415],[27.478515671859714,58.12975688397415],[27.478515671859714,58.12076368033691],[27.46952246822247,58.12076368033691]]]}},{"type":"Feature","properties":{"jobs":34,"pop":32,"pointCount":7,"homeWorkCommuteMedian":65836,"workHomeCommuteMedian":19442},"geometry":{"type":"Polygon","coordinates":[[[27.46952246822247,58.22868212398386],[27.46952246822247,58.237675327621105],[27.478515671859714,58.237675327621105],[27.478515671859714,58.22868212398386],[27.46952246822247,58.22868212398386]]]}},{"type":"Feature","properties":{"jobs":0,"pop":32,"pointCount":2,"homeWorkCommuteMedian":56911,"workHomeCommuteMedian":-1},"geometry":{"type":"Polygon","coordinates":[[[27.46952246822247,58.237675327621105],[27.46952246822247,58.24666853125835],[27.478515671859714,58.24666853125835],[27.478515671859714,58.237675327621105],[27.46952246822247,58.237675327621105]]]}},{"type":"Feature","properties":{"jobs":5,"pop":17,"pointCount":3,"homeWorkCommuteMedian":74858,"workHomeCommuteMedian":71434},"geometry":{"type":"Polygon","coordinates":[[[27.478515671859714,58.08479086578792],[27.478515671859714,58.09378406942517],[27.48750887549696,58.09378406942517],[27.48750887549696,58.08479086578792],[27.478515671859714,58.08479086578792]]]}},{"type":"Feature","properties":{"jobs":62,"pop":19,"pointCount":4,"homeWorkCommuteMedian":4662,"workHomeCommuteMedian":2851},"geometry":{"type":"Polygon","coordinates":[[[27.478515671859714,58.09378406942517],[27.478515671859714,58.102777273062415],[27.48750887549696,58.102777273062415],[27.48750887549696,58.09378406942517],[27.478515671859714,58.09378406942517]]]}},{"type":"Feature","properties":{"jobs":19,"pop":0,"pointCount":1,"homeWorkCommuteMedian":-1,"workHomeCommuteMedian":79576},"geometry":{"type":"Polygon","coordinates":[[[27.48750887549696,58.06680445851343],[27.48750887549696,58.07579766215068],[27.496502079134206,58.07579766215068],[27.496502079134206,58.06680445851343],[27.48750887549696,58.06680445851343]]]}},{"type":"Feature","properties":{"jobs":0,"pop":8,"pointCount":1,"homeWorkCommuteMedian":4524,"workHomeCommuteMedian":-1},"geometry":{"type":"Polygon","coordinates":[[[27.48750887549696,58.07579766215068],[27.48750887549696,58.08479086578792],[27.496502079134206,58.08479086578792],[27.496502079134206,58.07579766215068],[27.48750887549696,58.07579766215068]]]}},{"type":"Feature","properties":{"jobs":77,"pop":49,"pointCount":5,"homeWorkCommuteMedian":13288,"workHomeCommuteMedian":64542},"geometry":{"type":"Polygon","coordinates":[[[27.48750887549696,58.08479086578792],[27.48750887549696,58.09378406942517],[27.496502079134206,58.09378406942517],[27.496502079134206,58.08479086578792],[27.48750887549696,58.08479086578792]]]}},{"type":"Feature","properties":{"jobs":0,"pop":5,"pointCount":1,"homeWorkCommuteMedian":4820,"workHomeCommuteMedian":-1},"geometry":{"type":"Polygon","coordinates":[[[27.496502079134206,58.057811254876185],[27.496502079134206,58.06680445851343],[27.505495282771452,58.06680445851343],[27.505495282771452,58.057811254876185],[27.496502079134206,58.057811254876185]]]}},{"type":"Feature","properties":{"jobs":0,"pop":54,"pointCount":1,"homeWorkCommuteMedian":64973,"workHomeCommuteMedian":-1},"geometry":{"type":"Polygon","coordinates":[[[27.496502079134206,58.07579766215068],[27.496502079134206,58.08479086578792],[27.505495282771452,58.08479086578792],[27.505495282771452,58.07579766215068],[27.496502079134206,58.07579766215068]]]}},{"type":"Feature","properties":{"jobs":0,"pop":6,"pointCount":1,"homeWorkCommuteMedian":32155,"workHomeCommuteMedian":-1},"geometry":{"type":"Polygon","coordinates":[[[27.496502079134206,58.09378406942517],[27.496502079134206,58.102777273062415],[27.505495282771452,58.102777273062415],[27.505495282771452,58.09378406942517],[27.496502079134206,58.09378406942517]]]}},{"type":"Feature","properties":{"jobs":0,"pop":6,"pointCount":1,"homeWorkCommuteMedian":85951,"workHomeCommuteMedian":-1},"geometry":{"type":"Polygon","coordinates":[[[27.496502079134206,58.102777273062415],[27.496502079134206,58.11177047669966],[27.505495282771452,58.11177047669966],[27.505495282771452,58.102777273062415],[27.496502079134206,58.102777273062415]]]}},{"type":"Feature","properties":{"jobs":0,"pop":9,"pointCount":1,"homeWorkCommuteMedian":67320,"workHomeCommuteMedian":-1},"geometry":{"type":"Polygon","coordinates":[[[27.505495282771452,58.06680445851343],[27.505495282771452,58.07579766215068],[27.5144884864087,58.07579766215068],[27.5144884864087,58.06680445851343],[27.505495282771452,58.06680445851343]]]}},{"type":"Feature","properties":{"jobs":5,"pop":0,"pointCount":1,"homeWorkCommuteMedian":-1,"workHomeCommuteMedian":26457},"geometry":{"type":"Polygon","coordinates":[[[27.505495282771452,58.08479086578792],[27.505495282771452,58.09378406942517],[27.5144884864087,58.09378406942517],[27.5144884864087,58.08479086578792],[27.505495282771452,58.08479086578792]]]}},{"type":"Feature","properties":{"jobs":11,"pop":0,"pointCount":1,"homeWorkCommuteMedian":-1,"workHomeCommuteMedian":7959},"geometry":{"type":"Polygon","coordinates":[[[27.505495282771452,58.102777273062415],[27.505495282771452,58.11177047669966],[27.5144884864087,58.11177047669966],[27.5144884864087,58.102777273062415],[27.505495282771452,58.102777273062415]]]}},{"type":"Feature","properties":{"jobs":6,"pop":8,"pointCount":1,"homeWorkCommuteMedian":70035,"workHomeCommuteMedian":67007},"geometry":{"type":"Polygon","coordinates":[[[27.505495282771452,58.38156658581704],[27.505495282771452,58.39055978945429],[27.5144884864087,58.39055978945429],[27.5144884864087,58.38156658581704],[27.505495282771452,58.38156658581704]]]}},{"type":"Feature","properties":{"jobs":34,"pop":0,"pointCount":1,"homeWorkCommuteMedian":-1,"workHomeCommuteMedian":77999},"geometry":{"type":"Polygon","coordinates":[[[27.5144884864087,58.102777273062415],[27.5144884864087,58.11177047669966],[27.523481690045944,58.11177047669966],[27.523481690045944,58.102777273062415],[27.5144884864087,58.102777273062415]]]}},{"type":"Feature","properties":{"jobs":17,"pop":7,"pointCount":2,"homeWorkCommuteMedian":67384,"workHomeCommuteMedian":68136},"geometry":{"type":"Polygon","coordinates":[[[27.5144884864087,58.372573382179795],[27.5144884864087,58.38156658581704],[27.523481690045944,58.38156658581704],[27.523481690045944,58.372573382179795],[27.5144884864087,58.372573382179795]]]}},{"type":"Feature","properties":{"jobs":0,"pop":7,"pointCount":1,"homeWorkCommuteMedian":21162,"workHomeCommuteMedian":-1},"geometry":{"type":"Polygon","coordinates":[[[27.523481690045944,58.07579766215068],[27.523481690045944,58.08479086578792],[27.53247489368319,58.08479086578792],[27.53247489368319,58.07579766215068],[27.523481690045944,58.07579766215068]]]}},{"type":"Feature","properties":{"jobs":0,"pop":3,"pointCount":1,"homeWorkCommuteMedian":45178,"workHomeCommuteMedian":-1},"geometry":{"type":"Polygon","coordinates":[[[27.523481690045944,58.372573382179795],[27.523481690045944,58.38156658581704],[27.53247489368319,58.38156658581704],[27.53247489368319,58.372573382179795],[27.523481690045944,58.372573382179795]]]}},{"type":"Feature","properties":{"jobs":10,"pop":31,"pointCount":3,"homeWorkCommuteMedian":61451,"workHomeCommuteMedian":68451},"geometry":{"type":"Polygon","coordinates":[[[27.53247489368319,58.07579766215068],[27.53247489368319,58.08479086578792],[27.541468097320436,58.08479086578792],[27.541468097320436,58.07579766215068],[27.53247489368319,58.07579766215068]]]}}],"properties":{"residentWeightedNearestNeighborKm":{"p10":0.08654646965667784,"p25":0.10402284747233145,"p50":0.13085148024154092,"p75":0.17027695433599663,"p90":0.32317973522160315,"mean":0.19060214912068316},"workerWeightedNearestNeighborKm":{"p10":0.05196545615903745,"p25":0.08062750375526692,"p50":0.12165375963284557,"p75":0.1593282842475487,"p90":0.2422753219219881,"mean":0.14945141402093362},"commuteDistanceKm":{"p10":2321,"p25":4310,"p50":9760,"p75":25942,"p90":46736,"mean":17745.93094025587},"residentCellDensity":{"p10":5,"p25":7,"p50":10,"p75":19,"p90":75,"mean":58.44155844155844},"workerCellDensity":{"p10":4,"p25":7,"p50":13,"p75":35,"p90":123,"mean":97.13903281519862},"detail":{"radiusKm":0.1261688334134324,"expectedPointSpacingKm":0.6741871679384862,"normalizedRadius":0.18714214599964654,"activityPerPoint":21.191865938617962,"playableAreaKm2":4740,"playableAreaPerPointKm2":0.8924872905290906,"playableCatchmentRadiusKm":0.5329986190120896,"localityScore":1,"deaggregationScore":1,"score":1},"polycentrism":{"activity":{"score":0,"continuousScore":0.16044849112364,"detectedCenterCount":1,"effectiveCenterCount":1,"largestCenterShare":1,"bandwidthKm":1.3,"reliabilityScore":1,"supportLevel":"high","usedFallback":false,"topCenters":[{"longitude":26.733077000128354,"latitude":58.330933367955886,"massShare":1,"assignedMass":225100,"assignedPointCount":5311,"prominenceRatio":1}],"debug":{"rawPeakCount":163,"mergedPeakCount":111,"filteredPeakCount":1,"prominenceThreshold":0.22,"minPointsPerCenter":10,"rejectedCenters":[{"longitude":27.066256654615497,"latitude":58.05707091349189,"massShare":0.03056419369169258,"assignedMass":6880,"assignedPointCount":244,"prominenceRatio":1,"strongestCompetitorDistanceKm":40.713956867397286,"strongestCompetitorPotential":64559.340236489435,"localConsolidatedShare":0.03056419369169258,"localConsolidatedMass":6880,"localContributorCount":1,"localContributorDistancesKm":[],"rejectionReasons":["below_secondary_share_floor"]},{"longitude":26.41322447013527,"latitude":58.224807662005645,"massShare":0.026148378498445136,"assignedMass":5886,"assignedPointCount":261,"prominenceRatio":1,"strongestCompetitorDistanceKm":24.97719581430497,"strongestCompetitorPotential":64559.340236489435,"localConsolidatedShare":0.026148378498445136,"localConsolidatedMass":5886,"localContributorCount":1,"localContributorDistancesKm":[],"rejectionReasons":["below_secondary_share_floor"]},{"longitude":27.45790868782986,"latitude":58.09549887892094,"massShare":0.014709018214127055,"assignedMass":3311,"assignedPointCount":135,"prominenceRatio":1,"strongestCompetitorDistanceKm":52.909639794172364,"strongestCompetitorPotential":null,"localConsolidatedShare":0.014709018214127055,"localConsolidatedMass":3311,"localContributorCount":1,"localContributorDistancesKm":[],"rejectionReasons":["below_secondary_share_floor"]},{"longitude":26.490449511986448,"latitude":58.05602898795477,"massShare":0.012341181697023544,"assignedMass":2778,"assignedPointCount":131,"prominenceRatio":1,"strongestCompetitorDistanceKm":38.0290272088591,"strongestCompetitorPotential":64559.340236489435,"localConsolidatedShare":0.012341181697023544,"localConsolidatedMass":2778,"localContributorCount":1,"localContributorDistancesKm":[],"rejectionReasons":["below_secondary_share_floor"]},{"longitude":26.534510279230673,"latitude":58.27660068836601,"massShare":0.013229675699689027,"assignedMass":2978,"assignedPointCount":177,"prominenceRatio":1,"strongestCompetitorDistanceKm":15.793552476846747,"strongestCompetitorPotential":64559.340236489435,"localConsolidatedShare":0.013229675699689027,"localConsolidatedMass":2978,"localContributorCount":1,"localContributorDistancesKm":[],"rejectionReasons":["below_secondary_share_floor"]},{"longitude":26.87659820202795,"latitude":58.35682676916075,"massShare":0.008089737894269214,"assignedMass":1821,"assignedPointCount":92,"prominenceRatio":0.9999999996248101,"strongestCompetitorDistanceKm":9.356177647734851,"strongestCompetitorPotential":64559.340236489435,"localConsolidatedShare":0.008089737894269214,"localConsolidatedMass":1821,"localContributorCount":1,"localContributorDistancesKm":[],"rejectionReasons":["below_secondary_share_floor"]},{"longitude":26.242270009789273,"latitude":58.14456122077106,"massShare":0.005415370946246113,"assignedMass":1219,"assignedPointCount":71,"prominenceRatio":1,"strongestCompetitorDistanceKm":37.981128881529564,"strongestCompetitorPotential":64559.340236489435,"localConsolidatedShare":0.005415370946246113,"localConsolidatedMass":1219,"localContributorCount":1,"localContributorDistancesKm":[],"rejectionReasons":["below_secondary_share_floor"]},{"longitude":26.591296972673987,"latitude":58.55368181333978,"massShare":0.0049178143047534425,"assignedMass":1107,"assignedPointCount":63,"prominenceRatio":1,"strongestCompetitorDistanceKm":20.868255239927198,"strongestCompetitorPotential":64559.340236489435,"localConsolidatedShare":0.0049178143047534425,"localConsolidatedMass":1107,"localContributorCount":1,"localContributorDistancesKm":[],"rejectionReasons":["below_secondary_share_floor"]},{"longitude":26.583183947285814,"latitude":58.382999367876906,"massShare":0.007414482452243448,"assignedMass":1669,"assignedPointCount":73,"prominenceRatio":0.9999999998799389,"strongestCompetitorDistanceKm":9.59591465124605,"strongestCompetitorPotential":64559.340236489435,"localConsolidatedShare":0.007414482452243448,"localConsolidatedMass":1669,"localContributorCount":1,"localContributorDistancesKm":[],"rejectionReasons":["below_secondary_share_floor"]},{"longitude":26.31778837128332,"latitude":58.334305520258575,"massShare":0.004575744113727232,"assignedMass":1030,"assignedPointCount":61,"prominenceRatio":1,"strongestCompetitorDistanceKm":24.438194464448046,"strongestCompetitorPotential":64559.340236489435,"localConsolidatedShare":0.004575744113727232,"localConsolidatedMass":1030,"localContributorCount":1,"localContributorDistancesKm":[],"rejectionReasons":["below_secondary_share_floor"]},{"longitude":26.701832157652266,"latitude":58.260851186923006,"massShare":0.009542425588627277,"assignedMass":2148,"assignedPointCount":109,"prominenceRatio":1,"strongestCompetitorDistanceKm":15.783414109430344,"strongestCompetitorPotential":64559.340236489435,"localConsolidatedShare":0.009542425588627277,"localConsolidatedMass":2148,"localContributorCount":1,"localContributorDistancesKm":[],"rejectionReasons":["below_secondary_share_floor"]},{"longitude":26.681808066755895,"latitude":58.49131294666674,"massShare":0.0031141714793425142,"assignedMass":701,"assignedPointCount":45,"prominenceRatio":1,"strongestCompetitorDistanceKm":13.278687661165659,"strongestCompetitorPotential":64559.340236489435,"localConsolidatedShare":0.0031141714793425142,"localConsolidatedMass":701,"localContributorCount":1,"localContributorDistancesKm":[],"rejectionReasons":["below_secondary_share_floor"]},{"longitude":26.655899145219063,"latitude":58.45673686719395,"massShare":0.005250999555752998,"assignedMass":1182,"assignedPointCount":79,"prominenceRatio":0.9999999999799103,"strongestCompetitorDistanceKm":9.979414173217544,"strongestCompetitorPotential":64559.340236489435,"localConsolidatedShare":0.005250999555752998,"localConsolidatedMass":1182,"localContributorCount":1,"localContributorDistancesKm":[],"rejectionReasons":["below_secondary_share_floor"]},{"longitude":26.68504539842777,"latitude":58.52558999759814,"massShare":0.0031896934695690806,"assignedMass":718,"assignedPointCount":50,"prominenceRatio":1,"strongestCompetitorDistanceKm":16.173228355679058,"strongestCompetitorPotential":64559.340236489435,"localConsolidatedShare":0.0031896934695690806,"localConsolidatedMass":718,"localContributorCount":1,"localContributorDistancesKm":[],"rejectionReasons":["below_secondary_share_floor"]},{"longitude":26.763047918623037,"latitude":57.98851147644504,"massShare":0.0033673922701021766,"assignedMass":758,"assignedPointCount":49,"prominenceRatio":1,"strongestCompetitorDistanceKm":43.329315723305875,"strongestCompetitorPotential":64559.340236489435,"localConsolidatedShare":0.0033673922701021766,"localConsolidatedMass":758,"localContributorCount":1,"localContributorDistancesKm":[],"rejectionReasons":["below_secondary_share_floor"]},{"longitude":27.042498633980966,"latitude":58.28279037332116,"massShare":0.0033851621501554863,"assignedMass":762,"assignedPointCount":57,"prominenceRatio":1,"strongestCompetitorDistanceKm":21.712616316206965,"strongestCompetitorPotential":64559.340236489435,"localConsolidatedShare":0.0033851621501554863,"localConsolidatedMass":762,"localContributorCount":1,"localContributorDistancesKm":[],"rejectionReasons":["below_secondary_share_floor"]},{"longitude":27.13961236391875,"latitude":58.60149534732095,"massShare":0.003047534429142603,"assignedMass":686,"assignedPointCount":53,"prominenceRatio":1,"strongestCompetitorDistanceKm":34.57418395896553,"strongestCompetitorPotential":64559.340236489435,"localConsolidatedShare":0.003047534429142603,"localConsolidatedMass":686,"localContributorCount":1,"localContributorDistancesKm":[],"rejectionReasons":["below_secondary_share_floor"]},{"longitude":26.850590619900675,"latitude":58.30640586209934,"massShare":0.006059529098178587,"assignedMass":1364,"assignedPointCount":102,"prominenceRatio":0.9999999999999999,"strongestCompetitorDistanceKm":11.856442333052827,"strongestCompetitorPotential":64559.340236489435,"localConsolidatedShare":0.006059529098178587,"localConsolidatedMass":1364,"localContributorCount":1,"localContributorDistancesKm":[],"rejectionReasons":["below_secondary_share_floor"]},{"longitude":26.2247758635281,"latitude":58.2376823620774,"massShare":0.0030253220790759663,"assignedMass":681,"assignedPointCount":47,"prominenceRatio":1,"strongestCompetitorDistanceKm":33.02915651444721,"strongestCompetitorPotential":64559.340236489435,"localConsolidatedShare":0.0030253220790759663,"localConsolidatedMass":681,"localContributorCount":1,"localContributorDistancesKm":[],"rejectionReasons":["below_secondary_share_floor"]},{"longitude":27.06984879195766,"latitude":58.20733135847522,"massShare":0.0031408262994224788,"assignedMass":707,"assignedPointCount":55,"prominenceRatio":1,"strongestCompetitorDistanceKm":27.689132941942884,"strongestCompetitorPotential":64559.340236489435,"localConsolidatedShare":0.0031408262994224788,"localConsolidatedMass":707,"localContributorCount":1,"localContributorDistancesKm":[],"rejectionReasons":["below_secondary_share_floor"]},{"longitude":27.157876442162323,"latitude":58.665593493534914,"massShare":0.0024344735673034208,"assignedMass":548,"assignedPointCount":34,"prominenceRatio":1,"strongestCompetitorDistanceKm":41.01679837631819,"strongestCompetitorPotential":64559.340236489435,"localConsolidatedShare":0.0024344735673034208,"localConsolidatedMass":548,"localContributorCount":1,"localContributorDistancesKm":[],"rejectionReasons":["below_secondary_share_floor"]},{"longitude":27.20079848823854,"latitude":58.15781633607328,"massShare":0.002687694358063083,"assignedMass":605,"assignedPointCount":40,"prominenceRatio":1,"strongestCompetitorDistanceKm":36.67122175569549,"strongestCompetitorPotential":64559.340236489435,"localConsolidatedShare":0.002687694358063083,"localConsolidatedMass":605,"localContributorCount":1,"localContributorDistancesKm":[],"rejectionReasons":["below_secondary_share_floor"]},{"longitude":26.932638543293645,"latitude":58.15675586822455,"massShare":0.0032652154597956466,"assignedMass":735,"assignedPointCount":51,"prominenceRatio":1,"strongestCompetitorDistanceKm":26.457824669775203,"strongestCompetitorPotential":64559.340236489435,"localConsolidatedShare":0.0032652154597956466,"localConsolidatedMass":735,"localContributorCount":1,"localContributorDistancesKm":[],"rejectionReasons":["below_secondary_share_floor"]},{"longitude":26.975216555765034,"latitude":58.33026723696918,"massShare":0.0029187027987561086,"assignedMass":657,"assignedPointCount":48,"prominenceRatio":1,"strongestCompetitorDistanceKm":15.916343152502787,"strongestCompetitorPotential":64559.340236489435,"localConsolidatedShare":0.0029187027987561086,"localConsolidatedMass":657,"localContributorCount":1,"localContributorDistancesKm":[],"rejectionReasons":["below_secondary_share_floor"]},{"longitude":26.232540107141812,"latitude":58.05362139631502,"massShare":0.0027987561083962684,"assignedMass":630,"assignedPointCount":49,"prominenceRatio":1,"strongestCompetitorDistanceKm":46.21054566647197,"strongestCompetitorPotential":64559.340236489435,"localConsolidatedShare":0.0027987561083962684,"localConsolidatedMass":630,"localContributorCount":1,"localContributorDistancesKm":[],"rejectionReasons":["below_secondary_share_floor"]},{"longitude":26.313873913363306,"latitude":58.26641472110167,"massShare":0.003011994669035984,"assignedMass":678,"assignedPointCount":50,"prominenceRatio":1,"strongestCompetitorDistanceKm":27.097039448084907,"strongestCompetitorPotential":64559.340236489435,"localConsolidatedShare":0.003011994669035984,"localConsolidatedMass":678,"localContributorCount":1,"localContributorDistancesKm":[],"rejectionReasons":["below_secondary_share_floor"]},{"longitude":26.37584455161547,"latitude":58.4853141787946,"massShare":0.0024744557974233673,"assignedMass":557,"assignedPointCount":30,"prominenceRatio":1,"strongestCompetitorDistanceKm":23.375800546783715,"strongestCompetitorPotential":64559.340236489435,"localConsolidatedShare":0.0024744557974233673,"localConsolidatedMass":557,"localContributorCount":1,"localContributorDistancesKm":[],"rejectionReasons":["below_secondary_share_floor"]},{"longitude":26.891260703314593,"latitude":58.508304924405756,"massShare":0.002989782318969347,"assignedMass":673,"assignedPointCount":48,"prominenceRatio":1,"strongestCompetitorDistanceKm":17.90214303378849,"strongestCompetitorPotential":64559.340236489435,"localConsolidatedShare":0.002989782318969347,"localConsolidatedMass":673,"localContributorCount":1,"localContributorDistancesKm":[],"rejectionReasons":["below_secondary_share_floor"]},{"longitude":27.035447814980067,"latitude":58.37941397052122,"massShare":0.0032918702798756107,"assignedMass":741,"assignedPointCount":56,"prominenceRatio":1,"strongestCompetitorDistanceKm":19.0934187189796,"strongestCompetitorPotential":64559.340236489435,"localConsolidatedShare":0.0032918702798756107,"localConsolidatedMass":741,"localContributorCount":1,"localContributorDistancesKm":[],"rejectionReasons":["below_secondary_share_floor"]},{"longitude":27.06417391835536,"latitude":58.10595376383738,"massShare":0.0023678365171035097,"assignedMass":533,"assignedPointCount":27,"prominenceRatio":1,"strongestCompetitorDistanceKm":35.43299189311132,"strongestCompetitorPotential":64559.340236489435,"localConsolidatedShare":0.0023678365171035097,"localConsolidatedMass":533,"localContributorCount":1,"localContributorDistancesKm":[],"rejectionReasons":["below_secondary_share_floor"]},{"longitude":27.34766333846106,"latitude":58.0024768614491,"massShare":0.0026921368280764103,"assignedMass":606,"assignedPointCount":59,"prominenceRatio":1,"strongestCompetitorDistanceKm":55.351942478666466,"strongestCompetitorPotential":null,"localConsolidatedShare":0.0026921368280764103,"localConsolidatedMass":606,"localContributorCount":1,"localContributorDistancesKm":[],"rejectionReasons":["below_secondary_share_floor"]},{"longitude":26.83522252835881,"latitude":58.07499765079798,"massShare":0.0019680142159040426,"assignedMass":443,"assignedPointCount":31,"prominenceRatio":1,"strongestCompetitorDistanceKm":34.499766136112626,"strongestCompetitorPotential":64559.340236489435,"localConsolidatedShare":0.0019680142159040426,"localConsolidatedMass":443,"localContributorCount":1,"localContributorDistancesKm":[],"rejectionReasons":["below_secondary_share_floor"]},{"longitude":26.32940498069843,"latitude":57.92264049118297,"massShare":0.002958685028876055,"assignedMass":666,"assignedPointCount":46,"prominenceRatio":1,"strongestCompetitorDistanceKm":55.44411734220203,"strongestCompetitorPotential":null,"localConsolidatedShare":0.002958685028876055,"localConsolidatedMass":666,"localContributorCount":1,"localContributorDistancesKm":[],"rejectionReasons":["below_secondary_share_floor"]},{"longitude":26.179582879214056,"latitude":58.27742204464448,"massShare":0.002327854286983563,"assignedMass":524,"assignedPointCount":33,"prominenceRatio":1,"strongestCompetitorDistanceKm":33.03481420883843,"strongestCompetitorPotential":64559.340236489435,"localConsolidatedShare":0.002327854286983563,"localConsolidatedMass":524,"localContributorCount":1,"localContributorDistancesKm":[],"rejectionReasons":["below_secondary_share_floor"]},{"longitude":27.02333014360323,"latitude":57.968665190067036,"massShare":0.003318525099955575,"assignedMass":747,"assignedPointCount":61,"prominenceRatio":1,"strongestCompetitorDistanceKm":48.1509440098673,"strongestCompetitorPotential":64559.340236489435,"localConsolidatedShare":0.003318525099955575,"localConsolidatedMass":747,"localContributorCount":1,"localContributorDistancesKm":[],"rejectionReasons":["below_secondary_share_floor"]},{"longitude":26.73230390636671,"latitude":58.072594224364025,"massShare":0.0023367392270102175,"assignedMass":526,"assignedPointCount":42,"prominenceRatio":1,"strongestCompetitorDistanceKm":34.177725609957236,"strongestCompetitorPotential":64559.340236489435,"localConsolidatedShare":0.0023367392270102175,"localConsolidatedMass":526,"localContributorCount":1,"localContributorDistancesKm":[],"rejectionReasons":["below_secondary_share_floor"]},{"longitude":26.376551397609198,"latitude":58.13464899717607,"massShare":0.002545535317636606,"assignedMass":573,"assignedPointCount":45,"prominenceRatio":1,"strongestCompetitorDistanceKm":33.12642779675099,"strongestCompetitorPotential":64559.340236489435,"localConsolidatedShare":0.002545535317636606,"localConsolidatedMass":573,"localContributorCount":1,"localContributorDistancesKm":[],"rejectionReasons":["below_secondary_share_floor"]},{"longitude":26.785192399082273,"latitude":58.25887676302895,"massShare":0.0033984895601954688,"assignedMass":765,"assignedPointCount":60,"prominenceRatio":1,"strongestCompetitorDistanceKm":14.697682528834207,"strongestCompetitorPotential":64559.340236489435,"localConsolidatedShare":0.0033984895601954688,"localConsolidatedMass":765,"localContributorCount":1,"localContributorDistancesKm":[],"rejectionReasons":["below_secondary_share_floor"]},{"longitude":26.8741342691998,"latitude":57.98043819196733,"massShare":0.002794313638382941,"assignedMass":629,"assignedPointCount":45,"prominenceRatio":1,"strongestCompetitorDistanceKm":45.202647025807266,"strongestCompetitorPotential":64559.340236489435,"localConsolidatedShare":0.002794313638382941,"localConsolidatedMass":629,"localContributorCount":1,"localContributorDistancesKm":[],"rejectionReasons":["below_secondary_share_floor"]},{"longitude":27.077992274079527,"latitude":58.52580112049437,"massShare":0.00173256330519769,"assignedMass":390,"assignedPointCount":27,"prominenceRatio":1,"strongestCompetitorDistanceKm":26.665766463334318,"strongestCompetitorPotential":64559.340236489435,"localConsolidatedShare":0.00173256330519769,"localConsolidatedMass":390,"localContributorCount":1,"localContributorDistancesKm":[],"rejectionReasons":["below_secondary_share_floor"]},{"longitude":26.399244073897663,"latitude":58.36076111826806,"massShare":0.0029187027987561086,"assignedMass":657,"assignedPointCount":44,"prominenceRatio":1,"strongestCompetitorDistanceKm":19.46094084803971,"strongestCompetitorPotential":64559.340236489435,"localConsolidatedShare":0.0029187027987561086,"localConsolidatedMass":657,"localContributorCount":1,"localContributorDistancesKm":[],"rejectionReasons":["below_secondary_share_floor"]},{"longitude":26.536226676051136,"latitude":58.34285386804196,"massShare":0.002287872056863616,"assignedMass":515,"assignedPointCount":32,"prominenceRatio":1,"strongestCompetitorDistanceKm":12.464758748587602,"strongestCompetitorPotential":64559.340236489435,"localConsolidatedShare":0.002287872056863616,"localConsolidatedMass":515,"localContributorCount":1,"localContributorDistancesKm":[],"rejectionReasons":["below_secondary_share_floor"]},{"longitude":26.775751942248544,"latitude":58.47962192715221,"massShare":0.002816525988449578,"assignedMass":634,"assignedPointCount":41,"prominenceRatio":1,"strongestCompetitorDistanceKm":13.403913528672406,"strongestCompetitorPotential":64559.340236489435,"localConsolidatedShare":0.002816525988449578,"localConsolidatedMass":634,"localContributorCount":1,"localContributorDistancesKm":[],"rejectionReasons":["below_secondary_share_floor"]},{"longitude":27.021856278236726,"latitude":58.67580605016991,"massShare":0.001550422034651266,"assignedMass":349,"assignedPointCount":26,"prominenceRatio":1,"strongestCompetitorDistanceKm":37.27561432411462,"strongestCompetitorPotential":64559.340236489435,"localConsolidatedShare":0.001550422034651266,"localConsolidatedMass":349,"localContributorCount":1,"localContributorDistancesKm":[],"rejectionReasons":["below_secondary_share_floor"]},{"longitude":26.199373904576287,"latitude":58.09719404824745,"massShare":0.0015904042647712129,"assignedMass":358,"assignedPointCount":30,"prominenceRatio":1,"strongestCompetitorDistanceKm":43.47222260907684,"strongestCompetitorPotential":64559.340236489435,"localConsolidatedShare":0.0015904042647712129,"localConsolidatedMass":358,"localContributorCount":1,"localContributorDistancesKm":[],"rejectionReasons":["below_secondary_share_floor"]},{"longitude":26.20041689107768,"latitude":58.18536707052572,"massShare":0.0013460684140382052,"assignedMass":303,"assignedPointCount":18,"prominenceRatio":1,"strongestCompetitorDistanceKm":37.466476386641354,"strongestCompetitorPotential":64559.340236489435,"localConsolidatedShare":0.0013460684140382052,"localConsolidatedMass":303,"localContributorCount":1,"localContributorDistancesKm":[],"rejectionReasons":["below_secondary_share_floor"]},{"longitude":26.27857151063659,"latitude":57.95491172556334,"massShare":0.0011239449133718347,"assignedMass":253,"assignedPointCount":17,"prominenceRatio":1,"strongestCompetitorDistanceKm":53.67989568811859,"strongestCompetitorPotential":null,"localConsolidatedShare":0.0011239449133718347,"localConsolidatedMass":253,"localContributorCount":1,"localContributorDistancesKm":[],"rejectionReasons":["below_secondary_share_floor"]},{"longitude":26.73656290667807,"latitude":58.61361877827381,"massShare":0.0014438027543314082,"assignedMass":325,"assignedPointCount":25,"prominenceRatio":1,"strongestCompetitorDistanceKm":26.10428995567842,"strongestCompetitorPotential":64559.340236489435,"localConsolidatedShare":0.0014438027543314082,"localConsolidatedMass":325,"localContributorCount":1,"localContributorDistancesKm":[],"rejectionReasons":["below_secondary_share_floor"]},{"longitude":26.41775312634709,"latitude":58.008709059743424,"massShare":0.0018924922256774767,"assignedMass":426,"assignedPointCount":28,"prominenceRatio":1,"strongestCompetitorDistanceKm":44.503671225072516,"strongestCompetitorPotential":64559.340236489435,"localConsolidatedShare":0.0018924922256774767,"localConsolidatedMass":426,"localContributorCount":1,"localContributorDistancesKm":[],"rejectionReasons":["below_secondary_share_floor"]},{"longitude":26.566572104812213,"latitude":58.19712952971792,"massShare":0.001981341625944025,"assignedMass":446,"assignedPointCount":37,"prominenceRatio":1,"strongestCompetitorDistanceKm":21.54956732167628,"strongestCompetitorPotential":64559.340236489435,"localConsolidatedShare":0.001981341625944025,"localConsolidatedMass":446,"localContributorCount":1,"localContributorDistancesKm":[],"rejectionReasons":["below_secondary_share_floor"]},{"longitude":26.684462757835224,"latitude":58.57770931344258,"massShare":0.0012527765437583295,"assignedMass":282,"assignedPointCount":12,"prominenceRatio":1,"strongestCompetitorDistanceKm":22.34725188054463,"strongestCompetitorPotential":64559.340236489435,"localConsolidatedShare":0.0012527765437583295,"localConsolidatedMass":282,"localContributorCount":1,"localContributorDistancesKm":[],"rejectionReasons":["below_secondary_share_floor"]},{"longitude":27.429052840887177,"latitude":58.15429170387528,"massShare":0.001928031985784096,"assignedMass":434,"assignedPointCount":34,"prominenceRatio":1,"strongestCompetitorDistanceKm":49.36149463262195,"strongestCompetitorPotential":64559.340236489435,"localConsolidatedShare":0.001928031985784096,"localConsolidatedMass":434,"localContributorCount":1,"localContributorDistancesKm":[],"rejectionReasons":["below_secondary_share_floor"]},{"longitude":26.866721782055745,"latitude":58.419239249753765,"massShare":0.0023322967569968903,"assignedMass":525,"assignedPointCount":40,"prominenceRatio":0.9999999999998629,"strongestCompetitorDistanceKm":10.951471492324371,"strongestCompetitorPotential":64559.340236489435,"localConsolidatedShare":0.0023322967569968903,"localConsolidatedMass":525,"localContributorCount":1,"localContributorDistancesKm":[],"rejectionReasons":["below_secondary_share_floor"]},{"longitude":26.9264334288566,"latitude":58.443765219873875,"massShare":0.0015904042647712129,"assignedMass":358,"assignedPointCount":32,"prominenceRatio":1,"strongestCompetitorDistanceKm":13.87129893234972,"strongestCompetitorPotential":64559.340236489435,"localConsolidatedShare":0.0015904042647712129,"localConsolidatedMass":358,"localContributorCount":1,"localContributorDistancesKm":[],"rejectionReasons":["below_secondary_share_floor"]},{"longitude":26.96045130468446,"latitude":58.05668467418799,"massShare":0.0011950244335850733,"assignedMass":269,"assignedPointCount":17,"prominenceRatio":1,"strongestCompetitorDistanceKm":37.38015710352279,"strongestCompetitorPotential":64559.340236489435,"localConsolidatedShare":0.0011950244335850733,"localConsolidatedMass":269,"localContributorCount":1,"localContributorDistancesKm":[],"rejectionReasons":["below_secondary_share_floor"]},{"longitude":26.6395822804411,"latitude":58.08540923743939,"massShare":0.0013460684140382052,"assignedMass":303,"assignedPointCount":25,"prominenceRatio":1,"strongestCompetitorDistanceKm":32.421637083026354,"strongestCompetitorPotential":64559.340236489435,"localConsolidatedShare":0.0013460684140382052,"localConsolidatedMass":303,"localContributorCount":1,"localContributorDistancesKm":[],"rejectionReasons":["below_secondary_share_floor"]},{"longitude":27.01603379644896,"latitude":58.14101961239926,"massShare":0.0009373611728120835,"assignedMass":211,"assignedPointCount":11,"prominenceRatio":1,"strongestCompetitorDistanceKm":31.435782809769922,"strongestCompetitorPotential":64559.340236489435,"localConsolidatedShare":0.0009373611728120835,"localConsolidatedMass":211,"localContributorCount":1,"localContributorDistancesKm":[],"rejectionReasons":["below_secondary_share_floor"]},{"longitude":27.446913035356864,"latitude":58.23478197193249,"massShare":0.0012305641936916926,"assignedMass":277,"assignedPointCount":26,"prominenceRatio":1,"strongestCompetitorDistanceKm":46.05004125719996,"strongestCompetitorPotential":64559.340236489435,"localConsolidatedShare":0.0012305641936916926,"localConsolidatedMass":277,"localContributorCount":1,"localContributorDistancesKm":[],"rejectionReasons":["below_secondary_share_floor"]},{"longitude":26.641707841584672,"latitude":58.17373217294209,"massShare":0.0011106175033318525,"assignedMass":250,"assignedPointCount":13,"prominenceRatio":1,"strongestCompetitorDistanceKm":22.97710932899541,"strongestCompetitorPotential":64559.340236489435,"localConsolidatedShare":0.0011106175033318525,"localConsolidatedMass":250,"localContributorCount":1,"localContributorDistancesKm":[],"rejectionReasons":["below_secondary_share_floor"]},{"longitude":26.515128745583276,"latitude":58.12787561196321,"massShare":0.001830297645490893,"assignedMass":412,"assignedPointCount":35,"prominenceRatio":1,"strongestCompetitorDistanceKm":29.967337230850177,"strongestCompetitorPotential":64559.340236489435,"localConsolidatedShare":0.001830297645490893,"localConsolidatedMass":412,"localContributorCount":1,"localContributorDistancesKm":[],"rejectionReasons":["below_secondary_share_floor"]},{"longitude":26.304444694271684,"latitude":58.18632921524165,"massShare":0.0015015548645046647,"assignedMass":338,"assignedPointCount":24,"prominenceRatio":1,"strongestCompetitorDistanceKm":33.38949022047055,"strongestCompetitorPotential":64559.340236489435,"localConsolidatedShare":0.0015015548645046647,"localConsolidatedMass":338,"localContributorCount":1,"localContributorDistancesKm":[],"rejectionReasons":["below_secondary_share_floor"]},{"longitude":27.29287174261295,"latitude":58.04750392116765,"massShare":0.0009018214127054642,"assignedMass":203,"assignedPointCount":17,"prominenceRatio":1,"strongestCompetitorDistanceKm":49.640871408811506,"strongestCompetitorPotential":64559.340236489435,"localConsolidatedShare":0.0009018214127054642,"localConsolidatedMass":203,"localContributorCount":1,"localContributorDistancesKm":[],"rejectionReasons":["below_secondary_share_floor"]},{"longitude":27.21331576901424,"latitude":57.94764209057767,"massShare":0.0009684584629053754,"assignedMass":218,"assignedPointCount":25,"prominenceRatio":1,"strongestCompetitorDistanceKm":55.69277082885634,"strongestCompetitorPotential":null,"localConsolidatedShare":0.0009684584629053754,"localConsolidatedMass":218,"localContributorCount":1,"localContributorDistancesKm":[],"rejectionReasons":["below_secondary_share_floor"]},{"longitude":26.179789773246593,"latitude":58.33104149079419,"massShare":0.0012661039537983118,"assignedMass":285,"assignedPointCount":21,"prominenceRatio":1,"strongestCompetitorDistanceKm":31.89943654556516,"strongestCompetitorPotential":64559.340236489435,"localConsolidatedShare":0.0012661039537983118,"localConsolidatedMass":285,"localContributorCount":1,"localContributorDistancesKm":[],"rejectionReasons":["below_secondary_share_floor"]},{"longitude":26.700568812322445,"latitude":58.14611658727063,"massShare":0.0007641048422923145,"assignedMass":172,"assignedPointCount":15,"prominenceRatio":1,"strongestCompetitorDistanceKm":25.339759879590332,"strongestCompetitorPotential":64559.340236489435,"localConsolidatedShare":0.0007641048422923145,"localConsolidatedMass":172,"localContributorCount":1,"localContributorDistancesKm":[],"rejectionReasons":["below_secondary_share_floor"]},{"longitude":27.224589653763942,"latitude":58.09680910703317,"massShare":0.0011017325633051976,"assignedMass":248,"assignedPointCount":19,"prominenceRatio":1,"strongestCompetitorDistanceKm":43.29855267769154,"strongestCompetitorPotential":64559.340236489435,"localConsolidatedShare":0.0011017325633051976,"localConsolidatedMass":248,"localContributorCount":1,"localContributorDistancesKm":[],"rejectionReasons":["below_secondary_share_floor"]},{"longitude":27.214708003681313,"latitude":58.54755400168699,"massShare":0.0007596623722789871,"assignedMass":171,"assignedPointCount":20,"prominenceRatio":1,"strongestCompetitorDistanceKm":34.618408765710775,"strongestCompetitorPotential":64559.340236489435,"localConsolidatedShare":0.0007596623722789871,"localConsolidatedMass":171,"localContributorCount":1,"localContributorDistancesKm":[],"rejectionReasons":["below_secondary_share_floor"]},{"longitude":26.77712551465576,"latitude":58.53241330194182,"massShare":0.0006796979120390937,"assignedMass":153,"assignedPointCount":16,"prominenceRatio":1,"strongestCompetitorDistanceKm":17.04579572954008,"strongestCompetitorPotential":64559.340236489435,"localConsolidatedShare":0.0006796979120390937,"localConsolidatedMass":153,"localContributorCount":1,"localContributorDistancesKm":[],"rejectionReasons":["below_secondary_share_floor"]},{"longitude":26.899028724047252,"latitude":58.05749017795257,"massShare":0.0005864060417592181,"assignedMass":132,"assignedPointCount":12,"prominenceRatio":1,"strongestCompetitorDistanceKm":36.264415547511014,"strongestCompetitorPotential":64559.340236489435,"localConsolidatedShare":0.0005864060417592181,"localConsolidatedMass":132,"localContributorCount":1,"localContributorDistancesKm":[],"rejectionReasons":["below_secondary_share_floor"]},{"longitude":26.113952202889507,"latitude":58.20988314191056,"massShare":0.0007507774322523323,"assignedMass":169,"assignedPointCount":12,"prominenceRatio":1,"strongestCompetitorDistanceKm":40.14895077971484,"strongestCompetitorPotential":64559.340236489435,"localConsolidatedShare":0.0007507774322523323,"localConsolidatedMass":169,"localContributorCount":1,"localContributorDistancesKm":[],"rejectionReasons":["below_secondary_share_floor"]},{"longitude":27.069697440887246,"latitude":58.63554665296697,"massShare":0.0005908485117725455,"assignedMass":133,"assignedPointCount":17,"prominenceRatio":1,"strongestCompetitorDistanceKm":34.88322275305329,"strongestCompetitorPotential":64559.340236489435,"localConsolidatedShare":0.0005908485117725455,"localConsolidatedMass":133,"localContributorCount":1,"localContributorDistancesKm":[],"rejectionReasons":["below_secondary_share_floor"]},{"longitude":27.345092233260683,"latitude":58.08872616847609,"massShare":0.0006752554420257663,"assignedMass":152,"assignedPointCount":15,"prominenceRatio":1,"strongestCompetitorDistanceKm":48.19400211721762,"strongestCompetitorPotential":64559.340236489435,"localConsolidatedShare":0.0006752554420257663,"localConsolidatedMass":152,"localContributorCount":1,"localContributorDistancesKm":[],"rejectionReasons":["below_secondary_share_floor"]},{"longitude":26.33112888508848,"latitude":58.02842113701332,"massShare":0.0006796979120390937,"assignedMass":153,"assignedPointCount":9,"prominenceRatio":1,"strongestCompetitorDistanceKm":45.44665646110677,"strongestCompetitorPotential":64559.340236489435,"localConsolidatedShare":0.0006796979120390937,"localConsolidatedMass":153,"localContributorCount":1,"localContributorDistancesKm":[],"rejectionReasons":["below_min_points_per_center"]},{"longitude":26.496233028486202,"latitude":58.44349568116749,"massShare":0.000888494002665482,"assignedMass":200,"assignedPointCount":18,"prominenceRatio":1,"strongestCompetitorDistanceKm":15.379629618206803,"strongestCompetitorPotential":64559.340236489435,"localConsolidatedShare":0.000888494002665482,"localConsolidatedMass":200,"localContributorCount":1,"localContributorDistancesKm":[],"rejectionReasons":["below_secondary_share_floor"]},{"longitude":27.182383879797854,"latitude":58.057231281956035,"massShare":0.0006441581519324744,"assignedMass":145,"assignedPointCount":16,"prominenceRatio":1,"strongestCompetitorDistanceKm":44.430872337354636,"strongestCompetitorPotential":64559.340236489435,"localConsolidatedShare":0.0006441581519324744,"localConsolidatedMass":145,"localContributorCount":1,"localContributorDistancesKm":[],"rejectionReasons":["below_secondary_share_floor"]},{"longitude":27.08761020242328,"latitude":58.71752225739014,"massShare":0.0007463349622390049,"assignedMass":168,"assignedPointCount":20,"prominenceRatio":1,"strongestCompetitorDistanceKm":42.94059851331874,"strongestCompetitorPotential":64559.340236489435,"localConsolidatedShare":0.0007463349622390049,"localConsolidatedMass":168,"localContributorCount":1,"localContributorDistancesKm":[],"rejectionReasons":["below_secondary_share_floor"]},{"longitude":27.226595661673464,"latitude":58.49506259192725,"massShare":0.0006086183918258552,"assignedMass":137,"assignedPointCount":15,"prominenceRatio":1,"strongestCompetitorDistanceKm":32.835345860155414,"strongestCompetitorPotential":64559.340236489435,"localConsolidatedShare":0.0006086183918258552,"localConsolidatedMass":137,"localContributorCount":1,"localContributorDistancesKm":[],"rejectionReasons":["below_secondary_share_floor"]},{"longitude":26.481242735187532,"latitude":57.96931383440697,"massShare":0.0009284762327854286,"assignedMass":209,"assignedPointCount":24,"prominenceRatio":1,"strongestCompetitorDistanceKm":47.79460683660227,"strongestCompetitorPotential":64559.340236489435,"localConsolidatedShare":0.0009284762327854286,"localConsolidatedMass":209,"localContributorCount":1,"localContributorDistancesKm":[],"rejectionReasons":["below_secondary_share_floor"]},{"longitude":26.76925138733867,"latitude":58.57019317854296,"massShare":0.0005108840515326521,"assignedMass":115,"assignedPointCount":12,"prominenceRatio":1,"strongestCompetitorDistanceKm":22.109880670161576,"strongestCompetitorPotential":64559.340236489435,"localConsolidatedShare":0.0005108840515326521,"localConsolidatedMass":115,"localContributorCount":1,"localContributorDistancesKm":[],"rejectionReasons":["below_secondary_share_floor"]},{"longitude":27.323330170142828,"latitude":57.941693297003,"massShare":0.0003953798311861395,"assignedMass":89,"assignedPointCount":3,"prominenceRatio":1,"strongestCompetitorDistanceKm":59.78730028366703,"strongestCompetitorPotential":null,"localConsolidatedShare":0.0003953798311861395,"localConsolidatedMass":89,"localContributorCount":1,"localContributorDistancesKm":[],"rejectionReasons":["below_min_points_per_center"]},{"longitude":27.129313927189084,"latitude":58.27023441943783,"massShare":0.00037760995113282983,"assignedMass":85,"assignedPointCount":8,"prominenceRatio":1,"strongestCompetitorDistanceKm":26.50294253290655,"strongestCompetitorPotential":64559.340236489435,"localConsolidatedShare":0.00037760995113282983,"localConsolidatedMass":85,"localContributorCount":1,"localContributorDistancesKm":[],"rejectionReasons":["below_min_points_per_center"]},{"longitude":26.93418872889322,"latitude":58.22697985223289,"massShare":0.0007019102621057308,"assignedMass":158,"assignedPointCount":17,"prominenceRatio":1,"strongestCompetitorDistanceKm":21.348749752484757,"strongestCompetitorPotential":64559.340236489435,"localConsolidatedShare":0.0007019102621057308,"localConsolidatedMass":158,"localContributorCount":1,"localContributorDistancesKm":[],"rejectionReasons":["below_secondary_share_floor"]},{"longitude":27.260678750470525,"latitude":58.20537310129809,"massShare":0.0005153265215459796,"assignedMass":116,"assignedPointCount":13,"prominenceRatio":1,"strongestCompetitorDistanceKm":36.93968797991842,"strongestCompetitorPotential":64559.340236489435,"localConsolidatedShare":0.0005153265215459796,"localConsolidatedMass":116,"localContributorCount":1,"localContributorDistancesKm":[],"rejectionReasons":["below_secondary_share_floor"]},{"longitude":26.985528708945022,"latitude":58.72365005509115,"massShare":0.00042203465126610393,"assignedMass":95,"assignedPointCount":15,"prominenceRatio":1,"strongestCompetitorDistanceKm":40.739309093472116,"strongestCompetitorPotential":64559.340236489435,"localConsolidatedShare":0.00042203465126610393,"localConsolidatedMass":95,"localContributorCount":1,"localContributorDistancesKm":[],"rejectionReasons":["below_secondary_share_floor"]},{"longitude":26.939496898849814,"latitude":57.94269474966485,"massShare":0.0003154153709462461,"assignedMass":71,"assignedPointCount":7,"prominenceRatio":1,"strongestCompetitorDistanceKm":49.84359860898364,"strongestCompetitorPotential":64559.340236489435,"localConsolidatedShare":0.0003154153709462461,"localConsolidatedMass":71,"localContributorCount":1,"localContributorDistancesKm":[],"rejectionReasons":["below_min_points_per_center"]},{"longitude":26.820576982338647,"latitude":58.18818734006611,"massShare":0.0006130608618391826,"assignedMass":138,"assignedPointCount":15,"prominenceRatio":1,"strongestCompetitorDistanceKm":21.760168354560673,"strongestCompetitorPotential":64559.340236489435,"localConsolidatedShare":0.0006130608618391826,"localConsolidatedMass":138,"localContributorCount":1,"localContributorDistancesKm":[],"rejectionReasons":["below_secondary_share_floor"]},{"longitude":27.30604914428809,"latitude":58.26547710069202,"massShare":0.00037760995113282983,"assignedMass":85,"assignedPointCount":12,"prominenceRatio":1,"strongestCompetitorDistanceKm":36.4927722527837,"strongestCompetitorPotential":64559.340236489435,"localConsolidatedShare":0.00037760995113282983,"localConsolidatedMass":85,"localContributorCount":1,"localContributorDistancesKm":[],"rejectionReasons":["below_secondary_share_floor"]},{"longitude":26.236873078018935,"latitude":57.999827813032816,"massShare":0.000444247001332741,"assignedMass":100,"assignedPointCount":11,"prominenceRatio":1,"strongestCompetitorDistanceKm":50.31236748478277,"strongestCompetitorPotential":null,"localConsolidatedShare":0.000444247001332741,"localConsolidatedMass":100,"localContributorCount":1,"localContributorDistancesKm":[],"rejectionReasons":["below_secondary_share_floor"]},{"longitude":26.778380332673766,"latitude":58.161867509513876,"massShare":0.0002665482007996446,"assignedMass":60,"assignedPointCount":5,"prominenceRatio":1,"strongestCompetitorDistanceKm":23.95506581541857,"strongestCompetitorPotential":64559.340236489435,"localConsolidatedShare":0.0002665482007996446,"localConsolidatedMass":60,"localContributorCount":1,"localContributorDistancesKm":[],"rejectionReasons":["below_min_points_per_center"]},{"longitude":26.64602166333113,"latitude":58.014193333689576,"massShare":0.0005108840515326521,"assignedMass":115,"assignedPointCount":10,"prominenceRatio":1,"strongestCompetitorDistanceKm":41.35043387588777,"strongestCompetitorPotential":64559.340236489435,"localConsolidatedShare":0.0005108840515326521,"localConsolidatedMass":115,"localContributorCount":1,"localContributorDistancesKm":[],"rejectionReasons":["below_secondary_share_floor"]},{"longitude":26.986939799153415,"latitude":58.62985895543437,"massShare":0.0002265659706796979,"assignedMass":51,"assignedPointCount":5,"prominenceRatio":1,"strongestCompetitorDistanceKm":32.43391516553834,"strongestCompetitorPotential":64559.340236489435,"localConsolidatedShare":0.0002265659706796979,"localConsolidatedMass":51,"localContributorCount":1,"localContributorDistancesKm":[],"rejectionReasons":["below_min_points_per_center"]},{"longitude":27.51754663615967,"latitude":58.38068776383169,"massShare":0.0001821412705464238,"assignedMass":41,"assignedPointCount":4,"prominenceRatio":1,"strongestCompetitorDistanceKm":46.35924161882016,"strongestCompetitorPotential":64559.340236489435,"localConsolidatedShare":0.0001821412705464238,"localConsolidatedMass":41,"localContributorCount":1,"localContributorDistancesKm":[],"rejectionReasons":["below_min_points_per_center"]},{"longitude":26.652657358969282,"latitude":57.96416078180148,"massShare":0.00024877832074633494,"assignedMass":56,"assignedPointCount":8,"prominenceRatio":1,"strongestCompetitorDistanceKm":45.88853612378081,"strongestCompetitorPotential":64559.340236489435,"localConsolidatedShare":0.00024877832074633494,"localConsolidatedMass":56,"localContributorCount":1,"localContributorDistancesKm":[],"rejectionReasons":["below_min_points_per_center"]},{"longitude":27.190443500642125,"latitude":58.00667057868674,"massShare":0.0004797867614393603,"assignedMass":108,"assignedPointCount":16,"prominenceRatio":1,"strongestCompetitorDistanceKm":50.617409221160365,"strongestCompetitorPotential":null,"localConsolidatedShare":0.0004797867614393603,"localConsolidatedMass":108,"localContributorCount":1,"localContributorDistancesKm":[],"rejectionReasons":["below_secondary_share_floor"]},{"longitude":26.905841630852066,"latitude":58.58074122172913,"massShare":0.00032430031097290094,"assignedMass":73,"assignedPointCount":11,"prominenceRatio":1,"strongestCompetitorDistanceKm":25.39355571776325,"strongestCompetitorPotential":64559.340236489435,"localConsolidatedShare":0.00032430031097290094,"localConsolidatedMass":73,"localContributorCount":1,"localContributorDistancesKm":[],"rejectionReasons":["below_secondary_share_floor"]},{"longitude":26.119493771588715,"latitude":58.10304037388516,"massShare":0.0001332741003998223,"assignedMass":30,"assignedPointCount":2,"prominenceRatio":1,"strongestCompetitorDistanceKm":46.480365612016456,"strongestCompetitorPotential":64559.340236489435,"localConsolidatedShare":0.0001332741003998223,"localConsolidatedMass":30,"localContributorCount":1,"localContributorDistancesKm":[],"rejectionReasons":["below_min_points_per_center"]},{"longitude":26.79196915517166,"latitude":57.931655117657485,"massShare":0.00029764549089293646,"assignedMass":67,"assignedPointCount":5,"prominenceRatio":1,"strongestCompetitorDistanceKm":49.07929349123462,"strongestCompetitorPotential":64559.340236489435,"localConsolidatedShare":0.00029764549089293646,"localConsolidatedMass":67,"localContributorCount":1,"localContributorDistancesKm":[],"rejectionReasons":["below_min_points_per_center"]},{"longitude":27.411734218593946,"latitude":58.33741682242871,"massShare":0.00009773434029320302,"assignedMass":22,"assignedPointCount":2,"prominenceRatio":1,"strongestCompetitorDistanceKm":40.54509344983803,"strongestCompetitorPotential":64559.340236489435,"localConsolidatedShare":0.00009773434029320302,"localConsolidatedMass":22,"localContributorCount":1,"localContributorDistancesKm":[],"rejectionReasons":["below_min_points_per_center"]},{"longitude":27.362480540522114,"latitude":58.389613257126506,"massShare":0.00009329187027987562,"assignedMass":21,"assignedPointCount":3,"prominenceRatio":1,"strongestCompetitorDistanceKm":37.61616150755954,"strongestCompetitorPotential":64559.340236489435,"localConsolidatedShare":0.00009329187027987562,"localConsolidatedMass":21,"localContributorCount":1,"localContributorDistancesKm":[],"rejectionReasons":["below_min_points_per_center"]},{"longitude":27.414588020646264,"latitude":58.277533967124064,"massShare":0.00008440693025322079,"assignedMass":19,"assignedPointCount":2,"prominenceRatio":1,"strongestCompetitorDistanceKm":41.943206091231815,"strongestCompetitorPotential":64559.340236489435,"localConsolidatedShare":0.00008440693025322079,"localConsolidatedMass":19,"localContributorCount":1,"localContributorDistancesKm":[],"rejectionReasons":["below_min_points_per_center"]},{"longitude":27.05378838795625,"latitude":58.46849441625794,"massShare":0.00008440693025322079,"assignedMass":19,"assignedPointCount":2,"prominenceRatio":1,"strongestCompetitorDistanceKm":22.74960802287369,"strongestCompetitorPotential":64559.340236489435,"localConsolidatedShare":0.00008440693025322079,"localConsolidatedMass":19,"localContributorCount":1,"localContributorDistancesKm":[],"rejectionReasons":["below_min_points_per_center"]},{"longitude":27.065465997124402,"latitude":58.439804569326306,"massShare":0.00010661928031985784,"assignedMass":24,"assignedPointCount":3,"prominenceRatio":1,"strongestCompetitorDistanceKm":22.271939432576335,"strongestCompetitorPotential":64559.340236489435,"localConsolidatedShare":0.00010661928031985784,"localConsolidatedMass":24,"localContributorCount":1,"localContributorDistancesKm":[],"rejectionReasons":["below_min_points_per_center"]},{"longitude":26.477387504488004,"latitude":58.56445940050723,"massShare":0.0003109729009329187,"assignedMass":70,"assignedPointCount":11,"prominenceRatio":1,"strongestCompetitorDistanceKm":24.089887125421093,"strongestCompetitorPotential":64559.340236489435,"localConsolidatedShare":0.0003109729009329187,"localConsolidatedMass":70,"localContributorCount":1,"localContributorDistancesKm":[],"rejectionReasons":["below_secondary_share_floor"]},{"longitude":27.212044870053326,"latitude":58.27455723266612,"massShare":0.00006663705019991116,"assignedMass":15,"assignedPointCount":1,"prominenceRatio":1,"strongestCompetitorDistanceKm":30.766193394670985,"strongestCompetitorPotential":64559.340236489435,"localConsolidatedShare":0.00006663705019991116,"localConsolidatedMass":15,"localContributorCount":1,"localContributorDistancesKm":[],"rejectionReasons":["below_min_points_per_center"]},{"longitude":26.584709678387846,"latitude":57.96214471753412,"massShare":0.00009329187027987562,"assignedMass":21,"assignedPointCount":3,"prominenceRatio":1,"strongestCompetitorDistanceKm":48.274071632990804,"strongestCompetitorPotential":64559.340236489435,"localConsolidatedShare":0.00009329187027987562,"localConsolidatedMass":21,"localContributorCount":1,"localContributorDistancesKm":[],"rejectionReasons":["below_min_points_per_center"]},{"longitude":27.285030272588862,"latitude":58.32593180981762,"massShare":0.000057752110173256333,"assignedMass":13,"assignedPointCount":2,"prominenceRatio":1,"strongestCompetitorDistanceKm":33.428439051776685,"strongestCompetitorPotential":64559.340236489435,"localConsolidatedShare":0.000057752110173256333,"localConsolidatedMass":13,"localContributorCount":1,"localContributorDistancesKm":[],"rejectionReasons":["below_min_points_per_center"]},{"longitude":26.13544564853764,"latitude":58.38408872220133,"massShare":0.00003998223011994669,"assignedMass":9,"assignedPointCount":1,"prominenceRatio":1,"strongestCompetitorDistanceKm":34.346672000829194,"strongestCompetitorPotential":64559.340236489435,"localConsolidatedShare":0.00003998223011994669,"localConsolidatedMass":9,"localContributorCount":1,"localContributorDistancesKm":[],"rejectionReasons":["below_min_points_per_center"]},{"longitude":26.239573462690856,"latitude":58.419589158621775,"massShare":0.000044424700133274104,"assignedMass":10,"assignedPointCount":2,"prominenceRatio":1,"strongestCompetitorDistanceKm":28.93175824037167,"strongestCompetitorPotential":64559.340236489435,"localConsolidatedShare":0.000044424700133274104,"localConsolidatedMass":10,"localContributorCount":1,"localContributorDistancesKm":[],"rejectionReasons":["below_min_points_per_center"]},{"longitude":26.067044120361196,"latitude":58.082773518610765,"massShare":0.00003998223011994669,"assignedMass":9,"assignedPointCount":2,"prominenceRatio":1,"strongestCompetitorDistanceKm":49.695106634181066,"strongestCompetitorPotential":64559.340236489435,"localConsolidatedShare":0.00003998223011994669,"localConsolidatedMass":9,"localContributorCount":1,"localContributorDistancesKm":[],"rejectionReasons":["below_min_points_per_center"]},{"longitude":26.911252920880578,"latitude":58.64421372400901,"massShare":0.00003553976010661928,"assignedMass":8,"assignedPointCount":2,"prominenceRatio":1,"strongestCompetitorDistanceKm":31.780225108487087,"strongestCompetitorPotential":64559.340236489435,"localConsolidatedShare":0.00003553976010661928,"localConsolidatedMass":8,"localContributorCount":1,"localContributorDistancesKm":[],"rejectionReasons":["below_min_points_per_center"]}]}}}}}
