{"type":"FeatureCollection","features":[{"type":"Feature","properties":{"jobs":0,"pop":0,"pointCount":1,"homeWorkCommuteMedian":-1,"workHomeCommuteMedian":-1},"geometry":{"type":"Polygon","coordinates":[[[-106.68630871275461,31.610417286348213],[-106.68630871275461,31.61941048998546],[-106.67731550911736,31.61941048998546],[-106.67731550911736,31.610417286348213],[-106.68630871275461,31.610417286348213]]]}},{"type":"Feature","properties":{"jobs":6,"pop":0,"pointCount":1,"homeWorkCommuteMedian":-1,"workHomeCommuteMedian":18169},"geometry":{"type":"Polygon","coordinates":[[[-106.68630871275461,31.781288155455886],[-106.68630871275461,31.790281359093132],[-106.67731550911736,31.790281359093132],[-106.67731550911736,31.781288155455886],[-106.68630871275461,31.781288155455886]]]}},{"type":"Feature","properties":{"jobs":11,"pop":22,"pointCount":1,"homeWorkCommuteMedian":12136,"workHomeCommuteMedian":31283},"geometry":{"type":"Polygon","coordinates":[[[-106.68630871275461,32.03309785729877],[-106.68630871275461,32.042091060936016],[-106.67731550911736,32.042091060936016],[-106.67731550911736,32.03309785729877],[-106.68630871275461,32.03309785729877]]]}},{"type":"Feature","properties":{"jobs":0,"pop":0,"pointCount":1,"homeWorkCommuteMedian":-1,"workHomeCommuteMedian":-1},"geometry":{"type":"Polygon","coordinates":[[[-106.67731550911736,31.8622269881911],[-106.67731550911736,31.871220191828346],[-106.66832230548012,31.871220191828346],[-106.66832230548012,31.8622269881911],[-106.67731550911736,31.8622269881911]]]}},{"type":"Feature","properties":{"jobs":1,"pop":3,"pointCount":1,"homeWorkCommuteMedian":19113,"workHomeCommuteMedian":7634},"geometry":{"type":"Polygon","coordinates":[[[-106.67731550911736,31.90719300637733],[-106.67731550911736,31.916186210014576],[-106.66832230548012,31.916186210014576],[-106.66832230548012,31.90719300637733],[-106.67731550911736,31.90719300637733]]]}},{"type":"Feature","properties":{"jobs":2,"pop":5,"pointCount":1,"homeWorkCommuteMedian":3452,"workHomeCommuteMedian":8104},"geometry":{"type":"Polygon","coordinates":[[[-106.67731550911736,31.988131839112544],[-106.67731550911736,31.99712504274979],[-106.66832230548012,31.99712504274979],[-106.66832230548012,31.988131839112544],[-106.67731550911736,31.988131839112544]]]}},{"type":"Feature","properties":{"jobs":0,"pop":2,"pointCount":1,"homeWorkCommuteMedian":35152,"workHomeCommuteMedian":-1},"geometry":{"type":"Polygon","coordinates":[[[-106.67731550911736,32.00611824638703],[-106.67731550911736,32.01511145002428],[-106.66832230548012,32.01511145002428],[-106.66832230548012,32.00611824638703],[-106.67731550911736,32.00611824638703]]]}},{"type":"Feature","properties":{"jobs":0,"pop":0,"pointCount":1,"homeWorkCommuteMedian":-1,"workHomeCommuteMedian":-1},"geometry":{"type":"Polygon","coordinates":[[[-106.66832230548012,31.826254173642116],[-106.66832230548012,31.835247377279362],[-106.65932910184287,31.835247377279362],[-106.65932910184287,31.826254173642116],[-106.66832230548012,31.826254173642116]]]}},{"type":"Feature","properties":{"jobs":8,"pop":2,"pointCount":1,"homeWorkCommuteMedian":6255,"workHomeCommuteMedian":13523},"geometry":{"type":"Polygon","coordinates":[[[-106.66832230548012,31.970145431838052],[-106.66832230548012,31.979138635475298],[-106.65932910184287,31.979138635475298],[-106.65932910184287,31.970145431838052],[-106.66832230548012,31.970145431838052]]]}},{"type":"Feature","properties":{"jobs":0,"pop":0,"pointCount":1,"homeWorkCommuteMedian":-1,"workHomeCommuteMedian":-1},"geometry":{"type":"Polygon","coordinates":[[[-106.65932910184287,31.77229495181864],[-106.65932910184287,31.781288155455886],[-106.65033589820563,31.781288155455886],[-106.65033589820563,31.77229495181864],[-106.65932910184287,31.77229495181864]]]}},{"type":"Feature","properties":{"jobs":0,"pop":0,"pointCount":1,"homeWorkCommuteMedian":-1,"workHomeCommuteMedian":-1},"geometry":{"type":"Polygon","coordinates":[[[-106.65932910184287,31.781288155455886],[-106.65932910184287,31.790281359093132],[-106.65033589820563,31.790281359093132],[-106.65033589820563,31.781288155455886],[-106.65932910184287,31.781288155455886]]]}},{"type":"Feature","properties":{"jobs":14,"pop":435,"pointCount":1,"homeWorkCommuteMedian":12992,"workHomeCommuteMedian":9554},"geometry":{"type":"Polygon","coordinates":[[[-106.65932910184287,31.871220191828346],[-106.65932910184287,31.880213395465592],[-106.65033589820563,31.880213395465592],[-106.65033589820563,31.871220191828346],[-106.65932910184287,31.871220191828346]]]}},{"type":"Feature","properties":{"jobs":7,"pop":13,"pointCount":1,"homeWorkCommuteMedian":15722,"workHomeCommuteMedian":20272},"geometry":{"type":"Polygon","coordinates":[[[-106.65932910184287,31.898199802740084],[-106.65932910184287,31.90719300637733],[-106.65033589820563,31.90719300637733],[-106.65033589820563,31.898199802740084],[-106.65932910184287,31.898199802740084]]]}},{"type":"Feature","properties":{"jobs":1,"pop":44,"pointCount":1,"homeWorkCommuteMedian":10795,"workHomeCommuteMedian":1839},"geometry":{"type":"Polygon","coordinates":[[[-106.65932910184287,31.916186210014576],[-106.65932910184287,31.925179413651822],[-106.65033589820563,31.925179413651822],[-106.65033589820563,31.916186210014576],[-106.65932910184287,31.916186210014576]]]}},{"type":"Feature","properties":{"jobs":18,"pop":23,"pointCount":1,"homeWorkCommuteMedian":17339,"workHomeCommuteMedian":12150},"geometry":{"type":"Polygon","coordinates":[[[-106.65932910184287,31.934172617289068],[-106.65932910184287,31.943165820926314],[-106.65033589820563,31.943165820926314],[-106.65033589820563,31.934172617289068],[-106.65932910184287,31.934172617289068]]]}},{"type":"Feature","properties":{"jobs":38,"pop":66,"pointCount":1,"homeWorkCommuteMedian":7743,"workHomeCommuteMedian":13900},"geometry":{"type":"Polygon","coordinates":[[[-106.65932910184287,31.95215902456356],[-106.65932910184287,31.961152228200806],[-106.65033589820563,31.961152228200806],[-106.65033589820563,31.95215902456356],[-106.65932910184287,31.95215902456356]]]}},{"type":"Feature","properties":{"jobs":3,"pop":5,"pointCount":1,"homeWorkCommuteMedian":33014,"workHomeCommuteMedian":0},"geometry":{"type":"Polygon","coordinates":[[[-106.65932910184287,32.01511145002428],[-106.65932910184287,32.024104653661524],[-106.65033589820563,32.024104653661524],[-106.65033589820563,32.01511145002428],[-106.65932910184287,32.01511145002428]]]}},{"type":"Feature","properties":{"jobs":4,"pop":3,"pointCount":1,"homeWorkCommuteMedian":7973,"workHomeCommuteMedian":30679},"geometry":{"type":"Polygon","coordinates":[[[-106.65932910184287,32.03309785729877],[-106.65932910184287,32.042091060936016],[-106.65033589820563,32.042091060936016],[-106.65033589820563,32.03309785729877],[-106.65932910184287,32.03309785729877]]]}},{"type":"Feature","properties":{"jobs":5,"pop":5,"pointCount":1,"homeWorkCommuteMedian":25618,"workHomeCommuteMedian":5165},"geometry":{"type":"Polygon","coordinates":[[[-106.65033589820563,31.84424058091661],[-106.65033589820563,31.853233784553854],[-106.64134269456838,31.853233784553854],[-106.64134269456838,31.84424058091661],[-106.65033589820563,31.84424058091661]]]}},{"type":"Feature","properties":{"jobs":270,"pop":205,"pointCount":1,"homeWorkCommuteMedian":19660,"workHomeCommuteMedian":11424},"geometry":{"type":"Polygon","coordinates":[[[-106.65033589820563,31.8622269881911],[-106.65033589820563,31.871220191828346],[-106.64134269456838,31.871220191828346],[-106.64134269456838,31.8622269881911],[-106.65033589820563,31.8622269881911]]]}},{"type":"Feature","properties":{"jobs":0,"pop":0,"pointCount":1,"homeWorkCommuteMedian":-1,"workHomeCommuteMedian":-1},"geometry":{"type":"Polygon","coordinates":[[[-106.65033589820563,31.889206599102838],[-106.65033589820563,31.898199802740084],[-106.64134269456838,31.898199802740084],[-106.64134269456838,31.889206599102838],[-106.65033589820563,31.889206599102838]]]}},{"type":"Feature","properties":{"jobs":3,"pop":0,"pointCount":1,"homeWorkCommuteMedian":-1,"workHomeCommuteMedian":10795},"geometry":{"type":"Polygon","coordinates":[[[-106.65033589820563,31.979138635475298],[-106.65033589820563,31.988131839112544],[-106.64134269456838,31.988131839112544],[-106.64134269456838,31.979138635475298],[-106.65033589820563,31.979138635475298]]]}},{"type":"Feature","properties":{"jobs":3,"pop":3,"pointCount":1,"homeWorkCommuteMedian":21967,"workHomeCommuteMedian":10739},"geometry":{"type":"Polygon","coordinates":[[[-106.64134269456838,31.943165820926314],[-106.64134269456838,31.95215902456356],[-106.63234949093113,31.95215902456356],[-106.63234949093113,31.943165820926314],[-106.64134269456838,31.943165820926314]]]}},{"type":"Feature","properties":{"jobs":0,"pop":4,"pointCount":1,"homeWorkCommuteMedian":9590,"workHomeCommuteMedian":-1},"geometry":{"type":"Polygon","coordinates":[[[-106.64134269456838,31.961152228200806],[-106.64134269456838,31.970145431838052],[-106.63234949093113,31.970145431838052],[-106.63234949093113,31.961152228200806],[-106.64134269456838,31.961152228200806]]]}},{"type":"Feature","properties":{"jobs":113,"pop":15,"pointCount":1,"homeWorkCommuteMedian":5912,"workHomeCommuteMedian":15722},"geometry":{"type":"Polygon","coordinates":[[[-106.64134269456838,31.99712504274979],[-106.64134269456838,32.00611824638703],[-106.63234949093113,32.00611824638703],[-106.63234949093113,31.99712504274979],[-106.64134269456838,31.99712504274979]]]}},{"type":"Feature","properties":{"jobs":99,"pop":152,"pointCount":1,"homeWorkCommuteMedian":14179,"workHomeCommuteMedian":21982},"geometry":{"type":"Polygon","coordinates":[[[-106.63234949093113,31.84424058091661],[-106.63234949093113,31.853233784553854],[-106.62335628729389,31.853233784553854],[-106.62335628729389,31.84424058091661],[-106.63234949093113,31.84424058091661]]]}},{"type":"Feature","properties":{"jobs":74,"pop":35,"pointCount":1,"homeWorkCommuteMedian":15551,"workHomeCommuteMedian":34581},"geometry":{"type":"Polygon","coordinates":[[[-106.63234949093113,31.853233784553854],[-106.63234949093113,31.8622269881911],[-106.62335628729389,31.8622269881911],[-106.62335628729389,31.853233784553854],[-106.63234949093113,31.853233784553854]]]}},{"type":"Feature","properties":{"jobs":50,"pop":61,"pointCount":1,"homeWorkCommuteMedian":35334,"workHomeCommuteMedian":31497},"geometry":{"type":"Polygon","coordinates":[[[-106.63234949093113,31.871220191828346],[-106.63234949093113,31.880213395465592],[-106.62335628729389,31.880213395465592],[-106.62335628729389,31.871220191828346],[-106.63234949093113,31.871220191828346]]]}},{"type":"Feature","properties":{"jobs":91,"pop":215,"pointCount":1,"homeWorkCommuteMedian":26341,"workHomeCommuteMedian":29752},"geometry":{"type":"Polygon","coordinates":[[[-106.63234949093113,31.898199802740084],[-106.63234949093113,31.90719300637733],[-106.62335628729389,31.90719300637733],[-106.62335628729389,31.898199802740084],[-106.63234949093113,31.898199802740084]]]}},{"type":"Feature","properties":{"jobs":1,"pop":0,"pointCount":1,"homeWorkCommuteMedian":-1,"workHomeCommuteMedian":4817},"geometry":{"type":"Polygon","coordinates":[[[-106.63234949093113,31.99712504274979],[-106.63234949093113,32.00611824638703],[-106.62335628729389,32.00611824638703],[-106.62335628729389,31.99712504274979],[-106.63234949093113,31.99712504274979]]]}},{"type":"Feature","properties":{"jobs":18,"pop":3,"pointCount":1,"homeWorkCommuteMedian":5749,"workHomeCommuteMedian":26502},"geometry":{"type":"Polygon","coordinates":[[[-106.63234949093113,32.01511145002428],[-106.63234949093113,32.024104653661524],[-106.62335628729389,32.024104653661524],[-106.62335628729389,32.01511145002428],[-106.63234949093113,32.01511145002428]]]}},{"type":"Feature","properties":{"jobs":8,"pop":18,"pointCount":1,"homeWorkCommuteMedian":8701,"workHomeCommuteMedian":29347},"geometry":{"type":"Polygon","coordinates":[[[-106.62335628729389,31.81726097000487],[-106.62335628729389,31.826254173642116],[-106.61436308365664,31.826254173642116],[-106.61436308365664,31.81726097000487],[-106.62335628729389,31.81726097000487]]]}},{"type":"Feature","properties":{"jobs":80,"pop":852,"pointCount":1,"homeWorkCommuteMedian":23615,"workHomeCommuteMedian":29735},"geometry":{"type":"Polygon","coordinates":[[[-106.62335628729389,31.8622269881911],[-106.62335628729389,31.871220191828346],[-106.61436308365664,31.871220191828346],[-106.61436308365664,31.8622269881911],[-106.62335628729389,31.8622269881911]]]}},{"type":"Feature","properties":{"jobs":3,"pop":1199,"pointCount":1,"homeWorkCommuteMedian":25395,"workHomeCommuteMedian":13574},"geometry":{"type":"Polygon","coordinates":[[[-106.62335628729389,31.871220191828346],[-106.62335628729389,31.880213395465592],[-106.61436308365664,31.880213395465592],[-106.61436308365664,31.871220191828346],[-106.62335628729389,31.871220191828346]]]}},{"type":"Feature","properties":{"jobs":62,"pop":518,"pointCount":1,"homeWorkCommuteMedian":29777,"workHomeCommuteMedian":28110},"geometry":{"type":"Polygon","coordinates":[[[-106.62335628729389,31.880213395465592],[-106.62335628729389,31.889206599102838],[-106.61436308365664,31.889206599102838],[-106.61436308365664,31.880213395465592],[-106.62335628729389,31.880213395465592]]]}},{"type":"Feature","properties":{"jobs":23,"pop":45,"pointCount":1,"homeWorkCommuteMedian":31206,"workHomeCommuteMedian":13839},"geometry":{"type":"Polygon","coordinates":[[[-106.62335628729389,31.925179413651822],[-106.62335628729389,31.934172617289068],[-106.61436308365664,31.934172617289068],[-106.61436308365664,31.925179413651822],[-106.62335628729389,31.925179413651822]]]}},{"type":"Feature","properties":{"jobs":58,"pop":9,"pointCount":1,"homeWorkCommuteMedian":33192,"workHomeCommuteMedian":28644},"geometry":{"type":"Polygon","coordinates":[[[-106.62335628729389,31.961152228200806],[-106.62335628729389,31.970145431838052],[-106.61436308365664,31.970145431838052],[-106.61436308365664,31.961152228200806],[-106.62335628729389,31.961152228200806]]]}},{"type":"Feature","properties":{"jobs":1,"pop":2,"pointCount":1,"homeWorkCommuteMedian":7430,"workHomeCommuteMedian":62821},"geometry":{"type":"Polygon","coordinates":[[[-106.62335628729389,31.979138635475298],[-106.62335628729389,31.988131839112544],[-106.61436308365664,31.988131839112544],[-106.61436308365664,31.979138635475298],[-106.62335628729389,31.979138635475298]]]}},{"type":"Feature","properties":{"jobs":283,"pop":68,"pointCount":1,"homeWorkCommuteMedian":26223,"workHomeCommuteMedian":27123},"geometry":{"type":"Polygon","coordinates":[[[-106.61436308365664,31.84424058091661],[-106.61436308365664,31.853233784553854],[-106.6053698800194,31.853233784553854],[-106.6053698800194,31.84424058091661],[-106.61436308365664,31.84424058091661]]]}},{"type":"Feature","properties":{"jobs":100,"pop":215,"pointCount":1,"homeWorkCommuteMedian":26509,"workHomeCommuteMedian":30926},"geometry":{"type":"Polygon","coordinates":[[[-106.61436308365664,31.853233784553854],[-106.61436308365664,31.8622269881911],[-106.6053698800194,31.8622269881911],[-106.6053698800194,31.853233784553854],[-106.61436308365664,31.853233784553854]]]}},{"type":"Feature","properties":{"jobs":17,"pop":1068,"pointCount":1,"homeWorkCommuteMedian":30961,"workHomeCommuteMedian":13975},"geometry":{"type":"Polygon","coordinates":[[[-106.61436308365664,31.8622269881911],[-106.61436308365664,31.871220191828346],[-106.6053698800194,31.871220191828346],[-106.6053698800194,31.8622269881911],[-106.61436308365664,31.8622269881911]]]}},{"type":"Feature","properties":{"jobs":162,"pop":495,"pointCount":1,"homeWorkCommuteMedian":27069,"workHomeCommuteMedian":25700},"geometry":{"type":"Polygon","coordinates":[[[-106.61436308365664,31.871220191828346],[-106.61436308365664,31.880213395465592],[-106.6053698800194,31.880213395465592],[-106.6053698800194,31.871220191828346],[-106.61436308365664,31.871220191828346]]]}},{"type":"Feature","properties":{"jobs":5,"pop":92,"pointCount":1,"homeWorkCommuteMedian":32125,"workHomeCommuteMedian":24677},"geometry":{"type":"Polygon","coordinates":[[[-106.61436308365664,31.898199802740084],[-106.61436308365664,31.90719300637733],[-106.6053698800194,31.90719300637733],[-106.6053698800194,31.898199802740084],[-106.61436308365664,31.898199802740084]]]}},{"type":"Feature","properties":{"jobs":109,"pop":11,"pointCount":1,"homeWorkCommuteMedian":44992,"workHomeCommuteMedian":38075},"geometry":{"type":"Polygon","coordinates":[[[-106.61436308365664,31.970145431838052],[-106.61436308365664,31.979138635475298],[-106.6053698800194,31.979138635475298],[-106.6053698800194,31.970145431838052],[-106.61436308365664,31.970145431838052]]]}},{"type":"Feature","properties":{"jobs":447,"pop":78,"pointCount":1,"homeWorkCommuteMedian":10907,"workHomeCommuteMedian":19113},"geometry":{"type":"Polygon","coordinates":[[[-106.61436308365664,32.00611824638703],[-106.61436308365664,32.01511145002428],[-106.6053698800194,32.01511145002428],[-106.6053698800194,32.00611824638703],[-106.61436308365664,32.00611824638703]]]}},{"type":"Feature","properties":{"jobs":35,"pop":124,"pointCount":1,"homeWorkCommuteMedian":13900,"workHomeCommuteMedian":24730},"geometry":{"type":"Polygon","coordinates":[[[-106.61436308365664,32.024104653661524],[-106.61436308365664,32.03309785729877],[-106.6053698800194,32.03309785729877],[-106.6053698800194,32.024104653661524],[-106.61436308365664,32.024104653661524]]]}},{"type":"Feature","properties":{"jobs":0,"pop":0,"pointCount":1,"homeWorkCommuteMedian":-1,"workHomeCommuteMedian":-1},"geometry":{"type":"Polygon","coordinates":[[[-106.6053698800194,31.736322137269656],[-106.6053698800194,31.745315340906902],[-106.59637667638215,31.745315340906902],[-106.59637667638215,31.736322137269656],[-106.6053698800194,31.736322137269656]]]}},{"type":"Feature","properties":{"jobs":78,"pop":966,"pointCount":1,"homeWorkCommuteMedian":26074,"workHomeCommuteMedian":29633},"geometry":{"type":"Polygon","coordinates":[[[-106.6053698800194,31.853233784553854],[-106.6053698800194,31.8622269881911],[-106.59637667638215,31.8622269881911],[-106.59637667638215,31.853233784553854],[-106.6053698800194,31.853233784553854]]]}},{"type":"Feature","properties":{"jobs":637,"pop":1012,"pointCount":1,"homeWorkCommuteMedian":25483,"workHomeCommuteMedian":27071},"geometry":{"type":"Polygon","coordinates":[[[-106.6053698800194,31.871220191828346],[-106.6053698800194,31.880213395465592],[-106.59637667638215,31.880213395465592],[-106.59637667638215,31.871220191828346],[-106.6053698800194,31.871220191828346]]]}},{"type":"Feature","properties":{"jobs":409,"pop":562,"pointCount":1,"homeWorkCommuteMedian":30664,"workHomeCommuteMedian":31964},"geometry":{"type":"Polygon","coordinates":[[[-106.6053698800194,31.916186210014576],[-106.6053698800194,31.925179413651822],[-106.59637667638215,31.925179413651822],[-106.59637667638215,31.916186210014576],[-106.6053698800194,31.916186210014576]]]}},{"type":"Feature","properties":{"jobs":76,"pop":128,"pointCount":1,"homeWorkCommuteMedian":33455,"workHomeCommuteMedian":35368},"geometry":{"type":"Polygon","coordinates":[[[-106.6053698800194,31.979138635475298],[-106.6053698800194,31.988131839112544],[-106.59637667638215,31.988131839112544],[-106.59637667638215,31.979138635475298],[-106.6053698800194,31.979138635475298]]]}},{"type":"Feature","properties":{"jobs":135,"pop":195,"pointCount":1,"homeWorkCommuteMedian":43232,"workHomeCommuteMedian":42565},"geometry":{"type":"Polygon","coordinates":[[[-106.6053698800194,31.988131839112544],[-106.6053698800194,31.99712504274979],[-106.59637667638215,31.99712504274979],[-106.59637667638215,31.988131839112544],[-106.6053698800194,31.988131839112544]]]}},{"type":"Feature","properties":{"jobs":265,"pop":23,"pointCount":1,"homeWorkCommuteMedian":33696,"workHomeCommuteMedian":33735},"geometry":{"type":"Polygon","coordinates":[[[-106.6053698800194,31.99712504274979],[-106.6053698800194,32.00611824638703],[-106.59637667638215,32.00611824638703],[-106.59637667638215,31.99712504274979],[-106.6053698800194,31.99712504274979]]]}},{"type":"Feature","properties":{"jobs":130,"pop":251,"pointCount":1,"homeWorkCommuteMedian":11464,"workHomeCommuteMedian":22068},"geometry":{"type":"Polygon","coordinates":[[[-106.6053698800194,32.01511145002428],[-106.6053698800194,32.024104653661524],[-106.59637667638215,32.024104653661524],[-106.59637667638215,32.01511145002428],[-106.6053698800194,32.01511145002428]]]}},{"type":"Feature","properties":{"jobs":19,"pop":4,"pointCount":1,"homeWorkCommuteMedian":4691,"workHomeCommuteMedian":24734},"geometry":{"type":"Polygon","coordinates":[[[-106.6053698800194,32.03309785729877],[-106.6053698800194,32.042091060936016],[-106.59637667638215,32.042091060936016],[-106.59637667638215,32.03309785729877],[-106.6053698800194,32.03309785729877]]]}},{"type":"Feature","properties":{"jobs":98,"pop":13,"pointCount":1,"homeWorkCommuteMedian":12328,"workHomeCommuteMedian":16427},"geometry":{"type":"Polygon","coordinates":[[[-106.59637667638215,31.610417286348213],[-106.59637667638215,31.61941048998546],[-106.5873834727449,31.61941048998546],[-106.5873834727449,31.610417286348213],[-106.59637667638215,31.610417286348213]]]}},{"type":"Feature","properties":{"jobs":292,"pop":468,"pointCount":1,"homeWorkCommuteMedian":19097,"workHomeCommuteMedian":29564},"geometry":{"type":"Polygon","coordinates":[[[-106.59637667638215,31.808267766367624],[-106.59637667638215,31.81726097000487],[-106.5873834727449,31.81726097000487],[-106.5873834727449,31.808267766367624],[-106.59637667638215,31.808267766367624]]]}},{"type":"Feature","properties":{"jobs":252,"pop":126,"pointCount":1,"homeWorkCommuteMedian":23880,"workHomeCommuteMedian":22731},"geometry":{"type":"Polygon","coordinates":[[[-106.59637667638215,31.826254173642116],[-106.59637667638215,31.835247377279362],[-106.5873834727449,31.835247377279362],[-106.5873834727449,31.826254173642116],[-106.59637667638215,31.826254173642116]]]}},{"type":"Feature","properties":{"jobs":366,"pop":850,"pointCount":2,"homeWorkCommuteMedian":24602,"workHomeCommuteMedian":26999},"geometry":{"type":"Polygon","coordinates":[[[-106.59637667638215,31.8622269881911],[-106.59637667638215,31.871220191828346],[-106.5873834727449,31.871220191828346],[-106.5873834727449,31.8622269881911],[-106.59637667638215,31.8622269881911]]]}},{"type":"Feature","properties":{"jobs":412,"pop":1524,"pointCount":2,"homeWorkCommuteMedian":24168,"workHomeCommuteMedian":25700},"geometry":{"type":"Polygon","coordinates":[[[-106.59637667638215,31.880213395465592],[-106.59637667638215,31.889206599102838],[-106.5873834727449,31.889206599102838],[-106.5873834727449,31.880213395465592],[-106.59637667638215,31.880213395465592]]]}},{"type":"Feature","properties":{"jobs":754,"pop":888,"pointCount":2,"homeWorkCommuteMedian":23882,"workHomeCommuteMedian":29099},"geometry":{"type":"Polygon","coordinates":[[[-106.59637667638215,31.898199802740084],[-106.59637667638215,31.90719300637733],[-106.5873834727449,31.90719300637733],[-106.5873834727449,31.898199802740084],[-106.59637667638215,31.898199802740084]]]}},{"type":"Feature","properties":{"jobs":139,"pop":1183,"pointCount":1,"homeWorkCommuteMedian":29968,"workHomeCommuteMedian":32597},"geometry":{"type":"Polygon","coordinates":[[[-106.59637667638215,31.90719300637733],[-106.59637667638215,31.916186210014576],[-106.5873834727449,31.916186210014576],[-106.5873834727449,31.90719300637733],[-106.59637667638215,31.90719300637733]]]}},{"type":"Feature","properties":{"jobs":57,"pop":220,"pointCount":1,"homeWorkCommuteMedian":31750,"workHomeCommuteMedian":25586},"geometry":{"type":"Polygon","coordinates":[[[-106.59637667638215,31.934172617289068],[-106.59637667638215,31.943165820926314],[-106.5873834727449,31.943165820926314],[-106.5873834727449,31.934172617289068],[-106.59637667638215,31.934172617289068]]]}},{"type":"Feature","properties":{"jobs":474,"pop":822,"pointCount":1,"homeWorkCommuteMedian":33219,"workHomeCommuteMedian":40090},"geometry":{"type":"Polygon","coordinates":[[[-106.59637667638215,31.95215902456356],[-106.59637667638215,31.961152228200806],[-106.5873834727449,31.961152228200806],[-106.5873834727449,31.95215902456356],[-106.59637667638215,31.95215902456356]]]}},{"type":"Feature","properties":{"jobs":178,"pop":258,"pointCount":1,"homeWorkCommuteMedian":30832,"workHomeCommuteMedian":37786},"geometry":{"type":"Polygon","coordinates":[[[-106.59637667638215,31.961152228200806],[-106.59637667638215,31.970145431838052],[-106.5873834727449,31.970145431838052],[-106.5873834727449,31.961152228200806],[-106.59637667638215,31.961152228200806]]]}},{"type":"Feature","properties":{"jobs":579,"pop":1033,"pointCount":1,"homeWorkCommuteMedian":30693,"workHomeCommuteMedian":37028},"geometry":{"type":"Polygon","coordinates":[[[-106.59637667638215,31.970145431838052],[-106.59637667638215,31.979138635475298],[-106.5873834727449,31.979138635475298],[-106.5873834727449,31.970145431838052],[-106.59637667638215,31.970145431838052]]]}},{"type":"Feature","properties":{"jobs":121,"pop":251,"pointCount":1,"homeWorkCommuteMedian":39005,"workHomeCommuteMedian":35793},"geometry":{"type":"Polygon","coordinates":[[[-106.59637667638215,31.988131839112544],[-106.59637667638215,31.99712504274979],[-106.5873834727449,31.99712504274979],[-106.5873834727449,31.988131839112544],[-106.59637667638215,31.988131839112544]]]}},{"type":"Feature","properties":{"jobs":1376,"pop":642,"pointCount":2,"homeWorkCommuteMedian":22760,"workHomeCommuteMedian":21816},"geometry":{"type":"Polygon","coordinates":[[[-106.59637667638215,32.00611824638703],[-106.59637667638215,32.01511145002428],[-106.5873834727449,32.01511145002428],[-106.5873834727449,32.00611824638703],[-106.59637667638215,32.00611824638703]]]}},{"type":"Feature","properties":{"jobs":0,"pop":0,"pointCount":1,"homeWorkCommuteMedian":-1,"workHomeCommuteMedian":-1},"geometry":{"type":"Polygon","coordinates":[[[-106.59637667638215,32.024104653661524],[-106.59637667638215,32.03309785729877],[-106.5873834727449,32.03309785729877],[-106.5873834727449,32.024104653661524],[-106.59637667638215,32.024104653661524]]]}},{"type":"Feature","properties":{"jobs":211,"pop":20,"pointCount":1,"homeWorkCommuteMedian":1015,"workHomeCommuteMedian":14850},"geometry":{"type":"Polygon","coordinates":[[[-106.5873834727449,31.61941048998546],[-106.5873834727449,31.628403693622705],[-106.57839026910766,31.628403693622705],[-106.57839026910766,31.61941048998546],[-106.5873834727449,31.61941048998546]]]}},{"type":"Feature","properties":{"jobs":190,"pop":595,"pointCount":1,"homeWorkCommuteMedian":24546,"workHomeCommuteMedian":26087},"geometry":{"type":"Polygon","coordinates":[[[-106.5873834727449,31.79927456273038],[-106.5873834727449,31.808267766367624],[-106.57839026910766,31.808267766367624],[-106.57839026910766,31.79927456273038],[-106.5873834727449,31.79927456273038]]]}},{"type":"Feature","properties":{"jobs":146,"pop":877,"pointCount":1,"homeWorkCommuteMedian":18289,"workHomeCommuteMedian":29271},"geometry":{"type":"Polygon","coordinates":[[[-106.5873834727449,31.81726097000487],[-106.5873834727449,31.826254173642116],[-106.57839026910766,31.826254173642116],[-106.57839026910766,31.81726097000487],[-106.5873834727449,31.81726097000487]]]}},{"type":"Feature","properties":{"jobs":292,"pop":145,"pointCount":1,"homeWorkCommuteMedian":25187,"workHomeCommuteMedian":30468},"geometry":{"type":"Polygon","coordinates":[[[-106.5873834727449,31.835247377279362],[-106.5873834727449,31.84424058091661],[-106.57839026910766,31.84424058091661],[-106.57839026910766,31.835247377279362],[-106.5873834727449,31.835247377279362]]]}},{"type":"Feature","properties":{"jobs":258,"pop":763,"pointCount":1,"homeWorkCommuteMedian":20716,"workHomeCommuteMedian":31165},"geometry":{"type":"Polygon","coordinates":[[[-106.5873834727449,31.84424058091661],[-106.5873834727449,31.853233784553854],[-106.57839026910766,31.853233784553854],[-106.57839026910766,31.84424058091661],[-106.5873834727449,31.84424058091661]]]}},{"type":"Feature","properties":{"jobs":513,"pop":682,"pointCount":2,"homeWorkCommuteMedian":20346,"workHomeCommuteMedian":27927},"geometry":{"type":"Polygon","coordinates":[[[-106.5873834727449,31.853233784553854],[-106.5873834727449,31.8622269881911],[-106.57839026910766,31.8622269881911],[-106.57839026910766,31.853233784553854],[-106.5873834727449,31.853233784553854]]]}},{"type":"Feature","properties":{"jobs":123,"pop":185,"pointCount":1,"homeWorkCommuteMedian":23355,"workHomeCommuteMedian":29619},"geometry":{"type":"Polygon","coordinates":[[[-106.5873834727449,31.8622269881911],[-106.5873834727449,31.871220191828346],[-106.57839026910766,31.871220191828346],[-106.57839026910766,31.8622269881911],[-106.5873834727449,31.8622269881911]]]}},{"type":"Feature","properties":{"jobs":87,"pop":414,"pointCount":1,"homeWorkCommuteMedian":28734,"workHomeCommuteMedian":27055},"geometry":{"type":"Polygon","coordinates":[[[-106.5873834727449,31.871220191828346],[-106.5873834727449,31.880213395465592],[-106.57839026910766,31.880213395465592],[-106.57839026910766,31.871220191828346],[-106.5873834727449,31.871220191828346]]]}},{"type":"Feature","properties":{"jobs":945,"pop":1109,"pointCount":3,"homeWorkCommuteMedian":24369,"workHomeCommuteMedian":27489},"geometry":{"type":"Polygon","coordinates":[[[-106.5873834727449,31.880213395465592],[-106.5873834727449,31.889206599102838],[-106.57839026910766,31.889206599102838],[-106.57839026910766,31.880213395465592],[-106.5873834727449,31.880213395465592]]]}},{"type":"Feature","properties":{"jobs":835,"pop":91,"pointCount":1,"homeWorkCommuteMedian":26368,"workHomeCommuteMedian":30195},"geometry":{"type":"Polygon","coordinates":[[[-106.5873834727449,31.889206599102838],[-106.5873834727449,31.898199802740084],[-106.57839026910766,31.898199802740084],[-106.57839026910766,31.889206599102838],[-106.5873834727449,31.889206599102838]]]}},{"type":"Feature","properties":{"jobs":835,"pop":149,"pointCount":1,"homeWorkCommuteMedian":21424,"workHomeCommuteMedian":29251},"geometry":{"type":"Polygon","coordinates":[[[-106.5873834727449,31.898199802740084],[-106.5873834727449,31.90719300637733],[-106.57839026910766,31.90719300637733],[-106.57839026910766,31.898199802740084],[-106.5873834727449,31.898199802740084]]]}},{"type":"Feature","properties":{"jobs":1257,"pop":760,"pointCount":2,"homeWorkCommuteMedian":22279,"workHomeCommuteMedian":28850},"geometry":{"type":"Polygon","coordinates":[[[-106.5873834727449,31.90719300637733],[-106.5873834727449,31.916186210014576],[-106.57839026910766,31.916186210014576],[-106.57839026910766,31.90719300637733],[-106.5873834727449,31.90719300637733]]]}},{"type":"Feature","properties":{"jobs":16,"pop":129,"pointCount":1,"homeWorkCommuteMedian":30168,"workHomeCommuteMedian":32241},"geometry":{"type":"Polygon","coordinates":[[[-106.5873834727449,31.925179413651822],[-106.5873834727449,31.934172617289068],[-106.57839026910766,31.934172617289068],[-106.57839026910766,31.925179413651822],[-106.5873834727449,31.925179413651822]]]}},{"type":"Feature","properties":{"jobs":61,"pop":200,"pointCount":1,"homeWorkCommuteMedian":35158,"workHomeCommuteMedian":36308},"geometry":{"type":"Polygon","coordinates":[[[-106.5873834727449,31.970145431838052],[-106.5873834727449,31.979138635475298],[-106.57839026910766,31.979138635475298],[-106.57839026910766,31.970145431838052],[-106.5873834727449,31.970145431838052]]]}},{"type":"Feature","properties":{"jobs":0,"pop":0,"pointCount":1,"homeWorkCommuteMedian":-1,"workHomeCommuteMedian":-1},"geometry":{"type":"Polygon","coordinates":[[[-106.5873834727449,32.03309785729877],[-106.5873834727449,32.042091060936016],[-106.57839026910766,32.042091060936016],[-106.57839026910766,32.03309785729877],[-106.5873834727449,32.03309785729877]]]}},{"type":"Feature","properties":{"jobs":275,"pop":993,"pointCount":1,"homeWorkCommuteMedian":17284,"workHomeCommuteMedian":20142},"geometry":{"type":"Polygon","coordinates":[[[-106.57839026910766,31.610417286348213],[-106.57839026910766,31.61941048998546],[-106.56939706547041,31.61941048998546],[-106.56939706547041,31.610417286348213],[-106.57839026910766,31.610417286348213]]]}},{"type":"Feature","properties":{"jobs":0,"pop":45,"pointCount":1,"homeWorkCommuteMedian":12638,"workHomeCommuteMedian":-1},"geometry":{"type":"Polygon","coordinates":[[[-106.57839026910766,31.628403693622705],[-106.57839026910766,31.63739689725995],[-106.56939706547041,31.63739689725995],[-106.56939706547041,31.628403693622705],[-106.57839026910766,31.628403693622705]]]}},{"type":"Feature","properties":{"jobs":170,"pop":66,"pointCount":2,"homeWorkCommuteMedian":22024,"workHomeCommuteMedian":25919},"geometry":{"type":"Polygon","coordinates":[[[-106.57839026910766,31.763301748181394],[-106.57839026910766,31.77229495181864],[-106.56939706547041,31.77229495181864],[-106.56939706547041,31.763301748181394],[-106.57839026910766,31.763301748181394]]]}},{"type":"Feature","properties":{"jobs":3233,"pop":1859,"pointCount":3,"homeWorkCommuteMedian":13580,"workHomeCommuteMedian":12449},"geometry":{"type":"Polygon","coordinates":[[[-106.57839026910766,31.77229495181864],[-106.57839026910766,31.781288155455886],[-106.56939706547041,31.781288155455886],[-106.56939706547041,31.77229495181864],[-106.57839026910766,31.77229495181864]]]}},{"type":"Feature","properties":{"jobs":322,"pop":83,"pointCount":1,"homeWorkCommuteMedian":22762,"workHomeCommuteMedian":30474},"geometry":{"type":"Polygon","coordinates":[[[-106.57839026910766,31.826254173642116],[-106.57839026910766,31.835247377279362],[-106.56939706547041,31.835247377279362],[-106.56939706547041,31.826254173642116],[-106.57839026910766,31.826254173642116]]]}},{"type":"Feature","properties":{"jobs":1944,"pop":304,"pointCount":3,"homeWorkCommuteMedian":21660,"workHomeCommuteMedian":30905},"geometry":{"type":"Polygon","coordinates":[[[-106.57839026910766,31.835247377279362],[-106.57839026910766,31.84424058091661],[-106.56939706547041,31.84424058091661],[-106.56939706547041,31.835247377279362],[-106.57839026910766,31.835247377279362]]]}},{"type":"Feature","properties":{"jobs":406,"pop":740,"pointCount":1,"homeWorkCommuteMedian":15400,"workHomeCommuteMedian":29927},"geometry":{"type":"Polygon","coordinates":[[[-106.57839026910766,31.84424058091661],[-106.57839026910766,31.853233784553854],[-106.56939706547041,31.853233784553854],[-106.56939706547041,31.84424058091661],[-106.57839026910766,31.84424058091661]]]}},{"type":"Feature","properties":{"jobs":1210,"pop":985,"pointCount":3,"homeWorkCommuteMedian":16229,"workHomeCommuteMedian":27558},"geometry":{"type":"Polygon","coordinates":[[[-106.57839026910766,31.853233784553854],[-106.57839026910766,31.8622269881911],[-106.56939706547041,31.8622269881911],[-106.56939706547041,31.853233784553854],[-106.57839026910766,31.853233784553854]]]}},{"type":"Feature","properties":{"jobs":1261,"pop":918,"pointCount":1,"homeWorkCommuteMedian":24207,"workHomeCommuteMedian":30916},"geometry":{"type":"Polygon","coordinates":[[[-106.57839026910766,31.8622269881911],[-106.57839026910766,31.871220191828346],[-106.56939706547041,31.871220191828346],[-106.56939706547041,31.8622269881911],[-106.57839026910766,31.8622269881911]]]}},{"type":"Feature","properties":{"jobs":2073,"pop":791,"pointCount":2,"homeWorkCommuteMedian":26765,"workHomeCommuteMedian":27413},"geometry":{"type":"Polygon","coordinates":[[[-106.57839026910766,31.871220191828346],[-106.57839026910766,31.880213395465592],[-106.56939706547041,31.880213395465592],[-106.56939706547041,31.871220191828346],[-106.57839026910766,31.871220191828346]]]}},{"type":"Feature","properties":{"jobs":124,"pop":146,"pointCount":1,"homeWorkCommuteMedian":25872,"workHomeCommuteMedian":34281},"geometry":{"type":"Polygon","coordinates":[[[-106.57839026910766,31.880213395465592],[-106.57839026910766,31.889206599102838],[-106.56939706547041,31.889206599102838],[-106.56939706547041,31.880213395465592],[-106.57839026910766,31.880213395465592]]]}},{"type":"Feature","properties":{"jobs":645,"pop":157,"pointCount":2,"homeWorkCommuteMedian":30271,"workHomeCommuteMedian":28716},"geometry":{"type":"Polygon","coordinates":[[[-106.57839026910766,31.889206599102838],[-106.57839026910766,31.898199802740084],[-106.56939706547041,31.898199802740084],[-106.56939706547041,31.889206599102838],[-106.57839026910766,31.889206599102838]]]}},{"type":"Feature","properties":{"jobs":888,"pop":13,"pointCount":1,"homeWorkCommuteMedian":34547,"workHomeCommuteMedian":30124},"geometry":{"type":"Polygon","coordinates":[[[-106.57839026910766,31.898199802740084],[-106.57839026910766,31.90719300637733],[-106.56939706547041,31.90719300637733],[-106.56939706547041,31.898199802740084],[-106.57839026910766,31.898199802740084]]]}},{"type":"Feature","properties":{"jobs":69,"pop":344,"pointCount":1,"homeWorkCommuteMedian":27104,"workHomeCommuteMedian":22273},"geometry":{"type":"Polygon","coordinates":[[[-106.57839026910766,31.916186210014576],[-106.57839026910766,31.925179413651822],[-106.56939706547041,31.925179413651822],[-106.56939706547041,31.916186210014576],[-106.57839026910766,31.916186210014576]]]}},{"type":"Feature","properties":{"jobs":0,"pop":39,"pointCount":1,"homeWorkCommuteMedian":32288,"workHomeCommuteMedian":-1},"geometry":{"type":"Polygon","coordinates":[[[-106.57839026910766,31.943165820926314],[-106.57839026910766,31.95215902456356],[-106.56939706547041,31.95215902456356],[-106.56939706547041,31.943165820926314],[-106.57839026910766,31.943165820926314]]]}},{"type":"Feature","properties":{"jobs":201,"pop":470,"pointCount":1,"homeWorkCommuteMedian":34617,"workHomeCommuteMedian":31398},"geometry":{"type":"Polygon","coordinates":[[[-106.57839026910766,31.95215902456356],[-106.57839026910766,31.961152228200806],[-106.56939706547041,31.961152228200806],[-106.56939706547041,31.95215902456356],[-106.57839026910766,31.95215902456356]]]}},{"type":"Feature","properties":{"jobs":215,"pop":129,"pointCount":1,"homeWorkCommuteMedian":41648,"workHomeCommuteMedian":36808},"geometry":{"type":"Polygon","coordinates":[[[-106.57839026910766,31.988131839112544],[-106.57839026910766,31.99712504274979],[-106.56939706547041,31.99712504274979],[-106.56939706547041,31.988131839112544],[-106.57839026910766,31.988131839112544]]]}},{"type":"Feature","properties":{"jobs":38,"pop":215,"pointCount":2,"homeWorkCommuteMedian":17597,"workHomeCommuteMedian":10134},"geometry":{"type":"Polygon","coordinates":[[[-106.56939706547041,31.59243087907372],[-106.56939706547041,31.601424082710967],[-106.56040386183317,31.601424082710967],[-106.56040386183317,31.59243087907372],[-106.56939706547041,31.59243087907372]]]}},{"type":"Feature","properties":{"jobs":111,"pop":0,"pointCount":1,"homeWorkCommuteMedian":-1,"workHomeCommuteMedian":13163},"geometry":{"type":"Polygon","coordinates":[[[-106.56939706547041,31.601424082710967],[-106.56939706547041,31.610417286348213],[-106.56040386183317,31.610417286348213],[-106.56040386183317,31.601424082710967],[-106.56939706547041,31.601424082710967]]]}},{"type":"Feature","properties":{"jobs":11,"pop":46,"pointCount":1,"homeWorkCommuteMedian":13534,"workHomeCommuteMedian":9295},"geometry":{"type":"Polygon","coordinates":[[[-106.56939706547041,31.628403693622705],[-106.56939706547041,31.63739689725995],[-106.56040386183317,31.63739689725995],[-106.56040386183317,31.628403693622705],[-106.56939706547041,31.628403693622705]]]}},{"type":"Feature","properties":{"jobs":95,"pop":0,"pointCount":1,"homeWorkCommuteMedian":-1,"workHomeCommuteMedian":14741},"geometry":{"type":"Polygon","coordinates":[[[-106.56939706547041,31.763301748181394],[-106.56939706547041,31.77229495181864],[-106.56040386183317,31.77229495181864],[-106.56040386183317,31.763301748181394],[-106.56939706547041,31.763301748181394]]]}},{"type":"Feature","properties":{"jobs":1176,"pop":4431,"pointCount":3,"homeWorkCommuteMedian":15406,"workHomeCommuteMedian":17668},"geometry":{"type":"Polygon","coordinates":[[[-106.56939706547041,31.77229495181864],[-106.56939706547041,31.781288155455886],[-106.56040386183317,31.781288155455886],[-106.56040386183317,31.77229495181864],[-106.56939706547041,31.77229495181864]]]}},{"type":"Feature","properties":{"jobs":253,"pop":18,"pointCount":1,"homeWorkCommuteMedian":22494,"workHomeCommuteMedian":29953},"geometry":{"type":"Polygon","coordinates":[[[-106.56939706547041,31.808267766367624],[-106.56939706547041,31.81726097000487],[-106.56040386183317,31.81726097000487],[-106.56040386183317,31.808267766367624],[-106.56939706547041,31.808267766367624]]]}},{"type":"Feature","properties":{"jobs":1574,"pop":375,"pointCount":2,"homeWorkCommuteMedian":12094,"workHomeCommuteMedian":29636},"geometry":{"type":"Polygon","coordinates":[[[-106.56939706547041,31.826254173642116],[-106.56939706547041,31.835247377279362],[-106.56040386183317,31.835247377279362],[-106.56040386183317,31.826254173642116],[-106.56939706547041,31.826254173642116]]]}},{"type":"Feature","properties":{"jobs":2275,"pop":577,"pointCount":3,"homeWorkCommuteMedian":23996,"workHomeCommuteMedian":28769},"geometry":{"type":"Polygon","coordinates":[[[-106.56939706547041,31.835247377279362],[-106.56939706547041,31.84424058091661],[-106.56040386183317,31.84424058091661],[-106.56040386183317,31.835247377279362],[-106.56939706547041,31.835247377279362]]]}},{"type":"Feature","properties":{"jobs":625,"pop":489,"pointCount":1,"homeWorkCommuteMedian":18181,"workHomeCommuteMedian":29267},"geometry":{"type":"Polygon","coordinates":[[[-106.56939706547041,31.84424058091661],[-106.56939706547041,31.853233784553854],[-106.56040386183317,31.853233784553854],[-106.56040386183317,31.84424058091661],[-106.56939706547041,31.84424058091661]]]}},{"type":"Feature","properties":{"jobs":354,"pop":1150,"pointCount":3,"homeWorkCommuteMedian":23417,"workHomeCommuteMedian":27476},"geometry":{"type":"Polygon","coordinates":[[[-106.56939706547041,31.853233784553854],[-106.56939706547041,31.8622269881911],[-106.56040386183317,31.8622269881911],[-106.56040386183317,31.853233784553854],[-106.56939706547041,31.853233784553854]]]}},{"type":"Feature","properties":{"jobs":132,"pop":695,"pointCount":1,"homeWorkCommuteMedian":28029,"workHomeCommuteMedian":25479},"geometry":{"type":"Polygon","coordinates":[[[-106.56939706547041,31.8622269881911],[-106.56939706547041,31.871220191828346],[-106.56040386183317,31.871220191828346],[-106.56040386183317,31.8622269881911],[-106.56939706547041,31.8622269881911]]]}},{"type":"Feature","properties":{"jobs":117,"pop":1930,"pointCount":2,"homeWorkCommuteMedian":20650,"workHomeCommuteMedian":25470},"geometry":{"type":"Polygon","coordinates":[[[-106.56939706547041,31.871220191828346],[-106.56939706547041,31.880213395465592],[-106.56040386183317,31.880213395465592],[-106.56040386183317,31.871220191828346],[-106.56939706547041,31.871220191828346]]]}},{"type":"Feature","properties":{"jobs":639,"pop":884,"pointCount":2,"homeWorkCommuteMedian":21529,"workHomeCommuteMedian":24898},"geometry":{"type":"Polygon","coordinates":[[[-106.56939706547041,31.880213395465592],[-106.56939706547041,31.889206599102838],[-106.56040386183317,31.889206599102838],[-106.56040386183317,31.880213395465592],[-106.56939706547041,31.880213395465592]]]}},{"type":"Feature","properties":{"jobs":172,"pop":38,"pointCount":1,"homeWorkCommuteMedian":26588,"workHomeCommuteMedian":30157},"geometry":{"type":"Polygon","coordinates":[[[-106.56939706547041,31.889206599102838],[-106.56939706547041,31.898199802740084],[-106.56040386183317,31.898199802740084],[-106.56040386183317,31.889206599102838],[-106.56939706547041,31.889206599102838]]]}},{"type":"Feature","properties":{"jobs":0,"pop":0,"pointCount":1,"homeWorkCommuteMedian":-1,"workHomeCommuteMedian":-1},"geometry":{"type":"Polygon","coordinates":[[[-106.56939706547041,31.979138635475298],[-106.56939706547041,31.988131839112544],[-106.56040386183317,31.988131839112544],[-106.56040386183317,31.979138635475298],[-106.56939706547041,31.979138635475298]]]}},{"type":"Feature","properties":{"jobs":0,"pop":0,"pointCount":1,"homeWorkCommuteMedian":-1,"workHomeCommuteMedian":-1},"geometry":{"type":"Polygon","coordinates":[[[-106.56939706547041,32.01511145002428],[-106.56939706547041,32.024104653661524],[-106.56040386183317,32.024104653661524],[-106.56040386183317,32.01511145002428],[-106.56939706547041,32.01511145002428]]]}},{"type":"Feature","properties":{"jobs":128,"pop":0,"pointCount":1,"homeWorkCommuteMedian":-1,"workHomeCommuteMedian":23264},"geometry":{"type":"Polygon","coordinates":[[[-106.56040386183317,31.59243087907372],[-106.56040386183317,31.601424082710967],[-106.55141065819592,31.601424082710967],[-106.55141065819592,31.59243087907372],[-106.56040386183317,31.59243087907372]]]}},{"type":"Feature","properties":{"jobs":213,"pop":41,"pointCount":2,"homeWorkCommuteMedian":10205,"workHomeCommuteMedian":18742},"geometry":{"type":"Polygon","coordinates":[[[-106.56040386183317,31.601424082710967],[-106.56040386183317,31.610417286348213],[-106.55141065819592,31.610417286348213],[-106.55141065819592,31.601424082710967],[-106.56040386183317,31.601424082710967]]]}},{"type":"Feature","properties":{"jobs":855,"pop":3235,"pointCount":3,"homeWorkCommuteMedian":13260,"workHomeCommuteMedian":14370},"geometry":{"type":"Polygon","coordinates":[[[-106.56040386183317,31.763301748181394],[-106.56040386183317,31.77229495181864],[-106.55141065819592,31.77229495181864],[-106.55141065819592,31.763301748181394],[-106.56040386183317,31.763301748181394]]]}},{"type":"Feature","properties":{"jobs":808,"pop":436,"pointCount":3,"homeWorkCommuteMedian":13346,"workHomeCommuteMedian":16490},"geometry":{"type":"Polygon","coordinates":[[[-106.56040386183317,31.77229495181864],[-106.56040386183317,31.781288155455886],[-106.55141065819592,31.781288155455886],[-106.55141065819592,31.77229495181864],[-106.56040386183317,31.77229495181864]]]}},{"type":"Feature","properties":{"jobs":349,"pop":559,"pointCount":1,"homeWorkCommuteMedian":12904,"workHomeCommuteMedian":17139},"geometry":{"type":"Polygon","coordinates":[[[-106.56040386183317,31.781288155455886],[-106.56040386183317,31.790281359093132],[-106.55141065819592,31.790281359093132],[-106.55141065819592,31.781288155455886],[-106.56040386183317,31.781288155455886]]]}},{"type":"Feature","properties":{"jobs":218,"pop":18,"pointCount":1,"homeWorkCommuteMedian":26972,"workHomeCommuteMedian":21754},"geometry":{"type":"Polygon","coordinates":[[[-106.56040386183317,31.79927456273038],[-106.56040386183317,31.808267766367624],[-106.55141065819592,31.808267766367624],[-106.55141065819592,31.79927456273038],[-106.56040386183317,31.79927456273038]]]}},{"type":"Feature","properties":{"jobs":182,"pop":0,"pointCount":1,"homeWorkCommuteMedian":-1,"workHomeCommuteMedian":28957},"geometry":{"type":"Polygon","coordinates":[[[-106.56040386183317,31.808267766367624],[-106.56040386183317,31.81726097000487],[-106.55141065819592,31.81726097000487],[-106.55141065819592,31.808267766367624],[-106.56040386183317,31.808267766367624]]]}},{"type":"Feature","properties":{"jobs":548,"pop":688,"pointCount":1,"homeWorkCommuteMedian":23090,"workHomeCommuteMedian":28786},"geometry":{"type":"Polygon","coordinates":[[[-106.56040386183317,31.826254173642116],[-106.56040386183317,31.835247377279362],[-106.55141065819592,31.835247377279362],[-106.55141065819592,31.826254173642116],[-106.56040386183317,31.826254173642116]]]}},{"type":"Feature","properties":{"jobs":345,"pop":996,"pointCount":1,"homeWorkCommuteMedian":18145,"workHomeCommuteMedian":28284},"geometry":{"type":"Polygon","coordinates":[[[-106.56040386183317,31.835247377279362],[-106.56040386183317,31.84424058091661],[-106.55141065819592,31.84424058091661],[-106.55141065819592,31.835247377279362],[-106.56040386183317,31.835247377279362]]]}},{"type":"Feature","properties":{"jobs":383,"pop":2262,"pointCount":3,"homeWorkCommuteMedian":21190,"workHomeCommuteMedian":29340},"geometry":{"type":"Polygon","coordinates":[[[-106.56040386183317,31.84424058091661],[-106.56040386183317,31.853233784553854],[-106.55141065819592,31.853233784553854],[-106.55141065819592,31.84424058091661],[-106.56040386183317,31.84424058091661]]]}},{"type":"Feature","properties":{"jobs":578,"pop":328,"pointCount":2,"homeWorkCommuteMedian":24127,"workHomeCommuteMedian":28123},"geometry":{"type":"Polygon","coordinates":[[[-106.56040386183317,31.853233784553854],[-106.56040386183317,31.8622269881911],[-106.55141065819592,31.8622269881911],[-106.55141065819592,31.853233784553854],[-106.56040386183317,31.853233784553854]]]}},{"type":"Feature","properties":{"jobs":94,"pop":1071,"pointCount":1,"homeWorkCommuteMedian":26119,"workHomeCommuteMedian":26866},"geometry":{"type":"Polygon","coordinates":[[[-106.56040386183317,31.8622269881911],[-106.56040386183317,31.871220191828346],[-106.55141065819592,31.871220191828346],[-106.55141065819592,31.8622269881911],[-106.56040386183317,31.8622269881911]]]}},{"type":"Feature","properties":{"jobs":51,"pop":738,"pointCount":1,"homeWorkCommuteMedian":21966,"workHomeCommuteMedian":25858},"geometry":{"type":"Polygon","coordinates":[[[-106.56040386183317,31.871220191828346],[-106.56040386183317,31.880213395465592],[-106.55141065819592,31.880213395465592],[-106.55141065819592,31.871220191828346],[-106.56040386183317,31.871220191828346]]]}},{"type":"Feature","properties":{"jobs":270,"pop":273,"pointCount":1,"homeWorkCommuteMedian":22710,"workHomeCommuteMedian":27863},"geometry":{"type":"Polygon","coordinates":[[[-106.56040386183317,31.880213395465592],[-106.56040386183317,31.889206599102838],[-106.55141065819592,31.889206599102838],[-106.55141065819592,31.880213395465592],[-106.56040386183317,31.880213395465592]]]}},{"type":"Feature","properties":{"jobs":645,"pop":1312,"pointCount":2,"homeWorkCommuteMedian":17523,"workHomeCommuteMedian":13679},"geometry":{"type":"Polygon","coordinates":[[[-106.55141065819592,31.610417286348213],[-106.55141065819592,31.61941048998546],[-106.54241745455867,31.61941048998546],[-106.54241745455867,31.610417286348213],[-106.55141065819592,31.610417286348213]]]}},{"type":"Feature","properties":{"jobs":521,"pop":1003,"pointCount":2,"homeWorkCommuteMedian":9188,"workHomeCommuteMedian":10140},"geometry":{"type":"Polygon","coordinates":[[[-106.55141065819592,31.763301748181394],[-106.55141065819592,31.77229495181864],[-106.54241745455867,31.77229495181864],[-106.54241745455867,31.763301748181394],[-106.55141065819592,31.763301748181394]]]}},{"type":"Feature","properties":{"jobs":420,"pop":954,"pointCount":1,"homeWorkCommuteMedian":11401,"workHomeCommuteMedian":22340},"geometry":{"type":"Polygon","coordinates":[[[-106.55141065819592,31.77229495181864],[-106.55141065819592,31.781288155455886],[-106.54241745455867,31.781288155455886],[-106.54241745455867,31.77229495181864],[-106.55141065819592,31.77229495181864]]]}},{"type":"Feature","properties":{"jobs":208,"pop":6,"pointCount":1,"homeWorkCommuteMedian":26140,"workHomeCommuteMedian":30369},"geometry":{"type":"Polygon","coordinates":[[[-106.55141065819592,31.79927456273038],[-106.55141065819592,31.808267766367624],[-106.54241745455867,31.808267766367624],[-106.54241745455867,31.79927456273038],[-106.55141065819592,31.79927456273038]]]}},{"type":"Feature","properties":{"jobs":1820,"pop":221,"pointCount":2,"homeWorkCommuteMedian":26703,"workHomeCommuteMedian":27798},"geometry":{"type":"Polygon","coordinates":[[[-106.55141065819592,31.808267766367624],[-106.55141065819592,31.81726097000487],[-106.54241745455867,31.81726097000487],[-106.54241745455867,31.808267766367624],[-106.55141065819592,31.808267766367624]]]}},{"type":"Feature","properties":{"jobs":738,"pop":720,"pointCount":2,"homeWorkCommuteMedian":22706,"workHomeCommuteMedian":29542},"geometry":{"type":"Polygon","coordinates":[[[-106.55141065819592,31.81726097000487],[-106.55141065819592,31.826254173642116],[-106.54241745455867,31.826254173642116],[-106.54241745455867,31.81726097000487],[-106.55141065819592,31.81726097000487]]]}},{"type":"Feature","properties":{"jobs":1356,"pop":2237,"pointCount":3,"homeWorkCommuteMedian":22844,"workHomeCommuteMedian":28438},"geometry":{"type":"Polygon","coordinates":[[[-106.55141065819592,31.826254173642116],[-106.55141065819592,31.835247377279362],[-106.54241745455867,31.835247377279362],[-106.54241745455867,31.826254173642116],[-106.55141065819592,31.826254173642116]]]}},{"type":"Feature","properties":{"jobs":527,"pop":1530,"pointCount":2,"homeWorkCommuteMedian":17966,"workHomeCommuteMedian":28339},"geometry":{"type":"Polygon","coordinates":[[[-106.55141065819592,31.84424058091661],[-106.55141065819592,31.853233784553854],[-106.54241745455867,31.853233784553854],[-106.54241745455867,31.84424058091661],[-106.55141065819592,31.84424058091661]]]}},{"type":"Feature","properties":{"jobs":220,"pop":413,"pointCount":1,"homeWorkCommuteMedian":23614,"workHomeCommuteMedian":31564},"geometry":{"type":"Polygon","coordinates":[[[-106.55141065819592,31.853233784553854],[-106.55141065819592,31.8622269881911],[-106.54241745455867,31.8622269881911],[-106.54241745455867,31.853233784553854],[-106.55141065819592,31.853233784553854]]]}},{"type":"Feature","properties":{"jobs":281,"pop":524,"pointCount":1,"homeWorkCommuteMedian":26891,"workHomeCommuteMedian":27507},"geometry":{"type":"Polygon","coordinates":[[[-106.55141065819592,31.8622269881911],[-106.55141065819592,31.871220191828346],[-106.54241745455867,31.871220191828346],[-106.54241745455867,31.8622269881911],[-106.55141065819592,31.8622269881911]]]}},{"type":"Feature","properties":{"jobs":87,"pop":948,"pointCount":1,"homeWorkCommuteMedian":25160,"workHomeCommuteMedian":27710},"geometry":{"type":"Polygon","coordinates":[[[-106.55141065819592,31.871220191828346],[-106.55141065819592,31.880213395465592],[-106.54241745455867,31.880213395465592],[-106.54241745455867,31.871220191828346],[-106.55141065819592,31.871220191828346]]]}},{"type":"Feature","properties":{"jobs":0,"pop":0,"pointCount":1,"homeWorkCommuteMedian":-1,"workHomeCommuteMedian":-1},"geometry":{"type":"Polygon","coordinates":[[[-106.55141065819592,31.898199802740084],[-106.55141065819592,31.90719300637733],[-106.54241745455867,31.90719300637733],[-106.54241745455867,31.898199802740084],[-106.55141065819592,31.898199802740084]]]}},{"type":"Feature","properties":{"jobs":0,"pop":56,"pointCount":1,"homeWorkCommuteMedian":13631,"workHomeCommuteMedian":-1},"geometry":{"type":"Polygon","coordinates":[[[-106.54241745455867,31.601424082710967],[-106.54241745455867,31.610417286348213],[-106.53342425092143,31.610417286348213],[-106.53342425092143,31.601424082710967],[-106.54241745455867,31.601424082710967]]]}},{"type":"Feature","properties":{"jobs":79,"pop":0,"pointCount":1,"homeWorkCommuteMedian":-1,"workHomeCommuteMedian":12935},"geometry":{"type":"Polygon","coordinates":[[[-106.54241745455867,31.610417286348213],[-106.54241745455867,31.61941048998546],[-106.53342425092143,31.61941048998546],[-106.53342425092143,31.610417286348213],[-106.54241745455867,31.610417286348213]]]}},{"type":"Feature","properties":{"jobs":812,"pop":1227,"pointCount":3,"homeWorkCommuteMedian":8638,"workHomeCommuteMedian":7044},"geometry":{"type":"Polygon","coordinates":[[[-106.54241745455867,31.718335729995164],[-106.54241745455867,31.72732893363241],[-106.53342425092143,31.72732893363241],[-106.53342425092143,31.718335729995164],[-106.54241745455867,31.718335729995164]]]}},{"type":"Feature","properties":{"jobs":681,"pop":2342,"pointCount":3,"homeWorkCommuteMedian":8759,"workHomeCommuteMedian":9722},"geometry":{"type":"Polygon","coordinates":[[[-106.54241745455867,31.72732893363241],[-106.54241745455867,31.736322137269656],[-106.53342425092143,31.736322137269656],[-106.53342425092143,31.72732893363241],[-106.54241745455867,31.72732893363241]]]}},{"type":"Feature","properties":{"jobs":1071,"pop":3250,"pointCount":3,"homeWorkCommuteMedian":10345,"workHomeCommuteMedian":11260},"geometry":{"type":"Polygon","coordinates":[[[-106.54241745455867,31.736322137269656],[-106.54241745455867,31.745315340906902],[-106.53342425092143,31.745315340906902],[-106.53342425092143,31.736322137269656],[-106.54241745455867,31.736322137269656]]]}},{"type":"Feature","properties":{"jobs":461,"pop":1817,"pointCount":1,"homeWorkCommuteMedian":8727,"workHomeCommuteMedian":4688},"geometry":{"type":"Polygon","coordinates":[[[-106.54241745455867,31.745315340906902],[-106.54241745455867,31.75430854454415],[-106.53342425092143,31.75430854454415],[-106.53342425092143,31.745315340906902],[-106.54241745455867,31.745315340906902]]]}},{"type":"Feature","properties":{"jobs":190,"pop":905,"pointCount":1,"homeWorkCommuteMedian":10246,"workHomeCommuteMedian":25389},"geometry":{"type":"Polygon","coordinates":[[[-106.54241745455867,31.75430854454415],[-106.54241745455867,31.763301748181394],[-106.53342425092143,31.763301748181394],[-106.53342425092143,31.75430854454415],[-106.54241745455867,31.75430854454415]]]}},{"type":"Feature","properties":{"jobs":135,"pop":56,"pointCount":2,"homeWorkCommuteMedian":17219,"workHomeCommuteMedian":18508},"geometry":{"type":"Polygon","coordinates":[[[-106.54241745455867,31.763301748181394],[-106.54241745455867,31.77229495181864],[-106.53342425092143,31.77229495181864],[-106.53342425092143,31.763301748181394],[-106.54241745455867,31.763301748181394]]]}},{"type":"Feature","properties":{"jobs":453,"pop":26,"pointCount":1,"homeWorkCommuteMedian":27960,"workHomeCommuteMedian":31940},"geometry":{"type":"Polygon","coordinates":[[[-106.54241745455867,31.808267766367624],[-106.54241745455867,31.81726097000487],[-106.53342425092143,31.81726097000487],[-106.53342425092143,31.808267766367624],[-106.54241745455867,31.808267766367624]]]}},{"type":"Feature","properties":{"jobs":1370,"pop":1159,"pointCount":4,"homeWorkCommuteMedian":18603,"workHomeCommuteMedian":28338},"geometry":{"type":"Polygon","coordinates":[[[-106.54241745455867,31.81726097000487],[-106.54241745455867,31.826254173642116],[-106.53342425092143,31.826254173642116],[-106.53342425092143,31.81726097000487],[-106.54241745455867,31.81726097000487]]]}},{"type":"Feature","properties":{"jobs":455,"pop":1086,"pointCount":2,"homeWorkCommuteMedian":26301,"workHomeCommuteMedian":26387},"geometry":{"type":"Polygon","coordinates":[[[-106.54241745455867,31.826254173642116],[-106.54241745455867,31.835247377279362],[-106.53342425092143,31.835247377279362],[-106.53342425092143,31.826254173642116],[-106.54241745455867,31.826254173642116]]]}},{"type":"Feature","properties":{"jobs":621,"pop":1498,"pointCount":3,"homeWorkCommuteMedian":23153,"workHomeCommuteMedian":27295},"geometry":{"type":"Polygon","coordinates":[[[-106.54241745455867,31.835247377279362],[-106.54241745455867,31.84424058091661],[-106.53342425092143,31.84424058091661],[-106.53342425092143,31.835247377279362],[-106.54241745455867,31.835247377279362]]]}},{"type":"Feature","properties":{"jobs":490,"pop":449,"pointCount":1,"homeWorkCommuteMedian":19101,"workHomeCommuteMedian":31060},"geometry":{"type":"Polygon","coordinates":[[[-106.54241745455867,31.853233784553854],[-106.54241745455867,31.8622269881911],[-106.53342425092143,31.8622269881911],[-106.53342425092143,31.853233784553854],[-106.54241745455867,31.853233784553854]]]}},{"type":"Feature","properties":{"jobs":153,"pop":670,"pointCount":1,"homeWorkCommuteMedian":25390,"workHomeCommuteMedian":28396},"geometry":{"type":"Polygon","coordinates":[[[-106.54241745455867,31.8622269881911],[-106.54241745455867,31.871220191828346],[-106.53342425092143,31.871220191828346],[-106.53342425092143,31.8622269881911],[-106.54241745455867,31.8622269881911]]]}},{"type":"Feature","properties":{"jobs":141,"pop":526,"pointCount":1,"homeWorkCommuteMedian":24977,"workHomeCommuteMedian":24033},"geometry":{"type":"Polygon","coordinates":[[[-106.54241745455867,31.871220191828346],[-106.54241745455867,31.880213395465592],[-106.53342425092143,31.880213395465592],[-106.53342425092143,31.871220191828346],[-106.54241745455867,31.871220191828346]]]}},{"type":"Feature","properties":{"jobs":0,"pop":0,"pointCount":1,"homeWorkCommuteMedian":-1,"workHomeCommuteMedian":-1},"geometry":{"type":"Polygon","coordinates":[[[-106.53342425092143,31.57444447179923],[-106.53342425092143,31.583437675436475],[-106.52443104728418,31.583437675436475],[-106.52443104728418,31.57444447179923],[-106.53342425092143,31.57444447179923]]]}},{"type":"Feature","properties":{"jobs":566,"pop":1214,"pointCount":3,"homeWorkCommuteMedian":13994,"workHomeCommuteMedian":14940},"geometry":{"type":"Polygon","coordinates":[[[-106.53342425092143,31.601424082710967],[-106.53342425092143,31.610417286348213],[-106.52443104728418,31.610417286348213],[-106.52443104728418,31.601424082710967],[-106.53342425092143,31.601424082710967]]]}},{"type":"Feature","properties":{"jobs":602,"pop":492,"pointCount":1,"homeWorkCommuteMedian":12668,"workHomeCommuteMedian":9576},"geometry":{"type":"Polygon","coordinates":[[[-106.53342425092143,31.610417286348213],[-106.53342425092143,31.61941048998546],[-106.52443104728418,31.61941048998546],[-106.52443104728418,31.610417286348213],[-106.53342425092143,31.610417286348213]]]}},{"type":"Feature","properties":{"jobs":267,"pop":0,"pointCount":1,"homeWorkCommuteMedian":-1,"workHomeCommuteMedian":22494},"geometry":{"type":"Polygon","coordinates":[[[-106.53342425092143,31.70934252635792],[-106.53342425092143,31.718335729995164],[-106.52443104728418,31.718335729995164],[-106.52443104728418,31.70934252635792],[-106.53342425092143,31.70934252635792]]]}},{"type":"Feature","properties":{"jobs":1525,"pop":5346,"pointCount":6,"homeWorkCommuteMedian":9630,"workHomeCommuteMedian":4540},"geometry":{"type":"Polygon","coordinates":[[[-106.53342425092143,31.718335729995164],[-106.53342425092143,31.72732893363241],[-106.52443104728418,31.72732893363241],[-106.52443104728418,31.718335729995164],[-106.53342425092143,31.718335729995164]]]}},{"type":"Feature","properties":{"jobs":993,"pop":3183,"pointCount":4,"homeWorkCommuteMedian":9114,"workHomeCommuteMedian":11583},"geometry":{"type":"Polygon","coordinates":[[[-106.53342425092143,31.72732893363241],[-106.53342425092143,31.736322137269656],[-106.52443104728418,31.736322137269656],[-106.52443104728418,31.72732893363241],[-106.53342425092143,31.72732893363241]]]}},{"type":"Feature","properties":{"jobs":2027,"pop":5755,"pointCount":5,"homeWorkCommuteMedian":9395,"workHomeCommuteMedian":3092},"geometry":{"type":"Polygon","coordinates":[[[-106.53342425092143,31.736322137269656],[-106.53342425092143,31.745315340906902],[-106.52443104728418,31.745315340906902],[-106.52443104728418,31.736322137269656],[-106.53342425092143,31.736322137269656]]]}},{"type":"Feature","properties":{"jobs":687,"pop":2296,"pointCount":3,"homeWorkCommuteMedian":11653,"workHomeCommuteMedian":13082},"geometry":{"type":"Polygon","coordinates":[[[-106.53342425092143,31.745315340906902],[-106.53342425092143,31.75430854454415],[-106.52443104728418,31.75430854454415],[-106.52443104728418,31.745315340906902],[-106.53342425092143,31.745315340906902]]]}},{"type":"Feature","properties":{"jobs":736,"pop":1339,"pointCount":5,"homeWorkCommuteMedian":10567,"workHomeCommuteMedian":7604},"geometry":{"type":"Polygon","coordinates":[[[-106.53342425092143,31.75430854454415],[-106.53342425092143,31.763301748181394],[-106.52443104728418,31.763301748181394],[-106.52443104728418,31.75430854454415],[-106.53342425092143,31.75430854454415]]]}},{"type":"Feature","properties":{"jobs":124,"pop":817,"pointCount":1,"homeWorkCommuteMedian":9422,"workHomeCommuteMedian":2427},"geometry":{"type":"Polygon","coordinates":[[[-106.53342425092143,31.763301748181394],[-106.53342425092143,31.77229495181864],[-106.52443104728418,31.77229495181864],[-106.52443104728418,31.763301748181394],[-106.53342425092143,31.763301748181394]]]}},{"type":"Feature","properties":{"jobs":489,"pop":0,"pointCount":2,"homeWorkCommuteMedian":-1,"workHomeCommuteMedian":8520},"geometry":{"type":"Polygon","coordinates":[[[-106.53342425092143,31.77229495181864],[-106.53342425092143,31.781288155455886],[-106.52443104728418,31.781288155455886],[-106.52443104728418,31.77229495181864],[-106.53342425092143,31.77229495181864]]]}},{"type":"Feature","properties":{"jobs":620,"pop":838,"pointCount":1,"homeWorkCommuteMedian":23080,"workHomeCommuteMedian":28067},"geometry":{"type":"Polygon","coordinates":[[[-106.53342425092143,31.808267766367624],[-106.53342425092143,31.81726097000487],[-106.52443104728418,31.81726097000487],[-106.52443104728418,31.808267766367624],[-106.53342425092143,31.808267766367624]]]}},{"type":"Feature","properties":{"jobs":213,"pop":2334,"pointCount":2,"homeWorkCommuteMedian":19301,"workHomeCommuteMedian":29721},"geometry":{"type":"Polygon","coordinates":[[[-106.53342425092143,31.81726097000487],[-106.53342425092143,31.826254173642116],[-106.52443104728418,31.826254173642116],[-106.52443104728418,31.81726097000487],[-106.53342425092143,31.81726097000487]]]}},{"type":"Feature","properties":{"jobs":1250,"pop":502,"pointCount":2,"homeWorkCommuteMedian":14897,"workHomeCommuteMedian":28950},"geometry":{"type":"Polygon","coordinates":[[[-106.53342425092143,31.826254173642116],[-106.53342425092143,31.835247377279362],[-106.52443104728418,31.835247377279362],[-106.52443104728418,31.826254173642116],[-106.53342425092143,31.826254173642116]]]}},{"type":"Feature","properties":{"jobs":30,"pop":494,"pointCount":2,"homeWorkCommuteMedian":28086,"workHomeCommuteMedian":30896},"geometry":{"type":"Polygon","coordinates":[[[-106.53342425092143,31.84424058091661],[-106.53342425092143,31.853233784553854],[-106.52443104728418,31.853233784553854],[-106.52443104728418,31.84424058091661],[-106.53342425092143,31.84424058091661]]]}},{"type":"Feature","properties":{"jobs":12,"pop":470,"pointCount":1,"homeWorkCommuteMedian":26842,"workHomeCommuteMedian":39304},"geometry":{"type":"Polygon","coordinates":[[[-106.53342425092143,31.853233784553854],[-106.53342425092143,31.8622269881911],[-106.52443104728418,31.8622269881911],[-106.52443104728418,31.853233784553854],[-106.53342425092143,31.853233784553854]]]}},{"type":"Feature","properties":{"jobs":150,"pop":1845,"pointCount":2,"homeWorkCommuteMedian":20941,"workHomeCommuteMedian":19482},"geometry":{"type":"Polygon","coordinates":[[[-106.53342425092143,31.8622269881911],[-106.53342425092143,31.871220191828346],[-106.52443104728418,31.871220191828346],[-106.52443104728418,31.8622269881911],[-106.53342425092143,31.8622269881911]]]}},{"type":"Feature","properties":{"jobs":38,"pop":503,"pointCount":1,"homeWorkCommuteMedian":28847,"workHomeCommuteMedian":13683},"geometry":{"type":"Polygon","coordinates":[[[-106.53342425092143,31.871220191828346],[-106.53342425092143,31.880213395465592],[-106.52443104728418,31.880213395465592],[-106.52443104728418,31.871220191828346],[-106.53342425092143,31.871220191828346]]]}},{"type":"Feature","properties":{"jobs":97,"pop":33,"pointCount":1,"homeWorkCommuteMedian":29181,"workHomeCommuteMedian":34660},"geometry":{"type":"Polygon","coordinates":[[[-106.53342425092143,31.880213395465592],[-106.53342425092143,31.889206599102838],[-106.52443104728418,31.889206599102838],[-106.52443104728418,31.880213395465592],[-106.53342425092143,31.880213395465592]]]}},{"type":"Feature","properties":{"jobs":8,"pop":1,"pointCount":1,"homeWorkCommuteMedian":24677,"workHomeCommuteMedian":27024},"geometry":{"type":"Polygon","coordinates":[[[-106.53342425092143,31.943165820926314],[-106.53342425092143,31.95215902456356],[-106.52443104728418,31.95215902456356],[-106.52443104728418,31.943165820926314],[-106.53342425092143,31.943165820926314]]]}},{"type":"Feature","properties":{"jobs":0,"pop":0,"pointCount":1,"homeWorkCommuteMedian":-1,"workHomeCommuteMedian":-1},"geometry":{"type":"Polygon","coordinates":[[[-106.53342425092143,32.00611824638703],[-106.53342425092143,32.01511145002428],[-106.52443104728418,32.01511145002428],[-106.52443104728418,32.00611824638703],[-106.53342425092143,32.00611824638703]]]}},{"type":"Feature","properties":{"jobs":255,"pop":85,"pointCount":2,"homeWorkCommuteMedian":19428,"workHomeCommuteMedian":14081},"geometry":{"type":"Polygon","coordinates":[[[-106.52443104728418,31.601424082710967],[-106.52443104728418,31.610417286348213],[-106.51543784364694,31.610417286348213],[-106.51543784364694,31.601424082710967],[-106.52443104728418,31.601424082710967]]]}},{"type":"Feature","properties":{"jobs":472,"pop":0,"pointCount":1,"homeWorkCommuteMedian":-1,"workHomeCommuteMedian":8584},"geometry":{"type":"Polygon","coordinates":[[[-106.52443104728418,31.610417286348213],[-106.52443104728418,31.61941048998546],[-106.51543784364694,31.61941048998546],[-106.51543784364694,31.610417286348213],[-106.52443104728418,31.610417286348213]]]}},{"type":"Feature","properties":{"jobs":1046,"pop":2785,"pointCount":4,"homeWorkCommuteMedian":8369,"workHomeCommuteMedian":10049},"geometry":{"type":"Polygon","coordinates":[[[-106.52443104728418,31.70934252635792],[-106.52443104728418,31.718335729995164],[-106.51543784364694,31.718335729995164],[-106.51543784364694,31.70934252635792],[-106.52443104728418,31.70934252635792]]]}},{"type":"Feature","properties":{"jobs":1271,"pop":3357,"pointCount":4,"homeWorkCommuteMedian":7957,"workHomeCommuteMedian":9406},"geometry":{"type":"Polygon","coordinates":[[[-106.52443104728418,31.718335729995164],[-106.52443104728418,31.72732893363241],[-106.51543784364694,31.72732893363241],[-106.51543784364694,31.718335729995164],[-106.52443104728418,31.718335729995164]]]}},{"type":"Feature","properties":{"jobs":913,"pop":2521,"pointCount":6,"homeWorkCommuteMedian":8705,"workHomeCommuteMedian":13753},"geometry":{"type":"Polygon","coordinates":[[[-106.52443104728418,31.72732893363241],[-106.52443104728418,31.736322137269656],[-106.51543784364694,31.736322137269656],[-106.51543784364694,31.72732893363241],[-106.52443104728418,31.72732893363241]]]}},{"type":"Feature","properties":{"jobs":587,"pop":1748,"pointCount":4,"homeWorkCommuteMedian":9341,"workHomeCommuteMedian":3526},"geometry":{"type":"Polygon","coordinates":[[[-106.52443104728418,31.736322137269656],[-106.52443104728418,31.745315340906902],[-106.51543784364694,31.745315340906902],[-106.51543784364694,31.736322137269656],[-106.52443104728418,31.736322137269656]]]}},{"type":"Feature","properties":{"jobs":1465,"pop":5624,"pointCount":3,"homeWorkCommuteMedian":9218,"workHomeCommuteMedian":4261},"geometry":{"type":"Polygon","coordinates":[[[-106.52443104728418,31.745315340906902],[-106.52443104728418,31.75430854454415],[-106.51543784364694,31.75430854454415],[-106.51543784364694,31.745315340906902],[-106.52443104728418,31.745315340906902]]]}},{"type":"Feature","properties":{"jobs":623,"pop":1540,"pointCount":4,"homeWorkCommuteMedian":9671,"workHomeCommuteMedian":5206},"geometry":{"type":"Polygon","coordinates":[[[-106.52443104728418,31.75430854454415],[-106.52443104728418,31.763301748181394],[-106.51543784364694,31.763301748181394],[-106.51543784364694,31.75430854454415],[-106.52443104728418,31.75430854454415]]]}},{"type":"Feature","properties":{"jobs":1111,"pop":4003,"pointCount":5,"homeWorkCommuteMedian":8793,"workHomeCommuteMedian":8670},"geometry":{"type":"Polygon","coordinates":[[[-106.52443104728418,31.763301748181394],[-106.52443104728418,31.77229495181864],[-106.51543784364694,31.77229495181864],[-106.51543784364694,31.763301748181394],[-106.52443104728418,31.763301748181394]]]}},{"type":"Feature","properties":{"jobs":1391,"pop":40,"pointCount":2,"homeWorkCommuteMedian":15110,"workHomeCommuteMedian":24808},"geometry":{"type":"Polygon","coordinates":[[[-106.52443104728418,31.790281359093132],[-106.52443104728418,31.79927456273038],[-106.51543784364694,31.79927456273038],[-106.51543784364694,31.790281359093132],[-106.52443104728418,31.790281359093132]]]}},{"type":"Feature","properties":{"jobs":525,"pop":411,"pointCount":1,"homeWorkCommuteMedian":22515,"workHomeCommuteMedian":25729},"geometry":{"type":"Polygon","coordinates":[[[-106.52443104728418,31.808267766367624],[-106.52443104728418,31.81726097000487],[-106.51543784364694,31.81726097000487],[-106.51543784364694,31.808267766367624],[-106.52443104728418,31.808267766367624]]]}},{"type":"Feature","properties":{"jobs":455,"pop":2028,"pointCount":2,"homeWorkCommuteMedian":17449,"workHomeCommuteMedian":28481},"geometry":{"type":"Polygon","coordinates":[[[-106.52443104728418,31.81726097000487],[-106.52443104728418,31.826254173642116],[-106.51543784364694,31.826254173642116],[-106.51543784364694,31.81726097000487],[-106.52443104728418,31.81726097000487]]]}},{"type":"Feature","properties":{"jobs":620,"pop":1046,"pointCount":3,"homeWorkCommuteMedian":17786,"workHomeCommuteMedian":26808},"geometry":{"type":"Polygon","coordinates":[[[-106.52443104728418,31.826254173642116],[-106.52443104728418,31.835247377279362],[-106.51543784364694,31.835247377279362],[-106.51543784364694,31.826254173642116],[-106.52443104728418,31.826254173642116]]]}},{"type":"Feature","properties":{"jobs":269,"pop":234,"pointCount":1,"homeWorkCommuteMedian":20134,"workHomeCommuteMedian":29475},"geometry":{"type":"Polygon","coordinates":[[[-106.52443104728418,31.835247377279362],[-106.52443104728418,31.84424058091661],[-106.51543784364694,31.84424058091661],[-106.51543784364694,31.835247377279362],[-106.52443104728418,31.835247377279362]]]}},{"type":"Feature","properties":{"jobs":348,"pop":554,"pointCount":2,"homeWorkCommuteMedian":17476,"workHomeCommuteMedian":30648},"geometry":{"type":"Polygon","coordinates":[[[-106.52443104728418,31.84424058091661],[-106.52443104728418,31.853233784553854],[-106.51543784364694,31.853233784553854],[-106.51543784364694,31.84424058091661],[-106.52443104728418,31.84424058091661]]]}},{"type":"Feature","properties":{"jobs":462,"pop":655,"pointCount":3,"homeWorkCommuteMedian":21197,"workHomeCommuteMedian":30494},"geometry":{"type":"Polygon","coordinates":[[[-106.52443104728418,31.853233784553854],[-106.52443104728418,31.8622269881911],[-106.51543784364694,31.8622269881911],[-106.51543784364694,31.853233784553854],[-106.52443104728418,31.853233784553854]]]}},{"type":"Feature","properties":{"jobs":0,"pop":0,"pointCount":1,"homeWorkCommuteMedian":-1,"workHomeCommuteMedian":-1},"geometry":{"type":"Polygon","coordinates":[[[-106.52443104728418,31.898199802740084],[-106.52443104728418,31.90719300637733],[-106.51543784364694,31.90719300637733],[-106.51543784364694,31.898199802740084],[-106.52443104728418,31.898199802740084]]]}},{"type":"Feature","properties":{"jobs":135,"pop":0,"pointCount":1,"homeWorkCommuteMedian":-1,"workHomeCommuteMedian":12008},"geometry":{"type":"Polygon","coordinates":[[[-106.51543784364694,31.601424082710967],[-106.51543784364694,31.610417286348213],[-106.50644464000969,31.610417286348213],[-106.50644464000969,31.601424082710967],[-106.51543784364694,31.601424082710967]]]}},{"type":"Feature","properties":{"jobs":0,"pop":0,"pointCount":1,"homeWorkCommuteMedian":-1,"workHomeCommuteMedian":-1},"geometry":{"type":"Polygon","coordinates":[[[-106.51543784364694,31.61941048998546],[-106.51543784364694,31.628403693622705],[-106.50644464000969,31.628403693622705],[-106.50644464000969,31.61941048998546],[-106.51543784364694,31.61941048998546]]]}},{"type":"Feature","properties":{"jobs":1020,"pop":4324,"pointCount":5,"homeWorkCommuteMedian":7776,"workHomeCommuteMedian":6640},"geometry":{"type":"Polygon","coordinates":[[[-106.51543784364694,31.70934252635792],[-106.51543784364694,31.718335729995164],[-106.50644464000969,31.718335729995164],[-106.50644464000969,31.70934252635792],[-106.51543784364694,31.70934252635792]]]}},{"type":"Feature","properties":{"jobs":1026,"pop":3088,"pointCount":3,"homeWorkCommuteMedian":7700,"workHomeCommuteMedian":8883},"geometry":{"type":"Polygon","coordinates":[[[-106.51543784364694,31.718335729995164],[-106.51543784364694,31.72732893363241],[-106.50644464000969,31.72732893363241],[-106.50644464000969,31.718335729995164],[-106.51543784364694,31.718335729995164]]]}},{"type":"Feature","properties":{"jobs":1002,"pop":4045,"pointCount":5,"homeWorkCommuteMedian":8175,"workHomeCommuteMedian":5903},"geometry":{"type":"Polygon","coordinates":[[[-106.51543784364694,31.72732893363241],[-106.51543784364694,31.736322137269656],[-106.50644464000969,31.736322137269656],[-106.50644464000969,31.72732893363241],[-106.51543784364694,31.72732893363241]]]}},{"type":"Feature","properties":{"jobs":1523,"pop":4342,"pointCount":4,"homeWorkCommuteMedian":5501,"workHomeCommuteMedian":2894},"geometry":{"type":"Polygon","coordinates":[[[-106.51543784364694,31.736322137269656],[-106.51543784364694,31.745315340906902],[-106.50644464000969,31.745315340906902],[-106.50644464000969,31.736322137269656],[-106.51543784364694,31.736322137269656]]]}},{"type":"Feature","properties":{"jobs":2385,"pop":6985,"pointCount":3,"homeWorkCommuteMedian":7709,"workHomeCommuteMedian":6728},"geometry":{"type":"Polygon","coordinates":[[[-106.51543784364694,31.745315340906902],[-106.51543784364694,31.75430854454415],[-106.50644464000969,31.75430854454415],[-106.50644464000969,31.745315340906902],[-106.51543784364694,31.745315340906902]]]}},{"type":"Feature","properties":{"jobs":1118,"pop":3343,"pointCount":3,"homeWorkCommuteMedian":7490,"workHomeCommuteMedian":4847},"geometry":{"type":"Polygon","coordinates":[[[-106.51543784364694,31.75430854454415],[-106.51543784364694,31.763301748181394],[-106.50644464000969,31.763301748181394],[-106.50644464000969,31.75430854454415],[-106.51543784364694,31.75430854454415]]]}},{"type":"Feature","properties":{"jobs":689,"pop":787,"pointCount":3,"homeWorkCommuteMedian":11983,"workHomeCommuteMedian":25420},"geometry":{"type":"Polygon","coordinates":[[[-106.51543784364694,31.763301748181394],[-106.51543784364694,31.77229495181864],[-106.50644464000969,31.77229495181864],[-106.50644464000969,31.763301748181394],[-106.51543784364694,31.763301748181394]]]}},{"type":"Feature","properties":{"jobs":1466,"pop":1044,"pointCount":3,"homeWorkCommuteMedian":9670,"workHomeCommuteMedian":24866},"geometry":{"type":"Polygon","coordinates":[[[-106.51543784364694,31.790281359093132],[-106.51543784364694,31.79927456273038],[-106.50644464000969,31.79927456273038],[-106.50644464000969,31.790281359093132],[-106.51543784364694,31.790281359093132]]]}},{"type":"Feature","properties":{"jobs":685,"pop":379,"pointCount":2,"homeWorkCommuteMedian":17713,"workHomeCommuteMedian":23984},"geometry":{"type":"Polygon","coordinates":[[[-106.51543784364694,31.79927456273038],[-106.51543784364694,31.808267766367624],[-106.50644464000969,31.808267766367624],[-106.50644464000969,31.79927456273038],[-106.51543784364694,31.79927456273038]]]}},{"type":"Feature","properties":{"jobs":412,"pop":1214,"pointCount":2,"homeWorkCommuteMedian":18794,"workHomeCommuteMedian":27214},"geometry":{"type":"Polygon","coordinates":[[[-106.51543784364694,31.808267766367624],[-106.51543784364694,31.81726097000487],[-106.50644464000969,31.81726097000487],[-106.50644464000969,31.808267766367624],[-106.51543784364694,31.808267766367624]]]}},{"type":"Feature","properties":{"jobs":871,"pop":697,"pointCount":2,"homeWorkCommuteMedian":18049,"workHomeCommuteMedian":27459},"geometry":{"type":"Polygon","coordinates":[[[-106.51543784364694,31.81726097000487],[-106.51543784364694,31.826254173642116],[-106.50644464000969,31.826254173642116],[-106.50644464000969,31.81726097000487],[-106.51543784364694,31.81726097000487]]]}},{"type":"Feature","properties":{"jobs":350,"pop":0,"pointCount":1,"homeWorkCommuteMedian":-1,"workHomeCommuteMedian":5811},"geometry":{"type":"Polygon","coordinates":[[[-106.51543784364694,31.84424058091661],[-106.51543784364694,31.853233784553854],[-106.50644464000969,31.853233784553854],[-106.50644464000969,31.84424058091661],[-106.51543784364694,31.84424058091661]]]}},{"type":"Feature","properties":{"jobs":0,"pop":0,"pointCount":1,"homeWorkCommuteMedian":-1,"workHomeCommuteMedian":-1},"geometry":{"type":"Polygon","coordinates":[[[-106.51543784364694,31.988131839112544],[-106.51543784364694,31.99712504274979],[-106.50644464000969,31.99712504274979],[-106.50644464000969,31.988131839112544],[-106.51543784364694,31.988131839112544]]]}},{"type":"Feature","properties":{"jobs":0,"pop":0,"pointCount":1,"homeWorkCommuteMedian":-1,"workHomeCommuteMedian":-1},"geometry":{"type":"Polygon","coordinates":[[[-106.51543784364694,32.01511145002428],[-106.51543784364694,32.024104653661524],[-106.50644464000969,32.024104653661524],[-106.50644464000969,32.01511145002428],[-106.51543784364694,32.01511145002428]]]}},{"type":"Feature","properties":{"jobs":213,"pop":312,"pointCount":2,"homeWorkCommuteMedian":6614,"workHomeCommuteMedian":6804},"geometry":{"type":"Polygon","coordinates":[[[-106.50644464000969,31.673369711808935],[-106.50644464000969,31.68236291544618],[-106.49745143637244,31.68236291544618],[-106.49745143637244,31.673369711808935],[-106.50644464000969,31.673369711808935]]]}},{"type":"Feature","properties":{"jobs":136,"pop":842,"pointCount":1,"homeWorkCommuteMedian":8850,"workHomeCommuteMedian":13584},"geometry":{"type":"Polygon","coordinates":[[[-106.50644464000969,31.700349322720673],[-106.50644464000969,31.70934252635792],[-106.49745143637244,31.70934252635792],[-106.49745143637244,31.700349322720673],[-106.50644464000969,31.700349322720673]]]}},{"type":"Feature","properties":{"jobs":959,"pop":3824,"pointCount":6,"homeWorkCommuteMedian":7696,"workHomeCommuteMedian":5876},"geometry":{"type":"Polygon","coordinates":[[[-106.50644464000969,31.70934252635792],[-106.50644464000969,31.718335729995164],[-106.49745143637244,31.718335729995164],[-106.49745143637244,31.70934252635792],[-106.50644464000969,31.70934252635792]]]}},{"type":"Feature","properties":{"jobs":1699,"pop":5075,"pointCount":5,"homeWorkCommuteMedian":6346,"workHomeCommuteMedian":6566},"geometry":{"type":"Polygon","coordinates":[[[-106.50644464000969,31.718335729995164],[-106.50644464000969,31.72732893363241],[-106.49745143637244,31.72732893363241],[-106.49745143637244,31.718335729995164],[-106.50644464000969,31.718335729995164]]]}},{"type":"Feature","properties":{"jobs":798,"pop":3075,"pointCount":2,"homeWorkCommuteMedian":6911,"workHomeCommuteMedian":4426},"geometry":{"type":"Polygon","coordinates":[[[-106.50644464000969,31.72732893363241],[-106.50644464000969,31.736322137269656],[-106.49745143637244,31.736322137269656],[-106.49745143637244,31.72732893363241],[-106.50644464000969,31.72732893363241]]]}},{"type":"Feature","properties":{"jobs":2780,"pop":7940,"pointCount":3,"homeWorkCommuteMedian":6798,"workHomeCommuteMedian":4516},"geometry":{"type":"Polygon","coordinates":[[[-106.50644464000969,31.736322137269656],[-106.50644464000969,31.745315340906902],[-106.49745143637244,31.745315340906902],[-106.49745143637244,31.736322137269656],[-106.50644464000969,31.736322137269656]]]}},{"type":"Feature","properties":{"jobs":1787,"pop":3638,"pointCount":2,"homeWorkCommuteMedian":8042,"workHomeCommuteMedian":3367},"geometry":{"type":"Polygon","coordinates":[[[-106.50644464000969,31.745315340906902],[-106.50644464000969,31.75430854454415],[-106.49745143637244,31.75430854454415],[-106.49745143637244,31.745315340906902],[-106.50644464000969,31.745315340906902]]]}},{"type":"Feature","properties":{"jobs":595,"pop":204,"pointCount":1,"homeWorkCommuteMedian":20705,"workHomeCommuteMedian":21683},"geometry":{"type":"Polygon","coordinates":[[[-106.50644464000969,31.75430854454415],[-106.50644464000969,31.763301748181394],[-106.49745143637244,31.763301748181394],[-106.49745143637244,31.75430854454415],[-106.50644464000969,31.75430854454415]]]}},{"type":"Feature","properties":{"jobs":21519,"pop":867,"pointCount":4,"homeWorkCommuteMedian":11131,"workHomeCommuteMedian":18723},"geometry":{"type":"Polygon","coordinates":[[[-106.50644464000969,31.763301748181394],[-106.50644464000969,31.77229495181864],[-106.49745143637244,31.77229495181864],[-106.49745143637244,31.763301748181394],[-106.50644464000969,31.763301748181394]]]}},{"type":"Feature","properties":{"jobs":1203,"pop":1096,"pointCount":2,"homeWorkCommuteMedian":10203,"workHomeCommuteMedian":19561},"geometry":{"type":"Polygon","coordinates":[[[-106.50644464000969,31.77229495181864],[-106.50644464000969,31.781288155455886],[-106.49745143637244,31.781288155455886],[-106.49745143637244,31.77229495181864],[-106.50644464000969,31.77229495181864]]]}},{"type":"Feature","properties":{"jobs":1469,"pop":777,"pointCount":3,"homeWorkCommuteMedian":12155,"workHomeCommuteMedian":20590},"geometry":{"type":"Polygon","coordinates":[[[-106.50644464000969,31.781288155455886],[-106.50644464000969,31.790281359093132],[-106.49745143637244,31.790281359093132],[-106.49745143637244,31.781288155455886],[-106.50644464000969,31.781288155455886]]]}},{"type":"Feature","properties":{"jobs":377,"pop":719,"pointCount":2,"homeWorkCommuteMedian":12290,"workHomeCommuteMedian":20186},"geometry":{"type":"Polygon","coordinates":[[[-106.50644464000969,31.790281359093132],[-106.50644464000969,31.79927456273038],[-106.49745143637244,31.79927456273038],[-106.49745143637244,31.790281359093132],[-106.50644464000969,31.790281359093132]]]}},{"type":"Feature","properties":{"jobs":45,"pop":765,"pointCount":1,"homeWorkCommuteMedian":11912,"workHomeCommuteMedian":29860},"geometry":{"type":"Polygon","coordinates":[[[-106.50644464000969,31.79927456273038],[-106.50644464000969,31.808267766367624],[-106.49745143637244,31.808267766367624],[-106.49745143637244,31.79927456273038],[-106.50644464000969,31.79927456273038]]]}},{"type":"Feature","properties":{"jobs":9,"pop":8,"pointCount":1,"homeWorkCommuteMedian":33259,"workHomeCommuteMedian":32002},"geometry":{"type":"Polygon","coordinates":[[[-106.50644464000969,31.84424058091661],[-106.50644464000969,31.853233784553854],[-106.49745143637244,31.853233784553854],[-106.49745143637244,31.84424058091661],[-106.50644464000969,31.84424058091661]]]}},{"type":"Feature","properties":{"jobs":0,"pop":110,"pointCount":1,"homeWorkCommuteMedian":11670,"workHomeCommuteMedian":-1},"geometry":{"type":"Polygon","coordinates":[[[-106.49745143637244,31.583437675436475],[-106.49745143637244,31.59243087907372],[-106.4884582327352,31.59243087907372],[-106.4884582327352,31.583437675436475],[-106.49745143637244,31.583437675436475]]]}},{"type":"Feature","properties":{"jobs":260,"pop":59,"pointCount":1,"homeWorkCommuteMedian":8072,"workHomeCommuteMedian":8850},"geometry":{"type":"Polygon","coordinates":[[[-106.49745143637244,31.601424082710967],[-106.49745143637244,31.610417286348213],[-106.4884582327352,31.610417286348213],[-106.4884582327352,31.601424082710967],[-106.49745143637244,31.601424082710967]]]}},{"type":"Feature","properties":{"jobs":82,"pop":0,"pointCount":1,"homeWorkCommuteMedian":-1,"workHomeCommuteMedian":2895},"geometry":{"type":"Polygon","coordinates":[[[-106.49745143637244,31.646390100897197],[-106.49745143637244,31.655383304534443],[-106.4884582327352,31.655383304534443],[-106.4884582327352,31.646390100897197],[-106.49745143637244,31.646390100897197]]]}},{"type":"Feature","properties":{"jobs":28,"pop":107,"pointCount":1,"homeWorkCommuteMedian":10422,"workHomeCommuteMedian":6689},"geometry":{"type":"Polygon","coordinates":[[[-106.49745143637244,31.655383304534443],[-106.49745143637244,31.66437650817169],[-106.4884582327352,31.66437650817169],[-106.4884582327352,31.655383304534443],[-106.49745143637244,31.655383304534443]]]}},{"type":"Feature","properties":{"jobs":228,"pop":664,"pointCount":2,"homeWorkCommuteMedian":7658,"workHomeCommuteMedian":6531},"geometry":{"type":"Polygon","coordinates":[[[-106.49745143637244,31.66437650817169],[-106.49745143637244,31.673369711808935],[-106.4884582327352,31.673369711808935],[-106.4884582327352,31.66437650817169],[-106.49745143637244,31.66437650817169]]]}},{"type":"Feature","properties":{"jobs":196,"pop":0,"pointCount":1,"homeWorkCommuteMedian":-1,"workHomeCommuteMedian":7868},"geometry":{"type":"Polygon","coordinates":[[[-106.49745143637244,31.673369711808935],[-106.49745143637244,31.68236291544618],[-106.4884582327352,31.68236291544618],[-106.4884582327352,31.673369711808935],[-106.49745143637244,31.673369711808935]]]}},{"type":"Feature","properties":{"jobs":1668,"pop":4377,"pointCount":6,"homeWorkCommuteMedian":7281,"workHomeCommuteMedian":11040},"geometry":{"type":"Polygon","coordinates":[[[-106.49745143637244,31.68236291544618],[-106.49745143637244,31.691356119083427],[-106.4884582327352,31.691356119083427],[-106.4884582327352,31.68236291544618],[-106.49745143637244,31.68236291544618]]]}},{"type":"Feature","properties":{"jobs":133,"pop":37,"pointCount":3,"homeWorkCommuteMedian":3693,"workHomeCommuteMedian":5655},"geometry":{"type":"Polygon","coordinates":[[[-106.49745143637244,31.691356119083427],[-106.49745143637244,31.700349322720673],[-106.4884582327352,31.700349322720673],[-106.4884582327352,31.691356119083427],[-106.49745143637244,31.691356119083427]]]}},{"type":"Feature","properties":{"jobs":830,"pop":2291,"pointCount":6,"homeWorkCommuteMedian":6476,"workHomeCommuteMedian":8491},"geometry":{"type":"Polygon","coordinates":[[[-106.49745143637244,31.700349322720673],[-106.49745143637244,31.70934252635792],[-106.4884582327352,31.70934252635792],[-106.4884582327352,31.700349322720673],[-106.49745143637244,31.700349322720673]]]}},{"type":"Feature","properties":{"jobs":800,"pop":3773,"pointCount":4,"homeWorkCommuteMedian":8367,"workHomeCommuteMedian":9341},"geometry":{"type":"Polygon","coordinates":[[[-106.49745143637244,31.70934252635792],[-106.49745143637244,31.718335729995164],[-106.4884582327352,31.718335729995164],[-106.4884582327352,31.70934252635792],[-106.49745143637244,31.70934252635792]]]}},{"type":"Feature","properties":{"jobs":1480,"pop":5792,"pointCount":3,"homeWorkCommuteMedian":6952,"workHomeCommuteMedian":3754},"geometry":{"type":"Polygon","coordinates":[[[-106.49745143637244,31.718335729995164],[-106.49745143637244,31.72732893363241],[-106.4884582327352,31.72732893363241],[-106.4884582327352,31.718335729995164],[-106.49745143637244,31.718335729995164]]]}},{"type":"Feature","properties":{"jobs":883,"pop":3149,"pointCount":1,"homeWorkCommuteMedian":5456,"workHomeCommuteMedian":3143},"geometry":{"type":"Polygon","coordinates":[[[-106.49745143637244,31.72732893363241],[-106.49745143637244,31.736322137269656],[-106.4884582327352,31.736322137269656],[-106.4884582327352,31.72732893363241],[-106.49745143637244,31.72732893363241]]]}},{"type":"Feature","properties":{"jobs":1556,"pop":2290,"pointCount":1,"homeWorkCommuteMedian":8859,"workHomeCommuteMedian":2424},"geometry":{"type":"Polygon","coordinates":[[[-106.49745143637244,31.736322137269656],[-106.49745143637244,31.745315340906902],[-106.4884582327352,31.745315340906902],[-106.4884582327352,31.736322137269656],[-106.49745143637244,31.736322137269656]]]}},{"type":"Feature","properties":{"jobs":1422,"pop":3168,"pointCount":1,"homeWorkCommuteMedian":6817,"workHomeCommuteMedian":1767},"geometry":{"type":"Polygon","coordinates":[[[-106.49745143637244,31.745315340906902],[-106.49745143637244,31.75430854454415],[-106.4884582327352,31.75430854454415],[-106.4884582327352,31.745315340906902],[-106.49745143637244,31.745315340906902]]]}},{"type":"Feature","properties":{"jobs":3981,"pop":77,"pointCount":6,"homeWorkCommuteMedian":14502,"workHomeCommuteMedian":18629},"geometry":{"type":"Polygon","coordinates":[[[-106.49745143637244,31.75430854454415],[-106.49745143637244,31.763301748181394],[-106.4884582327352,31.763301748181394],[-106.4884582327352,31.75430854454415],[-106.49745143637244,31.75430854454415]]]}},{"type":"Feature","properties":{"jobs":2083,"pop":2030,"pointCount":3,"homeWorkCommuteMedian":11242,"workHomeCommuteMedian":20835},"geometry":{"type":"Polygon","coordinates":[[[-106.49745143637244,31.763301748181394],[-106.49745143637244,31.77229495181864],[-106.4884582327352,31.77229495181864],[-106.4884582327352,31.763301748181394],[-106.49745143637244,31.763301748181394]]]}},{"type":"Feature","properties":{"jobs":617,"pop":2866,"pointCount":2,"homeWorkCommuteMedian":9340,"workHomeCommuteMedian":19490},"geometry":{"type":"Polygon","coordinates":[[[-106.49745143637244,31.77229495181864],[-106.49745143637244,31.781288155455886],[-106.4884582327352,31.781288155455886],[-106.4884582327352,31.77229495181864],[-106.49745143637244,31.77229495181864]]]}},{"type":"Feature","properties":{"jobs":65,"pop":453,"pointCount":1,"homeWorkCommuteMedian":15140,"workHomeCommuteMedian":19896},"geometry":{"type":"Polygon","coordinates":[[[-106.49745143637244,31.790281359093132],[-106.49745143637244,31.79927456273038],[-106.4884582327352,31.79927456273038],[-106.4884582327352,31.790281359093132],[-106.49745143637244,31.790281359093132]]]}},{"type":"Feature","properties":{"jobs":0,"pop":17,"pointCount":1,"homeWorkCommuteMedian":34722,"workHomeCommuteMedian":-1},"geometry":{"type":"Polygon","coordinates":[[[-106.49745143637244,31.826254173642116],[-106.49745143637244,31.835247377279362],[-106.4884582327352,31.835247377279362],[-106.4884582327352,31.826254173642116],[-106.49745143637244,31.826254173642116]]]}},{"type":"Feature","properties":{"jobs":0,"pop":0,"pointCount":1,"homeWorkCommuteMedian":-1,"workHomeCommuteMedian":-1},"geometry":{"type":"Polygon","coordinates":[[[-106.49745143637244,31.871220191828346],[-106.49745143637244,31.880213395465592],[-106.4884582327352,31.880213395465592],[-106.4884582327352,31.871220191828346],[-106.49745143637244,31.871220191828346]]]}},{"type":"Feature","properties":{"jobs":0,"pop":0,"pointCount":1,"homeWorkCommuteMedian":-1,"workHomeCommuteMedian":-1},"geometry":{"type":"Polygon","coordinates":[[[-106.49745143637244,31.889206599102838],[-106.49745143637244,31.898199802740084],[-106.4884582327352,31.898199802740084],[-106.4884582327352,31.889206599102838],[-106.49745143637244,31.889206599102838]]]}},{"type":"Feature","properties":{"jobs":0,"pop":0,"pointCount":1,"homeWorkCommuteMedian":-1,"workHomeCommuteMedian":-1},"geometry":{"type":"Polygon","coordinates":[[[-106.49745143637244,31.90719300637733],[-106.49745143637244,31.916186210014576],[-106.4884582327352,31.916186210014576],[-106.4884582327352,31.90719300637733],[-106.49745143637244,31.90719300637733]]]}},{"type":"Feature","properties":{"jobs":0,"pop":0,"pointCount":1,"homeWorkCommuteMedian":-1,"workHomeCommuteMedian":-1},"geometry":{"type":"Polygon","coordinates":[[[-106.49745143637244,31.934172617289068],[-106.49745143637244,31.943165820926314],[-106.4884582327352,31.943165820926314],[-106.4884582327352,31.934172617289068],[-106.49745143637244,31.934172617289068]]]}},{"type":"Feature","properties":{"jobs":240,"pop":265,"pointCount":1,"homeWorkCommuteMedian":13677,"workHomeCommuteMedian":16153},"geometry":{"type":"Polygon","coordinates":[[[-106.4884582327352,31.59243087907372],[-106.4884582327352,31.601424082710967],[-106.47946502909795,31.601424082710967],[-106.47946502909795,31.59243087907372],[-106.4884582327352,31.59243087907372]]]}},{"type":"Feature","properties":{"jobs":453,"pop":671,"pointCount":3,"homeWorkCommuteMedian":10303,"workHomeCommuteMedian":7794},"geometry":{"type":"Polygon","coordinates":[[[-106.4884582327352,31.610417286348213],[-106.4884582327352,31.61941048998546],[-106.47946502909795,31.61941048998546],[-106.47946502909795,31.610417286348213],[-106.4884582327352,31.610417286348213]]]}},{"type":"Feature","properties":{"jobs":29,"pop":0,"pointCount":1,"homeWorkCommuteMedian":-1,"workHomeCommuteMedian":14457},"geometry":{"type":"Polygon","coordinates":[[[-106.4884582327352,31.646390100897197],[-106.4884582327352,31.655383304534443],[-106.47946502909795,31.655383304534443],[-106.47946502909795,31.646390100897197],[-106.4884582327352,31.646390100897197]]]}},{"type":"Feature","properties":{"jobs":327,"pop":979,"pointCount":2,"homeWorkCommuteMedian":8204,"workHomeCommuteMedian":9395},"geometry":{"type":"Polygon","coordinates":[[[-106.4884582327352,31.655383304534443],[-106.4884582327352,31.66437650817169],[-106.47946502909795,31.66437650817169],[-106.47946502909795,31.655383304534443],[-106.4884582327352,31.655383304534443]]]}},{"type":"Feature","properties":{"jobs":1047,"pop":3283,"pointCount":6,"homeWorkCommuteMedian":7581,"workHomeCommuteMedian":8100},"geometry":{"type":"Polygon","coordinates":[[[-106.4884582327352,31.66437650817169],[-106.4884582327352,31.673369711808935],[-106.47946502909795,31.673369711808935],[-106.47946502909795,31.66437650817169],[-106.4884582327352,31.66437650817169]]]}},{"type":"Feature","properties":{"jobs":654,"pop":1740,"pointCount":5,"homeWorkCommuteMedian":6713,"workHomeCommuteMedian":6289},"geometry":{"type":"Polygon","coordinates":[[[-106.4884582327352,31.673369711808935],[-106.4884582327352,31.68236291544618],[-106.47946502909795,31.68236291544618],[-106.47946502909795,31.673369711808935],[-106.4884582327352,31.673369711808935]]]}},{"type":"Feature","properties":{"jobs":679,"pop":994,"pointCount":7,"homeWorkCommuteMedian":5651,"workHomeCommuteMedian":5882},"geometry":{"type":"Polygon","coordinates":[[[-106.4884582327352,31.68236291544618],[-106.4884582327352,31.691356119083427],[-106.47946502909795,31.691356119083427],[-106.47946502909795,31.68236291544618],[-106.4884582327352,31.68236291544618]]]}},{"type":"Feature","properties":{"jobs":860,"pop":1261,"pointCount":5,"homeWorkCommuteMedian":7214,"workHomeCommuteMedian":9023},"geometry":{"type":"Polygon","coordinates":[[[-106.4884582327352,31.691356119083427],[-106.4884582327352,31.700349322720673],[-106.47946502909795,31.700349322720673],[-106.47946502909795,31.691356119083427],[-106.4884582327352,31.691356119083427]]]}},{"type":"Feature","properties":{"jobs":2324,"pop":4867,"pointCount":6,"homeWorkCommuteMedian":6952,"workHomeCommuteMedian":4438},"geometry":{"type":"Polygon","coordinates":[[[-106.4884582327352,31.700349322720673],[-106.4884582327352,31.70934252635792],[-106.47946502909795,31.70934252635792],[-106.47946502909795,31.700349322720673],[-106.4884582327352,31.700349322720673]]]}},{"type":"Feature","properties":{"jobs":1601,"pop":4877,"pointCount":5,"homeWorkCommuteMedian":6102,"workHomeCommuteMedian":5288},"geometry":{"type":"Polygon","coordinates":[[[-106.4884582327352,31.70934252635792],[-106.4884582327352,31.718335729995164],[-106.47946502909795,31.718335729995164],[-106.47946502909795,31.70934252635792],[-106.4884582327352,31.70934252635792]]]}},{"type":"Feature","properties":{"jobs":891,"pop":1951,"pointCount":1,"homeWorkCommuteMedian":6769,"workHomeCommuteMedian":9934},"geometry":{"type":"Polygon","coordinates":[[[-106.4884582327352,31.718335729995164],[-106.4884582327352,31.72732893363241],[-106.47946502909795,31.72732893363241],[-106.47946502909795,31.718335729995164],[-106.4884582327352,31.718335729995164]]]}},{"type":"Feature","properties":{"jobs":2927,"pop":3694,"pointCount":4,"homeWorkCommuteMedian":5251,"workHomeCommuteMedian":4257},"geometry":{"type":"Polygon","coordinates":[[[-106.4884582327352,31.72732893363241],[-106.4884582327352,31.736322137269656],[-106.47946502909795,31.736322137269656],[-106.47946502909795,31.72732893363241],[-106.4884582327352,31.72732893363241]]]}},{"type":"Feature","properties":{"jobs":10877,"pop":2215,"pointCount":9,"homeWorkCommuteMedian":4790,"workHomeCommuteMedian":4042},"geometry":{"type":"Polygon","coordinates":[[[-106.4884582327352,31.736322137269656],[-106.4884582327352,31.745315340906902],[-106.47946502909795,31.745315340906902],[-106.47946502909795,31.736322137269656],[-106.4884582327352,31.736322137269656]]]}},{"type":"Feature","properties":{"jobs":639,"pop":130,"pointCount":1,"homeWorkCommuteMedian":17047,"workHomeCommuteMedian":21740},"geometry":{"type":"Polygon","coordinates":[[[-106.4884582327352,31.745315340906902],[-106.4884582327352,31.75430854454415],[-106.47946502909795,31.75430854454415],[-106.47946502909795,31.745315340906902],[-106.4884582327352,31.745315340906902]]]}},{"type":"Feature","properties":{"jobs":8390,"pop":2552,"pointCount":6,"homeWorkCommuteMedian":14821,"workHomeCommuteMedian":20501},"geometry":{"type":"Polygon","coordinates":[[[-106.4884582327352,31.75430854454415],[-106.4884582327352,31.763301748181394],[-106.47946502909795,31.763301748181394],[-106.47946502909795,31.75430854454415],[-106.4884582327352,31.75430854454415]]]}},{"type":"Feature","properties":{"jobs":6861,"pop":3103,"pointCount":5,"homeWorkCommuteMedian":9307,"workHomeCommuteMedian":19783},"geometry":{"type":"Polygon","coordinates":[[[-106.4884582327352,31.763301748181394],[-106.4884582327352,31.77229495181864],[-106.47946502909795,31.77229495181864],[-106.47946502909795,31.763301748181394],[-106.4884582327352,31.763301748181394]]]}},{"type":"Feature","properties":{"jobs":3290,"pop":4312,"pointCount":5,"homeWorkCommuteMedian":11078,"workHomeCommuteMedian":21593},"geometry":{"type":"Polygon","coordinates":[[[-106.4884582327352,31.77229495181864],[-106.4884582327352,31.781288155455886],[-106.47946502909795,31.781288155455886],[-106.47946502909795,31.77229495181864],[-106.4884582327352,31.77229495181864]]]}},{"type":"Feature","properties":{"jobs":0,"pop":106,"pointCount":1,"homeWorkCommuteMedian":20166,"workHomeCommuteMedian":-1},"geometry":{"type":"Polygon","coordinates":[[[-106.4884582327352,31.808267766367624],[-106.4884582327352,31.81726097000487],[-106.47946502909795,31.81726097000487],[-106.47946502909795,31.808267766367624],[-106.4884582327352,31.808267766367624]]]}},{"type":"Feature","properties":{"jobs":2,"pop":17,"pointCount":1,"homeWorkCommuteMedian":24022,"workHomeCommuteMedian":5788},"geometry":{"type":"Polygon","coordinates":[[[-106.4884582327352,31.853233784553854],[-106.4884582327352,31.8622269881911],[-106.47946502909795,31.8622269881911],[-106.47946502909795,31.853233784553854],[-106.4884582327352,31.853233784553854]]]}},{"type":"Feature","properties":{"jobs":0,"pop":0,"pointCount":1,"homeWorkCommuteMedian":-1,"workHomeCommuteMedian":-1},"geometry":{"type":"Polygon","coordinates":[[[-106.4884582327352,31.95215902456356],[-106.4884582327352,31.961152228200806],[-106.47946502909795,31.961152228200806],[-106.47946502909795,31.95215902456356],[-106.4884582327352,31.95215902456356]]]}},{"type":"Feature","properties":{"jobs":209,"pop":317,"pointCount":1,"homeWorkCommuteMedian":9733,"workHomeCommuteMedian":10777},"geometry":{"type":"Polygon","coordinates":[[[-106.47946502909795,31.59243087907372],[-106.47946502909795,31.601424082710967],[-106.4704718254607,31.601424082710967],[-106.4704718254607,31.59243087907372],[-106.47946502909795,31.59243087907372]]]}},{"type":"Feature","properties":{"jobs":670,"pop":48,"pointCount":3,"homeWorkCommuteMedian":6461,"workHomeCommuteMedian":6740},"geometry":{"type":"Polygon","coordinates":[[[-106.47946502909795,31.601424082710967],[-106.47946502909795,31.610417286348213],[-106.4704718254607,31.610417286348213],[-106.4704718254607,31.601424082710967],[-106.47946502909795,31.601424082710967]]]}},{"type":"Feature","properties":{"jobs":325,"pop":806,"pointCount":2,"homeWorkCommuteMedian":4548,"workHomeCommuteMedian":12652},"geometry":{"type":"Polygon","coordinates":[[[-106.47946502909795,31.628403693622705],[-106.47946502909795,31.63739689725995],[-106.4704718254607,31.63739689725995],[-106.4704718254607,31.628403693622705],[-106.47946502909795,31.628403693622705]]]}},{"type":"Feature","properties":{"jobs":154,"pop":649,"pointCount":1,"homeWorkCommuteMedian":7334,"workHomeCommuteMedian":6117},"geometry":{"type":"Polygon","coordinates":[[[-106.47946502909795,31.646390100897197],[-106.47946502909795,31.655383304534443],[-106.4704718254607,31.655383304534443],[-106.4704718254607,31.646390100897197],[-106.47946502909795,31.646390100897197]]]}},{"type":"Feature","properties":{"jobs":2387,"pop":4651,"pointCount":7,"homeWorkCommuteMedian":7549,"workHomeCommuteMedian":8369},"geometry":{"type":"Polygon","coordinates":[[[-106.47946502909795,31.655383304534443],[-106.47946502909795,31.66437650817169],[-106.4704718254607,31.66437650817169],[-106.4704718254607,31.655383304534443],[-106.47946502909795,31.655383304534443]]]}},{"type":"Feature","properties":{"jobs":1824,"pop":4336,"pointCount":7,"homeWorkCommuteMedian":7886,"workHomeCommuteMedian":7731},"geometry":{"type":"Polygon","coordinates":[[[-106.47946502909795,31.66437650817169],[-106.47946502909795,31.673369711808935],[-106.4704718254607,31.673369711808935],[-106.4704718254607,31.66437650817169],[-106.47946502909795,31.66437650817169]]]}},{"type":"Feature","properties":{"jobs":955,"pop":1065,"pointCount":6,"homeWorkCommuteMedian":9120,"workHomeCommuteMedian":6263},"geometry":{"type":"Polygon","coordinates":[[[-106.47946502909795,31.673369711808935],[-106.47946502909795,31.68236291544618],[-106.4704718254607,31.68236291544618],[-106.4704718254607,31.673369711808935],[-106.47946502909795,31.673369711808935]]]}},{"type":"Feature","properties":{"jobs":930,"pop":1032,"pointCount":7,"homeWorkCommuteMedian":8114,"workHomeCommuteMedian":5704},"geometry":{"type":"Polygon","coordinates":[[[-106.47946502909795,31.68236291544618],[-106.47946502909795,31.691356119083427],[-106.4704718254607,31.691356119083427],[-106.4704718254607,31.68236291544618],[-106.47946502909795,31.68236291544618]]]}},{"type":"Feature","properties":{"jobs":1641,"pop":1671,"pointCount":6,"homeWorkCommuteMedian":5074,"workHomeCommuteMedian":7592},"geometry":{"type":"Polygon","coordinates":[[[-106.47946502909795,31.691356119083427],[-106.47946502909795,31.700349322720673],[-106.4704718254607,31.700349322720673],[-106.4704718254607,31.691356119083427],[-106.47946502909795,31.691356119083427]]]}},{"type":"Feature","properties":{"jobs":949,"pop":2351,"pointCount":4,"homeWorkCommuteMedian":5604,"workHomeCommuteMedian":4790},"geometry":{"type":"Polygon","coordinates":[[[-106.47946502909795,31.700349322720673],[-106.47946502909795,31.70934252635792],[-106.4704718254607,31.70934252635792],[-106.4704718254607,31.700349322720673],[-106.47946502909795,31.700349322720673]]]}},{"type":"Feature","properties":{"jobs":1281,"pop":2994,"pointCount":6,"homeWorkCommuteMedian":5345,"workHomeCommuteMedian":6163},"geometry":{"type":"Polygon","coordinates":[[[-106.47946502909795,31.70934252635792],[-106.47946502909795,31.718335729995164],[-106.4704718254607,31.718335729995164],[-106.4704718254607,31.70934252635792],[-106.47946502909795,31.70934252635792]]]}},{"type":"Feature","properties":{"jobs":2264,"pop":1585,"pointCount":4,"homeWorkCommuteMedian":4688,"workHomeCommuteMedian":5803},"geometry":{"type":"Polygon","coordinates":[[[-106.47946502909795,31.718335729995164],[-106.47946502909795,31.72732893363241],[-106.4704718254607,31.72732893363241],[-106.4704718254607,31.718335729995164],[-106.47946502909795,31.718335729995164]]]}},{"type":"Feature","properties":{"jobs":1451,"pop":2519,"pointCount":4,"homeWorkCommuteMedian":6955,"workHomeCommuteMedian":3649},"geometry":{"type":"Polygon","coordinates":[[[-106.47946502909795,31.72732893363241],[-106.47946502909795,31.736322137269656],[-106.4704718254607,31.736322137269656],[-106.4704718254607,31.72732893363241],[-106.47946502909795,31.72732893363241]]]}},{"type":"Feature","properties":{"jobs":1487,"pop":4647,"pointCount":4,"homeWorkCommuteMedian":6128,"workHomeCommuteMedian":5010},"geometry":{"type":"Polygon","coordinates":[[[-106.47946502909795,31.736322137269656],[-106.47946502909795,31.745315340906902],[-106.4704718254607,31.745315340906902],[-106.4704718254607,31.736322137269656],[-106.47946502909795,31.736322137269656]]]}},{"type":"Feature","properties":{"jobs":892,"pop":173,"pointCount":3,"homeWorkCommuteMedian":13818,"workHomeCommuteMedian":19593},"geometry":{"type":"Polygon","coordinates":[[[-106.47946502909795,31.75430854454415],[-106.47946502909795,31.763301748181394],[-106.4704718254607,31.763301748181394],[-106.4704718254607,31.75430854454415],[-106.47946502909795,31.75430854454415]]]}},{"type":"Feature","properties":{"jobs":2658,"pop":1125,"pointCount":4,"homeWorkCommuteMedian":14154,"workHomeCommuteMedian":20225},"geometry":{"type":"Polygon","coordinates":[[[-106.47946502909795,31.763301748181394],[-106.47946502909795,31.77229495181864],[-106.4704718254607,31.77229495181864],[-106.4704718254607,31.763301748181394],[-106.47946502909795,31.763301748181394]]]}},{"type":"Feature","properties":{"jobs":5296,"pop":2118,"pointCount":6,"homeWorkCommuteMedian":12883,"workHomeCommuteMedian":20368},"geometry":{"type":"Polygon","coordinates":[[[-106.47946502909795,31.77229495181864],[-106.47946502909795,31.781288155455886],[-106.4704718254607,31.781288155455886],[-106.4704718254607,31.77229495181864],[-106.47946502909795,31.77229495181864]]]}},{"type":"Feature","properties":{"jobs":93,"pop":300,"pointCount":1,"homeWorkCommuteMedian":15241,"workHomeCommuteMedian":23208},"geometry":{"type":"Polygon","coordinates":[[[-106.47946502909795,31.781288155455886],[-106.47946502909795,31.790281359093132],[-106.4704718254607,31.790281359093132],[-106.4704718254607,31.781288155455886],[-106.47946502909795,31.781288155455886]]]}},{"type":"Feature","properties":{"jobs":187,"pop":17,"pointCount":1,"homeWorkCommuteMedian":18841,"workHomeCommuteMedian":26155},"geometry":{"type":"Polygon","coordinates":[[[-106.47946502909795,31.835247377279362],[-106.47946502909795,31.84424058091661],[-106.4704718254607,31.84424058091661],[-106.4704718254607,31.835247377279362],[-106.47946502909795,31.835247377279362]]]}},{"type":"Feature","properties":{"jobs":0,"pop":0,"pointCount":1,"homeWorkCommuteMedian":-1,"workHomeCommuteMedian":-1},"geometry":{"type":"Polygon","coordinates":[[[-106.47946502909795,31.889206599102838],[-106.47946502909795,31.898199802740084],[-106.4704718254607,31.898199802740084],[-106.4704718254607,31.889206599102838],[-106.47946502909795,31.889206599102838]]]}},{"type":"Feature","properties":{"jobs":0,"pop":0,"pointCount":1,"homeWorkCommuteMedian":-1,"workHomeCommuteMedian":-1},"geometry":{"type":"Polygon","coordinates":[[[-106.47946502909795,31.916186210014576],[-106.47946502909795,31.925179413651822],[-106.4704718254607,31.925179413651822],[-106.4704718254607,31.916186210014576],[-106.47946502909795,31.916186210014576]]]}},{"type":"Feature","properties":{"jobs":0,"pop":0,"pointCount":1,"homeWorkCommuteMedian":-1,"workHomeCommuteMedian":-1},"geometry":{"type":"Polygon","coordinates":[[[-106.47946502909795,32.00611824638703],[-106.47946502909795,32.01511145002428],[-106.4704718254607,32.01511145002428],[-106.4704718254607,32.00611824638703],[-106.47946502909795,32.00611824638703]]]}},{"type":"Feature","properties":{"jobs":0,"pop":0,"pointCount":1,"homeWorkCommuteMedian":-1,"workHomeCommuteMedian":-1},"geometry":{"type":"Polygon","coordinates":[[[-106.47946502909795,32.024104653661524],[-106.47946502909795,32.03309785729877],[-106.4704718254607,32.03309785729877],[-106.4704718254607,32.024104653661524],[-106.47946502909795,32.024104653661524]]]}},{"type":"Feature","properties":{"jobs":0,"pop":0,"pointCount":1,"homeWorkCommuteMedian":-1,"workHomeCommuteMedian":-1},"geometry":{"type":"Polygon","coordinates":[[[-106.4704718254607,31.538471657250245],[-106.4704718254607,31.54746486088749],[-106.46147862182346,31.54746486088749],[-106.46147862182346,31.538471657250245],[-106.4704718254607,31.538471657250245]]]}},{"type":"Feature","properties":{"jobs":451,"pop":0,"pointCount":1,"homeWorkCommuteMedian":-1,"workHomeCommuteMedian":12805},"geometry":{"type":"Polygon","coordinates":[[[-106.4704718254607,31.583437675436475],[-106.4704718254607,31.59243087907372],[-106.46147862182346,31.59243087907372],[-106.46147862182346,31.583437675436475],[-106.4704718254607,31.583437675436475]]]}},{"type":"Feature","properties":{"jobs":289,"pop":0,"pointCount":1,"homeWorkCommuteMedian":-1,"workHomeCommuteMedian":8625},"geometry":{"type":"Polygon","coordinates":[[[-106.4704718254607,31.59243087907372],[-106.4704718254607,31.601424082710967],[-106.46147862182346,31.601424082710967],[-106.46147862182346,31.59243087907372],[-106.4704718254607,31.59243087907372]]]}},{"type":"Feature","properties":{"jobs":571,"pop":388,"pointCount":3,"homeWorkCommuteMedian":9200,"workHomeCommuteMedian":10940},"geometry":{"type":"Polygon","coordinates":[[[-106.4704718254607,31.601424082710967],[-106.4704718254607,31.610417286348213],[-106.46147862182346,31.610417286348213],[-106.46147862182346,31.601424082710967],[-106.4704718254607,31.601424082710967]]]}},{"type":"Feature","properties":{"jobs":1095,"pop":1993,"pointCount":7,"homeWorkCommuteMedian":9947,"workHomeCommuteMedian":7451},"geometry":{"type":"Polygon","coordinates":[[[-106.4704718254607,31.610417286348213],[-106.4704718254607,31.61941048998546],[-106.46147862182346,31.61941048998546],[-106.46147862182346,31.610417286348213],[-106.4704718254607,31.610417286348213]]]}},{"type":"Feature","properties":{"jobs":328,"pop":900,"pointCount":3,"homeWorkCommuteMedian":7329,"workHomeCommuteMedian":6922},"geometry":{"type":"Polygon","coordinates":[[[-106.4704718254607,31.61941048998546],[-106.4704718254607,31.628403693622705],[-106.46147862182346,31.628403693622705],[-106.46147862182346,31.61941048998546],[-106.4704718254607,31.61941048998546]]]}},{"type":"Feature","properties":{"jobs":504,"pop":789,"pointCount":3,"homeWorkCommuteMedian":7793,"workHomeCommuteMedian":9460},"geometry":{"type":"Polygon","coordinates":[[[-106.4704718254607,31.628403693622705],[-106.4704718254607,31.63739689725995],[-106.46147862182346,31.63739689725995],[-106.46147862182346,31.628403693622705],[-106.4704718254607,31.628403693622705]]]}},{"type":"Feature","properties":{"jobs":695,"pop":3970,"pointCount":1,"homeWorkCommuteMedian":7474,"workHomeCommuteMedian":6941},"geometry":{"type":"Polygon","coordinates":[[[-106.4704718254607,31.63739689725995],[-106.4704718254607,31.646390100897197],[-106.46147862182346,31.646390100897197],[-106.46147862182346,31.63739689725995],[-106.4704718254607,31.63739689725995]]]}},{"type":"Feature","properties":{"jobs":1105,"pop":2597,"pointCount":5,"homeWorkCommuteMedian":7333,"workHomeCommuteMedian":9385},"geometry":{"type":"Polygon","coordinates":[[[-106.4704718254607,31.646390100897197],[-106.4704718254607,31.655383304534443],[-106.46147862182346,31.655383304534443],[-106.46147862182346,31.646390100897197],[-106.4704718254607,31.646390100897197]]]}},{"type":"Feature","properties":{"jobs":2174,"pop":5291,"pointCount":6,"homeWorkCommuteMedian":6823,"workHomeCommuteMedian":8484},"geometry":{"type":"Polygon","coordinates":[[[-106.4704718254607,31.655383304534443],[-106.4704718254607,31.66437650817169],[-106.46147862182346,31.66437650817169],[-106.46147862182346,31.655383304534443],[-106.4704718254607,31.655383304534443]]]}},{"type":"Feature","properties":{"jobs":1406,"pop":3233,"pointCount":6,"homeWorkCommuteMedian":7224,"workHomeCommuteMedian":5880},"geometry":{"type":"Polygon","coordinates":[[[-106.4704718254607,31.66437650817169],[-106.4704718254607,31.673369711808935],[-106.46147862182346,31.673369711808935],[-106.46147862182346,31.66437650817169],[-106.4704718254607,31.66437650817169]]]}},{"type":"Feature","properties":{"jobs":1831,"pop":6786,"pointCount":8,"homeWorkCommuteMedian":5597,"workHomeCommuteMedian":6894},"geometry":{"type":"Polygon","coordinates":[[[-106.4704718254607,31.673369711808935],[-106.4704718254607,31.68236291544618],[-106.46147862182346,31.68236291544618],[-106.46147862182346,31.673369711808935],[-106.4704718254607,31.673369711808935]]]}},{"type":"Feature","properties":{"jobs":7624,"pop":2219,"pointCount":6,"homeWorkCommuteMedian":6923,"workHomeCommuteMedian":6128},"geometry":{"type":"Polygon","coordinates":[[[-106.4704718254607,31.68236291544618],[-106.4704718254607,31.691356119083427],[-106.46147862182346,31.691356119083427],[-106.46147862182346,31.68236291544618],[-106.4704718254607,31.68236291544618]]]}},{"type":"Feature","properties":{"jobs":2163,"pop":3001,"pointCount":7,"homeWorkCommuteMedian":5961,"workHomeCommuteMedian":8304},"geometry":{"type":"Polygon","coordinates":[[[-106.4704718254607,31.691356119083427],[-106.4704718254607,31.700349322720673],[-106.46147862182346,31.700349322720673],[-106.46147862182346,31.691356119083427],[-106.4704718254607,31.691356119083427]]]}},{"type":"Feature","properties":{"jobs":958,"pop":1971,"pointCount":5,"homeWorkCommuteMedian":7192,"workHomeCommuteMedian":7448},"geometry":{"type":"Polygon","coordinates":[[[-106.4704718254607,31.700349322720673],[-106.4704718254607,31.70934252635792],[-106.46147862182346,31.70934252635792],[-106.46147862182346,31.700349322720673],[-106.4704718254607,31.700349322720673]]]}},{"type":"Feature","properties":{"jobs":3541,"pop":1931,"pointCount":3,"homeWorkCommuteMedian":4841,"workHomeCommuteMedian":6156},"geometry":{"type":"Polygon","coordinates":[[[-106.4704718254607,31.70934252635792],[-106.4704718254607,31.718335729995164],[-106.46147862182346,31.718335729995164],[-106.46147862182346,31.70934252635792],[-106.4704718254607,31.70934252635792]]]}},{"type":"Feature","properties":{"jobs":1928,"pop":2980,"pointCount":6,"homeWorkCommuteMedian":5170,"workHomeCommuteMedian":5814},"geometry":{"type":"Polygon","coordinates":[[[-106.4704718254607,31.718335729995164],[-106.4704718254607,31.72732893363241],[-106.46147862182346,31.72732893363241],[-106.46147862182346,31.718335729995164],[-106.4704718254607,31.718335729995164]]]}},{"type":"Feature","properties":{"jobs":2103,"pop":2206,"pointCount":6,"homeWorkCommuteMedian":4173,"workHomeCommuteMedian":7049},"geometry":{"type":"Polygon","coordinates":[[[-106.4704718254607,31.72732893363241],[-106.4704718254607,31.736322137269656],[-106.46147862182346,31.736322137269656],[-106.46147862182346,31.72732893363241],[-106.4704718254607,31.72732893363241]]]}},{"type":"Feature","properties":{"jobs":2349,"pop":2672,"pointCount":3,"homeWorkCommuteMedian":4956,"workHomeCommuteMedian":8610},"geometry":{"type":"Polygon","coordinates":[[[-106.4704718254607,31.736322137269656],[-106.4704718254607,31.745315340906902],[-106.46147862182346,31.745315340906902],[-106.46147862182346,31.736322137269656],[-106.4704718254607,31.736322137269656]]]}},{"type":"Feature","properties":{"jobs":2295,"pop":4607,"pointCount":5,"homeWorkCommuteMedian":5339,"workHomeCommuteMedian":6816},"geometry":{"type":"Polygon","coordinates":[[[-106.4704718254607,31.745315340906902],[-106.4704718254607,31.75430854454415],[-106.46147862182346,31.75430854454415],[-106.46147862182346,31.745315340906902],[-106.4704718254607,31.745315340906902]]]}},{"type":"Feature","properties":{"jobs":140,"pop":12,"pointCount":1,"homeWorkCommuteMedian":27929,"workHomeCommuteMedian":20825},"geometry":{"type":"Polygon","coordinates":[[[-106.4704718254607,31.75430854454415],[-106.4704718254607,31.763301748181394],[-106.46147862182346,31.763301748181394],[-106.46147862182346,31.75430854454415],[-106.4704718254607,31.75430854454415]]]}},{"type":"Feature","properties":{"jobs":1766,"pop":559,"pointCount":3,"homeWorkCommuteMedian":14829,"workHomeCommuteMedian":20739},"geometry":{"type":"Polygon","coordinates":[[[-106.4704718254607,31.763301748181394],[-106.4704718254607,31.77229495181864],[-106.46147862182346,31.77229495181864],[-106.46147862182346,31.763301748181394],[-106.4704718254607,31.763301748181394]]]}},{"type":"Feature","properties":{"jobs":3643,"pop":2066,"pointCount":4,"homeWorkCommuteMedian":14029,"workHomeCommuteMedian":19420},"geometry":{"type":"Polygon","coordinates":[[[-106.4704718254607,31.77229495181864],[-106.4704718254607,31.781288155455886],[-106.46147862182346,31.781288155455886],[-106.46147862182346,31.77229495181864],[-106.4704718254607,31.77229495181864]]]}},{"type":"Feature","properties":{"jobs":211,"pop":501,"pointCount":1,"homeWorkCommuteMedian":13058,"workHomeCommuteMedian":18351},"geometry":{"type":"Polygon","coordinates":[[[-106.4704718254607,31.781288155455886],[-106.4704718254607,31.790281359093132],[-106.46147862182346,31.790281359093132],[-106.46147862182346,31.781288155455886],[-106.4704718254607,31.781288155455886]]]}},{"type":"Feature","properties":{"jobs":365,"pop":920,"pointCount":1,"homeWorkCommuteMedian":17880,"workHomeCommuteMedian":17672},"geometry":{"type":"Polygon","coordinates":[[[-106.4704718254607,31.790281359093132],[-106.4704718254607,31.79927456273038],[-106.46147862182346,31.79927456273038],[-106.46147862182346,31.790281359093132],[-106.4704718254607,31.790281359093132]]]}},{"type":"Feature","properties":{"jobs":873,"pop":3551,"pointCount":2,"homeWorkCommuteMedian":13911,"workHomeCommuteMedian":21364},"geometry":{"type":"Polygon","coordinates":[[[-106.4704718254607,31.808267766367624],[-106.4704718254607,31.81726097000487],[-106.46147862182346,31.81726097000487],[-106.46147862182346,31.808267766367624],[-106.4704718254607,31.808267766367624]]]}},{"type":"Feature","properties":{"jobs":90,"pop":79,"pointCount":1,"homeWorkCommuteMedian":18838,"workHomeCommuteMedian":13059},"geometry":{"type":"Polygon","coordinates":[[[-106.4704718254607,31.81726097000487],[-106.4704718254607,31.826254173642116],[-106.46147862182346,31.826254173642116],[-106.46147862182346,31.81726097000487],[-106.4704718254607,31.81726097000487]]]}},{"type":"Feature","properties":{"jobs":14,"pop":63,"pointCount":1,"homeWorkCommuteMedian":34482,"workHomeCommuteMedian":34222},"geometry":{"type":"Polygon","coordinates":[[[-106.4704718254607,31.970145431838052],[-106.4704718254607,31.979138635475298],[-106.46147862182346,31.979138635475298],[-106.46147862182346,31.970145431838052],[-106.4704718254607,31.970145431838052]]]}},{"type":"Feature","properties":{"jobs":99,"pop":0,"pointCount":1,"homeWorkCommuteMedian":-1,"workHomeCommuteMedian":8827},"geometry":{"type":"Polygon","coordinates":[[[-106.46147862182346,31.50249884270126],[-106.46147862182346,31.511492046338507],[-106.45248541818621,31.511492046338507],[-106.45248541818621,31.50249884270126],[-106.46147862182346,31.50249884270126]]]}},{"type":"Feature","properties":{"jobs":167,"pop":0,"pointCount":1,"homeWorkCommuteMedian":-1,"workHomeCommuteMedian":9856},"geometry":{"type":"Polygon","coordinates":[[[-106.46147862182346,31.583437675436475],[-106.46147862182346,31.59243087907372],[-106.45248541818621,31.59243087907372],[-106.45248541818621,31.583437675436475],[-106.46147862182346,31.583437675436475]]]}},{"type":"Feature","properties":{"jobs":1249,"pop":57,"pointCount":2,"homeWorkCommuteMedian":7538,"workHomeCommuteMedian":7369},"geometry":{"type":"Polygon","coordinates":[[[-106.46147862182346,31.59243087907372],[-106.46147862182346,31.601424082710967],[-106.45248541818621,31.601424082710967],[-106.45248541818621,31.59243087907372],[-106.46147862182346,31.59243087907372]]]}},{"type":"Feature","properties":{"jobs":592,"pop":337,"pointCount":3,"homeWorkCommuteMedian":8803,"workHomeCommuteMedian":10837},"geometry":{"type":"Polygon","coordinates":[[[-106.46147862182346,31.601424082710967],[-106.46147862182346,31.610417286348213],[-106.45248541818621,31.610417286348213],[-106.45248541818621,31.601424082710967],[-106.46147862182346,31.601424082710967]]]}},{"type":"Feature","properties":{"jobs":1794,"pop":2703,"pointCount":5,"homeWorkCommuteMedian":7622,"workHomeCommuteMedian":7460},"geometry":{"type":"Polygon","coordinates":[[[-106.46147862182346,31.610417286348213],[-106.46147862182346,31.61941048998546],[-106.45248541818621,31.61941048998546],[-106.45248541818621,31.610417286348213],[-106.46147862182346,31.610417286348213]]]}},{"type":"Feature","properties":{"jobs":892,"pop":3817,"pointCount":4,"homeWorkCommuteMedian":7436,"workHomeCommuteMedian":6792},"geometry":{"type":"Polygon","coordinates":[[[-106.46147862182346,31.61941048998546],[-106.46147862182346,31.628403693622705],[-106.45248541818621,31.628403693622705],[-106.45248541818621,31.61941048998546],[-106.46147862182346,31.61941048998546]]]}},{"type":"Feature","properties":{"jobs":807,"pop":2204,"pointCount":4,"homeWorkCommuteMedian":6763,"workHomeCommuteMedian":7586},"geometry":{"type":"Polygon","coordinates":[[[-106.46147862182346,31.628403693622705],[-106.46147862182346,31.63739689725995],[-106.45248541818621,31.63739689725995],[-106.45248541818621,31.628403693622705],[-106.46147862182346,31.628403693622705]]]}},{"type":"Feature","properties":{"jobs":349,"pop":45,"pointCount":2,"homeWorkCommuteMedian":12962,"workHomeCommuteMedian":7305},"geometry":{"type":"Polygon","coordinates":[[[-106.46147862182346,31.63739689725995],[-106.46147862182346,31.646390100897197],[-106.45248541818621,31.646390100897197],[-106.45248541818621,31.63739689725995],[-106.46147862182346,31.63739689725995]]]}},{"type":"Feature","properties":{"jobs":5957,"pop":6040,"pointCount":6,"homeWorkCommuteMedian":6396,"workHomeCommuteMedian":6386},"geometry":{"type":"Polygon","coordinates":[[[-106.46147862182346,31.646390100897197],[-106.46147862182346,31.655383304534443],[-106.45248541818621,31.655383304534443],[-106.45248541818621,31.646390100897197],[-106.46147862182346,31.646390100897197]]]}},{"type":"Feature","properties":{"jobs":2605,"pop":7186,"pointCount":8,"homeWorkCommuteMedian":4992,"workHomeCommuteMedian":7156},"geometry":{"type":"Polygon","coordinates":[[[-106.46147862182346,31.655383304534443],[-106.46147862182346,31.66437650817169],[-106.45248541818621,31.66437650817169],[-106.45248541818621,31.655383304534443],[-106.46147862182346,31.655383304534443]]]}},{"type":"Feature","properties":{"jobs":1248,"pop":3007,"pointCount":5,"homeWorkCommuteMedian":5475,"workHomeCommuteMedian":7279},"geometry":{"type":"Polygon","coordinates":[[[-106.46147862182346,31.66437650817169],[-106.46147862182346,31.673369711808935],[-106.45248541818621,31.673369711808935],[-106.45248541818621,31.66437650817169],[-106.46147862182346,31.66437650817169]]]}},{"type":"Feature","properties":{"jobs":7506,"pop":2328,"pointCount":9,"homeWorkCommuteMedian":6460,"workHomeCommuteMedian":5862},"geometry":{"type":"Polygon","coordinates":[[[-106.46147862182346,31.673369711808935],[-106.46147862182346,31.68236291544618],[-106.45248541818621,31.68236291544618],[-106.45248541818621,31.673369711808935],[-106.46147862182346,31.673369711808935]]]}},{"type":"Feature","properties":{"jobs":8682,"pop":2015,"pointCount":7,"homeWorkCommuteMedian":6083,"workHomeCommuteMedian":5924},"geometry":{"type":"Polygon","coordinates":[[[-106.46147862182346,31.68236291544618],[-106.46147862182346,31.691356119083427],[-106.45248541818621,31.691356119083427],[-106.45248541818621,31.68236291544618],[-106.46147862182346,31.68236291544618]]]}},{"type":"Feature","properties":{"jobs":4917,"pop":3496,"pointCount":9,"homeWorkCommuteMedian":5902,"workHomeCommuteMedian":6129},"geometry":{"type":"Polygon","coordinates":[[[-106.46147862182346,31.691356119083427],[-106.46147862182346,31.700349322720673],[-106.45248541818621,31.700349322720673],[-106.45248541818621,31.691356119083427],[-106.46147862182346,31.691356119083427]]]}},{"type":"Feature","properties":{"jobs":3636,"pop":1262,"pointCount":4,"homeWorkCommuteMedian":5431,"workHomeCommuteMedian":4969},"geometry":{"type":"Polygon","coordinates":[[[-106.46147862182346,31.700349322720673],[-106.46147862182346,31.70934252635792],[-106.45248541818621,31.70934252635792],[-106.45248541818621,31.700349322720673],[-106.46147862182346,31.700349322720673]]]}},{"type":"Feature","properties":{"jobs":10001,"pop":1162,"pointCount":7,"homeWorkCommuteMedian":4970,"workHomeCommuteMedian":5353},"geometry":{"type":"Polygon","coordinates":[[[-106.46147862182346,31.70934252635792],[-106.46147862182346,31.718335729995164],[-106.45248541818621,31.718335729995164],[-106.45248541818621,31.70934252635792],[-106.46147862182346,31.70934252635792]]]}},{"type":"Feature","properties":{"jobs":1669,"pop":4437,"pointCount":6,"homeWorkCommuteMedian":4001,"workHomeCommuteMedian":7402},"geometry":{"type":"Polygon","coordinates":[[[-106.46147862182346,31.718335729995164],[-106.46147862182346,31.72732893363241],[-106.45248541818621,31.72732893363241],[-106.45248541818621,31.718335729995164],[-106.46147862182346,31.718335729995164]]]}},{"type":"Feature","properties":{"jobs":3228,"pop":3049,"pointCount":7,"homeWorkCommuteMedian":3906,"workHomeCommuteMedian":7129},"geometry":{"type":"Polygon","coordinates":[[[-106.46147862182346,31.72732893363241],[-106.46147862182346,31.736322137269656],[-106.45248541818621,31.736322137269656],[-106.45248541818621,31.72732893363241],[-106.46147862182346,31.72732893363241]]]}},{"type":"Feature","properties":{"jobs":4612,"pop":2096,"pointCount":6,"homeWorkCommuteMedian":3394,"workHomeCommuteMedian":6276},"geometry":{"type":"Polygon","coordinates":[[[-106.46147862182346,31.736322137269656],[-106.46147862182346,31.745315340906902],[-106.45248541818621,31.745315340906902],[-106.45248541818621,31.736322137269656],[-106.46147862182346,31.736322137269656]]]}},{"type":"Feature","properties":{"jobs":2382,"pop":2808,"pointCount":5,"homeWorkCommuteMedian":4535,"workHomeCommuteMedian":7226},"geometry":{"type":"Polygon","coordinates":[[[-106.46147862182346,31.745315340906902],[-106.46147862182346,31.75430854454415],[-106.45248541818621,31.75430854454415],[-106.45248541818621,31.745315340906902],[-106.46147862182346,31.745315340906902]]]}},{"type":"Feature","properties":{"jobs":6000,"pop":800,"pointCount":1,"homeWorkCommuteMedian":19357,"workHomeCommuteMedian":6474},"geometry":{"type":"Polygon","coordinates":[[[-106.46147862182346,31.75430854454415],[-106.46147862182346,31.763301748181394],[-106.45248541818621,31.763301748181394],[-106.45248541818621,31.75430854454415],[-106.46147862182346,31.75430854454415]]]}},{"type":"Feature","properties":{"jobs":1766,"pop":876,"pointCount":3,"homeWorkCommuteMedian":11607,"workHomeCommuteMedian":19294},"geometry":{"type":"Polygon","coordinates":[[[-106.46147862182346,31.77229495181864],[-106.46147862182346,31.781288155455886],[-106.45248541818621,31.781288155455886],[-106.45248541818621,31.77229495181864],[-106.46147862182346,31.77229495181864]]]}},{"type":"Feature","properties":{"jobs":3720,"pop":2176,"pointCount":2,"homeWorkCommuteMedian":11708,"workHomeCommuteMedian":19158},"geometry":{"type":"Polygon","coordinates":[[[-106.46147862182346,31.781288155455886],[-106.46147862182346,31.790281359093132],[-106.45248541818621,31.790281359093132],[-106.45248541818621,31.781288155455886],[-106.46147862182346,31.781288155455886]]]}},{"type":"Feature","properties":{"jobs":203,"pop":2077,"pointCount":2,"homeWorkCommuteMedian":17091,"workHomeCommuteMedian":20992},"geometry":{"type":"Polygon","coordinates":[[[-106.46147862182346,31.79927456273038],[-106.46147862182346,31.808267766367624],[-106.45248541818621,31.808267766367624],[-106.45248541818621,31.79927456273038],[-106.46147862182346,31.79927456273038]]]}},{"type":"Feature","properties":{"jobs":232,"pop":697,"pointCount":1,"homeWorkCommuteMedian":12045,"workHomeCommuteMedian":20134},"geometry":{"type":"Polygon","coordinates":[[[-106.46147862182346,31.808267766367624],[-106.46147862182346,31.81726097000487],[-106.45248541818621,31.81726097000487],[-106.45248541818621,31.808267766367624],[-106.46147862182346,31.808267766367624]]]}},{"type":"Feature","properties":{"jobs":1759,"pop":804,"pointCount":2,"homeWorkCommuteMedian":10028,"workHomeCommuteMedian":24029},"geometry":{"type":"Polygon","coordinates":[[[-106.46147862182346,31.81726097000487],[-106.46147862182346,31.826254173642116],[-106.45248541818621,31.826254173642116],[-106.45248541818621,31.81726097000487],[-106.46147862182346,31.81726097000487]]]}},{"type":"Feature","properties":{"jobs":10,"pop":635,"pointCount":1,"homeWorkCommuteMedian":16907,"workHomeCommuteMedian":13394},"geometry":{"type":"Polygon","coordinates":[[[-106.46147862182346,31.835247377279362],[-106.46147862182346,31.84424058091661],[-106.45248541818621,31.84424058091661],[-106.45248541818621,31.835247377279362],[-106.46147862182346,31.835247377279362]]]}},{"type":"Feature","properties":{"jobs":0,"pop":0,"pointCount":1,"homeWorkCommuteMedian":-1,"workHomeCommuteMedian":-1},"geometry":{"type":"Polygon","coordinates":[[[-106.46147862182346,31.889206599102838],[-106.46147862182346,31.898199802740084],[-106.45248541818621,31.898199802740084],[-106.45248541818621,31.889206599102838],[-106.46147862182346,31.889206599102838]]]}},{"type":"Feature","properties":{"jobs":4,"pop":0,"pointCount":1,"homeWorkCommuteMedian":-1,"workHomeCommuteMedian":30328},"geometry":{"type":"Polygon","coordinates":[[[-106.46147862182346,31.916186210014576],[-106.46147862182346,31.925179413651822],[-106.45248541818621,31.925179413651822],[-106.45248541818621,31.916186210014576],[-106.46147862182346,31.916186210014576]]]}},{"type":"Feature","properties":{"jobs":118,"pop":35,"pointCount":1,"homeWorkCommuteMedian":12822,"workHomeCommuteMedian":8765},"geometry":{"type":"Polygon","coordinates":[[[-106.45248541818621,31.583437675436475],[-106.45248541818621,31.59243087907372],[-106.44349221454897,31.59243087907372],[-106.44349221454897,31.583437675436475],[-106.45248541818621,31.583437675436475]]]}},{"type":"Feature","properties":{"jobs":68,"pop":0,"pointCount":1,"homeWorkCommuteMedian":-1,"workHomeCommuteMedian":13001},"geometry":{"type":"Polygon","coordinates":[[[-106.45248541818621,31.601424082710967],[-106.45248541818621,31.610417286348213],[-106.44349221454897,31.610417286348213],[-106.44349221454897,31.601424082710967],[-106.45248541818621,31.601424082710967]]]}},{"type":"Feature","properties":{"jobs":6475,"pop":0,"pointCount":2,"homeWorkCommuteMedian":-1,"workHomeCommuteMedian":5711},"geometry":{"type":"Polygon","coordinates":[[[-106.45248541818621,31.610417286348213],[-106.45248541818621,31.61941048998546],[-106.44349221454897,31.61941048998546],[-106.44349221454897,31.610417286348213],[-106.45248541818621,31.610417286348213]]]}},{"type":"Feature","properties":{"jobs":3566,"pop":1070,"pointCount":4,"homeWorkCommuteMedian":5782,"workHomeCommuteMedian":7000},"geometry":{"type":"Polygon","coordinates":[[[-106.45248541818621,31.61941048998546],[-106.45248541818621,31.628403693622705],[-106.44349221454897,31.628403693622705],[-106.44349221454897,31.61941048998546],[-106.45248541818621,31.61941048998546]]]}},{"type":"Feature","properties":{"jobs":4467,"pop":0,"pointCount":2,"homeWorkCommuteMedian":-1,"workHomeCommuteMedian":6590},"geometry":{"type":"Polygon","coordinates":[[[-106.45248541818621,31.628403693622705],[-106.45248541818621,31.63739689725995],[-106.44349221454897,31.63739689725995],[-106.44349221454897,31.628403693622705],[-106.45248541818621,31.628403693622705]]]}},{"type":"Feature","properties":{"jobs":5765,"pop":212,"pointCount":4,"homeWorkCommuteMedian":4745,"workHomeCommuteMedian":5734},"geometry":{"type":"Polygon","coordinates":[[[-106.45248541818621,31.63739689725995],[-106.45248541818621,31.646390100897197],[-106.44349221454897,31.646390100897197],[-106.44349221454897,31.63739689725995],[-106.45248541818621,31.63739689725995]]]}},{"type":"Feature","properties":{"jobs":1194,"pop":2256,"pointCount":3,"homeWorkCommuteMedian":7101,"workHomeCommuteMedian":5309},"geometry":{"type":"Polygon","coordinates":[[[-106.45248541818621,31.646390100897197],[-106.45248541818621,31.655383304534443],[-106.44349221454897,31.655383304534443],[-106.44349221454897,31.646390100897197],[-106.45248541818621,31.646390100897197]]]}},{"type":"Feature","properties":{"jobs":2014,"pop":2813,"pointCount":6,"homeWorkCommuteMedian":6300,"workHomeCommuteMedian":5412},"geometry":{"type":"Polygon","coordinates":[[[-106.45248541818621,31.655383304534443],[-106.45248541818621,31.66437650817169],[-106.44349221454897,31.66437650817169],[-106.44349221454897,31.655383304534443],[-106.45248541818621,31.655383304534443]]]}},{"type":"Feature","properties":{"jobs":947,"pop":3806,"pointCount":4,"homeWorkCommuteMedian":6982,"workHomeCommuteMedian":6309},"geometry":{"type":"Polygon","coordinates":[[[-106.45248541818621,31.66437650817169],[-106.45248541818621,31.673369711808935],[-106.44349221454897,31.673369711808935],[-106.44349221454897,31.66437650817169],[-106.45248541818621,31.66437650817169]]]}},{"type":"Feature","properties":{"jobs":4994,"pop":3149,"pointCount":5,"homeWorkCommuteMedian":3492,"workHomeCommuteMedian":6354},"geometry":{"type":"Polygon","coordinates":[[[-106.45248541818621,31.673369711808935],[-106.45248541818621,31.68236291544618],[-106.44349221454897,31.68236291544618],[-106.44349221454897,31.673369711808935],[-106.45248541818621,31.673369711808935]]]}},{"type":"Feature","properties":{"jobs":8396,"pop":3588,"pointCount":8,"homeWorkCommuteMedian":4579,"workHomeCommuteMedian":6067},"geometry":{"type":"Polygon","coordinates":[[[-106.45248541818621,31.68236291544618],[-106.45248541818621,31.691356119083427],[-106.44349221454897,31.691356119083427],[-106.44349221454897,31.68236291544618],[-106.45248541818621,31.68236291544618]]]}},{"type":"Feature","properties":{"jobs":10615,"pop":1179,"pointCount":7,"homeWorkCommuteMedian":4955,"workHomeCommuteMedian":5855},"geometry":{"type":"Polygon","coordinates":[[[-106.45248541818621,31.691356119083427],[-106.45248541818621,31.700349322720673],[-106.44349221454897,31.700349322720673],[-106.44349221454897,31.691356119083427],[-106.45248541818621,31.691356119083427]]]}},{"type":"Feature","properties":{"jobs":3671,"pop":3228,"pointCount":7,"homeWorkCommuteMedian":3347,"workHomeCommuteMedian":7000},"geometry":{"type":"Polygon","coordinates":[[[-106.45248541818621,31.700349322720673],[-106.45248541818621,31.70934252635792],[-106.44349221454897,31.70934252635792],[-106.44349221454897,31.700349322720673],[-106.45248541818621,31.700349322720673]]]}},{"type":"Feature","properties":{"jobs":2155,"pop":948,"pointCount":5,"homeWorkCommuteMedian":11505,"workHomeCommuteMedian":5986},"geometry":{"type":"Polygon","coordinates":[[[-106.45248541818621,31.70934252635792],[-106.45248541818621,31.718335729995164],[-106.44349221454897,31.718335729995164],[-106.44349221454897,31.70934252635792],[-106.45248541818621,31.70934252635792]]]}},{"type":"Feature","properties":{"jobs":1986,"pop":1692,"pointCount":6,"homeWorkCommuteMedian":3461,"workHomeCommuteMedian":5892},"geometry":{"type":"Polygon","coordinates":[[[-106.45248541818621,31.718335729995164],[-106.45248541818621,31.72732893363241],[-106.44349221454897,31.72732893363241],[-106.44349221454897,31.718335729995164],[-106.45248541818621,31.718335729995164]]]}},{"type":"Feature","properties":{"jobs":6038,"pop":1781,"pointCount":8,"homeWorkCommuteMedian":4376,"workHomeCommuteMedian":6834},"geometry":{"type":"Polygon","coordinates":[[[-106.45248541818621,31.72732893363241],[-106.45248541818621,31.736322137269656],[-106.44349221454897,31.736322137269656],[-106.44349221454897,31.72732893363241],[-106.45248541818621,31.72732893363241]]]}},{"type":"Feature","properties":{"jobs":3975,"pop":1739,"pointCount":7,"homeWorkCommuteMedian":5736,"workHomeCommuteMedian":5684},"geometry":{"type":"Polygon","coordinates":[[[-106.45248541818621,31.736322137269656],[-106.45248541818621,31.745315340906902],[-106.44349221454897,31.745315340906902],[-106.44349221454897,31.736322137269656],[-106.45248541818621,31.736322137269656]]]}},{"type":"Feature","properties":{"jobs":2556,"pop":2255,"pointCount":8,"homeWorkCommuteMedian":2984,"workHomeCommuteMedian":7251},"geometry":{"type":"Polygon","coordinates":[[[-106.45248541818621,31.745315340906902],[-106.45248541818621,31.75430854454415],[-106.44349221454897,31.75430854454415],[-106.44349221454897,31.745315340906902],[-106.45248541818621,31.745315340906902]]]}},{"type":"Feature","properties":{"jobs":5501,"pop":0,"pointCount":1,"homeWorkCommuteMedian":-1,"workHomeCommuteMedian":5591},"geometry":{"type":"Polygon","coordinates":[[[-106.45248541818621,31.75430854454415],[-106.45248541818621,31.763301748181394],[-106.44349221454897,31.763301748181394],[-106.44349221454897,31.75430854454415],[-106.45248541818621,31.75430854454415]]]}},{"type":"Feature","properties":{"jobs":2092,"pop":1463,"pointCount":2,"homeWorkCommuteMedian":12220,"workHomeCommuteMedian":18867},"geometry":{"type":"Polygon","coordinates":[[[-106.45248541818621,31.763301748181394],[-106.45248541818621,31.77229495181864],[-106.44349221454897,31.77229495181864],[-106.44349221454897,31.763301748181394],[-106.45248541818621,31.763301748181394]]]}},{"type":"Feature","properties":{"jobs":925,"pop":1942,"pointCount":2,"homeWorkCommuteMedian":9696,"workHomeCommuteMedian":19056},"geometry":{"type":"Polygon","coordinates":[[[-106.45248541818621,31.77229495181864],[-106.45248541818621,31.781288155455886],[-106.44349221454897,31.781288155455886],[-106.44349221454897,31.77229495181864],[-106.45248541818621,31.77229495181864]]]}},{"type":"Feature","properties":{"jobs":1210,"pop":1420,"pointCount":2,"homeWorkCommuteMedian":9845,"workHomeCommuteMedian":18683},"geometry":{"type":"Polygon","coordinates":[[[-106.45248541818621,31.781288155455886],[-106.45248541818621,31.790281359093132],[-106.44349221454897,31.790281359093132],[-106.44349221454897,31.781288155455886],[-106.45248541818621,31.781288155455886]]]}},{"type":"Feature","properties":{"jobs":262,"pop":1048,"pointCount":1,"homeWorkCommuteMedian":15589,"workHomeCommuteMedian":21055},"geometry":{"type":"Polygon","coordinates":[[[-106.45248541818621,31.790281359093132],[-106.45248541818621,31.79927456273038],[-106.44349221454897,31.79927456273038],[-106.44349221454897,31.790281359093132],[-106.45248541818621,31.790281359093132]]]}},{"type":"Feature","properties":{"jobs":216,"pop":207,"pointCount":1,"homeWorkCommuteMedian":21302,"workHomeCommuteMedian":18895},"geometry":{"type":"Polygon","coordinates":[[[-106.45248541818621,31.79927456273038],[-106.45248541818621,31.808267766367624],[-106.44349221454897,31.808267766367624],[-106.44349221454897,31.79927456273038],[-106.45248541818621,31.79927456273038]]]}},{"type":"Feature","properties":{"jobs":755,"pop":344,"pointCount":2,"homeWorkCommuteMedian":20723,"workHomeCommuteMedian":20832},"geometry":{"type":"Polygon","coordinates":[[[-106.45248541818621,31.808267766367624],[-106.45248541818621,31.81726097000487],[-106.44349221454897,31.81726097000487],[-106.44349221454897,31.808267766367624],[-106.45248541818621,31.808267766367624]]]}},{"type":"Feature","properties":{"jobs":213,"pop":429,"pointCount":1,"homeWorkCommuteMedian":9377,"workHomeCommuteMedian":22871},"geometry":{"type":"Polygon","coordinates":[[[-106.45248541818621,31.81726097000487],[-106.45248541818621,31.826254173642116],[-106.44349221454897,31.826254173642116],[-106.44349221454897,31.81726097000487],[-106.45248541818621,31.81726097000487]]]}},{"type":"Feature","properties":{"jobs":880,"pop":444,"pointCount":2,"homeWorkCommuteMedian":21658,"workHomeCommuteMedian":22040},"geometry":{"type":"Polygon","coordinates":[[[-106.45248541818621,31.826254173642116],[-106.45248541818621,31.835247377279362],[-106.44349221454897,31.835247377279362],[-106.44349221454897,31.826254173642116],[-106.45248541818621,31.826254173642116]]]}},{"type":"Feature","properties":{"jobs":286,"pop":1492,"pointCount":1,"homeWorkCommuteMedian":16211,"workHomeCommuteMedian":14613},"geometry":{"type":"Polygon","coordinates":[[[-106.45248541818621,31.853233784553854],[-106.45248541818621,31.8622269881911],[-106.44349221454897,31.8622269881911],[-106.44349221454897,31.853233784553854],[-106.45248541818621,31.853233784553854]]]}},{"type":"Feature","properties":{"jobs":152,"pop":21,"pointCount":1,"homeWorkCommuteMedian":14183,"workHomeCommuteMedian":22981},"geometry":{"type":"Polygon","coordinates":[[[-106.45248541818621,31.8622269881911],[-106.45248541818621,31.871220191828346],[-106.44349221454897,31.871220191828346],[-106.44349221454897,31.8622269881911],[-106.45248541818621,31.8622269881911]]]}},{"type":"Feature","properties":{"jobs":0,"pop":139,"pointCount":1,"homeWorkCommuteMedian":26347,"workHomeCommuteMedian":-1},"geometry":{"type":"Polygon","coordinates":[[[-106.45248541818621,31.95215902456356],[-106.45248541818621,31.961152228200806],[-106.44349221454897,31.961152228200806],[-106.44349221454897,31.95215902456356],[-106.45248541818621,31.95215902456356]]]}},{"type":"Feature","properties":{"jobs":0,"pop":0,"pointCount":1,"homeWorkCommuteMedian":-1,"workHomeCommuteMedian":-1},"geometry":{"type":"Polygon","coordinates":[[[-106.45248541818621,32.00611824638703],[-106.45248541818621,32.01511145002428],[-106.44349221454897,32.01511145002428],[-106.44349221454897,32.00611824638703],[-106.45248541818621,32.00611824638703]]]}},{"type":"Feature","properties":{"jobs":857,"pop":0,"pointCount":1,"homeWorkCommuteMedian":-1,"workHomeCommuteMedian":6906},"geometry":{"type":"Polygon","coordinates":[[[-106.44349221454897,31.601424082710967],[-106.44349221454897,31.610417286348213],[-106.43449901091172,31.610417286348213],[-106.43449901091172,31.601424082710967],[-106.44349221454897,31.601424082710967]]]}},{"type":"Feature","properties":{"jobs":1856,"pop":926,"pointCount":3,"homeWorkCommuteMedian":7595,"workHomeCommuteMedian":5682},"geometry":{"type":"Polygon","coordinates":[[[-106.44349221454897,31.610417286348213],[-106.44349221454897,31.61941048998546],[-106.43449901091172,31.61941048998546],[-106.43449901091172,31.610417286348213],[-106.44349221454897,31.610417286348213]]]}},{"type":"Feature","properties":{"jobs":1971,"pop":2412,"pointCount":5,"homeWorkCommuteMedian":7104,"workHomeCommuteMedian":4879},"geometry":{"type":"Polygon","coordinates":[[[-106.44349221454897,31.61941048998546],[-106.44349221454897,31.628403693622705],[-106.43449901091172,31.628403693622705],[-106.43449901091172,31.61941048998546],[-106.44349221454897,31.61941048998546]]]}},{"type":"Feature","properties":{"jobs":6540,"pop":0,"pointCount":2,"homeWorkCommuteMedian":-1,"workHomeCommuteMedian":9886},"geometry":{"type":"Polygon","coordinates":[[[-106.44349221454897,31.628403693622705],[-106.44349221454897,31.63739689725995],[-106.43449901091172,31.63739689725995],[-106.43449901091172,31.628403693622705],[-106.44349221454897,31.628403693622705]]]}},{"type":"Feature","properties":{"jobs":1729,"pop":0,"pointCount":1,"homeWorkCommuteMedian":-1,"workHomeCommuteMedian":6938},"geometry":{"type":"Polygon","coordinates":[[[-106.44349221454897,31.63739689725995],[-106.44349221454897,31.646390100897197],[-106.43449901091172,31.646390100897197],[-106.43449901091172,31.63739689725995],[-106.44349221454897,31.63739689725995]]]}},{"type":"Feature","properties":{"jobs":876,"pop":921,"pointCount":6,"homeWorkCommuteMedian":6374,"workHomeCommuteMedian":6995},"geometry":{"type":"Polygon","coordinates":[[[-106.44349221454897,31.646390100897197],[-106.44349221454897,31.655383304534443],[-106.43449901091172,31.655383304534443],[-106.43449901091172,31.646390100897197],[-106.44349221454897,31.646390100897197]]]}},{"type":"Feature","properties":{"jobs":2273,"pop":768,"pointCount":5,"homeWorkCommuteMedian":5758,"workHomeCommuteMedian":6040},"geometry":{"type":"Polygon","coordinates":[[[-106.44349221454897,31.655383304534443],[-106.44349221454897,31.66437650817169],[-106.43449901091172,31.66437650817169],[-106.43449901091172,31.655383304534443],[-106.44349221454897,31.655383304534443]]]}},{"type":"Feature","properties":{"jobs":1652,"pop":4970,"pointCount":8,"homeWorkCommuteMedian":5160,"workHomeCommuteMedian":5856},"geometry":{"type":"Polygon","coordinates":[[[-106.44349221454897,31.66437650817169],[-106.44349221454897,31.673369711808935],[-106.43449901091172,31.673369711808935],[-106.43449901091172,31.66437650817169],[-106.44349221454897,31.66437650817169]]]}},{"type":"Feature","properties":{"jobs":3537,"pop":2067,"pointCount":7,"homeWorkCommuteMedian":5090,"workHomeCommuteMedian":6850},"geometry":{"type":"Polygon","coordinates":[[[-106.44349221454897,31.673369711808935],[-106.44349221454897,31.68236291544618],[-106.43449901091172,31.68236291544618],[-106.43449901091172,31.673369711808935],[-106.44349221454897,31.673369711808935]]]}},{"type":"Feature","properties":{"jobs":1521,"pop":2304,"pointCount":4,"homeWorkCommuteMedian":5025,"workHomeCommuteMedian":5930},"geometry":{"type":"Polygon","coordinates":[[[-106.44349221454897,31.68236291544618],[-106.44349221454897,31.691356119083427],[-106.43449901091172,31.691356119083427],[-106.43449901091172,31.68236291544618],[-106.44349221454897,31.68236291544618]]]}},{"type":"Feature","properties":{"jobs":8498,"pop":3107,"pointCount":6,"homeWorkCommuteMedian":4793,"workHomeCommuteMedian":6431},"geometry":{"type":"Polygon","coordinates":[[[-106.44349221454897,31.691356119083427],[-106.44349221454897,31.700349322720673],[-106.43449901091172,31.700349322720673],[-106.43449901091172,31.691356119083427],[-106.44349221454897,31.691356119083427]]]}},{"type":"Feature","properties":{"jobs":2769,"pop":7652,"pointCount":8,"homeWorkCommuteMedian":3788,"workHomeCommuteMedian":6601},"geometry":{"type":"Polygon","coordinates":[[[-106.44349221454897,31.700349322720673],[-106.44349221454897,31.70934252635792],[-106.43449901091172,31.70934252635792],[-106.43449901091172,31.700349322720673],[-106.44349221454897,31.700349322720673]]]}},{"type":"Feature","properties":{"jobs":3162,"pop":2840,"pointCount":10,"homeWorkCommuteMedian":5403,"workHomeCommuteMedian":7299},"geometry":{"type":"Polygon","coordinates":[[[-106.44349221454897,31.70934252635792],[-106.44349221454897,31.718335729995164],[-106.43449901091172,31.718335729995164],[-106.43449901091172,31.70934252635792],[-106.44349221454897,31.70934252635792]]]}},{"type":"Feature","properties":{"jobs":1579,"pop":3155,"pointCount":6,"homeWorkCommuteMedian":3609,"workHomeCommuteMedian":6000},"geometry":{"type":"Polygon","coordinates":[[[-106.44349221454897,31.718335729995164],[-106.44349221454897,31.72732893363241],[-106.43449901091172,31.72732893363241],[-106.43449901091172,31.718335729995164],[-106.44349221454897,31.718335729995164]]]}},{"type":"Feature","properties":{"jobs":2913,"pop":2561,"pointCount":7,"homeWorkCommuteMedian":3948,"workHomeCommuteMedian":8060},"geometry":{"type":"Polygon","coordinates":[[[-106.44349221454897,31.72732893363241],[-106.44349221454897,31.736322137269656],[-106.43449901091172,31.736322137269656],[-106.43449901091172,31.72732893363241],[-106.44349221454897,31.72732893363241]]]}},{"type":"Feature","properties":{"jobs":3694,"pop":1487,"pointCount":9,"homeWorkCommuteMedian":4923,"workHomeCommuteMedian":8183},"geometry":{"type":"Polygon","coordinates":[[[-106.44349221454897,31.736322137269656],[-106.44349221454897,31.745315340906902],[-106.43449901091172,31.745315340906902],[-106.43449901091172,31.736322137269656],[-106.44349221454897,31.736322137269656]]]}},{"type":"Feature","properties":{"jobs":11060,"pop":2449,"pointCount":7,"homeWorkCommuteMedian":6500,"workHomeCommuteMedian":7965},"geometry":{"type":"Polygon","coordinates":[[[-106.44349221454897,31.745315340906902],[-106.44349221454897,31.75430854454415],[-106.43449901091172,31.75430854454415],[-106.43449901091172,31.745315340906902],[-106.44349221454897,31.745315340906902]]]}},{"type":"Feature","properties":{"jobs":1384,"pop":26,"pointCount":2,"homeWorkCommuteMedian":17782,"workHomeCommuteMedian":12659},"geometry":{"type":"Polygon","coordinates":[[[-106.44349221454897,31.75430854454415],[-106.44349221454897,31.763301748181394],[-106.43449901091172,31.763301748181394],[-106.43449901091172,31.75430854454415],[-106.44349221454897,31.75430854454415]]]}},{"type":"Feature","properties":{"jobs":288,"pop":101,"pointCount":1,"homeWorkCommuteMedian":14232,"workHomeCommuteMedian":19116},"geometry":{"type":"Polygon","coordinates":[[[-106.44349221454897,31.763301748181394],[-106.44349221454897,31.77229495181864],[-106.43449901091172,31.77229495181864],[-106.43449901091172,31.763301748181394],[-106.44349221454897,31.763301748181394]]]}},{"type":"Feature","properties":{"jobs":403,"pop":309,"pointCount":1,"homeWorkCommuteMedian":9724,"workHomeCommuteMedian":20689},"geometry":{"type":"Polygon","coordinates":[[[-106.44349221454897,31.77229495181864],[-106.44349221454897,31.781288155455886],[-106.43449901091172,31.781288155455886],[-106.43449901091172,31.77229495181864],[-106.44349221454897,31.77229495181864]]]}},{"type":"Feature","properties":{"jobs":164,"pop":214,"pointCount":1,"homeWorkCommuteMedian":20853,"workHomeCommuteMedian":16783},"geometry":{"type":"Polygon","coordinates":[[[-106.44349221454897,31.781288155455886],[-106.44349221454897,31.790281359093132],[-106.43449901091172,31.790281359093132],[-106.43449901091172,31.781288155455886],[-106.44349221454897,31.781288155455886]]]}},{"type":"Feature","properties":{"jobs":141,"pop":249,"pointCount":1,"homeWorkCommuteMedian":9877,"workHomeCommuteMedian":19393},"geometry":{"type":"Polygon","coordinates":[[[-106.44349221454897,31.790281359093132],[-106.44349221454897,31.79927456273038],[-106.43449901091172,31.79927456273038],[-106.43449901091172,31.790281359093132],[-106.44349221454897,31.790281359093132]]]}},{"type":"Feature","properties":{"jobs":290,"pop":261,"pointCount":1,"homeWorkCommuteMedian":17627,"workHomeCommuteMedian":17957},"geometry":{"type":"Polygon","coordinates":[[[-106.44349221454897,31.81726097000487],[-106.44349221454897,31.826254173642116],[-106.43449901091172,31.826254173642116],[-106.43449901091172,31.81726097000487],[-106.44349221454897,31.81726097000487]]]}},{"type":"Feature","properties":{"jobs":158,"pop":623,"pointCount":1,"homeWorkCommuteMedian":24033,"workHomeCommuteMedian":24474},"geometry":{"type":"Polygon","coordinates":[[[-106.44349221454897,31.84424058091661],[-106.44349221454897,31.853233784553854],[-106.43449901091172,31.853233784553854],[-106.43449901091172,31.84424058091661],[-106.44349221454897,31.84424058091661]]]}},{"type":"Feature","properties":{"jobs":670,"pop":1868,"pointCount":2,"homeWorkCommuteMedian":16518,"workHomeCommuteMedian":22355},"geometry":{"type":"Polygon","coordinates":[[[-106.44349221454897,31.853233784553854],[-106.44349221454897,31.8622269881911],[-106.43449901091172,31.8622269881911],[-106.43449901091172,31.853233784553854],[-106.44349221454897,31.853233784553854]]]}},{"type":"Feature","properties":{"jobs":1408,"pop":389,"pointCount":3,"homeWorkCommuteMedian":24454,"workHomeCommuteMedian":25577},"geometry":{"type":"Polygon","coordinates":[[[-106.44349221454897,31.8622269881911],[-106.44349221454897,31.871220191828346],[-106.43449901091172,31.871220191828346],[-106.43449901091172,31.8622269881911],[-106.44349221454897,31.8622269881911]]]}},{"type":"Feature","properties":{"jobs":219,"pop":65,"pointCount":1,"homeWorkCommuteMedian":19228,"workHomeCommuteMedian":19531},"geometry":{"type":"Polygon","coordinates":[[[-106.44349221454897,31.880213395465592],[-106.44349221454897,31.889206599102838],[-106.43449901091172,31.889206599102838],[-106.43449901091172,31.880213395465592],[-106.44349221454897,31.880213395465592]]]}},{"type":"Feature","properties":{"jobs":1835,"pop":193,"pointCount":1,"homeWorkCommuteMedian":20933,"workHomeCommuteMedian":26124},"geometry":{"type":"Polygon","coordinates":[[[-106.44349221454897,31.889206599102838],[-106.44349221454897,31.898199802740084],[-106.43449901091172,31.898199802740084],[-106.43449901091172,31.889206599102838],[-106.44349221454897,31.889206599102838]]]}},{"type":"Feature","properties":{"jobs":540,"pop":248,"pointCount":1,"homeWorkCommuteMedian":23993,"workHomeCommuteMedian":24798},"geometry":{"type":"Polygon","coordinates":[[[-106.44349221454897,31.898199802740084],[-106.44349221454897,31.90719300637733],[-106.43449901091172,31.90719300637733],[-106.43449901091172,31.898199802740084],[-106.44349221454897,31.898199802740084]]]}},{"type":"Feature","properties":{"jobs":699,"pop":451,"pointCount":1,"homeWorkCommuteMedian":20370,"workHomeCommuteMedian":28572},"geometry":{"type":"Polygon","coordinates":[[[-106.44349221454897,31.925179413651822],[-106.44349221454897,31.934172617289068],[-106.43449901091172,31.934172617289068],[-106.43449901091172,31.925179413651822],[-106.44349221454897,31.925179413651822]]]}},{"type":"Feature","properties":{"jobs":58,"pop":1794,"pointCount":2,"homeWorkCommuteMedian":24257,"workHomeCommuteMedian":28159},"geometry":{"type":"Polygon","coordinates":[[[-106.44349221454897,31.934172617289068],[-106.44349221454897,31.943165820926314],[-106.43449901091172,31.943165820926314],[-106.43449901091172,31.934172617289068],[-106.44349221454897,31.934172617289068]]]}},{"type":"Feature","properties":{"jobs":9,"pop":27,"pointCount":1,"homeWorkCommuteMedian":20058,"workHomeCommuteMedian":12757},"geometry":{"type":"Polygon","coordinates":[[[-106.44349221454897,32.024104653661524],[-106.44349221454897,32.03309785729877],[-106.43449901091172,32.03309785729877],[-106.43449901091172,32.024104653661524],[-106.44349221454897,32.024104653661524]]]}},{"type":"Feature","properties":{"jobs":152,"pop":615,"pointCount":1,"homeWorkCommuteMedian":12952,"workHomeCommuteMedian":9032},"geometry":{"type":"Polygon","coordinates":[[[-106.43449901091172,31.583437675436475],[-106.43449901091172,31.59243087907372],[-106.42550580727448,31.59243087907372],[-106.42550580727448,31.583437675436475],[-106.43449901091172,31.583437675436475]]]}},{"type":"Feature","properties":{"jobs":1472,"pop":4248,"pointCount":6,"homeWorkCommuteMedian":6272,"workHomeCommuteMedian":9013},"geometry":{"type":"Polygon","coordinates":[[[-106.43449901091172,31.59243087907372],[-106.43449901091172,31.601424082710967],[-106.42550580727448,31.601424082710967],[-106.42550580727448,31.59243087907372],[-106.43449901091172,31.59243087907372]]]}},{"type":"Feature","properties":{"jobs":1736,"pop":2436,"pointCount":5,"homeWorkCommuteMedian":6533,"workHomeCommuteMedian":5555},"geometry":{"type":"Polygon","coordinates":[[[-106.43449901091172,31.601424082710967],[-106.43449901091172,31.610417286348213],[-106.42550580727448,31.610417286348213],[-106.42550580727448,31.601424082710967],[-106.43449901091172,31.601424082710967]]]}},{"type":"Feature","properties":{"jobs":2890,"pop":2798,"pointCount":6,"homeWorkCommuteMedian":6509,"workHomeCommuteMedian":6282},"geometry":{"type":"Polygon","coordinates":[[[-106.43449901091172,31.610417286348213],[-106.43449901091172,31.61941048998546],[-106.42550580727448,31.61941048998546],[-106.42550580727448,31.610417286348213],[-106.43449901091172,31.610417286348213]]]}},{"type":"Feature","properties":{"jobs":1087,"pop":1093,"pointCount":5,"homeWorkCommuteMedian":5182,"workHomeCommuteMedian":6844},"geometry":{"type":"Polygon","coordinates":[[[-106.43449901091172,31.61941048998546],[-106.43449901091172,31.628403693622705],[-106.42550580727448,31.628403693622705],[-106.42550580727448,31.61941048998546],[-106.43449901091172,31.61941048998546]]]}},{"type":"Feature","properties":{"jobs":1172,"pop":1077,"pointCount":4,"homeWorkCommuteMedian":4980,"workHomeCommuteMedian":7912},"geometry":{"type":"Polygon","coordinates":[[[-106.43449901091172,31.63739689725995],[-106.43449901091172,31.646390100897197],[-106.42550580727448,31.646390100897197],[-106.42550580727448,31.63739689725995],[-106.43449901091172,31.63739689725995]]]}},{"type":"Feature","properties":{"jobs":4329,"pop":3855,"pointCount":8,"homeWorkCommuteMedian":5020,"workHomeCommuteMedian":5642},"geometry":{"type":"Polygon","coordinates":[[[-106.43449901091172,31.646390100897197],[-106.43449901091172,31.655383304534443],[-106.42550580727448,31.655383304534443],[-106.42550580727448,31.646390100897197],[-106.43449901091172,31.646390100897197]]]}},{"type":"Feature","properties":{"jobs":3229,"pop":2718,"pointCount":9,"homeWorkCommuteMedian":5973,"workHomeCommuteMedian":4268},"geometry":{"type":"Polygon","coordinates":[[[-106.43449901091172,31.655383304534443],[-106.43449901091172,31.66437650817169],[-106.42550580727448,31.66437650817169],[-106.42550580727448,31.655383304534443],[-106.43449901091172,31.655383304534443]]]}},{"type":"Feature","properties":{"jobs":1033,"pop":207,"pointCount":5,"homeWorkCommuteMedian":7223,"workHomeCommuteMedian":6057},"geometry":{"type":"Polygon","coordinates":[[[-106.43449901091172,31.66437650817169],[-106.43449901091172,31.673369711808935],[-106.42550580727448,31.673369711808935],[-106.42550580727448,31.66437650817169],[-106.43449901091172,31.66437650817169]]]}},{"type":"Feature","properties":{"jobs":5494,"pop":2794,"pointCount":7,"homeWorkCommuteMedian":5398,"workHomeCommuteMedian":6478},"geometry":{"type":"Polygon","coordinates":[[[-106.43449901091172,31.673369711808935],[-106.43449901091172,31.68236291544618],[-106.42550580727448,31.68236291544618],[-106.42550580727448,31.673369711808935],[-106.43449901091172,31.673369711808935]]]}},{"type":"Feature","properties":{"jobs":7552,"pop":2261,"pointCount":7,"homeWorkCommuteMedian":5894,"workHomeCommuteMedian":4815},"geometry":{"type":"Polygon","coordinates":[[[-106.43449901091172,31.68236291544618],[-106.43449901091172,31.691356119083427],[-106.42550580727448,31.691356119083427],[-106.42550580727448,31.68236291544618],[-106.43449901091172,31.68236291544618]]]}},{"type":"Feature","properties":{"jobs":11343,"pop":3413,"pointCount":5,"homeWorkCommuteMedian":4160,"workHomeCommuteMedian":6294},"geometry":{"type":"Polygon","coordinates":[[[-106.43449901091172,31.691356119083427],[-106.43449901091172,31.700349322720673],[-106.42550580727448,31.700349322720673],[-106.42550580727448,31.691356119083427],[-106.43449901091172,31.691356119083427]]]}},{"type":"Feature","properties":{"jobs":6098,"pop":1889,"pointCount":10,"homeWorkCommuteMedian":4949,"workHomeCommuteMedian":6410},"geometry":{"type":"Polygon","coordinates":[[[-106.43449901091172,31.700349322720673],[-106.43449901091172,31.70934252635792],[-106.42550580727448,31.70934252635792],[-106.42550580727448,31.700349322720673],[-106.43449901091172,31.700349322720673]]]}},{"type":"Feature","properties":{"jobs":2468,"pop":2138,"pointCount":6,"homeWorkCommuteMedian":3956,"workHomeCommuteMedian":6352},"geometry":{"type":"Polygon","coordinates":[[[-106.43449901091172,31.70934252635792],[-106.43449901091172,31.718335729995164],[-106.42550580727448,31.718335729995164],[-106.42550580727448,31.70934252635792],[-106.43449901091172,31.70934252635792]]]}},{"type":"Feature","properties":{"jobs":4004,"pop":1887,"pointCount":6,"homeWorkCommuteMedian":4804,"workHomeCommuteMedian":7047},"geometry":{"type":"Polygon","coordinates":[[[-106.43449901091172,31.718335729995164],[-106.43449901091172,31.72732893363241],[-106.42550580727448,31.72732893363241],[-106.42550580727448,31.718335729995164],[-106.43449901091172,31.718335729995164]]]}},{"type":"Feature","properties":{"jobs":2824,"pop":1734,"pointCount":9,"homeWorkCommuteMedian":4343,"workHomeCommuteMedian":7713},"geometry":{"type":"Polygon","coordinates":[[[-106.43449901091172,31.72732893363241],[-106.43449901091172,31.736322137269656],[-106.42550580727448,31.736322137269656],[-106.42550580727448,31.72732893363241],[-106.43449901091172,31.72732893363241]]]}},{"type":"Feature","properties":{"jobs":14595,"pop":1270,"pointCount":7,"homeWorkCommuteMedian":4236,"workHomeCommuteMedian":7063},"geometry":{"type":"Polygon","coordinates":[[[-106.43449901091172,31.736322137269656],[-106.43449901091172,31.745315340906902],[-106.42550580727448,31.745315340906902],[-106.42550580727448,31.736322137269656],[-106.43449901091172,31.736322137269656]]]}},{"type":"Feature","properties":{"jobs":9865,"pop":436,"pointCount":4,"homeWorkCommuteMedian":26156,"workHomeCommuteMedian":8705},"geometry":{"type":"Polygon","coordinates":[[[-106.43449901091172,31.745315340906902],[-106.43449901091172,31.75430854454415],[-106.42550580727448,31.75430854454415],[-106.42550580727448,31.745315340906902],[-106.43449901091172,31.745315340906902]]]}},{"type":"Feature","properties":{"jobs":418,"pop":870,"pointCount":2,"homeWorkCommuteMedian":11666,"workHomeCommuteMedian":25609},"geometry":{"type":"Polygon","coordinates":[[[-106.43449901091172,31.75430854454415],[-106.43449901091172,31.763301748181394],[-106.42550580727448,31.763301748181394],[-106.42550580727448,31.75430854454415],[-106.43449901091172,31.75430854454415]]]}},{"type":"Feature","properties":{"jobs":7850,"pop":1749,"pointCount":2,"homeWorkCommuteMedian":13411,"workHomeCommuteMedian":20010},"geometry":{"type":"Polygon","coordinates":[[[-106.43449901091172,31.763301748181394],[-106.43449901091172,31.77229495181864],[-106.42550580727448,31.77229495181864],[-106.42550580727448,31.763301748181394],[-106.43449901091172,31.763301748181394]]]}},{"type":"Feature","properties":{"jobs":1515,"pop":2415,"pointCount":4,"homeWorkCommuteMedian":9841,"workHomeCommuteMedian":19161},"geometry":{"type":"Polygon","coordinates":[[[-106.43449901091172,31.781288155455886],[-106.43449901091172,31.790281359093132],[-106.42550580727448,31.790281359093132],[-106.42550580727448,31.781288155455886],[-106.43449901091172,31.781288155455886]]]}},{"type":"Feature","properties":{"jobs":129,"pop":27,"pointCount":1,"homeWorkCommuteMedian":21601,"workHomeCommuteMedian":19028},"geometry":{"type":"Polygon","coordinates":[[[-106.43449901091172,31.79927456273038],[-106.43449901091172,31.808267766367624],[-106.42550580727448,31.808267766367624],[-106.42550580727448,31.79927456273038],[-106.43449901091172,31.79927456273038]]]}},{"type":"Feature","properties":{"jobs":572,"pop":3,"pointCount":1,"homeWorkCommuteMedian":31663,"workHomeCommuteMedian":23516},"geometry":{"type":"Polygon","coordinates":[[[-106.43449901091172,31.808267766367624],[-106.43449901091172,31.81726097000487],[-106.42550580727448,31.81726097000487],[-106.42550580727448,31.808267766367624],[-106.43449901091172,31.808267766367624]]]}},{"type":"Feature","properties":{"jobs":1739,"pop":25,"pointCount":3,"homeWorkCommuteMedian":24510,"workHomeCommuteMedian":23405},"geometry":{"type":"Polygon","coordinates":[[[-106.43449901091172,31.81726097000487],[-106.43449901091172,31.826254173642116],[-106.42550580727448,31.826254173642116],[-106.42550580727448,31.81726097000487],[-106.43449901091172,31.81726097000487]]]}},{"type":"Feature","properties":{"jobs":30,"pop":513,"pointCount":1,"homeWorkCommuteMedian":14166,"workHomeCommuteMedian":13586},"geometry":{"type":"Polygon","coordinates":[[[-106.43449901091172,31.853233784553854],[-106.43449901091172,31.8622269881911],[-106.42550580727448,31.8622269881911],[-106.42550580727448,31.853233784553854],[-106.43449901091172,31.853233784553854]]]}},{"type":"Feature","properties":{"jobs":808,"pop":3084,"pointCount":3,"homeWorkCommuteMedian":18909,"workHomeCommuteMedian":25743},"geometry":{"type":"Polygon","coordinates":[[[-106.43449901091172,31.8622269881911],[-106.43449901091172,31.871220191828346],[-106.42550580727448,31.871220191828346],[-106.42550580727448,31.8622269881911],[-106.43449901091172,31.8622269881911]]]}},{"type":"Feature","properties":{"jobs":641,"pop":646,"pointCount":2,"homeWorkCommuteMedian":17527,"workHomeCommuteMedian":24329},"geometry":{"type":"Polygon","coordinates":[[[-106.43449901091172,31.871220191828346],[-106.43449901091172,31.880213395465592],[-106.42550580727448,31.880213395465592],[-106.42550580727448,31.871220191828346],[-106.43449901091172,31.871220191828346]]]}},{"type":"Feature","properties":{"jobs":256,"pop":336,"pointCount":1,"homeWorkCommuteMedian":22123,"workHomeCommuteMedian":25343},"geometry":{"type":"Polygon","coordinates":[[[-106.43449901091172,31.889206599102838],[-106.43449901091172,31.898199802740084],[-106.42550580727448,31.898199802740084],[-106.42550580727448,31.889206599102838],[-106.43449901091172,31.889206599102838]]]}},{"type":"Feature","properties":{"jobs":48,"pop":2500,"pointCount":2,"homeWorkCommuteMedian":22141,"workHomeCommuteMedian":26923},"geometry":{"type":"Polygon","coordinates":[[[-106.43449901091172,31.898199802740084],[-106.43449901091172,31.90719300637733],[-106.42550580727448,31.90719300637733],[-106.42550580727448,31.898199802740084],[-106.43449901091172,31.898199802740084]]]}},{"type":"Feature","properties":{"jobs":78,"pop":1321,"pointCount":1,"homeWorkCommuteMedian":23095,"workHomeCommuteMedian":25319},"geometry":{"type":"Polygon","coordinates":[[[-106.43449901091172,31.90719300637733],[-106.43449901091172,31.916186210014576],[-106.42550580727448,31.916186210014576],[-106.42550580727448,31.90719300637733],[-106.43449901091172,31.90719300637733]]]}},{"type":"Feature","properties":{"jobs":422,"pop":524,"pointCount":1,"homeWorkCommuteMedian":28196,"workHomeCommuteMedian":27615},"geometry":{"type":"Polygon","coordinates":[[[-106.43449901091172,31.916186210014576],[-106.43449901091172,31.925179413651822],[-106.42550580727448,31.925179413651822],[-106.42550580727448,31.916186210014576],[-106.43449901091172,31.916186210014576]]]}},{"type":"Feature","properties":{"jobs":62,"pop":841,"pointCount":1,"homeWorkCommuteMedian":24255,"workHomeCommuteMedian":30015},"geometry":{"type":"Polygon","coordinates":[[[-106.43449901091172,31.925179413651822],[-106.43449901091172,31.934172617289068],[-106.42550580727448,31.934172617289068],[-106.42550580727448,31.925179413651822],[-106.43449901091172,31.925179413651822]]]}},{"type":"Feature","properties":{"jobs":273,"pop":34,"pointCount":1,"homeWorkCommuteMedian":31589,"workHomeCommuteMedian":38234},"geometry":{"type":"Polygon","coordinates":[[[-106.43449901091172,31.95215902456356],[-106.43449901091172,31.961152228200806],[-106.42550580727448,31.961152228200806],[-106.42550580727448,31.95215902456356],[-106.43449901091172,31.95215902456356]]]}},{"type":"Feature","properties":{"jobs":0,"pop":0,"pointCount":1,"homeWorkCommuteMedian":-1,"workHomeCommuteMedian":-1},"geometry":{"type":"Polygon","coordinates":[[[-106.43449901091172,31.988131839112544],[-106.43449901091172,31.99712504274979],[-106.42550580727448,31.99712504274979],[-106.42550580727448,31.988131839112544],[-106.43449901091172,31.988131839112544]]]}},{"type":"Feature","properties":{"jobs":1000,"pop":0,"pointCount":1,"homeWorkCommuteMedian":-1,"workHomeCommuteMedian":29299},"geometry":{"type":"Polygon","coordinates":[[[-106.42550580727448,31.50249884270126],[-106.42550580727448,31.511492046338507],[-106.41651260363723,31.511492046338507],[-106.41651260363723,31.50249884270126],[-106.42550580727448,31.50249884270126]]]}},{"type":"Feature","properties":{"jobs":249,"pop":947,"pointCount":3,"homeWorkCommuteMedian":9751,"workHomeCommuteMedian":5845},"geometry":{"type":"Polygon","coordinates":[[[-106.42550580727448,31.583437675436475],[-106.42550580727448,31.59243087907372],[-106.41651260363723,31.59243087907372],[-106.41651260363723,31.583437675436475],[-106.42550580727448,31.583437675436475]]]}},{"type":"Feature","properties":{"jobs":1156,"pop":4310,"pointCount":5,"homeWorkCommuteMedian":6199,"workHomeCommuteMedian":6711},"geometry":{"type":"Polygon","coordinates":[[[-106.42550580727448,31.59243087907372],[-106.42550580727448,31.601424082710967],[-106.41651260363723,31.601424082710967],[-106.41651260363723,31.59243087907372],[-106.42550580727448,31.59243087907372]]]}},{"type":"Feature","properties":{"jobs":4574,"pop":333,"pointCount":4,"homeWorkCommuteMedian":7932,"workHomeCommuteMedian":4916},"geometry":{"type":"Polygon","coordinates":[[[-106.42550580727448,31.601424082710967],[-106.42550580727448,31.610417286348213],[-106.41651260363723,31.610417286348213],[-106.41651260363723,31.601424082710967],[-106.42550580727448,31.601424082710967]]]}},{"type":"Feature","properties":{"jobs":4044,"pop":2039,"pointCount":4,"homeWorkCommuteMedian":4127,"workHomeCommuteMedian":6637},"geometry":{"type":"Polygon","coordinates":[[[-106.42550580727448,31.610417286348213],[-106.42550580727448,31.61941048998546],[-106.41651260363723,31.61941048998546],[-106.41651260363723,31.610417286348213],[-106.42550580727448,31.610417286348213]]]}},{"type":"Feature","properties":{"jobs":7143,"pop":442,"pointCount":3,"homeWorkCommuteMedian":8790,"workHomeCommuteMedian":5203},"geometry":{"type":"Polygon","coordinates":[[[-106.42550580727448,31.61941048998546],[-106.42550580727448,31.628403693622705],[-106.41651260363723,31.628403693622705],[-106.41651260363723,31.61941048998546],[-106.42550580727448,31.61941048998546]]]}},{"type":"Feature","properties":{"jobs":1639,"pop":3174,"pointCount":4,"homeWorkCommuteMedian":4197,"workHomeCommuteMedian":4657},"geometry":{"type":"Polygon","coordinates":[[[-106.42550580727448,31.628403693622705],[-106.42550580727448,31.63739689725995],[-106.41651260363723,31.63739689725995],[-106.41651260363723,31.628403693622705],[-106.42550580727448,31.628403693622705]]]}},{"type":"Feature","properties":{"jobs":97,"pop":0,"pointCount":1,"homeWorkCommuteMedian":-1,"workHomeCommuteMedian":7453},"geometry":{"type":"Polygon","coordinates":[[[-106.42550580727448,31.63739689725995],[-106.42550580727448,31.646390100897197],[-106.41651260363723,31.646390100897197],[-106.41651260363723,31.63739689725995],[-106.42550580727448,31.63739689725995]]]}},{"type":"Feature","properties":{"jobs":975,"pop":2801,"pointCount":5,"homeWorkCommuteMedian":6053,"workHomeCommuteMedian":4641},"geometry":{"type":"Polygon","coordinates":[[[-106.42550580727448,31.646390100897197],[-106.42550580727448,31.655383304534443],[-106.41651260363723,31.655383304534443],[-106.41651260363723,31.646390100897197],[-106.42550580727448,31.646390100897197]]]}},{"type":"Feature","properties":{"jobs":1726,"pop":4948,"pointCount":5,"homeWorkCommuteMedian":5452,"workHomeCommuteMedian":5652},"geometry":{"type":"Polygon","coordinates":[[[-106.42550580727448,31.655383304534443],[-106.42550580727448,31.66437650817169],[-106.41651260363723,31.66437650817169],[-106.41651260363723,31.655383304534443],[-106.42550580727448,31.655383304534443]]]}},{"type":"Feature","properties":{"jobs":1727,"pop":2482,"pointCount":7,"homeWorkCommuteMedian":4838,"workHomeCommuteMedian":4931},"geometry":{"type":"Polygon","coordinates":[[[-106.42550580727448,31.66437650817169],[-106.42550580727448,31.673369711808935],[-106.41651260363723,31.673369711808935],[-106.41651260363723,31.66437650817169],[-106.42550580727448,31.66437650817169]]]}},{"type":"Feature","properties":{"jobs":3563,"pop":3766,"pointCount":6,"homeWorkCommuteMedian":5146,"workHomeCommuteMedian":6144},"geometry":{"type":"Polygon","coordinates":[[[-106.42550580727448,31.673369711808935],[-106.42550580727448,31.68236291544618],[-106.41651260363723,31.68236291544618],[-106.41651260363723,31.673369711808935],[-106.42550580727448,31.673369711808935]]]}},{"type":"Feature","properties":{"jobs":836,"pop":2011,"pointCount":3,"homeWorkCommuteMedian":3214,"workHomeCommuteMedian":7281},"geometry":{"type":"Polygon","coordinates":[[[-106.42550580727448,31.68236291544618],[-106.42550580727448,31.691356119083427],[-106.41651260363723,31.691356119083427],[-106.41651260363723,31.68236291544618],[-106.42550580727448,31.68236291544618]]]}},{"type":"Feature","properties":{"jobs":3416,"pop":4839,"pointCount":6,"homeWorkCommuteMedian":3804,"workHomeCommuteMedian":7409},"geometry":{"type":"Polygon","coordinates":[[[-106.42550580727448,31.691356119083427],[-106.42550580727448,31.700349322720673],[-106.41651260363723,31.700349322720673],[-106.41651260363723,31.691356119083427],[-106.42550580727448,31.691356119083427]]]}},{"type":"Feature","properties":{"jobs":1770,"pop":851,"pointCount":5,"homeWorkCommuteMedian":3202,"workHomeCommuteMedian":7926},"geometry":{"type":"Polygon","coordinates":[[[-106.42550580727448,31.700349322720673],[-106.42550580727448,31.70934252635792],[-106.41651260363723,31.70934252635792],[-106.41651260363723,31.700349322720673],[-106.42550580727448,31.700349322720673]]]}},{"type":"Feature","properties":{"jobs":2166,"pop":1669,"pointCount":6,"homeWorkCommuteMedian":2250,"workHomeCommuteMedian":7856},"geometry":{"type":"Polygon","coordinates":[[[-106.42550580727448,31.70934252635792],[-106.42550580727448,31.718335729995164],[-106.41651260363723,31.718335729995164],[-106.41651260363723,31.70934252635792],[-106.42550580727448,31.70934252635792]]]}},{"type":"Feature","properties":{"jobs":6266,"pop":3237,"pointCount":7,"homeWorkCommuteMedian":3409,"workHomeCommuteMedian":5146},"geometry":{"type":"Polygon","coordinates":[[[-106.42550580727448,31.718335729995164],[-106.42550580727448,31.72732893363241],[-106.41651260363723,31.72732893363241],[-106.41651260363723,31.718335729995164],[-106.42550580727448,31.718335729995164]]]}},{"type":"Feature","properties":{"jobs":11174,"pop":1514,"pointCount":4,"homeWorkCommuteMedian":4753,"workHomeCommuteMedian":8443},"geometry":{"type":"Polygon","coordinates":[[[-106.42550580727448,31.72732893363241],[-106.42550580727448,31.736322137269656],[-106.41651260363723,31.736322137269656],[-106.41651260363723,31.72732893363241],[-106.42550580727448,31.72732893363241]]]}},{"type":"Feature","properties":{"jobs":2866,"pop":2482,"pointCount":5,"homeWorkCommuteMedian":2679,"workHomeCommuteMedian":8423},"geometry":{"type":"Polygon","coordinates":[[[-106.42550580727448,31.736322137269656],[-106.42550580727448,31.745315340906902],[-106.41651260363723,31.745315340906902],[-106.41651260363723,31.736322137269656],[-106.42550580727448,31.736322137269656]]]}},{"type":"Feature","properties":{"jobs":10037,"pop":530,"pointCount":3,"homeWorkCommuteMedian":19080,"workHomeCommuteMedian":8469},"geometry":{"type":"Polygon","coordinates":[[[-106.42550580727448,31.745315340906902],[-106.42550580727448,31.75430854454415],[-106.41651260363723,31.75430854454415],[-106.41651260363723,31.745315340906902],[-106.42550580727448,31.745315340906902]]]}},{"type":"Feature","properties":{"jobs":2040,"pop":1644,"pointCount":3,"homeWorkCommuteMedian":13810,"workHomeCommuteMedian":18695},"geometry":{"type":"Polygon","coordinates":[[[-106.42550580727448,31.763301748181394],[-106.42550580727448,31.77229495181864],[-106.41651260363723,31.77229495181864],[-106.41651260363723,31.763301748181394],[-106.42550580727448,31.763301748181394]]]}},{"type":"Feature","properties":{"jobs":1818,"pop":1601,"pointCount":3,"homeWorkCommuteMedian":10598,"workHomeCommuteMedian":18840},"geometry":{"type":"Polygon","coordinates":[[[-106.42550580727448,31.77229495181864],[-106.42550580727448,31.781288155455886],[-106.41651260363723,31.781288155455886],[-106.41651260363723,31.77229495181864],[-106.42550580727448,31.77229495181864]]]}},{"type":"Feature","properties":{"jobs":1591,"pop":702,"pointCount":3,"homeWorkCommuteMedian":13441,"workHomeCommuteMedian":19107},"geometry":{"type":"Polygon","coordinates":[[[-106.42550580727448,31.781288155455886],[-106.42550580727448,31.790281359093132],[-106.41651260363723,31.790281359093132],[-106.41651260363723,31.781288155455886],[-106.42550580727448,31.781288155455886]]]}},{"type":"Feature","properties":{"jobs":316,"pop":15,"pointCount":1,"homeWorkCommuteMedian":7864,"workHomeCommuteMedian":19322},"geometry":{"type":"Polygon","coordinates":[[[-106.42550580727448,31.79927456273038],[-106.42550580727448,31.808267766367624],[-106.41651260363723,31.808267766367624],[-106.41651260363723,31.79927456273038],[-106.42550580727448,31.79927456273038]]]}},{"type":"Feature","properties":{"jobs":314,"pop":2,"pointCount":1,"homeWorkCommuteMedian":33248,"workHomeCommuteMedian":18472},"geometry":{"type":"Polygon","coordinates":[[[-106.42550580727448,31.808267766367624],[-106.42550580727448,31.81726097000487],[-106.41651260363723,31.81726097000487],[-106.41651260363723,31.808267766367624],[-106.42550580727448,31.808267766367624]]]}},{"type":"Feature","properties":{"jobs":142,"pop":0,"pointCount":1,"homeWorkCommuteMedian":-1,"workHomeCommuteMedian":21165},"geometry":{"type":"Polygon","coordinates":[[[-106.42550580727448,31.81726097000487],[-106.42550580727448,31.826254173642116],[-106.41651260363723,31.826254173642116],[-106.41651260363723,31.81726097000487],[-106.42550580727448,31.81726097000487]]]}},{"type":"Feature","properties":{"jobs":77,"pop":51,"pointCount":1,"homeWorkCommuteMedian":27332,"workHomeCommuteMedian":24751},"geometry":{"type":"Polygon","coordinates":[[[-106.42550580727448,31.84424058091661],[-106.42550580727448,31.853233784553854],[-106.41651260363723,31.853233784553854],[-106.41651260363723,31.84424058091661],[-106.42550580727448,31.84424058091661]]]}},{"type":"Feature","properties":{"jobs":321,"pop":74,"pointCount":1,"homeWorkCommuteMedian":25632,"workHomeCommuteMedian":27422},"geometry":{"type":"Polygon","coordinates":[[[-106.42550580727448,31.853233784553854],[-106.42550580727448,31.8622269881911],[-106.41651260363723,31.8622269881911],[-106.41651260363723,31.853233784553854],[-106.42550580727448,31.853233784553854]]]}},{"type":"Feature","properties":{"jobs":331,"pop":1895,"pointCount":1,"homeWorkCommuteMedian":17451,"workHomeCommuteMedian":25738},"geometry":{"type":"Polygon","coordinates":[[[-106.42550580727448,31.8622269881911],[-106.42550580727448,31.871220191828346],[-106.41651260363723,31.871220191828346],[-106.41651260363723,31.8622269881911],[-106.42550580727448,31.8622269881911]]]}},{"type":"Feature","properties":{"jobs":258,"pop":688,"pointCount":1,"homeWorkCommuteMedian":18112,"workHomeCommuteMedian":25018},"geometry":{"type":"Polygon","coordinates":[[[-106.42550580727448,31.871220191828346],[-106.42550580727448,31.880213395465592],[-106.41651260363723,31.880213395465592],[-106.41651260363723,31.871220191828346],[-106.42550580727448,31.871220191828346]]]}},{"type":"Feature","properties":{"jobs":800,"pop":950,"pointCount":2,"homeWorkCommuteMedian":20186,"workHomeCommuteMedian":26662},"geometry":{"type":"Polygon","coordinates":[[[-106.42550580727448,31.880213395465592],[-106.42550580727448,31.889206599102838],[-106.41651260363723,31.889206599102838],[-106.41651260363723,31.880213395465592],[-106.42550580727448,31.880213395465592]]]}},{"type":"Feature","properties":{"jobs":24,"pop":564,"pointCount":1,"homeWorkCommuteMedian":25255,"workHomeCommuteMedian":20705},"geometry":{"type":"Polygon","coordinates":[[[-106.42550580727448,31.889206599102838],[-106.42550580727448,31.898199802740084],[-106.41651260363723,31.898199802740084],[-106.41651260363723,31.889206599102838],[-106.42550580727448,31.889206599102838]]]}},{"type":"Feature","properties":{"jobs":838,"pop":2151,"pointCount":2,"homeWorkCommuteMedian":24690,"workHomeCommuteMedian":25703},"geometry":{"type":"Polygon","coordinates":[[[-106.42550580727448,31.898199802740084],[-106.42550580727448,31.90719300637733],[-106.41651260363723,31.90719300637733],[-106.41651260363723,31.898199802740084],[-106.42550580727448,31.898199802740084]]]}},{"type":"Feature","properties":{"jobs":186,"pop":1607,"pointCount":1,"homeWorkCommuteMedian":25874,"workHomeCommuteMedian":28359},"geometry":{"type":"Polygon","coordinates":[[[-106.42550580727448,31.925179413651822],[-106.42550580727448,31.934172617289068],[-106.41651260363723,31.934172617289068],[-106.41651260363723,31.925179413651822],[-106.42550580727448,31.925179413651822]]]}},{"type":"Feature","properties":{"jobs":93,"pop":369,"pointCount":1,"homeWorkCommuteMedian":29633,"workHomeCommuteMedian":30335},"geometry":{"type":"Polygon","coordinates":[[[-106.42550580727448,31.934172617289068],[-106.42550580727448,31.943165820926314],[-106.41651260363723,31.943165820926314],[-106.41651260363723,31.934172617289068],[-106.42550580727448,31.934172617289068]]]}},{"type":"Feature","properties":{"jobs":0,"pop":7,"pointCount":1,"homeWorkCommuteMedian":27004,"workHomeCommuteMedian":-1},"geometry":{"type":"Polygon","coordinates":[[[-106.42550580727448,31.943165820926314],[-106.42550580727448,31.95215902456356],[-106.41651260363723,31.95215902456356],[-106.41651260363723,31.943165820926314],[-106.42550580727448,31.943165820926314]]]}},{"type":"Feature","properties":{"jobs":5,"pop":1,"pointCount":1,"homeWorkCommuteMedian":31252,"workHomeCommuteMedian":36808},"geometry":{"type":"Polygon","coordinates":[[[-106.42550580727448,31.970145431838052],[-106.42550580727448,31.979138635475298],[-106.41651260363723,31.979138635475298],[-106.41651260363723,31.970145431838052],[-106.42550580727448,31.970145431838052]]]}},{"type":"Feature","properties":{"jobs":1123,"pop":3174,"pointCount":4,"homeWorkCommuteMedian":7772,"workHomeCommuteMedian":9377},"geometry":{"type":"Polygon","coordinates":[[[-106.41651260363723,31.57444447179923],[-106.41651260363723,31.583437675436475],[-106.40751939999998,31.583437675436475],[-106.40751939999998,31.57444447179923],[-106.41651260363723,31.57444447179923]]]}},{"type":"Feature","properties":{"jobs":1752,"pop":4874,"pointCount":6,"homeWorkCommuteMedian":6594,"workHomeCommuteMedian":6210},"geometry":{"type":"Polygon","coordinates":[[[-106.41651260363723,31.583437675436475],[-106.41651260363723,31.59243087907372],[-106.40751939999998,31.59243087907372],[-106.40751939999998,31.583437675436475],[-106.41651260363723,31.583437675436475]]]}},{"type":"Feature","properties":{"jobs":1357,"pop":1699,"pointCount":4,"homeWorkCommuteMedian":6610,"workHomeCommuteMedian":5597},"geometry":{"type":"Polygon","coordinates":[[[-106.41651260363723,31.59243087907372],[-106.41651260363723,31.601424082710967],[-106.40751939999998,31.601424082710967],[-106.40751939999998,31.59243087907372],[-106.41651260363723,31.59243087907372]]]}},{"type":"Feature","properties":{"jobs":4219,"pop":1036,"pointCount":4,"homeWorkCommuteMedian":6123,"workHomeCommuteMedian":5017},"geometry":{"type":"Polygon","coordinates":[[[-106.41651260363723,31.601424082710967],[-106.41651260363723,31.610417286348213],[-106.40751939999998,31.610417286348213],[-106.40751939999998,31.601424082710967],[-106.41651260363723,31.601424082710967]]]}},{"type":"Feature","properties":{"jobs":4207,"pop":6161,"pointCount":8,"homeWorkCommuteMedian":5111,"workHomeCommuteMedian":4974},"geometry":{"type":"Polygon","coordinates":[[[-106.41651260363723,31.610417286348213],[-106.41651260363723,31.61941048998546],[-106.40751939999998,31.61941048998546],[-106.40751939999998,31.610417286348213],[-106.41651260363723,31.610417286348213]]]}},{"type":"Feature","properties":{"jobs":2915,"pop":9282,"pointCount":10,"homeWorkCommuteMedian":5646,"workHomeCommuteMedian":5615},"geometry":{"type":"Polygon","coordinates":[[[-106.41651260363723,31.61941048998546],[-106.41651260363723,31.628403693622705],[-106.40751939999998,31.628403693622705],[-106.40751939999998,31.61941048998546],[-106.41651260363723,31.61941048998546]]]}},{"type":"Feature","properties":{"jobs":1293,"pop":3889,"pointCount":4,"homeWorkCommuteMedian":4765,"workHomeCommuteMedian":6425},"geometry":{"type":"Polygon","coordinates":[[[-106.41651260363723,31.628403693622705],[-106.41651260363723,31.63739689725995],[-106.40751939999998,31.63739689725995],[-106.40751939999998,31.628403693622705],[-106.41651260363723,31.628403693622705]]]}},{"type":"Feature","properties":{"jobs":1647,"pop":5281,"pointCount":8,"homeWorkCommuteMedian":4365,"workHomeCommuteMedian":6721},"geometry":{"type":"Polygon","coordinates":[[[-106.41651260363723,31.63739689725995],[-106.41651260363723,31.646390100897197],[-106.40751939999998,31.646390100897197],[-106.40751939999998,31.63739689725995],[-106.41651260363723,31.63739689725995]]]}},{"type":"Feature","properties":{"jobs":3995,"pop":1706,"pointCount":5,"homeWorkCommuteMedian":4960,"workHomeCommuteMedian":4276},"geometry":{"type":"Polygon","coordinates":[[[-106.41651260363723,31.646390100897197],[-106.41651260363723,31.655383304534443],[-106.40751939999998,31.655383304534443],[-106.40751939999998,31.646390100897197],[-106.41651260363723,31.646390100897197]]]}},{"type":"Feature","properties":{"jobs":1405,"pop":1852,"pointCount":5,"homeWorkCommuteMedian":6023,"workHomeCommuteMedian":7658},"geometry":{"type":"Polygon","coordinates":[[[-106.41651260363723,31.655383304534443],[-106.41651260363723,31.66437650817169],[-106.40751939999998,31.66437650817169],[-106.40751939999998,31.655383304534443],[-106.41651260363723,31.655383304534443]]]}},{"type":"Feature","properties":{"jobs":2330,"pop":5638,"pointCount":8,"homeWorkCommuteMedian":4783,"workHomeCommuteMedian":4743},"geometry":{"type":"Polygon","coordinates":[[[-106.41651260363723,31.66437650817169],[-106.41651260363723,31.673369711808935],[-106.40751939999998,31.673369711808935],[-106.40751939999998,31.66437650817169],[-106.41651260363723,31.66437650817169]]]}},{"type":"Feature","properties":{"jobs":1963,"pop":5848,"pointCount":6,"homeWorkCommuteMedian":4808,"workHomeCommuteMedian":9037},"geometry":{"type":"Polygon","coordinates":[[[-106.41651260363723,31.673369711808935],[-106.41651260363723,31.68236291544618],[-106.40751939999998,31.68236291544618],[-106.40751939999998,31.673369711808935],[-106.41651260363723,31.673369711808935]]]}},{"type":"Feature","properties":{"jobs":23741,"pop":2277,"pointCount":5,"homeWorkCommuteMedian":3715,"workHomeCommuteMedian":5377},"geometry":{"type":"Polygon","coordinates":[[[-106.41651260363723,31.68236291544618],[-106.41651260363723,31.691356119083427],[-106.40751939999998,31.691356119083427],[-106.40751939999998,31.68236291544618],[-106.41651260363723,31.68236291544618]]]}},{"type":"Feature","properties":{"jobs":5375,"pop":3197,"pointCount":6,"homeWorkCommuteMedian":4559,"workHomeCommuteMedian":7317},"geometry":{"type":"Polygon","coordinates":[[[-106.41651260363723,31.691356119083427],[-106.41651260363723,31.700349322720673],[-106.40751939999998,31.700349322720673],[-106.40751939999998,31.691356119083427],[-106.41651260363723,31.691356119083427]]]}},{"type":"Feature","properties":{"jobs":2622,"pop":2940,"pointCount":5,"homeWorkCommuteMedian":4426,"workHomeCommuteMedian":7433},"geometry":{"type":"Polygon","coordinates":[[[-106.41651260363723,31.700349322720673],[-106.41651260363723,31.70934252635792],[-106.40751939999998,31.70934252635792],[-106.40751939999998,31.700349322720673],[-106.41651260363723,31.700349322720673]]]}},{"type":"Feature","properties":{"jobs":2040,"pop":1312,"pointCount":4,"homeWorkCommuteMedian":4470,"workHomeCommuteMedian":8599},"geometry":{"type":"Polygon","coordinates":[[[-106.41651260363723,31.70934252635792],[-106.41651260363723,31.718335729995164],[-106.40751939999998,31.718335729995164],[-106.40751939999998,31.70934252635792],[-106.41651260363723,31.70934252635792]]]}},{"type":"Feature","properties":{"jobs":2777,"pop":661,"pointCount":3,"homeWorkCommuteMedian":8821,"workHomeCommuteMedian":6472},"geometry":{"type":"Polygon","coordinates":[[[-106.41651260363723,31.718335729995164],[-106.41651260363723,31.72732893363241],[-106.40751939999998,31.72732893363241],[-106.40751939999998,31.718335729995164],[-106.41651260363723,31.718335729995164]]]}},{"type":"Feature","properties":{"jobs":4277,"pop":603,"pointCount":5,"homeWorkCommuteMedian":8068,"workHomeCommuteMedian":8724},"geometry":{"type":"Polygon","coordinates":[[[-106.41651260363723,31.72732893363241],[-106.41651260363723,31.736322137269656],[-106.40751939999998,31.736322137269656],[-106.40751939999998,31.72732893363241],[-106.41651260363723,31.72732893363241]]]}},{"type":"Feature","properties":{"jobs":1589,"pop":4514,"pointCount":5,"homeWorkCommuteMedian":3526,"workHomeCommuteMedian":8835},"geometry":{"type":"Polygon","coordinates":[[[-106.41651260363723,31.736322137269656],[-106.41651260363723,31.745315340906902],[-106.40751939999998,31.745315340906902],[-106.40751939999998,31.736322137269656],[-106.41651260363723,31.736322137269656]]]}},{"type":"Feature","properties":{"jobs":1701,"pop":1132,"pointCount":2,"homeWorkCommuteMedian":4708,"workHomeCommuteMedian":10602},"geometry":{"type":"Polygon","coordinates":[[[-106.41651260363723,31.745315340906902],[-106.41651260363723,31.75430854454415],[-106.40751939999998,31.75430854454415],[-106.40751939999998,31.745315340906902],[-106.41651260363723,31.745315340906902]]]}},{"type":"Feature","properties":{"jobs":1314,"pop":1722,"pointCount":2,"homeWorkCommuteMedian":13792,"workHomeCommuteMedian":20920},"geometry":{"type":"Polygon","coordinates":[[[-106.41651260363723,31.75430854454415],[-106.41651260363723,31.763301748181394],[-106.40751939999998,31.763301748181394],[-106.40751939999998,31.75430854454415],[-106.41651260363723,31.75430854454415]]]}},{"type":"Feature","properties":{"jobs":493,"pop":604,"pointCount":1,"homeWorkCommuteMedian":14222,"workHomeCommuteMedian":20415},"geometry":{"type":"Polygon","coordinates":[[[-106.41651260363723,31.763301748181394],[-106.41651260363723,31.77229495181864],[-106.40751939999998,31.77229495181864],[-106.40751939999998,31.763301748181394],[-106.41651260363723,31.763301748181394]]]}},{"type":"Feature","properties":{"jobs":5911,"pop":2044,"pointCount":3,"homeWorkCommuteMedian":11241,"workHomeCommuteMedian":19532},"geometry":{"type":"Polygon","coordinates":[[[-106.41651260363723,31.77229495181864],[-106.41651260363723,31.781288155455886],[-106.40751939999998,31.781288155455886],[-106.40751939999998,31.77229495181864],[-106.41651260363723,31.77229495181864]]]}},{"type":"Feature","properties":{"jobs":3953,"pop":897,"pointCount":4,"homeWorkCommuteMedian":11867,"workHomeCommuteMedian":18699},"geometry":{"type":"Polygon","coordinates":[[[-106.41651260363723,31.781288155455886],[-106.41651260363723,31.790281359093132],[-106.40751939999998,31.790281359093132],[-106.40751939999998,31.781288155455886],[-106.41651260363723,31.781288155455886]]]}},{"type":"Feature","properties":{"jobs":135,"pop":229,"pointCount":1,"homeWorkCommuteMedian":13695,"workHomeCommuteMedian":18137},"geometry":{"type":"Polygon","coordinates":[[[-106.41651260363723,31.790281359093132],[-106.41651260363723,31.79927456273038],[-106.40751939999998,31.79927456273038],[-106.40751939999998,31.790281359093132],[-106.41651260363723,31.790281359093132]]]}},{"type":"Feature","properties":{"jobs":64,"pop":43,"pointCount":1,"homeWorkCommuteMedian":17916,"workHomeCommuteMedian":19413},"geometry":{"type":"Polygon","coordinates":[[[-106.41651260363723,31.79927456273038],[-106.41651260363723,31.808267766367624],[-106.40751939999998,31.808267766367624],[-106.40751939999998,31.79927456273038],[-106.41651260363723,31.79927456273038]]]}},{"type":"Feature","properties":{"jobs":318,"pop":3,"pointCount":1,"homeWorkCommuteMedian":5285,"workHomeCommuteMedian":23081},"geometry":{"type":"Polygon","coordinates":[[[-106.41651260363723,31.826254173642116],[-106.41651260363723,31.835247377279362],[-106.40751939999998,31.835247377279362],[-106.40751939999998,31.826254173642116],[-106.41651260363723,31.826254173642116]]]}},{"type":"Feature","properties":{"jobs":309,"pop":563,"pointCount":1,"homeWorkCommuteMedian":18756,"workHomeCommuteMedian":25188},"geometry":{"type":"Polygon","coordinates":[[[-106.41651260363723,31.871220191828346],[-106.41651260363723,31.880213395465592],[-106.40751939999998,31.880213395465592],[-106.40751939999998,31.871220191828346],[-106.41651260363723,31.871220191828346]]]}},{"type":"Feature","properties":{"jobs":114,"pop":1416,"pointCount":2,"homeWorkCommuteMedian":19365,"workHomeCommuteMedian":24527},"geometry":{"type":"Polygon","coordinates":[[[-106.41651260363723,31.880213395465592],[-106.41651260363723,31.889206599102838],[-106.40751939999998,31.889206599102838],[-106.40751939999998,31.880213395465592],[-106.41651260363723,31.880213395465592]]]}},{"type":"Feature","properties":{"jobs":762,"pop":1896,"pointCount":3,"homeWorkCommuteMedian":23389,"workHomeCommuteMedian":24589},"geometry":{"type":"Polygon","coordinates":[[[-106.41651260363723,31.889206599102838],[-106.41651260363723,31.898199802740084],[-106.40751939999998,31.898199802740084],[-106.40751939999998,31.889206599102838],[-106.41651260363723,31.889206599102838]]]}},{"type":"Feature","properties":{"jobs":274,"pop":1445,"pointCount":2,"homeWorkCommuteMedian":21507,"workHomeCommuteMedian":24021},"geometry":{"type":"Polygon","coordinates":[[[-106.41651260363723,31.898199802740084],[-106.41651260363723,31.90719300637733],[-106.40751939999998,31.90719300637733],[-106.40751939999998,31.898199802740084],[-106.41651260363723,31.898199802740084]]]}},{"type":"Feature","properties":{"jobs":208,"pop":1086,"pointCount":1,"homeWorkCommuteMedian":23015,"workHomeCommuteMedian":4215},"geometry":{"type":"Polygon","coordinates":[[[-106.41651260363723,31.90719300637733],[-106.41651260363723,31.916186210014576],[-106.40751939999998,31.916186210014576],[-106.40751939999998,31.90719300637733],[-106.41651260363723,31.90719300637733]]]}},{"type":"Feature","properties":{"jobs":225,"pop":1701,"pointCount":1,"homeWorkCommuteMedian":25402,"workHomeCommuteMedian":24758},"geometry":{"type":"Polygon","coordinates":[[[-106.41651260363723,31.916186210014576],[-106.41651260363723,31.925179413651822],[-106.40751939999998,31.925179413651822],[-106.40751939999998,31.916186210014576],[-106.41651260363723,31.916186210014576]]]}},{"type":"Feature","properties":{"jobs":120,"pop":3052,"pointCount":2,"homeWorkCommuteMedian":26317,"workHomeCommuteMedian":26960},"geometry":{"type":"Polygon","coordinates":[[[-106.41651260363723,31.925179413651822],[-106.41651260363723,31.934172617289068],[-106.40751939999998,31.934172617289068],[-106.40751939999998,31.925179413651822],[-106.41651260363723,31.925179413651822]]]}},{"type":"Feature","properties":{"jobs":172,"pop":340,"pointCount":1,"homeWorkCommuteMedian":26110,"workHomeCommuteMedian":29648},"geometry":{"type":"Polygon","coordinates":[[[-106.41651260363723,31.934172617289068],[-106.41651260363723,31.943165820926314],[-106.40751939999998,31.943165820926314],[-106.40751939999998,31.934172617289068],[-106.41651260363723,31.934172617289068]]]}},{"type":"Feature","properties":{"jobs":0,"pop":0,"pointCount":1,"homeWorkCommuteMedian":-1,"workHomeCommuteMedian":-1},"geometry":{"type":"Polygon","coordinates":[[[-106.41651260363723,31.99712504274979],[-106.41651260363723,32.00611824638703],[-106.40751939999998,32.00611824638703],[-106.40751939999998,31.99712504274979],[-106.41651260363723,31.99712504274979]]]}},{"type":"Feature","properties":{"jobs":176,"pop":6,"pointCount":1,"homeWorkCommuteMedian":45063,"workHomeCommuteMedian":5950},"geometry":{"type":"Polygon","coordinates":[[[-106.41651260363723,32.01511145002428],[-106.41651260363723,32.024104653661524],[-106.40751939999998,32.024104653661524],[-106.40751939999998,32.01511145002428],[-106.41651260363723,32.01511145002428]]]}},{"type":"Feature","properties":{"jobs":34,"pop":0,"pointCount":1,"homeWorkCommuteMedian":-1,"workHomeCommuteMedian":9200},"geometry":{"type":"Polygon","coordinates":[[[-106.40751939999998,31.538471657250245],[-106.40751939999998,31.54746486088749],[-106.39852619636274,31.54746486088749],[-106.39852619636274,31.538471657250245],[-106.40751939999998,31.538471657250245]]]}},{"type":"Feature","properties":{"jobs":730,"pop":2898,"pointCount":3,"homeWorkCommuteMedian":7986,"workHomeCommuteMedian":6386},"geometry":{"type":"Polygon","coordinates":[[[-106.40751939999998,31.565451268161983],[-106.40751939999998,31.57444447179923],[-106.39852619636274,31.57444447179923],[-106.39852619636274,31.565451268161983],[-106.40751939999998,31.565451268161983]]]}},{"type":"Feature","properties":{"jobs":1474,"pop":1159,"pointCount":3,"homeWorkCommuteMedian":9108,"workHomeCommuteMedian":5347},"geometry":{"type":"Polygon","coordinates":[[[-106.40751939999998,31.57444447179923],[-106.40751939999998,31.583437675436475],[-106.39852619636274,31.583437675436475],[-106.39852619636274,31.57444447179923],[-106.40751939999998,31.57444447179923]]]}},{"type":"Feature","properties":{"jobs":1734,"pop":3997,"pointCount":6,"homeWorkCommuteMedian":6558,"workHomeCommuteMedian":6241},"geometry":{"type":"Polygon","coordinates":[[[-106.40751939999998,31.583437675436475],[-106.40751939999998,31.59243087907372],[-106.39852619636274,31.59243087907372],[-106.39852619636274,31.583437675436475],[-106.40751939999998,31.583437675436475]]]}},{"type":"Feature","properties":{"jobs":4966,"pop":2587,"pointCount":8,"homeWorkCommuteMedian":4966,"workHomeCommuteMedian":3187},"geometry":{"type":"Polygon","coordinates":[[[-106.40751939999998,31.59243087907372],[-106.40751939999998,31.601424082710967],[-106.39852619636274,31.601424082710967],[-106.39852619636274,31.59243087907372],[-106.40751939999998,31.59243087907372]]]}},{"type":"Feature","properties":{"jobs":10786,"pop":4842,"pointCount":6,"homeWorkCommuteMedian":3767,"workHomeCommuteMedian":4213},"geometry":{"type":"Polygon","coordinates":[[[-106.40751939999998,31.601424082710967],[-106.40751939999998,31.610417286348213],[-106.39852619636274,31.610417286348213],[-106.39852619636274,31.601424082710967],[-106.40751939999998,31.601424082710967]]]}},{"type":"Feature","properties":{"jobs":2387,"pop":7687,"pointCount":7,"homeWorkCommuteMedian":4455,"workHomeCommuteMedian":5147},"geometry":{"type":"Polygon","coordinates":[[[-106.40751939999998,31.610417286348213],[-106.40751939999998,31.61941048998546],[-106.39852619636274,31.61941048998546],[-106.39852619636274,31.610417286348213],[-106.40751939999998,31.610417286348213]]]}},{"type":"Feature","properties":{"jobs":3200,"pop":5883,"pointCount":9,"homeWorkCommuteMedian":4319,"workHomeCommuteMedian":5539},"geometry":{"type":"Polygon","coordinates":[[[-106.40751939999998,31.61941048998546],[-106.40751939999998,31.628403693622705],[-106.39852619636274,31.628403693622705],[-106.39852619636274,31.61941048998546],[-106.40751939999998,31.61941048998546]]]}},{"type":"Feature","properties":{"jobs":2387,"pop":7904,"pointCount":8,"homeWorkCommuteMedian":5287,"workHomeCommuteMedian":4384},"geometry":{"type":"Polygon","coordinates":[[[-106.40751939999998,31.628403693622705],[-106.40751939999998,31.63739689725995],[-106.39852619636274,31.63739689725995],[-106.39852619636274,31.628403693622705],[-106.40751939999998,31.628403693622705]]]}},{"type":"Feature","properties":{"jobs":1361,"pop":3969,"pointCount":5,"homeWorkCommuteMedian":5738,"workHomeCommuteMedian":7812},"geometry":{"type":"Polygon","coordinates":[[[-106.40751939999998,31.63739689725995],[-106.40751939999998,31.646390100897197],[-106.39852619636274,31.646390100897197],[-106.39852619636274,31.63739689725995],[-106.40751939999998,31.63739689725995]]]}},{"type":"Feature","properties":{"jobs":2117,"pop":4661,"pointCount":6,"homeWorkCommuteMedian":5908,"workHomeCommuteMedian":6211},"geometry":{"type":"Polygon","coordinates":[[[-106.40751939999998,31.646390100897197],[-106.40751939999998,31.655383304534443],[-106.39852619636274,31.655383304534443],[-106.39852619636274,31.646390100897197],[-106.40751939999998,31.646390100897197]]]}},{"type":"Feature","properties":{"jobs":3067,"pop":2448,"pointCount":8,"homeWorkCommuteMedian":5112,"workHomeCommuteMedian":4724},"geometry":{"type":"Polygon","coordinates":[[[-106.40751939999998,31.655383304534443],[-106.40751939999998,31.66437650817169],[-106.39852619636274,31.66437650817169],[-106.39852619636274,31.655383304534443],[-106.40751939999998,31.655383304534443]]]}},{"type":"Feature","properties":{"jobs":5103,"pop":4271,"pointCount":7,"homeWorkCommuteMedian":5296,"workHomeCommuteMedian":5908},"geometry":{"type":"Polygon","coordinates":[[[-106.40751939999998,31.66437650817169],[-106.40751939999998,31.673369711808935],[-106.39852619636274,31.673369711808935],[-106.39852619636274,31.66437650817169],[-106.40751939999998,31.66437650817169]]]}},{"type":"Feature","properties":{"jobs":1167,"pop":1814,"pointCount":4,"homeWorkCommuteMedian":4111,"workHomeCommuteMedian":3013},"geometry":{"type":"Polygon","coordinates":[[[-106.40751939999998,31.673369711808935],[-106.40751939999998,31.68236291544618],[-106.39852619636274,31.68236291544618],[-106.39852619636274,31.673369711808935],[-106.40751939999998,31.673369711808935]]]}},{"type":"Feature","properties":{"jobs":2903,"pop":1014,"pointCount":8,"homeWorkCommuteMedian":6405,"workHomeCommuteMedian":6201},"geometry":{"type":"Polygon","coordinates":[[[-106.40751939999998,31.68236291544618],[-106.40751939999998,31.691356119083427],[-106.39852619636274,31.691356119083427],[-106.39852619636274,31.68236291544618],[-106.40751939999998,31.68236291544618]]]}},{"type":"Feature","properties":{"jobs":765,"pop":2502,"pointCount":4,"homeWorkCommuteMedian":5343,"workHomeCommuteMedian":3477},"geometry":{"type":"Polygon","coordinates":[[[-106.40751939999998,31.691356119083427],[-106.40751939999998,31.700349322720673],[-106.39852619636274,31.700349322720673],[-106.39852619636274,31.691356119083427],[-106.40751939999998,31.691356119083427]]]}},{"type":"Feature","properties":{"jobs":6851,"pop":302,"pointCount":8,"homeWorkCommuteMedian":4496,"workHomeCommuteMedian":8367},"geometry":{"type":"Polygon","coordinates":[[[-106.40751939999998,31.700349322720673],[-106.40751939999998,31.70934252635792],[-106.39852619636274,31.70934252635792],[-106.39852619636274,31.700349322720673],[-106.40751939999998,31.700349322720673]]]}},{"type":"Feature","properties":{"jobs":11226,"pop":2007,"pointCount":6,"homeWorkCommuteMedian":5644,"workHomeCommuteMedian":7571},"geometry":{"type":"Polygon","coordinates":[[[-106.40751939999998,31.70934252635792],[-106.40751939999998,31.718335729995164],[-106.39852619636274,31.718335729995164],[-106.39852619636274,31.70934252635792],[-106.40751939999998,31.70934252635792]]]}},{"type":"Feature","properties":{"jobs":429,"pop":27,"pointCount":3,"homeWorkCommuteMedian":2136,"workHomeCommuteMedian":9825},"geometry":{"type":"Polygon","coordinates":[[[-106.40751939999998,31.718335729995164],[-106.40751939999998,31.72732893363241],[-106.39852619636274,31.72732893363241],[-106.39852619636274,31.718335729995164],[-106.40751939999998,31.718335729995164]]]}},{"type":"Feature","properties":{"jobs":917,"pop":1036,"pointCount":6,"homeWorkCommuteMedian":5485,"workHomeCommuteMedian":8825},"geometry":{"type":"Polygon","coordinates":[[[-106.40751939999998,31.72732893363241],[-106.40751939999998,31.736322137269656],[-106.39852619636274,31.736322137269656],[-106.39852619636274,31.72732893363241],[-106.40751939999998,31.72732893363241]]]}},{"type":"Feature","properties":{"jobs":1100,"pop":4936,"pointCount":7,"homeWorkCommuteMedian":5709,"workHomeCommuteMedian":11363},"geometry":{"type":"Polygon","coordinates":[[[-106.40751939999998,31.736322137269656],[-106.40751939999998,31.745315340906902],[-106.39852619636274,31.745315340906902],[-106.39852619636274,31.736322137269656],[-106.40751939999998,31.736322137269656]]]}},{"type":"Feature","properties":{"jobs":205,"pop":401,"pointCount":1,"homeWorkCommuteMedian":13256,"workHomeCommuteMedian":18127},"geometry":{"type":"Polygon","coordinates":[[[-106.40751939999998,31.75430854454415],[-106.40751939999998,31.763301748181394],[-106.39852619636274,31.763301748181394],[-106.39852619636274,31.75430854454415],[-106.40751939999998,31.75430854454415]]]}},{"type":"Feature","properties":{"jobs":724,"pop":122,"pointCount":1,"homeWorkCommuteMedian":14235,"workHomeCommuteMedian":19314},"geometry":{"type":"Polygon","coordinates":[[[-106.40751939999998,31.763301748181394],[-106.40751939999998,31.77229495181864],[-106.39852619636274,31.77229495181864],[-106.39852619636274,31.763301748181394],[-106.40751939999998,31.763301748181394]]]}},{"type":"Feature","properties":{"jobs":499,"pop":509,"pointCount":1,"homeWorkCommuteMedian":13877,"workHomeCommuteMedian":22464},"geometry":{"type":"Polygon","coordinates":[[[-106.40751939999998,31.77229495181864],[-106.40751939999998,31.781288155455886],[-106.39852619636274,31.781288155455886],[-106.39852619636274,31.77229495181864],[-106.40751939999998,31.77229495181864]]]}},{"type":"Feature","properties":{"jobs":979,"pop":426,"pointCount":3,"homeWorkCommuteMedian":11377,"workHomeCommuteMedian":19145},"geometry":{"type":"Polygon","coordinates":[[[-106.40751939999998,31.781288155455886],[-106.40751939999998,31.790281359093132],[-106.39852619636274,31.790281359093132],[-106.39852619636274,31.781288155455886],[-106.40751939999998,31.781288155455886]]]}},{"type":"Feature","properties":{"jobs":15529,"pop":1410,"pointCount":4,"homeWorkCommuteMedian":36305,"workHomeCommuteMedian":19411},"geometry":{"type":"Polygon","coordinates":[[[-106.40751939999998,31.790281359093132],[-106.40751939999998,31.79927456273038],[-106.39852619636274,31.79927456273038],[-106.39852619636274,31.790281359093132],[-106.40751939999998,31.790281359093132]]]}},{"type":"Feature","properties":{"jobs":138,"pop":3,"pointCount":1,"homeWorkCommuteMedian":19741,"workHomeCommuteMedian":18920},"geometry":{"type":"Polygon","coordinates":[[[-106.40751939999998,31.79927456273038],[-106.40751939999998,31.808267766367624],[-106.39852619636274,31.808267766367624],[-106.39852619636274,31.79927456273038],[-106.40751939999998,31.79927456273038]]]}},{"type":"Feature","properties":{"jobs":1383,"pop":46,"pointCount":2,"homeWorkCommuteMedian":19713,"workHomeCommuteMedian":19347},"geometry":{"type":"Polygon","coordinates":[[[-106.40751939999998,31.808267766367624],[-106.40751939999998,31.81726097000487],[-106.39852619636274,31.81726097000487],[-106.39852619636274,31.808267766367624],[-106.40751939999998,31.808267766367624]]]}},{"type":"Feature","properties":{"jobs":805,"pop":0,"pointCount":1,"homeWorkCommuteMedian":-1,"workHomeCommuteMedian":19933},"geometry":{"type":"Polygon","coordinates":[[[-106.40751939999998,31.81726097000487],[-106.40751939999998,31.826254173642116],[-106.39852619636274,31.826254173642116],[-106.39852619636274,31.81726097000487],[-106.40751939999998,31.81726097000487]]]}},{"type":"Feature","properties":{"jobs":0,"pop":2,"pointCount":1,"homeWorkCommuteMedian":23316,"workHomeCommuteMedian":-1},"geometry":{"type":"Polygon","coordinates":[[[-106.40751939999998,31.84424058091661],[-106.40751939999998,31.853233784553854],[-106.39852619636274,31.853233784553854],[-106.39852619636274,31.84424058091661],[-106.40751939999998,31.84424058091661]]]}},{"type":"Feature","properties":{"jobs":598,"pop":11,"pointCount":2,"homeWorkCommuteMedian":24030,"workHomeCommuteMedian":26351},"geometry":{"type":"Polygon","coordinates":[[[-106.40751939999998,31.871220191828346],[-106.40751939999998,31.880213395465592],[-106.39852619636274,31.880213395465592],[-106.39852619636274,31.871220191828346],[-106.40751939999998,31.871220191828346]]]}},{"type":"Feature","properties":{"jobs":182,"pop":58,"pointCount":1,"homeWorkCommuteMedian":26122,"workHomeCommuteMedian":24439},"geometry":{"type":"Polygon","coordinates":[[[-106.40751939999998,31.880213395465592],[-106.40751939999998,31.889206599102838],[-106.39852619636274,31.889206599102838],[-106.39852619636274,31.880213395465592],[-106.40751939999998,31.880213395465592]]]}},{"type":"Feature","properties":{"jobs":200,"pop":556,"pointCount":1,"homeWorkCommuteMedian":25828,"workHomeCommuteMedian":50849},"geometry":{"type":"Polygon","coordinates":[[[-106.40751939999998,31.898199802740084],[-106.40751939999998,31.90719300637733],[-106.39852619636274,31.90719300637733],[-106.39852619636274,31.898199802740084],[-106.40751939999998,31.898199802740084]]]}},{"type":"Feature","properties":{"jobs":125,"pop":577,"pointCount":1,"homeWorkCommuteMedian":19970,"workHomeCommuteMedian":25132},"geometry":{"type":"Polygon","coordinates":[[[-106.40751939999998,31.90719300637733],[-106.40751939999998,31.916186210014576],[-106.39852619636274,31.916186210014576],[-106.39852619636274,31.90719300637733],[-106.40751939999998,31.90719300637733]]]}},{"type":"Feature","properties":{"jobs":99,"pop":1814,"pointCount":2,"homeWorkCommuteMedian":25173,"workHomeCommuteMedian":28812},"geometry":{"type":"Polygon","coordinates":[[[-106.40751939999998,31.916186210014576],[-106.40751939999998,31.925179413651822],[-106.39852619636274,31.925179413651822],[-106.39852619636274,31.916186210014576],[-106.40751939999998,31.916186210014576]]]}},{"type":"Feature","properties":{"jobs":102,"pop":9,"pointCount":1,"homeWorkCommuteMedian":7118,"workHomeCommuteMedian":29837},"geometry":{"type":"Polygon","coordinates":[[[-106.40751939999998,31.95215902456356],[-106.40751939999998,31.961152228200806],[-106.39852619636274,31.961152228200806],[-106.39852619636274,31.95215902456356],[-106.40751939999998,31.95215902456356]]]}},{"type":"Feature","properties":{"jobs":26,"pop":175,"pointCount":1,"homeWorkCommuteMedian":23952,"workHomeCommuteMedian":22993},"geometry":{"type":"Polygon","coordinates":[[[-106.40751939999998,32.024104653661524],[-106.40751939999998,32.03309785729877],[-106.39852619636274,32.03309785729877],[-106.39852619636274,32.024104653661524],[-106.40751939999998,32.024104653661524]]]}},{"type":"Feature","properties":{"jobs":157,"pop":658,"pointCount":1,"homeWorkCommuteMedian":9374,"workHomeCommuteMedian":13231},"geometry":{"type":"Polygon","coordinates":[[[-106.39852619636274,31.538471657250245],[-106.39852619636274,31.54746486088749],[-106.38953299272549,31.54746486088749],[-106.38953299272549,31.538471657250245],[-106.39852619636274,31.538471657250245]]]}},{"type":"Feature","properties":{"jobs":795,"pop":0,"pointCount":1,"homeWorkCommuteMedian":-1,"workHomeCommuteMedian":5472},"geometry":{"type":"Polygon","coordinates":[[[-106.39852619636274,31.556458064524737],[-106.39852619636274,31.565451268161983],[-106.38953299272549,31.565451268161983],[-106.38953299272549,31.556458064524737],[-106.39852619636274,31.556458064524737]]]}},{"type":"Feature","properties":{"jobs":1563,"pop":4953,"pointCount":8,"homeWorkCommuteMedian":8827,"workHomeCommuteMedian":5019},"geometry":{"type":"Polygon","coordinates":[[[-106.39852619636274,31.565451268161983],[-106.39852619636274,31.57444447179923],[-106.38953299272549,31.57444447179923],[-106.38953299272549,31.565451268161983],[-106.39852619636274,31.565451268161983]]]}},{"type":"Feature","properties":{"jobs":500,"pop":847,"pointCount":3,"homeWorkCommuteMedian":4470,"workHomeCommuteMedian":5215},"geometry":{"type":"Polygon","coordinates":[[[-106.39852619636274,31.57444447179923],[-106.39852619636274,31.583437675436475],[-106.38953299272549,31.583437675436475],[-106.38953299272549,31.57444447179923],[-106.39852619636274,31.57444447179923]]]}},{"type":"Feature","properties":{"jobs":906,"pop":2005,"pointCount":3,"homeWorkCommuteMedian":8864,"workHomeCommuteMedian":6911},"geometry":{"type":"Polygon","coordinates":[[[-106.39852619636274,31.583437675436475],[-106.39852619636274,31.59243087907372],[-106.38953299272549,31.59243087907372],[-106.38953299272549,31.583437675436475],[-106.39852619636274,31.583437675436475]]]}},{"type":"Feature","properties":{"jobs":2241,"pop":9043,"pointCount":10,"homeWorkCommuteMedian":5443,"workHomeCommuteMedian":4585},"geometry":{"type":"Polygon","coordinates":[[[-106.39852619636274,31.59243087907372],[-106.39852619636274,31.601424082710967],[-106.38953299272549,31.601424082710967],[-106.38953299272549,31.59243087907372],[-106.39852619636274,31.59243087907372]]]}},{"type":"Feature","properties":{"jobs":6669,"pop":1171,"pointCount":4,"homeWorkCommuteMedian":3035,"workHomeCommuteMedian":4111},"geometry":{"type":"Polygon","coordinates":[[[-106.39852619636274,31.601424082710967],[-106.39852619636274,31.610417286348213],[-106.38953299272549,31.610417286348213],[-106.38953299272549,31.601424082710967],[-106.39852619636274,31.601424082710967]]]}},{"type":"Feature","properties":{"jobs":9330,"pop":3776,"pointCount":6,"homeWorkCommuteMedian":5260,"workHomeCommuteMedian":3929},"geometry":{"type":"Polygon","coordinates":[[[-106.39852619636274,31.610417286348213],[-106.39852619636274,31.61941048998546],[-106.38953299272549,31.61941048998546],[-106.38953299272549,31.610417286348213],[-106.39852619636274,31.610417286348213]]]}},{"type":"Feature","properties":{"jobs":4418,"pop":1832,"pointCount":4,"homeWorkCommuteMedian":4634,"workHomeCommuteMedian":4168},"geometry":{"type":"Polygon","coordinates":[[[-106.39852619636274,31.61941048998546],[-106.39852619636274,31.628403693622705],[-106.38953299272549,31.628403693622705],[-106.38953299272549,31.61941048998546],[-106.39852619636274,31.61941048998546]]]}},{"type":"Feature","properties":{"jobs":1470,"pop":2164,"pointCount":3,"homeWorkCommuteMedian":3661,"workHomeCommuteMedian":5410},"geometry":{"type":"Polygon","coordinates":[[[-106.39852619636274,31.628403693622705],[-106.39852619636274,31.63739689725995],[-106.38953299272549,31.63739689725995],[-106.38953299272549,31.628403693622705],[-106.39852619636274,31.628403693622705]]]}},{"type":"Feature","properties":{"jobs":5117,"pop":5953,"pointCount":9,"homeWorkCommuteMedian":6016,"workHomeCommuteMedian":6171},"geometry":{"type":"Polygon","coordinates":[[[-106.39852619636274,31.63739689725995],[-106.39852619636274,31.646390100897197],[-106.38953299272549,31.646390100897197],[-106.38953299272549,31.63739689725995],[-106.39852619636274,31.63739689725995]]]}},{"type":"Feature","properties":{"jobs":3552,"pop":9993,"pointCount":8,"homeWorkCommuteMedian":5287,"workHomeCommuteMedian":6304},"geometry":{"type":"Polygon","coordinates":[[[-106.39852619636274,31.646390100897197],[-106.39852619636274,31.655383304534443],[-106.38953299272549,31.655383304534443],[-106.38953299272549,31.646390100897197],[-106.39852619636274,31.646390100897197]]]}},{"type":"Feature","properties":{"jobs":2909,"pop":7689,"pointCount":7,"homeWorkCommuteMedian":5734,"workHomeCommuteMedian":7374},"geometry":{"type":"Polygon","coordinates":[[[-106.39852619636274,31.655383304534443],[-106.39852619636274,31.66437650817169],[-106.38953299272549,31.66437650817169],[-106.38953299272549,31.655383304534443],[-106.39852619636274,31.655383304534443]]]}},{"type":"Feature","properties":{"jobs":12812,"pop":2462,"pointCount":7,"homeWorkCommuteMedian":4902,"workHomeCommuteMedian":6504},"geometry":{"type":"Polygon","coordinates":[[[-106.39852619636274,31.66437650817169],[-106.39852619636274,31.673369711808935],[-106.38953299272549,31.673369711808935],[-106.38953299272549,31.66437650817169],[-106.39852619636274,31.66437650817169]]]}},{"type":"Feature","properties":{"jobs":382,"pop":69,"pointCount":4,"homeWorkCommuteMedian":6125,"workHomeCommuteMedian":4795},"geometry":{"type":"Polygon","coordinates":[[[-106.39852619636274,31.673369711808935],[-106.39852619636274,31.68236291544618],[-106.38953299272549,31.68236291544618],[-106.38953299272549,31.673369711808935],[-106.39852619636274,31.673369711808935]]]}},{"type":"Feature","properties":{"jobs":557,"pop":260,"pointCount":2,"homeWorkCommuteMedian":4220,"workHomeCommuteMedian":4126},"geometry":{"type":"Polygon","coordinates":[[[-106.39852619636274,31.68236291544618],[-106.39852619636274,31.691356119083427],[-106.38953299272549,31.691356119083427],[-106.38953299272549,31.68236291544618],[-106.39852619636274,31.68236291544618]]]}},{"type":"Feature","properties":{"jobs":1211,"pop":830,"pointCount":5,"homeWorkCommuteMedian":5769,"workHomeCommuteMedian":8907},"geometry":{"type":"Polygon","coordinates":[[[-106.39852619636274,31.691356119083427],[-106.39852619636274,31.700349322720673],[-106.38953299272549,31.700349322720673],[-106.38953299272549,31.691356119083427],[-106.39852619636274,31.691356119083427]]]}},{"type":"Feature","properties":{"jobs":420,"pop":26,"pointCount":5,"homeWorkCommuteMedian":4845,"workHomeCommuteMedian":13133},"geometry":{"type":"Polygon","coordinates":[[[-106.39852619636274,31.700349322720673],[-106.39852619636274,31.70934252635792],[-106.38953299272549,31.70934252635792],[-106.38953299272549,31.700349322720673],[-106.39852619636274,31.700349322720673]]]}},{"type":"Feature","properties":{"jobs":6301,"pop":633,"pointCount":8,"homeWorkCommuteMedian":7808,"workHomeCommuteMedian":7396},"geometry":{"type":"Polygon","coordinates":[[[-106.39852619636274,31.70934252635792],[-106.39852619636274,31.718335729995164],[-106.38953299272549,31.718335729995164],[-106.38953299272549,31.70934252635792],[-106.39852619636274,31.70934252635792]]]}},{"type":"Feature","properties":{"jobs":13204,"pop":808,"pointCount":6,"homeWorkCommuteMedian":8181,"workHomeCommuteMedian":8426},"geometry":{"type":"Polygon","coordinates":[[[-106.39852619636274,31.718335729995164],[-106.39852619636274,31.72732893363241],[-106.38953299272549,31.72732893363241],[-106.38953299272549,31.718335729995164],[-106.39852619636274,31.718335729995164]]]}},{"type":"Feature","properties":{"jobs":698,"pop":1160,"pointCount":5,"homeWorkCommuteMedian":3367,"workHomeCommuteMedian":10516},"geometry":{"type":"Polygon","coordinates":[[[-106.39852619636274,31.72732893363241],[-106.39852619636274,31.736322137269656],[-106.38953299272549,31.736322137269656],[-106.38953299272549,31.72732893363241],[-106.39852619636274,31.72732893363241]]]}},{"type":"Feature","properties":{"jobs":89,"pop":0,"pointCount":1,"homeWorkCommuteMedian":-1,"workHomeCommuteMedian":13627},"geometry":{"type":"Polygon","coordinates":[[[-106.39852619636274,31.736322137269656],[-106.39852619636274,31.745315340906902],[-106.38953299272549,31.745315340906902],[-106.38953299272549,31.736322137269656],[-106.39852619636274,31.736322137269656]]]}},{"type":"Feature","properties":{"jobs":650,"pop":523,"pointCount":1,"homeWorkCommuteMedian":12150,"workHomeCommuteMedian":20388},"geometry":{"type":"Polygon","coordinates":[[[-106.39852619636274,31.745315340906902],[-106.39852619636274,31.75430854454415],[-106.38953299272549,31.75430854454415],[-106.38953299272549,31.745315340906902],[-106.39852619636274,31.745315340906902]]]}},{"type":"Feature","properties":{"jobs":362,"pop":61,"pointCount":1,"homeWorkCommuteMedian":14629,"workHomeCommuteMedian":20312},"geometry":{"type":"Polygon","coordinates":[[[-106.39852619636274,31.75430854454415],[-106.39852619636274,31.763301748181394],[-106.38953299272549,31.763301748181394],[-106.38953299272549,31.75430854454415],[-106.39852619636274,31.75430854454415]]]}},{"type":"Feature","properties":{"jobs":160,"pop":103,"pointCount":1,"homeWorkCommuteMedian":15312,"workHomeCommuteMedian":19886},"geometry":{"type":"Polygon","coordinates":[[[-106.39852619636274,31.763301748181394],[-106.39852619636274,31.77229495181864],[-106.38953299272549,31.77229495181864],[-106.38953299272549,31.763301748181394],[-106.39852619636274,31.763301748181394]]]}},{"type":"Feature","properties":{"jobs":429,"pop":182,"pointCount":1,"homeWorkCommuteMedian":16081,"workHomeCommuteMedian":18239},"geometry":{"type":"Polygon","coordinates":[[[-106.39852619636274,31.77229495181864],[-106.39852619636274,31.781288155455886],[-106.38953299272549,31.781288155455886],[-106.38953299272549,31.77229495181864],[-106.39852619636274,31.77229495181864]]]}},{"type":"Feature","properties":{"jobs":3618,"pop":530,"pointCount":4,"homeWorkCommuteMedian":11753,"workHomeCommuteMedian":19235},"geometry":{"type":"Polygon","coordinates":[[[-106.39852619636274,31.781288155455886],[-106.39852619636274,31.790281359093132],[-106.38953299272549,31.790281359093132],[-106.38953299272549,31.781288155455886],[-106.39852619636274,31.781288155455886]]]}},{"type":"Feature","properties":{"jobs":8028,"pop":3,"pointCount":3,"homeWorkCommuteMedian":16840,"workHomeCommuteMedian":17600},"geometry":{"type":"Polygon","coordinates":[[[-106.39852619636274,31.790281359093132],[-106.39852619636274,31.79927456273038],[-106.38953299272549,31.79927456273038],[-106.38953299272549,31.790281359093132],[-106.39852619636274,31.790281359093132]]]}},{"type":"Feature","properties":{"jobs":1860,"pop":217,"pointCount":3,"homeWorkCommuteMedian":25013,"workHomeCommuteMedian":19556},"geometry":{"type":"Polygon","coordinates":[[[-106.39852619636274,31.808267766367624],[-106.39852619636274,31.81726097000487],[-106.38953299272549,31.81726097000487],[-106.38953299272549,31.808267766367624],[-106.39852619636274,31.808267766367624]]]}},{"type":"Feature","properties":{"jobs":1196,"pop":0,"pointCount":1,"homeWorkCommuteMedian":-1,"workHomeCommuteMedian":20972},"geometry":{"type":"Polygon","coordinates":[[[-106.39852619636274,31.81726097000487],[-106.39852619636274,31.826254173642116],[-106.38953299272549,31.826254173642116],[-106.38953299272549,31.81726097000487],[-106.39852619636274,31.81726097000487]]]}},{"type":"Feature","properties":{"jobs":162,"pop":0,"pointCount":1,"homeWorkCommuteMedian":-1,"workHomeCommuteMedian":22646},"geometry":{"type":"Polygon","coordinates":[[[-106.39852619636274,31.826254173642116],[-106.39852619636274,31.835247377279362],[-106.38953299272549,31.835247377279362],[-106.38953299272549,31.826254173642116],[-106.39852619636274,31.826254173642116]]]}},{"type":"Feature","properties":{"jobs":542,"pop":64,"pointCount":1,"homeWorkCommuteMedian":26592,"workHomeCommuteMedian":27061},"geometry":{"type":"Polygon","coordinates":[[[-106.39852619636274,31.889206599102838],[-106.39852619636274,31.898199802740084],[-106.38953299272549,31.898199802740084],[-106.38953299272549,31.889206599102838],[-106.39852619636274,31.889206599102838]]]}},{"type":"Feature","properties":{"jobs":153,"pop":536,"pointCount":1,"homeWorkCommuteMedian":24261,"workHomeCommuteMedian":24064},"geometry":{"type":"Polygon","coordinates":[[[-106.39852619636274,31.898199802740084],[-106.39852619636274,31.90719300637733],[-106.38953299272549,31.90719300637733],[-106.38953299272549,31.898199802740084],[-106.39852619636274,31.898199802740084]]]}},{"type":"Feature","properties":{"jobs":95,"pop":963,"pointCount":1,"homeWorkCommuteMedian":23888,"workHomeCommuteMedian":26263},"geometry":{"type":"Polygon","coordinates":[[[-106.39852619636274,31.90719300637733],[-106.39852619636274,31.916186210014576],[-106.38953299272549,31.916186210014576],[-106.38953299272549,31.90719300637733],[-106.39852619636274,31.90719300637733]]]}},{"type":"Feature","properties":{"jobs":139,"pop":440,"pointCount":1,"homeWorkCommuteMedian":27863,"workHomeCommuteMedian":29546},"geometry":{"type":"Polygon","coordinates":[[[-106.39852619636274,31.934172617289068],[-106.39852619636274,31.943165820926314],[-106.38953299272549,31.943165820926314],[-106.38953299272549,31.934172617289068],[-106.39852619636274,31.934172617289068]]]}},{"type":"Feature","properties":{"jobs":0,"pop":0,"pointCount":1,"homeWorkCommuteMedian":-1,"workHomeCommuteMedian":-1},"geometry":{"type":"Polygon","coordinates":[[[-106.39852619636274,31.99712504274979],[-106.39852619636274,32.00611824638703],[-106.38953299272549,32.00611824638703],[-106.38953299272549,31.99712504274979],[-106.39852619636274,31.99712504274979]]]}},{"type":"Feature","properties":{"jobs":154,"pop":676,"pointCount":1,"homeWorkCommuteMedian":11545,"workHomeCommuteMedian":11197},"geometry":{"type":"Polygon","coordinates":[[[-106.38953299272549,31.529478453613],[-106.38953299272549,31.538471657250245],[-106.38053978908825,31.538471657250245],[-106.38053978908825,31.529478453613],[-106.38953299272549,31.529478453613]]]}},{"type":"Feature","properties":{"jobs":655,"pop":2250,"pointCount":4,"homeWorkCommuteMedian":9982,"workHomeCommuteMedian":17200},"geometry":{"type":"Polygon","coordinates":[[[-106.38953299272549,31.538471657250245],[-106.38953299272549,31.54746486088749],[-106.38053978908825,31.54746486088749],[-106.38053978908825,31.538471657250245],[-106.38953299272549,31.538471657250245]]]}},{"type":"Feature","properties":{"jobs":748,"pop":0,"pointCount":1,"homeWorkCommuteMedian":-1,"workHomeCommuteMedian":6213},"geometry":{"type":"Polygon","coordinates":[[[-106.38953299272549,31.556458064524737],[-106.38953299272549,31.565451268161983],[-106.38053978908825,31.565451268161983],[-106.38053978908825,31.556458064524737],[-106.38953299272549,31.556458064524737]]]}},{"type":"Feature","properties":{"jobs":399,"pop":1771,"pointCount":2,"homeWorkCommuteMedian":8960,"workHomeCommuteMedian":4023},"geometry":{"type":"Polygon","coordinates":[[[-106.38953299272549,31.565451268161983],[-106.38953299272549,31.57444447179923],[-106.38053978908825,31.57444447179923],[-106.38053978908825,31.565451268161983],[-106.38953299272549,31.565451268161983]]]}},{"type":"Feature","properties":{"jobs":284,"pop":1006,"pointCount":1,"homeWorkCommuteMedian":4804,"workHomeCommuteMedian":7704},"geometry":{"type":"Polygon","coordinates":[[[-106.38953299272549,31.57444447179923],[-106.38953299272549,31.583437675436475],[-106.38053978908825,31.583437675436475],[-106.38053978908825,31.57444447179923],[-106.38953299272549,31.57444447179923]]]}},{"type":"Feature","properties":{"jobs":2979,"pop":4194,"pointCount":6,"homeWorkCommuteMedian":6841,"workHomeCommuteMedian":4150},"geometry":{"type":"Polygon","coordinates":[[[-106.38953299272549,31.583437675436475],[-106.38953299272549,31.59243087907372],[-106.38053978908825,31.59243087907372],[-106.38053978908825,31.583437675436475],[-106.38953299272549,31.583437675436475]]]}},{"type":"Feature","properties":{"jobs":2687,"pop":4511,"pointCount":7,"homeWorkCommuteMedian":6317,"workHomeCommuteMedian":4165},"geometry":{"type":"Polygon","coordinates":[[[-106.38953299272549,31.59243087907372],[-106.38953299272549,31.601424082710967],[-106.38053978908825,31.601424082710967],[-106.38053978908825,31.59243087907372],[-106.38953299272549,31.59243087907372]]]}},{"type":"Feature","properties":{"jobs":2520,"pop":2012,"pointCount":3,"homeWorkCommuteMedian":3058,"workHomeCommuteMedian":3882},"geometry":{"type":"Polygon","coordinates":[[[-106.38953299272549,31.601424082710967],[-106.38953299272549,31.610417286348213],[-106.38053978908825,31.610417286348213],[-106.38053978908825,31.601424082710967],[-106.38953299272549,31.601424082710967]]]}},{"type":"Feature","properties":{"jobs":6306,"pop":5124,"pointCount":7,"homeWorkCommuteMedian":4558,"workHomeCommuteMedian":4122},"geometry":{"type":"Polygon","coordinates":[[[-106.38953299272549,31.610417286348213],[-106.38953299272549,31.61941048998546],[-106.38053978908825,31.61941048998546],[-106.38053978908825,31.610417286348213],[-106.38953299272549,31.610417286348213]]]}},{"type":"Feature","properties":{"jobs":4828,"pop":6075,"pointCount":8,"homeWorkCommuteMedian":5347,"workHomeCommuteMedian":5594},"geometry":{"type":"Polygon","coordinates":[[[-106.38953299272549,31.61941048998546],[-106.38953299272549,31.628403693622705],[-106.38053978908825,31.628403693622705],[-106.38053978908825,31.61941048998546],[-106.38953299272549,31.61941048998546]]]}},{"type":"Feature","properties":{"jobs":11770,"pop":3781,"pointCount":7,"homeWorkCommuteMedian":4886,"workHomeCommuteMedian":4467},"geometry":{"type":"Polygon","coordinates":[[[-106.38953299272549,31.628403693622705],[-106.38953299272549,31.63739689725995],[-106.38053978908825,31.63739689725995],[-106.38053978908825,31.628403693622705],[-106.38953299272549,31.628403693622705]]]}},{"type":"Feature","properties":{"jobs":6775,"pop":4139,"pointCount":8,"homeWorkCommuteMedian":5536,"workHomeCommuteMedian":5430},"geometry":{"type":"Polygon","coordinates":[[[-106.38953299272549,31.63739689725995],[-106.38953299272549,31.646390100897197],[-106.38053978908825,31.646390100897197],[-106.38053978908825,31.63739689725995],[-106.38953299272549,31.63739689725995]]]}},{"type":"Feature","properties":{"jobs":2103,"pop":1905,"pointCount":7,"homeWorkCommuteMedian":4485,"workHomeCommuteMedian":6731},"geometry":{"type":"Polygon","coordinates":[[[-106.38953299272549,31.646390100897197],[-106.38953299272549,31.655383304534443],[-106.38053978908825,31.655383304534443],[-106.38053978908825,31.646390100897197],[-106.38953299272549,31.646390100897197]]]}},{"type":"Feature","properties":{"jobs":2043,"pop":3247,"pointCount":7,"homeWorkCommuteMedian":5902,"workHomeCommuteMedian":5744},"geometry":{"type":"Polygon","coordinates":[[[-106.38953299272549,31.655383304534443],[-106.38953299272549,31.66437650817169],[-106.38053978908825,31.66437650817169],[-106.38053978908825,31.655383304534443],[-106.38953299272549,31.655383304534443]]]}},{"type":"Feature","properties":{"jobs":614,"pop":1833,"pointCount":4,"homeWorkCommuteMedian":5116,"workHomeCommuteMedian":7829},"geometry":{"type":"Polygon","coordinates":[[[-106.38953299272549,31.66437650817169],[-106.38953299272549,31.673369711808935],[-106.38053978908825,31.673369711808935],[-106.38053978908825,31.66437650817169],[-106.38953299272549,31.66437650817169]]]}},{"type":"Feature","properties":{"jobs":958,"pop":2386,"pointCount":4,"homeWorkCommuteMedian":5798,"workHomeCommuteMedian":6467},"geometry":{"type":"Polygon","coordinates":[[[-106.38953299272549,31.673369711808935],[-106.38953299272549,31.68236291544618],[-106.38053978908825,31.68236291544618],[-106.38053978908825,31.673369711808935],[-106.38953299272549,31.673369711808935]]]}},{"type":"Feature","properties":{"jobs":1599,"pop":1478,"pointCount":4,"homeWorkCommuteMedian":6052,"workHomeCommuteMedian":5536},"geometry":{"type":"Polygon","coordinates":[[[-106.38953299272549,31.68236291544618],[-106.38953299272549,31.691356119083427],[-106.38053978908825,31.691356119083427],[-106.38053978908825,31.68236291544618],[-106.38953299272549,31.68236291544618]]]}},{"type":"Feature","properties":{"jobs":1156,"pop":850,"pointCount":3,"homeWorkCommuteMedian":6008,"workHomeCommuteMedian":8487},"geometry":{"type":"Polygon","coordinates":[[[-106.38953299272549,31.691356119083427],[-106.38953299272549,31.700349322720673],[-106.38053978908825,31.700349322720673],[-106.38053978908825,31.691356119083427],[-106.38953299272549,31.691356119083427]]]}},{"type":"Feature","properties":{"jobs":1046,"pop":860,"pointCount":6,"homeWorkCommuteMedian":6940,"workHomeCommuteMedian":9382},"geometry":{"type":"Polygon","coordinates":[[[-106.38953299272549,31.700349322720673],[-106.38953299272549,31.70934252635792],[-106.38053978908825,31.70934252635792],[-106.38053978908825,31.700349322720673],[-106.38953299272549,31.700349322720673]]]}},{"type":"Feature","properties":{"jobs":283,"pop":976,"pointCount":4,"homeWorkCommuteMedian":6025,"workHomeCommuteMedian":11058},"geometry":{"type":"Polygon","coordinates":[[[-106.38953299272549,31.70934252635792],[-106.38953299272549,31.718335729995164],[-106.38053978908825,31.718335729995164],[-106.38053978908825,31.70934252635792],[-106.38953299272549,31.70934252635792]]]}},{"type":"Feature","properties":{"jobs":1437,"pop":2108,"pointCount":3,"homeWorkCommuteMedian":5614,"workHomeCommuteMedian":8127},"geometry":{"type":"Polygon","coordinates":[[[-106.38953299272549,31.718335729995164],[-106.38953299272549,31.72732893363241],[-106.38053978908825,31.72732893363241],[-106.38053978908825,31.718335729995164],[-106.38953299272549,31.718335729995164]]]}},{"type":"Feature","properties":{"jobs":1709,"pop":899,"pointCount":4,"homeWorkCommuteMedian":5060,"workHomeCommuteMedian":13499},"geometry":{"type":"Polygon","coordinates":[[[-106.38953299272549,31.72732893363241],[-106.38953299272549,31.736322137269656],[-106.38053978908825,31.736322137269656],[-106.38053978908825,31.72732893363241],[-106.38953299272549,31.72732893363241]]]}},{"type":"Feature","properties":{"jobs":358,"pop":1925,"pointCount":2,"homeWorkCommuteMedian":11048,"workHomeCommuteMedian":16470},"geometry":{"type":"Polygon","coordinates":[[[-106.38953299272549,31.745315340906902],[-106.38953299272549,31.75430854454415],[-106.38053978908825,31.75430854454415],[-106.38053978908825,31.745315340906902],[-106.38953299272549,31.745315340906902]]]}},{"type":"Feature","properties":{"jobs":2490,"pop":353,"pointCount":3,"homeWorkCommuteMedian":10605,"workHomeCommuteMedian":18848},"geometry":{"type":"Polygon","coordinates":[[[-106.38953299272549,31.763301748181394],[-106.38953299272549,31.77229495181864],[-106.38053978908825,31.77229495181864],[-106.38053978908825,31.763301748181394],[-106.38953299272549,31.763301748181394]]]}},{"type":"Feature","properties":{"jobs":5450,"pop":2164,"pointCount":4,"homeWorkCommuteMedian":11377,"workHomeCommuteMedian":18966},"geometry":{"type":"Polygon","coordinates":[[[-106.38953299272549,31.77229495181864],[-106.38953299272549,31.781288155455886],[-106.38053978908825,31.781288155455886],[-106.38053978908825,31.77229495181864],[-106.38953299272549,31.77229495181864]]]}},{"type":"Feature","properties":{"jobs":1212,"pop":313,"pointCount":2,"homeWorkCommuteMedian":12796,"workHomeCommuteMedian":20236},"geometry":{"type":"Polygon","coordinates":[[[-106.38953299272549,31.790281359093132],[-106.38953299272549,31.79927456273038],[-106.38053978908825,31.79927456273038],[-106.38053978908825,31.790281359093132],[-106.38953299272549,31.790281359093132]]]}},{"type":"Feature","properties":{"jobs":252,"pop":7,"pointCount":1,"homeWorkCommuteMedian":14614,"workHomeCommuteMedian":21911},"geometry":{"type":"Polygon","coordinates":[[[-106.38953299272549,31.81726097000487],[-106.38953299272549,31.826254173642116],[-106.38053978908825,31.826254173642116],[-106.38053978908825,31.81726097000487],[-106.38953299272549,31.81726097000487]]]}},{"type":"Feature","properties":{"jobs":22,"pop":0,"pointCount":1,"homeWorkCommuteMedian":-1,"workHomeCommuteMedian":29643},"geometry":{"type":"Polygon","coordinates":[[[-106.38953299272549,31.84424058091661],[-106.38953299272549,31.853233784553854],[-106.38053978908825,31.853233784553854],[-106.38053978908825,31.84424058091661],[-106.38953299272549,31.84424058091661]]]}},{"type":"Feature","properties":{"jobs":56,"pop":490,"pointCount":1,"homeWorkCommuteMedian":24440,"workHomeCommuteMedian":26109},"geometry":{"type":"Polygon","coordinates":[[[-106.38953299272549,31.925179413651822],[-106.38953299272549,31.934172617289068],[-106.38053978908825,31.934172617289068],[-106.38053978908825,31.925179413651822],[-106.38953299272549,31.925179413651822]]]}},{"type":"Feature","properties":{"jobs":0,"pop":36,"pointCount":1,"homeWorkCommuteMedian":32789,"workHomeCommuteMedian":-1},"geometry":{"type":"Polygon","coordinates":[[[-106.38953299272549,31.943165820926314],[-106.38953299272549,31.95215902456356],[-106.38053978908825,31.95215902456356],[-106.38053978908825,31.943165820926314],[-106.38953299272549,31.943165820926314]]]}},{"type":"Feature","properties":{"jobs":5,"pop":122,"pointCount":1,"homeWorkCommuteMedian":30597,"workHomeCommuteMedian":4613},"geometry":{"type":"Polygon","coordinates":[[[-106.38953299272549,32.01511145002428],[-106.38953299272549,32.024104653661524],[-106.38053978908825,32.024104653661524],[-106.38053978908825,32.01511145002428],[-106.38953299272549,32.01511145002428]]]}},{"type":"Feature","properties":{"jobs":122,"pop":29,"pointCount":1,"homeWorkCommuteMedian":24734,"workHomeCommuteMedian":6676},"geometry":{"type":"Polygon","coordinates":[[[-106.38953299272549,32.03309785729877],[-106.38953299272549,32.042091060936016],[-106.38053978908825,32.042091060936016],[-106.38053978908825,32.03309785729877],[-106.38953299272549,32.03309785729877]]]}},{"type":"Feature","properties":{"jobs":120,"pop":996,"pointCount":1,"homeWorkCommuteMedian":17713,"workHomeCommuteMedian":8956},"geometry":{"type":"Polygon","coordinates":[[[-106.38053978908825,31.520485249975753],[-106.38053978908825,31.529478453613],[-106.371546585451,31.529478453613],[-106.371546585451,31.520485249975753],[-106.38053978908825,31.520485249975753]]]}},{"type":"Feature","properties":{"jobs":256,"pop":861,"pointCount":2,"homeWorkCommuteMedian":9673,"workHomeCommuteMedian":22682},"geometry":{"type":"Polygon","coordinates":[[[-106.38053978908825,31.529478453613],[-106.38053978908825,31.538471657250245],[-106.371546585451,31.538471657250245],[-106.371546585451,31.529478453613],[-106.38053978908825,31.529478453613]]]}},{"type":"Feature","properties":{"jobs":341,"pop":0,"pointCount":4,"homeWorkCommuteMedian":-1,"workHomeCommuteMedian":12229},"geometry":{"type":"Polygon","coordinates":[[[-106.38053978908825,31.538471657250245],[-106.38053978908825,31.54746486088749],[-106.371546585451,31.54746486088749],[-106.371546585451,31.538471657250245],[-106.38053978908825,31.538471657250245]]]}},{"type":"Feature","properties":{"jobs":174,"pop":907,"pointCount":1,"homeWorkCommuteMedian":8817,"workHomeCommuteMedian":11953},"geometry":{"type":"Polygon","coordinates":[[[-106.38053978908825,31.54746486088749],[-106.38053978908825,31.556458064524737],[-106.371546585451,31.556458064524737],[-106.371546585451,31.54746486088749],[-106.38053978908825,31.54746486088749]]]}},{"type":"Feature","properties":{"jobs":5651,"pop":0,"pointCount":1,"homeWorkCommuteMedian":-1,"workHomeCommuteMedian":4537},"geometry":{"type":"Polygon","coordinates":[[[-106.38053978908825,31.556458064524737],[-106.38053978908825,31.565451268161983],[-106.371546585451,31.565451268161983],[-106.371546585451,31.556458064524737],[-106.38053978908825,31.556458064524737]]]}},{"type":"Feature","properties":{"jobs":1196,"pop":4266,"pointCount":4,"homeWorkCommuteMedian":5908,"workHomeCommuteMedian":5963},"geometry":{"type":"Polygon","coordinates":[[[-106.38053978908825,31.57444447179923],[-106.38053978908825,31.583437675436475],[-106.371546585451,31.583437675436475],[-106.371546585451,31.57444447179923],[-106.38053978908825,31.57444447179923]]]}},{"type":"Feature","properties":{"jobs":1767,"pop":5398,"pointCount":7,"homeWorkCommuteMedian":5634,"workHomeCommuteMedian":2796},"geometry":{"type":"Polygon","coordinates":[[[-106.38053978908825,31.583437675436475],[-106.38053978908825,31.59243087907372],[-106.371546585451,31.59243087907372],[-106.371546585451,31.583437675436475],[-106.38053978908825,31.583437675436475]]]}},{"type":"Feature","properties":{"jobs":2206,"pop":2507,"pointCount":4,"homeWorkCommuteMedian":3924,"workHomeCommuteMedian":3501},"geometry":{"type":"Polygon","coordinates":[[[-106.38053978908825,31.59243087907372],[-106.38053978908825,31.601424082710967],[-106.371546585451,31.601424082710967],[-106.371546585451,31.59243087907372],[-106.38053978908825,31.59243087907372]]]}},{"type":"Feature","properties":{"jobs":4160,"pop":2991,"pointCount":3,"homeWorkCommuteMedian":5786,"workHomeCommuteMedian":3668},"geometry":{"type":"Polygon","coordinates":[[[-106.38053978908825,31.601424082710967],[-106.38053978908825,31.610417286348213],[-106.371546585451,31.610417286348213],[-106.371546585451,31.601424082710967],[-106.38053978908825,31.601424082710967]]]}},{"type":"Feature","properties":{"jobs":2478,"pop":6971,"pointCount":8,"homeWorkCommuteMedian":4914,"workHomeCommuteMedian":4705},"geometry":{"type":"Polygon","coordinates":[[[-106.38053978908825,31.610417286348213],[-106.38053978908825,31.61941048998546],[-106.371546585451,31.61941048998546],[-106.371546585451,31.610417286348213],[-106.38053978908825,31.610417286348213]]]}},{"type":"Feature","properties":{"jobs":2090,"pop":7055,"pointCount":8,"homeWorkCommuteMedian":4094,"workHomeCommuteMedian":5197},"geometry":{"type":"Polygon","coordinates":[[[-106.38053978908825,31.61941048998546],[-106.38053978908825,31.628403693622705],[-106.371546585451,31.628403693622705],[-106.371546585451,31.61941048998546],[-106.38053978908825,31.61941048998546]]]}},{"type":"Feature","properties":{"jobs":3311,"pop":4296,"pointCount":9,"homeWorkCommuteMedian":5680,"workHomeCommuteMedian":4770},"geometry":{"type":"Polygon","coordinates":[[[-106.38053978908825,31.628403693622705],[-106.38053978908825,31.63739689725995],[-106.371546585451,31.63739689725995],[-106.371546585451,31.628403693622705],[-106.38053978908825,31.628403693622705]]]}},{"type":"Feature","properties":{"jobs":6128,"pop":8133,"pointCount":8,"homeWorkCommuteMedian":4847,"workHomeCommuteMedian":4762},"geometry":{"type":"Polygon","coordinates":[[[-106.38053978908825,31.63739689725995],[-106.38053978908825,31.646390100897197],[-106.371546585451,31.646390100897197],[-106.371546585451,31.63739689725995],[-106.38053978908825,31.63739689725995]]]}},{"type":"Feature","properties":{"jobs":1213,"pop":1854,"pointCount":3,"homeWorkCommuteMedian":4619,"workHomeCommuteMedian":5780},"geometry":{"type":"Polygon","coordinates":[[[-106.38053978908825,31.646390100897197],[-106.38053978908825,31.655383304534443],[-106.371546585451,31.655383304534443],[-106.371546585451,31.646390100897197],[-106.38053978908825,31.646390100897197]]]}},{"type":"Feature","properties":{"jobs":870,"pop":1724,"pointCount":5,"homeWorkCommuteMedian":6963,"workHomeCommuteMedian":5771},"geometry":{"type":"Polygon","coordinates":[[[-106.38053978908825,31.655383304534443],[-106.38053978908825,31.66437650817169],[-106.371546585451,31.66437650817169],[-106.371546585451,31.655383304534443],[-106.38053978908825,31.655383304534443]]]}},{"type":"Feature","properties":{"jobs":1234,"pop":2071,"pointCount":5,"homeWorkCommuteMedian":5349,"workHomeCommuteMedian":7424},"geometry":{"type":"Polygon","coordinates":[[[-106.38053978908825,31.66437650817169],[-106.38053978908825,31.673369711808935],[-106.371546585451,31.673369711808935],[-106.371546585451,31.66437650817169],[-106.38053978908825,31.66437650817169]]]}},{"type":"Feature","properties":{"jobs":1531,"pop":1100,"pointCount":8,"homeWorkCommuteMedian":5542,"workHomeCommuteMedian":7031},"geometry":{"type":"Polygon","coordinates":[[[-106.38053978908825,31.673369711808935],[-106.38053978908825,31.68236291544618],[-106.371546585451,31.68236291544618],[-106.371546585451,31.673369711808935],[-106.38053978908825,31.673369711808935]]]}},{"type":"Feature","properties":{"jobs":3249,"pop":808,"pointCount":7,"homeWorkCommuteMedian":6690,"workHomeCommuteMedian":8606},"geometry":{"type":"Polygon","coordinates":[[[-106.38053978908825,31.68236291544618],[-106.38053978908825,31.691356119083427],[-106.371546585451,31.691356119083427],[-106.371546585451,31.68236291544618],[-106.38053978908825,31.68236291544618]]]}},{"type":"Feature","properties":{"jobs":2068,"pop":1901,"pointCount":4,"homeWorkCommuteMedian":8011,"workHomeCommuteMedian":6514},"geometry":{"type":"Polygon","coordinates":[[[-106.38053978908825,31.691356119083427],[-106.38053978908825,31.700349322720673],[-106.371546585451,31.700349322720673],[-106.371546585451,31.691356119083427],[-106.38053978908825,31.691356119083427]]]}},{"type":"Feature","properties":{"jobs":2573,"pop":0,"pointCount":3,"homeWorkCommuteMedian":-1,"workHomeCommuteMedian":7670},"geometry":{"type":"Polygon","coordinates":[[[-106.38053978908825,31.700349322720673],[-106.38053978908825,31.70934252635792],[-106.371546585451,31.70934252635792],[-106.371546585451,31.700349322720673],[-106.38053978908825,31.700349322720673]]]}},{"type":"Feature","properties":{"jobs":707,"pop":1492,"pointCount":3,"homeWorkCommuteMedian":5674,"workHomeCommuteMedian":11480},"geometry":{"type":"Polygon","coordinates":[[[-106.38053978908825,31.70934252635792],[-106.38053978908825,31.718335729995164],[-106.371546585451,31.718335729995164],[-106.371546585451,31.70934252635792],[-106.38053978908825,31.70934252635792]]]}},{"type":"Feature","properties":{"jobs":385,"pop":1374,"pointCount":2,"homeWorkCommuteMedian":11194,"workHomeCommuteMedian":18884},"geometry":{"type":"Polygon","coordinates":[[[-106.38053978908825,31.736322137269656],[-106.38053978908825,31.745315340906902],[-106.371546585451,31.745315340906902],[-106.371546585451,31.736322137269656],[-106.38053978908825,31.736322137269656]]]}},{"type":"Feature","properties":{"jobs":573,"pop":202,"pointCount":1,"homeWorkCommuteMedian":11502,"workHomeCommuteMedian":18097},"geometry":{"type":"Polygon","coordinates":[[[-106.38053978908825,31.745315340906902],[-106.38053978908825,31.75430854454415],[-106.371546585451,31.75430854454415],[-106.371546585451,31.745315340906902],[-106.38053978908825,31.745315340906902]]]}},{"type":"Feature","properties":{"jobs":434,"pop":167,"pointCount":2,"homeWorkCommuteMedian":11687,"workHomeCommuteMedian":19366},"geometry":{"type":"Polygon","coordinates":[[[-106.38053978908825,31.75430854454415],[-106.38053978908825,31.763301748181394],[-106.371546585451,31.763301748181394],[-106.371546585451,31.75430854454415],[-106.38053978908825,31.75430854454415]]]}},{"type":"Feature","properties":{"jobs":1697,"pop":809,"pointCount":4,"homeWorkCommuteMedian":11529,"workHomeCommuteMedian":18424},"geometry":{"type":"Polygon","coordinates":[[[-106.38053978908825,31.763301748181394],[-106.38053978908825,31.77229495181864],[-106.371546585451,31.77229495181864],[-106.371546585451,31.763301748181394],[-106.38053978908825,31.763301748181394]]]}},{"type":"Feature","properties":{"jobs":5094,"pop":1736,"pointCount":3,"homeWorkCommuteMedian":10171,"workHomeCommuteMedian":17860},"geometry":{"type":"Polygon","coordinates":[[[-106.38053978908825,31.77229495181864],[-106.38053978908825,31.781288155455886],[-106.371546585451,31.781288155455886],[-106.371546585451,31.77229495181864],[-106.38053978908825,31.77229495181864]]]}},{"type":"Feature","properties":{"jobs":354,"pop":174,"pointCount":1,"homeWorkCommuteMedian":12248,"workHomeCommuteMedian":17761},"geometry":{"type":"Polygon","coordinates":[[[-106.38053978908825,31.781288155455886],[-106.38053978908825,31.790281359093132],[-106.371546585451,31.790281359093132],[-106.371546585451,31.781288155455886],[-106.38053978908825,31.781288155455886]]]}},{"type":"Feature","properties":{"jobs":989,"pop":16,"pointCount":2,"homeWorkCommuteMedian":11678,"workHomeCommuteMedian":19309},"geometry":{"type":"Polygon","coordinates":[[[-106.38053978908825,31.790281359093132],[-106.38053978908825,31.79927456273038],[-106.371546585451,31.79927456273038],[-106.371546585451,31.790281359093132],[-106.38053978908825,31.790281359093132]]]}},{"type":"Feature","properties":{"jobs":175,"pop":18,"pointCount":1,"homeWorkCommuteMedian":14191,"workHomeCommuteMedian":22880},"geometry":{"type":"Polygon","coordinates":[[[-106.38053978908825,31.826254173642116],[-106.38053978908825,31.835247377279362],[-106.371546585451,31.835247377279362],[-106.371546585451,31.826254173642116],[-106.38053978908825,31.826254173642116]]]}},{"type":"Feature","properties":{"jobs":669,"pop":539,"pointCount":2,"homeWorkCommuteMedian":23296,"workHomeCommuteMedian":26766},"geometry":{"type":"Polygon","coordinates":[[[-106.38053978908825,31.916186210014576],[-106.38053978908825,31.925179413651822],[-106.371546585451,31.925179413651822],[-106.371546585451,31.916186210014576],[-106.38053978908825,31.916186210014576]]]}},{"type":"Feature","properties":{"jobs":203,"pop":327,"pointCount":1,"homeWorkCommuteMedian":27549,"workHomeCommuteMedian":32220},"geometry":{"type":"Polygon","coordinates":[[[-106.38053978908825,31.934172617289068],[-106.38053978908825,31.943165820926314],[-106.371546585451,31.943165820926314],[-106.371546585451,31.934172617289068],[-106.38053978908825,31.934172617289068]]]}},{"type":"Feature","properties":{"jobs":64,"pop":861,"pointCount":1,"homeWorkCommuteMedian":28611,"workHomeCommuteMedian":29648},"geometry":{"type":"Polygon","coordinates":[[[-106.38053978908825,31.943165820926314],[-106.38053978908825,31.95215902456356],[-106.371546585451,31.95215902456356],[-106.371546585451,31.943165820926314],[-106.38053978908825,31.943165820926314]]]}},{"type":"Feature","properties":{"jobs":6,"pop":227,"pointCount":1,"homeWorkCommuteMedian":25295,"workHomeCommuteMedian":1844},"geometry":{"type":"Polygon","coordinates":[[[-106.38053978908825,32.024104653661524],[-106.38053978908825,32.03309785729877],[-106.371546585451,32.03309785729877],[-106.371546585451,32.024104653661524],[-106.38053978908825,32.024104653661524]]]}},{"type":"Feature","properties":{"jobs":148,"pop":0,"pointCount":1,"homeWorkCommuteMedian":-1,"workHomeCommuteMedian":28322},"geometry":{"type":"Polygon","coordinates":[[[-106.371546585451,31.520485249975753],[-106.371546585451,31.529478453613],[-106.36255338181375,31.529478453613],[-106.36255338181375,31.520485249975753],[-106.371546585451,31.520485249975753]]]}},{"type":"Feature","properties":{"jobs":125,"pop":82,"pointCount":1,"homeWorkCommuteMedian":27203,"workHomeCommuteMedian":11938},"geometry":{"type":"Polygon","coordinates":[[[-106.371546585451,31.529478453613],[-106.371546585451,31.538471657250245],[-106.36255338181375,31.538471657250245],[-106.36255338181375,31.529478453613],[-106.371546585451,31.529478453613]]]}},{"type":"Feature","properties":{"jobs":1372,"pop":3727,"pointCount":5,"homeWorkCommuteMedian":10965,"workHomeCommuteMedian":4452},"geometry":{"type":"Polygon","coordinates":[[[-106.371546585451,31.538471657250245],[-106.371546585451,31.54746486088749],[-106.36255338181375,31.54746486088749],[-106.36255338181375,31.538471657250245],[-106.371546585451,31.538471657250245]]]}},{"type":"Feature","properties":{"jobs":252,"pop":650,"pointCount":2,"homeWorkCommuteMedian":15564,"workHomeCommuteMedian":9732},"geometry":{"type":"Polygon","coordinates":[[[-106.371546585451,31.54746486088749],[-106.371546585451,31.556458064524737],[-106.36255338181375,31.556458064524737],[-106.36255338181375,31.54746486088749],[-106.371546585451,31.54746486088749]]]}},{"type":"Feature","properties":{"jobs":1760,"pop":0,"pointCount":1,"homeWorkCommuteMedian":-1,"workHomeCommuteMedian":6143},"geometry":{"type":"Polygon","coordinates":[[[-106.371546585451,31.556458064524737],[-106.371546585451,31.565451268161983],[-106.36255338181375,31.565451268161983],[-106.36255338181375,31.556458064524737],[-106.371546585451,31.556458064524737]]]}},{"type":"Feature","properties":{"jobs":174,"pop":671,"pointCount":2,"homeWorkCommuteMedian":16045,"workHomeCommuteMedian":2446},"geometry":{"type":"Polygon","coordinates":[[[-106.371546585451,31.565451268161983],[-106.371546585451,31.57444447179923],[-106.36255338181375,31.57444447179923],[-106.36255338181375,31.565451268161983],[-106.371546585451,31.565451268161983]]]}},{"type":"Feature","properties":{"jobs":1571,"pop":6705,"pointCount":7,"homeWorkCommuteMedian":5997,"workHomeCommuteMedian":5852},"geometry":{"type":"Polygon","coordinates":[[[-106.371546585451,31.57444447179923],[-106.371546585451,31.583437675436475],[-106.36255338181375,31.583437675436475],[-106.36255338181375,31.57444447179923],[-106.371546585451,31.57444447179923]]]}},{"type":"Feature","properties":{"jobs":2118,"pop":6464,"pointCount":6,"homeWorkCommuteMedian":5349,"workHomeCommuteMedian":3732},"geometry":{"type":"Polygon","coordinates":[[[-106.371546585451,31.583437675436475],[-106.371546585451,31.59243087907372],[-106.36255338181375,31.59243087907372],[-106.36255338181375,31.583437675436475],[-106.371546585451,31.583437675436475]]]}},{"type":"Feature","properties":{"jobs":2115,"pop":6178,"pointCount":8,"homeWorkCommuteMedian":5434,"workHomeCommuteMedian":3299},"geometry":{"type":"Polygon","coordinates":[[[-106.371546585451,31.59243087907372],[-106.371546585451,31.601424082710967],[-106.36255338181375,31.601424082710967],[-106.36255338181375,31.59243087907372],[-106.371546585451,31.59243087907372]]]}},{"type":"Feature","properties":{"jobs":6014,"pop":2582,"pointCount":4,"homeWorkCommuteMedian":4917,"workHomeCommuteMedian":3369},"geometry":{"type":"Polygon","coordinates":[[[-106.371546585451,31.601424082710967],[-106.371546585451,31.610417286348213],[-106.36255338181375,31.610417286348213],[-106.36255338181375,31.601424082710967],[-106.371546585451,31.601424082710967]]]}},{"type":"Feature","properties":{"jobs":16694,"pop":674,"pointCount":5,"homeWorkCommuteMedian":8351,"workHomeCommuteMedian":3562},"geometry":{"type":"Polygon","coordinates":[[[-106.371546585451,31.610417286348213],[-106.371546585451,31.61941048998546],[-106.36255338181375,31.61941048998546],[-106.36255338181375,31.610417286348213],[-106.371546585451,31.610417286348213]]]}},{"type":"Feature","properties":{"jobs":4894,"pop":3197,"pointCount":6,"homeWorkCommuteMedian":4414,"workHomeCommuteMedian":4449},"geometry":{"type":"Polygon","coordinates":[[[-106.371546585451,31.61941048998546],[-106.371546585451,31.628403693622705],[-106.36255338181375,31.628403693622705],[-106.36255338181375,31.61941048998546],[-106.371546585451,31.61941048998546]]]}},{"type":"Feature","properties":{"jobs":9303,"pop":5957,"pointCount":8,"homeWorkCommuteMedian":4716,"workHomeCommuteMedian":4880},"geometry":{"type":"Polygon","coordinates":[[[-106.371546585451,31.628403693622705],[-106.371546585451,31.63739689725995],[-106.36255338181375,31.63739689725995],[-106.36255338181375,31.628403693622705],[-106.371546585451,31.628403693622705]]]}},{"type":"Feature","properties":{"jobs":2163,"pop":4613,"pointCount":7,"homeWorkCommuteMedian":6712,"workHomeCommuteMedian":5157},"geometry":{"type":"Polygon","coordinates":[[[-106.371546585451,31.63739689725995],[-106.371546585451,31.646390100897197],[-106.36255338181375,31.646390100897197],[-106.36255338181375,31.63739689725995],[-106.371546585451,31.63739689725995]]]}},{"type":"Feature","properties":{"jobs":339,"pop":1097,"pointCount":1,"homeWorkCommuteMedian":5053,"workHomeCommuteMedian":8364},"geometry":{"type":"Polygon","coordinates":[[[-106.371546585451,31.646390100897197],[-106.371546585451,31.655383304534443],[-106.36255338181375,31.655383304534443],[-106.36255338181375,31.646390100897197],[-106.371546585451,31.646390100897197]]]}},{"type":"Feature","properties":{"jobs":473,"pop":908,"pointCount":4,"homeWorkCommuteMedian":6147,"workHomeCommuteMedian":3965},"geometry":{"type":"Polygon","coordinates":[[[-106.371546585451,31.655383304534443],[-106.371546585451,31.66437650817169],[-106.36255338181375,31.66437650817169],[-106.36255338181375,31.655383304534443],[-106.371546585451,31.655383304534443]]]}},{"type":"Feature","properties":{"jobs":491,"pop":883,"pointCount":4,"homeWorkCommuteMedian":6747,"workHomeCommuteMedian":7773},"geometry":{"type":"Polygon","coordinates":[[[-106.371546585451,31.66437650817169],[-106.371546585451,31.673369711808935],[-106.36255338181375,31.673369711808935],[-106.36255338181375,31.66437650817169],[-106.371546585451,31.66437650817169]]]}},{"type":"Feature","properties":{"jobs":1730,"pop":4193,"pointCount":7,"homeWorkCommuteMedian":6722,"workHomeCommuteMedian":10032},"geometry":{"type":"Polygon","coordinates":[[[-106.371546585451,31.673369711808935],[-106.371546585451,31.68236291544618],[-106.36255338181375,31.68236291544618],[-106.36255338181375,31.673369711808935],[-106.371546585451,31.673369711808935]]]}},{"type":"Feature","properties":{"jobs":960,"pop":2832,"pointCount":7,"homeWorkCommuteMedian":7448,"workHomeCommuteMedian":9488},"geometry":{"type":"Polygon","coordinates":[[[-106.371546585451,31.68236291544618],[-106.371546585451,31.691356119083427],[-106.36255338181375,31.691356119083427],[-106.36255338181375,31.68236291544618],[-106.371546585451,31.68236291544618]]]}},{"type":"Feature","properties":{"jobs":763,"pop":2706,"pointCount":3,"homeWorkCommuteMedian":6758,"workHomeCommuteMedian":10110},"geometry":{"type":"Polygon","coordinates":[[[-106.371546585451,31.691356119083427],[-106.371546585451,31.700349322720673],[-106.36255338181375,31.700349322720673],[-106.36255338181375,31.691356119083427],[-106.371546585451,31.691356119083427]]]}},{"type":"Feature","properties":{"jobs":64,"pop":30,"pointCount":1,"homeWorkCommuteMedian":11753,"workHomeCommuteMedian":10002},"geometry":{"type":"Polygon","coordinates":[[[-106.371546585451,31.700349322720673],[-106.371546585451,31.70934252635792],[-106.36255338181375,31.70934252635792],[-106.36255338181375,31.700349322720673],[-106.371546585451,31.700349322720673]]]}},{"type":"Feature","properties":{"jobs":120,"pop":757,"pointCount":1,"homeWorkCommuteMedian":13864,"workHomeCommuteMedian":16499},"geometry":{"type":"Polygon","coordinates":[[[-106.371546585451,31.718335729995164],[-106.371546585451,31.72732893363241],[-106.36255338181375,31.72732893363241],[-106.36255338181375,31.718335729995164],[-106.371546585451,31.718335729995164]]]}},{"type":"Feature","properties":{"jobs":141,"pop":341,"pointCount":1,"homeWorkCommuteMedian":12901,"workHomeCommuteMedian":16170},"geometry":{"type":"Polygon","coordinates":[[[-106.371546585451,31.72732893363241],[-106.371546585451,31.736322137269656],[-106.36255338181375,31.736322137269656],[-106.36255338181375,31.72732893363241],[-106.371546585451,31.72732893363241]]]}},{"type":"Feature","properties":{"jobs":1430,"pop":834,"pointCount":1,"homeWorkCommuteMedian":12069,"workHomeCommuteMedian":16866},"geometry":{"type":"Polygon","coordinates":[[[-106.371546585451,31.745315340906902],[-106.371546585451,31.75430854454415],[-106.36255338181375,31.75430854454415],[-106.36255338181375,31.745315340906902],[-106.371546585451,31.745315340906902]]]}},{"type":"Feature","properties":{"jobs":50,"pop":869,"pointCount":2,"homeWorkCommuteMedian":13316,"workHomeCommuteMedian":12712},"geometry":{"type":"Polygon","coordinates":[[[-106.371546585451,31.75430854454415],[-106.371546585451,31.763301748181394],[-106.36255338181375,31.763301748181394],[-106.36255338181375,31.75430854454415],[-106.371546585451,31.75430854454415]]]}},{"type":"Feature","properties":{"jobs":1617,"pop":804,"pointCount":3,"homeWorkCommuteMedian":11974,"workHomeCommuteMedian":16964},"geometry":{"type":"Polygon","coordinates":[[[-106.371546585451,31.763301748181394],[-106.371546585451,31.77229495181864],[-106.36255338181375,31.77229495181864],[-106.36255338181375,31.763301748181394],[-106.371546585451,31.763301748181394]]]}},{"type":"Feature","properties":{"jobs":2512,"pop":1517,"pointCount":1,"homeWorkCommuteMedian":11622,"workHomeCommuteMedian":17410},"geometry":{"type":"Polygon","coordinates":[[[-106.371546585451,31.77229495181864],[-106.371546585451,31.781288155455886],[-106.36255338181375,31.781288155455886],[-106.36255338181375,31.77229495181864],[-106.371546585451,31.77229495181864]]]}},{"type":"Feature","properties":{"jobs":99,"pop":203,"pointCount":1,"homeWorkCommuteMedian":11410,"workHomeCommuteMedian":20331},"geometry":{"type":"Polygon","coordinates":[[[-106.371546585451,31.781288155455886],[-106.371546585451,31.790281359093132],[-106.36255338181375,31.790281359093132],[-106.36255338181375,31.781288155455886],[-106.371546585451,31.781288155455886]]]}},{"type":"Feature","properties":{"jobs":867,"pop":78,"pointCount":3,"homeWorkCommuteMedian":22528,"workHomeCommuteMedian":18252},"geometry":{"type":"Polygon","coordinates":[[[-106.371546585451,31.790281359093132],[-106.371546585451,31.79927456273038],[-106.36255338181375,31.79927456273038],[-106.36255338181375,31.790281359093132],[-106.371546585451,31.790281359093132]]]}},{"type":"Feature","properties":{"jobs":5989,"pop":304,"pointCount":1,"homeWorkCommuteMedian":19055,"workHomeCommuteMedian":20672},"geometry":{"type":"Polygon","coordinates":[[[-106.371546585451,31.79927456273038],[-106.371546585451,31.808267766367624],[-106.36255338181375,31.808267766367624],[-106.36255338181375,31.79927456273038],[-106.371546585451,31.79927456273038]]]}},{"type":"Feature","properties":{"jobs":92,"pop":0,"pointCount":1,"homeWorkCommuteMedian":-1,"workHomeCommuteMedian":24361},"geometry":{"type":"Polygon","coordinates":[[[-106.371546585451,31.826254173642116],[-106.371546585451,31.835247377279362],[-106.36255338181375,31.835247377279362],[-106.36255338181375,31.826254173642116],[-106.371546585451,31.826254173642116]]]}},{"type":"Feature","properties":{"jobs":0,"pop":0,"pointCount":1,"homeWorkCommuteMedian":-1,"workHomeCommuteMedian":-1},"geometry":{"type":"Polygon","coordinates":[[[-106.371546585451,31.889206599102838],[-106.371546585451,31.898199802740084],[-106.36255338181375,31.898199802740084],[-106.36255338181375,31.889206599102838],[-106.371546585451,31.889206599102838]]]}},{"type":"Feature","properties":{"jobs":113,"pop":1419,"pointCount":1,"homeWorkCommuteMedian":31482,"workHomeCommuteMedian":32960},"geometry":{"type":"Polygon","coordinates":[[[-106.371546585451,31.95215902456356],[-106.371546585451,31.961152228200806],[-106.36255338181375,31.961152228200806],[-106.36255338181375,31.95215902456356],[-106.371546585451,31.95215902456356]]]}},{"type":"Feature","properties":{"jobs":26,"pop":21,"pointCount":1,"homeWorkCommuteMedian":27615,"workHomeCommuteMedian":40048},"geometry":{"type":"Polygon","coordinates":[[[-106.371546585451,32.00611824638703],[-106.371546585451,32.01511145002428],[-106.36255338181375,32.01511145002428],[-106.36255338181375,32.00611824638703],[-106.371546585451,32.00611824638703]]]}},{"type":"Feature","properties":{"jobs":1,"pop":32,"pointCount":1,"homeWorkCommuteMedian":27810,"workHomeCommuteMedian":6060},"geometry":{"type":"Polygon","coordinates":[[[-106.371546585451,32.01511145002428],[-106.371546585451,32.024104653661524],[-106.36255338181375,32.024104653661524],[-106.36255338181375,32.01511145002428],[-106.371546585451,32.01511145002428]]]}},{"type":"Feature","properties":{"jobs":1741,"pop":4041,"pointCount":5,"homeWorkCommuteMedian":9168,"workHomeCommuteMedian":8637},"geometry":{"type":"Polygon","coordinates":[[[-106.36255338181375,31.538471657250245],[-106.36255338181375,31.54746486088749],[-106.35356017817651,31.54746486088749],[-106.35356017817651,31.538471657250245],[-106.36255338181375,31.538471657250245]]]}},{"type":"Feature","properties":{"jobs":994,"pop":3033,"pointCount":4,"homeWorkCommuteMedian":8000,"workHomeCommuteMedian":7702},"geometry":{"type":"Polygon","coordinates":[[[-106.36255338181375,31.54746486088749],[-106.36255338181375,31.556458064524737],[-106.35356017817651,31.556458064524737],[-106.35356017817651,31.54746486088749],[-106.36255338181375,31.54746486088749]]]}},{"type":"Feature","properties":{"jobs":582,"pop":2136,"pointCount":3,"homeWorkCommuteMedian":8223,"workHomeCommuteMedian":7340},"geometry":{"type":"Polygon","coordinates":[[[-106.36255338181375,31.565451268161983],[-106.36255338181375,31.57444447179923],[-106.35356017817651,31.57444447179923],[-106.35356017817651,31.565451268161983],[-106.36255338181375,31.565451268161983]]]}},{"type":"Feature","properties":{"jobs":1402,"pop":2674,"pointCount":5,"homeWorkCommuteMedian":4626,"workHomeCommuteMedian":5007},"geometry":{"type":"Polygon","coordinates":[[[-106.36255338181375,31.57444447179923],[-106.36255338181375,31.583437675436475],[-106.35356017817651,31.583437675436475],[-106.35356017817651,31.57444447179923],[-106.36255338181375,31.57444447179923]]]}},{"type":"Feature","properties":{"jobs":1735,"pop":4476,"pointCount":6,"homeWorkCommuteMedian":4148,"workHomeCommuteMedian":3673},"geometry":{"type":"Polygon","coordinates":[[[-106.36255338181375,31.583437675436475],[-106.36255338181375,31.59243087907372],[-106.35356017817651,31.59243087907372],[-106.35356017817651,31.583437675436475],[-106.36255338181375,31.583437675436475]]]}},{"type":"Feature","properties":{"jobs":2671,"pop":9604,"pointCount":9,"homeWorkCommuteMedian":5268,"workHomeCommuteMedian":5122},"geometry":{"type":"Polygon","coordinates":[[[-106.36255338181375,31.59243087907372],[-106.36255338181375,31.601424082710967],[-106.35356017817651,31.601424082710967],[-106.35356017817651,31.59243087907372],[-106.36255338181375,31.59243087907372]]]}},{"type":"Feature","properties":{"jobs":2713,"pop":6263,"pointCount":8,"homeWorkCommuteMedian":5636,"workHomeCommuteMedian":4421},"geometry":{"type":"Polygon","coordinates":[[[-106.36255338181375,31.601424082710967],[-106.36255338181375,31.610417286348213],[-106.35356017817651,31.610417286348213],[-106.35356017817651,31.601424082710967],[-106.36255338181375,31.601424082710967]]]}},{"type":"Feature","properties":{"jobs":5600,"pop":844,"pointCount":6,"homeWorkCommuteMedian":4611,"workHomeCommuteMedian":4196},"geometry":{"type":"Polygon","coordinates":[[[-106.36255338181375,31.610417286348213],[-106.36255338181375,31.61941048998546],[-106.35356017817651,31.61941048998546],[-106.35356017817651,31.610417286348213],[-106.36255338181375,31.610417286348213]]]}},{"type":"Feature","properties":{"jobs":8112,"pop":3567,"pointCount":5,"homeWorkCommuteMedian":3483,"workHomeCommuteMedian":4839},"geometry":{"type":"Polygon","coordinates":[[[-106.36255338181375,31.61941048998546],[-106.36255338181375,31.628403693622705],[-106.35356017817651,31.628403693622705],[-106.35356017817651,31.61941048998546],[-106.36255338181375,31.61941048998546]]]}},{"type":"Feature","properties":{"jobs":3950,"pop":5017,"pointCount":5,"homeWorkCommuteMedian":3778,"workHomeCommuteMedian":4710},"geometry":{"type":"Polygon","coordinates":[[[-106.36255338181375,31.628403693622705],[-106.36255338181375,31.63739689725995],[-106.35356017817651,31.63739689725995],[-106.35356017817651,31.628403693622705],[-106.36255338181375,31.628403693622705]]]}},{"type":"Feature","properties":{"jobs":1756,"pop":3624,"pointCount":3,"homeWorkCommuteMedian":6847,"workHomeCommuteMedian":4960},"geometry":{"type":"Polygon","coordinates":[[[-106.36255338181375,31.63739689725995],[-106.36255338181375,31.646390100897197],[-106.35356017817651,31.646390100897197],[-106.35356017817651,31.63739689725995],[-106.36255338181375,31.63739689725995]]]}},{"type":"Feature","properties":{"jobs":1958,"pop":1723,"pointCount":5,"homeWorkCommuteMedian":6847,"workHomeCommuteMedian":6841},"geometry":{"type":"Polygon","coordinates":[[[-106.36255338181375,31.646390100897197],[-106.36255338181375,31.655383304534443],[-106.35356017817651,31.655383304534443],[-106.35356017817651,31.646390100897197],[-106.36255338181375,31.646390100897197]]]}},{"type":"Feature","properties":{"jobs":1507,"pop":147,"pointCount":8,"homeWorkCommuteMedian":5808,"workHomeCommuteMedian":6644},"geometry":{"type":"Polygon","coordinates":[[[-106.36255338181375,31.655383304534443],[-106.36255338181375,31.66437650817169],[-106.35356017817651,31.66437650817169],[-106.35356017817651,31.655383304534443],[-106.36255338181375,31.655383304534443]]]}},{"type":"Feature","properties":{"jobs":2712,"pop":1106,"pointCount":4,"homeWorkCommuteMedian":5480,"workHomeCommuteMedian":7356},"geometry":{"type":"Polygon","coordinates":[[[-106.36255338181375,31.66437650817169],[-106.36255338181375,31.673369711808935],[-106.35356017817651,31.673369711808935],[-106.35356017817651,31.66437650817169],[-106.36255338181375,31.66437650817169]]]}},{"type":"Feature","properties":{"jobs":565,"pop":1154,"pointCount":5,"homeWorkCommuteMedian":6017,"workHomeCommuteMedian":9450},"geometry":{"type":"Polygon","coordinates":[[[-106.36255338181375,31.673369711808935],[-106.36255338181375,31.68236291544618],[-106.35356017817651,31.68236291544618],[-106.35356017817651,31.673369711808935],[-106.36255338181375,31.673369711808935]]]}},{"type":"Feature","properties":{"jobs":515,"pop":2461,"pointCount":4,"homeWorkCommuteMedian":8231,"workHomeCommuteMedian":11283},"geometry":{"type":"Polygon","coordinates":[[[-106.36255338181375,31.68236291544618],[-106.36255338181375,31.691356119083427],[-106.35356017817651,31.691356119083427],[-106.35356017817651,31.68236291544618],[-106.36255338181375,31.68236291544618]]]}},{"type":"Feature","properties":{"jobs":826,"pop":1447,"pointCount":6,"homeWorkCommuteMedian":8266,"workHomeCommuteMedian":8976},"geometry":{"type":"Polygon","coordinates":[[[-106.36255338181375,31.691356119083427],[-106.36255338181375,31.700349322720673],[-106.35356017817651,31.700349322720673],[-106.35356017817651,31.691356119083427],[-106.36255338181375,31.691356119083427]]]}},{"type":"Feature","properties":{"jobs":882,"pop":1729,"pointCount":1,"homeWorkCommuteMedian":12301,"workHomeCommuteMedian":16071},"geometry":{"type":"Polygon","coordinates":[[[-106.36255338181375,31.718335729995164],[-106.36255338181375,31.72732893363241],[-106.35356017817651,31.72732893363241],[-106.35356017817651,31.718335729995164],[-106.36255338181375,31.718335729995164]]]}},{"type":"Feature","properties":{"jobs":193,"pop":1141,"pointCount":2,"homeWorkCommuteMedian":13818,"workHomeCommuteMedian":15844},"geometry":{"type":"Polygon","coordinates":[[[-106.36255338181375,31.72732893363241],[-106.36255338181375,31.736322137269656],[-106.35356017817651,31.736322137269656],[-106.35356017817651,31.72732893363241],[-106.36255338181375,31.72732893363241]]]}},{"type":"Feature","properties":{"jobs":432,"pop":824,"pointCount":1,"homeWorkCommuteMedian":14276,"workHomeCommuteMedian":15376},"geometry":{"type":"Polygon","coordinates":[[[-106.36255338181375,31.736322137269656],[-106.36255338181375,31.745315340906902],[-106.35356017817651,31.745315340906902],[-106.35356017817651,31.736322137269656],[-106.36255338181375,31.736322137269656]]]}},{"type":"Feature","properties":{"jobs":33,"pop":852,"pointCount":1,"homeWorkCommuteMedian":11631,"workHomeCommuteMedian":14841},"geometry":{"type":"Polygon","coordinates":[[[-106.36255338181375,31.745315340906902],[-106.36255338181375,31.75430854454415],[-106.35356017817651,31.75430854454415],[-106.35356017817651,31.745315340906902],[-106.36255338181375,31.745315340906902]]]}},{"type":"Feature","properties":{"jobs":11157,"pop":2052,"pointCount":3,"homeWorkCommuteMedian":12082,"workHomeCommuteMedian":15082},"geometry":{"type":"Polygon","coordinates":[[[-106.36255338181375,31.75430854454415],[-106.36255338181375,31.763301748181394],[-106.35356017817651,31.763301748181394],[-106.35356017817651,31.75430854454415],[-106.36255338181375,31.75430854454415]]]}},{"type":"Feature","properties":{"jobs":790,"pop":1141,"pointCount":2,"homeWorkCommuteMedian":14494,"workHomeCommuteMedian":17283},"geometry":{"type":"Polygon","coordinates":[[[-106.36255338181375,31.763301748181394],[-106.36255338181375,31.77229495181864],[-106.35356017817651,31.77229495181864],[-106.35356017817651,31.763301748181394],[-106.36255338181375,31.763301748181394]]]}},{"type":"Feature","properties":{"jobs":60,"pop":966,"pointCount":2,"homeWorkCommuteMedian":14687,"workHomeCommuteMedian":14912},"geometry":{"type":"Polygon","coordinates":[[[-106.36255338181375,31.77229495181864],[-106.36255338181375,31.781288155455886],[-106.35356017817651,31.781288155455886],[-106.35356017817651,31.77229495181864],[-106.36255338181375,31.77229495181864]]]}},{"type":"Feature","properties":{"jobs":49,"pop":670,"pointCount":1,"homeWorkCommuteMedian":10893,"workHomeCommuteMedian":15280},"geometry":{"type":"Polygon","coordinates":[[[-106.36255338181375,31.781288155455886],[-106.36255338181375,31.790281359093132],[-106.35356017817651,31.790281359093132],[-106.35356017817651,31.781288155455886],[-106.36255338181375,31.781288155455886]]]}},{"type":"Feature","properties":{"jobs":1588,"pop":15,"pointCount":2,"homeWorkCommuteMedian":21967,"workHomeCommuteMedian":17527},"geometry":{"type":"Polygon","coordinates":[[[-106.36255338181375,31.790281359093132],[-106.36255338181375,31.79927456273038],[-106.35356017817651,31.79927456273038],[-106.35356017817651,31.790281359093132],[-106.36255338181375,31.790281359093132]]]}},{"type":"Feature","properties":{"jobs":88,"pop":0,"pointCount":1,"homeWorkCommuteMedian":-1,"workHomeCommuteMedian":17691},"geometry":{"type":"Polygon","coordinates":[[[-106.36255338181375,31.826254173642116],[-106.36255338181375,31.835247377279362],[-106.35356017817651,31.835247377279362],[-106.35356017817651,31.826254173642116],[-106.36255338181375,31.826254173642116]]]}},{"type":"Feature","properties":{"jobs":429,"pop":2,"pointCount":2,"homeWorkCommuteMedian":20234,"workHomeCommuteMedian":19379},"geometry":{"type":"Polygon","coordinates":[[[-106.36255338181375,31.84424058091661],[-106.36255338181375,31.853233784553854],[-106.35356017817651,31.853233784553854],[-106.35356017817651,31.84424058091661],[-106.36255338181375,31.84424058091661]]]}},{"type":"Feature","properties":{"jobs":0,"pop":2,"pointCount":1,"homeWorkCommuteMedian":23219,"workHomeCommuteMedian":-1},"geometry":{"type":"Polygon","coordinates":[[[-106.36255338181375,31.916186210014576],[-106.36255338181375,31.925179413651822],[-106.35356017817651,31.925179413651822],[-106.35356017817651,31.916186210014576],[-106.36255338181375,31.916186210014576]]]}},{"type":"Feature","properties":{"jobs":144,"pop":177,"pointCount":1,"homeWorkCommuteMedian":34106,"workHomeCommuteMedian":34335},"geometry":{"type":"Polygon","coordinates":[[[-106.36255338181375,31.95215902456356],[-106.36255338181375,31.961152228200806],[-106.35356017817651,31.961152228200806],[-106.35356017817651,31.95215902456356],[-106.36255338181375,31.95215902456356]]]}},{"type":"Feature","properties":{"jobs":0,"pop":0,"pointCount":1,"homeWorkCommuteMedian":-1,"workHomeCommuteMedian":-1},"geometry":{"type":"Polygon","coordinates":[[[-106.36255338181375,31.970145431838052],[-106.36255338181375,31.979138635475298],[-106.35356017817651,31.979138635475298],[-106.35356017817651,31.970145431838052],[-106.36255338181375,31.970145431838052]]]}},{"type":"Feature","properties":{"jobs":9,"pop":39,"pointCount":1,"homeWorkCommuteMedian":4864,"workHomeCommuteMedian":0},"geometry":{"type":"Polygon","coordinates":[[[-106.36255338181375,32.024104653661524],[-106.36255338181375,32.03309785729877],[-106.35356017817651,32.03309785729877],[-106.35356017817651,32.024104653661524],[-106.36255338181375,32.024104653661524]]]}},{"type":"Feature","properties":{"jobs":536,"pop":2078,"pointCount":3,"homeWorkCommuteMedian":12396,"workHomeCommuteMedian":8119},"geometry":{"type":"Polygon","coordinates":[[[-106.35356017817651,31.538471657250245],[-106.35356017817651,31.54746486088749],[-106.34456697453926,31.54746486088749],[-106.34456697453926,31.538471657250245],[-106.35356017817651,31.538471657250245]]]}},{"type":"Feature","properties":{"jobs":1278,"pop":2227,"pointCount":6,"homeWorkCommuteMedian":8504,"workHomeCommuteMedian":8158},"geometry":{"type":"Polygon","coordinates":[[[-106.35356017817651,31.54746486088749],[-106.35356017817651,31.556458064524737],[-106.34456697453926,31.556458064524737],[-106.34456697453926,31.54746486088749],[-106.35356017817651,31.54746486088749]]]}},{"type":"Feature","properties":{"jobs":233,"pop":0,"pointCount":1,"homeWorkCommuteMedian":-1,"workHomeCommuteMedian":15634},"geometry":{"type":"Polygon","coordinates":[[[-106.35356017817651,31.556458064524737],[-106.35356017817651,31.565451268161983],[-106.34456697453926,31.565451268161983],[-106.34456697453926,31.556458064524737],[-106.35356017817651,31.556458064524737]]]}},{"type":"Feature","properties":{"jobs":877,"pop":3176,"pointCount":4,"homeWorkCommuteMedian":7933,"workHomeCommuteMedian":3108},"geometry":{"type":"Polygon","coordinates":[[[-106.35356017817651,31.565451268161983],[-106.35356017817651,31.57444447179923],[-106.34456697453926,31.57444447179923],[-106.34456697453926,31.565451268161983],[-106.35356017817651,31.565451268161983]]]}},{"type":"Feature","properties":{"jobs":875,"pop":3883,"pointCount":5,"homeWorkCommuteMedian":5950,"workHomeCommuteMedian":3938},"geometry":{"type":"Polygon","coordinates":[[[-106.35356017817651,31.57444447179923],[-106.35356017817651,31.583437675436475],[-106.34456697453926,31.583437675436475],[-106.34456697453926,31.57444447179923],[-106.35356017817651,31.57444447179923]]]}},{"type":"Feature","properties":{"jobs":1533,"pop":3645,"pointCount":8,"homeWorkCommuteMedian":5701,"workHomeCommuteMedian":5906},"geometry":{"type":"Polygon","coordinates":[[[-106.35356017817651,31.583437675436475],[-106.35356017817651,31.59243087907372],[-106.34456697453926,31.59243087907372],[-106.34456697453926,31.583437675436475],[-106.35356017817651,31.583437675436475]]]}},{"type":"Feature","properties":{"jobs":1092,"pop":4232,"pointCount":6,"homeWorkCommuteMedian":5308,"workHomeCommuteMedian":4981},"geometry":{"type":"Polygon","coordinates":[[[-106.35356017817651,31.59243087907372],[-106.35356017817651,31.601424082710967],[-106.34456697453926,31.601424082710967],[-106.34456697453926,31.59243087907372],[-106.35356017817651,31.59243087907372]]]}},{"type":"Feature","properties":{"jobs":1494,"pop":3953,"pointCount":6,"homeWorkCommuteMedian":4327,"workHomeCommuteMedian":4956},"geometry":{"type":"Polygon","coordinates":[[[-106.35356017817651,31.601424082710967],[-106.35356017817651,31.610417286348213],[-106.34456697453926,31.610417286348213],[-106.34456697453926,31.601424082710967],[-106.35356017817651,31.601424082710967]]]}},{"type":"Feature","properties":{"jobs":1748,"pop":4850,"pointCount":9,"homeWorkCommuteMedian":5982,"workHomeCommuteMedian":6173},"geometry":{"type":"Polygon","coordinates":[[[-106.35356017817651,31.610417286348213],[-106.35356017817651,31.61941048998546],[-106.34456697453926,31.61941048998546],[-106.34456697453926,31.610417286348213],[-106.35356017817651,31.610417286348213]]]}},{"type":"Feature","properties":{"jobs":5511,"pop":229,"pointCount":3,"homeWorkCommuteMedian":20970,"workHomeCommuteMedian":4574},"geometry":{"type":"Polygon","coordinates":[[[-106.35356017817651,31.61941048998546],[-106.35356017817651,31.628403693622705],[-106.34456697453926,31.628403693622705],[-106.34456697453926,31.61941048998546],[-106.35356017817651,31.61941048998546]]]}},{"type":"Feature","properties":{"jobs":554,"pop":789,"pointCount":2,"homeWorkCommuteMedian":3865,"workHomeCommuteMedian":5344},"geometry":{"type":"Polygon","coordinates":[[[-106.35356017817651,31.628403693622705],[-106.35356017817651,31.63739689725995],[-106.34456697453926,31.63739689725995],[-106.34456697453926,31.628403693622705],[-106.35356017817651,31.628403693622705]]]}},{"type":"Feature","properties":{"jobs":582,"pop":908,"pointCount":3,"homeWorkCommuteMedian":9087,"workHomeCommuteMedian":6097},"geometry":{"type":"Polygon","coordinates":[[[-106.35356017817651,31.63739689725995],[-106.35356017817651,31.646390100897197],[-106.34456697453926,31.646390100897197],[-106.34456697453926,31.63739689725995],[-106.35356017817651,31.63739689725995]]]}},{"type":"Feature","properties":{"jobs":3152,"pop":112,"pointCount":2,"homeWorkCommuteMedian":7534,"workHomeCommuteMedian":6962},"geometry":{"type":"Polygon","coordinates":[[[-106.35356017817651,31.646390100897197],[-106.35356017817651,31.655383304534443],[-106.34456697453926,31.655383304534443],[-106.34456697453926,31.646390100897197],[-106.35356017817651,31.646390100897197]]]}},{"type":"Feature","properties":{"jobs":8513,"pop":600,"pointCount":3,"homeWorkCommuteMedian":14245,"workHomeCommuteMedian":7378},"geometry":{"type":"Polygon","coordinates":[[[-106.35356017817651,31.655383304534443],[-106.35356017817651,31.66437650817169],[-106.34456697453926,31.66437650817169],[-106.34456697453926,31.655383304534443],[-106.35356017817651,31.655383304534443]]]}},{"type":"Feature","properties":{"jobs":807,"pop":165,"pointCount":3,"homeWorkCommuteMedian":7429,"workHomeCommuteMedian":11477},"geometry":{"type":"Polygon","coordinates":[[[-106.35356017817651,31.66437650817169],[-106.35356017817651,31.673369711808935],[-106.34456697453926,31.673369711808935],[-106.34456697453926,31.66437650817169],[-106.35356017817651,31.66437650817169]]]}},{"type":"Feature","properties":{"jobs":226,"pop":35,"pointCount":2,"homeWorkCommuteMedian":10982,"workHomeCommuteMedian":11435},"geometry":{"type":"Polygon","coordinates":[[[-106.35356017817651,31.68236291544618],[-106.35356017817651,31.691356119083427],[-106.34456697453926,31.691356119083427],[-106.34456697453926,31.68236291544618],[-106.35356017817651,31.68236291544618]]]}},{"type":"Feature","properties":{"jobs":85,"pop":52,"pointCount":1,"homeWorkCommuteMedian":6014,"workHomeCommuteMedian":7959},"geometry":{"type":"Polygon","coordinates":[[[-106.35356017817651,31.691356119083427],[-106.35356017817651,31.700349322720673],[-106.34456697453926,31.700349322720673],[-106.34456697453926,31.691356119083427],[-106.35356017817651,31.691356119083427]]]}},{"type":"Feature","properties":{"jobs":102,"pop":373,"pointCount":1,"homeWorkCommuteMedian":15732,"workHomeCommuteMedian":15815},"geometry":{"type":"Polygon","coordinates":[[[-106.35356017817651,31.700349322720673],[-106.35356017817651,31.70934252635792],[-106.34456697453926,31.70934252635792],[-106.34456697453926,31.700349322720673],[-106.35356017817651,31.700349322720673]]]}},{"type":"Feature","properties":{"jobs":64,"pop":604,"pointCount":1,"homeWorkCommuteMedian":13752,"workHomeCommuteMedian":16091},"geometry":{"type":"Polygon","coordinates":[[[-106.35356017817651,31.70934252635792],[-106.35356017817651,31.718335729995164],[-106.34456697453926,31.718335729995164],[-106.34456697453926,31.70934252635792],[-106.35356017817651,31.70934252635792]]]}},{"type":"Feature","properties":{"jobs":676,"pop":988,"pointCount":1,"homeWorkCommuteMedian":15503,"workHomeCommuteMedian":16738},"geometry":{"type":"Polygon","coordinates":[[[-106.35356017817651,31.72732893363241],[-106.35356017817651,31.736322137269656],[-106.34456697453926,31.736322137269656],[-106.34456697453926,31.72732893363241],[-106.35356017817651,31.72732893363241]]]}},{"type":"Feature","properties":{"jobs":675,"pop":1863,"pointCount":3,"homeWorkCommuteMedian":13936,"workHomeCommuteMedian":16460},"geometry":{"type":"Polygon","coordinates":[[[-106.35356017817651,31.736322137269656],[-106.35356017817651,31.745315340906902],[-106.34456697453926,31.745315340906902],[-106.34456697453926,31.736322137269656],[-106.35356017817651,31.736322137269656]]]}},{"type":"Feature","properties":{"jobs":190,"pop":145,"pointCount":1,"homeWorkCommuteMedian":14419,"workHomeCommuteMedian":15365},"geometry":{"type":"Polygon","coordinates":[[[-106.35356017817651,31.745315340906902],[-106.35356017817651,31.75430854454415],[-106.34456697453926,31.75430854454415],[-106.34456697453926,31.745315340906902],[-106.35356017817651,31.745315340906902]]]}},{"type":"Feature","properties":{"jobs":4075,"pop":468,"pointCount":4,"homeWorkCommuteMedian":13149,"workHomeCommuteMedian":16576},"geometry":{"type":"Polygon","coordinates":[[[-106.35356017817651,31.75430854454415],[-106.35356017817651,31.763301748181394],[-106.34456697453926,31.763301748181394],[-106.34456697453926,31.75430854454415],[-106.35356017817651,31.75430854454415]]]}},{"type":"Feature","properties":{"jobs":29,"pop":748,"pointCount":1,"homeWorkCommuteMedian":10513,"workHomeCommuteMedian":22806},"geometry":{"type":"Polygon","coordinates":[[[-106.35356017817651,31.763301748181394],[-106.35356017817651,31.77229495181864],[-106.34456697453926,31.77229495181864],[-106.34456697453926,31.763301748181394],[-106.35356017817651,31.763301748181394]]]}},{"type":"Feature","properties":{"jobs":253,"pop":885,"pointCount":1,"homeWorkCommuteMedian":14787,"workHomeCommuteMedian":21680},"geometry":{"type":"Polygon","coordinates":[[[-106.35356017817651,31.77229495181864],[-106.35356017817651,31.781288155455886],[-106.34456697453926,31.781288155455886],[-106.34456697453926,31.77229495181864],[-106.35356017817651,31.77229495181864]]]}},{"type":"Feature","properties":{"jobs":22,"pop":585,"pointCount":1,"homeWorkCommuteMedian":12652,"workHomeCommuteMedian":12808},"geometry":{"type":"Polygon","coordinates":[[[-106.35356017817651,31.781288155455886],[-106.35356017817651,31.790281359093132],[-106.34456697453926,31.790281359093132],[-106.34456697453926,31.781288155455886],[-106.35356017817651,31.781288155455886]]]}},{"type":"Feature","properties":{"jobs":532,"pop":341,"pointCount":1,"homeWorkCommuteMedian":13290,"workHomeCommuteMedian":18012},"geometry":{"type":"Polygon","coordinates":[[[-106.35356017817651,31.790281359093132],[-106.35356017817651,31.79927456273038],[-106.34456697453926,31.79927456273038],[-106.34456697453926,31.790281359093132],[-106.35356017817651,31.790281359093132]]]}},{"type":"Feature","properties":{"jobs":311,"pop":0,"pointCount":1,"homeWorkCommuteMedian":-1,"workHomeCommuteMedian":18803},"geometry":{"type":"Polygon","coordinates":[[[-106.35356017817651,31.84424058091661],[-106.35356017817651,31.853233784553854],[-106.34456697453926,31.853233784553854],[-106.34456697453926,31.84424058091661],[-106.35356017817651,31.84424058091661]]]}},{"type":"Feature","properties":{"jobs":0,"pop":0,"pointCount":1,"homeWorkCommuteMedian":-1,"workHomeCommuteMedian":-1},"geometry":{"type":"Polygon","coordinates":[[[-106.35356017817651,31.8622269881911],[-106.35356017817651,31.871220191828346],[-106.34456697453926,31.871220191828346],[-106.34456697453926,31.8622269881911],[-106.35356017817651,31.8622269881911]]]}},{"type":"Feature","properties":{"jobs":319,"pop":8,"pointCount":1,"homeWorkCommuteMedian":33977,"workHomeCommuteMedian":31630},"geometry":{"type":"Polygon","coordinates":[[[-106.35356017817651,31.961152228200806],[-106.35356017817651,31.970145431838052],[-106.34456697453926,31.970145431838052],[-106.34456697453926,31.961152228200806],[-106.35356017817651,31.961152228200806]]]}},{"type":"Feature","properties":{"jobs":55,"pop":207,"pointCount":1,"homeWorkCommuteMedian":30022,"workHomeCommuteMedian":7483},"geometry":{"type":"Polygon","coordinates":[[[-106.35356017817651,32.01511145002428],[-106.35356017817651,32.024104653661524],[-106.34456697453926,32.024104653661524],[-106.34456697453926,32.01511145002428],[-106.35356017817651,32.01511145002428]]]}},{"type":"Feature","properties":{"jobs":170,"pop":836,"pointCount":1,"homeWorkCommuteMedian":9707,"workHomeCommuteMedian":10629},"geometry":{"type":"Polygon","coordinates":[[[-106.34456697453926,31.538471657250245],[-106.34456697453926,31.54746486088749],[-106.33557377090202,31.54746486088749],[-106.33557377090202,31.538471657250245],[-106.34456697453926,31.538471657250245]]]}},{"type":"Feature","properties":{"jobs":667,"pop":2151,"pointCount":4,"homeWorkCommuteMedian":10603,"workHomeCommuteMedian":8181},"geometry":{"type":"Polygon","coordinates":[[[-106.34456697453926,31.54746486088749],[-106.34456697453926,31.556458064524737],[-106.33557377090202,31.556458064524737],[-106.33557377090202,31.54746486088749],[-106.34456697453926,31.54746486088749]]]}},{"type":"Feature","properties":{"jobs":1621,"pop":4906,"pointCount":6,"homeWorkCommuteMedian":10277,"workHomeCommuteMedian":3623},"geometry":{"type":"Polygon","coordinates":[[[-106.34456697453926,31.556458064524737],[-106.34456697453926,31.565451268161983],[-106.33557377090202,31.565451268161983],[-106.33557377090202,31.556458064524737],[-106.34456697453926,31.556458064524737]]]}},{"type":"Feature","properties":{"jobs":907,"pop":2308,"pointCount":5,"homeWorkCommuteMedian":8799,"workHomeCommuteMedian":4102},"geometry":{"type":"Polygon","coordinates":[[[-106.34456697453926,31.565451268161983],[-106.34456697453926,31.57444447179923],[-106.33557377090202,31.57444447179923],[-106.33557377090202,31.565451268161983],[-106.34456697453926,31.565451268161983]]]}},{"type":"Feature","properties":{"jobs":77,"pop":51,"pointCount":1,"homeWorkCommuteMedian":9789,"workHomeCommuteMedian":6101},"geometry":{"type":"Polygon","coordinates":[[[-106.34456697453926,31.57444447179923],[-106.34456697453926,31.583437675436475],[-106.33557377090202,31.583437675436475],[-106.33557377090202,31.57444447179923],[-106.34456697453926,31.57444447179923]]]}},{"type":"Feature","properties":{"jobs":958,"pop":2845,"pointCount":6,"homeWorkCommuteMedian":6196,"workHomeCommuteMedian":9458},"geometry":{"type":"Polygon","coordinates":[[[-106.34456697453926,31.583437675436475],[-106.34456697453926,31.59243087907372],[-106.33557377090202,31.59243087907372],[-106.33557377090202,31.583437675436475],[-106.34456697453926,31.583437675436475]]]}},{"type":"Feature","properties":{"jobs":1262,"pop":4131,"pointCount":6,"homeWorkCommuteMedian":6503,"workHomeCommuteMedian":4777},"geometry":{"type":"Polygon","coordinates":[[[-106.34456697453926,31.59243087907372],[-106.34456697453926,31.601424082710967],[-106.33557377090202,31.601424082710967],[-106.33557377090202,31.59243087907372],[-106.34456697453926,31.59243087907372]]]}},{"type":"Feature","properties":{"jobs":1626,"pop":5060,"pointCount":8,"homeWorkCommuteMedian":5755,"workHomeCommuteMedian":4804},"geometry":{"type":"Polygon","coordinates":[[[-106.34456697453926,31.601424082710967],[-106.34456697453926,31.610417286348213],[-106.33557377090202,31.610417286348213],[-106.33557377090202,31.601424082710967],[-106.34456697453926,31.601424082710967]]]}},{"type":"Feature","properties":{"jobs":2845,"pop":4550,"pointCount":9,"homeWorkCommuteMedian":7141,"workHomeCommuteMedian":4787},"geometry":{"type":"Polygon","coordinates":[[[-106.34456697453926,31.610417286348213],[-106.34456697453926,31.61941048998546],[-106.33557377090202,31.61941048998546],[-106.33557377090202,31.610417286348213],[-106.34456697453926,31.610417286348213]]]}},{"type":"Feature","properties":{"jobs":2145,"pop":4001,"pointCount":5,"homeWorkCommuteMedian":6614,"workHomeCommuteMedian":7049},"geometry":{"type":"Polygon","coordinates":[[[-106.34456697453926,31.61941048998546],[-106.34456697453926,31.628403693622705],[-106.33557377090202,31.628403693622705],[-106.33557377090202,31.61941048998546],[-106.34456697453926,31.61941048998546]]]}},{"type":"Feature","properties":{"jobs":989,"pop":3749,"pointCount":5,"homeWorkCommuteMedian":5135,"workHomeCommuteMedian":4047},"geometry":{"type":"Polygon","coordinates":[[[-106.34456697453926,31.628403693622705],[-106.34456697453926,31.63739689725995],[-106.33557377090202,31.63739689725995],[-106.33557377090202,31.628403693622705],[-106.34456697453926,31.628403693622705]]]}},{"type":"Feature","properties":{"jobs":1854,"pop":0,"pointCount":4,"homeWorkCommuteMedian":-1,"workHomeCommuteMedian":6049},"geometry":{"type":"Polygon","coordinates":[[[-106.34456697453926,31.63739689725995],[-106.34456697453926,31.646390100897197],[-106.33557377090202,31.646390100897197],[-106.33557377090202,31.63739689725995],[-106.34456697453926,31.63739689725995]]]}},{"type":"Feature","properties":{"jobs":4051,"pop":0,"pointCount":2,"homeWorkCommuteMedian":-1,"workHomeCommuteMedian":5998},"geometry":{"type":"Polygon","coordinates":[[[-106.34456697453926,31.655383304534443],[-106.34456697453926,31.66437650817169],[-106.33557377090202,31.66437650817169],[-106.33557377090202,31.655383304534443],[-106.34456697453926,31.655383304534443]]]}},{"type":"Feature","properties":{"jobs":5798,"pop":800,"pointCount":2,"homeWorkCommuteMedian":25507,"workHomeCommuteMedian":7468},"geometry":{"type":"Polygon","coordinates":[[[-106.34456697453926,31.66437650817169],[-106.34456697453926,31.673369711808935],[-106.33557377090202,31.673369711808935],[-106.33557377090202,31.66437650817169],[-106.34456697453926,31.66437650817169]]]}},{"type":"Feature","properties":{"jobs":2085,"pop":701,"pointCount":2,"homeWorkCommuteMedian":11822,"workHomeCommuteMedian":7298},"geometry":{"type":"Polygon","coordinates":[[[-106.34456697453926,31.673369711808935],[-106.34456697453926,31.68236291544618],[-106.33557377090202,31.68236291544618],[-106.33557377090202,31.673369711808935],[-106.34456697453926,31.673369711808935]]]}},{"type":"Feature","properties":{"jobs":544,"pop":677,"pointCount":1,"homeWorkCommuteMedian":16913,"workHomeCommuteMedian":17869},"geometry":{"type":"Polygon","coordinates":[[[-106.34456697453926,31.691356119083427],[-106.34456697453926,31.700349322720673],[-106.33557377090202,31.700349322720673],[-106.33557377090202,31.691356119083427],[-106.34456697453926,31.691356119083427]]]}},{"type":"Feature","properties":{"jobs":137,"pop":319,"pointCount":1,"homeWorkCommuteMedian":15717,"workHomeCommuteMedian":17264},"geometry":{"type":"Polygon","coordinates":[[[-106.34456697453926,31.700349322720673],[-106.34456697453926,31.70934252635792],[-106.33557377090202,31.70934252635792],[-106.33557377090202,31.700349322720673],[-106.34456697453926,31.700349322720673]]]}},{"type":"Feature","properties":{"jobs":142,"pop":600,"pointCount":1,"homeWorkCommuteMedian":11425,"workHomeCommuteMedian":19144},"geometry":{"type":"Polygon","coordinates":[[[-106.34456697453926,31.718335729995164],[-106.34456697453926,31.72732893363241],[-106.33557377090202,31.72732893363241],[-106.33557377090202,31.718335729995164],[-106.34456697453926,31.718335729995164]]]}},{"type":"Feature","properties":{"jobs":430,"pop":728,"pointCount":1,"homeWorkCommuteMedian":11584,"workHomeCommuteMedian":18359},"geometry":{"type":"Polygon","coordinates":[[[-106.34456697453926,31.72732893363241],[-106.34456697453926,31.736322137269656],[-106.33557377090202,31.736322137269656],[-106.33557377090202,31.72732893363241],[-106.34456697453926,31.72732893363241]]]}},{"type":"Feature","properties":{"jobs":1505,"pop":893,"pointCount":2,"homeWorkCommuteMedian":15182,"workHomeCommuteMedian":17298},"geometry":{"type":"Polygon","coordinates":[[[-106.34456697453926,31.736322137269656],[-106.34456697453926,31.745315340906902],[-106.33557377090202,31.745315340906902],[-106.33557377090202,31.736322137269656],[-106.34456697453926,31.736322137269656]]]}},{"type":"Feature","properties":{"jobs":4586,"pop":839,"pointCount":3,"homeWorkCommuteMedian":13539,"workHomeCommuteMedian":16666},"geometry":{"type":"Polygon","coordinates":[[[-106.34456697453926,31.745315340906902],[-106.34456697453926,31.75430854454415],[-106.33557377090202,31.75430854454415],[-106.33557377090202,31.745315340906902],[-106.34456697453926,31.745315340906902]]]}},{"type":"Feature","properties":{"jobs":267,"pop":882,"pointCount":2,"homeWorkCommuteMedian":8912,"workHomeCommuteMedian":13856},"geometry":{"type":"Polygon","coordinates":[[[-106.34456697453926,31.75430854454415],[-106.34456697453926,31.763301748181394],[-106.33557377090202,31.763301748181394],[-106.33557377090202,31.75430854454415],[-106.34456697453926,31.75430854454415]]]}},{"type":"Feature","properties":{"jobs":139,"pop":435,"pointCount":1,"homeWorkCommuteMedian":16260,"workHomeCommuteMedian":16376},"geometry":{"type":"Polygon","coordinates":[[[-106.34456697453926,31.763301748181394],[-106.34456697453926,31.77229495181864],[-106.33557377090202,31.77229495181864],[-106.33557377090202,31.763301748181394],[-106.34456697453926,31.763301748181394]]]}},{"type":"Feature","properties":{"jobs":823,"pop":931,"pointCount":1,"homeWorkCommuteMedian":10466,"workHomeCommuteMedian":17131},"geometry":{"type":"Polygon","coordinates":[[[-106.34456697453926,31.77229495181864],[-106.34456697453926,31.781288155455886],[-106.33557377090202,31.781288155455886],[-106.33557377090202,31.77229495181864],[-106.34456697453926,31.77229495181864]]]}},{"type":"Feature","properties":{"jobs":108,"pop":1770,"pointCount":2,"homeWorkCommuteMedian":12179,"workHomeCommuteMedian":12235},"geometry":{"type":"Polygon","coordinates":[[[-106.34456697453926,31.781288155455886],[-106.34456697453926,31.790281359093132],[-106.33557377090202,31.790281359093132],[-106.33557377090202,31.781288155455886],[-106.34456697453926,31.781288155455886]]]}},{"type":"Feature","properties":{"jobs":60,"pop":389,"pointCount":1,"homeWorkCommuteMedian":15066,"workHomeCommuteMedian":18213},"geometry":{"type":"Polygon","coordinates":[[[-106.34456697453926,31.790281359093132],[-106.34456697453926,31.79927456273038],[-106.33557377090202,31.79927456273038],[-106.33557377090202,31.790281359093132],[-106.34456697453926,31.790281359093132]]]}},{"type":"Feature","properties":{"jobs":134,"pop":13,"pointCount":1,"homeWorkCommuteMedian":13527,"workHomeCommuteMedian":26252},"geometry":{"type":"Polygon","coordinates":[[[-106.34456697453926,31.84424058091661],[-106.34456697453926,31.853233784553854],[-106.33557377090202,31.853233784553854],[-106.33557377090202,31.84424058091661],[-106.34456697453926,31.84424058091661]]]}},{"type":"Feature","properties":{"jobs":1,"pop":0,"pointCount":1,"homeWorkCommuteMedian":-1,"workHomeCommuteMedian":22848},"geometry":{"type":"Polygon","coordinates":[[[-106.34456697453926,31.934172617289068],[-106.34456697453926,31.943165820926314],[-106.33557377090202,31.943165820926314],[-106.33557377090202,31.934172617289068],[-106.34456697453926,31.934172617289068]]]}},{"type":"Feature","properties":{"jobs":46,"pop":0,"pointCount":1,"homeWorkCommuteMedian":-1,"workHomeCommuteMedian":22324},"geometry":{"type":"Polygon","coordinates":[[[-106.33557377090202,31.556458064524737],[-106.33557377090202,31.565451268161983],[-106.32658056726477,31.565451268161983],[-106.32658056726477,31.556458064524737],[-106.33557377090202,31.556458064524737]]]}},{"type":"Feature","properties":{"jobs":549,"pop":2464,"pointCount":2,"homeWorkCommuteMedian":7863,"workHomeCommuteMedian":4433},"geometry":{"type":"Polygon","coordinates":[[[-106.33557377090202,31.565451268161983],[-106.33557377090202,31.57444447179923],[-106.32658056726477,31.57444447179923],[-106.32658056726477,31.565451268161983],[-106.33557377090202,31.565451268161983]]]}},{"type":"Feature","properties":{"jobs":688,"pop":1198,"pointCount":3,"homeWorkCommuteMedian":7111,"workHomeCommuteMedian":5976},"geometry":{"type":"Polygon","coordinates":[[[-106.33557377090202,31.57444447179923],[-106.33557377090202,31.583437675436475],[-106.32658056726477,31.583437675436475],[-106.32658056726477,31.57444447179923],[-106.33557377090202,31.57444447179923]]]}},{"type":"Feature","properties":{"jobs":178,"pop":0,"pointCount":1,"homeWorkCommuteMedian":-1,"workHomeCommuteMedian":4268},"geometry":{"type":"Polygon","coordinates":[[[-106.33557377090202,31.583437675436475],[-106.33557377090202,31.59243087907372],[-106.32658056726477,31.59243087907372],[-106.32658056726477,31.583437675436475],[-106.33557377090202,31.583437675436475]]]}},{"type":"Feature","properties":{"jobs":285,"pop":814,"pointCount":2,"homeWorkCommuteMedian":6422,"workHomeCommuteMedian":7733},"geometry":{"type":"Polygon","coordinates":[[[-106.33557377090202,31.59243087907372],[-106.33557377090202,31.601424082710967],[-106.32658056726477,31.601424082710967],[-106.32658056726477,31.59243087907372],[-106.33557377090202,31.59243087907372]]]}},{"type":"Feature","properties":{"jobs":1039,"pop":3802,"pointCount":5,"homeWorkCommuteMedian":6450,"workHomeCommuteMedian":3792},"geometry":{"type":"Polygon","coordinates":[[[-106.33557377090202,31.601424082710967],[-106.33557377090202,31.610417286348213],[-106.32658056726477,31.610417286348213],[-106.32658056726477,31.601424082710967],[-106.33557377090202,31.601424082710967]]]}},{"type":"Feature","properties":{"jobs":1203,"pop":3444,"pointCount":5,"homeWorkCommuteMedian":5594,"workHomeCommuteMedian":6381},"geometry":{"type":"Polygon","coordinates":[[[-106.33557377090202,31.610417286348213],[-106.33557377090202,31.61941048998546],[-106.32658056726477,31.61941048998546],[-106.32658056726477,31.610417286348213],[-106.33557377090202,31.610417286348213]]]}},{"type":"Feature","properties":{"jobs":296,"pop":0,"pointCount":2,"homeWorkCommuteMedian":-1,"workHomeCommuteMedian":5947},"geometry":{"type":"Polygon","coordinates":[[[-106.33557377090202,31.61941048998546],[-106.33557377090202,31.628403693622705],[-106.32658056726477,31.628403693622705],[-106.32658056726477,31.61941048998546],[-106.33557377090202,31.61941048998546]]]}},{"type":"Feature","properties":{"jobs":989,"pop":352,"pointCount":3,"homeWorkCommuteMedian":7363,"workHomeCommuteMedian":5591},"geometry":{"type":"Polygon","coordinates":[[[-106.33557377090202,31.628403693622705],[-106.33557377090202,31.63739689725995],[-106.32658056726477,31.63739689725995],[-106.32658056726477,31.628403693622705],[-106.33557377090202,31.628403693622705]]]}},{"type":"Feature","properties":{"jobs":336,"pop":200,"pointCount":1,"homeWorkCommuteMedian":21217,"workHomeCommuteMedian":18629},"geometry":{"type":"Polygon","coordinates":[[[-106.33557377090202,31.66437650817169],[-106.33557377090202,31.673369711808935],[-106.32658056726477,31.673369711808935],[-106.32658056726477,31.66437650817169],[-106.33557377090202,31.66437650817169]]]}},{"type":"Feature","properties":{"jobs":227,"pop":0,"pointCount":1,"homeWorkCommuteMedian":-1,"workHomeCommuteMedian":17847},"geometry":{"type":"Polygon","coordinates":[[[-106.33557377090202,31.673369711808935],[-106.33557377090202,31.68236291544618],[-106.32658056726477,31.68236291544618],[-106.32658056726477,31.673369711808935],[-106.33557377090202,31.673369711808935]]]}},{"type":"Feature","properties":{"jobs":2680,"pop":1182,"pointCount":2,"homeWorkCommuteMedian":17361,"workHomeCommuteMedian":15479},"geometry":{"type":"Polygon","coordinates":[[[-106.33557377090202,31.68236291544618],[-106.33557377090202,31.691356119083427],[-106.32658056726477,31.691356119083427],[-106.32658056726477,31.68236291544618],[-106.33557377090202,31.68236291544618]]]}},{"type":"Feature","properties":{"jobs":205,"pop":603,"pointCount":1,"homeWorkCommuteMedian":12514,"workHomeCommuteMedian":15615},"geometry":{"type":"Polygon","coordinates":[[[-106.33557377090202,31.691356119083427],[-106.33557377090202,31.700349322720673],[-106.32658056726477,31.700349322720673],[-106.32658056726477,31.691356119083427],[-106.33557377090202,31.691356119083427]]]}},{"type":"Feature","properties":{"jobs":35,"pop":621,"pointCount":1,"homeWorkCommuteMedian":15405,"workHomeCommuteMedian":14837},"geometry":{"type":"Polygon","coordinates":[[[-106.33557377090202,31.700349322720673],[-106.33557377090202,31.70934252635792],[-106.32658056726477,31.70934252635792],[-106.32658056726477,31.700349322720673],[-106.33557377090202,31.700349322720673]]]}},{"type":"Feature","properties":{"jobs":58,"pop":1152,"pointCount":1,"homeWorkCommuteMedian":15793,"workHomeCommuteMedian":14041},"geometry":{"type":"Polygon","coordinates":[[[-106.33557377090202,31.70934252635792],[-106.33557377090202,31.718335729995164],[-106.32658056726477,31.718335729995164],[-106.32658056726477,31.70934252635792],[-106.33557377090202,31.70934252635792]]]}},{"type":"Feature","properties":{"jobs":118,"pop":2488,"pointCount":3,"homeWorkCommuteMedian":13288,"workHomeCommuteMedian":17475},"geometry":{"type":"Polygon","coordinates":[[[-106.33557377090202,31.718335729995164],[-106.33557377090202,31.72732893363241],[-106.32658056726477,31.72732893363241],[-106.32658056726477,31.718335729995164],[-106.33557377090202,31.718335729995164]]]}},{"type":"Feature","properties":{"jobs":249,"pop":519,"pointCount":1,"homeWorkCommuteMedian":12875,"workHomeCommuteMedian":16003},"geometry":{"type":"Polygon","coordinates":[[[-106.33557377090202,31.72732893363241],[-106.33557377090202,31.736322137269656],[-106.32658056726477,31.736322137269656],[-106.32658056726477,31.72732893363241],[-106.33557377090202,31.72732893363241]]]}},{"type":"Feature","properties":{"jobs":1540,"pop":181,"pointCount":3,"homeWorkCommuteMedian":16258,"workHomeCommuteMedian":14907},"geometry":{"type":"Polygon","coordinates":[[[-106.33557377090202,31.736322137269656],[-106.33557377090202,31.745315340906902],[-106.32658056726477,31.745315340906902],[-106.32658056726477,31.736322137269656],[-106.33557377090202,31.736322137269656]]]}},{"type":"Feature","properties":{"jobs":2746,"pop":192,"pointCount":2,"homeWorkCommuteMedian":15274,"workHomeCommuteMedian":17623},"geometry":{"type":"Polygon","coordinates":[[[-106.33557377090202,31.745315340906902],[-106.33557377090202,31.75430854454415],[-106.32658056726477,31.75430854454415],[-106.32658056726477,31.745315340906902],[-106.33557377090202,31.745315340906902]]]}},{"type":"Feature","properties":{"jobs":98,"pop":1989,"pointCount":2,"homeWorkCommuteMedian":11031,"workHomeCommuteMedian":18352},"geometry":{"type":"Polygon","coordinates":[[[-106.33557377090202,31.75430854454415],[-106.33557377090202,31.763301748181394],[-106.32658056726477,31.763301748181394],[-106.32658056726477,31.75430854454415],[-106.33557377090202,31.75430854454415]]]}},{"type":"Feature","properties":{"jobs":343,"pop":596,"pointCount":1,"homeWorkCommuteMedian":13265,"workHomeCommuteMedian":17280},"geometry":{"type":"Polygon","coordinates":[[[-106.33557377090202,31.763301748181394],[-106.33557377090202,31.77229495181864],[-106.32658056726477,31.77229495181864],[-106.32658056726477,31.763301748181394],[-106.33557377090202,31.763301748181394]]]}},{"type":"Feature","properties":{"jobs":332,"pop":442,"pointCount":2,"homeWorkCommuteMedian":15232,"workHomeCommuteMedian":18288},"geometry":{"type":"Polygon","coordinates":[[[-106.33557377090202,31.790281359093132],[-106.33557377090202,31.79927456273038],[-106.32658056726477,31.79927456273038],[-106.32658056726477,31.790281359093132],[-106.33557377090202,31.790281359093132]]]}},{"type":"Feature","properties":{"jobs":0,"pop":0,"pointCount":1,"homeWorkCommuteMedian":-1,"workHomeCommuteMedian":-1},"geometry":{"type":"Polygon","coordinates":[[[-106.33557377090202,31.979138635475298],[-106.33557377090202,31.988131839112544],[-106.32658056726477,31.988131839112544],[-106.32658056726477,31.979138635475298],[-106.33557377090202,31.979138635475298]]]}},{"type":"Feature","properties":{"jobs":13,"pop":45,"pointCount":1,"homeWorkCommuteMedian":12757,"workHomeCommuteMedian":3898},"geometry":{"type":"Polygon","coordinates":[[[-106.33557377090202,32.01511145002428],[-106.33557377090202,32.024104653661524],[-106.32658056726477,32.024104653661524],[-106.32658056726477,32.01511145002428],[-106.33557377090202,32.01511145002428]]]}},{"type":"Feature","properties":{"jobs":0,"pop":0,"pointCount":1,"homeWorkCommuteMedian":-1,"workHomeCommuteMedian":-1},"geometry":{"type":"Polygon","coordinates":[[[-106.33557377090202,32.03309785729877],[-106.33557377090202,32.042091060936016],[-106.32658056726477,32.042091060936016],[-106.32658056726477,32.03309785729877],[-106.33557377090202,32.03309785729877]]]}},{"type":"Feature","properties":{"jobs":569,"pop":2127,"pointCount":3,"homeWorkCommuteMedian":9624,"workHomeCommuteMedian":7534},"geometry":{"type":"Polygon","coordinates":[[[-106.32658056726477,31.583437675436475],[-106.32658056726477,31.59243087907372],[-106.31758736362752,31.59243087907372],[-106.31758736362752,31.583437675436475],[-106.32658056726477,31.583437675436475]]]}},{"type":"Feature","properties":{"jobs":520,"pop":125,"pointCount":4,"homeWorkCommuteMedian":16682,"workHomeCommuteMedian":9966},"geometry":{"type":"Polygon","coordinates":[[[-106.32658056726477,31.601424082710967],[-106.32658056726477,31.610417286348213],[-106.31758736362752,31.610417286348213],[-106.31758736362752,31.601424082710967],[-106.32658056726477,31.601424082710967]]]}},{"type":"Feature","properties":{"jobs":317,"pop":0,"pointCount":3,"homeWorkCommuteMedian":-1,"workHomeCommuteMedian":16853},"geometry":{"type":"Polygon","coordinates":[[[-106.32658056726477,31.610417286348213],[-106.32658056726477,31.61941048998546],[-106.31758736362752,31.61941048998546],[-106.31758736362752,31.610417286348213],[-106.32658056726477,31.610417286348213]]]}},{"type":"Feature","properties":{"jobs":1663,"pop":4026,"pointCount":5,"homeWorkCommuteMedian":7476,"workHomeCommuteMedian":5584},"geometry":{"type":"Polygon","coordinates":[[[-106.32658056726477,31.61941048998546],[-106.32658056726477,31.628403693622705],[-106.31758736362752,31.628403693622705],[-106.31758736362752,31.61941048998546],[-106.32658056726477,31.61941048998546]]]}},{"type":"Feature","properties":{"jobs":658,"pop":1903,"pointCount":3,"homeWorkCommuteMedian":7495,"workHomeCommuteMedian":12462},"geometry":{"type":"Polygon","coordinates":[[[-106.32658056726477,31.628403693622705],[-106.32658056726477,31.63739689725995],[-106.31758736362752,31.63739689725995],[-106.31758736362752,31.628403693622705],[-106.32658056726477,31.628403693622705]]]}},{"type":"Feature","properties":{"jobs":1136,"pop":213,"pointCount":4,"homeWorkCommuteMedian":20726,"workHomeCommuteMedian":18852},"geometry":{"type":"Polygon","coordinates":[[[-106.32658056726477,31.66437650817169],[-106.32658056726477,31.673369711808935],[-106.31758736362752,31.673369711808935],[-106.31758736362752,31.66437650817169],[-106.32658056726477,31.66437650817169]]]}},{"type":"Feature","properties":{"jobs":801,"pop":675,"pointCount":2,"homeWorkCommuteMedian":21748,"workHomeCommuteMedian":16842},"geometry":{"type":"Polygon","coordinates":[[[-106.32658056726477,31.673369711808935],[-106.32658056726477,31.68236291544618],[-106.31758736362752,31.68236291544618],[-106.31758736362752,31.673369711808935],[-106.32658056726477,31.673369711808935]]]}},{"type":"Feature","properties":{"jobs":338,"pop":455,"pointCount":1,"homeWorkCommuteMedian":16972,"workHomeCommuteMedian":15482},"geometry":{"type":"Polygon","coordinates":[[[-106.32658056726477,31.691356119083427],[-106.32658056726477,31.700349322720673],[-106.31758736362752,31.700349322720673],[-106.31758736362752,31.691356119083427],[-106.32658056726477,31.691356119083427]]]}},{"type":"Feature","properties":{"jobs":984,"pop":1378,"pointCount":1,"homeWorkCommuteMedian":13663,"workHomeCommuteMedian":15825},"geometry":{"type":"Polygon","coordinates":[[[-106.32658056726477,31.700349322720673],[-106.32658056726477,31.70934252635792],[-106.31758736362752,31.70934252635792],[-106.31758736362752,31.700349322720673],[-106.32658056726477,31.700349322720673]]]}},{"type":"Feature","properties":{"jobs":66,"pop":1230,"pointCount":1,"homeWorkCommuteMedian":13014,"workHomeCommuteMedian":18467},"geometry":{"type":"Polygon","coordinates":[[[-106.32658056726477,31.70934252635792],[-106.32658056726477,31.718335729995164],[-106.31758736362752,31.718335729995164],[-106.31758736362752,31.70934252635792],[-106.32658056726477,31.70934252635792]]]}},{"type":"Feature","properties":{"jobs":455,"pop":154,"pointCount":2,"homeWorkCommuteMedian":18531,"workHomeCommuteMedian":16942},"geometry":{"type":"Polygon","coordinates":[[[-106.32658056726477,31.718335729995164],[-106.32658056726477,31.72732893363241],[-106.31758736362752,31.72732893363241],[-106.31758736362752,31.718335729995164],[-106.32658056726477,31.718335729995164]]]}},{"type":"Feature","properties":{"jobs":1547,"pop":291,"pointCount":3,"homeWorkCommuteMedian":17820,"workHomeCommuteMedian":17372},"geometry":{"type":"Polygon","coordinates":[[[-106.32658056726477,31.72732893363241],[-106.32658056726477,31.736322137269656],[-106.31758736362752,31.736322137269656],[-106.31758736362752,31.72732893363241],[-106.32658056726477,31.72732893363241]]]}},{"type":"Feature","properties":{"jobs":2715,"pop":51,"pointCount":3,"homeWorkCommuteMedian":16468,"workHomeCommuteMedian":17582},"geometry":{"type":"Polygon","coordinates":[[[-106.32658056726477,31.736322137269656],[-106.32658056726477,31.745315340906902],[-106.31758736362752,31.745315340906902],[-106.31758736362752,31.736322137269656],[-106.32658056726477,31.736322137269656]]]}},{"type":"Feature","properties":{"jobs":821,"pop":57,"pointCount":2,"homeWorkCommuteMedian":8369,"workHomeCommuteMedian":16890},"geometry":{"type":"Polygon","coordinates":[[[-106.32658056726477,31.745315340906902],[-106.32658056726477,31.75430854454415],[-106.31758736362752,31.75430854454415],[-106.31758736362752,31.745315340906902],[-106.32658056726477,31.745315340906902]]]}},{"type":"Feature","properties":{"jobs":2457,"pop":1035,"pointCount":2,"homeWorkCommuteMedian":14465,"workHomeCommuteMedian":17081},"geometry":{"type":"Polygon","coordinates":[[[-106.32658056726477,31.75430854454415],[-106.32658056726477,31.763301748181394],[-106.31758736362752,31.763301748181394],[-106.31758736362752,31.75430854454415],[-106.32658056726477,31.75430854454415]]]}},{"type":"Feature","properties":{"jobs":1079,"pop":1281,"pointCount":2,"homeWorkCommuteMedian":9498,"workHomeCommuteMedian":17723},"geometry":{"type":"Polygon","coordinates":[[[-106.32658056726477,31.763301748181394],[-106.32658056726477,31.77229495181864],[-106.31758736362752,31.77229495181864],[-106.31758736362752,31.763301748181394],[-106.32658056726477,31.763301748181394]]]}},{"type":"Feature","properties":{"jobs":199,"pop":975,"pointCount":1,"homeWorkCommuteMedian":15384,"workHomeCommuteMedian":12076},"geometry":{"type":"Polygon","coordinates":[[[-106.32658056726477,31.77229495181864],[-106.32658056726477,31.781288155455886],[-106.31758736362752,31.781288155455886],[-106.31758736362752,31.77229495181864],[-106.32658056726477,31.77229495181864]]]}},{"type":"Feature","properties":{"jobs":728,"pop":1489,"pointCount":2,"homeWorkCommuteMedian":15399,"workHomeCommuteMedian":16743},"geometry":{"type":"Polygon","coordinates":[[[-106.32658056726477,31.781288155455886],[-106.32658056726477,31.790281359093132],[-106.31758736362752,31.790281359093132],[-106.31758736362752,31.781288155455886],[-106.32658056726477,31.781288155455886]]]}},{"type":"Feature","properties":{"jobs":121,"pop":886,"pointCount":1,"homeWorkCommuteMedian":11099,"workHomeCommuteMedian":10867},"geometry":{"type":"Polygon","coordinates":[[[-106.32658056726477,31.790281359093132],[-106.32658056726477,31.79927456273038],[-106.31758736362752,31.79927456273038],[-106.31758736362752,31.790281359093132],[-106.32658056726477,31.790281359093132]]]}},{"type":"Feature","properties":{"jobs":160,"pop":2,"pointCount":1,"homeWorkCommuteMedian":44622,"workHomeCommuteMedian":23191},"geometry":{"type":"Polygon","coordinates":[[[-106.32658056726477,31.835247377279362],[-106.32658056726477,31.84424058091661],[-106.31758736362752,31.84424058091661],[-106.31758736362752,31.835247377279362],[-106.32658056726477,31.835247377279362]]]}},{"type":"Feature","properties":{"jobs":0,"pop":58,"pointCount":1,"homeWorkCommuteMedian":23715,"workHomeCommuteMedian":-1},"geometry":{"type":"Polygon","coordinates":[[[-106.32658056726477,31.880213395465592],[-106.32658056726477,31.889206599102838],[-106.31758736362752,31.889206599102838],[-106.31758736362752,31.880213395465592],[-106.32658056726477,31.880213395465592]]]}},{"type":"Feature","properties":{"jobs":21,"pop":2,"pointCount":1,"homeWorkCommuteMedian":45952,"workHomeCommuteMedian":36957},"geometry":{"type":"Polygon","coordinates":[[[-106.32658056726477,31.99712504274979],[-106.32658056726477,32.00611824638703],[-106.31758736362752,32.00611824638703],[-106.31758736362752,31.99712504274979],[-106.32658056726477,31.99712504274979]]]}},{"type":"Feature","properties":{"jobs":555,"pop":2013,"pointCount":2,"homeWorkCommuteMedian":9222,"workHomeCommuteMedian":8899},"geometry":{"type":"Polygon","coordinates":[[[-106.31758736362752,31.583437675436475],[-106.31758736362752,31.59243087907372],[-106.30859415999028,31.59243087907372],[-106.30859415999028,31.583437675436475],[-106.31758736362752,31.583437675436475]]]}},{"type":"Feature","properties":{"jobs":1182,"pop":4153,"pointCount":5,"homeWorkCommuteMedian":8374,"workHomeCommuteMedian":7821},"geometry":{"type":"Polygon","coordinates":[[[-106.31758736362752,31.59243087907372],[-106.31758736362752,31.601424082710967],[-106.30859415999028,31.601424082710967],[-106.30859415999028,31.59243087907372],[-106.31758736362752,31.59243087907372]]]}},{"type":"Feature","properties":{"jobs":316,"pop":772,"pointCount":3,"homeWorkCommuteMedian":15551,"workHomeCommuteMedian":21448},"geometry":{"type":"Polygon","coordinates":[[[-106.31758736362752,31.601424082710967],[-106.31758736362752,31.610417286348213],[-106.30859415999028,31.610417286348213],[-106.30859415999028,31.601424082710967],[-106.31758736362752,31.601424082710967]]]}},{"type":"Feature","properties":{"jobs":751,"pop":1186,"pointCount":5,"homeWorkCommuteMedian":6730,"workHomeCommuteMedian":14983},"geometry":{"type":"Polygon","coordinates":[[[-106.31758736362752,31.610417286348213],[-106.31758736362752,31.61941048998546],[-106.30859415999028,31.61941048998546],[-106.30859415999028,31.610417286348213],[-106.31758736362752,31.610417286348213]]]}},{"type":"Feature","properties":{"jobs":1480,"pop":5638,"pointCount":7,"homeWorkCommuteMedian":8659,"workHomeCommuteMedian":6226},"geometry":{"type":"Polygon","coordinates":[[[-106.31758736362752,31.61941048998546],[-106.31758736362752,31.628403693622705],[-106.30859415999028,31.628403693622705],[-106.30859415999028,31.61941048998546],[-106.31758736362752,31.61941048998546]]]}},{"type":"Feature","properties":{"jobs":260,"pop":955,"pointCount":2,"homeWorkCommuteMedian":11118,"workHomeCommuteMedian":7562},"geometry":{"type":"Polygon","coordinates":[[[-106.31758736362752,31.628403693622705],[-106.31758736362752,31.63739689725995],[-106.30859415999028,31.63739689725995],[-106.30859415999028,31.628403693622705],[-106.31758736362752,31.628403693622705]]]}},{"type":"Feature","properties":{"jobs":765,"pop":16,"pointCount":1,"homeWorkCommuteMedian":24494,"workHomeCommuteMedian":20012},"geometry":{"type":"Polygon","coordinates":[[[-106.31758736362752,31.66437650817169],[-106.31758736362752,31.673369711808935],[-106.30859415999028,31.673369711808935],[-106.30859415999028,31.66437650817169],[-106.31758736362752,31.66437650817169]]]}},{"type":"Feature","properties":{"jobs":606,"pop":799,"pointCount":3,"homeWorkCommuteMedian":18055,"workHomeCommuteMedian":16992},"geometry":{"type":"Polygon","coordinates":[[[-106.31758736362752,31.673369711808935],[-106.31758736362752,31.68236291544618],[-106.30859415999028,31.68236291544618],[-106.30859415999028,31.673369711808935],[-106.31758736362752,31.673369711808935]]]}},{"type":"Feature","properties":{"jobs":1105,"pop":377,"pointCount":1,"homeWorkCommuteMedian":13893,"workHomeCommuteMedian":16190},"geometry":{"type":"Polygon","coordinates":[[[-106.31758736362752,31.68236291544618],[-106.31758736362752,31.691356119083427],[-106.30859415999028,31.691356119083427],[-106.30859415999028,31.68236291544618],[-106.31758736362752,31.68236291544618]]]}},{"type":"Feature","properties":{"jobs":292,"pop":769,"pointCount":1,"homeWorkCommuteMedian":15219,"workHomeCommuteMedian":15411},"geometry":{"type":"Polygon","coordinates":[[[-106.31758736362752,31.691356119083427],[-106.31758736362752,31.700349322720673],[-106.30859415999028,31.700349322720673],[-106.30859415999028,31.691356119083427],[-106.31758736362752,31.691356119083427]]]}},{"type":"Feature","properties":{"jobs":919,"pop":2354,"pointCount":3,"homeWorkCommuteMedian":14048,"workHomeCommuteMedian":14542},"geometry":{"type":"Polygon","coordinates":[[[-106.31758736362752,31.700349322720673],[-106.31758736362752,31.70934252635792],[-106.30859415999028,31.70934252635792],[-106.30859415999028,31.700349322720673],[-106.31758736362752,31.700349322720673]]]}},{"type":"Feature","properties":{"jobs":678,"pop":374,"pointCount":1,"homeWorkCommuteMedian":14958,"workHomeCommuteMedian":17024},"geometry":{"type":"Polygon","coordinates":[[[-106.31758736362752,31.70934252635792],[-106.31758736362752,31.718335729995164],[-106.30859415999028,31.718335729995164],[-106.30859415999028,31.70934252635792],[-106.31758736362752,31.70934252635792]]]}},{"type":"Feature","properties":{"jobs":1150,"pop":115,"pointCount":3,"homeWorkCommuteMedian":18259,"workHomeCommuteMedian":16241},"geometry":{"type":"Polygon","coordinates":[[[-106.31758736362752,31.718335729995164],[-106.31758736362752,31.72732893363241],[-106.30859415999028,31.72732893363241],[-106.30859415999028,31.718335729995164],[-106.31758736362752,31.718335729995164]]]}},{"type":"Feature","properties":{"jobs":1839,"pop":500,"pointCount":5,"homeWorkCommuteMedian":21221,"workHomeCommuteMedian":16171},"geometry":{"type":"Polygon","coordinates":[[[-106.31758736362752,31.72732893363241],[-106.31758736362752,31.736322137269656],[-106.30859415999028,31.736322137269656],[-106.30859415999028,31.72732893363241],[-106.31758736362752,31.72732893363241]]]}},{"type":"Feature","properties":{"jobs":1795,"pop":261,"pointCount":4,"homeWorkCommuteMedian":14392,"workHomeCommuteMedian":14281},"geometry":{"type":"Polygon","coordinates":[[[-106.31758736362752,31.736322137269656],[-106.31758736362752,31.745315340906902],[-106.30859415999028,31.745315340906902],[-106.30859415999028,31.736322137269656],[-106.31758736362752,31.736322137269656]]]}},{"type":"Feature","properties":{"jobs":5165,"pop":453,"pointCount":4,"homeWorkCommuteMedian":16033,"workHomeCommuteMedian":16216},"geometry":{"type":"Polygon","coordinates":[[[-106.31758736362752,31.745315340906902],[-106.31758736362752,31.75430854454415],[-106.30859415999028,31.75430854454415],[-106.30859415999028,31.745315340906902],[-106.31758736362752,31.745315340906902]]]}},{"type":"Feature","properties":{"jobs":1257,"pop":1535,"pointCount":2,"homeWorkCommuteMedian":12516,"workHomeCommuteMedian":17472},"geometry":{"type":"Polygon","coordinates":[[[-106.31758736362752,31.75430854454415],[-106.31758736362752,31.763301748181394],[-106.30859415999028,31.763301748181394],[-106.30859415999028,31.75430854454415],[-106.31758736362752,31.75430854454415]]]}},{"type":"Feature","properties":{"jobs":971,"pop":962,"pointCount":1,"homeWorkCommuteMedian":16439,"workHomeCommuteMedian":16807},"geometry":{"type":"Polygon","coordinates":[[[-106.31758736362752,31.763301748181394],[-106.31758736362752,31.77229495181864],[-106.30859415999028,31.77229495181864],[-106.30859415999028,31.763301748181394],[-106.31758736362752,31.763301748181394]]]}},{"type":"Feature","properties":{"jobs":250,"pop":1219,"pointCount":1,"homeWorkCommuteMedian":13252,"workHomeCommuteMedian":21886},"geometry":{"type":"Polygon","coordinates":[[[-106.31758736362752,31.781288155455886],[-106.31758736362752,31.790281359093132],[-106.30859415999028,31.790281359093132],[-106.30859415999028,31.781288155455886],[-106.31758736362752,31.781288155455886]]]}},{"type":"Feature","properties":{"jobs":219,"pop":1539,"pointCount":2,"homeWorkCommuteMedian":14456,"workHomeCommuteMedian":24981},"geometry":{"type":"Polygon","coordinates":[[[-106.31758736362752,31.790281359093132],[-106.31758736362752,31.79927456273038],[-106.30859415999028,31.79927456273038],[-106.30859415999028,31.790281359093132],[-106.31758736362752,31.790281359093132]]]}},{"type":"Feature","properties":{"jobs":122,"pop":52,"pointCount":1,"homeWorkCommuteMedian":7856,"workHomeCommuteMedian":22399},"geometry":{"type":"Polygon","coordinates":[[[-106.30859415999028,31.57444447179923],[-106.30859415999028,31.583437675436475],[-106.29960095635303,31.583437675436475],[-106.29960095635303,31.57444447179923],[-106.30859415999028,31.57444447179923]]]}},{"type":"Feature","properties":{"jobs":909,"pop":2185,"pointCount":4,"homeWorkCommuteMedian":8966,"workHomeCommuteMedian":9334},"geometry":{"type":"Polygon","coordinates":[[[-106.30859415999028,31.59243087907372],[-106.30859415999028,31.601424082710967],[-106.29960095635303,31.601424082710967],[-106.29960095635303,31.59243087907372],[-106.30859415999028,31.59243087907372]]]}},{"type":"Feature","properties":{"jobs":637,"pop":913,"pointCount":4,"homeWorkCommuteMedian":7683,"workHomeCommuteMedian":8147},"geometry":{"type":"Polygon","coordinates":[[[-106.30859415999028,31.601424082710967],[-106.30859415999028,31.610417286348213],[-106.29960095635303,31.610417286348213],[-106.29960095635303,31.601424082710967],[-106.30859415999028,31.601424082710967]]]}},{"type":"Feature","properties":{"jobs":421,"pop":1630,"pointCount":3,"homeWorkCommuteMedian":10506,"workHomeCommuteMedian":9478},"geometry":{"type":"Polygon","coordinates":[[[-106.30859415999028,31.610417286348213],[-106.30859415999028,31.61941048998546],[-106.29960095635303,31.61941048998546],[-106.29960095635303,31.610417286348213],[-106.30859415999028,31.610417286348213]]]}},{"type":"Feature","properties":{"jobs":3,"pop":2,"pointCount":1,"homeWorkCommuteMedian":40451,"workHomeCommuteMedian":15529},"geometry":{"type":"Polygon","coordinates":[[[-106.30859415999028,31.628403693622705],[-106.30859415999028,31.63739689725995],[-106.29960095635303,31.63739689725995],[-106.29960095635303,31.628403693622705],[-106.30859415999028,31.628403693622705]]]}},{"type":"Feature","properties":{"jobs":52,"pop":530,"pointCount":1,"homeWorkCommuteMedian":17187,"workHomeCommuteMedian":17229},"geometry":{"type":"Polygon","coordinates":[[[-106.30859415999028,31.66437650817169],[-106.30859415999028,31.673369711808935],[-106.29960095635303,31.673369711808935],[-106.29960095635303,31.66437650817169],[-106.30859415999028,31.66437650817169]]]}},{"type":"Feature","properties":{"jobs":90,"pop":472,"pointCount":1,"homeWorkCommuteMedian":17650,"workHomeCommuteMedian":16517},"geometry":{"type":"Polygon","coordinates":[[[-106.30859415999028,31.673369711808935],[-106.30859415999028,31.68236291544618],[-106.29960095635303,31.68236291544618],[-106.29960095635303,31.673369711808935],[-106.30859415999028,31.673369711808935]]]}},{"type":"Feature","properties":{"jobs":293,"pop":610,"pointCount":1,"homeWorkCommuteMedian":17007,"workHomeCommuteMedian":12961},"geometry":{"type":"Polygon","coordinates":[[[-106.30859415999028,31.68236291544618],[-106.30859415999028,31.691356119083427],[-106.29960095635303,31.691356119083427],[-106.29960095635303,31.68236291544618],[-106.30859415999028,31.68236291544618]]]}},{"type":"Feature","properties":{"jobs":209,"pop":1211,"pointCount":1,"homeWorkCommuteMedian":16010,"workHomeCommuteMedian":17596},"geometry":{"type":"Polygon","coordinates":[[[-106.30859415999028,31.691356119083427],[-106.30859415999028,31.700349322720673],[-106.29960095635303,31.700349322720673],[-106.29960095635303,31.691356119083427],[-106.30859415999028,31.691356119083427]]]}},{"type":"Feature","properties":{"jobs":67,"pop":796,"pointCount":1,"homeWorkCommuteMedian":17009,"workHomeCommuteMedian":13810},"geometry":{"type":"Polygon","coordinates":[[[-106.30859415999028,31.700349322720673],[-106.30859415999028,31.70934252635792],[-106.29960095635303,31.70934252635792],[-106.29960095635303,31.700349322720673],[-106.30859415999028,31.700349322720673]]]}},{"type":"Feature","properties":{"jobs":315,"pop":31,"pointCount":1,"homeWorkCommuteMedian":15608,"workHomeCommuteMedian":13064},"geometry":{"type":"Polygon","coordinates":[[[-106.30859415999028,31.70934252635792],[-106.30859415999028,31.718335729995164],[-106.29960095635303,31.718335729995164],[-106.29960095635303,31.70934252635792],[-106.30859415999028,31.70934252635792]]]}},{"type":"Feature","properties":{"jobs":3200,"pop":92,"pointCount":5,"homeWorkCommuteMedian":16611,"workHomeCommuteMedian":15807},"geometry":{"type":"Polygon","coordinates":[[[-106.30859415999028,31.718335729995164],[-106.30859415999028,31.72732893363241],[-106.29960095635303,31.72732893363241],[-106.29960095635303,31.718335729995164],[-106.30859415999028,31.718335729995164]]]}},{"type":"Feature","properties":{"jobs":692,"pop":29,"pointCount":2,"homeWorkCommuteMedian":21937,"workHomeCommuteMedian":14063},"geometry":{"type":"Polygon","coordinates":[[[-106.30859415999028,31.72732893363241],[-106.30859415999028,31.736322137269656],[-106.29960095635303,31.736322137269656],[-106.29960095635303,31.72732893363241],[-106.30859415999028,31.72732893363241]]]}},{"type":"Feature","properties":{"jobs":1048,"pop":1056,"pointCount":3,"homeWorkCommuteMedian":12077,"workHomeCommuteMedian":15281},"geometry":{"type":"Polygon","coordinates":[[[-106.30859415999028,31.736322137269656],[-106.30859415999028,31.745315340906902],[-106.29960095635303,31.745315340906902],[-106.29960095635303,31.736322137269656],[-106.30859415999028,31.736322137269656]]]}},{"type":"Feature","properties":{"jobs":892,"pop":1857,"pointCount":3,"homeWorkCommuteMedian":12560,"workHomeCommuteMedian":14961},"geometry":{"type":"Polygon","coordinates":[[[-106.30859415999028,31.745315340906902],[-106.30859415999028,31.75430854454415],[-106.29960095635303,31.75430854454415],[-106.29960095635303,31.745315340906902],[-106.30859415999028,31.745315340906902]]]}},{"type":"Feature","properties":{"jobs":8,"pop":797,"pointCount":1,"homeWorkCommuteMedian":10656,"workHomeCommuteMedian":28381},"geometry":{"type":"Polygon","coordinates":[[[-106.30859415999028,31.75430854454415],[-106.30859415999028,31.763301748181394],[-106.29960095635303,31.763301748181394],[-106.29960095635303,31.75430854454415],[-106.30859415999028,31.75430854454415]]]}},{"type":"Feature","properties":{"jobs":1878,"pop":1499,"pointCount":5,"homeWorkCommuteMedian":14498,"workHomeCommuteMedian":14373},"geometry":{"type":"Polygon","coordinates":[[[-106.30859415999028,31.763301748181394],[-106.30859415999028,31.77229495181864],[-106.29960095635303,31.77229495181864],[-106.29960095635303,31.763301748181394],[-106.30859415999028,31.763301748181394]]]}},{"type":"Feature","properties":{"jobs":37,"pop":477,"pointCount":1,"homeWorkCommuteMedian":18440,"workHomeCommuteMedian":13081},"geometry":{"type":"Polygon","coordinates":[[[-106.30859415999028,31.77229495181864],[-106.30859415999028,31.781288155455886],[-106.29960095635303,31.781288155455886],[-106.29960095635303,31.77229495181864],[-106.30859415999028,31.77229495181864]]]}},{"type":"Feature","properties":{"jobs":203,"pop":1276,"pointCount":2,"homeWorkCommuteMedian":13680,"workHomeCommuteMedian":17717},"geometry":{"type":"Polygon","coordinates":[[[-106.30859415999028,31.781288155455886],[-106.30859415999028,31.790281359093132],[-106.29960095635303,31.790281359093132],[-106.29960095635303,31.781288155455886],[-106.30859415999028,31.781288155455886]]]}},{"type":"Feature","properties":{"jobs":327,"pop":1054,"pointCount":2,"homeWorkCommuteMedian":14797,"workHomeCommuteMedian":14911},"geometry":{"type":"Polygon","coordinates":[[[-106.30859415999028,31.790281359093132],[-106.30859415999028,31.79927456273038],[-106.29960095635303,31.79927456273038],[-106.29960095635303,31.790281359093132],[-106.30859415999028,31.790281359093132]]]}},{"type":"Feature","properties":{"jobs":292,"pop":27,"pointCount":2,"homeWorkCommuteMedian":20167,"workHomeCommuteMedian":19414},"geometry":{"type":"Polygon","coordinates":[[[-106.30859415999028,31.79927456273038],[-106.30859415999028,31.808267766367624],[-106.29960095635303,31.808267766367624],[-106.29960095635303,31.79927456273038],[-106.30859415999028,31.79927456273038]]]}},{"type":"Feature","properties":{"jobs":0,"pop":0,"pointCount":1,"homeWorkCommuteMedian":-1,"workHomeCommuteMedian":-1},"geometry":{"type":"Polygon","coordinates":[[[-106.30859415999028,31.853233784553854],[-106.30859415999028,31.8622269881911],[-106.29960095635303,31.8622269881911],[-106.29960095635303,31.853233784553854],[-106.30859415999028,31.853233784553854]]]}},{"type":"Feature","properties":{"jobs":0,"pop":0,"pointCount":1,"homeWorkCommuteMedian":-1,"workHomeCommuteMedian":-1},"geometry":{"type":"Polygon","coordinates":[[[-106.30859415999028,32.01511145002428],[-106.30859415999028,32.024104653661524],[-106.29960095635303,32.024104653661524],[-106.29960095635303,32.01511145002428],[-106.30859415999028,32.01511145002428]]]}},{"type":"Feature","properties":{"jobs":3,"pop":0,"pointCount":1,"homeWorkCommuteMedian":-1,"workHomeCommuteMedian":11577},"geometry":{"type":"Polygon","coordinates":[[[-106.30859415999028,32.024104653661524],[-106.30859415999028,32.03309785729877],[-106.29960095635303,32.03309785729877],[-106.29960095635303,32.024104653661524],[-106.30859415999028,32.024104653661524]]]}},{"type":"Feature","properties":{"jobs":134,"pop":38,"pointCount":1,"homeWorkCommuteMedian":25825,"workHomeCommuteMedian":12265},"geometry":{"type":"Polygon","coordinates":[[[-106.29960095635303,31.57444447179923],[-106.29960095635303,31.583437675436475],[-106.29060775271579,31.583437675436475],[-106.29060775271579,31.57444447179923],[-106.29960095635303,31.57444447179923]]]}},{"type":"Feature","properties":{"jobs":101,"pop":218,"pointCount":1,"homeWorkCommuteMedian":20599,"workHomeCommuteMedian":19005},"geometry":{"type":"Polygon","coordinates":[[[-106.29960095635303,31.646390100897197],[-106.29960095635303,31.655383304534443],[-106.29060775271579,31.655383304534443],[-106.29060775271579,31.646390100897197],[-106.29960095635303,31.646390100897197]]]}},{"type":"Feature","properties":{"jobs":143,"pop":329,"pointCount":1,"homeWorkCommuteMedian":22289,"workHomeCommuteMedian":15364},"geometry":{"type":"Polygon","coordinates":[[[-106.29960095635303,31.655383304534443],[-106.29960095635303,31.66437650817169],[-106.29060775271579,31.66437650817169],[-106.29060775271579,31.655383304534443],[-106.29960095635303,31.655383304534443]]]}},{"type":"Feature","properties":{"jobs":104,"pop":808,"pointCount":1,"homeWorkCommuteMedian":18570,"workHomeCommuteMedian":17647},"geometry":{"type":"Polygon","coordinates":[[[-106.29960095635303,31.66437650817169],[-106.29960095635303,31.673369711808935],[-106.29060775271579,31.673369711808935],[-106.29060775271579,31.66437650817169],[-106.29960095635303,31.66437650817169]]]}},{"type":"Feature","properties":{"jobs":339,"pop":221,"pointCount":1,"homeWorkCommuteMedian":23729,"workHomeCommuteMedian":15063},"geometry":{"type":"Polygon","coordinates":[[[-106.29960095635303,31.691356119083427],[-106.29960095635303,31.700349322720673],[-106.29060775271579,31.700349322720673],[-106.29060775271579,31.691356119083427],[-106.29960095635303,31.691356119083427]]]}},{"type":"Feature","properties":{"jobs":330,"pop":250,"pointCount":1,"homeWorkCommuteMedian":17268,"workHomeCommuteMedian":17424},"geometry":{"type":"Polygon","coordinates":[[[-106.29960095635303,31.700349322720673],[-106.29960095635303,31.70934252635792],[-106.29060775271579,31.70934252635792],[-106.29060775271579,31.700349322720673],[-106.29960095635303,31.700349322720673]]]}},{"type":"Feature","properties":{"jobs":803,"pop":26,"pointCount":1,"homeWorkCommuteMedian":19456,"workHomeCommuteMedian":16461},"geometry":{"type":"Polygon","coordinates":[[[-106.29960095635303,31.70934252635792],[-106.29960095635303,31.718335729995164],[-106.29060775271579,31.718335729995164],[-106.29060775271579,31.70934252635792],[-106.29960095635303,31.70934252635792]]]}},{"type":"Feature","properties":{"jobs":1684,"pop":43,"pointCount":4,"homeWorkCommuteMedian":13307,"workHomeCommuteMedian":14202},"geometry":{"type":"Polygon","coordinates":[[[-106.29960095635303,31.718335729995164],[-106.29960095635303,31.72732893363241],[-106.29060775271579,31.72732893363241],[-106.29060775271579,31.718335729995164],[-106.29960095635303,31.718335729995164]]]}},{"type":"Feature","properties":{"jobs":2393,"pop":103,"pointCount":3,"homeWorkCommuteMedian":20248,"workHomeCommuteMedian":15024},"geometry":{"type":"Polygon","coordinates":[[[-106.29960095635303,31.72732893363241],[-106.29960095635303,31.736322137269656],[-106.29060775271579,31.736322137269656],[-106.29060775271579,31.72732893363241],[-106.29960095635303,31.72732893363241]]]}},{"type":"Feature","properties":{"jobs":705,"pop":961,"pointCount":3,"homeWorkCommuteMedian":9183,"workHomeCommuteMedian":15175},"geometry":{"type":"Polygon","coordinates":[[[-106.29960095635303,31.736322137269656],[-106.29960095635303,31.745315340906902],[-106.29060775271579,31.745315340906902],[-106.29060775271579,31.736322137269656],[-106.29960095635303,31.736322137269656]]]}},{"type":"Feature","properties":{"jobs":538,"pop":1287,"pointCount":1,"homeWorkCommuteMedian":11736,"workHomeCommuteMedian":13877},"geometry":{"type":"Polygon","coordinates":[[[-106.29960095635303,31.745315340906902],[-106.29960095635303,31.75430854454415],[-106.29060775271579,31.75430854454415],[-106.29060775271579,31.745315340906902],[-106.29960095635303,31.745315340906902]]]}},{"type":"Feature","properties":{"jobs":17,"pop":616,"pointCount":1,"homeWorkCommuteMedian":15572,"workHomeCommuteMedian":9218},"geometry":{"type":"Polygon","coordinates":[[[-106.29960095635303,31.75430854454415],[-106.29960095635303,31.763301748181394],[-106.29060775271579,31.763301748181394],[-106.29060775271579,31.75430854454415],[-106.29960095635303,31.75430854454415]]]}},{"type":"Feature","properties":{"jobs":1428,"pop":260,"pointCount":1,"homeWorkCommuteMedian":17725,"workHomeCommuteMedian":17135},"geometry":{"type":"Polygon","coordinates":[[[-106.29960095635303,31.763301748181394],[-106.29960095635303,31.77229495181864],[-106.29060775271579,31.77229495181864],[-106.29060775271579,31.763301748181394],[-106.29960095635303,31.763301748181394]]]}},{"type":"Feature","properties":{"jobs":25,"pop":1116,"pointCount":1,"homeWorkCommuteMedian":21030,"workHomeCommuteMedian":19551},"geometry":{"type":"Polygon","coordinates":[[[-106.29960095635303,31.77229495181864],[-106.29960095635303,31.781288155455886],[-106.29060775271579,31.781288155455886],[-106.29060775271579,31.77229495181864],[-106.29960095635303,31.77229495181864]]]}},{"type":"Feature","properties":{"jobs":29,"pop":1538,"pointCount":2,"homeWorkCommuteMedian":15356,"workHomeCommuteMedian":17646},"geometry":{"type":"Polygon","coordinates":[[[-106.29960095635303,31.781288155455886],[-106.29960095635303,31.790281359093132],[-106.29060775271579,31.790281359093132],[-106.29060775271579,31.781288155455886],[-106.29960095635303,31.781288155455886]]]}},{"type":"Feature","properties":{"jobs":1285,"pop":906,"pointCount":3,"homeWorkCommuteMedian":13556,"workHomeCommuteMedian":19234},"geometry":{"type":"Polygon","coordinates":[[[-106.29960095635303,31.790281359093132],[-106.29960095635303,31.79927456273038],[-106.29060775271579,31.79927456273038],[-106.29060775271579,31.790281359093132],[-106.29960095635303,31.790281359093132]]]}},{"type":"Feature","properties":{"jobs":0,"pop":4,"pointCount":1,"homeWorkCommuteMedian":34481,"workHomeCommuteMedian":-1},"geometry":{"type":"Polygon","coordinates":[[[-106.29060775271579,31.583437675436475],[-106.29060775271579,31.59243087907372],[-106.28161454907854,31.59243087907372],[-106.28161454907854,31.583437675436475],[-106.29060775271579,31.583437675436475]]]}},{"type":"Feature","properties":{"jobs":166,"pop":365,"pointCount":1,"homeWorkCommuteMedian":24582,"workHomeCommuteMedian":21239},"geometry":{"type":"Polygon","coordinates":[[[-106.29060775271579,31.610417286348213],[-106.29060775271579,31.61941048998546],[-106.28161454907854,31.61941048998546],[-106.28161454907854,31.610417286348213],[-106.29060775271579,31.610417286348213]]]}},{"type":"Feature","properties":{"jobs":24,"pop":186,"pointCount":1,"homeWorkCommuteMedian":22439,"workHomeCommuteMedian":16514},"geometry":{"type":"Polygon","coordinates":[[[-106.29060775271579,31.628403693622705],[-106.29060775271579,31.63739689725995],[-106.28161454907854,31.63739689725995],[-106.28161454907854,31.628403693622705],[-106.29060775271579,31.628403693622705]]]}},{"type":"Feature","properties":{"jobs":1186,"pop":1137,"pointCount":2,"homeWorkCommuteMedian":21039,"workHomeCommuteMedian":16736},"geometry":{"type":"Polygon","coordinates":[[[-106.29060775271579,31.646390100897197],[-106.29060775271579,31.655383304534443],[-106.28161454907854,31.655383304534443],[-106.28161454907854,31.646390100897197],[-106.29060775271579,31.646390100897197]]]}},{"type":"Feature","properties":{"jobs":264,"pop":3094,"pointCount":2,"homeWorkCommuteMedian":18828,"workHomeCommuteMedian":14738},"geometry":{"type":"Polygon","coordinates":[[[-106.29060775271579,31.655383304534443],[-106.29060775271579,31.66437650817169],[-106.28161454907854,31.66437650817169],[-106.28161454907854,31.655383304534443],[-106.29060775271579,31.655383304534443]]]}},{"type":"Feature","properties":{"jobs":428,"pop":1377,"pointCount":1,"homeWorkCommuteMedian":19244,"workHomeCommuteMedian":19248},"geometry":{"type":"Polygon","coordinates":[[[-106.29060775271579,31.66437650817169],[-106.29060775271579,31.673369711808935],[-106.28161454907854,31.673369711808935],[-106.28161454907854,31.66437650817169],[-106.29060775271579,31.66437650817169]]]}},{"type":"Feature","properties":{"jobs":131,"pop":237,"pointCount":1,"homeWorkCommuteMedian":18522,"workHomeCommuteMedian":13312},"geometry":{"type":"Polygon","coordinates":[[[-106.29060775271579,31.673369711808935],[-106.29060775271579,31.68236291544618],[-106.28161454907854,31.68236291544618],[-106.28161454907854,31.673369711808935],[-106.29060775271579,31.673369711808935]]]}},{"type":"Feature","properties":{"jobs":309,"pop":160,"pointCount":1,"homeWorkCommuteMedian":25426,"workHomeCommuteMedian":15721},"geometry":{"type":"Polygon","coordinates":[[[-106.29060775271579,31.68236291544618],[-106.29060775271579,31.691356119083427],[-106.28161454907854,31.691356119083427],[-106.28161454907854,31.68236291544618],[-106.29060775271579,31.68236291544618]]]}},{"type":"Feature","properties":{"jobs":3380,"pop":444,"pointCount":3,"homeWorkCommuteMedian":20657,"workHomeCommuteMedian":16088},"geometry":{"type":"Polygon","coordinates":[[[-106.29060775271579,31.700349322720673],[-106.29060775271579,31.70934252635792],[-106.28161454907854,31.70934252635792],[-106.28161454907854,31.700349322720673],[-106.29060775271579,31.700349322720673]]]}},{"type":"Feature","properties":{"jobs":1432,"pop":783,"pointCount":3,"homeWorkCommuteMedian":16505,"workHomeCommuteMedian":16588},"geometry":{"type":"Polygon","coordinates":[[[-106.29060775271579,31.70934252635792],[-106.29060775271579,31.718335729995164],[-106.28161454907854,31.718335729995164],[-106.28161454907854,31.70934252635792],[-106.29060775271579,31.70934252635792]]]}},{"type":"Feature","properties":{"jobs":1640,"pop":361,"pointCount":2,"homeWorkCommuteMedian":19645,"workHomeCommuteMedian":13209},"geometry":{"type":"Polygon","coordinates":[[[-106.29060775271579,31.718335729995164],[-106.29060775271579,31.72732893363241],[-106.28161454907854,31.72732893363241],[-106.28161454907854,31.718335729995164],[-106.29060775271579,31.718335729995164]]]}},{"type":"Feature","properties":{"jobs":640,"pop":569,"pointCount":2,"homeWorkCommuteMedian":15624,"workHomeCommuteMedian":15680},"geometry":{"type":"Polygon","coordinates":[[[-106.29060775271579,31.72732893363241],[-106.29060775271579,31.736322137269656],[-106.28161454907854,31.736322137269656],[-106.28161454907854,31.72732893363241],[-106.29060775271579,31.72732893363241]]]}},{"type":"Feature","properties":{"jobs":1050,"pop":1144,"pointCount":2,"homeWorkCommuteMedian":11822,"workHomeCommuteMedian":15177},"geometry":{"type":"Polygon","coordinates":[[[-106.29060775271579,31.736322137269656],[-106.29060775271579,31.745315340906902],[-106.28161454907854,31.745315340906902],[-106.28161454907854,31.736322137269656],[-106.29060775271579,31.736322137269656]]]}},{"type":"Feature","properties":{"jobs":456,"pop":1581,"pointCount":2,"homeWorkCommuteMedian":14340,"workHomeCommuteMedian":16027},"geometry":{"type":"Polygon","coordinates":[[[-106.29060775271579,31.745315340906902],[-106.29060775271579,31.75430854454415],[-106.28161454907854,31.75430854454415],[-106.28161454907854,31.745315340906902],[-106.29060775271579,31.745315340906902]]]}},{"type":"Feature","properties":{"jobs":277,"pop":1618,"pointCount":2,"homeWorkCommuteMedian":14499,"workHomeCommuteMedian":16273},"geometry":{"type":"Polygon","coordinates":[[[-106.29060775271579,31.75430854454415],[-106.29060775271579,31.763301748181394],[-106.28161454907854,31.763301748181394],[-106.28161454907854,31.75430854454415],[-106.29060775271579,31.75430854454415]]]}},{"type":"Feature","properties":{"jobs":275,"pop":1043,"pointCount":1,"homeWorkCommuteMedian":16573,"workHomeCommuteMedian":16218},"geometry":{"type":"Polygon","coordinates":[[[-106.29060775271579,31.763301748181394],[-106.29060775271579,31.77229495181864],[-106.28161454907854,31.77229495181864],[-106.28161454907854,31.763301748181394],[-106.29060775271579,31.763301748181394]]]}},{"type":"Feature","properties":{"jobs":14,"pop":1036,"pointCount":1,"homeWorkCommuteMedian":21148,"workHomeCommuteMedian":18255},"geometry":{"type":"Polygon","coordinates":[[[-106.29060775271579,31.77229495181864],[-106.29060775271579,31.781288155455886],[-106.28161454907854,31.781288155455886],[-106.28161454907854,31.77229495181864],[-106.29060775271579,31.77229495181864]]]}},{"type":"Feature","properties":{"jobs":349,"pop":2000,"pointCount":2,"homeWorkCommuteMedian":15770,"workHomeCommuteMedian":16992},"geometry":{"type":"Polygon","coordinates":[[[-106.29060775271579,31.781288155455886],[-106.29060775271579,31.790281359093132],[-106.28161454907854,31.790281359093132],[-106.28161454907854,31.781288155455886],[-106.29060775271579,31.781288155455886]]]}},{"type":"Feature","properties":{"jobs":36,"pop":901,"pointCount":1,"homeWorkCommuteMedian":18418,"workHomeCommuteMedian":16969},"geometry":{"type":"Polygon","coordinates":[[[-106.29060775271579,31.790281359093132],[-106.29060775271579,31.79927456273038],[-106.28161454907854,31.79927456273038],[-106.28161454907854,31.790281359093132],[-106.29060775271579,31.790281359093132]]]}},{"type":"Feature","properties":{"jobs":0,"pop":0,"pointCount":1,"homeWorkCommuteMedian":-1,"workHomeCommuteMedian":-1},"geometry":{"type":"Polygon","coordinates":[[[-106.29060775271579,32.03309785729877],[-106.29060775271579,32.042091060936016],[-106.28161454907854,32.042091060936016],[-106.28161454907854,32.03309785729877],[-106.29060775271579,32.03309785729877]]]}},{"type":"Feature","properties":{"jobs":596,"pop":1398,"pointCount":1,"homeWorkCommuteMedian":11594,"workHomeCommuteMedian":14552},"geometry":{"type":"Polygon","coordinates":[[[-106.28161454907854,31.538471657250245],[-106.28161454907854,31.54746486088749],[-106.2726213454413,31.54746486088749],[-106.2726213454413,31.538471657250245],[-106.28161454907854,31.538471657250245]]]}},{"type":"Feature","properties":{"jobs":75,"pop":709,"pointCount":1,"homeWorkCommuteMedian":26149,"workHomeCommuteMedian":21575},"geometry":{"type":"Polygon","coordinates":[[[-106.28161454907854,31.601424082710967],[-106.28161454907854,31.610417286348213],[-106.2726213454413,31.610417286348213],[-106.2726213454413,31.601424082710967],[-106.28161454907854,31.601424082710967]]]}},{"type":"Feature","properties":{"jobs":36,"pop":872,"pointCount":1,"homeWorkCommuteMedian":24655,"workHomeCommuteMedian":20374},"geometry":{"type":"Polygon","coordinates":[[[-106.28161454907854,31.610417286348213],[-106.28161454907854,31.61941048998546],[-106.2726213454413,31.61941048998546],[-106.2726213454413,31.610417286348213],[-106.28161454907854,31.610417286348213]]]}},{"type":"Feature","properties":{"jobs":87,"pop":504,"pointCount":1,"homeWorkCommuteMedian":21662,"workHomeCommuteMedian":18727},"geometry":{"type":"Polygon","coordinates":[[[-106.28161454907854,31.628403693622705],[-106.28161454907854,31.63739689725995],[-106.2726213454413,31.63739689725995],[-106.2726213454413,31.628403693622705],[-106.28161454907854,31.628403693622705]]]}},{"type":"Feature","properties":{"jobs":168,"pop":319,"pointCount":1,"homeWorkCommuteMedian":21360,"workHomeCommuteMedian":17145},"geometry":{"type":"Polygon","coordinates":[[[-106.28161454907854,31.646390100897197],[-106.28161454907854,31.655383304534443],[-106.2726213454413,31.655383304534443],[-106.2726213454413,31.646390100897197],[-106.28161454907854,31.646390100897197]]]}},{"type":"Feature","properties":{"jobs":243,"pop":919,"pointCount":1,"homeWorkCommuteMedian":18177,"workHomeCommuteMedian":17236},"geometry":{"type":"Polygon","coordinates":[[[-106.28161454907854,31.655383304534443],[-106.28161454907854,31.66437650817169],[-106.2726213454413,31.66437650817169],[-106.2726213454413,31.655383304534443],[-106.28161454907854,31.655383304534443]]]}},{"type":"Feature","properties":{"jobs":89,"pop":988,"pointCount":1,"homeWorkCommuteMedian":20193,"workHomeCommuteMedian":14841},"geometry":{"type":"Polygon","coordinates":[[[-106.28161454907854,31.66437650817169],[-106.28161454907854,31.673369711808935],[-106.2726213454413,31.673369711808935],[-106.2726213454413,31.66437650817169],[-106.28161454907854,31.66437650817169]]]}},{"type":"Feature","properties":{"jobs":309,"pop":47,"pointCount":1,"homeWorkCommuteMedian":18040,"workHomeCommuteMedian":14951},"geometry":{"type":"Polygon","coordinates":[[[-106.28161454907854,31.691356119083427],[-106.28161454907854,31.700349322720673],[-106.2726213454413,31.700349322720673],[-106.2726213454413,31.691356119083427],[-106.28161454907854,31.691356119083427]]]}},{"type":"Feature","properties":{"jobs":1269,"pop":217,"pointCount":4,"homeWorkCommuteMedian":14302,"workHomeCommuteMedian":15171},"geometry":{"type":"Polygon","coordinates":[[[-106.28161454907854,31.700349322720673],[-106.28161454907854,31.70934252635792],[-106.2726213454413,31.70934252635792],[-106.2726213454413,31.700349322720673],[-106.28161454907854,31.700349322720673]]]}},{"type":"Feature","properties":{"jobs":818,"pop":689,"pointCount":3,"homeWorkCommuteMedian":19948,"workHomeCommuteMedian":14629},"geometry":{"type":"Polygon","coordinates":[[[-106.28161454907854,31.70934252635792],[-106.28161454907854,31.718335729995164],[-106.2726213454413,31.718335729995164],[-106.2726213454413,31.70934252635792],[-106.28161454907854,31.70934252635792]]]}},{"type":"Feature","properties":{"jobs":115,"pop":1180,"pointCount":2,"homeWorkCommuteMedian":16129,"workHomeCommuteMedian":14267},"geometry":{"type":"Polygon","coordinates":[[[-106.28161454907854,31.718335729995164],[-106.28161454907854,31.72732893363241],[-106.2726213454413,31.72732893363241],[-106.2726213454413,31.718335729995164],[-106.28161454907854,31.718335729995164]]]}},{"type":"Feature","properties":{"jobs":232,"pop":1941,"pointCount":2,"homeWorkCommuteMedian":14148,"workHomeCommuteMedian":11795},"geometry":{"type":"Polygon","coordinates":[[[-106.28161454907854,31.72732893363241],[-106.28161454907854,31.736322137269656],[-106.2726213454413,31.736322137269656],[-106.2726213454413,31.72732893363241],[-106.28161454907854,31.72732893363241]]]}},{"type":"Feature","properties":{"jobs":57,"pop":2211,"pointCount":2,"homeWorkCommuteMedian":20080,"workHomeCommuteMedian":17818},"geometry":{"type":"Polygon","coordinates":[[[-106.28161454907854,31.736322137269656],[-106.28161454907854,31.745315340906902],[-106.2726213454413,31.745315340906902],[-106.2726213454413,31.736322137269656],[-106.28161454907854,31.736322137269656]]]}},{"type":"Feature","properties":{"jobs":485,"pop":945,"pointCount":1,"homeWorkCommuteMedian":14660,"workHomeCommuteMedian":13959},"geometry":{"type":"Polygon","coordinates":[[[-106.28161454907854,31.745315340906902],[-106.28161454907854,31.75430854454415],[-106.2726213454413,31.75430854454415],[-106.2726213454413,31.745315340906902],[-106.28161454907854,31.745315340906902]]]}},{"type":"Feature","properties":{"jobs":1343,"pop":1948,"pointCount":5,"homeWorkCommuteMedian":18425,"workHomeCommuteMedian":15281},"geometry":{"type":"Polygon","coordinates":[[[-106.28161454907854,31.75430854454415],[-106.28161454907854,31.763301748181394],[-106.2726213454413,31.763301748181394],[-106.2726213454413,31.75430854454415],[-106.28161454907854,31.75430854454415]]]}},{"type":"Feature","properties":{"jobs":149,"pop":775,"pointCount":1,"homeWorkCommuteMedian":20235,"workHomeCommuteMedian":24104},"geometry":{"type":"Polygon","coordinates":[[[-106.28161454907854,31.77229495181864],[-106.28161454907854,31.781288155455886],[-106.2726213454413,31.781288155455886],[-106.2726213454413,31.77229495181864],[-106.28161454907854,31.77229495181864]]]}},{"type":"Feature","properties":{"jobs":34,"pop":1657,"pointCount":1,"homeWorkCommuteMedian":19676,"workHomeCommuteMedian":24271},"geometry":{"type":"Polygon","coordinates":[[[-106.28161454907854,31.781288155455886],[-106.28161454907854,31.790281359093132],[-106.2726213454413,31.790281359093132],[-106.2726213454413,31.781288155455886],[-106.28161454907854,31.781288155455886]]]}},{"type":"Feature","properties":{"jobs":98,"pop":3681,"pointCount":3,"homeWorkCommuteMedian":16418,"workHomeCommuteMedian":15537},"geometry":{"type":"Polygon","coordinates":[[[-106.28161454907854,31.790281359093132],[-106.28161454907854,31.79927456273038],[-106.2726213454413,31.79927456273038],[-106.2726213454413,31.790281359093132],[-106.28161454907854,31.790281359093132]]]}},{"type":"Feature","properties":{"jobs":1,"pop":0,"pointCount":1,"homeWorkCommuteMedian":-1,"workHomeCommuteMedian":13359},"geometry":{"type":"Polygon","coordinates":[[[-106.28161454907854,31.81726097000487],[-106.28161454907854,31.826254173642116],[-106.2726213454413,31.826254173642116],[-106.2726213454413,31.81726097000487],[-106.28161454907854,31.81726097000487]]]}},{"type":"Feature","properties":{"jobs":807,"pop":339,"pointCount":1,"homeWorkCommuteMedian":32004,"workHomeCommuteMedian":23673},"geometry":{"type":"Polygon","coordinates":[[[-106.2726213454413,31.565451268161983],[-106.2726213454413,31.57444447179923],[-106.26362814180405,31.57444447179923],[-106.26362814180405,31.565451268161983],[-106.2726213454413,31.565451268161983]]]}},{"type":"Feature","properties":{"jobs":14,"pop":598,"pointCount":1,"homeWorkCommuteMedian":32455,"workHomeCommuteMedian":25810},"geometry":{"type":"Polygon","coordinates":[[[-106.2726213454413,31.57444447179923],[-106.2726213454413,31.583437675436475],[-106.26362814180405,31.583437675436475],[-106.26362814180405,31.57444447179923],[-106.2726213454413,31.57444447179923]]]}},{"type":"Feature","properties":{"jobs":15,"pop":1458,"pointCount":1,"homeWorkCommuteMedian":25646,"workHomeCommuteMedian":23751},"geometry":{"type":"Polygon","coordinates":[[[-106.2726213454413,31.583437675436475],[-106.2726213454413,31.59243087907372],[-106.26362814180405,31.59243087907372],[-106.26362814180405,31.583437675436475],[-106.2726213454413,31.583437675436475]]]}},{"type":"Feature","properties":{"jobs":181,"pop":738,"pointCount":1,"homeWorkCommuteMedian":27757,"workHomeCommuteMedian":22154},"geometry":{"type":"Polygon","coordinates":[[[-106.2726213454413,31.59243087907372],[-106.2726213454413,31.601424082710967],[-106.26362814180405,31.601424082710967],[-106.26362814180405,31.59243087907372],[-106.2726213454413,31.59243087907372]]]}},{"type":"Feature","properties":{"jobs":37,"pop":1580,"pointCount":1,"homeWorkCommuteMedian":25009,"workHomeCommuteMedian":26775},"geometry":{"type":"Polygon","coordinates":[[[-106.2726213454413,31.610417286348213],[-106.2726213454413,31.61941048998546],[-106.26362814180405,31.61941048998546],[-106.26362814180405,31.610417286348213],[-106.2726213454413,31.610417286348213]]]}},{"type":"Feature","properties":{"jobs":289,"pop":787,"pointCount":1,"homeWorkCommuteMedian":23870,"workHomeCommuteMedian":17376},"geometry":{"type":"Polygon","coordinates":[[[-106.2726213454413,31.61941048998546],[-106.2726213454413,31.628403693622705],[-106.26362814180405,31.628403693622705],[-106.26362814180405,31.61941048998546],[-106.2726213454413,31.61941048998546]]]}},{"type":"Feature","properties":{"jobs":286,"pop":150,"pointCount":1,"homeWorkCommuteMedian":21510,"workHomeCommuteMedian":17429},"geometry":{"type":"Polygon","coordinates":[[[-106.2726213454413,31.646390100897197],[-106.2726213454413,31.655383304534443],[-106.26362814180405,31.655383304534443],[-106.26362814180405,31.646390100897197],[-106.2726213454413,31.646390100897197]]]}},{"type":"Feature","properties":{"jobs":435,"pop":143,"pointCount":1,"homeWorkCommuteMedian":24987,"workHomeCommuteMedian":14208},"geometry":{"type":"Polygon","coordinates":[[[-106.2726213454413,31.68236291544618],[-106.2726213454413,31.691356119083427],[-106.26362814180405,31.691356119083427],[-106.26362814180405,31.68236291544618],[-106.2726213454413,31.68236291544618]]]}},{"type":"Feature","properties":{"jobs":383,"pop":67,"pointCount":1,"homeWorkCommuteMedian":10268,"workHomeCommuteMedian":15076},"geometry":{"type":"Polygon","coordinates":[[[-106.2726213454413,31.691356119083427],[-106.2726213454413,31.700349322720673],[-106.26362814180405,31.700349322720673],[-106.26362814180405,31.691356119083427],[-106.2726213454413,31.691356119083427]]]}},{"type":"Feature","properties":{"jobs":162,"pop":609,"pointCount":1,"homeWorkCommuteMedian":20880,"workHomeCommuteMedian":13066},"geometry":{"type":"Polygon","coordinates":[[[-106.2726213454413,31.718335729995164],[-106.2726213454413,31.72732893363241],[-106.26362814180405,31.72732893363241],[-106.26362814180405,31.718335729995164],[-106.2726213454413,31.718335729995164]]]}},{"type":"Feature","properties":{"jobs":321,"pop":1439,"pointCount":2,"homeWorkCommuteMedian":15805,"workHomeCommuteMedian":13308},"geometry":{"type":"Polygon","coordinates":[[[-106.2726213454413,31.72732893363241],[-106.2726213454413,31.736322137269656],[-106.26362814180405,31.736322137269656],[-106.26362814180405,31.72732893363241],[-106.2726213454413,31.72732893363241]]]}},{"type":"Feature","properties":{"jobs":3970,"pop":1004,"pointCount":4,"homeWorkCommuteMedian":21778,"workHomeCommuteMedian":14934},"geometry":{"type":"Polygon","coordinates":[[[-106.2726213454413,31.75430854454415],[-106.2726213454413,31.763301748181394],[-106.26362814180405,31.763301748181394],[-106.26362814180405,31.75430854454415],[-106.2726213454413,31.75430854454415]]]}},{"type":"Feature","properties":{"jobs":354,"pop":738,"pointCount":2,"homeWorkCommuteMedian":16437,"workHomeCommuteMedian":15414},"geometry":{"type":"Polygon","coordinates":[[[-106.2726213454413,31.763301748181394],[-106.2726213454413,31.77229495181864],[-106.26362814180405,31.77229495181864],[-106.26362814180405,31.763301748181394],[-106.2726213454413,31.763301748181394]]]}},{"type":"Feature","properties":{"jobs":495,"pop":1727,"pointCount":2,"homeWorkCommuteMedian":17840,"workHomeCommuteMedian":17551},"geometry":{"type":"Polygon","coordinates":[[[-106.2726213454413,31.77229495181864],[-106.2726213454413,31.781288155455886],[-106.26362814180405,31.781288155455886],[-106.26362814180405,31.77229495181864],[-106.2726213454413,31.77229495181864]]]}},{"type":"Feature","properties":{"jobs":435,"pop":595,"pointCount":1,"homeWorkCommuteMedian":18705,"workHomeCommuteMedian":19137},"geometry":{"type":"Polygon","coordinates":[[[-106.2726213454413,31.781288155455886],[-106.2726213454413,31.790281359093132],[-106.26362814180405,31.790281359093132],[-106.26362814180405,31.781288155455886],[-106.2726213454413,31.781288155455886]]]}},{"type":"Feature","properties":{"jobs":814,"pop":2546,"pointCount":3,"homeWorkCommuteMedian":16287,"workHomeCommuteMedian":17379},"geometry":{"type":"Polygon","coordinates":[[[-106.2726213454413,31.790281359093132],[-106.2726213454413,31.79927456273038],[-106.26362814180405,31.79927456273038],[-106.26362814180405,31.790281359093132],[-106.2726213454413,31.790281359093132]]]}},{"type":"Feature","properties":{"jobs":1692,"pop":842,"pointCount":2,"homeWorkCommuteMedian":20746,"workHomeCommuteMedian":19379},"geometry":{"type":"Polygon","coordinates":[[[-106.2726213454413,31.79927456273038],[-106.2726213454413,31.808267766367624],[-106.26362814180405,31.808267766367624],[-106.26362814180405,31.79927456273038],[-106.2726213454413,31.79927456273038]]]}},{"type":"Feature","properties":{"jobs":0,"pop":0,"pointCount":1,"homeWorkCommuteMedian":-1,"workHomeCommuteMedian":-1},"geometry":{"type":"Polygon","coordinates":[[[-106.2726213454413,32.01511145002428],[-106.2726213454413,32.024104653661524],[-106.26362814180405,32.024104653661524],[-106.26362814180405,32.01511145002428],[-106.2726213454413,32.01511145002428]]]}},{"type":"Feature","properties":{"jobs":0,"pop":0,"pointCount":1,"homeWorkCommuteMedian":-1,"workHomeCommuteMedian":-1},"geometry":{"type":"Polygon","coordinates":[[[-106.26362814180405,31.520485249975753],[-106.26362814180405,31.529478453613],[-106.2546349381668,31.529478453613],[-106.2546349381668,31.520485249975753],[-106.26362814180405,31.520485249975753]]]}},{"type":"Feature","properties":{"jobs":9,"pop":383,"pointCount":1,"homeWorkCommuteMedian":27801,"workHomeCommuteMedian":21322},"geometry":{"type":"Polygon","coordinates":[[[-106.26362814180405,31.583437675436475],[-106.26362814180405,31.59243087907372],[-106.2546349381668,31.59243087907372],[-106.2546349381668,31.583437675436475],[-106.26362814180405,31.583437675436475]]]}},{"type":"Feature","properties":{"jobs":12,"pop":1169,"pointCount":1,"homeWorkCommuteMedian":24841,"workHomeCommuteMedian":17720},"geometry":{"type":"Polygon","coordinates":[[[-106.26362814180405,31.601424082710967],[-106.26362814180405,31.610417286348213],[-106.2546349381668,31.610417286348213],[-106.2546349381668,31.601424082710967],[-106.26362814180405,31.601424082710967]]]}},{"type":"Feature","properties":{"jobs":31,"pop":400,"pointCount":1,"homeWorkCommuteMedian":17955,"workHomeCommuteMedian":13371},"geometry":{"type":"Polygon","coordinates":[[[-106.26362814180405,31.63739689725995],[-106.26362814180405,31.646390100897197],[-106.2546349381668,31.646390100897197],[-106.2546349381668,31.63739689725995],[-106.26362814180405,31.63739689725995]]]}},{"type":"Feature","properties":{"jobs":221,"pop":199,"pointCount":1,"homeWorkCommuteMedian":23238,"workHomeCommuteMedian":15201},"geometry":{"type":"Polygon","coordinates":[[[-106.26362814180405,31.655383304534443],[-106.26362814180405,31.66437650817169],[-106.2546349381668,31.66437650817169],[-106.2546349381668,31.655383304534443],[-106.26362814180405,31.655383304534443]]]}},{"type":"Feature","properties":{"jobs":754,"pop":356,"pointCount":2,"homeWorkCommuteMedian":24821,"workHomeCommuteMedian":17221},"geometry":{"type":"Polygon","coordinates":[[[-106.26362814180405,31.673369711808935],[-106.26362814180405,31.68236291544618],[-106.2546349381668,31.68236291544618],[-106.2546349381668,31.673369711808935],[-106.26362814180405,31.673369711808935]]]}},{"type":"Feature","properties":{"jobs":12000,"pop":1595,"pointCount":2,"homeWorkCommuteMedian":16168,"workHomeCommuteMedian":15177},"geometry":{"type":"Polygon","coordinates":[[[-106.26362814180405,31.68236291544618],[-106.26362814180405,31.691356119083427],[-106.2546349381668,31.691356119083427],[-106.2546349381668,31.68236291544618],[-106.26362814180405,31.68236291544618]]]}},{"type":"Feature","properties":{"jobs":222,"pop":391,"pointCount":1,"homeWorkCommuteMedian":24548,"workHomeCommuteMedian":13711},"geometry":{"type":"Polygon","coordinates":[[[-106.26362814180405,31.700349322720673],[-106.26362814180405,31.70934252635792],[-106.2546349381668,31.70934252635792],[-106.2546349381668,31.700349322720673],[-106.26362814180405,31.700349322720673]]]}},{"type":"Feature","properties":{"jobs":274,"pop":1686,"pointCount":1,"homeWorkCommuteMedian":21018,"workHomeCommuteMedian":17379},"geometry":{"type":"Polygon","coordinates":[[[-106.26362814180405,31.72732893363241],[-106.26362814180405,31.736322137269656],[-106.2546349381668,31.736322137269656],[-106.2546349381668,31.72732893363241],[-106.26362814180405,31.72732893363241]]]}},{"type":"Feature","properties":{"jobs":172,"pop":235,"pointCount":1,"homeWorkCommuteMedian":13010,"workHomeCommuteMedian":17561},"geometry":{"type":"Polygon","coordinates":[[[-106.26362814180405,31.736322137269656],[-106.26362814180405,31.745315340906902],[-106.2546349381668,31.745315340906902],[-106.2546349381668,31.736322137269656],[-106.26362814180405,31.736322137269656]]]}},{"type":"Feature","properties":{"jobs":274,"pop":177,"pointCount":1,"homeWorkCommuteMedian":27526,"workHomeCommuteMedian":13251},"geometry":{"type":"Polygon","coordinates":[[[-106.26362814180405,31.745315340906902],[-106.26362814180405,31.75430854454415],[-106.2546349381668,31.75430854454415],[-106.2546349381668,31.745315340906902],[-106.26362814180405,31.745315340906902]]]}},{"type":"Feature","properties":{"jobs":75,"pop":640,"pointCount":1,"homeWorkCommuteMedian":23601,"workHomeCommuteMedian":17837},"geometry":{"type":"Polygon","coordinates":[[[-106.26362814180405,31.75430854454415],[-106.26362814180405,31.763301748181394],[-106.2546349381668,31.763301748181394],[-106.2546349381668,31.75430854454415],[-106.26362814180405,31.75430854454415]]]}},{"type":"Feature","properties":{"jobs":725,"pop":2049,"pointCount":2,"homeWorkCommuteMedian":16992,"workHomeCommuteMedian":16788},"geometry":{"type":"Polygon","coordinates":[[[-106.26362814180405,31.763301748181394],[-106.26362814180405,31.77229495181864],[-106.2546349381668,31.77229495181864],[-106.2546349381668,31.763301748181394],[-106.26362814180405,31.763301748181394]]]}},{"type":"Feature","properties":{"jobs":183,"pop":2006,"pointCount":3,"homeWorkCommuteMedian":16170,"workHomeCommuteMedian":15845},"geometry":{"type":"Polygon","coordinates":[[[-106.26362814180405,31.77229495181864],[-106.26362814180405,31.781288155455886],[-106.2546349381668,31.781288155455886],[-106.2546349381668,31.77229495181864],[-106.26362814180405,31.77229495181864]]]}},{"type":"Feature","properties":{"jobs":33,"pop":1053,"pointCount":1,"homeWorkCommuteMedian":21047,"workHomeCommuteMedian":23463},"geometry":{"type":"Polygon","coordinates":[[[-106.26362814180405,31.781288155455886],[-106.26362814180405,31.790281359093132],[-106.2546349381668,31.790281359093132],[-106.2546349381668,31.781288155455886],[-106.26362814180405,31.781288155455886]]]}},{"type":"Feature","properties":{"jobs":286,"pop":1629,"pointCount":2,"homeWorkCommuteMedian":17803,"workHomeCommuteMedian":19666},"geometry":{"type":"Polygon","coordinates":[[[-106.26362814180405,31.790281359093132],[-106.26362814180405,31.79927456273038],[-106.2546349381668,31.79927456273038],[-106.2546349381668,31.790281359093132],[-106.26362814180405,31.790281359093132]]]}},{"type":"Feature","properties":{"jobs":297,"pop":371,"pointCount":1,"homeWorkCommuteMedian":19440,"workHomeCommuteMedian":18468},"geometry":{"type":"Polygon","coordinates":[[[-106.26362814180405,31.79927456273038],[-106.26362814180405,31.808267766367624],[-106.2546349381668,31.808267766367624],[-106.2546349381668,31.79927456273038],[-106.26362814180405,31.79927456273038]]]}},{"type":"Feature","properties":{"jobs":0,"pop":0,"pointCount":1,"homeWorkCommuteMedian":-1,"workHomeCommuteMedian":-1},"geometry":{"type":"Polygon","coordinates":[[[-106.26362814180405,31.81726097000487],[-106.26362814180405,31.826254173642116],[-106.2546349381668,31.826254173642116],[-106.2546349381668,31.81726097000487],[-106.26362814180405,31.81726097000487]]]}},{"type":"Feature","properties":{"jobs":0,"pop":0,"pointCount":1,"homeWorkCommuteMedian":-1,"workHomeCommuteMedian":-1},"geometry":{"type":"Polygon","coordinates":[[[-106.26362814180405,31.835247377279362],[-106.26362814180405,31.84424058091661],[-106.2546349381668,31.84424058091661],[-106.2546349381668,31.835247377279362],[-106.26362814180405,31.835247377279362]]]}},{"type":"Feature","properties":{"jobs":5,"pop":48,"pointCount":1,"homeWorkCommuteMedian":31564,"workHomeCommuteMedian":24545},"geometry":{"type":"Polygon","coordinates":[[[-106.2546349381668,31.565451268161983],[-106.2546349381668,31.57444447179923],[-106.24564173452956,31.57444447179923],[-106.24564173452956,31.565451268161983],[-106.2546349381668,31.565451268161983]]]}},{"type":"Feature","properties":{"jobs":115,"pop":468,"pointCount":1,"homeWorkCommuteMedian":34057,"workHomeCommuteMedian":29944},"geometry":{"type":"Polygon","coordinates":[[[-106.2546349381668,31.583437675436475],[-106.2546349381668,31.59243087907372],[-106.24564173452956,31.59243087907372],[-106.24564173452956,31.583437675436475],[-106.2546349381668,31.583437675436475]]]}},{"type":"Feature","properties":{"jobs":25,"pop":359,"pointCount":1,"homeWorkCommuteMedian":26091,"workHomeCommuteMedian":22500},"geometry":{"type":"Polygon","coordinates":[[[-106.2546349381668,31.59243087907372],[-106.2546349381668,31.601424082710967],[-106.24564173452956,31.601424082710967],[-106.24564173452956,31.59243087907372],[-106.2546349381668,31.59243087907372]]]}},{"type":"Feature","properties":{"jobs":362,"pop":232,"pointCount":1,"homeWorkCommuteMedian":32921,"workHomeCommuteMedian":23554},"geometry":{"type":"Polygon","coordinates":[[[-106.2546349381668,31.610417286348213],[-106.2546349381668,31.61941048998546],[-106.24564173452956,31.61941048998546],[-106.24564173452956,31.610417286348213],[-106.2546349381668,31.610417286348213]]]}},{"type":"Feature","properties":{"jobs":11,"pop":452,"pointCount":1,"homeWorkCommuteMedian":24355,"workHomeCommuteMedian":12749},"geometry":{"type":"Polygon","coordinates":[[[-106.2546349381668,31.61941048998546],[-106.2546349381668,31.628403693622705],[-106.24564173452956,31.628403693622705],[-106.24564173452956,31.61941048998546],[-106.2546349381668,31.61941048998546]]]}},{"type":"Feature","properties":{"jobs":311,"pop":86,"pointCount":1,"homeWorkCommuteMedian":22982,"workHomeCommuteMedian":19001},"geometry":{"type":"Polygon","coordinates":[[[-106.2546349381668,31.655383304534443],[-106.2546349381668,31.66437650817169],[-106.24564173452956,31.66437650817169],[-106.24564173452956,31.655383304534443],[-106.2546349381668,31.655383304534443]]]}},{"type":"Feature","properties":{"jobs":757,"pop":521,"pointCount":2,"homeWorkCommuteMedian":21081,"workHomeCommuteMedian":18231},"geometry":{"type":"Polygon","coordinates":[[[-106.2546349381668,31.66437650817169],[-106.2546349381668,31.673369711808935],[-106.24564173452956,31.673369711808935],[-106.24564173452956,31.66437650817169],[-106.2546349381668,31.66437650817169]]]}},{"type":"Feature","properties":{"jobs":32,"pop":458,"pointCount":1,"homeWorkCommuteMedian":19892,"workHomeCommuteMedian":12578},"geometry":{"type":"Polygon","coordinates":[[[-106.2546349381668,31.68236291544618],[-106.2546349381668,31.691356119083427],[-106.24564173452956,31.691356119083427],[-106.24564173452956,31.68236291544618],[-106.2546349381668,31.68236291544618]]]}},{"type":"Feature","properties":{"jobs":88,"pop":835,"pointCount":1,"homeWorkCommuteMedian":18884,"workHomeCommuteMedian":14504},"geometry":{"type":"Polygon","coordinates":[[[-106.2546349381668,31.700349322720673],[-106.2546349381668,31.70934252635792],[-106.24564173452956,31.70934252635792],[-106.24564173452956,31.700349322720673],[-106.2546349381668,31.700349322720673]]]}},{"type":"Feature","properties":{"jobs":329,"pop":668,"pointCount":1,"homeWorkCommuteMedian":20001,"workHomeCommuteMedian":15434},"geometry":{"type":"Polygon","coordinates":[[[-106.2546349381668,31.718335729995164],[-106.2546349381668,31.72732893363241],[-106.24564173452956,31.72732893363241],[-106.24564173452956,31.718335729995164],[-106.2546349381668,31.718335729995164]]]}},{"type":"Feature","properties":{"jobs":90,"pop":32,"pointCount":1,"homeWorkCommuteMedian":24893,"workHomeCommuteMedian":19507},"geometry":{"type":"Polygon","coordinates":[[[-106.2546349381668,31.736322137269656],[-106.2546349381668,31.745315340906902],[-106.24564173452956,31.745315340906902],[-106.24564173452956,31.736322137269656],[-106.2546349381668,31.736322137269656]]]}},{"type":"Feature","properties":{"jobs":496,"pop":507,"pointCount":2,"homeWorkCommuteMedian":25358,"workHomeCommuteMedian":16993},"geometry":{"type":"Polygon","coordinates":[[[-106.2546349381668,31.763301748181394],[-106.2546349381668,31.77229495181864],[-106.24564173452956,31.77229495181864],[-106.24564173452956,31.763301748181394],[-106.2546349381668,31.763301748181394]]]}},{"type":"Feature","properties":{"jobs":156,"pop":195,"pointCount":1,"homeWorkCommuteMedian":16503,"workHomeCommuteMedian":16417},"geometry":{"type":"Polygon","coordinates":[[[-106.2546349381668,31.77229495181864],[-106.2546349381668,31.781288155455886],[-106.24564173452956,31.781288155455886],[-106.24564173452956,31.77229495181864],[-106.2546349381668,31.77229495181864]]]}},{"type":"Feature","properties":{"jobs":183,"pop":463,"pointCount":1,"homeWorkCommuteMedian":18434,"workHomeCommuteMedian":16622},"geometry":{"type":"Polygon","coordinates":[[[-106.2546349381668,31.781288155455886],[-106.2546349381668,31.790281359093132],[-106.24564173452956,31.790281359093132],[-106.24564173452956,31.781288155455886],[-106.2546349381668,31.781288155455886]]]}},{"type":"Feature","properties":{"jobs":226,"pop":1893,"pointCount":2,"homeWorkCommuteMedian":21745,"workHomeCommuteMedian":19647},"geometry":{"type":"Polygon","coordinates":[[[-106.2546349381668,31.790281359093132],[-106.2546349381668,31.79927456273038],[-106.24564173452956,31.79927456273038],[-106.24564173452956,31.790281359093132],[-106.2546349381668,31.790281359093132]]]}},{"type":"Feature","properties":{"jobs":529,"pop":2030,"pointCount":2,"homeWorkCommuteMedian":18104,"workHomeCommuteMedian":18907},"geometry":{"type":"Polygon","coordinates":[[[-106.2546349381668,31.808267766367624],[-106.2546349381668,31.81726097000487],[-106.24564173452956,31.81726097000487],[-106.24564173452956,31.808267766367624],[-106.2546349381668,31.808267766367624]]]}},{"type":"Feature","properties":{"jobs":0,"pop":0,"pointCount":1,"homeWorkCommuteMedian":-1,"workHomeCommuteMedian":-1},"geometry":{"type":"Polygon","coordinates":[[[-106.2546349381668,32.03309785729877],[-106.2546349381668,32.042091060936016],[-106.24564173452956,32.042091060936016],[-106.24564173452956,32.03309785729877],[-106.2546349381668,32.03309785729877]]]}},{"type":"Feature","properties":{"jobs":6,"pop":24,"pointCount":1,"homeWorkCommuteMedian":28340,"workHomeCommuteMedian":20274},"geometry":{"type":"Polygon","coordinates":[[[-106.24564173452956,31.556458064524737],[-106.24564173452956,31.565451268161983],[-106.23664853089231,31.565451268161983],[-106.23664853089231,31.556458064524737],[-106.24564173452956,31.556458064524737]]]}},{"type":"Feature","properties":{"jobs":228,"pop":163,"pointCount":1,"homeWorkCommuteMedian":32634,"workHomeCommuteMedian":23521},"geometry":{"type":"Polygon","coordinates":[[[-106.24564173452956,31.583437675436475],[-106.24564173452956,31.59243087907372],[-106.23664853089231,31.59243087907372],[-106.23664853089231,31.583437675436475],[-106.24564173452956,31.583437675436475]]]}},{"type":"Feature","properties":{"jobs":244,"pop":92,"pointCount":1,"homeWorkCommuteMedian":22141,"workHomeCommuteMedian":20265},"geometry":{"type":"Polygon","coordinates":[[[-106.24564173452956,31.646390100897197],[-106.24564173452956,31.655383304534443],[-106.23664853089231,31.655383304534443],[-106.23664853089231,31.646390100897197],[-106.24564173452956,31.646390100897197]]]}},{"type":"Feature","properties":{"jobs":408,"pop":250,"pointCount":1,"homeWorkCommuteMedian":28491,"workHomeCommuteMedian":17298},"geometry":{"type":"Polygon","coordinates":[[[-106.24564173452956,31.655383304534443],[-106.24564173452956,31.66437650817169],[-106.23664853089231,31.66437650817169],[-106.23664853089231,31.655383304534443],[-106.24564173452956,31.655383304534443]]]}},{"type":"Feature","properties":{"jobs":273,"pop":754,"pointCount":1,"homeWorkCommuteMedian":23639,"workHomeCommuteMedian":20019},"geometry":{"type":"Polygon","coordinates":[[[-106.24564173452956,31.66437650817169],[-106.24564173452956,31.673369711808935],[-106.23664853089231,31.673369711808935],[-106.23664853089231,31.66437650817169],[-106.24564173452956,31.66437650817169]]]}},{"type":"Feature","properties":{"jobs":33,"pop":1045,"pointCount":1,"homeWorkCommuteMedian":18086,"workHomeCommuteMedian":19808},"geometry":{"type":"Polygon","coordinates":[[[-106.24564173452956,31.673369711808935],[-106.24564173452956,31.68236291544618],[-106.23664853089231,31.68236291544618],[-106.23664853089231,31.673369711808935],[-106.24564173452956,31.673369711808935]]]}},{"type":"Feature","properties":{"jobs":316,"pop":1180,"pointCount":1,"homeWorkCommuteMedian":19686,"workHomeCommuteMedian":16988},"geometry":{"type":"Polygon","coordinates":[[[-106.24564173452956,31.691356119083427],[-106.24564173452956,31.700349322720673],[-106.23664853089231,31.700349322720673],[-106.23664853089231,31.691356119083427],[-106.24564173452956,31.691356119083427]]]}},{"type":"Feature","properties":{"jobs":538,"pop":836,"pointCount":2,"homeWorkCommuteMedian":21933,"workHomeCommuteMedian":18702},"geometry":{"type":"Polygon","coordinates":[[[-106.24564173452956,31.77229495181864],[-106.24564173452956,31.781288155455886],[-106.23664853089231,31.781288155455886],[-106.23664853089231,31.77229495181864],[-106.24564173452956,31.77229495181864]]]}},{"type":"Feature","properties":{"jobs":375,"pop":1343,"pointCount":2,"homeWorkCommuteMedian":23008,"workHomeCommuteMedian":22031},"geometry":{"type":"Polygon","coordinates":[[[-106.24564173452956,31.781288155455886],[-106.24564173452956,31.790281359093132],[-106.23664853089231,31.790281359093132],[-106.23664853089231,31.781288155455886],[-106.24564173452956,31.781288155455886]]]}},{"type":"Feature","properties":{"jobs":242,"pop":1564,"pointCount":1,"homeWorkCommuteMedian":20551,"workHomeCommuteMedian":18010},"geometry":{"type":"Polygon","coordinates":[[[-106.24564173452956,31.790281359093132],[-106.24564173452956,31.79927456273038],[-106.23664853089231,31.79927456273038],[-106.23664853089231,31.790281359093132],[-106.24564173452956,31.790281359093132]]]}},{"type":"Feature","properties":{"jobs":390,"pop":2133,"pointCount":2,"homeWorkCommuteMedian":18899,"workHomeCommuteMedian":20051},"geometry":{"type":"Polygon","coordinates":[[[-106.24564173452956,31.79927456273038],[-106.24564173452956,31.808267766367624],[-106.23664853089231,31.808267766367624],[-106.23664853089231,31.79927456273038],[-106.24564173452956,31.79927456273038]]]}},{"type":"Feature","properties":{"jobs":0,"pop":2,"pointCount":1,"homeWorkCommuteMedian":47079,"workHomeCommuteMedian":-1},"geometry":{"type":"Polygon","coordinates":[[[-106.23664853089231,31.511492046338507],[-106.23664853089231,31.520485249975753],[-106.22765532725506,31.520485249975753],[-106.22765532725506,31.511492046338507],[-106.23664853089231,31.511492046338507]]]}},{"type":"Feature","properties":{"jobs":386,"pop":7,"pointCount":1,"homeWorkCommuteMedian":31944,"workHomeCommuteMedian":35461},"geometry":{"type":"Polygon","coordinates":[[[-106.23664853089231,31.529478453613],[-106.23664853089231,31.538471657250245],[-106.22765532725506,31.538471657250245],[-106.22765532725506,31.529478453613],[-106.23664853089231,31.529478453613]]]}},{"type":"Feature","properties":{"jobs":221,"pop":474,"pointCount":2,"homeWorkCommuteMedian":29581,"workHomeCommuteMedian":19727},"geometry":{"type":"Polygon","coordinates":[[[-106.23664853089231,31.583437675436475],[-106.23664853089231,31.59243087907372],[-106.22765532725506,31.59243087907372],[-106.22765532725506,31.583437675436475],[-106.23664853089231,31.583437675436475]]]}},{"type":"Feature","properties":{"jobs":16,"pop":67,"pointCount":1,"homeWorkCommuteMedian":31869,"workHomeCommuteMedian":21341},"geometry":{"type":"Polygon","coordinates":[[[-106.23664853089231,31.61941048998546],[-106.23664853089231,31.628403693622705],[-106.22765532725506,31.628403693622705],[-106.22765532725506,31.61941048998546],[-106.23664853089231,31.61941048998546]]]}},{"type":"Feature","properties":{"jobs":286,"pop":175,"pointCount":1,"homeWorkCommuteMedian":28252,"workHomeCommuteMedian":20143},"geometry":{"type":"Polygon","coordinates":[[[-106.23664853089231,31.63739689725995],[-106.23664853089231,31.646390100897197],[-106.22765532725506,31.646390100897197],[-106.22765532725506,31.63739689725995],[-106.23664853089231,31.63739689725995]]]}},{"type":"Feature","properties":{"jobs":247,"pop":289,"pointCount":1,"homeWorkCommuteMedian":22984,"workHomeCommuteMedian":17187},"geometry":{"type":"Polygon","coordinates":[[[-106.23664853089231,31.655383304534443],[-106.23664853089231,31.66437650817169],[-106.22765532725506,31.66437650817169],[-106.22765532725506,31.655383304534443],[-106.23664853089231,31.655383304534443]]]}},{"type":"Feature","properties":{"jobs":323,"pop":733,"pointCount":1,"homeWorkCommuteMedian":25491,"workHomeCommuteMedian":17981},"geometry":{"type":"Polygon","coordinates":[[[-106.23664853089231,31.66437650817169],[-106.23664853089231,31.673369711808935],[-106.22765532725506,31.673369711808935],[-106.22765532725506,31.66437650817169],[-106.23664853089231,31.66437650817169]]]}},{"type":"Feature","properties":{"jobs":9,"pop":780,"pointCount":1,"homeWorkCommuteMedian":16715,"workHomeCommuteMedian":14706},"geometry":{"type":"Polygon","coordinates":[[[-106.23664853089231,31.673369711808935],[-106.23664853089231,31.68236291544618],[-106.22765532725506,31.68236291544618],[-106.22765532725506,31.673369711808935],[-106.23664853089231,31.673369711808935]]]}},{"type":"Feature","properties":{"jobs":39,"pop":1221,"pointCount":1,"homeWorkCommuteMedian":19675,"workHomeCommuteMedian":15307},"geometry":{"type":"Polygon","coordinates":[[[-106.23664853089231,31.68236291544618],[-106.23664853089231,31.691356119083427],[-106.22765532725506,31.691356119083427],[-106.22765532725506,31.68236291544618],[-106.23664853089231,31.68236291544618]]]}},{"type":"Feature","properties":{"jobs":0,"pop":6,"pointCount":1,"homeWorkCommuteMedian":15657,"workHomeCommuteMedian":-1},"geometry":{"type":"Polygon","coordinates":[[[-106.23664853089231,31.745315340906902],[-106.23664853089231,31.75430854454415],[-106.22765532725506,31.75430854454415],[-106.22765532725506,31.745315340906902],[-106.23664853089231,31.745315340906902]]]}},{"type":"Feature","properties":{"jobs":44,"pop":1611,"pointCount":1,"homeWorkCommuteMedian":19824,"workHomeCommuteMedian":19634},"geometry":{"type":"Polygon","coordinates":[[[-106.23664853089231,31.77229495181864],[-106.23664853089231,31.781288155455886],[-106.22765532725506,31.781288155455886],[-106.22765532725506,31.77229495181864],[-106.23664853089231,31.77229495181864]]]}},{"type":"Feature","properties":{"jobs":742,"pop":2474,"pointCount":2,"homeWorkCommuteMedian":19284,"workHomeCommuteMedian":18231},"geometry":{"type":"Polygon","coordinates":[[[-106.23664853089231,31.790281359093132],[-106.23664853089231,31.79927456273038],[-106.22765532725506,31.79927456273038],[-106.22765532725506,31.790281359093132],[-106.23664853089231,31.790281359093132]]]}},{"type":"Feature","properties":{"jobs":0,"pop":0,"pointCount":1,"homeWorkCommuteMedian":-1,"workHomeCommuteMedian":-1},"geometry":{"type":"Polygon","coordinates":[[[-106.23664853089231,31.916186210014576],[-106.23664853089231,31.925179413651822],[-106.22765532725506,31.925179413651822],[-106.22765532725506,31.916186210014576],[-106.23664853089231,31.916186210014576]]]}},{"type":"Feature","properties":{"jobs":0,"pop":0,"pointCount":1,"homeWorkCommuteMedian":-1,"workHomeCommuteMedian":-1},"geometry":{"type":"Polygon","coordinates":[[[-106.23664853089231,32.00611824638703],[-106.23664853089231,32.01511145002428],[-106.22765532725506,32.01511145002428],[-106.22765532725506,32.00611824638703],[-106.23664853089231,32.00611824638703]]]}},{"type":"Feature","properties":{"jobs":2,"pop":37,"pointCount":1,"homeWorkCommuteMedian":32217,"workHomeCommuteMedian":36496},"geometry":{"type":"Polygon","coordinates":[[[-106.22765532725506,31.54746486088749],[-106.22765532725506,31.556458064524737],[-106.21866212361782,31.556458064524737],[-106.21866212361782,31.54746486088749],[-106.22765532725506,31.54746486088749]]]}},{"type":"Feature","properties":{"jobs":0,"pop":551,"pointCount":1,"homeWorkCommuteMedian":31422,"workHomeCommuteMedian":-1},"geometry":{"type":"Polygon","coordinates":[[[-106.22765532725506,31.565451268161983],[-106.22765532725506,31.57444447179923],[-106.21866212361782,31.57444447179923],[-106.21866212361782,31.565451268161983],[-106.22765532725506,31.565451268161983]]]}},{"type":"Feature","properties":{"jobs":16,"pop":280,"pointCount":1,"homeWorkCommuteMedian":31335,"workHomeCommuteMedian":20535},"geometry":{"type":"Polygon","coordinates":[[[-106.22765532725506,31.601424082710967],[-106.22765532725506,31.610417286348213],[-106.21866212361782,31.610417286348213],[-106.21866212361782,31.601424082710967],[-106.22765532725506,31.601424082710967]]]}},{"type":"Feature","properties":{"jobs":18,"pop":294,"pointCount":1,"homeWorkCommuteMedian":19448,"workHomeCommuteMedian":20805},"geometry":{"type":"Polygon","coordinates":[[[-106.22765532725506,31.63739689725995],[-106.22765532725506,31.646390100897197],[-106.21866212361782,31.646390100897197],[-106.21866212361782,31.63739689725995],[-106.22765532725506,31.63739689725995]]]}},{"type":"Feature","properties":{"jobs":196,"pop":716,"pointCount":1,"homeWorkCommuteMedian":22220,"workHomeCommuteMedian":19526},"geometry":{"type":"Polygon","coordinates":[[[-106.22765532725506,31.673369711808935],[-106.22765532725506,31.68236291544618],[-106.21866212361782,31.68236291544618],[-106.21866212361782,31.673369711808935],[-106.22765532725506,31.673369711808935]]]}},{"type":"Feature","properties":{"jobs":112,"pop":1684,"pointCount":2,"homeWorkCommuteMedian":22067,"workHomeCommuteMedian":17882},"geometry":{"type":"Polygon","coordinates":[[[-106.22765532725506,31.691356119083427],[-106.22765532725506,31.700349322720673],[-106.21866212361782,31.700349322720673],[-106.21866212361782,31.691356119083427],[-106.22765532725506,31.691356119083427]]]}},{"type":"Feature","properties":{"jobs":35,"pop":879,"pointCount":1,"homeWorkCommuteMedian":20391,"workHomeCommuteMedian":16074},"geometry":{"type":"Polygon","coordinates":[[[-106.22765532725506,31.700349322720673],[-106.22765532725506,31.70934252635792],[-106.21866212361782,31.70934252635792],[-106.21866212361782,31.700349322720673],[-106.22765532725506,31.700349322720673]]]}},{"type":"Feature","properties":{"jobs":192,"pop":94,"pointCount":1,"homeWorkCommuteMedian":20233,"workHomeCommuteMedian":20590},"geometry":{"type":"Polygon","coordinates":[[[-106.22765532725506,31.70934252635792],[-106.22765532725506,31.718335729995164],[-106.21866212361782,31.718335729995164],[-106.21866212361782,31.70934252635792],[-106.22765532725506,31.70934252635792]]]}},{"type":"Feature","properties":{"jobs":21,"pop":653,"pointCount":1,"homeWorkCommuteMedian":15725,"workHomeCommuteMedian":20650},"geometry":{"type":"Polygon","coordinates":[[[-106.22765532725506,31.763301748181394],[-106.22765532725506,31.77229495181864],[-106.21866212361782,31.77229495181864],[-106.21866212361782,31.763301748181394],[-106.22765532725506,31.763301748181394]]]}},{"type":"Feature","properties":{"jobs":7,"pop":334,"pointCount":1,"homeWorkCommuteMedian":21449,"workHomeCommuteMedian":20456},"geometry":{"type":"Polygon","coordinates":[[[-106.22765532725506,31.77229495181864],[-106.22765532725506,31.781288155455886],[-106.21866212361782,31.781288155455886],[-106.21866212361782,31.77229495181864],[-106.22765532725506,31.77229495181864]]]}},{"type":"Feature","properties":{"jobs":36,"pop":4021,"pointCount":2,"homeWorkCommuteMedian":19480,"workHomeCommuteMedian":16397},"geometry":{"type":"Polygon","coordinates":[[[-106.22765532725506,31.790281359093132],[-106.22765532725506,31.79927456273038],[-106.21866212361782,31.79927456273038],[-106.21866212361782,31.790281359093132],[-106.22765532725506,31.790281359093132]]]}},{"type":"Feature","properties":{"jobs":174,"pop":277,"pointCount":1,"homeWorkCommuteMedian":23142,"workHomeCommuteMedian":20657},"geometry":{"type":"Polygon","coordinates":[[[-106.22765532725506,31.79927456273038],[-106.22765532725506,31.808267766367624],[-106.21866212361782,31.808267766367624],[-106.21866212361782,31.79927456273038],[-106.22765532725506,31.79927456273038]]]}},{"type":"Feature","properties":{"jobs":188,"pop":15,"pointCount":1,"homeWorkCommuteMedian":25234,"workHomeCommuteMedian":25245},"geometry":{"type":"Polygon","coordinates":[[[-106.22765532725506,31.81726097000487],[-106.22765532725506,31.826254173642116],[-106.21866212361782,31.826254173642116],[-106.21866212361782,31.81726097000487],[-106.22765532725506,31.81726097000487]]]}},{"type":"Feature","properties":{"jobs":0,"pop":2,"pointCount":1,"homeWorkCommuteMedian":4412,"workHomeCommuteMedian":-1},"geometry":{"type":"Polygon","coordinates":[[[-106.22765532725506,31.835247377279362],[-106.22765532725506,31.84424058091661],[-106.21866212361782,31.84424058091661],[-106.21866212361782,31.835247377279362],[-106.22765532725506,31.835247377279362]]]}},{"type":"Feature","properties":{"jobs":0,"pop":0,"pointCount":1,"homeWorkCommuteMedian":-1,"workHomeCommuteMedian":-1},"geometry":{"type":"Polygon","coordinates":[[[-106.21866212361782,31.493505639064015],[-106.21866212361782,31.50249884270126],[-106.20966891998057,31.50249884270126],[-106.20966891998057,31.493505639064015],[-106.21866212361782,31.493505639064015]]]}},{"type":"Feature","properties":{"jobs":5,"pop":436,"pointCount":1,"homeWorkCommuteMedian":28655,"workHomeCommuteMedian":22581},"geometry":{"type":"Polygon","coordinates":[[[-106.21866212361782,31.583437675436475],[-106.21866212361782,31.59243087907372],[-106.20966891998057,31.59243087907372],[-106.20966891998057,31.583437675436475],[-106.21866212361782,31.583437675436475]]]}},{"type":"Feature","properties":{"jobs":6,"pop":62,"pointCount":1,"homeWorkCommuteMedian":26056,"workHomeCommuteMedian":12986},"geometry":{"type":"Polygon","coordinates":[[[-106.21866212361782,31.61941048998546],[-106.21866212361782,31.628403693622705],[-106.20966891998057,31.628403693622705],[-106.20966891998057,31.61941048998546],[-106.21866212361782,31.61941048998546]]]}},{"type":"Feature","properties":{"jobs":0,"pop":63,"pointCount":1,"homeWorkCommuteMedian":21180,"workHomeCommuteMedian":-1},"geometry":{"type":"Polygon","coordinates":[[[-106.21866212361782,31.628403693622705],[-106.21866212361782,31.63739689725995],[-106.20966891998057,31.63739689725995],[-106.20966891998057,31.628403693622705],[-106.21866212361782,31.628403693622705]]]}},{"type":"Feature","properties":{"jobs":0,"pop":99,"pointCount":1,"homeWorkCommuteMedian":31315,"workHomeCommuteMedian":-1},"geometry":{"type":"Polygon","coordinates":[[[-106.21866212361782,31.655383304534443],[-106.21866212361782,31.66437650817169],[-106.20966891998057,31.66437650817169],[-106.20966891998057,31.655383304534443],[-106.21866212361782,31.655383304534443]]]}},{"type":"Feature","properties":{"jobs":15,"pop":495,"pointCount":1,"homeWorkCommuteMedian":25237,"workHomeCommuteMedian":21594},"geometry":{"type":"Polygon","coordinates":[[[-106.21866212361782,31.68236291544618],[-106.21866212361782,31.691356119083427],[-106.20966891998057,31.691356119083427],[-106.20966891998057,31.68236291544618],[-106.21866212361782,31.68236291544618]]]}},{"type":"Feature","properties":{"jobs":667,"pop":1252,"pointCount":1,"homeWorkCommuteMedian":20248,"workHomeCommuteMedian":19862},"geometry":{"type":"Polygon","coordinates":[[[-106.21866212361782,31.691356119083427],[-106.21866212361782,31.700349322720673],[-106.20966891998057,31.700349322720673],[-106.20966891998057,31.691356119083427],[-106.21866212361782,31.691356119083427]]]}},{"type":"Feature","properties":{"jobs":83,"pop":2607,"pointCount":2,"homeWorkCommuteMedian":24402,"workHomeCommuteMedian":14830},"geometry":{"type":"Polygon","coordinates":[[[-106.21866212361782,31.700349322720673],[-106.21866212361782,31.70934252635792],[-106.20966891998057,31.70934252635792],[-106.20966891998057,31.700349322720673],[-106.21866212361782,31.700349322720673]]]}},{"type":"Feature","properties":{"jobs":0,"pop":17,"pointCount":1,"homeWorkCommuteMedian":31552,"workHomeCommuteMedian":-1},"geometry":{"type":"Polygon","coordinates":[[[-106.21866212361782,31.72732893363241],[-106.21866212361782,31.736322137269656],[-106.20966891998057,31.736322137269656],[-106.20966891998057,31.72732893363241],[-106.21866212361782,31.72732893363241]]]}},{"type":"Feature","properties":{"jobs":427,"pop":1674,"pointCount":2,"homeWorkCommuteMedian":21373,"workHomeCommuteMedian":19745},"geometry":{"type":"Polygon","coordinates":[[[-106.21866212361782,31.781288155455886],[-106.21866212361782,31.790281359093132],[-106.20966891998057,31.790281359093132],[-106.20966891998057,31.781288155455886],[-106.21866212361782,31.781288155455886]]]}},{"type":"Feature","properties":{"jobs":95,"pop":1055,"pointCount":1,"homeWorkCommuteMedian":20269,"workHomeCommuteMedian":23385},"geometry":{"type":"Polygon","coordinates":[[[-106.21866212361782,31.790281359093132],[-106.21866212361782,31.79927456273038],[-106.20966891998057,31.79927456273038],[-106.20966891998057,31.790281359093132],[-106.21866212361782,31.790281359093132]]]}},{"type":"Feature","properties":{"jobs":413,"pop":25,"pointCount":1,"homeWorkCommuteMedian":25652,"workHomeCommuteMedian":24196},"geometry":{"type":"Polygon","coordinates":[[[-106.21866212361782,31.81726097000487],[-106.21866212361782,31.826254173642116],[-106.20966891998057,31.826254173642116],[-106.20966891998057,31.81726097000487],[-106.21866212361782,31.81726097000487]]]}},{"type":"Feature","properties":{"jobs":0,"pop":0,"pointCount":1,"homeWorkCommuteMedian":-1,"workHomeCommuteMedian":-1},"geometry":{"type":"Polygon","coordinates":[[[-106.20966891998057,31.511492046338507],[-106.20966891998057,31.520485249975753],[-106.20067571634333,31.520485249975753],[-106.20067571634333,31.511492046338507],[-106.20966891998057,31.511492046338507]]]}},{"type":"Feature","properties":{"jobs":1,"pop":17,"pointCount":1,"homeWorkCommuteMedian":42355,"workHomeCommuteMedian":30373},"geometry":{"type":"Polygon","coordinates":[[[-106.20966891998057,31.538471657250245],[-106.20966891998057,31.54746486088749],[-106.20067571634333,31.54746486088749],[-106.20067571634333,31.538471657250245],[-106.20966891998057,31.538471657250245]]]}},{"type":"Feature","properties":{"jobs":40,"pop":105,"pointCount":1,"homeWorkCommuteMedian":23570,"workHomeCommuteMedian":20603},"geometry":{"type":"Polygon","coordinates":[[[-106.20966891998057,31.556458064524737],[-106.20966891998057,31.565451268161983],[-106.20067571634333,31.565451268161983],[-106.20067571634333,31.556458064524737],[-106.20966891998057,31.556458064524737]]]}},{"type":"Feature","properties":{"jobs":57,"pop":310,"pointCount":1,"homeWorkCommuteMedian":30051,"workHomeCommuteMedian":27746},"geometry":{"type":"Polygon","coordinates":[[[-106.20966891998057,31.601424082710967],[-106.20966891998057,31.610417286348213],[-106.20067571634333,31.610417286348213],[-106.20067571634333,31.601424082710967],[-106.20966891998057,31.601424082710967]]]}},{"type":"Feature","properties":{"jobs":1003,"pop":286,"pointCount":1,"homeWorkCommuteMedian":28437,"workHomeCommuteMedian":22192},"geometry":{"type":"Polygon","coordinates":[[[-106.20966891998057,31.673369711808935],[-106.20966891998057,31.68236291544618],[-106.20067571634333,31.68236291544618],[-106.20067571634333,31.673369711808935],[-106.20966891998057,31.673369711808935]]]}},{"type":"Feature","properties":{"jobs":458,"pop":944,"pointCount":2,"homeWorkCommuteMedian":23673,"workHomeCommuteMedian":19217},"geometry":{"type":"Polygon","coordinates":[[[-106.20966891998057,31.68236291544618],[-106.20966891998057,31.691356119083427],[-106.20067571634333,31.691356119083427],[-106.20067571634333,31.68236291544618],[-106.20966891998057,31.68236291544618]]]}},{"type":"Feature","properties":{"jobs":28,"pop":1244,"pointCount":1,"homeWorkCommuteMedian":24660,"workHomeCommuteMedian":18350},"geometry":{"type":"Polygon","coordinates":[[[-106.20966891998057,31.700349322720673],[-106.20966891998057,31.70934252635792],[-106.20067571634333,31.70934252635792],[-106.20067571634333,31.700349322720673],[-106.20966891998057,31.700349322720673]]]}},{"type":"Feature","properties":{"jobs":139,"pop":188,"pointCount":1,"homeWorkCommuteMedian":27095,"workHomeCommuteMedian":12789},"geometry":{"type":"Polygon","coordinates":[[[-106.20966891998057,31.718335729995164],[-106.20966891998057,31.72732893363241],[-106.20067571634333,31.72732893363241],[-106.20067571634333,31.718335729995164],[-106.20966891998057,31.718335729995164]]]}},{"type":"Feature","properties":{"jobs":0,"pop":0,"pointCount":1,"homeWorkCommuteMedian":-1,"workHomeCommuteMedian":-1},"geometry":{"type":"Polygon","coordinates":[[[-106.20966891998057,31.763301748181394],[-106.20966891998057,31.77229495181864],[-106.20067571634333,31.77229495181864],[-106.20067571634333,31.763301748181394],[-106.20966891998057,31.763301748181394]]]}},{"type":"Feature","properties":{"jobs":279,"pop":1913,"pointCount":2,"homeWorkCommuteMedian":21785,"workHomeCommuteMedian":25507},"geometry":{"type":"Polygon","coordinates":[[[-106.20966891998057,31.790281359093132],[-106.20966891998057,31.79927456273038],[-106.20067571634333,31.79927456273038],[-106.20067571634333,31.790281359093132],[-106.20966891998057,31.790281359093132]]]}},{"type":"Feature","properties":{"jobs":70,"pop":86,"pointCount":1,"homeWorkCommuteMedian":32737,"workHomeCommuteMedian":21347},"geometry":{"type":"Polygon","coordinates":[[[-106.20067571634333,31.59243087907372],[-106.20067571634333,31.601424082710967],[-106.19168251270608,31.601424082710967],[-106.19168251270608,31.59243087907372],[-106.20067571634333,31.59243087907372]]]}},{"type":"Feature","properties":{"jobs":19,"pop":190,"pointCount":1,"homeWorkCommuteMedian":34859,"workHomeCommuteMedian":22516},"geometry":{"type":"Polygon","coordinates":[[[-106.20067571634333,31.646390100897197],[-106.20067571634333,31.655383304534443],[-106.19168251270608,31.655383304534443],[-106.19168251270608,31.646390100897197],[-106.20067571634333,31.646390100897197]]]}},{"type":"Feature","properties":{"jobs":714,"pop":392,"pointCount":2,"homeWorkCommuteMedian":26391,"workHomeCommuteMedian":21192},"geometry":{"type":"Polygon","coordinates":[[[-106.20067571634333,31.66437650817169],[-106.20067571634333,31.673369711808935],[-106.19168251270608,31.673369711808935],[-106.19168251270608,31.66437650817169],[-106.20067571634333,31.66437650817169]]]}},{"type":"Feature","properties":{"jobs":430,"pop":402,"pointCount":2,"homeWorkCommuteMedian":23186,"workHomeCommuteMedian":19627},"geometry":{"type":"Polygon","coordinates":[[[-106.20067571634333,31.673369711808935],[-106.20067571634333,31.68236291544618],[-106.19168251270608,31.68236291544618],[-106.19168251270608,31.673369711808935],[-106.20067571634333,31.673369711808935]]]}},{"type":"Feature","properties":{"jobs":67,"pop":2167,"pointCount":2,"homeWorkCommuteMedian":25226,"workHomeCommuteMedian":22250},"geometry":{"type":"Polygon","coordinates":[[[-106.20067571634333,31.691356119083427],[-106.20067571634333,31.700349322720673],[-106.19168251270608,31.700349322720673],[-106.19168251270608,31.691356119083427],[-106.20067571634333,31.691356119083427]]]}},{"type":"Feature","properties":{"jobs":0,"pop":8,"pointCount":1,"homeWorkCommuteMedian":21427,"workHomeCommuteMedian":-1},"geometry":{"type":"Polygon","coordinates":[[[-106.20067571634333,31.718335729995164],[-106.20067571634333,31.72732893363241],[-106.19168251270608,31.72732893363241],[-106.19168251270608,31.718335729995164],[-106.20067571634333,31.718335729995164]]]}},{"type":"Feature","properties":{"jobs":184,"pop":130,"pointCount":1,"homeWorkCommuteMedian":27371,"workHomeCommuteMedian":25326},"geometry":{"type":"Polygon","coordinates":[[[-106.20067571634333,31.808267766367624],[-106.20067571634333,31.81726097000487],[-106.19168251270608,31.81726097000487],[-106.19168251270608,31.808267766367624],[-106.20067571634333,31.808267766367624]]]}},{"type":"Feature","properties":{"jobs":2,"pop":4,"pointCount":1,"homeWorkCommuteMedian":43990,"workHomeCommuteMedian":4316},"geometry":{"type":"Polygon","coordinates":[[[-106.20067571634333,31.84424058091661],[-106.20067571634333,31.853233784553854],[-106.19168251270608,31.853233784553854],[-106.19168251270608,31.84424058091661],[-106.20067571634333,31.84424058091661]]]}},{"type":"Feature","properties":{"jobs":22,"pop":33,"pointCount":1,"homeWorkCommuteMedian":32025,"workHomeCommuteMedian":27816},"geometry":{"type":"Polygon","coordinates":[[[-106.20067571634333,31.8622269881911],[-106.20067571634333,31.871220191828346],[-106.19168251270608,31.871220191828346],[-106.19168251270608,31.8622269881911],[-106.20067571634333,31.8622269881911]]]}},{"type":"Feature","properties":{"jobs":16,"pop":14,"pointCount":1,"homeWorkCommuteMedian":37564,"workHomeCommuteMedian":29245},"geometry":{"type":"Polygon","coordinates":[[[-106.20067571634333,31.871220191828346],[-106.20067571634333,31.880213395465592],[-106.19168251270608,31.880213395465592],[-106.19168251270608,31.871220191828346],[-106.20067571634333,31.871220191828346]]]}},{"type":"Feature","properties":{"jobs":9,"pop":28,"pointCount":1,"homeWorkCommuteMedian":33868,"workHomeCommuteMedian":40092},"geometry":{"type":"Polygon","coordinates":[[[-106.19168251270608,31.520485249975753],[-106.19168251270608,31.529478453613],[-106.18268930906883,31.529478453613],[-106.18268930906883,31.520485249975753],[-106.19168251270608,31.520485249975753]]]}},{"type":"Feature","properties":{"jobs":74,"pop":33,"pointCount":1,"homeWorkCommuteMedian":29795,"workHomeCommuteMedian":27248},"geometry":{"type":"Polygon","coordinates":[[[-106.19168251270608,31.54746486088749],[-106.19168251270608,31.556458064524737],[-106.18268930906883,31.556458064524737],[-106.18268930906883,31.54746486088749],[-106.19168251270608,31.54746486088749]]]}},{"type":"Feature","properties":{"jobs":5,"pop":6,"pointCount":1,"homeWorkCommuteMedian":27081,"workHomeCommuteMedian":18876},"geometry":{"type":"Polygon","coordinates":[[[-106.19168251270608,31.601424082710967],[-106.19168251270608,31.610417286348213],[-106.18268930906883,31.610417286348213],[-106.18268930906883,31.601424082710967],[-106.19168251270608,31.601424082710967]]]}},{"type":"Feature","properties":{"jobs":8,"pop":39,"pointCount":1,"homeWorkCommuteMedian":26901,"workHomeCommuteMedian":31374},"geometry":{"type":"Polygon","coordinates":[[[-106.19168251270608,31.61941048998546],[-106.19168251270608,31.628403693622705],[-106.18268930906883,31.628403693622705],[-106.18268930906883,31.61941048998546],[-106.19168251270608,31.61941048998546]]]}},{"type":"Feature","properties":{"jobs":21,"pop":1056,"pointCount":1,"homeWorkCommuteMedian":29020,"workHomeCommuteMedian":19338},"geometry":{"type":"Polygon","coordinates":[[[-106.19168251270608,31.655383304534443],[-106.19168251270608,31.66437650817169],[-106.18268930906883,31.66437650817169],[-106.18268930906883,31.655383304534443],[-106.19168251270608,31.655383304534443]]]}},{"type":"Feature","properties":{"jobs":40,"pop":2971,"pointCount":1,"homeWorkCommuteMedian":22266,"workHomeCommuteMedian":20976},"geometry":{"type":"Polygon","coordinates":[[[-106.19168251270608,31.66437650817169],[-106.19168251270608,31.673369711808935],[-106.18268930906883,31.673369711808935],[-106.18268930906883,31.66437650817169],[-106.19168251270608,31.66437650817169]]]}},{"type":"Feature","properties":{"jobs":239,"pop":1161,"pointCount":2,"homeWorkCommuteMedian":24099,"workHomeCommuteMedian":19017},"geometry":{"type":"Polygon","coordinates":[[[-106.19168251270608,31.673369711808935],[-106.19168251270608,31.68236291544618],[-106.18268930906883,31.68236291544618],[-106.18268930906883,31.673369711808935],[-106.19168251270608,31.673369711808935]]]}},{"type":"Feature","properties":{"jobs":143,"pop":176,"pointCount":1,"homeWorkCommuteMedian":29411,"workHomeCommuteMedian":22094},"geometry":{"type":"Polygon","coordinates":[[[-106.19168251270608,31.68236291544618],[-106.19168251270608,31.691356119083427],[-106.18268930906883,31.691356119083427],[-106.18268930906883,31.68236291544618],[-106.19168251270608,31.68236291544618]]]}},{"type":"Feature","properties":{"jobs":0,"pop":5,"pointCount":1,"homeWorkCommuteMedian":36603,"workHomeCommuteMedian":-1},"geometry":{"type":"Polygon","coordinates":[[[-106.19168251270608,31.77229495181864],[-106.19168251270608,31.781288155455886],[-106.18268930906883,31.781288155455886],[-106.18268930906883,31.77229495181864],[-106.19168251270608,31.77229495181864]]]}},{"type":"Feature","properties":{"jobs":193,"pop":227,"pointCount":1,"homeWorkCommuteMedian":23453,"workHomeCommuteMedian":26421},"geometry":{"type":"Polygon","coordinates":[[[-106.19168251270608,31.790281359093132],[-106.19168251270608,31.79927456273038],[-106.18268930906883,31.79927456273038],[-106.18268930906883,31.790281359093132],[-106.19168251270608,31.790281359093132]]]}},{"type":"Feature","properties":{"jobs":162,"pop":158,"pointCount":1,"homeWorkCommuteMedian":25948,"workHomeCommuteMedian":27536},"geometry":{"type":"Polygon","coordinates":[[[-106.19168251270608,31.81726097000487],[-106.19168251270608,31.826254173642116],[-106.18268930906883,31.826254173642116],[-106.18268930906883,31.81726097000487],[-106.19168251270608,31.81726097000487]]]}},{"type":"Feature","properties":{"jobs":65,"pop":29,"pointCount":1,"homeWorkCommuteMedian":27663,"workHomeCommuteMedian":27299},"geometry":{"type":"Polygon","coordinates":[[[-106.19168251270608,31.835247377279362],[-106.19168251270608,31.84424058091661],[-106.18268930906883,31.84424058091661],[-106.18268930906883,31.835247377279362],[-106.19168251270608,31.835247377279362]]]}},{"type":"Feature","properties":{"jobs":0,"pop":2,"pointCount":1,"homeWorkCommuteMedian":42410,"workHomeCommuteMedian":-1},"geometry":{"type":"Polygon","coordinates":[[[-106.18268930906883,31.50249884270126],[-106.18268930906883,31.511492046338507],[-106.17369610543159,31.511492046338507],[-106.17369610543159,31.50249884270126],[-106.18268930906883,31.50249884270126]]]}},{"type":"Feature","properties":{"jobs":6,"pop":105,"pointCount":1,"homeWorkCommuteMedian":30045,"workHomeCommuteMedian":23979},"geometry":{"type":"Polygon","coordinates":[[[-106.18268930906883,31.646390100897197],[-106.18268930906883,31.655383304534443],[-106.17369610543159,31.655383304534443],[-106.17369610543159,31.646390100897197],[-106.18268930906883,31.646390100897197]]]}},{"type":"Feature","properties":{"jobs":3069,"pop":1147,"pointCount":1,"homeWorkCommuteMedian":25245,"workHomeCommuteMedian":21359},"geometry":{"type":"Polygon","coordinates":[[[-106.18268930906883,31.691356119083427],[-106.18268930906883,31.700349322720673],[-106.17369610543159,31.700349322720673],[-106.17369610543159,31.691356119083427],[-106.18268930906883,31.691356119083427]]]}},{"type":"Feature","properties":{"jobs":2,"pop":1,"pointCount":1,"homeWorkCommuteMedian":18015,"workHomeCommuteMedian":23565},"geometry":{"type":"Polygon","coordinates":[[[-106.18268930906883,31.70934252635792],[-106.18268930906883,31.718335729995164],[-106.17369610543159,31.718335729995164],[-106.17369610543159,31.70934252635792],[-106.18268930906883,31.70934252635792]]]}},{"type":"Feature","properties":{"jobs":31,"pop":0,"pointCount":1,"homeWorkCommuteMedian":-1,"workHomeCommuteMedian":25754},"geometry":{"type":"Polygon","coordinates":[[[-106.18268930906883,31.745315340906902],[-106.18268930906883,31.75430854454415],[-106.17369610543159,31.75430854454415],[-106.17369610543159,31.745315340906902],[-106.18268930906883,31.745315340906902]]]}},{"type":"Feature","properties":{"jobs":30,"pop":727,"pointCount":1,"homeWorkCommuteMedian":23097,"workHomeCommuteMedian":17890},"geometry":{"type":"Polygon","coordinates":[[[-106.18268930906883,31.79927456273038],[-106.18268930906883,31.808267766367624],[-106.17369610543159,31.808267766367624],[-106.17369610543159,31.79927456273038],[-106.18268930906883,31.79927456273038]]]}},{"type":"Feature","properties":{"jobs":10,"pop":208,"pointCount":1,"homeWorkCommuteMedian":27452,"workHomeCommuteMedian":16703},"geometry":{"type":"Polygon","coordinates":[[[-106.18268930906883,31.84424058091661],[-106.18268930906883,31.853233784553854],[-106.17369610543159,31.853233784553854],[-106.17369610543159,31.84424058091661],[-106.18268930906883,31.84424058091661]]]}},{"type":"Feature","properties":{"jobs":24,"pop":251,"pointCount":1,"homeWorkCommuteMedian":26759,"workHomeCommuteMedian":25119},"geometry":{"type":"Polygon","coordinates":[[[-106.18268930906883,31.853233784553854],[-106.18268930906883,31.8622269881911],[-106.17369610543159,31.8622269881911],[-106.17369610543159,31.853233784553854],[-106.18268930906883,31.853233784553854]]]}},{"type":"Feature","properties":{"jobs":45,"pop":21,"pointCount":1,"homeWorkCommuteMedian":28198,"workHomeCommuteMedian":35903},"geometry":{"type":"Polygon","coordinates":[[[-106.18268930906883,31.871220191828346],[-106.18268930906883,31.880213395465592],[-106.17369610543159,31.880213395465592],[-106.17369610543159,31.871220191828346],[-106.18268930906883,31.871220191828346]]]}},{"type":"Feature","properties":{"jobs":5,"pop":71,"pointCount":1,"homeWorkCommuteMedian":44400,"workHomeCommuteMedian":35761},"geometry":{"type":"Polygon","coordinates":[[[-106.17369610543159,31.520485249975753],[-106.17369610543159,31.529478453613],[-106.16470290179434,31.529478453613],[-106.16470290179434,31.520485249975753],[-106.17369610543159,31.520485249975753]]]}},{"type":"Feature","properties":{"jobs":270,"pop":34,"pointCount":1,"homeWorkCommuteMedian":30715,"workHomeCommuteMedian":31371},"geometry":{"type":"Polygon","coordinates":[[[-106.17369610543159,31.54746486088749],[-106.17369610543159,31.556458064524737],[-106.16470290179434,31.556458064524737],[-106.16470290179434,31.54746486088749],[-106.17369610543159,31.54746486088749]]]}},{"type":"Feature","properties":{"jobs":0,"pop":2,"pointCount":1,"homeWorkCommuteMedian":33586,"workHomeCommuteMedian":-1},"geometry":{"type":"Polygon","coordinates":[[[-106.17369610543159,31.57444447179923],[-106.17369610543159,31.583437675436475],[-106.16470290179434,31.583437675436475],[-106.16470290179434,31.57444447179923],[-106.17369610543159,31.57444447179923]]]}},{"type":"Feature","properties":{"jobs":68,"pop":37,"pointCount":1,"homeWorkCommuteMedian":31154,"workHomeCommuteMedian":22066},"geometry":{"type":"Polygon","coordinates":[[[-106.17369610543159,31.61941048998546],[-106.17369610543159,31.628403693622705],[-106.16470290179434,31.628403693622705],[-106.16470290179434,31.61941048998546],[-106.17369610543159,31.61941048998546]]]}},{"type":"Feature","properties":{"jobs":1,"pop":1154,"pointCount":1,"homeWorkCommuteMedian":25546,"workHomeCommuteMedian":1680},"geometry":{"type":"Polygon","coordinates":[[[-106.17369610543159,31.66437650817169],[-106.17369610543159,31.673369711808935],[-106.16470290179434,31.673369711808935],[-106.16470290179434,31.66437650817169],[-106.17369610543159,31.66437650817169]]]}},{"type":"Feature","properties":{"jobs":249,"pop":1082,"pointCount":1,"homeWorkCommuteMedian":24695,"workHomeCommuteMedian":23168},"geometry":{"type":"Polygon","coordinates":[[[-106.17369610543159,31.79927456273038],[-106.17369610543159,31.808267766367624],[-106.16470290179434,31.808267766367624],[-106.16470290179434,31.79927456273038],[-106.17369610543159,31.79927456273038]]]}},{"type":"Feature","properties":{"jobs":94,"pop":327,"pointCount":1,"homeWorkCommuteMedian":24623,"workHomeCommuteMedian":31510},"geometry":{"type":"Polygon","coordinates":[[[-106.17369610543159,31.835247377279362],[-106.17369610543159,31.84424058091661],[-106.16470290179434,31.84424058091661],[-106.16470290179434,31.835247377279362],[-106.17369610543159,31.835247377279362]]]}},{"type":"Feature","properties":{"jobs":2,"pop":47,"pointCount":1,"homeWorkCommuteMedian":35032,"workHomeCommuteMedian":31438},"geometry":{"type":"Polygon","coordinates":[[[-106.17369610543159,31.8622269881911],[-106.17369610543159,31.871220191828346],[-106.16470290179434,31.871220191828346],[-106.16470290179434,31.8622269881911],[-106.17369610543159,31.8622269881911]]]}},{"type":"Feature","properties":{"jobs":217,"pop":102,"pointCount":1,"homeWorkCommuteMedian":45759,"workHomeCommuteMedian":33247},"geometry":{"type":"Polygon","coordinates":[[[-106.16470290179434,31.50249884270126],[-106.16470290179434,31.511492046338507],[-106.1557096981571,31.511492046338507],[-106.1557096981571,31.50249884270126],[-106.16470290179434,31.50249884270126]]]}},{"type":"Feature","properties":{"jobs":3,"pop":19,"pointCount":1,"homeWorkCommuteMedian":36661,"workHomeCommuteMedian":22074},"geometry":{"type":"Polygon","coordinates":[[[-106.16470290179434,31.646390100897197],[-106.16470290179434,31.655383304534443],[-106.1557096981571,31.655383304534443],[-106.1557096981571,31.646390100897197],[-106.16470290179434,31.646390100897197]]]}},{"type":"Feature","properties":{"jobs":31,"pop":168,"pointCount":1,"homeWorkCommuteMedian":24732,"workHomeCommuteMedian":23554},"geometry":{"type":"Polygon","coordinates":[[[-106.16470290179434,31.68236291544618],[-106.16470290179434,31.691356119083427],[-106.1557096981571,31.691356119083427],[-106.1557096981571,31.68236291544618],[-106.16470290179434,31.68236291544618]]]}},{"type":"Feature","properties":{"jobs":10,"pop":392,"pointCount":1,"homeWorkCommuteMedian":29857,"workHomeCommuteMedian":6338},"geometry":{"type":"Polygon","coordinates":[[[-106.16470290179434,31.79927456273038],[-106.16470290179434,31.808267766367624],[-106.1557096981571,31.808267766367624],[-106.1557096981571,31.79927456273038],[-106.16470290179434,31.79927456273038]]]}},{"type":"Feature","properties":{"jobs":189,"pop":758,"pointCount":1,"homeWorkCommuteMedian":24990,"workHomeCommuteMedian":26417},"geometry":{"type":"Polygon","coordinates":[[[-106.16470290179434,31.81726097000487],[-106.16470290179434,31.826254173642116],[-106.1557096981571,31.826254173642116],[-106.1557096981571,31.81726097000487],[-106.16470290179434,31.81726097000487]]]}},{"type":"Feature","properties":{"jobs":5,"pop":106,"pointCount":1,"homeWorkCommuteMedian":32621,"workHomeCommuteMedian":33248},"geometry":{"type":"Polygon","coordinates":[[[-106.16470290179434,31.853233784553854],[-106.16470290179434,31.8622269881911],[-106.1557096981571,31.8622269881911],[-106.1557096981571,31.853233784553854],[-106.16470290179434,31.853233784553854]]]}},{"type":"Feature","properties":{"jobs":0,"pop":0,"pointCount":1,"homeWorkCommuteMedian":-1,"workHomeCommuteMedian":-1},"geometry":{"type":"Polygon","coordinates":[[[-106.16470290179434,32.00611824638703],[-106.16470290179434,32.01511145002428],[-106.1557096981571,32.01511145002428],[-106.1557096981571,32.00611824638703],[-106.16470290179434,32.00611824638703]]]}},{"type":"Feature","properties":{"jobs":0,"pop":0,"pointCount":1,"homeWorkCommuteMedian":-1,"workHomeCommuteMedian":-1},"geometry":{"type":"Polygon","coordinates":[[[-106.16470290179434,32.03309785729877],[-106.16470290179434,32.042091060936016],[-106.1557096981571,32.042091060936016],[-106.1557096981571,32.03309785729877],[-106.16470290179434,32.03309785729877]]]}},{"type":"Feature","properties":{"jobs":330,"pop":731,"pointCount":2,"homeWorkCommuteMedian":38051,"workHomeCommuteMedian":34236},"geometry":{"type":"Polygon","coordinates":[[[-106.1557096981571,31.50249884270126],[-106.1557096981571,31.511492046338507],[-106.14671649451985,31.511492046338507],[-106.14671649451985,31.50249884270126],[-106.1557096981571,31.50249884270126]]]}},{"type":"Feature","properties":{"jobs":0,"pop":0,"pointCount":1,"homeWorkCommuteMedian":-1,"workHomeCommuteMedian":-1},"geometry":{"type":"Polygon","coordinates":[[[-106.1557096981571,31.538471657250245],[-106.1557096981571,31.54746486088749],[-106.14671649451985,31.54746486088749],[-106.14671649451985,31.538471657250245],[-106.1557096981571,31.538471657250245]]]}},{"type":"Feature","properties":{"jobs":0,"pop":3,"pointCount":1,"homeWorkCommuteMedian":26361,"workHomeCommuteMedian":-1},"geometry":{"type":"Polygon","coordinates":[[[-106.1557096981571,31.57444447179923],[-106.1557096981571,31.583437675436475],[-106.14671649451985,31.583437675436475],[-106.14671649451985,31.57444447179923],[-106.1557096981571,31.57444447179923]]]}},{"type":"Feature","properties":{"jobs":4,"pop":47,"pointCount":1,"homeWorkCommuteMedian":32640,"workHomeCommuteMedian":12582},"geometry":{"type":"Polygon","coordinates":[[[-106.1557096981571,31.601424082710967],[-106.1557096981571,31.610417286348213],[-106.14671649451985,31.610417286348213],[-106.14671649451985,31.601424082710967],[-106.1557096981571,31.601424082710967]]]}},{"type":"Feature","properties":{"jobs":13,"pop":151,"pointCount":1,"homeWorkCommuteMedian":27972,"workHomeCommuteMedian":28178},"geometry":{"type":"Polygon","coordinates":[[[-106.1557096981571,31.610417286348213],[-106.1557096981571,31.61941048998546],[-106.14671649451985,31.61941048998546],[-106.14671649451985,31.610417286348213],[-106.1557096981571,31.610417286348213]]]}},{"type":"Feature","properties":{"jobs":1,"pop":88,"pointCount":1,"homeWorkCommuteMedian":29773,"workHomeCommuteMedian":15187},"geometry":{"type":"Polygon","coordinates":[[[-106.1557096981571,31.63739689725995],[-106.1557096981571,31.646390100897197],[-106.14671649451985,31.646390100897197],[-106.14671649451985,31.63739689725995],[-106.1557096981571,31.63739689725995]]]}},{"type":"Feature","properties":{"jobs":2,"pop":328,"pointCount":1,"homeWorkCommuteMedian":25518,"workHomeCommuteMedian":58546},"geometry":{"type":"Polygon","coordinates":[[[-106.1557096981571,31.673369711808935],[-106.1557096981571,31.68236291544618],[-106.14671649451985,31.68236291544618],[-106.14671649451985,31.673369711808935],[-106.1557096981571,31.673369711808935]]]}},{"type":"Feature","properties":{"jobs":141,"pop":91,"pointCount":1,"homeWorkCommuteMedian":32595,"workHomeCommuteMedian":21357},"geometry":{"type":"Polygon","coordinates":[[[-106.1557096981571,31.68236291544618],[-106.1557096981571,31.691356119083427],[-106.14671649451985,31.691356119083427],[-106.14671649451985,31.68236291544618],[-106.1557096981571,31.68236291544618]]]}},{"type":"Feature","properties":{"jobs":0,"pop":0,"pointCount":1,"homeWorkCommuteMedian":-1,"workHomeCommuteMedian":-1},"geometry":{"type":"Polygon","coordinates":[[[-106.1557096981571,31.781288155455886],[-106.1557096981571,31.790281359093132],[-106.14671649451985,31.790281359093132],[-106.14671649451985,31.781288155455886],[-106.1557096981571,31.781288155455886]]]}},{"type":"Feature","properties":{"jobs":13,"pop":173,"pointCount":1,"homeWorkCommuteMedian":26420,"workHomeCommuteMedian":23852},"geometry":{"type":"Polygon","coordinates":[[[-106.1557096981571,31.826254173642116],[-106.1557096981571,31.835247377279362],[-106.14671649451985,31.835247377279362],[-106.14671649451985,31.826254173642116],[-106.1557096981571,31.826254173642116]]]}},{"type":"Feature","properties":{"jobs":32,"pop":120,"pointCount":1,"homeWorkCommuteMedian":27574,"workHomeCommuteMedian":36511},"geometry":{"type":"Polygon","coordinates":[[[-106.1557096981571,31.84424058091661],[-106.1557096981571,31.853233784553854],[-106.14671649451985,31.853233784553854],[-106.14671649451985,31.84424058091661],[-106.1557096981571,31.84424058091661]]]}},{"type":"Feature","properties":{"jobs":0,"pop":0,"pointCount":1,"homeWorkCommuteMedian":-1,"workHomeCommuteMedian":-1},"geometry":{"type":"Polygon","coordinates":[[[-106.1557096981571,31.880213395465592],[-106.1557096981571,31.889206599102838],[-106.14671649451985,31.889206599102838],[-106.14671649451985,31.880213395465592],[-106.1557096981571,31.880213395465592]]]}},{"type":"Feature","properties":{"jobs":446,"pop":506,"pointCount":1,"homeWorkCommuteMedian":40475,"workHomeCommuteMedian":36318},"geometry":{"type":"Polygon","coordinates":[[[-106.14671649451985,31.493505639064015],[-106.14671649451985,31.50249884270126],[-106.1377232908826,31.50249884270126],[-106.1377232908826,31.493505639064015],[-106.14671649451985,31.493505639064015]]]}},{"type":"Feature","properties":{"jobs":117,"pop":110,"pointCount":1,"homeWorkCommuteMedian":38529,"workHomeCommuteMedian":32193},"geometry":{"type":"Polygon","coordinates":[[[-106.14671649451985,31.50249884270126],[-106.14671649451985,31.511492046338507],[-106.1377232908826,31.511492046338507],[-106.1377232908826,31.50249884270126],[-106.14671649451985,31.50249884270126]]]}},{"type":"Feature","properties":{"jobs":106,"pop":94,"pointCount":1,"homeWorkCommuteMedian":31682,"workHomeCommuteMedian":23420},"geometry":{"type":"Polygon","coordinates":[[[-106.14671649451985,31.646390100897197],[-106.14671649451985,31.655383304534443],[-106.1377232908826,31.655383304534443],[-106.1377232908826,31.646390100897197],[-106.14671649451985,31.646390100897197]]]}},{"type":"Feature","properties":{"jobs":54,"pop":548,"pointCount":1,"homeWorkCommuteMedian":28209,"workHomeCommuteMedian":24957},"geometry":{"type":"Polygon","coordinates":[[[-106.14671649451985,31.655383304534443],[-106.14671649451985,31.66437650817169],[-106.1377232908826,31.66437650817169],[-106.1377232908826,31.655383304534443],[-106.14671649451985,31.655383304534443]]]}},{"type":"Feature","properties":{"jobs":37,"pop":60,"pointCount":1,"homeWorkCommuteMedian":26628,"workHomeCommuteMedian":29764},"geometry":{"type":"Polygon","coordinates":[[[-106.14671649451985,31.81726097000487],[-106.14671649451985,31.826254173642116],[-106.1377232908826,31.826254173642116],[-106.1377232908826,31.81726097000487],[-106.14671649451985,31.81726097000487]]]}},{"type":"Feature","properties":{"jobs":20,"pop":80,"pointCount":1,"homeWorkCommuteMedian":33031,"workHomeCommuteMedian":35076},"geometry":{"type":"Polygon","coordinates":[[[-106.14671649451985,31.8622269881911],[-106.14671649451985,31.871220191828346],[-106.1377232908826,31.871220191828346],[-106.1377232908826,31.8622269881911],[-106.14671649451985,31.8622269881911]]]}},{"type":"Feature","properties":{"jobs":0,"pop":0,"pointCount":1,"homeWorkCommuteMedian":-1,"workHomeCommuteMedian":-1},"geometry":{"type":"Polygon","coordinates":[[[-106.14671649451985,32.03309785729877],[-106.14671649451985,32.042091060936016],[-106.1377232908826,32.042091060936016],[-106.1377232908826,32.03309785729877],[-106.14671649451985,32.03309785729877]]]}},{"type":"Feature","properties":{"jobs":6,"pop":4,"pointCount":1,"homeWorkCommuteMedian":46287,"workHomeCommuteMedian":36548},"geometry":{"type":"Polygon","coordinates":[[[-106.1377232908826,31.511492046338507],[-106.1377232908826,31.520485249975753],[-106.12873008724536,31.520485249975753],[-106.12873008724536,31.511492046338507],[-106.1377232908826,31.511492046338507]]]}},{"type":"Feature","properties":{"jobs":0,"pop":0,"pointCount":1,"homeWorkCommuteMedian":-1,"workHomeCommuteMedian":-1},"geometry":{"type":"Polygon","coordinates":[[[-106.1377232908826,31.673369711808935],[-106.1377232908826,31.68236291544618],[-106.12873008724536,31.68236291544618],[-106.12873008724536,31.673369711808935],[-106.1377232908826,31.673369711808935]]]}},{"type":"Feature","properties":{"jobs":34,"pop":2,"pointCount":1,"homeWorkCommuteMedian":24986,"workHomeCommuteMedian":28236},"geometry":{"type":"Polygon","coordinates":[[[-106.1377232908826,31.700349322720673],[-106.1377232908826,31.70934252635792],[-106.12873008724536,31.70934252635792],[-106.12873008724536,31.700349322720673],[-106.1377232908826,31.700349322720673]]]}},{"type":"Feature","properties":{"jobs":0,"pop":13,"pointCount":1,"homeWorkCommuteMedian":31229,"workHomeCommuteMedian":-1},"geometry":{"type":"Polygon","coordinates":[[[-106.1377232908826,31.808267766367624],[-106.1377232908826,31.81726097000487],[-106.12873008724536,31.81726097000487],[-106.12873008724536,31.808267766367624],[-106.1377232908826,31.808267766367624]]]}},{"type":"Feature","properties":{"jobs":0,"pop":6,"pointCount":1,"homeWorkCommuteMedian":29509,"workHomeCommuteMedian":-1},"geometry":{"type":"Polygon","coordinates":[[[-106.1377232908826,31.871220191828346],[-106.1377232908826,31.880213395465592],[-106.12873008724536,31.880213395465592],[-106.12873008724536,31.871220191828346],[-106.1377232908826,31.871220191828346]]]}},{"type":"Feature","properties":{"jobs":0,"pop":0,"pointCount":1,"homeWorkCommuteMedian":-1,"workHomeCommuteMedian":-1},"geometry":{"type":"Polygon","coordinates":[[[-106.1377232908826,31.99712504274979],[-106.1377232908826,32.00611824638703],[-106.12873008724536,32.00611824638703],[-106.12873008724536,31.99712504274979],[-106.1377232908826,31.99712504274979]]]}}],"properties":{"residentWeightedNearestNeighborKm":{"p10":0.24868993442981613,"p25":0.2843208774575276,"p50":0.3362583248574298,"p75":0.47319186463232493,"p90":0.6979023698274132,"mean":0.4170991843324129},"workerWeightedNearestNeighborKm":{"p10":0.22838024913440055,"p25":0.27851107159791155,"p50":0.32463122076788664,"p75":0.42228117190920145,"p90":0.5693502510014204,"mean":0.3806327981023232},"commuteDistanceKm":{"p10":3076,"p25":6570,"p50":14278,"p75":25629,"p90":36014,"mean":17353.189022751154},"residentCellDensity":{"p10":32,"p25":207,"p50":809,"p75":1942,"p90":3727,"mean":1366.1641641641643},"workerCellDensity":{"p10":29,"p25":139,"p50":485,"p75":1494,"p90":3380,"mean":1321.6550048590866},"detail":{"radiusKm":0.3303936296175095,"expectedPointSpacingKm":0.6279185299046925,"normalizedRadius":0.5261727658644788,"activityPerPoint":481.75008824567595,"playableAreaKm2":2180,"playableAreaPerPointKm2":0.769502294387575,"playableCatchmentRadiusKm":0.4949143236406427,"localityScore":0.5683292441713549,"deaggregationScore":1,"score":0.7538761464400866},"polycentrism":{"activity":{"score":0.942212574352647,"continuousScore":0.719835834185957,"detectedCenterCount":2,"effectiveCenterCount":1.8907390573073077,"largestCenterShare":0.6201950764875095,"bandwidthKm":1.3,"reliabilityScore":1,"supportLevel":"high","usedFallback":false,"topCenters":[{"longitude":-106.43605729322306,"latitude":31.74545489962453,"massShare":0.6201950764875095,"assignedMass":1692882,"assignedPointCount":1727,"prominenceRatio":0.9999999999768191},{"longitude":-106.36375160768262,"latitude":31.622858072277744,"massShare":0.3798049235124905,"assignedMass":1036714,"assignedPointCount":1030,"prominenceRatio":1}],"debug":{"rawPeakCount":32,"mergedPeakCount":30,"filteredPeakCount":2,"prominenceThreshold":0.22,"minPointsPerCenter":10,"rejectedCenters":[{"longitude":-106.43039465123954,"latitude":31.738917661707017,"massShare":0.10015474817518782,"assignedMass":273382,"assignedPointCount":230,"prominenceRatio":0.99926489662799,"strongestCompetitorDistanceKm":4.985885223139015,"strongestCompetitorPotential":101253.66318876669,"localConsolidatedShare":0.10015474817518782,"localConsolidatedMass":273382,"localContributorCount":1,"localContributorDistancesKm":[],"rejectionReasons":["not_dominant_local_peak","too_close_for_low_share_center"]},{"longitude":-106.49779547345484,"latitude":31.743209234266285,"massShare":0.11582153549462998,"assignedMass":316146,"assignedPointCount":240,"prominenceRatio":0.9999998261893907,"strongestCompetitorDistanceKm":7.331183753730959,"strongestCompetitorPotential":101253.66318876669,"localConsolidatedShare":0.11582153549462998,"localConsolidatedMass":316146,"localContributorCount":1,"localContributorDistancesKm":[],"rejectionReasons":["not_dominant_local_peak","too_close_for_low_share_center"]},{"longitude":-106.4097509211825,"latitude":31.791184662615006,"massShare":0.04066865572780734,"assignedMass":111009,"assignedPointCount":98,"prominenceRatio":0.9999999999999997,"strongestCompetitorDistanceKm":11.110071621367503,"strongestCompetitorPotential":101253.66318876669,"localConsolidatedShare":0.04066865572780734,"localConsolidatedMass":111009,"localContributorCount":1,"localContributorDistancesKm":[],"rejectionReasons":["below_secondary_share_floor"]},{"longitude":-106.34290267861726,"latitude":31.753425967010795,"massShare":0.04994292195621623,"assignedMass":136324,"assignedPointCount":139,"prominenceRatio":0.9999999999999976,"strongestCompetitorDistanceKm":10.831517648653326,"strongestCompetitorPotential":101253.66318876669,"localConsolidatedShare":0.04994292195621623,"localConsolidatedMass":136324,"localContributorCount":1,"localContributorDistancesKm":[],"rejectionReasons":["below_secondary_share_floor"]},{"longitude":-106.26935970808576,"latitude":31.777337692768246,"massShare":0.03699668375832907,"assignedMass":100986,"assignedPointCount":109,"prominenceRatio":1,"strongestCompetitorDistanceKm":19.18094939645656,"strongestCompetitorPotential":101253.66318876669,"localConsolidatedShare":0.03699668375832907,"localConsolidatedMass":100986,"localContributorCount":1,"localContributorDistancesKm":[],"rejectionReasons":["below_secondary_share_floor"]},{"longitude":-106.53868561564146,"latitude":31.82828796535244,"massShare":0.02147570556228834,"assignedMass":58620,"assignedPointCount":79,"prominenceRatio":1,"strongestCompetitorDistanceKm":18.49600442173139,"strongestCompetitorPotential":101253.66318876669,"localConsolidatedShare":0.02147570556228834,"localConsolidatedMass":58620,"localContributorCount":1,"localContributorDistancesKm":[],"rejectionReasons":["below_secondary_share_floor"]},{"longitude":-106.24697886266213,"latitude":31.696820427021848,"massShare":0.03427466921844845,"assignedMass":93556,"assignedPointCount":107,"prominenceRatio":1,"strongestCompetitorDistanceKm":13.801484816592147,"strongestCompetitorPotential":121960.77024199167,"localConsolidatedShare":0.03427466921844845,"localConsolidatedMass":93556,"localContributorCount":1,"localContributorDistancesKm":[],"rejectionReasons":["below_secondary_share_floor"]},{"longitude":-106.55537501405688,"latitude":31.77295892133836,"massShare":0.010301158120102755,"assignedMass":28118,"assignedPointCount":33,"prominenceRatio":1,"strongestCompetitorDistanceKm":14.580832727294954,"strongestCompetitorPotential":101253.66318876669,"localConsolidatedShare":0.010301158120102755,"localConsolidatedMass":28118,"localContributorCount":1,"localContributorDistancesKm":[],"rejectionReasons":["below_secondary_share_floor"]},{"longitude":-106.57922494563698,"latitude":31.876326697883474,"massShare":0.0187324424566859,"assignedMass":51132,"assignedPointCount":72,"prominenceRatio":1,"strongestCompetitorDistanceKm":23.586873087721695,"strongestCompetitorPotential":101253.66318876669,"localConsolidatedShare":0.0187324424566859,"localConsolidatedMass":51132,"localContributorCount":1,"localContributorDistancesKm":[],"rejectionReasons":["below_secondary_share_floor"]},{"longitude":-106.4126668075958,"latitude":31.916250222674183,"massShare":0.015806002060378167,"assignedMass":43144,"assignedPointCount":54,"prominenceRatio":1,"strongestCompetitorDistanceKm":23.744620801739885,"strongestCompetitorPotential":101253.66318876669,"localConsolidatedShare":0.015806002060378167,"localConsolidatedMass":43144,"localContributorCount":1,"localContributorDistancesKm":[],"rejectionReasons":["below_secondary_share_floor"]},{"longitude":-106.43565066759642,"latitude":31.857179408503864,"massShare":0.009556725610676452,"assignedMass":26086,"assignedPointCount":34,"prominenceRatio":1,"strongestCompetitorDistanceKm":19.5673422833718,"strongestCompetitorPotential":101253.66318876669,"localConsolidatedShare":0.009556725610676452,"localConsolidatedMass":26086,"localContributorCount":1,"localContributorDistancesKm":[],"rejectionReasons":["below_secondary_share_floor"]},{"longitude":-106.30250284673566,"latitude":31.654040137334235,"massShare":0.0213775225344703,"assignedMass":58352,"assignedPointCount":76,"prominenceRatio":0.9999999999998331,"strongestCompetitorDistanceKm":10.380525702568164,"strongestCompetitorPotential":121960.77024199167,"localConsolidatedShare":0.0213775225344703,"localConsolidatedMass":58352,"localContributorCount":1,"localContributorDistancesKm":[],"rejectionReasons":["below_secondary_share_floor"]},{"longitude":-106.38471533528633,"latitude":31.529726091560846,"massShare":0.008344091946207425,"assignedMass":22776,"assignedPointCount":27,"prominenceRatio":1,"strongestCompetitorDistanceKm":14.805748588948578,"strongestCompetitorPotential":121960.77024199167,"localConsolidatedShare":0.008344091946207425,"localConsolidatedMass":22776,"localContributorCount":1,"localContributorDistancesKm":[],"rejectionReasons":["below_secondary_share_floor"]},{"longitude":-106.51378972328793,"latitude":31.60941633423891,"massShare":0.005416918840736871,"assignedMass":14786,"assignedPointCount":41,"prominenceRatio":1,"strongestCompetitorDistanceKm":12.973138724876483,"strongestCompetitorPotential":101253.66318876669,"localConsolidatedShare":0.005416918840736871,"localConsolidatedMass":14786,"localContributorCount":1,"localContributorDistancesKm":[],"rejectionReasons":["below_secondary_share_floor"]},{"longitude":-106.59076741916017,"latitude":31.960194385919976,"massShare":0.0023875328070527653,"assignedMass":6517,"assignedPointCount":16,"prominenceRatio":1,"strongestCompetitorDistanceKm":34.50525475256062,"strongestCompetitorPotential":101253.66318876669,"localConsolidatedShare":0.0023875328070527653,"localConsolidatedMass":6517,"localContributorCount":1,"localContributorDistancesKm":[],"rejectionReasons":["below_secondary_share_floor"]},{"longitude":-106.18583605475875,"latitude":31.811461115976783,"massShare":0.0037324204754110133,"assignedMass":10188,"assignedPointCount":30,"prominenceRatio":1,"strongestCompetitorDistanceKm":28.102010469916937,"strongestCompetitorPotential":101253.66318876669,"localConsolidatedShare":0.0037324204754110133,"localConsolidatedMass":10188,"localContributorCount":1,"localContributorDistancesKm":[],"rejectionReasons":["below_secondary_share_floor"]},{"longitude":-106.59735548650809,"latitude":32.00648536086178,"massShare":0.001558838743902028,"assignedMass":4255,"assignedPointCount":14,"prominenceRatio":1,"strongestCompetitorDistanceKm":38.11958873393357,"strongestCompetitorPotential":101253.66318876669,"localConsolidatedShare":0.001558838743902028,"localConsolidatedMass":4255,"localContributorCount":1,"localContributorDistancesKm":[],"rejectionReasons":["below_secondary_share_floor"]},{"longitude":-106.1516692493795,"latitude":31.50568848069167,"massShare":0.0009832956965060032,"assignedMass":2684,"assignedPointCount":9,"prominenceRatio":1,"strongestCompetitorDistanceKm":25.235049140464263,"strongestCompetitorPotential":121960.77024199167,"localConsolidatedShare":0.0009832956965060032,"localConsolidatedMass":2684,"localContributorCount":1,"localContributorDistancesKm":[],"rejectionReasons":["below_min_points_per_center"]},{"longitude":-106.32251789426678,"latitude":31.565974820481706,"massShare":0.015952910247523808,"assignedMass":43545,"assignedPointCount":53,"prominenceRatio":1,"strongestCompetitorDistanceKm":12.869027208454936,"strongestCompetitorPotential":121960.77024199167,"localConsolidatedShare":0.015952910247523808,"localConsolidatedMass":43545,"localContributorCount":1,"localContributorDistancesKm":[],"rejectionReasons":["below_secondary_share_floor"]},{"longitude":-106.34997279772148,"latitude":31.84688318692789,"massShare":0.0004802908562292735,"assignedMass":1311,"assignedPointCount":9,"prominenceRatio":1,"strongestCompetitorDistanceKm":19.247140122044815,"strongestCompetitorPotential":101253.66318876669,"localConsolidatedShare":0.0004802908562292735,"localConsolidatedMass":1311,"localContributorCount":1,"localContributorDistancesKm":[],"rejectionReasons":["below_min_points_per_center"]},{"longitude":-106.36176822987623,"latitude":32.006976829402426,"massShare":0.00048065721081068407,"assignedMass":1312,"assignedPointCount":11,"prominenceRatio":1,"strongestCompetitorDistanceKm":37.98288887416511,"strongestCompetitorPotential":101253.66318876669,"localConsolidatedShare":0.00048065721081068407,"localConsolidatedMass":1312,"localContributorCount":1,"localContributorDistancesKm":[],"rejectionReasons":["below_secondary_share_floor"]},{"longitude":-106.22908420411305,"latitude":31.554000071261086,"massShare":0.00036085926268942365,"assignedMass":985,"assignedPointCount":4,"prominenceRatio":1,"strongestCompetitorDistanceKm":17.4223865339955,"strongestCompetitorPotential":121960.77024199167,"localConsolidatedShare":0.00036085926268942365,"localConsolidatedMass":985,"localContributorCount":1,"localContributorDistancesKm":[],"rejectionReasons":["below_min_points_per_center"]},{"longitude":-106.1899676880578,"latitude":31.589978023182923,"massShare":0.0007363727086352706,"assignedMass":2010,"assignedPointCount":15,"prominenceRatio":1,"strongestCompetitorDistanceKm":21.651025943602434,"strongestCompetitorPotential":121960.77024199167,"localConsolidatedShare":0.0007363727086352706,"localConsolidatedMass":2010,"localContributorCount":1,"localContributorDistancesKm":[],"rejectionReasons":["below_secondary_share_floor"]},{"longitude":-106.41070846682044,"latitude":32.02577343286498,"massShare":0.000153502569611034,"assignedMass":419,"assignedPointCount":3,"prominenceRatio":1,"strongestCompetitorDistanceKm":37.82491652473176,"strongestCompetitorPotential":101253.66318876669,"localConsolidatedShare":0.000153502569611034,"localConsolidatedMass":419,"localContributorCount":1,"localContributorDistancesKm":[],"rejectionReasons":["below_min_points_per_center"]},{"longitude":-106.65296707310688,"latitude":31.9413114409538,"massShare":0.00008829145411995036,"assignedMass":241,"assignedPointCount":9,"prominenceRatio":1,"strongestCompetitorDistanceKm":35.550775115580024,"strongestCompetitorPotential":101253.66318876669,"localConsolidatedShare":0.00008829145411995036,"localConsolidatedMass":241,"localContributorCount":1,"localContributorDistancesKm":[],"rejectionReasons":["below_min_points_per_center"]},{"longitude":-106.6785224551331,"latitude":32.035056105473245,"massShare":0.00001538689241924446,"assignedMass":42,"assignedPointCount":3,"prominenceRatio":1,"strongestCompetitorDistanceKm":44.843894117092624,"strongestCompetitorPotential":101253.66318876669,"localConsolidatedShare":0.00001538689241924446,"localConsolidatedMass":42,"localContributorCount":1,"localContributorDistancesKm":[],"rejectionReasons":["below_min_points_per_center"]},{"longitude":-106.5291621,"latitude":31.9491855,"massShare":0.000003297191232695241,"assignedMass":9,"assignedPointCount":1,"prominenceRatio":1,"strongestCompetitorDistanceKm":29.91622717781081,"strongestCompetitorPotential":101253.66318876669,"localConsolidatedShare":0.000003297191232695241,"localConsolidatedMass":9,"localContributorCount":1,"localContributorDistancesKm":[],"rejectionReasons":["below_min_points_per_center"]},{"longitude":-106.6849941,"latitude":31.83687883,"massShare":0.0000073270916282116475,"assignedMass":20,"assignedPointCount":2,"prominenceRatio":1,"strongestCompetitorDistanceKm":25.242956875486314,"strongestCompetitorPotential":101253.66318876669,"localConsolidatedShare":0.0000073270916282116475,"localConsolidatedMass":20,"localContributorCount":1,"localContributorDistancesKm":[],"rejectionReasons":["below_min_points_per_center"]}]}}}}}
